63.59251022338867 61.48611068725586 63.05683135986328 62.36134338378906 60.23468780517578 62.02899169921875 64.73638153076172 62.330718994140625 
89.45462036132812 92.31980895996094 90.59606170654297 86.94367980957031 89.68985748291016 91.53520202636719 88.6275863647461 91.63763427734375 
63.931488037109375 60.67094421386719 62.63759994506836 62.07545471191406 63.77775955200195 62.1300163269043 63.94947052001953 61.77363204956055 
91.88333129882812 89.57823944091797 90.9826889038086 91.26172637939453 87.21564483642578 89.80579376220703 92.16067504882812 88.23795318603516 
63.659934997558594 65.33798217773438 62.26768112182617 62.702049255371094 62.797183990478516 61.84415817260742 62.262847900390625 63.774593353271484 
89.51113891601562 89.13980865478516 91.34371185302734 89.09478759765625 92.89321899414062 89.86262512207031 90.12156677246094 90.72860717773438 
63.20102310180664 62.86761474609375 62.20140838623047 63.98003387451172 62.94073486328125 62.94851303100586 62.69036865234375 60.92051315307617 
90.29510498046875 88.93103790283203 88.76617431640625 88.2844467163086 89.4533462524414 91.50259399414062 90.88444519042969 88.83446502685547 
64.24527740478516 63.0711669921875 63.02511978149414 61.71833419799805 62.3647346496582 64.85987091064453 62.797183990478516 63.260257720947266 
88.76099395751953 90.22502136230469 92.04752349853516 88.72463989257812 90.50991821289062 89.32230377197266 88.57539367675781 91.28025817871094 
63.33356857299805 62.988609313964844 64.00694274902344 63.69596862792969 62.36044692993164 62.573150634765625 62.81702423095703 63.17443084716797 
90.76067352294922 86.93724822998047 89.71651458740234 88.77587127685547 89.4625244140625 91.47596740722656 90.4109115600586 90.69366455078125 
64.921630859375 63.377567291259766 63.55433654785156 62.47600173950195 63.35075378417969 63.40304183959961 63.31430435180664 63.71692657470703 
89.92082977294922 90.06915283203125 91.3348159790039 88.40467071533203 92.92195129394531 89.75027465820312 89.39036560058594 90.73206329345703 
64.43904113769531 62.1545295715332 62.99772644042969 64.35810852050781 63.43622589111328 62.443199157714844 62.53948974609375 61.67814254760742 
90.81104278564453 90.6879653930664 90.56092834472656 90.0304946899414 91.3298568725586 90.35673522949219 90.44649505615234 92.32685089111328 
63.06230545043945 61.60723114013672 63.953887939453125 62.86751937866211 62.476478576660156 62.6058235168457 63.92649459838867 63.103328704833984 
90.70642852783203 92.66960144042969 91.87737274169922 87.314208984375 92.56793975830078 91.10896301269531 90.90348815917969 90.01881408691406 
65.79011535644531 61.777503967285156 61.81903839111328 62.86016082763672 62.24991989135742 61.85673522949219 62.92134475708008 63.05660629272461 
90.14585876464844 88.85686492919922 89.28406524658203 90.35501098632812 91.66889953613281 91.23612976074219 89.372802734375 89.50550079345703 
58.103519439697266 56.477535247802734 56.918880462646484 58.01270294189453 56.90390396118164 57.544063568115234 56.54761505126953 58.14921569824219 
58.379966735839844 57.16643142700195 58.76704025268555 56.231422424316406 57.13452911376953 58.09369659423828 56.19721603393555 58.41721725463867 
56.94236755371094 57.07548904418945 57.84291076660156 58.46422576904297 57.520225524902344 55.99971389770508 57.03763198852539 59.899009704589844 
58.91667175292969 58.196800231933594 56.98259353637695 57.00089645385742 57.3350715637207 59.371681213378906 57.32819366455078 56.8675537109375 
57.57289505004883 57.59183883666992 57.94713592529297 55.98716735839844 58.21392059326172 56.606048583984375 57.56288146972656 58.75084686279297 
57.43913650512695 57.10950469970703 58.26095962524414 56.25920104980469 58.15110397338867 56.799041748046875 58.13663864135742 59.7143669128418 
58.119808197021484 56.70841598510742 56.42620849609375 57.66643142700195 57.90806579589844 58.560062408447266 56.67824172973633 58.25798416137695 
58.0269775390625 56.566078186035156 56.63225555419922 57.957374572753906 56.635009765625 58.3504638671875 56.91222381591797 58.191776275634766 
58.26262283325195 57.54441452026367 56.47273635864258 57.001792907714844 56.67055892944336 59.108001708984375 56.966209411621094 57.92598342895508 
58.53200149536133 58.17881774902344 56.57299041748047 56.84435272216797 57.29487991333008 58.930782318115234 57.59747314453125 57.84908676147461 
94.17958068847656 93.27375793457031 93.75494384765625 92.94761657714844 94.63488006591797 92.60428619384766 93.20722961425781 94.96380615234375 
94.51363372802734 91.3287353515625 92.61724853515625 93.70089721679688 92.21858978271484 93.22857666015625 94.61465454101562 93.59008026123047 
93.68659210205078 92.20409393310547 92.89427185058594 90.51766204833984 94.35942077636719 93.13426971435547 92.967041015625 93.76758575439453 
94.23590087890625 92.87289428710938 93.09232330322266 93.96294403076172 94.38050842285156 95.13836669921875 92.0225601196289 98.99382019042969 
92.60431671142578 94.46701049804688 92.70563507080078 94.88742065429688 91.59069061279297 95.13187408447266 93.56153869628906 92.03526306152344 
92.21017456054688 96.98748779296875 95.49126434326172 93.8748779296875 94.20403289794922 94.53075408935547 92.38345336914062 96.46134185791016 
93.2608642578125 91.84909057617188 94.73580932617188 93.22943878173828 93.91417694091797 94.2745590209961 93.24995422363281 90.15055847167969 
92.58006286621094 94.28604888916016 93.07020568847656 92.99334716796875 96.8987808227539 91.95196533203125 93.18521881103516 91.11885070800781 
94.67552185058594 92.69789123535156 95.69331359863281 96.90652465820312 89.6827163696289 93.98947143554688 92.59580993652344 92.08464050292969 
92.19510650634766 94.50064086914062 94.95481872558594 93.1247329711914 94.65811157226562 94.5854721069336 91.90316772460938 94.15055847167969 
70.56700897216797 70.39705657958984 70.85852813720703 71.22390747070312 69.86016082763672 69.90179443359375 69.401123046875 68.94493103027344 
69.08029174804688 69.70658874511719 68.66067504882812 68.83055877685547 69.07142639160156 68.45648193359375 68.63302612304688 69.63075256347656 
68.71011352539062 68.26844787597656 68.43392181396484 67.23104095458984 68.66966247558594 69.05868530273438 69.08956909179688 69.36930847167969 
69.66015625 71.43106842041016 69.71308898925781 68.65977478027344 68.63811492919922 69.02214050292969 68.64669036865234 68.7999038696289 
69.24172973632812 69.368896484375 67.88700866699219 68.90198516845703 68.14704132080078 69.7817611694336 69.40198516845703 69.4876480102539 
68.37494659423828 67.96540832519531 68.24524688720703 68.85443115234375 69.05535888671875 69.11103820800781 68.23289489746094 69.6416015625 
69.28179168701172 69.9771499633789 68.84041595458984 68.80636596679688 68.8124771118164 68.65606689453125 68.4415054321289 69.2040023803711 
70.4315185546875 69.62928009033203 69.87884521484375 69.4912338256836 68.52486419677734 68.91590118408203 69.20333099365234 68.72569274902344 
68.63804626464844 68.24556732177734 69.62156677246094 69.73558044433594 69.29363250732422 70.15984344482422 68.72322845458984 68.84687805175781 
69.0692138671875 68.02630615234375 67.9118423461914 68.31593322753906 68.1397476196289 68.2861099243164 67.289794921875 68.54447937011719 
66.38396453857422 67.16515350341797 66.82556915283203 67.52333068847656 67.51155090332031 67.91180419921875 66.23814392089844 68.48326110839844 
65.72783660888672 67.6445083618164 68.03353881835938 67.83916473388672 68.17558288574219 68.07952117919922 67.78534698486328 66.65318298339844 
66.87747192382812 68.46236419677734 67.26131439208984 68.01558685302734 68.0684814453125 67.91248321533203 68.0502700805664 68.00243377685547 
66.25852966308594 67.82246398925781 67.64745330810547 67.42620849609375 67.4826889038086 67.09827423095703 67.03437042236328 66.82371520996094 
67.67485046386719 67.52230072021484 67.77289581298828 68.18476867675781 66.26166534423828 68.06877136230469 65.3565444946289 68.4669418334961 
66.14339447021484 68.11062622070312 66.50959777832031 68.01808166503906 67.83238220214844 67.6884765625 66.2550048828125 68.24227142333984 
68.05574035644531 68.3543701171875 68.2973403930664 66.906494140625 68.19296264648438 68.49091339111328 68.04668426513672 69.4438705444336 
67.2010269165039 68.1744613647461 66.9566421508789 68.61366271972656 66.283935546875 68.45625305175781 67.87481689453125 67.58204650878906 
66.6082534790039 68.68086242675781 67.0271987915039 67.20320129394531 68.02243041992188 68.10819244384766 67.83433532714844 68.26547241210938 
66.19551849365234 67.03775787353516 66.69929504394531 66.69699096679688 66.52220916748047 65.69529724121094 66.6600341796875 66.9483871459961 
39.73855972290039 39.71833419799805 39.805633544921875 39.97270584106445 39.9664306640625 40.023712158203125 40.04191970825195 39.70182418823242 
40.29539108276367 39.95030212402344 39.97792053222656 39.948638916015625 39.72895812988281 39.770721435546875 39.887550354003906 40.30611038208008 
39.123809814453125 39.969886779785156 40.09622573852539 39.41334533691406 40.138526916503906 39.543617248535156 40.38361740112305 40.51084899902344 
40.1844482421875 39.84163284301758 39.94230270385742 40.26841735839844 40.17049789428711 39.24211120605469 40.13052749633789 40.17433547973633 
39.85724639892578 40.10438537597656 39.91926574707031 39.144927978515625 39.16499328613281 40.28364944458008 40.43449783325195 40.14633560180664 
39.23299026489258 40.028480529785156 39.2652473449707 40.067649841308594 40.1844482421875 40.23459243774414 40.283199310302734 39.202430725097656 
42.571807861328125 39.7606086730957 39.613311767578125 39.6954231262207 39.88304138183594 39.63654327392578 39.940673828125 39.96857452392578 
40.065025329589844 39.56470489501953 40.009727478027344 39.9804801940918 40.41196823120117 40.29305648803711 40.38409423828125 39.500030517578125 
40.56886291503906 39.28675079345703 40.542720794677734 40.61385726928711 40.50553512573242 40.18425750732422 39.36511993408203 40.398048400878906 
40.38479995727539 39.857662200927734 39.72614288330078 39.66748809814453 40.07651138305664 40.04441452026367 39.65398406982422 39.72022247314453 
78.62905883789062 79.26380920410156 80.73664093017578 81.1203842163086 82.35337829589844 78.23929595947266 80.3605728149414 81.30659484863281 
80.48863983154297 80.18729400634766 80.89017486572266 81.03084564208984 80.95289611816406 79.8328628540039 81.27887725830078 81.78323364257812 
80.17513275146484 81.40946960449219 80.0459213256836 78.93936157226562 77.81788635253906 80.88655853271484 79.90656280517578 81.96521759033203 
80.9714584350586 81.9949722290039 79.5453109741211 79.32367706298828 79.37305450439453 80.46803283691406 80.68073272705078 82.89507293701172 
80.4974365234375 79.94710540771484 81.47798156738281 80.53250885009766 80.34486389160156 80.87356567382812 81.20921325683594 79.47532653808594 
80.78015899658203 80.87427520751953 79.37484741210938 80.21817779541016 81.89376068115234 78.96358489990234 81.85199737548828 82.24607849121094 
80.1673583984375 79.47334289550781 81.36300659179688 82.4644775390625 79.89020538330078 78.16985321044922 80.79993438720703 80.72736358642578 
79.24092864990234 80.84413146972656 80.82975769042969 79.90636444091797 80.78067016601562 80.16345977783203 78.22489929199219 82.58329772949219 
80.70806121826172 78.92594909667969 81.54863739013672 80.04585266113281 79.16031646728516 81.42908477783203 82.97273254394531 79.73318481445312 
80.7514877319336 81.82457733154297 80.32572937011719 81.34317016601562 79.84770965576172 79.89724731445312 81.81779479980469 82.51283264160156 
111.90025329589844 113.65760040283203 111.17772674560547 110.51331329345703 114.73260498046875 111.58918762207031 114.13849639892578 112.6723861694336 
111.03919982910156 112.80274963378906 112.28758239746094 111.80825805664062 113.0926742553711 111.80854034423828 113.42208099365234 114.42655944824219 
112.29606628417969 112.43504333496094 110.66460418701172 112.4023666381836 114.24800109863281 113.36051177978516 111.20909118652344 113.41289520263672 
111.29657745361328 111.27571105957031 114.39990234375 114.82112121582031 111.610595703125 113.08515167236328 112.3338851928711 112.74588775634766 
113.19833374023438 112.99641418457031 113.3617935180664 109.49260711669922 113.55014038085938 112.78998565673828 112.45161437988281 114.58643341064453 
111.87382507324219 115.5492172241211 114.71520233154297 112.18777465820312 115.04547119140625 113.07350158691406 114.62598419189453 114.54096221923828 
113.1792984008789 115.09110260009766 110.1421127319336 117.26502227783203 115.1317138671875 111.99906921386719 119.33551788330078 113.34595489501953 
113.31938934326172 119.60636901855469 112.66732788085938 115.48287963867188 114.88473510742188 112.87459564208984 113.1879653930664 112.85609436035156 
111.71702575683594 114.85199737548828 111.81571197509766 118.60476684570312 115.11100769042969 110.41267395019531 112.8071060180664 113.01513671875 
113.65654754638672 113.6783676147461 116.05814361572266 116.51542663574219 114.07974243164062 112.97782135009766 115.6275863647461 112.43968200683594 
109.19401550292969 109.37843322753906 110.90306854248047 108.55203247070312 111.16393280029297 113.7171859741211 109.69638061523438 107.18592071533203 
108.69251251220703 107.95033264160156 111.03132629394531 110.73165130615234 110.7864990234375 109.0199966430664 109.74803161621094 110.49635314941406 
110.2132797241211 110.87974548339844 109.22566223144531 108.75334167480469 110.31478118896484 110.5283203125 108.38066864013672 109.48799896240234 
108.12764739990234 108.7679672241211 108.80470275878906 114.2044448852539 110.77507019042969 109.44576263427734 108.58108520507812 107.38674926757812 
108.86758422851562 108.82118225097656 110.69709014892578 109.86841583251953 109.93590545654297 108.40557098388672 113.76290893554688 110.37133026123047 
109.19465637207031 108.81251525878906 109.04057312011719 113.06355285644531 110.48937225341797 109.43135833740234 109.13571166992188 108.90076446533203 
108.2918701171875 109.45065307617188 109.58025360107422 107.05107116699219 107.60582733154297 113.47894287109375 110.77565002441406 111.32086181640625 
111.5072021484375 106.03884887695312 110.87983703613281 107.17826843261719 113.32262420654297 108.91356658935547 110.36930847167969 108.8017578125 
109.4702377319336 110.47411346435547 108.34355163574219 110.0456314086914 109.21250915527344 109.83155059814453 108.7739486694336 110.9131851196289 
108.10063934326172 109.31155395507812 108.63129425048828 107.48323059082031 113.21190643310547 110.93055725097656 107.60867309570312 109.07484436035156 
76.69261169433594 74.6671371459961 76.1114273071289 75.03504180908203 76.17155456542969 76.50601959228516 75.19500732421875 76.565185546875 
76.46937561035156 74.27645111083984 75.68022155761719 75.5164794921875 76.20515441894531 75.53788757324219 76.55907440185547 77.775390625 
76.9755859375 75.82310485839844 74.75872039794922 74.13948822021484 74.85379028320312 76.8116455078125 75.28953552246094 74.30300903320312 
75.07849884033203 75.6517105102539 74.86399841308594 74.90460968017578 76.1324462890625 74.6219482421875 77.36924743652344 74.52079772949219 
74.57315063476562 75.06147003173828 76.3974380493164 75.9224624633789 74.7266845703125 71.79942321777344 75.93206024169922 75.64569854736328 
73.42803192138672 75.17833709716797 73.74825286865234 74.891357421875 73.71769714355469 75.5426254272461 76.70982360839844 74.43958282470703 
73.84909057617188 76.74793243408203 75.69174194335938 74.36994934082031 75.4972152709961 76.25238037109375 76.38972473144531 75.28704071044922 
75.08467102050781 72.92269134521484 76.29280090332031 74.3768310546875 75.48563385009766 75.14403533935547 77.11373138427734 75.2251205444336 
74.24988555908203 75.08306884765625 75.06492614746094 73.32195281982422 75.98992156982422 74.49177551269531 77.75590515136719 75.87625885009766 
74.03878021240234 74.785888671875 75.41900634765625 75.33545684814453 76.09613037109375 75.18399810791016 77.30860900878906 74.97334289550781 
79.08489227294922 172.77503967285156 187.60009765625 187.5992889404297 191.38406372070312 187.5417938232422 192.29644775390625 187.08294677734375 
80.67938995361328 179.02835083007812 187.5860137939453 187.58534240722656 187.31298828125 187.6096954345703 187.6379852294922 187.5478057861328 
78.16000366210938 170.64515686035156 187.44662475585938 187.5517120361328 187.4517364501953 187.54925537109375 188.20895385742188 187.03187561035156 
79.76306915283203 175.78306579589844 187.4324493408203 187.5004119873047 187.36233520507812 187.65472412109375 195.6405792236328 187.10198974609375 
78.53327941894531 167.48838806152344 187.57740783691406 187.66525268554688 187.45916748046875 187.60330200195312 188.1049346923828 187.60263061523438 
79.26300811767578 179.84474182128906 187.52041625976562 187.59263610839844 183.4330596923828 187.64915466308594 188.28143310546875 187.53904724121094 
80.34751892089844 172.9239044189453 186.75830078125 191.5160369873047 187.38735961914062 187.62535095214844 188.13754272460938 191.54464721679688 
78.72809600830078 180.12527465820312 187.5682830810547 175.6414031982422 187.47792053222656 187.5758056640625 187.5626220703125 187.57020568847656 
79.1824951171875 170.96441650390625 187.5877685546875 179.68243408203125 191.57040405273438 187.53919982910156 188.07122802734375 187.5522918701172 
79.01705932617188 179.7612762451172 187.53126525878906 187.46713256835938 189.35305786132812 183.54339599609375 187.53085327148438 187.53836059570312 
63.88924789428711 64.38396453857422 62.127296447753906 65.8887710571289 66.80806732177734 65.48054504394531 63.618465423583984 65.73811340332031 
63.49919891357422 63.39276885986328 63.220767974853516 64.3289566040039 64.63590240478516 62.991455078125 63.9205436706543 63.982078552246094 
64.65679931640625 63.62220764160156 65.7264633178711 64.93609619140625 63.511775970458984 64.55177307128906 65.15996551513672 65.30655670166016 
63.6616325378418 64.59677124023438 63.98057556152344 63.480064392089844 64.50972747802734 64.17903900146484 63.794654846191406 65.43730926513672 
65.49030303955078 62.63788986206055 64.64588928222656 66.50812530517578 63.043968200683594 63.64534378051758 65.17298889160156 65.80540466308594 
64.32015991210938 63.0599365234375 62.2446403503418 65.5643539428711 64.58611297607422 63.681983947753906 65.31654357910156 65.12777709960938 
63.91068649291992 64.09750366210938 63.24931335449219 63.69462585449219 65.5917739868164 64.4518051147461 63.87376022338867 65.83602905273438 
63.44569778442383 63.70783996582031 63.9202880859375 62.585697174072266 64.69696044921875 66.42979431152344 65.43523406982422 64.45625305175781 
63.521888732910156 62.52537536621094 64.24332427978516 62.706111907958984 64.7982406616211 65.93389129638672 65.17314910888672 63.95177459716797 
64.07292938232422 64.2364501953125 62.254302978515625 65.25260925292969 65.39177703857422 62.892478942871094 64.0650863647461 65.46806335449219 
70.17708587646484 69.22860717773438 69.96604919433594 69.44131469726562 69.45283508300781 68.48429107666016 71.25580596923828 68.75190734863281 
68.75638580322266 69.2590103149414 68.51849365234375 67.70127868652344 68.69920349121094 68.57593536376953 67.73004913330078 68.81827545166016 
67.4306869506836 68.3410873413086 69.22201538085938 66.5732192993164 69.68879699707031 68.36339569091797 68.93218994140625 70.50582122802734 
69.75263977050781 69.70716857910156 68.54492950439453 70.1196517944336 69.32953643798828 68.47948455810547 70.18307495117188 69.55741119384766 
69.53695678710938 68.39977264404297 69.65567779541016 69.22112274169922 70.1137924194336 68.91129302978516 69.0844497680664 70.02931213378906 
68.16678619384766 68.99113464355469 68.8127670288086 69.72988891601562 69.05257415771484 69.52153778076172 69.02460479736328 70.29698944091797 
68.0498275756836 68.7103042602539 67.50950622558594 70.37561798095703 70.2861099243164 70.25955200195312 69.61228942871094 69.6957778930664 
68.97650909423828 67.4250259399414 68.82899475097656 68.9419174194336 69.07494354248047 69.18374633789062 70.0827865600586 70.5416030883789 
70.19379425048828 70.29251098632812 70.41254425048828 69.07987213134766 68.35295867919922 68.45136260986328 68.12413024902344 69.00685119628906 
67.85100555419922 68.66761779785156 67.82649230957031 69.0606689453125 69.12748718261719 70.23820495605469 69.9112319946289 71.36985778808594 
47.83622360229492 45.14543914794922 46.261024475097656 46.9431037902832 47.07148742675781 46.81049728393555 47.11248016357422 47.023040771484375 
47.47817611694336 46.320926666259766 45.97568130493164 47.482303619384766 45.86310577392578 47.63974380493164 45.63865661621094 47.48249435424805 
47.057857513427734 47.367584228515625 46.26240158081055 46.708961486816406 46.16432189941406 47.56150436401367 45.89100646972656 47.229759216308594 
46.951168060302734 47.12480163574219 46.901790618896484 47.419105529785156 46.44451141357422 47.34489440917969 46.42099380493164 47.347198486328125 
47.864192962646484 47.3612174987793 45.35945510864258 46.7825927734375 46.549312591552734 47.73139190673828 45.942081451416016 46.16239929199219 
49.24943923950195 46.221153259277344 47.2086067199707 46.4251823425293 47.115135192871094 46.231040954589844 47.52524948120117 46.60297775268555 
47.897823333740234 45.53500747680664 46.04617691040039 46.242591857910156 47.23481750488281 46.1662712097168 47.62015914916992 46.20982360839844 
47.40483093261719 45.10899353027344 47.345088958740234 45.80307388305664 47.76457595825195 46.19558334350586 47.718177795410156 46.1723518371582 
46.71958541870117 47.31660842895508 45.80160140991211 47.18159866333008 46.14409637451172 47.215614318847656 46.07651138305664 47.609249114990234 
46.58310317993164 46.74470520019531 45.774593353271484 47.469886779785156 45.98294448852539 46.551937103271484 46.746849060058594 46.643550872802734 
80.06626892089844 77.57539367675781 81.84044647216797 96.43993377685547 219.18826293945312 243.2775421142578 219.28982543945312 207.2744598388672 
78.40380859375 80.95254516601562 76.91014099121094 95.87052917480469 223.2169952392578 243.24266052246094 207.29107666015625 215.75299072265625 
78.3786849975586 79.99606323242188 79.87648010253906 94.77490997314453 219.2731170654297 235.2244110107422 223.28460693359375 219.28665161132812 
80.56089782714844 79.01497650146484 79.321533203125 99.109375 211.15093994140625 231.23788452148438 239.28892517089844 251.27903747558594 
78.42118072509766 77.92765045166016 80.23158264160156 95.68585968017578 219.259521484375 211.10025024414062 151.68031311035156 195.14813232421875 
79.5195541381836 78.21353912353516 77.02127838134766 93.32307434082031 215.37008666992188 215.22186279296875 175.5603790283203 179.25596618652344 
80.61996459960938 80.52220916748047 79.5880355834961 96.4776611328125 215.42588806152344 207.29017639160156 195.1883544921875 179.2481231689453 
80.75737762451172 79.02547454833984 80.4747543334961 103.1924819946289 223.5564727783203 243.3401641845703 211.23056030273438 195.8441619873047 
80.74626922607422 80.16252899169922 77.81298828125 104.21961975097656 211.3111114501953 219.17552185058594 235.29171752929688 207.74960327148438 
79.32463836669922 78.43478393554688 80.88521575927734 104.84226989746094 219.2824249267578 239.17788696289062 219.26048278808594 175.2440948486328 
91.57804870605469 90.37222290039062 86.76563262939453 90.42658996582031 89.34259033203125 95.88009643554688 90.17298889160156 93.92205047607422 
90.96876525878906 90.64611053466797 90.58441925048828 90.37840270996094 89.04496002197266 93.65155029296875 88.43913269042969 88.7410888671875 
89.4863052368164 90.62834930419922 88.23939514160156 91.93561553955078 90.88127899169922 92.85250854492188 90.40326690673828 88.3638687133789 
88.16710662841797 90.27526092529297 88.85916900634766 91.95942687988281 86.74531555175781 90.12226867675781 92.76080322265625 88.87635040283203 
90.17453002929688 89.20233917236328 88.77088165283203 92.12572479248047 93.0321273803711 92.39952087402344 90.30140686035156 91.28451538085938 
90.30131530761719 89.34524536132812 90.51641845703125 88.92495727539062 88.12147521972656 92.76892852783203 89.19091033935547 90.9004135131836 
90.1903076171875 90.10009765625 91.17699432373047 90.43961334228516 85.99507141113281 91.84998321533203 91.26032257080078 90.09600067138672 
90.61599731445312 89.04271697998047 91.6846694946289 90.51516723632812 91.53488159179688 88.23107147216797 88.44854736328125 91.88162994384766 
90.29007720947266 87.72089385986328 92.31916809082031 89.74966430664062 91.71891021728516 90.40799713134766 87.07218933105469 92.38304138183594 
89.4716796875 91.4721908569336 89.27366638183594 89.61436462402344 90.33827209472656 91.29017639160156 91.15491485595703 88.74569702148438 
117.25337219238281 120.37427520751953 121.99954986572266 115.74729919433594 123.5742416381836 117.58780670166016 115.61203002929688 121.45622253417969 
119.34146881103516 116.58175659179688 119.09961700439453 116.39766693115234 119.22393798828125 119.17955017089844 121.43270111083984 118.5937271118164 
118.52092742919922 119.39715576171875 120.6822738647461 120.16729736328125 118.07453155517578 119.54621124267578 120.02137756347656 117.263427734375 
118.70793914794922 118.98694610595703 118.96435546875 123.13516998291016 116.14643096923828 121.98201751708984 119.23187255859375 115.76588439941406 
117.8614730834961 118.74908447265625 117.42147064208984 124.71952056884766 118.90287780761719 119.5869140625 121.04902648925781 119.37030029296875 
118.81852722167969 118.3466567993164 121.86914825439453 118.49302673339844 118.31613159179688 118.66809844970703 125.10435485839844 120.51641845703125 
120.33197021484375 116.23619079589844 118.28431701660156 116.04649353027344 119.52722930908203 118.99718475341797 120.23280334472656 118.31593322753906 
119.16547393798828 118.74205017089844 123.81619262695312 118.59430694580078 116.65340423583984 122.8694076538086 115.39920043945312 120.49919891357422 
117.87036895751953 120.46466827392578 116.58633422851562 119.09136199951172 120.51859283447266 120.77693176269531 119.69625854492188 116.45616149902344 
117.64656066894531 119.81484985351562 120.71804809570312 118.46614074707031 121.50653076171875 118.60320281982422 122.34652709960938 121.41651153564453 
97.9401626586914 97.71340942382812 99.25606536865234 99.73385620117188 99.27069091796875 100.09056091308594 98.90995025634766 100.3166732788086 
98.32246398925781 99.70345306396484 99.93465423583984 99.69193267822266 100.40153503417969 99.68656158447266 100.5232925415039 100.09391784667969 
98.80127716064453 99.54188537597656 98.674560546875 99.29872131347656 100.54678344726562 100.16508483886719 100.26112365722656 100.27792358398438 
99.68406677246094 100.64224243164062 100.40003204345703 100.64982604980469 99.44889831542969 100.46288299560547 99.4629135131836 100.06348419189453 
100.62934112548828 100.89241790771484 97.01974487304688 98.63916778564453 100.24380493164062 99.11392211914062 100.58704376220703 99.42848205566406 
100.44172668457031 100.712158203125 100.529052734375 101.95625305175781 99.72547149658203 101.92979431152344 99.29341125488281 101.19622039794922 
99.22589111328125 99.6416015625 100.68844604492188 99.90306854248047 99.44841766357422 99.32096099853516 99.01331329345703 100.80723571777344 
99.72259521484375 99.7558364868164 97.11641693115234 99.92310333251953 99.50048065185547 99.6075210571289 100.2930908203125 98.3232650756836 
99.9362564086914 102.00118255615234 100.36524963378906 102.2496337890625 100.02886199951172 100.22294616699219 100.36764526367188 100.56425476074219 
99.10678100585938 98.94873809814453 99.2968978881836 99.94879913330078 98.48860931396484 99.64851379394531 97.29529571533203 97.79615783691406 
59.04115295410156 57.5533447265625 56.67552185058594 57.415584564208984 57.90016174316406 58.936161041259766 58.30809783935547 57.73235321044922 
57.77644729614258 56.880767822265625 57.774017333984375 58.52735900878906 56.37782287597656 56.65311813354492 56.96166229248047 58.743614196777344 
56.40028762817383 56.3642578125 57.666751861572266 58.01932907104492 58.96636962890625 56.82262420654297 57.81379318237305 59.54191970825195 
57.37295913696289 56.410526275634766 57.69331359863281 57.5909423828125 57.60822296142578 58.409088134765625 57.579681396484375 58.50009536743164 
59.21564865112305 57.248321533203125 56.29484939575195 58.109825134277344 58.44879913330078 57.94841766357422 57.6196174621582 58.553184509277344 
57.99398422241211 56.66022491455078 56.55641555786133 57.06300735473633 57.50249481201172 59.950111389160156 58.54393768310547 57.30710220336914 
59.021568298339844 58.465087890625 56.00028610229492 57.17087936401367 57.02550506591797 57.8331184387207 58.45814514160156 59.38719940185547 
57.61996841430664 57.491615295410156 59.673152923583984 57.169246673583984 56.407936096191406 56.75641632080078 58.021568298339844 58.87433624267578 
59.653953552246094 57.16614532470703 58.80723190307617 57.97792053222656 57.330753326416016 56.54073715209961 56.75542449951172 59.10259246826172 
57.82374572753906 56.72060775756836 57.19366455078125 58.24796676635742 57.31782531738281 58.24076843261719 57.27088165283203 58.817054748535156 
40.21113586425781 40.33235168457031 40.69228744506836 40.96345520019531 40.84950256347656 40.20329666137695 41.975807189941406 41.25251388549805 
40.46467208862305 40.48332977294922 40.70060729980469 41.12044906616211 40.86003112792969 41.241249084472656 40.03395080566406 41.03171157836914 
41.5456657409668 41.138240814208984 41.20828628540039 40.306880950927734 41.3487663269043 40.34316635131836 41.08931350708008 40.47129440307617 
41.16169738769531 40.871070861816406 39.89360046386719 40.818817138671875 40.76393508911133 40.81203079223633 39.720703125 39.806270599365234 
40.846527099609375 39.7270393371582 40.7828483581543 40.93088150024414 41.06345748901367 40.31123352050781 39.85968017578125 40.645694732666016 
41.163455963134766 40.9150390625 41.503326416015625 41.53628921508789 40.71324920654297 39.74758529663086 39.911136627197266 39.66364669799805 
40.70025634765625 40.348480224609375 40.91843032836914 40.93084716796875 40.93619155883789 41.430782318115234 41.43427276611328 41.03395080566406 
41.40777587890625 40.94015884399414 41.10313415527344 40.65740966796875 40.9854736328125 40.03535842895508 41.09622573852539 40.5880012512207 
40.214111328125 40.773536682128906 40.938785552978516 40.877601623535156 40.64585494995117 41.14527893066406 41.094398498535156 40.347999572753906 
40.17091369628906 40.393280029296875 40.79158401489258 41.120033264160156 40.81449508666992 41.11830520629883 39.70278549194336 40.899009704589844 
66.5666275024414 63.851646423339844 65.07676696777344 66.35874938964844 67.62822723388672 67.41043090820312 64.55939483642578 64.33184051513672 
66.99263763427734 66.22358703613281 65.16191864013672 63.81475067138672 65.67430114746094 65.59455871582031 66.83033752441406 66.11465454101562 
67.68863677978516 65.71507263183594 62.04719924926758 66.11638641357422 65.72627258300781 68.1316146850586 67.05337524414062 67.0284194946289 
67.41942596435547 64.31657409667969 65.85215759277344 66.81836700439453 65.53215789794922 65.27238464355469 66.81346893310547 66.3544921875 
66.81520080566406 64.39971160888672 66.80374145507812 66.02857971191406 64.72064208984375 67.23270416259766 65.43769836425781 64.96876525878906 
66.75081634521484 68.0752944946289 67.6976318359375 66.05833435058594 65.95516967773438 66.99177551269531 65.88166046142578 64.78502655029297 
65.56396484375 66.52041625976562 66.24185943603516 64.86991882324219 66.50188446044922 67.70585632324219 65.62153625488281 64.81462097167969 
66.29686737060547 65.22227478027344 65.76748657226562 65.59200286865234 68.67625427246094 68.18307495117188 65.97583770751953 65.40115356445312 
65.07350158691406 63.9752311706543 65.85558319091797 64.74198150634766 67.11929321289062 67.71961975097656 65.7807388305664 64.3852767944336 
66.56396484375 65.96880340576172 64.6099853515625 63.4126091003418 65.5947494506836 65.96473693847656 67.87983703613281 66.86595153808594 
117.1429443359375 118.8704605102539 116.9769287109375 116.88233947753906 120.24262237548828 117.90076446533203 116.66790771484375 119.9598388671875 
115.5269775390625 116.89094543457031 119.27664184570312 117.44048309326172 118.00994873046875 123.46969604492188 116.60034942626953 119.06143951416016 
118.06505584716797 118.18141174316406 119.02591705322266 121.51014709472656 117.88127899169922 118.12287902832031 119.68924713134766 117.2739486694336 
117.1174087524414 118.62665557861328 117.33494567871094 117.52464294433594 119.66397094726562 118.75647735595703 117.26351928710938 119.50387573242188 
115.84793853759766 117.91117095947266 116.91439819335938 119.02515411376953 119.2933120727539 115.77420806884766 117.62630462646484 119.59190368652344 
117.74553680419922 117.25651550292969 117.5362548828125 118.31839752197266 115.2357406616211 119.505859375 114.85529327392578 118.24211120605469 
118.4316177368164 117.26882934570312 118.80818939208984 119.69586944580078 117.40444946289062 118.57772827148438 119.68720245361328 117.49334716796875 
117.06928253173828 119.87059020996094 117.11302185058594 117.64774322509766 119.72249603271484 118.5789794921875 117.95059204101562 117.17151641845703 
115.65376281738281 122.21842956542969 118.40569305419922 119.10832214355469 120.20547485351562 119.3647689819336 117.39686584472656 119.04659271240234 
117.94249725341797 115.39568328857422 117.68876647949219 119.01692962646484 119.18704223632812 118.37283325195312 117.3958740234375 118.86054229736328 
83.13081359863281 83.304931640625 85.44096374511719 81.35139465332031 82.98854064941406 83.13334655761719 82.6725082397461 83.12159729003906 
81.85501098632812 82.40150451660156 80.92374420166016 85.63488006591797 84.43138885498047 81.78585815429688 84.85600280761719 83.1269760131836 
82.74950408935547 83.32835388183594 81.84770965576172 84.8190689086914 82.86038208007812 77.82758331298828 82.60819244384766 81.64672088623047 
82.57328033447266 82.83881378173828 80.63855743408203 83.4448013305664 84.18457794189453 81.57984161376953 84.94505310058594 83.31465911865234 
81.22252655029297 80.16998291015625 83.16223907470703 83.36566162109375 82.32502746582031 83.01948547363281 84.884765625 84.81795501708984 
81.0084457397461 84.09497833251953 85.27648162841797 82.59410858154297 82.68592071533203 83.5447006225586 84.2643814086914 82.23248291015625 
81.86873626708984 81.80419158935547 82.58080291748047 83.07833862304688 81.25679779052734 80.77433776855469 82.44032287597656 82.75199890136719 
83.95657348632812 83.96857452392578 82.78102111816406 79.41961669921875 83.17644500732422 82.66937255859375 83.50886535644531 81.1036148071289 
83.88044738769531 81.57196807861328 80.72361755371094 81.0794906616211 81.8803482055664 80.95308685302734 84.97097778320312 83.55644989013672 
80.18931579589844 81.3656997680664 81.93302154541016 81.70703887939453 84.06774139404297 83.76380920410156 79.6111068725586 84.3905258178711 
118.16422271728516 127.06594848632812 118.80620574951172 120.62290954589844 118.94134521484375 121.90982055664062 118.59174346923828 120.32806396484375 
117.7204818725586 118.41264343261719 121.93936157226562 116.22857666015625 123.46524810791016 121.82038116455078 119.31836700439453 118.37235260009766 
120.54959869384766 119.35254669189453 120.96595001220703 124.404541015625 117.55010986328125 123.28390502929688 122.36886596679688 118.39318084716797 
119.62124633789062 119.0929946899414 122.17951965332031 120.78431701660156 119.387939453125 120.3292465209961 123.25590515136719 119.28607940673828 
121.35852813720703 118.89209747314453 121.0370864868164 121.41792297363281 119.28838348388672 119.32313537597656 119.90892791748047 121.00800323486328 
120.14195251464844 118.21292877197266 122.50137329101562 118.11280059814453 122.22236633300781 119.17097473144531 121.11666870117188 118.9873275756836 
120.79737854003906 120.33052825927734 123.47622680664062 119.85491180419922 121.16242980957031 120.83283233642578 122.19551849365234 117.6346206665039 
120.3722915649414 118.5697250366211 118.2918701171875 122.100830078125 118.28924560546875 119.12716674804688 120.37935638427734 118.4585952758789 
119.45177459716797 120.0732192993164 119.4625244140625 119.8845443725586 120.7871322631836 119.27542114257812 121.69554901123047 120.18153381347656 
120.66022491455078 117.80732727050781 121.4534683227539 120.56947326660156 123.97891235351562 118.84518432617188 119.99382019042969 119.64566040039062 
66.29267120361328 64.43695831298828 64.53523254394531 66.15782165527344 66.87359619140625 65.8150405883789 65.7240982055664 65.76236724853516 
66.94960021972656 68.4076156616211 65.88076782226562 65.86198425292969 64.60636901855469 66.91600036621094 67.57266998291016 65.05350494384766 
65.54524993896484 64.65382385253906 64.366943359375 65.82009887695312 65.97222137451172 65.20015716552734 65.69363403320312 64.93292999267578 
65.86975860595703 65.56121826171875 62.95161437988281 65.56944274902344 65.80352020263672 65.1830062866211 66.49139404296875 66.52665710449219 
65.68911743164062 67.30290985107422 66.81043243408203 65.02349090576172 65.58534240722656 67.04169464111328 67.69280242919922 66.06761932373047 
66.56422424316406 65.34937286376953 64.50118255615234 65.28575897216797 65.34559631347656 64.37648010253906 66.39715576171875 67.95417785644531 
66.2198715209961 64.87100982666016 65.82694244384766 64.22124481201172 65.83026885986328 65.93917083740234 67.00028991699219 65.20063781738281 
67.69686126708984 65.02671813964844 65.45101165771484 65.95935821533203 66.01628875732422 64.86700439453125 66.80633544921875 66.55680084228516 
64.85286712646484 63.926048278808594 65.66480255126953 64.68284606933594 67.21142578125 67.4549789428711 67.1313247680664 64.49942779541016 
65.8749771118164 66.81804656982422 64.442626953125 65.36895751953125 66.64476776123047 65.97126770019531 65.65196990966797 64.95299530029297 
54.34880065917969 55.175392150878906 54.30278396606445 53.89388656616211 54.512542724609375 55.08265686035156 55.238014221191406 55.39379119873047 
53.928287506103516 54.298336029052734 55.01091384887695 54.6572151184082 55.85270309448242 55.59075164794922 55.84617614746094 55.93632125854492 
54.648704528808594 55.68022537231445 55.355934143066406 54.414878845214844 54.364959716796875 54.62351989746094 55.30652618408203 55.40137481689453 
54.325439453125 54.44358444213867 54.476383209228516 53.732574462890625 54.36399841308594 55.75056076049805 56.4466552734375 56.039520263671875 
55.17923355102539 55.15363311767578 54.617408752441406 53.615360260009766 54.85667037963867 54.85977554321289 55.87919998168945 55.45743942260742 
54.09177780151367 54.817665100097656 55.47135925292969 54.74710464477539 54.4536018371582 55.34620666503906 55.46160125732422 55.376319885253906 
54.375038146972656 54.62179183959961 55.824737548828125 54.371456146240234 54.44496154785156 55.142433166503906 56.21926498413086 55.53343963623047 
54.16195297241211 54.7841911315918 54.44812774658203 55.83679962158203 55.686302185058594 55.206687927246094 56.809120178222656 55.5228157043457 
56.76319885253906 55.61097717285156 55.00467300415039 55.45267105102539 54.167903900146484 54.123905181884766 54.805118560791016 57.139198303222656 
54.940574645996094 54.59324645996094 54.577919006347656 54.057918548583984 53.60435104370117 54.40227127075195 55.45782470703125 55.81977462768555 
75.18370819091797 76.08207702636719 77.79609680175781 76.46086120605469 75.15164947509766 76.85491180419922 76.21430206298828 75.36089324951172 
75.55852508544922 75.11993408203125 76.98985290527344 75.2779541015625 76.56140899658203 79.03638458251953 75.37593841552734 77.44918060302734 
76.31024169921875 74.60931396484375 76.58729553222656 76.38819122314453 76.14559936523438 77.74307250976562 75.59625244140625 75.97987365722656 
77.89199829101562 75.61532592773438 74.45929718017578 78.0646743774414 75.98016357421875 79.19657897949219 76.29971313476562 75.52623748779297 
75.16451263427734 77.63894653320312 76.15971374511719 77.54115295410156 76.57276916503906 76.48368072509766 76.7089614868164 74.66738891601562 
75.66646575927734 77.78326416015625 76.58147430419922 76.36768341064453 75.476318359375 75.79574584960938 77.33340454101562 75.11119842529297 
76.09180450439453 76.44147491455078 75.50691223144531 74.96221160888672 77.37715148925781 76.27420806884766 77.99120330810547 75.10704040527344 
74.55299377441406 76.57008361816406 76.94818878173828 75.3424301147461 74.79357147216797 77.1280288696289 75.88288116455078 77.03084564208984 
76.71459197998047 76.56114959716797 75.3084487915039 77.06531524658203 76.05503845214844 76.45263671875 77.77318572998047 77.3399658203125 
76.65353393554688 75.6502685546875 78.12268829345703 75.82284545898438 78.60157012939453 76.74320220947266 77.2976303100586 75.5976333618164 
67.43177795410156 65.50099182128906 65.5696029663086 66.851806640625 66.89737701416016 67.69878387451172 67.95785522460938 66.74934387207031 
67.5711669921875 68.18681335449219 66.94425964355469 66.24765014648438 66.50332641601562 66.91929626464844 68.39718627929688 68.2198715209961 
66.98809814453125 65.19276428222656 67.4843521118164 69.29277038574219 69.29344177246094 68.78643035888672 69.01209259033203 68.84194946289062 
65.67922973632812 66.83379364013672 69.33602905273438 68.59097290039062 67.72531127929688 66.30099487304688 67.01583862304688 66.67491149902344 
68.23097229003906 66.48416137695312 66.90460968017578 68.27267456054688 68.54828643798828 66.27926635742188 70.18883514404297 67.2906265258789 
67.90825653076172 68.43756866455078 66.26348876953125 65.96800231933594 67.07081604003906 64.26464080810547 68.74531555175781 66.9046401977539 
69.67874908447266 68.37344360351562 66.89398193359375 66.37347412109375 67.41737365722656 67.8285140991211 69.32332611083984 65.16585540771484 
66.1753921508789 66.7458267211914 66.26496124267578 66.91350555419922 66.40771484375 66.57862091064453 69.28230285644531 68.09353637695312 
67.5699234008789 67.09986877441406 66.65789031982422 67.74310302734375 67.18089294433594 65.90512084960938 68.20195007324219 66.33033752441406 
66.53103637695312 66.4760971069336 68.18201446533203 68.20195007324219 68.609375 65.98320007324219 68.41487884521484 66.62886047363281 
59.762977600097656 57.76371383666992 60.71174240112305 59.3397102355957 59.68598556518555 58.33961486816406 58.64908981323242 59.893985748291016 
59.44892883300781 58.2259521484375 58.31644821166992 59.40438461303711 58.938560485839844 60.608863830566406 58.94851303100586 60.10028839111328 
60.271358489990234 59.1163215637207 58.55769729614258 60.83222579956055 57.86387252807617 60.40480041503906 58.9727668762207 58.36105728149414 
60.22083282470703 59.320350646972656 60.95084762573242 58.96220779418945 58.12691116333008 60.8732795715332 58.127201080322266 60.31788635253906 
60.03305435180664 60.098209381103516 60.57807922363281 59.94099044799805 58.875038146972656 60.567264556884766 58.96214294433594 60.26831817626953 
60.37833786010742 59.385921478271484 59.54457473754883 60.20742416381836 58.91302490234375 60.0399055480957 58.889793395996094 58.299678802490234 
58.457759857177734 59.978206634521484 59.9015998840332 57.77967834472656 59.52640151977539 59.79657745361328 59.09331130981445 59.48419189453125 
59.48348617553711 60.04092788696289 59.191585540771484 58.03462219238281 59.453311920166016 59.77916717529297 60.3554573059082 58.40857696533203 
59.63123321533203 60.32169723510742 58.444190979003906 60.48432159423828 59.13993453979492 58.58233642578125 60.8521614074707 58.665409088134766 
60.097503662109375 58.12736129760742 58.5109748840332 59.297760009765625 60.752769470214844 59.32310485839844 60.67184066772461 58.343265533447266 
40.11654281616211 38.718528747558594 38.68601608276367 39.744449615478516 39.89875030517578 40.060672760009766 39.9716796875 40.29817581176758 
40.13673782348633 39.25920104980469 39.35356903076172 39.013694763183594 39.12080001831055 39.1874885559082 38.89878463745117 38.68425750732422 
41.48118209838867 38.99852752685547 38.826881408691406 38.13657760620117 38.80876922607422 39.3656005859375 39.21955108642578 39.32329559326172 
39.473697662353516 39.495521545410156 39.33327865600586 38.16659164428711 39.64451217651367 39.988800048828125 39.66841506958008 39.65248107910156 
39.83571243286133 39.14924621582031 39.306976318359375 38.66787338256836 38.97417449951172 39.727455139160156 39.934913635253906 39.87558364868164 
39.025184631347656 38.605281829833984 38.622718811035156 38.72371292114258 38.22380828857422 38.986942291259766 39.81718444824219 39.8633918762207 
39.08342361450195 39.363487243652344 39.49737548828125 39.427040100097656 39.27824020385742 39.24367904663086 39.56198501586914 39.67737579345703 
39.4483528137207 38.71721649169922 38.783294677734375 39.33865737915039 39.2691535949707 38.780513763427734 39.81126403808594 38.78656005859375 
39.91939163208008 37.93257522583008 39.806400299072266 39.67103958129883 39.59369659423828 38.9628791809082 39.69414520263672 40.24006271362305 
40.0079345703125 38.90924835205078 39.16425704956055 38.57619094848633 38.77689743041992 38.25328063964844 39.52339172363281 39.49107360839844 
33.38566589355469 31.356672286987305 31.934816360473633 31.47648048400879 31.987424850463867 31.6147518157959 31.29315185546875 31.928800582885742 
48.88547134399414 45.0615348815918 46.79983901977539 46.8837776184082 48.28825759887695 46.980865478515625 48.55712127685547 46.96035385131836 
32.538177490234375 31.37171173095703 31.10857582092285 31.69932746887207 31.155071258544922 31.887296676635742 31.586624145507812 31.65667152404785 
49.93471908569336 46.011199951171875 45.41244888305664 48.1995849609375 46.87206268310547 47.73350524902344 47.14982223510742 47.675872802734375 
31.911808013916016 31.351551055908203 31.27280044555664 31.770143508911133 31.35696029663086 31.522783279418945 31.751487731933594 31.289791107177734 
49.310752868652344 46.25129699707031 48.30064010620117 45.95695877075195 45.61644744873047 47.87830352783203 47.70012664794922 48.11084747314453 
32.82640075683594 31.58083152770996 31.87673568725586 31.166175842285156 31.51318359375 31.187999725341797 31.201919555664062 31.463680267333984 
50.183040618896484 46.9277458190918 47.459903717041016 45.447391510009766 47.977439880371094 46.04764938354492 47.84854507446289 47.819969177246094 
32.778175354003906 31.671552658081055 31.626239776611328 31.17148780822754 31.2490234375 31.410816192626953 31.135967254638672 31.599647521972656 
48.776222229003906 46.85878372192383 46.05091094970703 48.23276901245117 46.874271392822266 47.019775390625 47.66873550415039 47.30815887451172 
32.42448043823242 31.460351943969727 31.294464111328125 31.561279296875 31.243839263916016 31.79840087890625 31.79737663269043 31.643871307373047 
48.58700942993164 46.80918502807617 47.58323287963867 46.87955093383789 47.69366455078125 47.02560043334961 48.623966217041016 46.4989128112793 
32.13008117675781 31.672832489013672 31.23481559753418 31.88591957092285 31.51638412475586 31.31635284423828 31.940895080566406 31.61199951171875 
48.77219009399414 46.68918228149414 46.43075180053711 46.38137435913086 47.33440017700195 46.52463912963867 47.39561462402344 47.662654876708984 
32.15574264526367 31.008575439453125 31.87241554260254 31.266368865966797 31.825632095336914 31.861440658569336 31.267839431762695 31.84307289123535 
49.00352096557617 45.5327033996582 47.1115837097168 46.53740692138672 47.13868713378906 47.06630325317383 48.73110580444336 46.276641845703125 
33.91791915893555 31.783775329589844 31.12928009033203 31.72982406616211 31.606752395629883 31.50147247314453 31.756000518798828 31.2478084564209 
48.88032150268555 47.801856994628906 47.1605110168457 46.32729721069336 47.65804672241211 47.028961181640625 47.367488861083984 46.359710693359375 
32.40755081176758 32.00361633300781 31.756576538085938 31.351232528686523 31.556608200073242 31.68953514099121 31.566495895385742 31.780704498291016 
48.70336151123047 46.5261116027832 45.42448043823242 47.29596710205078 46.691646575927734 47.06844711303711 47.47516632080078 47.956031799316406 
49.02035140991211 47.9881591796875 48.567745208740234 48.873313903808594 49.7213134765625 49.76841735839844 48.27318572998047 48.448158264160156 
48.44224166870117 49.98691177368164 49.033470153808594 49.514625549316406 49.14057540893555 48.174015045166016 49.50368118286133 49.25814437866211 
49.69990539550781 48.394432067871094 49.61280059814453 49.42259216308594 48.72169494628906 50.356414794921875 48.50617599487305 49.61667251586914 
49.55459213256836 47.928958892822266 50.20723342895508 49.29478454589844 49.06227111816406 48.90739059448242 48.31324768066406 49.66118240356445 
49.22447967529297 47.42758560180664 49.33497619628906 48.48451232910156 49.69059371948242 48.91619110107422 49.93913650512695 50.02080154418945 
49.88889694213867 48.5711669921875 49.101600646972656 49.49148941040039 47.8600959777832 49.71120071411133 49.250911712646484 49.533729553222656 
48.85139083862305 49.2105598449707 49.89148712158203 47.108734130859375 50.23875045776367 49.06835174560547 49.6374397277832 49.03152084350586 
49.86492919921875 47.8416633605957 49.4967041015625 49.3087043762207 47.324161529541016 49.594974517822266 48.51996612548828 49.904510498046875 
49.22166442871094 49.5002555847168 48.7196159362793 47.93254470825195 49.35200119018555 48.187583923339844 50.590431213378906 49.359745025634766 
49.911712646484375 48.16080093383789 48.858943939208984 48.60047912597656 49.53721618652344 50.21696090698242 48.38496017456055 49.898624420166016 
57.9090576171875 57.536800384521484 58.83363342285156 56.48652648925781 58.03731155395508 57.16886520385742 59.945919036865234 57.87516784667969 
59.12944030761719 58.632225036621094 57.207454681396484 57.95232009887695 59.58278274536133 58.22771072387695 58.03142547607422 57.89267349243164 
58.56140899658203 58.355072021484375 57.84070587158203 57.77888107299805 58.94124984741211 57.462337493896484 58.682273864746094 59.05507278442383 
58.84703826904297 58.12044906616211 58.58076858520508 59.352352142333984 58.22995376586914 58.106014251708984 58.728416442871094 58.451934814453125 
59.6341438293457 57.853759765625 57.51087951660156 58.912513732910156 58.88227081298828 57.16844940185547 58.23871994018555 60.13203048706055 
59.011680603027344 59.320255279541016 57.92601776123047 57.60502243041992 58.1354866027832 56.70659255981445 57.569664001464844 57.946815490722656 
58.602622985839844 55.44572830200195 57.84569549560547 59.911617279052734 57.501888275146484 56.89865493774414 59.153568267822266 59.065311431884766 
58.36697769165039 58.09577560424805 59.067134857177734 58.261505126953125 59.440223693847656 57.731361389160156 57.79328155517578 58.893310546875 
58.409950256347656 59.14716720581055 57.62838363647461 57.74339294433594 59.24991989135742 57.21587371826172 57.347232818603516 57.98252868652344 
58.21305465698242 57.414337158203125 58.86431884765625 59.087039947509766 57.63056182861328 58.07302474975586 60.441280364990234 56.428287506103516 
54.63347244262695 51.217567443847656 53.13740921020508 53.03286361694336 53.68729782104492 52.886592864990234 55.141727447509766 54.89603042602539 
53.6399040222168 53.19081497192383 54.54780960083008 54.31990432739258 54.311424255371094 54.051265716552734 53.26611328125 53.31840133666992 
56.100799560546875 54.73267364501953 52.95142364501953 54.882110595703125 54.55759811401367 55.222496032714844 54.53740692138672 53.500064849853516 
55.26816177368164 54.51878356933594 53.9633903503418 53.64271926879883 53.640960693359375 53.01667022705078 53.53916931152344 52.994625091552734 
53.007102966308594 52.45686340332031 54.173057556152344 53.15046310424805 55.30860900878906 54.58940887451172 54.41987228393555 54.54719924926758 
55.194847106933594 54.15039825439453 54.277313232421875 51.49900817871094 53.04288101196289 53.03081512451172 53.69571304321289 54.46675109863281 
53.991966247558594 53.54246520996094 53.80838394165039 53.34230422973633 52.49375915527344 54.229793548583984 53.94790267944336 54.597984313964844 
55.02268981933594 54.072288513183594 53.71798324584961 53.791263580322266 53.053409576416016 52.5813102722168 54.10188674926758 54.2149772644043 
55.69007873535156 53.147518157958984 54.644832611083984 54.42780685424805 54.12076950073242 53.736385345458984 53.43231964111328 53.834625244140625 
54.0885124206543 52.94316864013672 52.588768005371094 53.30985641479492 53.68182373046875 54.42563247680664 53.27900695800781 55.465599060058594 
44.433441162109375 41.3039665222168 41.2360954284668 41.501792907714844 41.896766662597656 42.96633529663086 42.250335693359375 42.02348709106445 
41.52531051635742 40.9345588684082 41.22758483886719 41.81155014038086 42.43241500854492 42.59791946411133 42.08544158935547 41.308929443359375 
41.84431838989258 40.860286712646484 41.10825729370117 41.65836715698242 41.66195297241211 42.03583908081055 42.440799713134766 41.336544036865234 
42.06614303588867 41.1959342956543 41.53548812866211 41.94355010986328 42.95008087158203 42.20057678222656 41.04502487182617 40.903743743896484 
43.865760803222656 40.63836669921875 40.63052749633789 41.071102142333984 41.50703811645508 41.68479919433594 42.162784576416016 42.795326232910156 
41.731903076171875 41.67808151245117 41.96073532104492 42.46227264404297 41.51216125488281 41.5904655456543 41.05215835571289 41.194366455078125 
42.61824035644531 40.45065689086914 41.538814544677734 40.98128128051758 41.85353469848633 42.026241302490234 42.79510498046875 42.320960998535156 
41.85955047607422 41.878238677978516 41.800575256347656 42.418846130371094 42.29747009277344 41.08067321777344 41.181182861328125 41.04662322998047 
41.900577545166016 41.43040084838867 41.96934509277344 42.53731155395508 42.42998504638672 41.150943756103516 40.90467071533203 41.331295013427734 
43.43948745727539 42.04172897338867 42.57231903076172 41.55779266357422 40.7501106262207 41.06150436401367 41.17536163330078 41.63328170776367 
94.64575958251953 95.14252471923828 95.53094482421875 96.4991683959961 96.53868865966797 95.2200927734375 99.47270202636719 98.15833282470703 
95.69856262207031 94.17324829101562 97.06237030029297 96.6812515258789 98.78934478759766 98.491455078125 94.0864028930664 97.07180786132812 
95.44976043701172 96.90470123291016 96.7841567993164 98.95158386230469 96.40045166015625 95.5810546875 96.35215759277344 94.44348907470703 
95.5219497680664 96.15916442871094 96.66146850585938 96.42691040039062 96.25004577636719 96.01779174804688 97.64848327636719 97.99212646484375 
96.58672332763672 96.8868179321289 95.72041320800781 95.71625518798828 97.98150634765625 98.23609924316406 97.69676971435547 97.9227523803711 
96.71196746826172 96.7962875366211 96.97388458251953 96.53564453125 95.67462158203125 96.46281433105469 96.8388442993164 95.48957061767578 
95.08121490478516 95.4002914428711 96.3344955444336 96.90998077392578 96.13526153564453 95.72230529785156 99.85743713378906 98.44438171386719 
95.5598373413086 95.57103729248047 97.53839874267578 96.46134185791016 97.5277099609375 97.71119689941406 96.23580932617188 95.32806396484375 
96.26802825927734 94.99148559570312 96.82659149169922 100.72499084472656 94.8855972290039 97.18633270263672 95.51286315917969 94.15187072753906 
96.61980438232422 97.45500946044922 91.73404693603516 96.46537780761719 98.92835235595703 97.63056182861328 98.24153900146484 95.43526458740234 
53.798526763916016 54.14128112792969 54.821441650390625 54.14217758178711 54.292415618896484 53.315425872802734 55.24367904663086 53.98489761352539 
52.811424255371094 52.87276840209961 52.503360748291016 53.19811248779297 53.01385498046875 53.3790397644043 53.79929733276367 53.87299346923828 
54.02204895019531 54.07535934448242 53.53334426879883 53.62220764160156 53.736000061035156 53.58291244506836 54.037376403808594 53.750911712646484 
53.952064514160156 54.28163146972656 54.27427291870117 54.38595199584961 54.3263053894043 53.16899108886719 54.63497543334961 54.44358444213867 
54.59913635253906 53.75468826293945 55.13142395019531 53.680606842041016 54.08339309692383 54.47401428222656 53.33555221557617 54.40137481689453 
54.036128997802734 53.08998489379883 55.06342315673828 54.0450553894043 55.00908660888672 54.28220748901367 53.2308464050293 55.073726654052734 
53.73126220703125 52.4640007019043 52.78825759887695 52.58867263793945 52.98169708251953 52.867584228515625 53.066017150878906 53.45228958129883 
53.9956169128418 53.7578239440918 53.03923034667969 53.8741455078125 54.03868865966797 54.4219856262207 53.85004806518555 52.71913528442383 
54.63849639892578 53.556671142578125 54.25584030151367 54.17625427246094 53.45916748046875 55.287872314453125 54.33737564086914 53.91836929321289 
52.868831634521484 54.399166107177734 53.918785095214844 53.32454299926758 53.22748947143555 54.12031936645508 53.731136322021484 53.28086471557617 
89.19308471679688 92.07164764404297 89.87872314453125 91.18975830078125 88.9210205078125 89.42928314208984 92.98204803466797 90.02496337890625 
92.17823791503906 89.15248107910156 91.71574401855469 91.6612777709961 90.76396942138672 91.4448013305664 89.24527740478516 89.75202941894531 
89.96294403076172 91.43708801269531 90.16044616699219 88.60201263427734 92.50601959228516 93.010498046875 91.88400268554688 89.69107055664062 
91.68621063232422 90.2771224975586 92.72665405273438 90.6800308227539 90.31743621826172 93.7646713256836 88.88566589355469 91.92499542236328 
90.90726470947266 89.017822265625 88.82665252685547 94.64006042480469 89.59136199951172 91.36422729492188 90.69676971435547 88.76959991455078 
90.02425384521484 89.8545913696289 89.41661071777344 91.42969512939453 92.8819808959961 91.24604797363281 91.22825622558594 89.76048278808594 
91.11017608642578 90.28781127929688 90.51801300048828 88.41571044921875 89.46543884277344 94.34355163574219 89.61170959472656 92.25267028808594 
91.57257843017578 87.97968292236328 89.94796752929688 91.40975952148438 90.24470520019531 90.33869171142578 92.47216033935547 88.6495361328125 
91.31491088867188 90.34928131103516 91.2053451538086 89.75692749023438 92.289794921875 90.0224609375 90.20060729980469 90.90383911132812 
90.59305572509766 91.7257308959961 89.04370880126953 91.76604461669922 92.37030029296875 92.94153594970703 90.61830139160156 90.20822143554688 
122.23423767089844 120.61698913574219 122.68540954589844 123.96812438964844 125.87744140625 125.07078552246094 122.49295806884766 125.417724609375 
124.80960083007812 124.37712097167969 122.0545883178711 123.69132995605469 126.55657958984375 121.71282958984375 122.61676788330078 123.25164794921875 
123.57865905761719 122.94828796386719 124.150146484375 122.37427520751953 125.2979507446289 122.32470703125 125.22166442871094 119.25491333007812 
123.99878692626953 121.90476989746094 123.86016082763672 120.2278060913086 126.505859375 122.33241271972656 122.35558319091797 124.6448974609375 
122.6539535522461 124.07164764404297 121.63766479492188 125.37602996826172 126.85311889648438 123.81597137451172 123.48636627197266 126.5063705444336 
123.06192016601562 124.74246215820312 122.65760040283203 125.27820587158203 125.9161605834961 125.37709045410156 119.58153533935547 124.76806640625 
121.15455627441406 125.87372589111328 121.5373764038086 125.46342468261719 123.7820816040039 124.78694152832031 123.70489501953125 127.12499237060547 
121.66345977783203 125.20921325683594 122.95184326171875 123.62483215332031 125.53289794921875 123.425537109375 122.3333740234375 124.09174346923828 
125.56620788574219 123.24038696289062 121.69315338134766 125.81199645996094 125.5890884399414 122.78540802001953 124.24034881591797 124.3854751586914 
122.00764465332031 123.94329833984375 124.63113403320312 123.53993225097656 125.80451202392578 123.46345520019531 123.12735748291016 124.25663757324219 
47.03664016723633 45.41756820678711 46.352542877197266 45.08272171020508 45.5560302734375 46.534400939941406 45.967742919921875 46.177120208740234 
48.4466552734375 46.09532928466797 45.86211013793945 45.211456298828125 46.647743225097656 45.934783935546875 46.362464904785156 46.09177780151367 
48.085121154785156 45.5118408203125 46.382816314697266 45.13132858276367 45.297088623046875 46.30873489379883 46.23225784301758 45.19526290893555 
48.30006408691406 44.99504089355469 45.78694534301758 46.911136627197266 45.35027313232422 46.10236740112305 47.67747116088867 46.159358978271484 
48.71984100341797 45.55231857299805 46.720191955566406 46.332191467285156 45.757408142089844 46.762046813964844 46.100929260253906 45.85734558105469 
49.09328079223633 45.23871994018555 45.53120040893555 47.00899124145508 45.293663024902344 45.70969772338867 47.63225555419922 45.29715347290039 
48.91747283935547 46.28249740600586 45.65884780883789 46.635807037353516 45.86604690551758 45.785888671875 47.69606399536133 45.51084899902344 
46.53862380981445 45.335391998291016 45.366336822509766 45.54207992553711 46.69670486450195 45.168094635009766 46.51388931274414 46.576961517333984 
47.02511978149414 46.767520904541016 45.10105514526367 45.78630447387695 46.63516616821289 45.084510803222656 46.41913604736328 46.357791900634766 
48.16524887084961 45.20502471923828 45.478912353515625 46.73097610473633 45.06950378417969 45.476959228515625 46.918880462646484 45.699073791503906 
96.73014068603516 97.73014068603516 95.71097564697266 94.44384002685547 100.59724426269531 98.07814025878906 98.63916778564453 100.83612823486328 
98.06233978271484 97.0700454711914 96.56336212158203 95.39663696289062 97.80985260009766 96.76473236083984 97.23494720458984 95.90544128417969 
96.72505950927734 97.83984375 96.49078369140625 94.57766723632812 98.8253402709961 96.28099060058594 97.71862030029297 98.0021743774414 
96.91923522949219 94.71308898925781 93.93084716796875 98.13507080078125 97.35481262207031 97.93583679199219 97.18585968017578 95.59606170654297 
95.58198547363281 98.05548858642578 96.99136352539062 97.61609649658203 98.51522827148438 94.70146942138672 96.52543640136719 96.21004486083984 
96.41353607177734 94.8458251953125 97.8954849243164 95.14006042480469 97.91718292236328 98.16339111328125 97.08755493164062 96.94601440429688 
96.37894439697266 98.36627197265625 96.27574157714844 95.44108581542969 97.38851165771484 93.99568176269531 96.62322998046875 95.09065246582031 
97.07539367675781 96.81136322021484 96.3769302368164 95.8938217163086 98.08403015136719 97.06841278076172 97.28620910644531 98.17984008789062 
97.2220458984375 96.82653045654297 94.50614166259766 95.84342193603516 97.19225311279297 97.73580932617188 95.29804992675781 95.21469116210938 
95.72822570800781 95.36361694335938 96.5318374633789 96.3966064453125 99.41741180419922 98.39395141601562 97.36227416992188 96.16124725341797 
51.70150375366211 51.991966247558594 52.46598434448242 52.69206237792969 51.710304260253906 51.025150299072266 51.72083282470703 52.23244857788086 
52.4161262512207 52.4769287109375 51.756832122802734 51.279361724853516 51.1080322265625 52.334014892578125 50.872127532958984 53.443199157714844 
53.17216110229492 51.78812789916992 52.26774215698242 50.72963333129883 51.78483200073242 52.426143646240234 52.712894439697266 52.3309440612793 
50.932735443115234 51.72623825073242 51.839839935302734 51.83302307128906 52.21807861328125 51.37062454223633 52.67987060546875 52.05654525756836 
51.494625091552734 52.19094467163086 50.8656005859375 52.8928337097168 52.398529052734375 52.63497543334961 51.58009719848633 50.83440017700195 
52.07654571533203 50.953216552734375 52.2531852722168 52.054046630859375 51.46752166748047 51.03750228881836 51.91542434692383 51.388065338134766 
52.561439514160156 50.825984954833984 52.1868782043457 52.34368133544922 50.98499298095703 51.169281005859375 52.00716781616211 52.47894287109375 
51.399166107177734 51.48934555053711 51.82329559326172 51.365440368652344 51.16377639770508 52.541534423828125 52.139488220214844 52.455039978027344 
52.3240966796875 51.86732864379883 51.945472717285156 51.25680160522461 51.16988754272461 51.52783966064453 52.80508804321289 52.28531265258789 
54.68812942504883 53.14137649536133 52.67420959472656 51.325504302978516 51.7955207824707 51.835487365722656 51.43212890625 51.174560546875 
35.40278244018555 35.29062271118164 35.072383880615234 35.41097640991211 35.56345748901367 35.861854553222656 35.738590240478516 34.8818244934082 
36.339359283447266 35.097503662109375 35.12022399902344 36.01839828491211 35.51932907104492 35.34729766845703 34.91379165649414 35.93862533569336 
36.57206344604492 35.5503044128418 34.88422393798828 35.08639907836914 34.98585510253906 35.78287887573242 35.32166290283203 35.36492919921875 
36.83302307128906 35.238014221191406 36.13129425048828 35.39948654174805 35.40576171875 35.66239929199219 35.31068801879883 35.4903678894043 
36.814273834228516 35.565696716308594 35.69529724121094 35.48396682739258 36.01935958862305 35.75065612792969 35.35398483276367 35.30863952636719 
37.18096160888672 35.28876876831055 35.589599609375 35.0648307800293 35.692352294921875 35.1802864074707 35.626399993896484 35.90595245361328 
37.22643280029297 35.41455841064453 35.685630798339844 35.26451110839844 35.45955276489258 36.2171516418457 35.28752136230469 35.79667282104492 
36.369022369384766 35.99897766113281 35.78153610229492 35.838623046875 35.61686325073242 35.67212677001953 35.692256927490234 35.77558517456055 
36.84812927246094 35.53974533081055 35.17027282714844 35.544769287109375 35.067935943603516 35.525760650634766 35.64588928222656 36.081119537353516 
39.27840042114258 35.63606262207031 36.07155227661133 35.69705581665039 35.83830261230469 35.47945785522461 35.57014465332031 35.782657623291016 
33.439998626708984 33.32124710083008 33.37142562866211 33.42841720581055 33.38835144042969 33.3210563659668 33.40486526489258 33.18467330932617 
33.89932632446289 32.990272521972656 32.90835189819336 32.97683334350586 32.552127838134766 33.46201705932617 32.8623046875 32.70435333251953 
33.23286437988281 33.07254409790039 32.95587158203125 33.193599700927734 33.04326248168945 33.05916976928711 32.8600959777832 33.05302429199219 
32.59996795654297 33.332862854003906 32.91254425048828 33.19539260864258 32.662689208984375 33.254398345947266 32.505889892578125 33.36064147949219 
35.377471923828125 32.92716979980469 33.252960205078125 33.192543029785156 33.3836784362793 33.257057189941406 33.59980773925781 33.30585479736328 
33.13558578491211 33.1475830078125 32.798561096191406 33.07878494262695 32.722591400146484 33.223262786865234 32.89868927001953 33.46934509277344 
33.322689056396484 33.61004638671875 33.04947280883789 33.7006721496582 32.706016540527344 33.2344970703125 32.66204833984375 33.39926528930664 
33.368160247802734 32.443328857421875 33.11219024658203 33.43484878540039 33.55120086669922 33.307552337646484 33.31187057495117 33.58038330078125 
34.59030532836914 32.83238220214844 32.73936080932617 33.31177520751953 32.658302307128906 33.32815933227539 32.87318420410156 33.631103515625 
33.409759521484375 33.33222579956055 33.19606399536133 33.4090576171875 33.33958435058594 33.379966735839844 32.909889221191406 33.57254409790039 
76.7966079711914 76.00006103515625 79.17680358886719 76.9334716796875 77.01641845703125 76.24076843261719 76.37548828125 79.08796691894531 
76.31075286865234 78.45977783203125 76.906494140625 76.79615783691406 78.18544006347656 77.1487045288086 79.14141082763672 76.3392333984375 
78.18988800048828 76.0315170288086 77.00780487060547 79.33241271972656 77.63958740234375 78.65583801269531 76.01570892333984 78.77536010742188 
77.7468490600586 78.76713562011719 79.11775970458984 76.51254272460938 79.2669448852539 77.89126586914062 76.88470458984375 78.57791900634766 
76.62006378173828 77.60508728027344 75.2666244506836 78.53874969482422 79.08956909179688 77.03218841552734 78.66310119628906 79.56575775146484 
77.15213012695312 76.51808166503906 76.6533432006836 75.87395477294922 77.65814208984375 77.5302734375 79.2386245727539 77.1427230834961 
78.49046325683594 79.13145446777344 75.48860931396484 79.29325103759766 77.03266906738281 77.86608123779297 78.84422302246094 75.67842864990234 
77.5060806274414 79.03289794921875 76.79395294189453 78.5432357788086 76.22447967529297 78.47622680664062 80.36815643310547 75.75177764892578 
77.03218841552734 77.41756439208984 79.13152313232422 77.24835205078125 77.11759948730469 77.07810974121094 76.6983642578125 77.26083374023438 
76.51663970947266 76.63494110107422 77.49378967285156 78.56915283203125 77.165283203125 78.225341796875 76.83145904541016 77.91836547851562 
66.47821044921875 67.9769287109375 67.3255386352539 67.0130844116211 69.63436889648438 67.3987808227539 67.94182586669922 67.18450927734375 
68.76959991455078 68.40198516845703 68.5818862915039 67.01952362060547 68.25676727294922 68.40729522705078 68.60739135742188 71.98652648925781 
67.91996765136719 67.06172943115234 68.56559753417969 67.5796127319336 67.59571075439453 67.43977355957031 67.74028778076172 68.62684631347656 
68.0979232788086 68.45772552490234 68.90386962890625 68.15670776367188 68.91734313964844 67.38297271728516 69.99542236328125 69.1395492553711 
67.87248229980469 69.98854064941406 68.88553619384766 67.96438598632812 68.69436645507812 69.09369659423828 68.91926574707031 68.88963317871094 
68.84537506103516 68.06617736816406 69.36982727050781 67.17346954345703 69.46697235107422 67.25385284423828 69.05420684814453 70.98252868652344 
66.72492980957031 66.11177825927734 67.13017272949219 67.25875091552734 66.93055725097656 66.97958374023438 66.34745788574219 67.27820587158203 
66.25603485107422 67.34883117675781 67.07231903076172 67.73433685302734 67.72332763671875 68.44393920898438 68.01929473876953 68.15411376953125 
66.70963287353516 68.37670135498047 65.88540649414062 68.2603530883789 69.04656219482422 68.42189025878906 68.56476593017578 68.13481903076172 
67.22489929199219 66.87699127197266 67.52521514892578 68.36544036865234 67.74342346191406 68.07698822021484 67.50054168701172 68.8055648803711 
45.81459045410156 46.575870513916016 46.07321548461914 46.9892463684082 45.963966369628906 47.7110710144043 45.82572937011719 47.3328971862793 
46.535552978515625 45.83321762084961 46.69046401977539 46.963905334472656 46.6011848449707 46.96041488647461 46.6195182800293 46.75632095336914 
47.56281661987305 46.564449310302734 47.1776008605957 47.109825134277344 46.41551971435547 46.56038284301758 46.36460876464844 47.615230560302734 
49.218910217285156 46.38691329956055 46.13616180419922 46.2955207824707 46.99059295654297 45.83919906616211 47.42732620239258 46.12646484375 
45.73555374145508 47.28374481201172 45.659423828125 47.527103424072266 45.49107360839844 47.474369049072266 45.79955291748047 47.42115020751953 
46.47916793823242 46.912288665771484 45.092254638671875 47.413631439208984 46.57817459106445 46.5582389831543 47.02387237548828 46.35014343261719 
47.18096160888672 46.423583984375 47.005985260009766 46.67264175415039 46.71235275268555 47.24163055419922 46.41984176635742 46.97750473022461 
46.19728088378906 46.64547348022461 46.14527893066406 46.42918395996094 45.74563217163086 47.13235092163086 45.94822311401367 47.60358428955078 
46.776161193847656 46.71539306640625 47.24067306518555 45.919166564941406 47.52822494506836 46.268959045410156 47.305118560791016 46.0676155090332 
46.588417053222656 45.70230484008789 47.706336975097656 45.67545700073242 47.49030303955078 45.63542556762695 47.6448974609375 45.964542388916016 
27.756128311157227 27.599231719970703 29.373119354248047 28.262144088745117 27.958463668823242 28.023136138916016 27.966304779052734 28.07276725769043 
30.677824020385742 27.982624053955078 28.013599395751953 28.136735916137695 27.92406463623047 28.355424880981445 28.125600814819336 28.109472274780273 
31.46233558654785 28.35820770263672 28.272384643554688 28.240863800048828 28.133663177490234 27.945632934570312 27.810688018798828 28.019872665405273 
29.158912658691406 28.199264526367188 28.154048919677734 28.30886459350586 28.119712829589844 27.88764762878418 28.11315155029297 27.948991775512695 
29.396896362304688 28.04534339904785 28.033824920654297 27.92803192138672 27.873247146606445 27.833791732788086 28.249664306640625 28.45699119567871 
28.79654312133789 28.152864456176758 28.145824432373047 28.08880043029785 28.13654327392578 28.25164794921875 28.66476821899414 28.46156883239746 
29.31123161315918 28.6092472076416 28.27020835876465 27.85327911376953 27.549663543701172 27.860288619995117 28.0064640045166 28.42742347717285 
32.052703857421875 27.938432693481445 28.02889633178711 28.357280731201172 28.2574405670166 28.148479461669922 28.018911361694336 28.036096572875977 
29.174976348876953 27.780927658081055 27.708255767822266 27.978111267089844 28.3571834564209 28.907808303833008 28.39580726623535 28.212383270263672 
30.227680206298828 28.03772735595703 28.03331184387207 27.82499122619629 27.857824325561523 27.871807098388672 27.799840927124023 28.284351348876953 
50.146305084228516 50.627647399902344 50.29612731933594 49.18761444091797 48.85251235961914 50.612735748291016 49.09235382080078 49.49110412597656 
49.167137145996094 50.67619323730469 50.39235305786133 49.62752151489258 48.813568115234375 51.70342254638672 50.63062286376953 49.267425537109375 
49.45366287231445 50.79539108276367 50.214942932128906 48.97321701049805 50.062591552734375 50.163169860839844 49.05632019042969 50.59126281738281 
49.93388748168945 49.35184097290039 50.646751403808594 50.98918533325195 48.90873718261719 49.22409439086914 48.74873733520508 48.76038360595703 
49.71782302856445 49.47334289550781 50.29945755004883 49.730560302734375 49.1475830078125 50.04819107055664 50.1860466003418 48.69734573364258 
50.51891326904297 49.38383865356445 49.41356658935547 50.240318298339844 49.96188735961914 49.24787139892578 50.2540168762207 50.127166748046875 
51.4172477722168 50.27299118041992 48.63286590576172 50.94451141357422 49.43062210083008 49.350494384765625 49.28998565673828 51.250431060791016 
49.969600677490234 48.87094497680664 49.83116912841797 50.82012939453125 49.01628875732422 50.24505615234375 50.29635238647461 49.8633918762207 
50.848670959472656 49.738590240478516 50.02511978149414 49.03443145751953 51.13631820678711 49.55535888671875 48.76348876953125 50.13273620605469 
52.82767868041992 49.919071197509766 47.978145599365234 51.061153411865234 50.41769790649414 49.31840133666992 49.729312896728516 50.575294494628906 
123.24883270263672 123.49747467041016 124.66028594970703 124.5436782836914 125.95101165771484 124.17120361328125 124.07872009277344 128.04275512695312 
123.29244995117188 124.84092712402344 123.91254425048828 123.15773010253906 123.14157104492188 124.7290267944336 122.65708923339844 125.68745422363281 
121.68380737304688 123.219970703125 125.12201690673828 122.23340606689453 123.82086181640625 124.73334503173828 122.06988525390625 128.37298583984375 
123.69481658935547 124.77484893798828 120.83350372314453 122.80518341064453 125.27587127685547 123.64415740966797 124.47760009765625 123.5736312866211 
124.20448303222656 123.08863830566406 123.71561431884766 125.62153625488281 125.67680358886719 123.60950469970703 125.20623779296875 125.60521697998047 
123.49612426757812 124.7771224975586 124.5877456665039 123.6357421875 129.0745849609375 123.44774627685547 120.06006622314453 123.73779296875 
122.59593963623047 125.26435089111328 123.49651336669922 123.65337371826172 123.49501037597656 124.36857604980469 122.1578598022461 126.9749755859375 
122.29612731933594 125.8476791381836 125.023681640625 123.40831756591797 125.18406677246094 125.64147186279297 125.03890991210938 123.00540924072266 
122.37776184082031 124.65682983398438 126.47984313964844 125.64659118652344 122.63420867919922 123.04681396484375 125.81587219238281 124.95584106445312 
122.776611328125 125.26806640625 125.2143325805664 122.60684967041016 124.09468841552734 124.78339385986328 125.36233520507812 122.53062438964844 
120.49542236328125 123.91846466064453 122.44598388671875 122.0280990600586 119.60111999511719 124.24092864990234 118.8351058959961 121.50252532958984 
120.31929779052734 122.76630401611328 121.62694549560547 118.94982147216797 127.04370880126953 120.89004516601562 118.60880279541016 121.96038055419922 
122.31660461425781 121.04265594482422 122.3438720703125 124.0927963256836 122.97958374023438 119.68985748291016 121.73788452148438 122.94374084472656 
119.65980529785156 120.3486099243164 120.78540802001953 120.23097229003906 123.05120086669922 121.88159942626953 120.48595428466797 116.79603576660156 
122.17881774902344 119.78214263916016 121.76713562011719 123.4408950805664 123.18160247802734 124.16928100585938 120.85641479492188 123.04771423339844 
120.83110046386719 120.99871826171875 122.36860656738281 120.6190414428711 122.32077026367188 122.17378997802734 124.57823944091797 120.86886596679688 
120.84489440917969 123.40812683105469 121.33468627929688 121.47654724121094 123.25382232666016 120.22624206542969 120.646240234375 120.37760162353516 
119.35580444335938 121.37935638427734 120.90518188476562 121.60896301269531 121.60800170898438 122.58834838867188 120.18611145019531 119.05036926269531 
121.3004150390625 124.82294464111328 120.45260620117188 123.87149047851562 122.5222396850586 122.73117065429688 121.13533020019531 122.77565002441406 
122.39654541015625 121.10809326171875 119.987548828125 121.44451141357422 123.81059265136719 123.70054626464844 122.3545913696289 123.13782501220703 
79.4170913696289 78.738525390625 76.80953979492188 78.94656372070312 78.86390686035156 81.4909439086914 78.3359375 78.26409912109375 
78.3707504272461 79.54386901855469 77.71056365966797 82.45916748046875 79.48393249511719 77.31644439697266 75.6924819946289 77.82780456542969 
79.12825775146484 81.15577697753906 78.84713745117188 76.33683013916016 79.92527770996094 77.91871643066406 79.93814086914062 78.49286651611328 
77.56377410888672 79.08828735351562 77.12921905517578 81.15750122070312 80.47821044921875 77.5738525390625 80.64019012451172 80.14364624023438 
79.09830474853516 79.76579284667969 79.90847778320312 77.81680297851562 81.60387420654297 80.97593688964844 78.14176177978516 79.22515106201172 
80.1855697631836 78.63260650634766 80.46137237548828 81.10316467285156 78.14205169677734 78.96009826660156 77.63369750976562 78.89766693115234 
80.80461120605469 77.38031768798828 80.06550598144531 79.66566467285156 76.506591796875 80.03622436523438 77.67142486572266 79.74697875976562 
79.78998565673828 76.9148178100586 80.84518432617188 77.30732727050781 81.11036682128906 80.12054443359375 77.57049560546875 82.44659423828125 
79.12413024902344 79.39593505859375 78.00601959228516 81.64514923095703 80.86124420166016 78.33740997314453 79.65654754638672 78.71158599853516 
82.16178894042969 78.56771087646484 79.25811004638672 78.442626953125 78.13442993164062 77.73017883300781 78.48751831054688 77.0206069946289 
90.72198486328125 93.64335632324219 90.18128204345703 94.14364624023438 92.74748992919922 88.4435806274414 90.02454376220703 92.54595184326172 
90.03343963623047 92.54358673095703 91.155517578125 92.76678466796875 91.24441528320312 92.18265533447266 91.56060791015625 91.30825805664062 
93.24508666992188 91.21949005126953 91.64742279052734 90.10848236083984 90.74249267578125 92.48368072509766 91.7850570678711 92.34284973144531 
92.87945556640625 90.7393569946289 89.86019134521484 89.72306823730469 90.70130920410156 94.3361587524414 90.93756866455078 94.36768341064453 
91.44153594970703 91.66079711914062 92.8031997680664 89.54985809326172 93.7551040649414 91.70252990722656 91.55859375 90.38444519042969 
90.11567687988281 91.42626953125 88.77474975585938 90.46192169189453 98.10015869140625 92.12274932861328 92.81980895996094 94.43478393554688 
91.84735870361328 90.65484619140625 90.90940856933594 91.1759033203125 92.73318481445312 91.50240325927734 91.62397003173828 89.01631927490234 
90.62274932861328 90.04640197753906 90.742431640625 89.54736328125 96.60675048828125 90.16822052001953 93.93987274169922 91.08834838867188 
89.93766021728516 92.41043090820312 91.82947540283203 91.51353454589844 92.397216796875 93.17747497558594 91.21302032470703 88.12921905517578 
91.94745635986328 89.1286392211914 92.96988677978516 90.29894256591797 94.82796478271484 90.35151672363281 93.02022552490234 91.43753814697266 
75.93804931640625 75.60928344726562 76.69888305664062 75.08457946777344 74.45609283447266 75.32857513427734 78.70166778564453 75.1747817993164 
74.40557098388672 75.2314224243164 74.1546859741211 75.63744354248047 76.33452606201172 73.62274932861328 78.1457290649414 74.92655944824219 
75.8748779296875 76.27391815185547 78.0223388671875 76.51692962646484 75.96521759033203 73.48957061767578 76.62745666503906 74.21993255615234 
77.61862182617188 74.36418914794922 76.91548919677734 75.74195098876953 76.6928939819336 76.23423767089844 78.46867370605469 75.07215881347656 
73.92060852050781 75.51273345947266 74.16627502441406 76.37875366210938 74.82473754882812 77.24626922607422 75.67401885986328 77.32848358154297 
76.57295989990234 77.10002899169922 76.76850891113281 75.89952087402344 75.50316619873047 73.93218994140625 77.3629150390625 72.87641906738281 
75.81938934326172 75.04281616210938 76.47952270507812 74.08252716064453 77.49827575683594 74.94163513183594 81.41715240478516 74.78169250488281 
74.55558776855469 76.63008117675781 74.32819366455078 75.48150634765625 75.863037109375 75.1935043334961 79.48851013183594 73.6434555053711 
76.36646270751953 74.48896026611328 74.46649932861328 75.25328063964844 75.02556610107422 77.62438201904297 75.33539581298828 77.80937957763672 
73.25830078125 75.84345245361328 74.84992218017578 75.77263641357422 75.9832992553711 75.04438018798828 75.68560028076172 75.13996887207031 
85.05471801757812 85.24726104736328 86.42825317382812 83.9260482788086 83.6513900756836 84.49747467041016 85.12899017333984 85.29510498046875 
84.76979064941406 85.61763000488281 84.10157012939453 84.3864974975586 84.13817596435547 84.56495666503906 85.58879852294922 83.5896987915039 
84.72259521484375 85.77849578857422 85.4073257446289 83.50364685058594 83.30403137207031 84.5376968383789 86.978271484375 84.13667297363281 
83.35664367675781 83.88025665283203 84.22390747070312 84.60028839111328 84.39510345458984 83.85411071777344 84.43321228027344 83.57430267333984 
85.26496124267578 86.82022094726562 84.98668670654297 82.58457946777344 83.87983703613281 86.08191680908203 86.43456268310547 85.53849792480469 
85.20297241210938 84.90201568603516 85.80159759521484 84.7873306274414 82.02857971191406 84.16150665283203 87.19920349121094 87.11609649658203 
86.11174774169922 84.6572494506836 84.11030578613281 85.46281433105469 83.17670440673828 84.95702362060547 85.17926025390625 85.09442901611328 
83.72675323486328 85.2278060913086 85.39158630371094 84.7069091796875 83.53043365478516 84.09756469726562 85.87225341796875 85.09113311767578 
85.17030334472656 84.2649917602539 83.06489562988281 84.34815979003906 84.60643005371094 85.94915008544922 83.58502197265625 84.7165756225586 
88.7540512084961 85.997314453125 84.80860900878906 83.92054748535156 83.83830261230469 84.66067504882812 85.7017593383789 84.69676971435547 
103.9751968383789 103.31603240966797 100.64220428466797 101.77721405029297 97.96160125732422 101.62384033203125 103.07030487060547 100.82272338867188 
100.66531372070312 100.54978942871094 101.77145385742188 103.61017608642578 102.85043334960938 102.36246490478516 100.38182067871094 100.97968292236328 
100.52070617675781 100.63977813720703 100.97315216064453 101.22025299072266 103.2442855834961 103.11849975585938 101.3111343383789 102.08080291748047 
102.18348693847656 97.61129760742188 101.16464233398438 104.3957748413086 100.9725112915039 102.36863708496094 101.14080047607422 104.54057312011719 
99.45929718017578 99.43389129638672 100.80550384521484 97.58732604980469 99.77228546142578 99.46195220947266 98.87474822998047 101.89897918701172 
103.34751892089844 101.2193603515625 105.16716766357422 100.63311767578125 102.76006317138672 103.23062133789062 102.6196517944336 102.0656967163086 
100.31404876708984 102.07849884033203 102.01766204833984 99.56800079345703 102.0337905883789 100.49472045898438 100.43305969238281 100.7165756225586 
101.14329528808594 102.65135955810547 103.10530853271484 101.33145904541016 102.06409454345703 98.91535949707031 98.26834869384766 99.8710708618164 
100.02870178222656 101.18685150146484 105.73206329345703 99.84754943847656 102.95935821533203 100.8592300415039 101.17193603515625 101.05244445800781 
101.17346954345703 101.18482971191406 100.73680114746094 101.34806060791016 101.77120208740234 98.10124969482422 100.8803482055664 101.99110412597656 
85.4214096069336 85.538818359375 86.76512145996094 87.18563079833984 87.70764923095703 86.89615631103516 88.89440155029297 89.81491088867188 
84.82144165039062 85.26716613769531 86.60662078857422 90.70387268066406 83.44086456298828 86.25801849365234 87.5184326171875 88.51741027832031 
86.87299346923828 86.35475158691406 83.28125 85.35126495361328 87.27177429199219 88.06806182861328 87.1283187866211 85.23836517333984 
84.56095886230469 86.76729583740234 88.7204818725586 87.6825942993164 84.6022720336914 83.97551727294922 88.94947052001953 86.76448059082031 
86.5130844116211 84.5637435913086 83.49638366699219 86.65478515625 88.9736328125 85.82418823242188 85.148193359375 86.37916564941406 
85.39997100830078 86.40489959716797 85.96556854248047 83.21858978271484 85.93222045898438 86.78096008300781 86.77120208740234 85.96393585205078 
85.08857727050781 86.60569763183594 87.0799331665039 85.39417266845703 85.3687973022461 85.85228729248047 89.4010238647461 84.29939270019531 
85.66886138916016 85.43920135498047 86.87535858154297 87.1476821899414 86.01168060302734 84.18447875976562 88.96281433105469 87.58761596679688 
86.01103973388672 85.26105499267578 87.65654754638672 86.11228942871094 85.72179412841797 85.74205017089844 88.79170989990234 86.05010986328125 
86.21231842041016 83.9046401977539 87.45686340332031 87.72799682617188 85.66835021972656 85.75804901123047 89.0770263671875 86.272705078125 
121.46259307861328 118.22303771972656 120.19859313964844 120.13465881347656 120.91327667236328 118.89593505859375 117.6391372680664 120.23280334472656 
119.3918685913086 116.87926483154297 117.75929260253906 120.54019165039062 118.1622085571289 117.97615814208984 121.8436508178711 116.9881591796875 
117.57769775390625 117.91673278808594 119.84684753417969 119.21878051757812 117.53526306152344 119.93762969970703 118.77798461914062 117.01948547363281 
119.94905853271484 118.74950408935547 119.06108856201172 116.82476806640625 119.5203857421875 120.66022491455078 119.2927017211914 120.78431701660156 
116.43478393554688 119.70511627197266 125.31769561767578 117.22099304199219 121.0006103515625 117.54358673095703 114.09709167480469 123.35577392578125 
117.79315185546875 119.3809585571289 118.9269790649414 118.52790069580078 120.89081573486328 118.17481231689453 119.9988784790039 122.24336242675781 
114.4836196899414 121.25981140136719 117.64688110351562 118.28377532958984 121.98400115966797 117.62553405761719 120.97628784179688 118.64492797851562 
116.8521957397461 115.98400115966797 122.66825866699219 117.64765167236328 119.29827117919922 119.5087661743164 117.57443237304688 119.05923461914062 
118.31926727294922 117.98668670654297 118.6305923461914 119.86656188964844 117.84297943115234 117.79193878173828 120.01497650146484 117.93657684326172 
116.23056030273438 120.92572784423828 117.28224182128906 116.79737854003906 120.87257385253906 118.64784240722656 118.01299285888672 120.45359802246094 
85.2760009765625 82.36579132080078 84.74447631835938 86.13401794433594 85.6374740600586 86.77490997314453 84.61488342285156 86.62355041503906 
84.88956451416016 85.11913299560547 82.43577575683594 85.44393920898438 85.30342102050781 84.9922866821289 87.39020538330078 84.32310485839844 
86.3400650024414 84.08195495605469 87.4135971069336 85.25714874267578 83.11497497558594 87.73033905029297 87.02070617675781 88.74214172363281 
85.30623626708984 85.24607849121094 86.6522216796875 86.42658996582031 84.58073425292969 84.65740966796875 83.91177368164062 87.8111343383789 
84.45033264160156 83.77532958984375 85.84921264648438 86.0421142578125 84.13516998291016 83.07110595703125 85.41004943847656 88.20553588867188 
85.42054748535156 85.34796905517578 84.21024322509766 84.54086303710938 86.33939361572266 86.75424194335938 82.763427734375 86.60736083984375 
86.22322845458984 86.59654235839844 84.7270736694336 85.28479766845703 86.03699493408203 85.44451141357422 88.03536224365234 83.86102294921875 
84.99298858642578 85.69590759277344 86.73452758789062 83.74566650390625 85.09241485595703 85.45999908447266 86.54991912841797 87.61231994628906 
86.63990020751953 87.00438690185547 84.78886413574219 82.884033203125 86.55113220214844 88.61504364013672 85.99798583984375 83.16947174072266 
84.16374206542969 84.94876861572266 83.78851318359375 83.71238708496094 81.97321319580078 86.31676483154297 85.32032012939453 84.9896011352539 
66.64713287353516 68.41321563720703 67.88060760498047 67.64691162109375 66.79337310791016 66.41139221191406 66.88716888427734 66.98646545410156 
66.23494720458984 67.11280059814453 67.85794830322266 68.02098846435547 68.62073516845703 66.7896957397461 68.64662170410156 66.64982604980469 
66.87814331054688 66.96441650390625 67.27481842041016 68.8891830444336 68.28985595703125 67.98646545410156 67.68962860107422 68.88028717041016 
66.69910430908203 66.1468505859375 67.54057312011719 67.51888275146484 67.72793579101562 67.57295989990234 65.8796157836914 66.24928283691406 
67.67743682861328 68.560546875 67.4730224609375 68.34281921386719 68.78604888916016 69.11759948730469 68.43408203125 68.72038269042969 
66.61248016357422 67.93926239013672 68.61055755615234 66.98102569580078 68.6780776977539 68.33363342285156 68.82054138183594 67.1368637084961 
68.09772491455078 63.824607849121094 66.1308822631836 68.05084991455078 68.0255355834961 68.8496322631836 69.06995391845703 68.9049301147461 
66.6081314086914 66.94041442871094 67.31484985351562 67.83830261230469 68.23673248291016 68.58332824707031 67.44131469726562 68.57740783691406 
66.40806579589844 66.49673461914062 65.88428497314453 68.00729370117188 68.6231689453125 68.02214050292969 68.43225860595703 67.04550170898438 
66.50697326660156 68.02092742919922 67.64176177978516 67.27974700927734 67.97987365722656 68.45916748046875 68.82256317138672 68.33436584472656 
31.33964729309082 30.526784896850586 30.663808822631836 31.244991302490234 30.75823974609375 31.68764877319336 31.480192184448242 31.114879608154297 
31.366880416870117 30.874719619750977 30.74550437927246 31.11840057373047 30.798688888549805 31.493375778198242 31.523967742919922 31.05718421936035 
32.13596725463867 31.20252799987793 30.748319625854492 30.51702308654785 31.152128219604492 30.943519592285156 31.447359085083008 31.429248809814453 
32.045631408691406 31.685279846191406 31.520671844482422 30.763391494750977 31.588672637939453 31.455135345458984 30.97996711730957 30.956480026245117 
31.57587242126465 30.748512268066406 30.777536392211914 31.323200225830078 30.910303115844727 31.104511260986328 31.665184020996094 31.25164794921875 
32.56294250488281 31.099584579467773 30.589824676513672 31.605215072631836 31.38115119934082 30.852352142333984 31.469280242919922 31.383136749267578 
31.750688552856445 31.097087860107422 30.861408233642578 31.5828800201416 31.281280517578125 31.34556770324707 31.72470474243164 31.480703353881836 
32.61248016357422 31.397855758666992 31.427072525024414 31.367904663085938 30.59075164794922 30.99033546447754 31.18191909790039 31.18057632446289 
32.75484848022461 31.042207717895508 30.618303298950195 31.308639526367188 31.339616775512695 30.993120193481445 30.923583984375 31.389568328857422 
33.53843307495117 31.57151985168457 31.38921546936035 30.73651123046875 31.755552291870117 31.373760223388672 30.790592193603516 31.684864044189453 
64.0769271850586 65.84105682373047 66.54637145996094 66.67862701416016 67.43106842041016 66.1111068725586 67.02108764648438 65.39561462402344 
66.59632110595703 63.23078536987305 66.30550384521484 64.5337905883789 64.86729431152344 65.68147277832031 65.54857635498047 65.75657653808594 
64.48649597167969 66.56886291503906 64.93545532226562 66.51417541503906 65.39644622802734 66.05760192871094 64.95692443847656 65.59600067138672 
64.83747100830078 66.37110137939453 65.45629119873047 64.6677474975586 65.98847961425781 66.80703735351562 66.46736145019531 66.46495819091797 
65.71382141113281 65.96979522705078 65.5647964477539 65.16604614257812 65.50863647460938 66.11504364013672 66.06873321533203 68.76608276367188 
66.03449249267578 66.5083236694336 66.57030487060547 66.66178894042969 66.20905303955078 67.1114273071289 64.33805084228516 65.31372833251953 
66.010498046875 66.86524963378906 65.11714935302734 66.77625274658203 63.505409240722656 65.68281555175781 65.95369720458984 66.65779113769531 
65.92777252197266 64.9874267578125 65.27891540527344 63.91654586791992 65.1165771484375 65.61337280273438 67.6390380859375 66.82806396484375 
65.28179168701172 65.42610931396484 64.70559692382812 66.30732727050781 66.52569580078125 66.10620880126953 64.79033660888672 66.744384765625 
64.79350280761719 67.36930847167969 66.119873046875 64.53705596923828 67.16630554199219 64.43456268310547 65.30486297607422 66.39481353759766 
74.62486267089844 73.79106903076172 73.87225341796875 71.01522827148438 71.44960021972656 72.17366027832031 72.6759033203125 72.02774047851562 
103.70979309082031 108.15385437011719 105.06288146972656 107.36204528808594 104.55683135986328 105.24886322021484 105.85388946533203 105.00819396972656 
73.63763427734375 71.45699310302734 74.69865417480469 72.96297454833984 71.19123077392578 71.79878234863281 72.17644500732422 71.8193588256836 
103.19766235351562 107.01087951660156 103.74073791503906 107.99404907226562 105.41725158691406 107.74393463134766 106.2715835571289 107.76569366455078 
71.80406188964844 72.21238708496094 70.2619857788086 74.75321960449219 73.64787292480469 72.0483169555664 71.16358184814453 72.63398742675781 
104.97821044921875 108.44989013671875 106.58396911621094 104.96931457519531 106.636962890625 108.23455810546875 106.38972473144531 106.70294189453125 
71.51948547363281 71.3686752319336 71.79401397705078 72.5316162109375 72.9172134399414 71.83529663085938 72.3078384399414 71.55926513671875 
108.2159652709961 104.86956787109375 108.45906829833984 105.43392181396484 106.4238052368164 104.00121307373047 105.93180847167969 106.37049865722656 
72.42320251464844 72.11309051513672 70.82710266113281 71.60566711425781 72.60447692871094 74.08348846435547 69.804931640625 71.99132537841797 
107.0387191772461 105.81378936767578 105.77129364013672 106.03072357177734 106.3842544555664 107.23824310302734 106.99750518798828 106.98623657226562 
72.66703796386719 71.78828430175781 73.01312255859375 72.35443115234375 73.43049621582031 72.03395080566406 71.6088638305664 72.2805404663086 
103.85929870605469 109.36713409423828 105.34982299804688 106.89027404785156 106.92320251464844 105.8437728881836 105.53849792480469 107.79539489746094 
71.8018569946289 70.3842544555664 71.39273834228516 71.9801254272461 72.5068130493164 73.7096939086914 72.95299530029297 72.86656188964844 
106.06256103515625 104.92486572265625 104.9993896484375 107.23385620117188 104.82617950439453 105.95053100585938 105.98941040039062 106.4906234741211 
71.5516128540039 71.0118408203125 71.7577896118164 72.35404968261719 72.64332580566406 71.54863739013672 71.72444915771484 69.33744049072266 
106.82211303710938 104.73136138916016 107.53695678710938 109.0818862915039 108.1146240234375 105.48310089111328 103.37126159667969 106.51116943359375 
73.41577911376953 70.31116485595703 71.59910583496094 71.91145324707031 72.47036743164062 73.04041290283203 73.99215698242188 73.85868835449219 
106.01551818847656 106.46678161621094 103.12550354003906 105.52611541748047 107.08214569091797 104.55840301513672 111.62226867675781 107.06845092773438 
71.04329681396484 69.48880004882812 70.73990631103516 68.59756469726562 71.0118408203125 71.785888671875 72.1263656616211 73.33683013916016 
104.92617797851562 108.15401458740234 106.35209655761719 102.6095962524414 107.94473266601562 105.3280029296875 111.04399871826172 107.04153442382812 
60.46700668334961 61.82796859741211 59.711456298828125 60.949886322021484 59.826080322265625 60.321983337402344 60.75519943237305 60.880767822265625 
60.49273681640625 58.742942810058594 61.408287048339844 60.532833099365234 61.07059097290039 60.393951416015625 61.17465591430664 60.847007751464844 
61.70985412597656 59.0827522277832 59.65302276611328 59.806976318359375 61.11555099487305 59.94367980957031 60.99856185913086 60.055328369140625 
60.07939147949219 61.54787063598633 59.71964645385742 61.24156951904297 60.21798324584961 59.032894134521484 59.62819290161133 60.34956741333008 
62.98652648925781 58.93891143798828 60.60956954956055 59.961952209472656 61.064449310302734 59.03948974609375 60.169857025146484 60.78755187988281 
62.09609603881836 61.33622360229492 60.78291320800781 61.20185470581055 59.952510833740234 60.04323196411133 60.515201568603516 61.566688537597656 
62.972511291503906 60.50873565673828 60.743743896484375 59.98031997680664 59.947776794433594 59.33078384399414 60.95091247558594 61.14838409423828 
60.77532958984375 59.877662658691406 59.54848098754883 61.1223030090332 61.097503662109375 60.807456970214844 59.11308670043945 61.014305114746094 
61.40127944946289 58.7295036315918 57.74256134033203 60.813697814941406 61.637535095214844 60.42144012451172 60.87366485595703 60.35286331176758 
61.56889724731445 59.59660720825195 60.17504119873047 60.68195343017578 60.31516647338867 60.59686279296875 60.969505310058594 60.522430419921875 
41.1824951171875 40.050750732421875 40.907840728759766 40.88246536254883 40.6992301940918 40.51996612548828 40.49622344970703 40.82447814941406 
41.19279861450195 41.34492874145508 40.75724792480469 40.65900802612305 40.431007385253906 40.47024154663086 40.76371383666992 40.8919677734375 
40.980224609375 40.959041595458984 40.9279670715332 41.250335693359375 40.76784133911133 41.54326248168945 42.01542282104492 40.87148666381836 
41.542110443115234 40.13657760620117 40.388065338134766 41.374176025390625 40.81631851196289 40.65900802612305 40.43318557739258 40.598846435546875 
41.089054107666016 41.1077766418457 40.42067337036133 40.58649444580078 40.33820724487305 40.513824462890625 40.872318267822266 41.035423278808594 
41.20943832397461 41.08787155151367 40.94700622558594 41.06550216674805 41.40300750732422 41.62313461303711 41.9062385559082 40.93247985839844 
41.921630859375 40.78432083129883 42.02988815307617 41.73030471801758 41.56777572631836 41.050689697265625 40.4628791809082 41.11391830444336 
41.01270294189453 41.524993896484375 41.29430389404297 41.069278717041016 40.75651168823242 40.046688079833984 40.6069450378418 40.73936080932617 
41.80255889892578 41.50172805786133 40.357662200927734 41.195552825927734 40.54956817626953 40.839969635009766 40.6569938659668 40.32313537597656 
42.848480224609375 40.81126403808594 40.90883255004883 41.36742401123047 41.17536163330078 41.51862335205078 41.91535949707031 41.8144645690918 
55.89686584472656 54.84012985229492 57.38617706298828 57.23766326904297 55.520992279052734 55.26019287109375 56.06752014160156 56.73814392089844 
57.44678497314453 57.10636901855469 54.938880920410156 55.84543991088867 55.847904205322266 56.57913589477539 56.34758377075195 57.10201644897461 
56.45024108886719 56.02947235107422 57.8105583190918 56.5335693359375 54.590816497802734 55.67625427246094 56.201534271240234 57.460384368896484 
56.921504974365234 56.03388977050781 55.27859115600586 55.474945068359375 56.10438537597656 56.72627258300781 57.39535903930664 56.98313522338867 
57.02479934692383 54.973182678222656 55.200191497802734 56.046302795410156 56.46294403076172 57.017791748046875 56.281185150146484 56.24371337890625 
57.418880462646484 55.6300163269043 55.6894416809082 55.07148742675781 56.26831817626953 57.08464050292969 56.47856140136719 55.76185607910156 
55.88937759399414 54.28345489501953 55.17007827758789 55.190208435058594 55.58563232421875 57.57347106933594 57.401695251464844 56.59926223754883 
56.25628662109375 55.2562255859375 55.02764892578125 56.286720275878906 57.11500930786133 56.38451385498047 56.946144104003906 55.18815994262695 
56.025630950927734 55.408897399902344 57.1945915222168 57.20614242553711 56.956382751464844 55.234657287597656 55.493438720703125 56.19420623779297 
56.61964797973633 55.74137496948242 55.045536041259766 55.82700729370117 57.00358581542969 57.31001663208008 56.318302154541016 56.133697509765625 
97.06668853759766 93.49273681640625 96.33545684814453 98.03855895996094 94.6612777709961 93.71241760253906 98.04595184326172 96.08329772949219 
96.32393646240234 94.28841400146484 97.28473663330078 94.22547149658203 96.81046295166016 95.47885131835938 94.76806640625 97.8150405883789 
96.06063842773438 96.63404846191406 96.71481323242188 95.27734375 95.55609893798828 97.2742691040039 97.96495819091797 97.01708984375 
94.66143798828125 96.5024642944336 97.51286315917969 91.42591857910156 97.90796661376953 99.744384765625 96.57234954833984 96.62281799316406 
95.3436508178711 95.09942626953125 97.38579559326172 98.15340423583984 96.94684600830078 97.41081237792969 95.70572662353516 95.51305389404297 
95.74700927734375 97.4167709350586 96.36450958251953 95.0421142578125 95.62550354003906 94.80636596679688 95.19123077392578 95.68498992919922 
97.1917724609375 94.15542602539062 97.57875061035156 95.8207015991211 94.94195556640625 97.98982238769531 96.7771224975586 96.67024230957031 
96.48985290527344 97.44486236572266 96.59174346923828 94.64460754394531 96.4017562866211 94.8419189453125 97.76665496826172 94.49785614013672 
97.15347290039062 97.13948822021484 96.28521728515625 95.59241485595703 96.3216323852539 98.1121597290039 96.77654266357422 96.02838134765625 
95.74092864990234 96.9395523071289 93.59986877441406 97.1242904663086 96.23955535888672 95.4505615234375 97.58704376220703 97.90751647949219 
83.26659393310547 84.57209777832031 82.25440216064453 80.42947387695312 82.88902282714844 82.87849426269531 84.69782257080078 83.69439697265625 
82.40550231933594 83.3144302368164 82.08601379394531 81.37564849853516 82.9012451171875 81.8180160522461 78.50131225585938 81.01103973388672 
82.01644897460938 82.81123352050781 82.39129638671875 83.32173156738281 81.46489715576172 81.10294342041016 83.2667236328125 86.01494598388672 
81.61039733886719 81.26233673095703 80.70732879638672 82.90729522705078 81.99565124511719 79.18019104003906 82.71119689941406 80.74873352050781 
83.1632308959961 82.40070343017578 78.57612609863281 81.41865539550781 82.90496063232422 81.4797134399414 83.33123016357422 81.40799713134766 
83.17558288574219 81.5613784790039 81.1824951171875 83.4134750366211 82.15615844726562 82.96966552734375 82.29302215576172 80.55308532714844 
82.4295654296875 80.615234375 80.16438293457031 81.7350082397461 81.32947540283203 82.84307098388672 80.1343994140625 80.79036712646484 
83.09327697753906 80.29920196533203 83.09734344482422 80.79106903076172 81.68736267089844 82.56358337402344 83.76473236083984 80.87897491455078 
82.54029083251953 78.74607849121094 82.10575866699219 80.96627044677734 82.52268981933594 83.532958984375 85.09526062011719 80.4684829711914 
81.74441528320312 85.05107116699219 80.96636962890625 82.16607666015625 81.62957000732422 81.71504211425781 82.89603424072266 83.39759826660156 
111.58207702636719 112.14153289794922 112.60205078125 113.64396667480469 112.8787841796875 113.5730209350586 111.72553253173828 112.92550659179688 
109.92768096923828 112.68927764892578 113.21552276611328 114.72246551513672 114.63731384277344 112.17938995361328 113.6091537475586 112.57273864746094 
112.6924819946289 113.06291198730469 114.07318115234375 110.90057373046875 116.03497314453125 113.84182739257812 111.48550415039062 117.27276611328125 
111.7628173828125 115.69232177734375 113.11833953857422 113.28137969970703 119.52428436279297 111.72835540771484 112.01676940917969 111.72118377685547 
113.45964813232422 113.39190673828125 114.36326599121094 113.01702117919922 109.02281951904297 115.05593872070312 115.21414184570312 111.65087890625 
110.73641967773438 113.97331237792969 111.92700958251953 112.69926452636719 112.825439453125 110.86605072021484 116.89027404785156 112.08902740478516 
113.1058578491211 111.83926391601562 114.19647979736328 112.6171875 116.5374755859375 114.35001373291016 113.04243469238281 113.37232208251953 
114.5758056640625 113.87948608398438 115.4587173461914 113.63043212890625 112.79328155517578 113.08380889892578 112.34483337402344 112.06585693359375 
113.42237091064453 112.19564819335938 114.24012756347656 111.09718322753906 115.09929656982422 112.7833251953125 114.19868469238281 115.07357025146484 
113.22502136230469 116.48019409179688 112.1924819946289 112.54783630371094 113.49263763427734 114.72806549072266 112.55567932128906 110.08460998535156 
83.32624053955078 85.02873229980469 83.09820556640625 81.58335876464844 82.87753295898438 82.81708526611328 83.2040023803711 83.23814392089844 
82.48729705810547 83.66390228271484 82.15238189697266 85.53759765625 87.86271667480469 84.72962951660156 81.52294158935547 83.45308685302734 
83.41715240478516 84.5162582397461 82.21151733398438 79.6978530883789 82.18377685546875 83.28899383544922 85.5540771484375 83.69884490966797 
81.05398559570312 82.5601577758789 82.1899185180664 85.82259368896484 88.11449432373047 82.85104370117188 81.7392349243164 84.33612823486328 
83.56018829345703 85.25068664550781 82.99244689941406 81.6744613647461 82.94214630126953 82.19449615478516 83.31346893310547 82.79119873046875 
81.6332778930664 80.48384094238281 81.76448059082031 86.48614501953125 85.63455963134766 82.83123016357422 84.78457641601562 83.9669418334961 
84.35469055175781 81.52371215820312 82.28934478759766 82.74224090576172 84.42124938964844 83.5591049194336 84.9873275756836 81.43977355957031 
83.33657836914062 85.78502655029297 82.73785400390625 84.2628173828125 80.989501953125 83.61622619628906 84.26387023925781 81.97360229492188 
81.55379486083984 83.30687713623047 84.52611541748047 82.8628158569336 87.07273864746094 84.35997009277344 83.33411407470703 81.02886199951172 
82.89491271972656 86.36284637451172 82.82444763183594 83.76028442382812 81.64220428466797 83.83427429199219 84.76943969726562 81.8135986328125 
57.74313735961914 57.222496032714844 56.121055603027344 55.9071044921875 55.2492790222168 55.62099075317383 56.28508758544922 57.55916976928711 
57.30815887451172 56.25321578979492 56.05507278442383 57.820159912109375 56.648223876953125 56.32275390625 55.67919921875 55.67510223388672 
57.08822250366211 56.38499069213867 55.43203353881836 55.1835823059082 55.523807525634766 55.996158599853516 56.78998565673828 57.85715103149414 
56.261505126953125 55.787200927734375 55.61548614501953 55.57542419433594 55.52899169921875 56.38374328613281 56.77276611328125 59.040096282958984 
55.14659118652344 55.36966323852539 55.3969612121582 56.54127883911133 56.15091323852539 57.6855354309082 55.05027389526367 57.127262115478516 
56.457054138183594 56.49795150756836 55.338016510009766 55.557952880859375 55.79180908203125 56.426368713378906 57.19420623779297 56.051422119140625 
57.397377014160156 56.24787139892578 57.182430267333984 55.41337585449219 55.50348663330078 55.86723327636719 56.10579299926758 56.65568161010742 
56.618465423583984 56.61721420288086 56.1308479309082 57.69772720336914 57.040672302246094 56.50707244873047 55.65311813354492 55.72118377685547 
56.93753433227539 57.09833526611328 55.73436737060547 57.69366455078125 56.51897430419922 55.2586555480957 55.965248107910156 56.927520751953125 
57.397857666015625 56.28489685058594 53.9532470703125 55.97305679321289 55.586814880371094 55.6703987121582 56.47916793823242 57.81827163696289 
52.00339126586914 50.14140701293945 51.37548828125 50.6703987121582 50.63142395019531 51.42822265625 51.3185920715332 51.388832092285156 
51.20732879638672 51.640384674072266 51.24883270263672 50.922977447509766 50.04355239868164 51.168128967285156 51.71868896484375 52.035072326660156 
52.48051071166992 51.43369674682617 50.537696838378906 51.30259323120117 50.23596954345703 51.6376953125 50.64652633666992 52.248897552490234 
51.970401763916016 51.27439880371094 49.986785888671875 51.12790298461914 52.074913024902344 51.816768646240234 51.14316940307617 49.98521423339844 
51.23152160644531 50.1071662902832 50.91791915893555 51.106529235839844 50.97343826293945 50.1049919128418 51.536865234375 52.00873565673828 
51.269920349121094 50.11555099487305 51.53401565551758 50.14060974121094 50.90547180175781 52.37148666381836 51.650943756103516 51.52345657348633 
51.241153717041016 51.27376174926758 51.4766731262207 50.19385528564453 50.89692687988281 52.384830474853516 51.00352096557617 50.74662399291992 
51.103614807128906 50.164161682128906 51.52374267578125 51.27056121826172 50.20140838623047 51.00035095214844 52.52799987792969 51.965599060058594 
52.11260986328125 50.951839447021484 51.63481521606445 50.360862731933594 50.664894104003906 50.457984924316406 51.8548469543457 51.4796142578125 
51.75446319580078 49.87910461425781 51.61017608642578 50.60899353027344 50.44972610473633 50.65689468383789 52.21209716796875 51.060672760009766 
34.66486358642578 34.961727142333984 34.8144645690918 33.93462371826172 34.18534469604492 35.03852844238281 34.606719970703125 34.7716178894043 
99.05785369873047 99.31321716308594 99.4089584350586 99.60320281982422 98.98687744140625 97.12262725830078 99.65087890625 98.70345306396484 
36.08390426635742 34.48992156982422 34.74153518676758 33.8642578125 34.81273651123047 33.87696075439453 34.74428939819336 34.22361755371094 
102.06018829345703 102.89958190917969 101.05699157714844 102.11840057373047 100.57392120361328 102.41366577148438 101.69955444335938 102.55359649658203 
36.31119918823242 34.505985260009766 34.77862548828125 35.2663688659668 34.41801452636719 34.805118560791016 33.82844924926758 34.11270523071289 
100.27827453613281 101.58857727050781 104.001953125 105.13807678222656 100.6364517211914 100.74944305419922 100.32061004638672 98.61949157714844 
35.414913177490234 34.50358581542969 33.868385314941406 34.355873107910156 34.62089538574219 34.61667251586914 34.88969421386719 35.222591400146484 
100.95423889160156 101.8941421508789 101.75228881835938 101.3536605834961 102.20649719238281 100.56409454345703 101.54338836669922 102.012451171875 
36.49059295654297 35.020416259765625 35.08176040649414 33.89161682128906 34.309471130371094 34.09142303466797 34.62355041503906 34.202239990234375 
102.76604461669922 101.09593963623047 101.82966613769531 102.03411102294922 100.17676544189453 99.22470092773438 99.89689636230469 101.54329681396484 
35.126529693603516 34.887550354003906 33.88438415527344 34.56079864501953 34.0555534362793 34.742942810058594 34.312286376953125 34.892608642578125 
101.09075164794922 103.86438751220703 100.3034896850586 101.1513900756836 100.4629135131836 102.07276916503906 102.31696319580078 101.0057601928711 
36.67494583129883 34.640480041503906 34.894527435302734 34.33564758300781 34.71964645385742 34.124351501464844 34.40617752075195 34.06364822387695 
100.73999786376953 98.48480224609375 100.3469467163086 101.19510650634766 101.11328125 103.23225402832031 98.60384368896484 101.1072998046875 
35.61756896972656 34.137184143066406 34.63359832763672 34.814815521240234 34.575008392333984 35.06159973144531 34.37481689453125 34.64198303222656 
102.72662353515625 103.06230163574219 105.5129623413086 101.22457885742188 100.44694519042969 102.53916931152344 101.83353424072266 103.02992248535156 
36.609920501708984 34.6778564453125 33.71913528442383 34.706878662109375 34.1756477355957 33.97100830078125 34.55152130126953 35.07980728149414 
99.01631927490234 101.04537963867188 99.2808609008789 103.12659454345703 101.54694366455078 101.90153503417969 101.71981048583984 100.68524932861328 
35.65516662597656 33.840030670166016 34.64857482910156 34.09199905395508 34.4463996887207 34.11510467529297 34.502559661865234 34.334014892578125 
99.59468841552734 99.623779296875 100.33712005615234 101.08892822265625 101.09254455566406 101.78079986572266 100.39225769042969 101.24114990234375 
91.48076629638672 89.48876953125 90.83916473388672 90.01103973388672 89.61737823486328 91.64125061035156 90.26509094238281 95.29913330078125 
92.51910400390625 92.88336181640625 91.63724517822266 90.45382690429688 91.77609252929688 87.70713806152344 90.83625793457031 93.36659240722656 
90.85430145263672 90.6355209350586 89.92435455322266 91.47599792480469 90.51254272460938 92.47305297851562 90.05564880371094 91.88854217529297 
90.8664321899414 89.6998062133789 92.70499420166016 89.72252655029297 91.27519989013672 91.18934631347656 89.33570861816406 91.3536605834961 
89.5560302734375 91.03241729736328 91.19676971435547 88.67910766601562 92.12793731689453 91.73702239990234 92.96115112304688 90.01289367675781 
90.10822296142578 91.23426818847656 90.1864013671875 92.21670532226562 94.3042221069336 92.94438171386719 90.29219055175781 91.01548767089844 
90.36406707763672 93.50563049316406 89.42454528808594 89.44070434570312 93.074462890625 90.21753692626953 91.61990356445312 91.16598510742188 
91.90147399902344 89.51248168945312 89.61666870117188 91.1681900024414 90.26073455810547 92.48841857910156 90.77484893798828 87.45785522460938 
90.04966735839844 87.63558197021484 90.98822021484375 91.45986938476562 92.2204818725586 90.7694091796875 90.38121795654297 92.68755340576172 
90.70611572265625 92.47097778320312 89.36959838867188 92.2597427368164 92.31488037109375 89.71186828613281 90.03948974609375 89.87849426269531 
53.31087875366211 51.19113540649414 51.677886962890625 50.685665130615234 51.27699279785156 52.39436721801758 51.407615661621094 50.247520446777344 
92.06317138671875 92.6810531616211 90.98175811767578 93.78233337402344 90.43753814697266 92.23139190673828 91.79785919189453 90.94569396972656 
54.78803253173828 50.31792068481445 51.79670333862305 51.980926513671875 50.98342514038086 51.345375061035156 53.119712829589844 51.68880081176758 
92.63516998291016 90.54204559326172 94.13040161132812 88.87808227539062 92.48595428466797 91.70521545410156 91.34297943115234 90.57814025878906 
54.901695251464844 49.382591247558594 50.95481491088867 51.24256134033203 51.97804641723633 51.25356674194336 50.95830535888672 50.9964485168457 
91.12732696533203 90.90105438232422 90.58790588378906 89.37318420410156 94.24227142333984 91.89276885986328 93.1923828125 93.35820770263672 
52.75251388549805 50.965824127197266 51.341983795166016 50.525665283203125 50.654144287109375 51.906944274902344 51.16032028198242 51.470497131347656 
91.84575653076172 92.19513702392578 92.95974731445312 91.1395492553711 91.3304672241211 90.453857421875 92.62032318115234 89.68768310546875 
53.046016693115234 51.1583366394043 49.7151985168457 51.99001693725586 50.8089599609375 52.146080017089844 50.812320709228516 50.44230270385742 
91.44566345214844 94.24188995361328 88.93475341796875 94.38041687011719 91.06531524658203 92.2911376953125 92.39971160888672 94.01062774658203 
53.741790771484375 50.32080078125 50.521278381347656 52.14918518066406 49.52851104736328 50.777984619140625 52.162689208984375 51.26668930053711 
91.02828979492188 91.09343719482422 90.64956665039062 91.92736053466797 91.06432342529297 93.078369140625 93.69225311279297 91.09785461425781 
52.94825744628906 51.21769714355469 51.273536682128906 51.12294387817383 50.864158630371094 52.172447204589844 50.984031677246094 50.80966567993164 
93.66700744628906 89.46905517578125 92.8345947265625 91.09209442138672 95.32105255126953 89.68566131591797 93.74995422363281 90.71961975097656 
54.29510498046875 52.1016960144043 51.34688186645508 50.22691345214844 52.6091194152832 52.163360595703125 50.87529754638672 49.24224090576172 
91.06566619873047 89.16342163085938 93.53113555908203 90.38387298583984 92.76630401611328 90.11580657958984 92.314208984375 89.30191802978516 
53.0208625793457 49.24310302734375 52.17107009887695 50.7283821105957 50.46646499633789 50.7993278503418 50.78224182128906 51.49311828613281 
92.7959976196289 91.61478424072266 91.75971221923828 90.68029022216797 91.08345794677734 92.66435241699219 93.961181640625 90.98649597167969 
52.998207092285156 52.10774230957031 51.386016845703125 50.438209533691406 51.98294448852539 51.63983917236328 50.868896484375 51.85411071777344 
90.88345336914062 93.28921508789062 90.6322250366211 96.75267028808594 90.47456359863281 92.83132934570312 91.6725082397461 91.50511932373047 
65.7330551147461 66.5 66.49756622314453 66.7936019897461 66.60294342041016 64.23792266845703 65.14358520507812 67.50717163085938 
65.57657623291016 65.00630187988281 64.31724548339844 66.03596496582031 66.5492172241211 67.00566101074219 67.2966079711914 66.67740631103516 
65.06387329101562 65.16492462158203 65.63699340820312 65.31228637695312 65.08761596679688 64.61174774169922 66.72367858886719 67.36249542236328 
64.39437103271484 66.09420776367188 67.09363555908203 66.67916870117188 67.4749755859375 67.4453125 66.9188461303711 66.69058990478516 
65.5864028930664 66.78822326660156 66.45929718017578 66.09490966796875 65.34889221191406 66.1343002319336 66.439453125 66.4065933227539 
65.38915252685547 67.19667053222656 66.65241241455078 67.10224151611328 66.09251403808594 65.18498992919922 65.9961929321289 66.39363098144531 
64.26624298095703 66.73817443847656 66.13072204589844 65.0156478881836 66.54656219482422 64.2751693725586 65.10467529296875 67.7228775024414 
66.1247329711914 64.5796127319336 66.18985748291016 63.90812683105469 65.67164611816406 66.00495910644531 66.1725082397461 66.77481842041016 
66.50006103515625 66.59174346923828 66.93753814697266 66.87014770507812 64.8050537109375 65.49775695800781 65.15708923339844 67.02896118164062 
66.31951904296875 62.87779235839844 67.23289489746094 64.35708618164062 65.34284973144531 65.1839370727539 65.68803405761719 65.97052764892578 
71.06204986572266 68.24806213378906 69.82380676269531 69.25865936279297 68.94464111328125 68.13126373291016 68.45967864990234 69.01721954345703 
110.5409927368164 111.5832290649414 108.94246673583984 110.86726379394531 108.76179504394531 111.64669036865234 109.83539581298828 113.9686050415039 
69.30032348632812 70.09442901611328 71.19107055664062 70.17779541015625 69.9830093383789 69.10934448242188 70.56537628173828 67.62435150146484 
112.04319763183594 109.50390625 110.2996826171875 111.08342742919922 114.40038299560547 110.52310180664062 107.70304107666016 108.77359771728516 
70.80815887451172 68.99715423583984 68.84127807617188 68.27654266357422 68.09382629394531 68.96131134033203 68.759521484375 69.43241882324219 
108.50077056884766 113.20352172851562 111.43660736083984 111.47257232666016 110.00323486328125 108.61910247802734 111.98649597167969 110.81625366210938 
70.38521575927734 71.31027221679688 70.2350082397461 70.82009887695312 67.46121978759766 71.01811218261719 69.085693359375 69.56531524658203 
107.744384765625 111.44534301757812 115.1126708984375 112.81439971923828 110.1530532836914 107.56626892089844 115.38003540039062 111.43001556396484 
70.39075469970703 70.12745666503906 68.02210998535156 69.18611145019531 68.81686401367188 67.57746887207031 69.32876586914062 70.28662109375 
111.77932739257812 106.46736145019531 111.26412963867188 109.69439697265625 114.5145263671875 109.41728210449219 110.01593780517578 109.5282211303711 
68.67625427246094 68.9573745727539 70.01641845703125 69.63744354248047 69.73868560791016 68.25039672851562 70.46745300292969 71.29020690917969 
109.12700653076172 111.58438110351562 113.52140808105469 114.35040283203125 112.22492980957031 111.259521484375 109.80242919921875 115.0164794921875 
69.64409637451172 68.18841552734375 68.7977294921875 68.9781723022461 68.92598724365234 67.13062286376953 69.39033508300781 69.60543823242188 
108.90153503417969 109.85043334960938 111.1824951171875 114.90166473388672 111.55935668945312 113.89311981201172 109.35305786132812 110.62540435791016 
71.09017944335938 70.00927734375 68.40220642089844 70.30786895751953 71.2081298828125 66.1746597290039 69.30579376220703 67.97660827636719 
110.08102416992188 108.49795532226562 109.70646667480469 112.66403198242188 110.70146942138672 113.39059448242188 110.76358032226562 110.32963562011719 
69.55305480957031 69.28607940673828 70.90147399902344 70.0433578491211 70.0176010131836 68.00780487060547 69.87932586669922 71.26950073242188 
109.81110382080078 106.12937927246094 110.73638153076172 109.91577911376953 111.8786849975586 109.60819244384766 110.3248291015625 110.0041275024414 
68.99971008300781 69.20963287353516 70.45276641845703 69.4431381225586 70.10054779052734 67.52738952636719 71.04589080810547 70.68156433105469 
109.05168151855469 108.97456359863281 107.728515625 113.32848358154297 111.13894653320312 110.47840118408203 111.02515411376953 112.31302642822266 
34.16329574584961 33.929664611816406 34.34409713745117 33.83407974243164 33.81740951538086 34.45414352416992 34.48582458496094 33.702880859375 
33.980926513671875 33.91791915893555 34.17136001586914 34.44188690185547 34.57513427734375 34.120094299316406 34.34739303588867 34.428001403808594 
34.385440826416016 34.188865661621094 33.8037109375 33.967201232910156 33.87062454223633 34.44643020629883 33.75174331665039 34.029823303222656 
36.1926383972168 33.49305725097656 33.964351654052734 34.343231201171875 34.49635314941406 34.76335906982422 34.28790283203125 34.365055084228516 
35.64662551879883 34.248958587646484 34.79289627075195 34.320960998535156 34.05865478515625 34.09369659423828 34.36262512207031 34.50611114501953 
35.158111572265625 34.22252655029297 33.96636962890625 34.39177703857422 34.481536865234375 34.326942443847656 34.086910247802734 33.81321716308594 
34.26508712768555 34.13065719604492 34.50252914428711 34.235198974609375 34.071998596191406 34.28566360473633 34.586143493652344 33.65846252441406 
36.60790252685547 33.95452880859375 34.23571014404297 34.36227035522461 34.42425537109375 34.38054275512695 33.9436149597168 33.921630859375 
34.71571350097656 33.63471984863281 33.87606430053711 34.493438720703125 34.602622985839844 34.49184036254883 34.14704132080078 34.217567443847656 
34.6847038269043 34.43494415283203 34.37241744995117 34.37539291381836 34.26883316040039 34.38438415527344 34.72857666015625 34.8568000793457 
75.84534454345703 75.16310119628906 77.33731079101562 75.15824127197266 77.06221008300781 74.94226837158203 76.27970886230469 76.08694458007812 
76.69049835205078 75.1899185180664 74.55292510986328 75.90601348876953 74.6098861694336 74.92505645751953 76.54898834228516 75.83516693115234 
75.5508804321289 74.57615661621094 78.33824157714844 75.2615966796875 76.11724853515625 76.15106964111328 75.20079803466797 75.60857391357422 
74.0304946899414 76.20883178710938 75.38633728027344 77.62425231933594 75.41343688964844 75.4319076538086 75.07904052734375 73.3387222290039 
73.65676879882812 76.31017303466797 75.83206176757812 76.25091552734375 76.6695327758789 76.83277130126953 75.62751770019531 74.27561950683594 
75.64466857910156 75.01455688476562 77.20681762695312 74.7927017211914 75.64131164550781 76.14988708496094 75.25462341308594 77.78591918945312 
76.16960144042969 75.13164520263672 76.08230590820312 74.74736022949219 76.5357437133789 75.33833312988281 75.92211151123047 75.7375717163086 
75.45001220703125 77.89823913574219 73.21497344970703 75.62329864501953 75.11436462402344 77.31078338623047 74.69344329833984 77.06531524658203 
74.87382507324219 77.81954956054688 73.6882553100586 76.54003143310547 73.88761901855469 75.82879638671875 75.66124725341797 76.1424331665039 
78.26371002197266 75.73878479003906 74.34864044189453 75.42396545410156 74.0765151977539 77.53497314453125 73.24867248535156 76.2017593383789 
111.85027313232422 113.57059478759766 114.3675537109375 113.38432312011719 112.83487701416016 115.34588623046875 112.20214080810547 113.55411529541016 
111.07901000976562 113.66627502441406 112.15184020996094 112.59964752197266 112.16252899169922 111.57132720947266 114.6279067993164 110.37801361083984 
114.7899169921875 119.05753326416016 111.86921691894531 115.76742553710938 113.18982696533203 112.2459487915039 111.75325012207031 111.82278442382812 
111.98089599609375 112.79020690917969 115.5880355834961 112.29129791259766 114.20515441894531 112.51538848876953 112.60272216796875 116.19264221191406 
111.66339111328125 114.91161346435547 113.12438201904297 114.75794982910156 113.21353912353516 112.83821105957031 115.75516510009766 113.95516967773438 
114.11881256103516 113.23382568359375 115.28083038330078 113.69967651367188 112.15936279296875 115.74813079833984 112.78742218017578 118.90662384033203 
112.86831665039062 112.28956604003906 113.38243103027344 112.75753784179688 111.59184265136719 112.9339828491211 111.92169952392578 111.29840087890625 
111.96099090576172 113.85491180419922 112.35209655761719 114.73302459716797 112.14995574951172 112.31922912597656 110.69171142578125 111.855712890625 
112.28284454345703 110.28665924072266 116.07154846191406 112.89810943603516 115.35033416748047 112.87238311767578 111.57357025146484 113.68339538574219 
112.14947509765625 113.56716918945312 113.03123474121094 112.52745819091797 112.2968978881836 112.102783203125 113.1568603515625 112.11734771728516 
40.12284851074219 37.70105743408203 37.02217483520508 38.527774810791016 38.80374526977539 38.6077766418457 38.5173454284668 38.13033676147461 
109.838623046875 110.14543914794922 110.12662506103516 110.56883239746094 111.6822738647461 109.96915435791016 115.23248291015625 112.548095703125 
39.28553771972656 38.076351165771484 38.06342315673828 38.30031967163086 37.29363250732422 38.39129638671875 38.550689697265625 38.761566162109375 
109.4865951538086 109.72428894042969 109.53289794921875 111.54847717285156 109.61190032958984 110.47081756591797 108.96927642822266 110.62886047363281 
41.335105895996094 37.407230377197266 37.60895919799805 38.24105453491211 38.117374420166016 37.78521728515625 37.508544921875 38.7665901184082 
109.69811248779297 110.89055633544922 110.51510620117188 113.95539093017578 111.58211517333984 112.0492172241211 110.7287368774414 108.9361572265625 
39.85414505004883 37.839935302734375 38.06739044189453 37.12739181518555 36.90073776245117 38.652095794677734 38.35203170776367 38.37196731567383 
109.0268783569336 109.1503677368164 109.87644958496094 112.03494262695312 105.6145248413086 110.50048065185547 110.10470581054688 111.7432632446289 
39.69468688964844 38.0118408203125 37.81798553466797 37.78188705444336 36.99484634399414 37.45423889160156 38.026241302490234 37.95561599731445 
108.78819274902344 109.3337631225586 109.2738265991211 113.79052734375 109.26374053955078 111.25126647949219 109.84239959716797 109.6707534790039 
39.71503829956055 38.61996841430664 38.28460693359375 37.9967041015625 37.48585510253906 37.72662353515625 38.38278579711914 38.387264251708984 
109.13827514648438 109.87471771240234 109.16767883300781 108.13587188720703 112.23939514160156 107.12035369873047 110.37980651855469 109.15888214111328 
40.88025665283203 38.385536193847656 38.444480895996094 38.052032470703125 38.202335357666016 37.10825729370117 37.94371032714844 38.67113494873047 
111.26627349853516 109.16365051269531 110.48694610595703 112.03763580322266 110.01324462890625 114.71782684326172 111.46125030517578 110.77366638183594 
40.60038375854492 38.12700653076172 37.33363342285156 38.665279388427734 37.77439880371094 38.31942367553711 38.024417877197266 37.966880798339844 
109.21564483642578 112.11007690429688 107.3071060180664 113.90467071533203 109.81372833251953 111.5186538696289 107.32608032226562 110.49622344970703 
39.81158447265625 37.26630401611328 37.111263275146484 38.72796630859375 38.707454681396484 38.33542251586914 38.17417526245117 37.86662292480469 
109.44601440429688 109.5976333618164 111.11532592773438 109.96835327148438 110.8380126953125 108.99571228027344 111.85948944091797 111.59027099609375 
39.6346549987793 37.75747299194336 38.128414154052734 38.78985595703125 38.74038314819336 37.644287109375 37.992897033691406 37.731807708740234 
111.0531234741211 111.93014526367188 107.76496124267578 111.92495727539062 113.57990264892578 111.80303955078125 109.72137451171875 110.12985229492188 
38.012577056884766 35.59324645996094 35.453983306884766 35.73507308959961 35.3040657043457 35.220638275146484 34.622398376464844 35.96796798706055 
41.14486312866211 37.15116882324219 36.823936462402344 37.28531265258789 37.14863967895508 36.46035385131836 37.076927185058594 37.106910705566406 
37.06281661987305 34.680641174316406 35.19878387451172 35.23571014404297 35.24214553833008 35.69523239135742 35.13884735107422 35.97660827636719 
39.80307388305664 35.68352127075195 36.84892654418945 37.02083206176758 36.48611068725586 36.148128509521484 36.831199645996094 36.84038543701172 
35.17084884643555 35.640254974365234 35.971710205078125 34.94492721557617 35.447200775146484 35.915679931640625 35.0687370300293 35.864383697509766 
38.21459197998047 37.04265594482422 37.0846061706543 36.29740905761719 36.575103759765625 36.165279388427734 37.08006286621094 37.091712951660156 
36.17987060546875 35.58278274536133 35.619102478027344 34.80595016479492 35.75872039794922 36.174686431884766 35.80271911621094 35.9918098449707 
39.51059341430664 37.01273727416992 36.397857666015625 36.601505279541016 36.78412628173828 36.935935974121094 37.17628860473633 37.20323181152344 
37.540191650390625 35.56800079345703 36.06547164916992 35.19148635864258 35.460289001464844 34.975486755371094 35.88560104370117 35.10678482055664 
39.223297119140625 36.704830169677734 36.94611358642578 37.38169479370117 36.739742279052734 36.503135681152344 36.28895950317383 37.10188674926758 
37.64886474609375 35.467201232910156 35.45334243774414 35.92015838623047 36.17292785644531 35.583744049072266 35.870304107666016 35.98134231567383 
40.9420166015625 35.6703987121582 36.419166564941406 36.33824157714844 37.363136291503906 36.88963317871094 36.870750427246094 36.66230392456055 
37.688480377197266 35.56480026245117 35.781982421875 36.06022262573242 34.95820617675781 36.39680099487305 35.11507034301758 35.52201461791992 
40.17708969116211 37.329246520996094 37.18435287475586 37.02217483520508 37.15804672241211 36.51590347290039 36.55187225341797 36.43084716796875 
36.27417755126953 34.878623962402344 35.56012725830078 35.227134704589844 35.99203109741211 35.75513458251953 35.356414794921875 35.68921661376953 
38.71123123168945 36.59507369995117 36.17747116088867 36.69295883178711 36.197792053222656 37.406654357910156 36.84521484375 36.793121337890625 
37.04051208496094 35.61974334716797 35.91427230834961 35.587646484375 36.159488677978516 35.867393493652344 35.98876953125 36.032958984375 
38.98672103881836 36.818111419677734 36.73990249633789 35.86332702636719 36.6901741027832 36.56233596801758 37.36211013793945 37.283199310302734 
36.83055877685547 34.91971206665039 35.519649505615234 35.776161193847656 35.92860794067383 36.223392486572266 35.64646530151367 35.88127899169922 
39.45417785644531 36.50902557373047 36.556766510009766 36.38111877441406 36.66236877441406 36.95033645629883 36.50764846801758 37.2503662109375 
35.70723342895508 34.939231872558594 35.59443283081055 35.251583099365234 35.80470275878906 35.564640045166016 35.51532745361328 36.07487869262695 
62.16758346557617 61.14361572265625 59.424320220947266 60.02057647705078 60.50153732299805 59.833152770996094 59.775489807128906 60.12518310546875 
38.87104034423828 35.50582504272461 35.60201644897461 35.27065658569336 35.96428680419922 35.63670349121094 35.154048919677734 34.822078704833984 
59.99203109741211 59.27667236328125 58.968223571777344 60.98857498168945 59.608062744140625 60.882911682128906 59.358238220214844 60.813568115234375 
35.377662658691406 34.905792236328125 35.25516891479492 35.63942337036133 35.46384048461914 35.72681427001953 35.567134857177734 34.705726623535156 
61.809471130371094 59.005409240722656 58.98044967651367 59.97321701049805 61.29020690917969 58.57503890991211 58.297950744628906 60.049217224121094 
35.60908889770508 35.401119232177734 34.99398422241211 35.333248138427734 34.63935852050781 35.625247955322266 35.08528137207031 35.926719665527344 
61.732608795166016 61.0107536315918 58.9703369140625 60.30384063720703 58.95004653930664 62.02799987792969 59.37577438354492 60.60371017456055 
36.486751556396484 35.36006546020508 35.06415939331055 35.959808349609375 35.6545295715332 35.93059158325195 35.605377197265625 34.69001770019531 
60.87334442138672 60.47555160522461 62.37247848510742 60.29782485961914 59.82828903198242 61.39292907714844 60.12883377075195 59.71091079711914 
36.19910430908203 35.50163269042969 35.1611213684082 34.785728454589844 35.24153518676758 35.07302474975586 35.56496047973633 35.41862487792969 
60.65203094482422 58.96371078491211 61.5709114074707 59.44112014770508 60.23811340332031 61.72256088256836 58.90892791748047 59.52134323120117 
39.51612854003906 35.68076705932617 35.274654388427734 35.07273483276367 35.95808029174805 35.52908706665039 35.241790771484375 34.962337493896484 
60.62297439575195 59.623294830322266 58.51542282104492 60.09356689453125 60.207969665527344 60.741024017333984 57.28531265258789 59.25027084350586 
39.449119567871094 35.21353530883789 35.2325439453125 35.76822280883789 35.79008102416992 35.77635192871094 35.73507308959961 35.68889617919922 
61.73321533203125 59.22576141357422 60.0362548828125 58.58281707763672 61.231361389160156 60.7026252746582 61.3834228515625 57.975711822509766 
38.70924758911133 35.51180648803711 35.034942626953125 35.82467269897461 35.38719940185547 34.81731033325195 35.82438278198242 35.601600646972656 
62.96323013305664 59.6954231262207 62.74969482421875 59.20182418823242 59.85776138305664 61.6267204284668 60.07231903076172 60.09260940551758 
37.15398406982422 35.646080017089844 35.393280029296875 34.53958511352539 35.27510452270508 35.47788619995117 35.91727828979492 35.80668640136719 
62.4068489074707 59.42595291137695 60.65033721923828 61.996639251708984 57.586849212646484 60.583072662353516 61.99126434326172 59.10403060913086 
75.59228515625 75.82646179199219 76.2330551147461 77.5440673828125 74.62480163574219 76.62454223632812 76.33055877685547 78.08550262451172 
75.72630310058594 77.82246398925781 76.57062530517578 76.56102752685547 75.62700653076172 76.92867279052734 76.10508728027344 77.78479766845703 
76.86019134521484 77.56684875488281 77.6436767578125 76.64745330810547 77.89961242675781 76.44322967529297 75.01715087890625 79.23286437988281 
75.22649383544922 76.98579406738281 75.86192321777344 76.4879379272461 76.87904357910156 78.0489273071289 77.36444854736328 75.3634262084961 
75.61219024658203 76.49862670898438 74.7558364868164 77.74848175048828 75.50476837158203 76.17747497558594 77.06195068359375 76.96851348876953 
77.3147201538086 77.64726257324219 77.73551940917969 76.8505630493164 76.55414581298828 75.97097778320312 74.73868560791016 80.14422607421875 
75.77613067626953 76.32857513427734 76.9901123046875 77.28358459472656 75.79334259033203 76.96326446533203 76.21001434326172 76.89344024658203 
76.33372497558594 75.22345733642578 78.1141128540039 76.59884643554688 76.45059204101562 73.7880630493164 77.56092834472656 77.0645751953125 
75.70518493652344 78.48992156982422 75.77526092529297 74.58604431152344 76.03743743896484 76.43804931640625 76.66313934326172 78.27247619628906 
75.39193725585938 77.88246154785156 74.4405746459961 77.30992126464844 75.62908935546875 76.70569610595703 76.0185317993164 77.57769775390625 
50.55161666870117 50.59791946411133 49.30275344848633 50.04857635498047 51.44095993041992 50.531070709228516 49.420223236083984 50.44278335571289 
50.10649490356445 50.64668655395508 50.71244812011719 50.71072006225586 49.66515350341797 51.816287994384766 51.22550582885742 50.35772705078125 
50.5742073059082 50.56950378417969 49.9167366027832 50.70729446411133 49.625919342041016 50.882720947265625 50.43404769897461 49.74371337890625 
49.618751525878906 51.28633499145508 50.89788818359375 49.45443344116211 50.83030319213867 51.10073471069336 50.60675048828125 49.763519287109375 
49.491424560546875 51.18803024291992 50.360862731933594 50.03254318237305 49.490848541259766 50.58755111694336 49.73750305175781 51.56470489501953 
53.02217483520508 49.248416900634766 49.435359954833984 50.865535736083984 49.369632720947266 50.597408294677734 50.45065689086914 50.5371208190918 
51.34921646118164 50.67766571044922 50.672000885009766 49.284767150878906 50.200096130371094 50.664894104003906 49.82841491699219 50.33552169799805 
50.147647857666016 51.325313568115234 49.966880798339844 50.21603012084961 49.679039001464844 50.66764831542969 49.62246322631836 51.69740676879883 
50.36054229736328 49.05411148071289 49.629791259765625 50.54121780395508 49.4411506652832 50.69996643066406 50.661216735839844 49.947166442871094 
50.78076934814453 48.115264892578125 50.74185562133789 50.27222442626953 49.91980743408203 51.07072067260742 50.96476745605469 50.19535827636719 
66.92588806152344 67.463134765625 67.64476776123047 67.34905242919922 67.2474594116211 64.38377380371094 67.648193359375 71.89353942871094 
67.6153564453125 66.23753356933594 66.82508850097656 67.22991943359375 67.12153625488281 67.03330993652344 67.01065826416016 69.48214721679688 
67.19782257080078 67.78412628173828 68.01673889160156 66.77203369140625 67.81855773925781 66.15193939208984 67.67699432373047 69.50418853759766 
65.34662628173828 66.24425506591797 65.09795379638672 65.59449768066406 65.9268798828125 66.97955322265625 66.84716796875 67.8061752319336 
66.07091522216797 67.45916748046875 67.19420623779297 67.22463989257812 65.24195098876953 66.80742645263672 66.2330551147461 67.02559661865234 
68.6816635131836 65.41827392578125 67.30000305175781 65.76480102539062 67.27664184570312 67.21430206298828 66.88777923583984 69.15180969238281 
66.63053131103516 67.30127716064453 66.45683288574219 67.82608032226562 65.97321319580078 66.74848175048828 66.84893035888672 69.19859313964844 
67.14985656738281 65.1277084350586 66.40252685546875 66.16560363769531 65.60530853271484 65.9901123046875 65.48121643066406 69.46915435791016 
66.55731201171875 67.55967712402344 66.15666961669922 67.65087890625 67.84659576416016 67.67436981201172 67.59590148925781 68.94105529785156 
66.69929504394531 67.38658905029297 67.20880126953125 65.68048095703125 67.44822692871094 65.70195007324219 67.25459289550781 70.62329864501953 
119.30892944335938 117.13452911376953 123.67088317871094 118.35759735107422 121.86367797851562 120.21456146240234 119.94054412841797 119.20809936523438 
118.61612701416016 126.55958557128906 120.11446380615234 120.62931060791016 120.05779266357422 120.43135833740234 119.74697875976562 119.87814331054688 
119.86707305908203 119.71369934082031 123.78108978271484 116.73942565917969 122.39266967773438 120.66483306884766 120.88406372070312 120.2880630493164 
121.12995147705078 120.00534057617188 120.07504272460938 121.40838623046875 122.42098999023438 119.6593246459961 122.8180160522461 122.86048126220703 
121.22032165527344 120.37321472167969 123.17935943603516 118.61849975585938 123.82256317138672 118.78934478759766 125.98191833496094 119.17533111572266 
119.3677749633789 122.18460845947266 121.27174377441406 122.85222625732422 119.84812927246094 122.49779510498047 119.54752349853516 127.27715301513672 
118.92758178710938 121.8927001953125 122.06774139404297 120.74524688720703 121.5617904663086 124.71363067626953 119.17449951171875 124.66397094726562 
120.13247680664062 123.18240356445312 122.60511779785156 119.8239974975586 120.6990737915039 122.37321472167969 121.99014282226562 118.88966369628906 
118.87142181396484 124.30841827392578 119.84381103515625 121.9399642944336 121.6644515991211 121.75299072265625 120.94496154785156 119.42787170410156 
121.73795318603516 119.8220443725586 122.41069030761719 120.0726089477539 120.06111907958984 121.34355163574219 121.35270690917969 120.04054260253906 
51.867584228515625 51.85228729248047 52.60182571411133 51.841888427734375 53.349822998046875 52.530494689941406 52.82041549682617 52.95334243774414 
53.01059341430664 52.88457489013672 52.70649719238281 53.32681655883789 52.57011032104492 52.54441452026367 51.28633499145508 52.13539123535156 
50.940895080566406 51.65203094482422 52.93305587768555 52.26649475097656 54.02220916748047 53.41411209106445 53.35136032104492 53.279457092285156 
52.250335693359375 52.45609664916992 51.54377746582031 51.87583923339844 53.152320861816406 51.30521774291992 52.397377014160156 53.64656066894531 
53.82057571411133 52.7151985168457 52.78217697143555 52.102176666259766 51.357791900634766 52.56496047973633 52.54240036010742 54.05952072143555 
51.54127883911133 51.75273513793945 52.50368118286133 53.493377685546875 52.96790313720703 52.56752014160156 53.89750289916992 54.027103424072266 
52.669822692871094 52.13043212890625 51.3361930847168 52.77872085571289 53.22051239013672 52.79414367675781 53.3969612121582 53.163902282714844 
51.98332977294922 53.44473648071289 52.62617492675781 52.54969787597656 52.53081512451172 51.698944091796875 52.25833511352539 54.162593841552734 
51.92732620239258 52.378047943115234 51.899871826171875 53.69055938720703 53.287105560302734 52.54374313354492 52.8326416015625 53.09324645996094 
53.25603103637695 53.098976135253906 52.41689682006836 52.59113693237305 51.6234245300293 52.52396774291992 52.16534423828125 51.75983810424805 
101.5143051147461 101.85826873779297 102.1640625 99.89695739746094 100.45609283447266 102.25234985351562 101.8163833618164 102.5278091430664 
100.42979431152344 102.20575714111328 103.81459045410156 105.50822448730469 100.76396942138672 102.96685028076172 104.20454406738281 104.30131530761719 
101.00627136230469 102.88569641113281 103.25357055664062 104.24524688720703 102.53145599365234 101.40550231933594 102.35504150390625 103.02851104736328 
101.03907012939453 102.89625549316406 101.65817260742188 104.27552032470703 104.21788787841797 100.09913635253906 102.28924560546875 98.45855712890625 
104.08182525634766 101.998046875 102.50128173828125 98.32061004638672 104.55753326416016 101.13938903808594 102.14608001708984 102.69586944580078 
103.2074203491211 102.37039947509766 103.02486419677734 102.31683349609375 106.65805053710938 101.9748764038086 101.35638427734375 101.23379516601562 
103.41970825195312 102.00102233886719 101.3609619140625 100.96377563476562 101.083740234375 101.83455657958984 101.4257583618164 103.02979278564453 
101.3485107421875 101.45404815673828 106.49523162841797 101.72310638427734 101.95145416259766 104.7784652709961 103.10982513427734 103.25408172607422 
103.26927947998047 101.80127716064453 101.76815795898438 104.68141174316406 102.176513671875 102.58895874023438 101.22259521484375 102.62242889404297 
103.66815948486328 101.37670135498047 102.88191986083984 100.84909057617188 104.07100677490234 103.99295806884766 101.43529510498047 102.5600357055664 
117.96886444091797 122.23280334472656 120.68185424804688 117.07516479492188 122.97417449951172 121.63600158691406 120.24797058105469 119.09561920166016 
118.68905639648438 119.07878112792969 121.70787048339844 121.7470703125 116.69388580322266 122.7231674194336 119.19254302978516 118.32991790771484 
118.29920196533203 121.75859069824219 119.73638153076172 122.16255950927734 119.47241973876953 120.44041442871094 120.99481964111328 118.94678497314453 
117.71244812011719 121.01542663574219 121.66630554199219 121.18844604492188 122.24784088134766 118.2861099243164 119.61519622802734 121.42253112792969 
118.64153289794922 120.39488220214844 120.97491455078125 118.79219055175781 122.54534149169922 120.6214370727539 120.89891052246094 121.15321350097656 
119.9483871459961 118.30671691894531 121.0383071899414 119.51602935791016 117.23798370361328 121.29116821289062 120.0401611328125 121.00841522216797 
119.27718353271484 119.87071990966797 121.49247741699219 120.21705627441406 120.2939224243164 119.43055725097656 121.68080139160156 118.78268432617188 
118.34754943847656 123.60015869140625 117.76396942138672 124.50947570800781 118.60336303710938 121.50640106201172 119.21517181396484 121.92729949951172 
116.89318084716797 121.2628173828125 119.0728988647461 116.4734115600586 125.35059356689453 117.79596710205078 119.5551986694336 119.75660705566406 
119.6756820678711 122.46739196777344 119.5572509765625 119.47283172607422 119.53040313720703 118.53311920166016 122.29116821289062 119.6463394165039 
50.16761779785156 48.816959381103516 47.287071228027344 48.966270446777344 48.28700637817383 48.37955093383789 48.5552978515625 48.28121566772461 
63.935264587402344 60.859073638916016 61.88393783569336 60.88729476928711 60.935264587402344 59.8355827331543 60.76249694824219 61.1195182800293 
51.69091033935547 49.19945526123047 48.304161071777344 48.028289794921875 47.67558288574219 48.6743049621582 47.29417419433594 48.52131271362305 
62.82876968383789 60.781982421875 63.84492874145508 60.90742492675781 62.10918426513672 59.82169723510742 61.63052749633789 61.93894577026367 
50.54985427856445 48.17776107788086 48.30646514892578 48.84214401245117 48.382080078125 48.72719955444336 48.01164627075195 48.455902099609375 
64.45401763916016 62.01740646362305 62.34521484375 58.940032958984375 62.36592102050781 61.6629753112793 61.595489501953125 60.82380676269531 
50.64191818237305 48.005313873291016 48.13865661621094 48.83692932128906 48.10297775268555 48.472225189208984 48.01996612548828 49.31087875366211 
63.187137603759766 59.6662712097168 60.55632019042969 62.329345703125 61.62441635131836 58.71887969970703 62.87206268310547 61.447486877441406 
51.47532653808594 47.8864631652832 48.483680725097656 48.217918395996094 47.65894317626953 48.70083236694336 49.09475326538086 48.326560974121094 
63.56643295288086 60.76444625854492 61.147361755371094 61.09958267211914 61.024192810058594 62.037025451660156 63.06611251831055 61.12297439575195 
49.89420700073242 47.866783142089844 48.07379150390625 48.26899337768555 48.47420883178711 48.47385787963867 48.02364730834961 49.09196853637695 
63.560543060302734 61.33212661743164 59.98505783081055 60.99296188354492 62.70844650268555 60.855552673339844 63.73936080932617 60.637535095214844 
49.63206481933594 49.79148864746094 47.876129150390625 49.46934509277344 47.861534118652344 49.61235046386719 48.36985778808594 48.18220901489258 
63.928382873535156 60.28281784057617 61.457950592041016 63.911678314208984 60.85811233520508 62.02000045776367 62.03558349609375 60.48441696166992 
50.16969680786133 46.228065490722656 48.27040100097656 49.163360595703125 48.04710388183594 49.734336853027344 48.35580825805664 48.97382354736328 
62.06390380859375 61.353057861328125 62.89155197143555 61.08099365234375 61.257633209228516 60.98259353637695 62.19955062866211 59.34761428833008 
52.45686340332031 47.47177505493164 48.51996612548828 48.61382293701172 48.02463912963867 48.813758850097656 48.4463996887207 48.22380828857422 
61.99740982055664 58.84316635131836 60.69830322265625 60.79715347290039 63.13273620605469 61.442527770996094 62.19091033935547 61.95382308959961 
52.015968322753906 47.6363525390625 49.2874870300293 47.67839813232422 47.05926513671875 48.501216888427734 48.53792190551758 47.45507049560547 
64.87296295166016 62.14179229736328 60.809791564941406 61.26451110839844 61.51609420776367 61.37395095825195 60.486080169677734 60.16409683227539 
75.95600128173828 74.35568237304688 72.79939270019531 73.43353271484375 71.21199798583984 74.03043365478516 71.29692840576172 72.76563262939453 
73.45391845703125 73.26191711425781 74.80973052978516 73.88057708740234 72.1126708984375 73.7044448852539 73.22374725341797 75.06813049316406 
72.97196960449219 72.43135833740234 73.37580871582031 74.297119140625 73.12774658203125 72.80339050292969 73.28070068359375 74.75577545166016 
74.22940826416016 72.47792053222656 73.37907409667969 75.11014556884766 74.57344055175781 72.06550598144531 73.83081817626953 76.39817810058594 
73.02969360351562 74.6502685546875 74.610595703125 72.71056365966797 72.79843139648438 74.56201934814453 75.0156478881836 75.13897705078125 
74.03536224365234 72.87664031982422 73.14892578125 72.53590393066406 72.45225524902344 73.76351928710938 76.74668884277344 72.98201751708984 
73.82473754882812 72.13446044921875 73.86128234863281 72.84185791015625 75.45174407958984 72.5244140625 73.80723571777344 76.9431381225586 
74.85948944091797 73.44662475585938 72.57449340820312 73.23052978515625 74.49715423583984 74.70105743408203 71.88470458984375 73.24765014648438 
76.15452575683594 73.41474914550781 72.14991760253906 76.52025604248047 73.14832305908203 74.33888244628906 70.71292877197266 76.29673767089844 
74.59532928466797 73.11609649658203 73.13587188720703 74.07318115234375 74.5000991821289 73.56924438476562 73.10240173339844 75.27359771728516 
18.461631774902344 18.728063583374023 18.529279708862305 18.472991943359375 18.859167098999023 18.667680740356445 18.960159301757812 18.863872528076172 
18.901599884033203 18.9385929107666 18.76166343688965 18.57676887512207 18.835615158081055 18.627328872680664 18.550399780273438 18.935808181762695 
19.026912689208984 18.897951126098633 18.70889663696289 18.676799774169922 18.57244873046875 18.85750389099121 18.686975479125977 18.521503448486328 
18.95996856689453 19.15273666381836 18.58550453186035 18.732608795166016 18.68022346496582 18.605024337768555 18.853567123413086 18.539104461669922 
18.686176300048828 18.731456756591797 18.913536071777344 18.590656280517578 18.76780891418457 18.648704528808594 18.60527992248535 18.85491180419922 
18.745376586914062 18.772863388061523 18.58185577392578 18.572128295898438 18.603456497192383 18.49785614013672 18.84623908996582 18.597055435180664 
18.822847366333008 18.674848556518555 18.712736129760742 18.595808029174805 18.41606330871582 18.860607147216797 18.672672271728516 18.649023056030273 
18.933311462402344 18.925151824951172 18.69251251220703 18.788864135742188 18.678335189819336 18.56243133544922 18.85430335998535 18.518400192260742 
18.69036865234375 18.73027229309082 18.75916862487793 18.59107208251953 18.75164794921875 18.620895385742188 18.450719833374023 18.777664184570312 
19.052383422851562 18.898880004882812 18.790111541748047 18.801408767700195 18.69375991821289 18.857343673706055 18.77132797241211 18.596799850463867 
21.335071563720703 21.138591766357422 21.106304168701172 21.365503311157227 21.39593505859375 21.418943405151367 21.46790313720703 21.38764762878418 
21.364543914794922 21.07004737854004 21.11542320251465 20.95097541809082 21.182655334472656 20.91312026977539 21.182111740112305 21.271711349487305 
21.47279930114746 21.082048416137695 20.894975662231445 20.87740707397461 21.178367614746094 20.876928329467773 20.971263885498047 21.08380889892578 
21.554719924926758 21.07606315612793 21.062143325805664 20.822912216186523 21.15011215209961 21.11408042907715 21.230432510375977 21.45408058166504 
21.527711868286133 21.143199920654297 21.140735626220703 20.87727928161621 20.843360900878906 21.03433609008789 21.464736938476562 21.200639724731445 
21.517824172973633 21.045791625976562 21.138240814208984 20.995040893554688 21.262496948242188 21.141599655151367 21.329919815063477 21.2989444732666 
21.285120010375977 21.063968658447266 21.07651138305664 21.01203155517578 21.241535186767578 21.033695220947266 21.3372802734375 21.245695114135742 
21.418336868286133 21.34003257751465 21.491039276123047 21.34012794494629 21.063488006591797 21.069087982177734 20.94576072692871 21.648256301879883 
21.342111587524414 20.992767333984375 20.994592666625977 21.077951431274414 20.880416870117188 21.03206443786621 21.06822395324707 21.307615280151367 
21.44121551513672 21.43065643310547 21.07699203491211 21.461599349975586 21.221120834350586 21.06707191467285 21.050336837768555 21.303104400634766 
41.358177185058594 40.82896041870117 40.72502517700195 40.8900146484375 40.891807556152344 39.73926544189453 40.7628173828125 40.78780746459961 
40.946590423583984 39.59600067138672 40.11568069458008 39.481441497802734 40.45561599731445 40.61734390258789 40.73491287231445 39.09900665283203 
41.167903900146484 39.145633697509766 39.94259262084961 40.35113525390625 40.63411331176758 40.32486343383789 39.494590759277344 40.90079879760742 
40.698238372802734 39.84473419189453 40.27657699584961 40.11043167114258 39.46752166748047 40.350494384765625 40.48659133911133 40.60844802856445 
43.21459197998047 39.4552001953125 39.35580825805664 40.69868850708008 40.83488082885742 39.894432067871094 40.809024810791016 40.75484848022461 
43.9317741394043 40.28889465332031 38.96236801147461 39.44416046142578 40.62739181518555 40.71673583984375 40.70435333251953 40.823455810546875 
43.24371337890625 39.394657135009766 39.20755386352539 40.11964797973633 40.293983459472656 40.1649284362793 39.24143981933594 40.716064453125 
42.06358337402344 40.294654846191406 39.95110321044922 39.55302429199219 39.269439697265625 39.788734436035156 40.21567916870117 40.60108947753906 
41.30009460449219 39.607425689697266 39.842529296875 40.425086975097656 39.85055923461914 40.72431945800781 40.30883026123047 40.397216796875 
42.10416030883789 40.60950469970703 40.675872802734375 39.95097732543945 40.69190216064453 39.57593536376953 40.53865432739258 40.77910232543945 
54.538177490234375 53.26544189453125 53.17862319946289 53.27328109741211 53.63792037963867 53.63315200805664 53.288352966308594 53.329566955566406 
78.73833465576172 77.71798706054688 77.24095916748047 78.14361572265625 77.20028686523438 77.08370971679688 78.0624008178711 77.05007934570312 
53.67887878417969 53.17660903930664 53.163455963134766 52.87129592895508 52.51331329345703 53.76166534423828 53.67724609375 53.494911193847656 
76.24079895019531 77.51814270019531 74.40892791748047 77.6844482421875 76.76844787597656 78.03209686279297 77.27772521972656 78.96092987060547 
53.55913543701172 51.71459197998047 52.968414306640625 53.25551986694336 53.22604751586914 52.13558578491211 52.37481689453125 53.41129684448242 
76.42511749267578 79.23583984375 76.30636596679688 76.50697326660156 75.75196838378906 78.37455749511719 76.92928314208984 79.47129821777344 
54.032833099365234 52.37014389038086 53.052703857421875 52.307838439941406 51.85238265991211 52.3397102355957 53.25804901123047 53.508480072021484 
76.38745880126953 76.30262756347656 74.6651840209961 78.45897674560547 76.81394958496094 78.67945861816406 76.48316955566406 79.41069030761719 
53.144832611083984 53.453025817871094 51.88217544555664 53.198753356933594 53.197086334228516 52.45337677001953 53.182369232177734 52.98847961425781 
78.17820739746094 77.0406723022461 77.9299545288086 77.42617797851562 78.03164672851562 78.34204864501953 78.62944030761719 78.21932983398438 
53.35673522949219 50.33097457885742 52.86886215209961 53.148094177246094 53.234718322753906 53.59075164794922 52.841793060302734 53.816097259521484 
77.24310302734375 76.71241760253906 77.46924591064453 76.96492767333984 78.85116577148438 77.5323486328125 76.82150268554688 76.9862060546875 
53.959041595458984 52.344993591308594 51.80860900878906 51.84758377075195 52.757537841796875 53.64467239379883 53.770687103271484 53.55705642700195 
77.08857727050781 74.56393432617188 78.61446380615234 76.50313568115234 75.75737762451172 76.54134368896484 76.87113952636719 76.78192138671875 
53.06140899658203 52.557342529296875 53.28521728515625 53.3040657043457 53.1987190246582 53.3985595703125 54.23129653930664 53.36969757080078 
77.1536636352539 75.21036529541016 75.55728149414062 73.64371490478516 78.23616027832031 77.51181030273438 78.19123077392578 78.15286254882812 
53.21971130371094 52.81897735595703 52.393985748291016 53.70848083496094 53.413055419921875 54.24300765991211 51.6577262878418 53.220638275146484 
76.54905700683594 77.78572845458984 75.295166015625 76.16000366210938 77.56854248046875 76.28144073486328 74.7586898803711 77.29631805419922 
53.70217514038086 51.94550323486328 51.615806579589844 53.105857849121094 53.025150299072266 53.27017593383789 53.68870544433594 52.75139236450195 
76.37971496582031 76.41190338134766 76.8326416015625 77.73693084716797 76.92153930664062 77.74543762207031 77.58294677734375 78.33577728271484 
57.298240661621094 55.71779251098633 55.232513427734375 55.604801177978516 54.967838287353516 55.925697326660156 57.44927978515625 56.70057678222656 
125.18431854248047 121.57030487060547 124.97862243652344 126.35279846191406 126.92585754394531 126.22704315185547 125.47859191894531 126.1819839477539 
57.37664031982422 55.731231689453125 55.03801727294922 55.03504180908203 57.55100631713867 56.90572738647461 56.46790313720703 55.14121627807617 
125.95772552490234 125.03974151611328 126.14937591552734 125.59859466552734 124.72108459472656 127.03327941894531 129.23507690429688 126.76287841796875 
58.2303352355957 55.35932922363281 55.401695251464844 56.39295959472656 56.472129821777344 56.856544494628906 56.738494873046875 55.294559478759766 
123.65049743652344 129.3137664794922 127.11257934570312 126.82371520996094 122.36563110351562 125.05033874511719 127.46511840820312 125.49295806884766 
56.888671875 56.1383056640625 55.92835235595703 56.82624053955078 57.15974426269531 56.727073669433594 54.80374526977539 55.710208892822266 
126.08662414550781 123.92880249023438 125.26380920410156 125.64620971679688 127.09065246582031 126.17743682861328 124.92124938964844 125.18646240234375 
57.3105583190918 55.12553787231445 56.137855529785156 55.6794548034668 56.59408187866211 56.67686462402344 55.45695877075195 55.95305633544922 
125.68867492675781 125.90528106689453 125.827392578125 126.83427429199219 125.09490966796875 126.3680648803711 124.94390106201172 125.90573120117188 
57.554752349853516 55.993919372558594 56.2817268371582 56.79043197631836 56.70444869995117 55.04403305053711 55.345054626464844 56.00851058959961 
123.52835083007812 124.10457611083984 124.55564880371094 127.8722915649414 127.35065460205078 126.57865905761719 126.10899353027344 123.5406723022461 
60.084510803222656 56.722782135009766 55.9554557800293 55.497344970703125 55.582847595214844 56.05894470214844 56.98508834838867 57.03023910522461 
123.2529296875 129.68368530273438 124.96009826660156 126.98262023925781 121.75609588623047 126.8852767944336 126.13785552978516 129.3579559326172 
56.55107116699219 55.164894104003906 55.55388641357422 56.584415435791016 57.15852737426758 56.553375244140625 55.7347526550293 55.38614273071289 
121.51590728759766 124.27900695800781 123.93328094482422 128.728515625 126.0145263671875 124.7660140991211 126.70822143554688 125.90729522705078 
57.46985626220703 55.7138557434082 55.806270599365234 55.480384826660156 56.03532791137695 57.579166412353516 56.814430236816406 56.21750259399414 
124.56195068359375 126.63571166992188 122.35072326660156 124.37289428710938 125.85372924804688 125.31539154052734 126.64895629882812 126.6178207397461 
57.40339279174805 56.01251220703125 55.3263053894043 56.14060974121094 57.12092971801758 56.044158935546875 55.045921325683594 56.114017486572266 
121.46572875976562 125.9807357788086 128.9635772705078 124.5549087524414 123.20722961425781 128.6649627685547 130.96517944335938 126.31791687011719 
47.71295928955078 47.113216400146484 44.8372802734375 45.933441162109375 46.25948715209961 45.764991760253906 45.59302520751953 47.47987365722656 
57.11907196044922 57.06281661987305 57.68812942504883 57.66950225830078 56.56687927246094 59.26668930053711 58.31782531738281 56.343902587890625 
48.835838317871094 46.316864013671875 46.00259017944336 45.66678237915039 46.82467269897461 45.793888092041016 44.8201904296875 47.13711929321289 
59.70479965209961 56.93743896484375 56.68950271606445 56.25872039794922 56.951168060302734 57.86761474609375 58.432064056396484 58.14723205566406 
46.42598342895508 46.94428634643555 45.015201568603516 45.92310333251953 46.26665496826172 45.8616943359375 45.902305603027344 46.79840087890625 
58.32243347167969 57.18931198120117 58.1572151184082 57.94927978515625 56.48969650268555 57.408321380615234 57.420833587646484 57.690303802490234 
49.34947204589844 44.8355827331543 45.46908950805664 45.540287017822266 45.67238235473633 45.88313674926758 45.98160171508789 45.16912078857422 
59.92780685424805 57.968318939208984 57.06342315673828 57.706817626953125 55.80412673950195 57.40591812133789 58.319583892822266 56.86880111694336 
47.297183990478516 45.72099304199219 46.10508728027344 45.77228927612305 46.050785064697266 45.8917121887207 44.91676712036133 46.056129455566406 
58.00057601928711 55.333438873291016 57.469696044921875 56.58671951293945 56.52262496948242 58.02342224121094 57.79132843017578 55.84636688232422 
48.982208251953125 45.13888168334961 45.8625602722168 46.87712097167969 44.589599609375 45.87596893310547 47.32988739013672 45.4365119934082 
60.251102447509766 57.42790222167969 58.11103820800781 54.71004867553711 58.31119918823242 58.11711883544922 57.54518508911133 56.17023849487305 
46.74060821533203 46.465248107910156 46.078880310058594 45.87263870239258 44.53606414794922 46.800479888916016 45.959999084472656 47.097694396972656 
57.709407806396484 54.782047271728516 58.311038970947266 58.544864654541016 58.21916961669922 58.20710372924805 57.322208404541016 56.248992919921875 
49.27372741699219 43.773406982421875 45.1431999206543 46.93462371826172 45.44287872314453 45.28915023803711 46.70364761352539 46.15206527709961 
56.75350570678711 56.44326400756836 57.14575958251953 57.278560638427734 56.10575866699219 59.640350341796875 59.55158233642578 57.44745635986328 
47.31990432739258 45.29609680175781 45.39446258544922 45.76054382324219 46.53753662109375 45.8645133972168 45.227264404296875 45.85795211791992 
57.30195236206055 57.110111236572266 56.96623992919922 56.97772979736328 58.4403190612793 58.41139221191406 59.181983947753906 56.253631591796875 
47.575679779052734 45.74012756347656 45.68057632446289 45.96870422363281 45.71401596069336 45.88195037841797 46.123870849609375 45.27967834472656 
63.2158088684082 58.09987258911133 57.891231536865234 58.03926467895508 56.333248138427734 56.496864318847656 57.6016960144043 57.373985290527344 
123.11830139160156 124.8259506225586 126.83369445800781 126.80054473876953 124.81756591796875 124.4590072631836 125.03561401367188 125.98738861083984 
123.32780456542969 125.98076629638672 124.60297393798828 125.3749771118164 124.51014709472656 123.9682846069336 125.31974029541016 126.40428924560547 
120.74658966064453 125.68841552734375 125.24518585205078 124.98729705810547 127.06288146972656 127.97625732421875 125.989501953125 124.92912292480469 
123.8153305053711 124.53145599365234 124.86124420166016 125.71158599853516 124.62284851074219 125.88054656982422 123.50685119628906 124.14617919921875 
124.60406494140625 123.70073699951172 126.09113311767578 124.4642562866211 122.97465515136719 123.91712188720703 125.66470336914062 124.4543685913086 
122.74409484863281 123.89571380615234 126.6003189086914 126.25804901123047 125.9268798828125 125.97772979736328 124.84937286376953 125.97846221923828 
124.79730987548828 125.60105895996094 127.12358093261719 123.3722915649414 124.76223754882812 127.02671813964844 126.7627182006836 124.6048355102539 
122.75558471679688 130.1367645263672 126.08790588378906 127.95712280273438 122.50294494628906 124.80358123779297 125.77891540527344 130.8579559326172 
126.17295837402344 124.03043365478516 125.35161590576172 126.4117431640625 126.4919662475586 124.62691497802734 128.12509155273438 125.86153411865234 
124.70323181152344 125.67593383789062 125.90067291259766 125.70182037353516 123.32662200927734 122.12569427490234 126.60182189941406 127.24928283691406 
66.83574676513672 67.3414077758789 68.94921875 67.1684799194336 66.3807373046875 66.77728271484375 66.57833862304688 67.22233581542969 
102.48796844482422 90.10784149169922 90.27481842041016 90.59542083740234 96.28489685058594 91.09613037109375 94.62284851074219 92.44159698486328 
69.50899505615234 65.55628967285156 67.22463989257812 66.12310028076172 67.13056182861328 67.82704162597656 67.75360107421875 66.61609649658203 
105.59625244140625 91.37904357910156 90.11785888671875 91.89798736572266 93.89289855957031 90.63136291503906 91.59910583496094 95.77490997314453 
70.58329772949219 66.61100769042969 66.97401428222656 67.3757095336914 67.58806610107422 66.76118469238281 65.70671844482422 67.38377380371094 
105.2225570678711 92.35440063476562 90.70381164550781 93.27232360839844 90.17263793945312 88.71807861328125 91.34236907958984 93.27327728271484 
67.05375671386719 67.50985717773438 68.45532989501953 66.73548889160156 65.72684478759766 64.44608306884766 67.34774780273438 66.33817291259766 
105.83712005615234 90.4618911743164 90.40259552001953 90.7109146118164 91.77308654785156 91.21056365966797 92.45756530761719 90.34265899658203 
69.36534118652344 65.95926666259766 65.7619857788086 67.40605163574219 67.43856048583984 66.67142486572266 65.82592010498047 67.49667358398438 
106.289794921875 92.81705474853516 89.2900161743164 89.74467468261719 94.21974182128906 92.46089935302734 91.06719970703125 94.04064178466797 
68.50819396972656 65.64281463623047 67.34188842773438 65.52204895019531 67.08665466308594 66.2432632446289 67.87667083740234 67.72838592529297 
105.9266586303711 90.99929809570312 89.30166625976562 91.54220581054688 91.2107162475586 89.38864135742188 92.66966247558594 91.19225311279297 
67.55481719970703 67.9672622680664 66.67151641845703 64.18150329589844 68.23094177246094 68.89107513427734 66.8022689819336 65.8674545288086 
103.02556610107422 92.13391876220703 89.90502166748047 91.99446105957031 91.94214630126953 89.97427368164062 91.07644653320312 91.53948974609375 
67.64409637451172 67.70489501953125 66.43023681640625 63.20694351196289 67.02073669433594 67.01484680175781 66.67110443115234 67.02444458007812 
100.9835205078125 95.40745544433594 90.22732543945312 92.77311706542969 92.57081604003906 90.68083190917969 90.04300689697266 90.04032135009766 
67.33590698242188 67.10610961914062 64.48214721679688 65.02159881591797 65.53884887695312 66.39231872558594 66.79888153076172 65.79036712646484 
102.3828125 93.15507507324219 88.35673522949219 90.89590454101562 93.21014404296875 90.40035247802734 92.53343963623047 90.53587341308594 
68.34928131103516 68.1014404296875 68.54450988769531 67.5466537475586 66.44646453857422 66.92848205566406 68.19497680664062 68.0198745727539 
102.86595153808594 90.0947494506836 93.08112335205078 90.50367736816406 90.25599670410156 90.8683853149414 90.68326568603516 91.7125473022461 
46.29024124145508 44.624446868896484 45.897342681884766 45.738399505615234 45.69414520263672 46.1196174621582 44.87241744995117 45.56137466430664 
82.36991882324219 82.97273254394531 83.4261474609375 81.9738540649414 83.72169494628906 83.27523040771484 80.91993713378906 82.36521911621094 
45.137855529785156 44.35615921020508 45.9536018371582 44.65241622924805 44.82575988769531 45.92758560180664 44.72953414916992 46.28083038330078 
83.83859252929688 81.9051513671875 81.57491302490234 82.58399963378906 84.25081634521484 83.70995330810547 84.29478454589844 84.70368194580078 
47.16841506958008 45.283809661865234 44.66432189941406 45.30624008178711 45.30147171020508 45.3546257019043 44.988990783691406 45.4615364074707 
81.99430084228516 79.82592010498047 82.90259552001953 81.54102325439453 79.93510437011719 86.88227081298828 82.15564727783203 79.70249938964844 
47.049983978271484 44.39424133300781 45.94607925415039 45.46771240234375 44.667518615722656 46.415008544921875 45.56256103515625 45.48876953125 
81.06195068359375 80.1984634399414 80.84591674804688 83.11446380615234 81.8821792602539 80.95145416259766 82.97840118408203 81.04214477539062 
47.92287826538086 45.01331329345703 45.44345474243164 44.487998962402344 45.09711837768555 45.18678283691406 45.89708709716797 44.853248596191406 
84.01142120361328 83.53014373779297 82.16345977783203 82.56684875488281 83.32246398925781 82.5074234008789 81.10639953613281 82.81526184082031 
47.12688064575195 45.08505630493164 45.32099151611328 45.92214584350586 45.055198669433594 45.9290885925293 45.75049591064453 44.61443328857422 
81.21424102783203 81.9398422241211 83.36166381835938 78.86982727050781 83.22402954101562 84.62246704101562 80.94400024414062 82.81974029541016 
46.09907150268555 45.581886291503906 44.427711486816406 45.16841506958008 45.612735748291016 45.81760025024414 44.519073486328125 46.19910430908203 
83.29379272460938 79.90630340576172 82.70035552978516 82.2940444946289 81.59363555908203 84.2798080444336 83.40045166015625 81.57091522216797 
47.16438293457031 44.31990432739258 45.755489349365234 44.85628890991211 44.924190521240234 45.94950485229492 44.74009704589844 44.64195251464844 
81.10173034667969 80.54707336425781 83.89360046386719 85.11641693115234 83.75997161865234 85.63510131835938 83.001953125 82.04045104980469 
44.60883331298828 45.32255935668945 44.46672058105469 44.79596710205078 45.55750274658203 45.942623138427734 44.68793487548828 46.143489837646484 
81.57008361816406 81.1181411743164 83.39936065673828 83.11833953857422 84.1181411743164 82.63286590576172 80.88406372070312 80.65090942382812 
46.73798370361328 44.70268630981445 45.62028884887695 44.52348709106445 45.564510345458984 45.60086441040039 44.42435073852539 45.40739059448242 
83.1341781616211 80.97936248779297 81.41353607177734 83.1165771484375 82.84697723388672 84.09423828125 83.41734313964844 81.0568618774414 
46.61100769042969 43.97670364379883 42.795616149902344 42.91215896606445 43.83891296386719 44.8059196472168 43.331329345703125 43.40208053588867 
74.84591674804688 73.95625305175781 73.50962829589844 75.68962860107422 73.39542388916016 75.6445083618164 74.28604888916016 77.29209899902344 
45.320865631103516 43.64547348022461 44.40707015991211 43.85667037963867 43.87913513183594 43.78521728515625 43.35910415649414 44.451393127441406 
76.18281555175781 74.6671371459961 74.39305877685547 76.002685546875 77.38550567626953 75.95008087158203 76.08140563964844 76.13558197021484 
45.55187225341797 44.47846221923828 44.069759368896484 43.35023880004883 43.45014572143555 44.06140899658203 43.59395217895508 43.91196823120117 
75.46835327148438 78.0898208618164 74.12246704101562 76.30278778076172 75.52751922607422 75.56361389160156 75.50675201416016 75.85100555419922 
44.532798767089844 44.06118392944336 43.634944915771484 44.28348922729492 44.27212905883789 43.85728073120117 44.24934387207031 44.65635299682617 
74.97369384765625 77.18022155761719 74.20137786865234 74.22748565673828 75.50694274902344 76.35820770263672 74.05286407470703 76.8617935180664 
45.97689437866211 43.007904052734375 42.28908920288086 44.6978874206543 43.62028884887695 44.33961486816406 44.93904113769531 43.89334487915039 
76.25078582763672 71.66425323486328 74.24473571777344 75.4408950805664 75.51891326904297 75.19087982177734 76.87222290039062 74.0525131225586 
45.43648147583008 44.071617126464844 44.15526580810547 44.85385513305664 43.3939208984375 43.48198318481445 44.027774810791016 44.4040641784668 
75.49142456054688 73.6593246459961 76.24575805664062 73.86064147949219 74.84979248046875 76.89708709716797 75.12185668945312 73.43158721923828 
45.20787048339844 44.50409698486328 44.853057861328125 43.76764678955078 44.08883285522461 45.27840042114258 44.27110290527344 43.04582214355469 
77.15519714355469 73.56883239746094 76.6060791015625 75.25593566894531 74.57606506347656 77.35606384277344 76.09449768066406 76.35305786132812 
47.75436782836914 43.26899337768555 43.85878372192383 42.86025619506836 44.180545806884766 44.42268753051758 44.7243537902832 44.41331100463867 
75.26643371582031 74.48291015625 76.90316772460938 72.59139251708984 74.60428619384766 78.4280014038086 75.25532531738281 75.43952178955078 
45.037471771240234 43.272640228271484 43.48012924194336 44.50342559814453 44.528350830078125 42.65078353881836 44.482398986816406 43.721248626708984 
73.540771484375 75.82947540283203 78.56816101074219 73.69827270507812 75.42803192138672 76.94300842285156 71.61151885986328 74.61990356445312 
45.41823959350586 42.990142822265625 44.696319580078125 42.54447937011719 43.627742767333984 43.96646499633789 44.41712188720703 43.44492721557617 
77.12445068359375 74.05014038085938 74.36924743652344 76.88511657714844 75.38285064697266 75.85906982421875 76.95996856689453 74.37026977539062 
75.36815643310547 76.27001953125 76.37728118896484 75.79449462890625 78.70066833496094 74.6304931640625 75.94038391113281 75.29933166503906 
113.91836547851562 114.7479019165039 113.9725112915039 112.0975341796875 114.1852798461914 113.69593811035156 114.93472290039062 113.7231674194336 
75.7674560546875 75.27513885498047 72.66883087158203 74.48550415039062 74.68406677246094 76.4086685180664 74.6410903930664 77.09417724609375 
112.7426528930664 114.62054443359375 112.04643249511719 112.69353485107422 114.83507537841797 115.70438385009766 110.39344024658203 115.20057678222656 
76.5447998046875 73.3064956665039 75.01878356933594 75.48387145996094 77.2715835571289 74.41366577148438 76.56739044189453 76.330078125 
115.18141174316406 113.75260925292969 113.52607727050781 113.30105590820312 111.23760223388672 115.69315338134766 111.38003540039062 112.70956420898438 
74.4675521850586 76.95986938476562 74.38313293457031 74.07990264892578 72.23497772216797 75.32476806640625 74.9626235961914 74.704833984375 
113.83372497558594 113.90879821777344 112.4273910522461 114.41798400878906 115.56358337402344 111.74332427978516 114.84870147705078 113.66089630126953 
75.1165771484375 75.3338851928711 74.33385467529297 76.40624237060547 74.98668670654297 76.63504028320312 72.55827331542969 74.847900390625 
111.3623046875 118.43036651611328 113.49996948242188 111.90252685546875 112.02243041992188 112.06678771972656 113.73433685302734 112.62860870361328 
76.74374389648438 74.36905670166016 75.74435424804688 74.88563537597656 74.3529281616211 76.17001342773438 76.58841705322266 74.58153533935547 
111.90342712402344 114.12188720703125 114.117919921875 112.80738830566406 117.33023834228516 112.38310241699219 110.31999969482422 112.82067108154297 
75.08029174804688 75.22819519042969 76.52365112304688 72.92272186279297 75.31100463867188 77.03302764892578 74.50630187988281 76.23312377929688 
114.0211181640625 113.53555297851562 115.4804458618164 113.94502258300781 113.19538879394531 117.72505950927734 113.77977752685547 112.06966400146484 
78.32275390625 74.27574157714844 74.60253143310547 75.72563171386719 76.49142456054688 75.28495788574219 77.97644805908203 75.91891479492188 
111.91331481933594 112.52909088134766 111.64527893066406 112.09248352050781 112.2569580078125 114.13807678222656 113.06448364257812 111.52912139892578 
75.89497375488281 79.23117065429688 74.54764556884766 75.23673248291016 74.79462432861328 74.49382019042969 75.46534729003906 75.9567642211914 
111.78278350830078 113.12003326416016 116.71459197998047 112.52681732177734 113.38569641113281 110.91033935546875 114.14412689208984 113.37433624267578 
75.74380493164062 71.72895812988281 74.4681625366211 76.78451538085938 75.77609252929688 75.25481414794922 77.48611450195312 75.28361511230469 
114.37347412109375 114.74476623535156 111.94898986816406 118.65321350097656 113.52617645263672 114.4439697265625 113.45516967773438 113.01299285888672 
54.04499053955078 50.99184036254883 50.263999938964844 52.579681396484375 51.78096008300781 50.63679885864258 50.46044921875 52.61439895629883 
74.2762222290039 71.36953735351562 73.017822265625 71.89881896972656 73.21756744384766 73.44620513916016 74.54156494140625 74.24777221679688 
52.09699249267578 52.051265716552734 51.19033432006836 50.85491180419922 51.93961715698242 52.32320022583008 51.34211349487305 50.826942443847656 
71.8497314453125 73.4952621459961 75.38972473144531 72.2896957397461 72.98143768310547 73.27938842773438 75.0472640991211 74.4452133178711 
52.23868942260742 51.34796905517578 52.10793685913086 50.51593780517578 48.981502532958984 51.688865661621094 50.49049758911133 48.988990783691406 
75.23699188232422 76.0176010131836 71.57075500488281 72.2544937133789 72.06979370117188 72.93702697753906 71.19385528564453 72.31001281738281 
53.660064697265625 51.057151794433594 51.964927673339844 52.04579162597656 50.33769607543945 48.766143798828125 51.65119934082031 51.251007080078125 
73.49974060058594 72.98483276367188 70.25997161865234 72.43762969970703 70.44454193115234 71.54041290283203 71.31475067138672 71.9444808959961 
56.13907241821289 50.2869758605957 52.63276672363281 50.84899139404297 51.13324737548828 51.23286437988281 51.62163162231445 50.320064544677734 
73.57231903076172 70.32665252685547 72.49609375 70.1145248413086 72.92726135253906 72.959228515625 73.84425354003906 71.59843444824219 
53.30793762207031 48.6357421875 50.752254486083984 50.24940872192383 52.16166305541992 50.783870697021484 50.538944244384766 51.57353591918945 
73.09945678710938 71.26012420654297 71.96009826660156 72.8082275390625 75.12089538574219 73.3834228515625 72.023681640625 71.91878509521484 
54.57299041748047 49.95219039916992 50.59017562866211 49.124961853027344 50.89363098144531 50.24310302734375 52.79091262817383 51.31574249267578 
74.66310119628906 73.67059326171875 70.9653091430664 71.61478424072266 72.7900161743164 73.12940979003906 74.20035552978516 73.51827239990234 
54.50019073486328 50.90351867675781 51.40227127075195 51.20470428466797 50.03247833251953 52.09743881225586 50.627872467041016 50.61443328857422 
74.09833526611328 73.54589080810547 71.83206176757812 71.49446105957031 73.443359375 73.91014099121094 73.69145965576172 73.0050277709961 
53.438270568847656 50.821441650390625 49.80937576293945 50.85142517089844 51.2883186340332 51.969215393066406 51.07206344604492 50.405982971191406 
73.89055633544922 74.2339859008789 73.4261474609375 72.43939208984375 73.86009979248047 74.20966339111328 74.20390319824219 72.1976318359375 
54.401695251464844 51.6962890625 50.59404754638672 50.391361236572266 52.00262451171875 50.98419189453125 51.241825103759766 51.112064361572266 
73.35363006591797 71.64991760253906 71.53190612792969 71.7273941040039 73.61711883544922 72.05270385742188 72.25609588623047 72.29337310791016 
58.26822280883789 57.65091323852539 55.88361740112305 56.96406555175781 57.649024963378906 57.55427169799805 57.995487213134766 58.319297790527344 
77.72943878173828 80.07225799560547 76.80239868164062 78.13190460205078 78.71139526367188 78.38880157470703 80.1135025024414 77.19519805908203 
58.00825500488281 57.6099853515625 57.78006362915039 57.820960998535156 55.80604934692383 59.56675338745117 58.47315216064453 57.83225631713867 
79.4916763305664 76.96227264404297 79.1883544921875 75.33875274658203 79.39202880859375 76.5374755859375 79.41366577148438 77.939453125 
61.53977584838867 56.748382568359375 56.3210563659668 57.08467102050781 57.1864013671875 57.84483337402344 57.77257537841797 58.02694320678711 
79.15360260009766 76.4940185546875 76.87449645996094 78.37254333496094 80.2470703125 76.20297241210938 80.13126373291016 78.74050903320312 
60.59471893310547 58.004608154296875 58.29286575317383 56.030174255371094 56.87919998168945 57.358367919921875 57.59235382080078 57.9760627746582 
79.20291137695312 76.27311706542969 79.07561492919922 77.5667495727539 80.04415893554688 79.41980743408203 78.20047760009766 78.23715209960938 
59.306209564208984 57.09132766723633 56.90131378173828 57.816158294677734 57.738624572753906 58.06367874145508 57.047489166259766 59.27436828613281 
79.65177917480469 77.6236801147461 79.21385955810547 77.3004150390625 79.71145629882812 78.04425811767578 77.2225570678711 77.79341125488281 
60.849632263183594 58.71295928955078 57.34659194946289 57.613887786865234 57.355934143066406 57.43254470825195 56.88409423828125 57.16041564941406 
77.81954956054688 76.69340515136719 78.32109069824219 79.01497650146484 79.34806060791016 79.11798095703125 76.71282958984375 79.67890930175781 
61.326656341552734 58.14060974121094 54.66681671142578 56.446529388427734 57.82368087768555 57.09939193725586 57.04572677612305 57.025856018066406 
77.86665344238281 79.89244842529297 80.30390167236328 77.19110107421875 78.70524597167969 76.32653045654297 78.87955474853516 78.0025634765625 
57.646240234375 56.62217712402344 56.683937072753906 57.488033294677734 57.40188980102539 57.40147018432617 56.81465530395508 59.355201721191406 
78.40547180175781 78.57673645019531 78.39708709716797 78.98617553710938 78.14192199707031 80.03177642822266 78.51766204833984 77.7972183227539 
57.791263580322266 56.68412780761719 56.730655670166016 57.6071662902832 57.781761169433594 57.91027069091797 58.73392105102539 56.76108932495117 
78.72281646728516 77.43055725097656 76.67664337158203 78.05081939697266 80.33888244628906 78.32048034667969 77.63139343261719 77.31839752197266 
58.45280075073242 59.84681701660156 56.399295806884766 56.479488372802734 56.84659194946289 56.90163040161133 57.83692932128906 57.86003112792969 
81.83612823486328 78.17228698730469 76.85027313232422 80.08419036865234 77.44246673583984 78.77164459228516 75.6695327758789 79.91382598876953 
96.83155059814453 99.92806243896484 99.84233856201172 97.36614227294922 102.01673889160156 96.23241424560547 99.20633697509766 98.93881225585938 
123.906494140625 108.73228454589844 105.4570541381836 110.2165756225586 107.82518768310547 109.15766143798828 108.19283294677734 106.5387191772461 
98.92892456054688 100.43212890625 99.36873626708984 100.59407806396484 100.68937683105469 99.60514831542969 99.82793426513672 98.93299102783203 
125.72767639160156 107.88710021972656 105.00396728515625 105.57283020019531 106.88195037841797 112.65296173095703 107.28022766113281 108.90835571289062 
99.07798767089844 101.16989135742188 99.47042846679688 100.57357025146484 100.9722900390625 100.22988891601562 101.80572509765625 97.38409423828125 
126.00752258300781 105.90105438232422 106.78498840332031 108.52454376220703 106.54281616210938 108.7083511352539 104.50543975830078 105.2343978881836 
97.5068130493164 101.35408020019531 97.85116577148438 99.94467163085938 97.10015869140625 100.00796508789062 98.13011169433594 96.54412841796875 
129.0281219482422 105.40815734863281 108.204833984375 108.02671813964844 107.66902160644531 114.43379211425781 109.1145248413086 106.2422103881836 
98.8623046875 99.24604797363281 100.6108169555664 98.73158264160156 100.21231842041016 99.50415802001953 99.33792114257812 100.46002960205078 
125.84703826904297 109.6903076171875 108.11612701416016 106.26335906982422 107.84719848632812 110.65548706054688 106.83363342285156 109.1397476196289 
97.80931091308594 98.27693176269531 98.43212890625 99.36601257324219 99.83961486816406 99.85564422607422 100.02777862548828 98.58128356933594 
126.70992279052734 106.58354949951172 106.96080017089844 110.17222595214844 105.92118072509766 110.20166778564453 107.15692901611328 106.65708923339844 
97.91862487792969 96.71743774414062 100.57414245605469 97.4148178100586 101.06966400146484 100.3954849243164 97.32809448242188 101.15023803710938 
126.44371032714844 106.50099182128906 108.62054443359375 106.89228820800781 109.83551788330078 105.16969299316406 108.52444458007812 107.07862091064453 
99.48297882080078 101.21676635742188 99.46892547607422 102.6797103881836 98.43376159667969 99.53298950195312 98.606689453125 99.27184295654297 
123.77664184570312 106.78092956542969 105.63916778564453 109.73849487304688 110.49375915527344 107.42700958251953 109.53376007080078 107.90886688232422 
97.61878204345703 99.77474975585938 99.44499206542969 100.1286392211914 98.50422668457031 99.64784240722656 99.80563354492188 99.32115173339844 
123.84451293945312 105.64422607421875 108.01654052734375 106.09053039550781 110.76124572753906 109.41088104248047 109.8182373046875 104.97792053222656 
100.70598602294922 99.65267181396484 99.18195343017578 100.38604736328125 99.25132751464844 100.31244659423828 98.6435546875 99.57625579833984 
128.36793518066406 106.10089874267578 108.08956909179688 109.17545318603516 106.19391632080078 107.59264373779297 107.9161605834961 107.87372589111328 
39.74652862548828 38.03667068481445 37.83148956298828 37.031455993652344 37.93532943725586 38.36399841308594 38.08137512207031 37.711551666259766 
76.91785430908203 77.87129974365234 75.81644439697266 80.33961486816406 76.94630432128906 74.49903869628906 75.52806091308594 78.05967712402344 
38.236351013183594 38.70150375366211 38.68297576904297 37.866432189941406 38.323486328125 37.882591247558594 38.054080963134766 37.38470458984375 
76.20745849609375 77.21218872070312 73.2806396484375 75.29740905761719 77.7147216796875 76.87709045410156 76.74886322021484 76.57762908935547 
41.42473602294922 37.748863220214844 38.357505798339844 37.83871841430664 38.24697494506836 37.56953430175781 38.07779312133789 37.669471740722656 
77.03177642822266 75.03533172607422 77.23651123046875 76.14256286621094 77.61299133300781 75.700927734375 74.85228729248047 77.43795013427734 
40.24630355834961 37.690399169921875 38.118080139160156 37.301246643066406 38.1445426940918 38.21110534667969 38.24630355834961 38.10569763183594 
77.67750549316406 73.90521240234375 76.10015869140625 77.7817611694336 75.46310424804688 75.72367858886719 76.5907211303711 77.27388763427734 
38.66672134399414 37.89820861816406 37.69340896606445 37.602783203125 36.91632080078125 37.74601745605469 38.28688049316406 37.68672180175781 
75.33833312988281 78.19792175292969 75.64396667480469 77.419677734375 76.05366516113281 76.08073425292969 78.30735778808594 77.15657806396484 
38.19228744506836 37.869537353515625 37.73468780517578 37.002655029296875 38.73356628417969 39.61097717285156 37.98451232910156 38.01481628417969 
77.25421142578125 76.91522979736328 75.712158203125 77.94195556640625 77.78291320800781 79.9949722290039 76.41209411621094 73.5465316772461 
38.406494140625 37.85686492919922 37.70918273925781 38.32108688354492 37.332801818847656 38.465633392333984 38.129886627197266 38.299072265625 
77.08537292480469 77.01142120361328 76.55699157714844 74.86339569091797 76.87580871582031 75.9964828491211 76.95958709716797 76.91590118408203 
40.06041717529297 37.75929641723633 37.576255798339844 37.859840393066406 38.670654296875 38.60268783569336 38.32796859741211 37.95840072631836 
76.53289794921875 76.91305541992188 73.25379180908203 75.56707000732422 77.21635437011719 76.98710632324219 75.88809967041016 77.84540557861328 
41.642303466796875 37.96623992919922 36.930686950683594 37.983551025390625 37.9251823425293 38.194976806640625 37.89535903930664 38.68832015991211 
77.40287780761719 74.56505584716797 75.84086608886719 77.81206512451172 75.3012466430664 78.6230697631836 75.19261169433594 78.5090560913086 
39.34864044189453 37.30294418334961 37.84076690673828 37.567169189453125 38.45814514160156 38.60172653198242 37.387168884277344 37.9766731262207 
77.71148681640625 75.26428985595703 75.88870239257812 77.58258819580078 76.61408233642578 78.87260437011719 75.75721740722656 79.03314971923828 
47.05904006958008 45.77699279785156 45.28425598144531 45.10006332397461 46.67180633544922 45.24041748046875 45.80876922607422 46.1945915222168 
110.58726501464844 112.17356872558594 110.1632308959961 110.66349029541016 108.73785400390625 112.02361297607422 108.87036895751953 110.42121887207031 
46.98134231567383 45.873313903808594 46.01273727416992 44.32175827026367 46.34163284301758 45.10588836669922 46.14457702636719 46.4818229675293 
109.11395263671875 106.60546875 109.3031997680664 109.32832336425781 109.75814056396484 110.81948852539062 107.67475128173828 106.90924835205078 
46.267520904541016 45.66659164428711 45.27702331542969 45.957088470458984 45.375648498535156 45.16108703613281 46.4152946472168 45.07494354248047 
106.03398132324219 108.84889221191406 111.1160659790039 111.01900482177734 108.79724884033203 106.5196762084961 110.19510650634766 106.21453094482422 
46.50592041015625 44.582942962646484 45.706111907958984 45.969566345214844 45.319358825683594 44.812801361083984 45.79119873046875 44.94940948486328 
109.82777404785156 108.43212890625 110.56515502929688 112.40959930419922 107.9677734375 109.22160339355469 108.6546859741211 108.18399810791016 
46.14966583251953 46.74211120605469 44.82700729370117 46.72681427001953 45.7619514465332 45.26371383666992 46.35958480834961 44.82223892211914 
108.15837097167969 109.56098937988281 107.7419204711914 109.89552307128906 110.61942291259766 106.24179077148438 110.10441589355469 109.5176010131836 
47.54761505126953 45.43388748168945 46.33900833129883 45.69116973876953 45.28985595703125 45.287967681884766 45.185665130615234 45.16876983642578 
107.81718444824219 108.48051452636719 109.170654296875 111.3482894897461 109.86348724365234 107.45884704589844 108.22892761230469 113.06166076660156 
48.53500747680664 45.05887985229492 46.71036911010742 44.575775146484375 45.70284652709961 44.84259033203125 45.23295974731445 45.59187316894531 
106.65682983398438 107.83942413330078 108.92972564697266 107.56610870361328 111.19427490234375 110.74585723876953 108.51884460449219 108.99756622314453 
45.906494140625 46.15100860595703 44.75779342651367 44.97334289550781 46.70822525024414 45.45283126831055 46.47091293334961 45.361759185791016 
106.72515106201172 109.67030334472656 108.88243103027344 110.31654357910156 107.9504623413086 111.80992126464844 109.40531158447266 109.76882934570312 
48.63731384277344 45.1097297668457 45.202110290527344 46.3875846862793 44.93046569824219 45.242942810058594 46.4818229675293 44.904449462890625 
109.43968200683594 105.33647918701172 111.12230682373047 106.96633911132812 109.9500503540039 113.01229095458984 108.53043365478516 109.24515533447266 
46.01216125488281 44.567039489746094 46.442848205566406 45.67990493774414 46.28825759887695 44.815040588378906 46.48041534423828 46.46284866333008 
106.21683502197266 110.2204818725586 108.20646667480469 111.3486099243164 110.52175903320312 106.79357147216797 107.90045166015625 111.66934204101562 
65.81629180908203 67.42736053466797 65.72720336914062 67.53068542480469 67.88642883300781 66.85606384277344 67.51350402832031 70.04886627197266 
66.74358367919922 67.10921478271484 66.4356460571289 67.30262756347656 67.47257232666016 67.40054321289062 68.16876983642578 67.30659484863281 
67.23401641845703 66.04121398925781 67.62156677246094 67.8880615234375 67.63228607177734 67.86742401123047 67.11068725585938 67.44303894042969 
66.99568176269531 67.31433868408203 67.49417877197266 66.39129638671875 68.19379425048828 67.3589096069336 66.6707534790039 68.0288314819336 
66.61055755615234 66.94963073730469 67.070556640625 67.41423797607422 67.65564727783203 67.33248138427734 65.87916564941406 68.35798645019531 
66.28924560546875 67.45420837402344 66.07151794433594 67.78652954101562 68.34979248046875 68.00297546386719 68.18192291259766 68.40863800048828 
67.81414031982422 67.04048156738281 68.37481689453125 68.17680358886719 68.19347381591797 66.65711975097656 68.52838134765625 69.1810531616211 
68.334716796875 69.23587036132812 68.43363189697266 68.37699127197266 66.74877166748047 68.40943908691406 69.0606689453125 70.457763671875 
67.13859558105469 65.20553588867188 67.68806457519531 66.93055725097656 67.46031951904297 67.57510375976562 67.44624328613281 68.5284194946289 
66.4573745727539 67.17318725585938 65.46444702148438 67.30105590820312 65.83721923828125 67.21699523925781 67.94560241699219 69.69270324707031 
64.09996795654297 61.494144439697266 63.1611213684082 62.0695686340332 62.34796905517578 62.85567855834961 62.241153717041016 64.11711883544922 
74.62876892089844 73.631103515625 74.21353912353516 76.62454223632812 73.99696350097656 75.61212921142578 76.74358367919922 74.2364501953125 
65.86752319335938 62.655391693115234 62.43801498413086 62.86608123779297 59.55596923828125 62.505889892578125 61.453086853027344 63.736576080322266 
74.82559967041016 74.16146850585938 76.04716491699219 77.2200927734375 73.68809509277344 75.08659362792969 74.16390228271484 73.90239715576172 
64.90067291259766 62.47747039794922 63.32876968383789 59.88256072998047 62.46604919433594 63.390750885009766 62.14825439453125 63.935455322265625 
73.74899291992188 73.50157165527344 76.80953979492188 73.3663330078125 75.0396499633789 75.66851043701172 75.09117126464844 74.86246490478516 
63.317344665527344 62.333534240722656 63.186622619628906 63.08214569091797 63.46438217163086 62.32508850097656 63.22687911987305 62.26460647583008 
75.53376007080078 70.23788452148438 73.68582153320312 75.22787475585938 75.30451202392578 73.51497650146484 74.75347137451172 76.33395385742188 
64.23929595947266 62.51833724975586 62.560001373291016 60.32108688354492 61.7630729675293 62.17865753173828 62.585758209228516 62.662750244140625 
75.82755279541016 76.02796936035156 74.22767639160156 76.0182113647461 74.02790069580078 74.96825408935547 74.49292755126953 75.46249389648438 
65.44627380371094 62.78294372558594 62.312191009521484 60.11113739013672 61.80499267578125 62.012542724609375 62.65568161010742 61.54937744140625 
75.4326400756836 74.18029022216797 74.20796966552734 74.35616302490234 75.15878295898438 73.5931167602539 75.51529693603516 75.97929382324219 
63.70502471923828 63.35862350463867 61.53561782836914 62.33865737915039 61.87855911254883 64.6846694946289 61.62809753417969 63.039424896240234 
75.98716735839844 73.25247955322266 74.0726089477539 71.04029083251953 74.20722961425781 76.51689910888672 75.04083251953125 74.35199737548828 
64.58163452148438 62.422847747802734 63.90099334716797 62.83321762084961 63.32227325439453 62.646400451660156 63.31123352050781 62.53654479980469 
76.47151947021484 74.52671813964844 75.0810546875 75.28659057617188 72.21209716796875 73.64790344238281 75.20726776123047 75.65401458740234 
63.1732177734375 62.99516677856445 62.307743072509766 62.45296096801758 60.060447692871094 62.28326416015625 63.77888107299805 61.700191497802734 
75.91840362548828 74.2174072265625 74.98486328125 74.6036148071289 74.12889862060547 74.06732940673828 76.06288146972656 74.25830078125 
64.28675079345703 62.880863189697266 62.35103988647461 63.07551956176758 62.45561599731445 60.4532470703125 61.54732894897461 62.4035530090332 
75.2416000366211 74.95174407958984 74.74454498291016 77.2589111328125 74.34137725830078 75.17862701416016 75.97148895263672 73.81455993652344 
43.80089569091797 43.726016998291016 43.1734733581543 43.91513442993164 43.37945556640625 43.926273345947266 44.20585632324219 43.8988151550293 
48.27004623413086 44.823265075683594 45.13068771362305 44.36713409423828 45.16572952270508 45.82767868041992 45.9832649230957 45.100833892822266 
44.89984130859375 43.34220886230469 43.84812927246094 44.3521614074707 43.02000045776367 43.45859146118164 43.9351692199707 43.811134338378906 
46.8520622253418 46.41846466064453 45.65635299682617 45.894432067871094 45.380767822265625 45.669185638427734 45.893375396728516 46.140865325927734 
44.38623809814453 42.80147171020508 44.069217681884766 44.137054443359375 43.51744079589844 42.94412612915039 43.33628845214844 44.38361740112305 
47.83903884887695 45.924705505371094 45.145503997802734 46.41404724121094 45.7138557434082 45.877567291259766 46.98019027709961 45.10316848754883 
43.581153869628906 42.96467208862305 43.88275146484375 44.10009765625 43.03132629394531 43.15139389038086 43.81216049194336 42.607872009277344 
50.40300750732422 46.09446334838867 45.40163040161133 45.515167236328125 45.596927642822266 45.40470504760742 44.558494567871094 46.31462478637695 
46.15900802612305 43.71660614013672 43.02588653564453 43.63395309448242 44.41737747192383 43.33350372314453 42.727935791015625 43.41791915893555 
48.108734130859375 44.201534271240234 46.13657760620117 46.41785430908203 44.965633392333984 45.85126495361328 46.17744064331055 45.275390625 
45.690303802490234 42.40313720703125 43.37091064453125 44.35753631591797 44.1748161315918 43.008094787597656 43.470176696777344 44.252159118652344 
47.31087875366211 45.014015197753906 46.451969146728516 46.16716766357422 45.17827224731445 45.869598388671875 45.92921447753906 45.85795211791992 
45.43094253540039 43.63737487792969 44.55801773071289 43.240577697753906 42.69580841064453 43.33622360229492 44.044830322265625 42.96022415161133 
47.736480712890625 45.209022521972656 44.81782531738281 44.889217376708984 44.91215896606445 45.95052719116211 45.25446319580078 44.95695877075195 
45.66022491455078 43.50700759887695 44.179264068603516 42.483646392822266 42.26054382324219 43.234046936035156 43.957664489746094 44.057151794433594 
47.78140640258789 45.50646209716797 46.40256118774414 45.1541748046875 45.62080001831055 46.48441696166992 44.77711868286133 45.64214324951172 
43.607486724853516 43.00563049316406 43.9541130065918 42.97030258178711 43.13593673706055 43.15654373168945 43.99980926513672 43.99977493286133 
47.587711334228516 44.60416030883789 44.29721450805664 45.977439880371094 46.338783264160156 44.92060852050781 45.862815856933594 46.05904006958008 
46.426849365234375 42.95676803588867 44.660160064697266 43.43891143798828 41.96489715576172 42.92486572265625 43.8633918762207 43.33097457885742 
46.98313522338867 45.48691177368164 46.53638458251953 45.05392074584961 45.310752868652344 46.38908767700195 44.95151901245117 45.93484878540039 
35.8614387512207 35.43244934082031 35.72710418701172 35.3430061340332 35.7275505065918 35.589088439941406 34.51081466674805 35.541473388671875 
96.98419189453125 80.9747543334961 77.5390396118164 78.91939544677734 78.92755126953125 79.24079895019531 78.97590637207031 74.60758209228516 
36.112545013427734 35.54643249511719 35.412960052490234 35.17612838745117 34.991233825683594 35.508609771728516 34.222145080566406 34.872161865234375 
96.40409851074219 75.6052474975586 75.42924499511719 79.38188934326172 76.44486236572266 78.94802856445312 78.13116455078125 80.71705627441406 
37.197025299072266 34.614784240722656 35.577919006347656 35.76009750366211 35.142433166503906 35.54377746582031 35.7374382019043 35.528865814208984 
96.38448333740234 77.06988525390625 76.83897399902344 77.02598571777344 79.80524444580078 77.57545471191406 77.69481658935547 79.02851104736328 
36.56224060058594 34.359745025634766 34.7154541015625 35.163902282714844 35.61750411987305 34.957183837890625 35.021759033203125 34.6861457824707 
95.7496337890625 78.58694458007812 77.91075134277344 79.66867065429688 78.29353332519531 77.604736328125 78.30067443847656 78.41382598876953 
35.72032165527344 35.73680114746094 34.97894287109375 35.34630584716797 34.73356628417969 35.35385513305664 34.706687927246094 35.045631408691406 
93.32038116455078 78.659423828125 78.40707397460938 77.22124481201172 78.36121368408203 78.34809875488281 77.69197082519531 82.25965118408203 
36.69247817993164 34.984798431396484 35.705631256103516 34.907615661621094 34.98118209838867 35.453407287597656 35.608001708984375 35.44211196899414 
95.58531188964844 77.32752227783203 76.87670135498047 76.75222778320312 76.3601303100586 78.66425323486328 77.59200286865234 79.14012908935547 
35.80486297607422 35.44233703613281 35.334815979003906 35.74972915649414 35.44345474243164 34.83903884887695 35.100608825683594 34.265281677246094 
99.18019104003906 78.0 82.32444763183594 78.44982147216797 77.72697448730469 79.75251007080078 78.03660583496094 80.1079330444336 
36.74380874633789 35.32892990112305 35.48873519897461 34.864768981933594 35.31244659423828 34.44083023071289 35.39484786987305 34.89334487915039 
98.00601959228516 77.11039733886719 80.66448211669922 77.53174591064453 77.94512176513672 77.98445129394531 79.13148498535156 78.35420989990234 
38.341121673583984 35.34431838989258 34.20934295654297 34.532127380371094 34.96633529663086 34.80214309692383 35.46809768676758 34.688350677490234 
95.28374481201172 77.84909057617188 80.06940460205078 78.56985473632812 77.66470336914062 77.38745880126953 74.74012756347656 78.62774658203125 
36.05894470214844 35.11814498901367 35.341758728027344 34.907615661621094 35.40208053588867 35.29817581176758 34.51987075805664 35.030975341796875 
91.95545959472656 77.3235855102539 79.48512268066406 76.8253402709961 79.39945220947266 76.82208251953125 79.58460998535156 79.12188720703125 
48.869537353515625 47.21900939941406 47.755680084228516 46.933536529541016 46.75632095336914 46.28307342529297 46.89107131958008 46.53526306152344 
54.98905563354492 51.33628845214844 52.200992584228516 52.39107131958008 53.151039123535156 53.755550384521484 53.61868667602539 53.65871810913086 
49.84211349487305 47.5333137512207 47.30710220336914 46.9279670715332 46.57913589477539 47.69740676879883 46.3133430480957 47.05913543701172 
55.515872955322266 51.79625701904297 52.41561508178711 50.796478271484375 51.1387825012207 52.65919876098633 53.585086822509766 52.13884735107422 
48.84899139404297 46.588768005371094 47.72159957885742 46.397377014160156 47.289344787597656 47.162784576416016 46.90083312988281 47.77155303955078 
56.45283126831055 52.9252815246582 52.11872100830078 52.81817626953125 50.70316696166992 52.60015869140625 53.21308898925781 52.26559829711914 
48.84172821044922 47.15654373168945 47.876224517822266 47.42291259765625 47.798240661621094 46.403743743896484 46.83900833129883 46.52726364135742 
56.04377746582031 52.58268737792969 52.783935546875 53.96732711791992 53.94761657714844 52.86150360107422 54.1743049621582 53.41958236694336 
49.87558364868164 47.63923263549805 46.880863189697266 46.55353546142578 47.65702438354492 46.61238479614258 46.653953552246094 46.49078369140625 
54.59574508666992 52.407711029052734 53.31254577636719 53.59212875366211 51.70003128051758 53.504478454589844 53.24140930175781 53.12895965576172 
50.4535026550293 46.890655517578125 46.66611099243164 46.510337829589844 47.07459259033203 47.539424896240234 47.52975845336914 47.825439453125 
53.7325439453125 54.380001068115234 50.97465515136719 52.64998245239258 52.35279846191406 53.72963333129883 54.59360122680664 53.95964813232422 
46.79296112060547 47.00236892700195 46.48604965209961 46.940223693847656 47.8524169921875 46.02425765991211 47.504638671875 47.052127838134766 
55.88684844970703 52.28822326660156 52.0417594909668 53.52374267578125 52.54022216796875 53.997920989990234 53.023040771484375 52.083744049072266 
48.706687927246094 47.44960021972656 47.3895378112793 46.346336364746094 46.71811294555664 47.64726257324219 46.20556640625 47.146305084228516 
54.70336151123047 50.43337631225586 54.59270477294922 53.566497802734375 52.604225158691406 51.95481491088867 54.93523025512695 54.526432037353516 
49.49001693725586 45.53142547607422 46.60710525512695 45.98640060424805 47.41088104248047 46.54886245727539 46.302528381347656 47.575809478759766 
56.44812774658203 53.62847900390625 53.71500778198242 52.581790924072266 52.42697525024414 53.222721099853516 54.05990219116211 53.85270309448242 
48.588096618652344 46.536991119384766 46.51001739501953 46.664833068847656 47.27772903442383 46.286529541015625 47.18620681762695 47.86262512207031 
55.73139190673828 54.209537506103516 53.695777893066406 53.378944396972656 52.31574249267578 52.71014404296875 51.542686462402344 54.040287017822266 
59.189151763916016 58.16009521484375 59.210689544677734 59.02329635620117 58.169761657714844 56.59164810180664 58.267425537109375 58.41987228393555 
68.81053161621094 63.874942779541016 64.27072143554688 64.30681610107422 66.67523193359375 64.89558410644531 64.178466796875 65.46435546875 
59.81049728393555 59.737022399902344 58.67772674560547 56.649375915527344 57.936767578125 57.55635070800781 57.70556640625 59.30246353149414 
66.08809661865234 62.21263885498047 64.60774230957031 64.49715423583984 66.9327392578125 65.85791778564453 63.94892883300781 66.2503662109375 
60.29084777832031 57.691776275634766 59.449214935302734 57.726783752441406 57.27507019042969 58.21424102783203 57.8078727722168 58.50387191772461 
66.98038482666016 64.72447967529297 65.28377532958984 65.8974380493164 62.249568939208984 65.59030151367188 64.90972900390625 65.05526733398438 
60.07017517089844 55.705631256103516 57.372032165527344 57.002750396728516 58.517120361328125 58.49647903442383 58.840511322021484 58.50559997558594 
66.02294158935547 65.27708435058594 63.7061767578125 66.02124786376953 65.22211456298828 64.05622100830078 64.63426971435547 64.34812927246094 
59.940128326416016 56.845760345458984 57.41379165649414 57.81852722167969 57.620479583740234 59.4071044921875 58.39622497558594 59.694847106933594 
66.0116195678711 62.989662170410156 63.8026237487793 65.97958374023438 64.7336654663086 62.837215423583984 65.17638397216797 63.95920181274414 
57.881343841552734 56.70268630981445 57.30198287963867 58.307071685791016 57.69094467163086 56.094688415527344 57.837440490722656 59.388065338134766 
66.3958740234375 61.68115234375 64.19939422607422 64.27232360839844 66.45110321044922 66.84060668945312 65.68319702148438 64.81097412109375 
61.59648132324219 59.76044845581055 59.113121032714844 57.34124755859375 57.590431213378906 57.7935676574707 58.387168884277344 60.3296012878418 
64.70108795166016 63.38041687011719 64.41295623779297 64.96665954589844 64.1794204711914 64.13692474365234 65.82640075683594 64.63922882080078 
61.03456115722656 57.451297760009766 59.36000061035156 57.22684860229492 58.05740737915039 56.620479583740234 58.644065856933594 57.77948760986328 
65.0249252319336 64.0120620727539 63.75379180908203 65.08348846435547 64.28985595703125 66.7128677368164 66.37439727783203 64.08943939208984 
59.56496047973633 58.45683288574219 58.45808029174805 58.90620803833008 55.79929733276367 57.28192138671875 58.230751037597656 56.68912124633789 
65.91232299804688 61.768096923828125 66.2126693725586 66.81731414794922 65.23324584960938 66.08016204833984 65.71574401855469 64.42752075195312 
59.3199348449707 58.69670486450195 58.68809509277344 58.93449783325195 58.76063919067383 56.77763366699219 57.25987243652344 58.767967224121094 
64.57286071777344 64.32816314697266 66.76665496826172 65.2484130859375 66.03485107421875 65.43408203125 66.07469177246094 64.7652816772461 
57.30108642578125 54.18329620361328 52.66761779785156 55.6984977722168 54.8361930847168 55.1396484375 55.538272857666016 53.943519592285156 
70.2979507446289 68.20726776123047 69.0381088256836 66.08377838134766 69.51872253417969 70.4889907836914 70.0857925415039 69.93913269042969 
57.38719940185547 56.48419189453125 55.921630859375 52.45497512817383 56.109825134277344 54.7347526550293 56.55644989013672 55.815616607666016 
69.2564468383789 68.94802856445312 70.43475341796875 70.32089233398438 70.98332977294922 71.08882904052734 70.57100677490234 70.62815856933594 
56.32649612426758 54.88300704956055 55.490943908691406 55.54828643798828 54.73289489746094 55.14896011352539 54.67148971557617 54.90220642089844 
71.86249542236328 69.280029296875 70.47430419921875 69.37254333496094 70.90521240234375 71.13164520263672 70.55449676513672 70.4649887084961 
59.162593841552734 56.05171203613281 53.30083084106445 56.51424026489258 56.11676788330078 55.995521545410156 55.710304260253906 54.7677116394043 
71.2419204711914 70.03043365478516 70.3486099243164 68.40835571289062 70.15132904052734 70.71148681640625 70.39033508300781 70.14752197265625 
56.678592681884766 55.71014404296875 55.13996887207031 56.497344970703125 55.82038497924805 55.63276672363281 55.92182540893555 54.66041564941406 
70.81180572509766 70.21949005126953 71.50192260742188 68.81839752197266 71.18457794189453 71.25536346435547 70.72895812988281 70.39100646972656 
57.48112106323242 55.523681640625 53.12275314331055 55.84864044189453 54.69744110107422 56.72639846801758 55.91756820678711 56.351104736328125 
70.48505401611328 67.3301773071289 70.88345336914062 68.04956817626953 70.90262603759766 71.48668670654297 71.19583892822266 70.9566421508789 
55.8612174987793 54.9304313659668 55.281856536865234 55.240257263183594 54.70761489868164 54.51852798461914 54.341407775878906 54.127262115478516 
69.88633728027344 70.67692565917969 69.10150146484375 70.96002960205078 70.8759994506836 71.84146881103516 70.19776153564453 70.75663757324219 
56.9666862487793 54.892704010009766 55.17494583129883 54.81782531738281 54.68864059448242 55.10310363769531 54.689857482910156 54.62790298461914 
70.93174743652344 71.0097885131836 68.33161926269531 70.09075164794922 69.57778930664062 71.16022491455078 69.95091247558594 68.2540512084961 
55.464447021484375 55.86982345581055 56.07078552246094 54.50940704345703 56.495487213134766 55.726688385009766 55.31391906738281 55.53308868408203 
69.40547180175781 69.12073516845703 70.0687026977539 70.29190063476562 70.70521545410156 69.95657348632812 69.83916473388672 70.84291076660156 
56.018367767333984 55.73747253417969 53.86044692993164 54.74675369262695 55.29228973388672 54.868446350097656 55.198272705078125 55.244895935058594 
71.4728012084961 69.94220733642578 70.67791748046875 70.12220764160156 71.0164794921875 70.94367980957031 70.63906860351562 69.70569610595703 
94.0322265625 94.3951644897461 96.31558227539062 95.45891571044922 92.65174102783203 95.44771575927734 90.33618927001953 95.3821792602539 
124.51849365234375 105.07955169677734 103.94681549072266 103.72252655029297 105.28141021728516 103.42467498779297 105.84381103515625 105.26703643798828 
92.26217651367188 95.84307098388672 95.06883239746094 93.33267211914062 95.86271667480469 95.04998779296875 93.45523071289062 93.34489440917969 
117.95027160644531 106.27302551269531 103.20089721679688 105.6078109741211 104.89302062988281 103.26998138427734 104.96797180175781 103.8663330078125 
95.25414276123047 93.65923309326172 93.58335876464844 92.84259033203125 92.61062622070312 94.09500885009766 95.35478210449219 92.9450912475586 
113.31193542480469 103.85001373291016 107.21186828613281 105.42316436767578 104.15865325927734 103.55401611328125 109.60675048828125 102.68083190917969 
94.29289245605469 96.62716674804688 93.1740493774414 93.76403045654297 95.25218963623047 93.18153381347656 92.67161560058594 92.95791625976562 
117.0313949584961 103.97567749023438 104.13235473632812 110.31120300292969 104.34464263916016 105.47663879394531 104.0835189819336 105.8779525756836 
95.8214111328125 89.65760040283203 96.00940704345703 97.05238342285156 93.93360137939453 93.7524185180664 95.09190368652344 92.76943969726562 
117.16358184814453 104.77731323242188 104.54112243652344 105.21075439453125 103.38374328613281 103.55193328857422 105.68624114990234 102.95426940917969 
94.15795135498047 94.10240173339844 95.66547393798828 92.61894226074219 93.65939331054688 92.60054779052734 92.59577941894531 96.98441314697266 
115.33936309814453 100.24317169189453 105.3854751586914 101.8644790649414 103.91741180419922 104.49996948242188 105.03062438964844 103.57225799560547 
93.69596862792969 94.77276611328125 94.84611511230469 94.36809539794922 94.43580627441406 94.80912017822266 94.05235290527344 92.10758209228516 
117.8548812866211 106.50102233886719 105.41574096679688 107.12397003173828 105.28486633300781 103.90223693847656 102.05203247070312 104.4760971069336 
95.05213165283203 93.12480163574219 92.06460571289062 93.58274841308594 95.9620132446289 95.36544036865234 96.1174087524414 92.48992156982422 
117.60829162597656 101.6322250366211 107.25347137451172 102.82390594482422 105.47529602050781 103.87583923339844 106.55712127685547 106.28288269042969 
95.5436782836914 93.26525115966797 94.61488342285156 95.33245086669922 92.95343780517578 97.02217864990234 93.95069122314453 93.8946533203125 
114.54585266113281 104.13616180419922 108.2682876586914 103.93097686767578 106.61135864257812 104.5125732421875 105.6732177734375 105.2959976196289 
94.05651092529297 93.55967712402344 99.3939208984375 94.74726104736328 93.80461120605469 94.76028442382812 92.33248138427734 92.49404907226562 
114.0865249633789 104.58175659179688 103.28880310058594 104.53874969482422 103.0129623413086 103.45558166503906 104.5146255493164 105.08182525634766 
46.945152282714844 45.951168060302734 44.643585205078125 45.4747200012207 46.176414489746094 44.587486267089844 45.66998291015625 46.155521392822266 
72.2489242553711 72.5363540649414 72.99049377441406 71.15888214111328 70.87689971923828 70.2081298828125 70.82633972167969 70.7392349243164 
47.61648178100586 45.89430236816406 43.841121673583984 45.51551818847656 46.15657424926758 44.557918548583984 45.347713470458984 46.134910583496094 
71.46278381347656 68.57209777832031 70.51213073730469 71.0692138671875 70.25196838378906 71.4552001953125 70.83513641357422 70.64141082763672 
47.83760070800781 46.1927375793457 44.976158142089844 44.87046432495117 46.616031646728516 44.85561752319336 45.24006271362305 45.6899528503418 
71.3130874633789 71.07510375976562 71.64002990722656 70.96566772460938 71.53314971923828 71.27753448486328 70.07075500488281 70.19347381591797 
48.37014389038086 44.52054214477539 45.19116973876953 44.52143859863281 44.438846588134766 45.64857482910156 46.22844696044922 46.09843063354492 
72.0830078125 71.87654113769531 72.7509765625 69.925537109375 71.10966491699219 70.41145324707031 70.29682922363281 70.64950561523438 
47.051456451416016 44.4356803894043 44.067134857177734 45.58313751220703 45.06304168701172 46.55414581298828 44.70064163208008 45.24262237548828 
71.52777862548828 71.17113494873047 70.72822570800781 71.37852478027344 71.0163803100586 72.91852569580078 69.20748901367188 72.8589096069336 
48.01116943359375 44.853633880615234 45.432159423828125 46.1453742980957 45.07235336303711 45.28483200073242 45.56547164916992 44.85599899291992 
71.76713562011719 72.39794921875 71.80560302734375 72.11788940429688 70.4617919921875 70.60505676269531 70.93059539794922 70.03177642822266 
50.25049591064453 45.482177734375 45.492862701416016 45.014366149902344 44.21366500854492 45.17023849487305 44.511070251464844 45.138240814208984 
71.89254760742188 69.36153411865234 69.61759948730469 68.86953735351562 69.99472045898438 70.28313446044922 68.80406188964844 70.74674987792969 
48.421409606933594 44.903167724609375 44.51737594604492 45.96556854248047 44.760414123535156 45.1129264831543 45.50956726074219 44.714271545410156 
72.2663345336914 70.01958465576172 71.40809631347656 69.6192626953125 71.51734161376953 68.88162994384766 71.48313903808594 70.3757095336914 
47.95753479003906 43.79510498046875 45.216705322265625 45.94416046142578 44.78015899658203 45.0807991027832 46.27862548828125 44.9719352722168 
71.21491241455078 70.22895812988281 68.5263671875 70.1951675415039 70.29027557373047 70.54351806640625 69.76483154296875 69.82396697998047 
49.102142333984375 45.817665100097656 46.10995101928711 45.39548873901367 46.27369689941406 45.25632095336914 44.745887756347656 44.53392028808594 
74.78412628173828 70.23331451416016 70.79705810546875 70.82364654541016 70.99068450927734 71.59632110595703 70.42406463623047 70.34111785888672 
61.784095764160156 60.4005126953125 60.729408264160156 58.54390335083008 59.5978889465332 59.31011199951172 60.64668655395508 58.53535842895508 
96.24771118164062 90.7257308959961 89.72825622558594 91.03587341308594 93.18275451660156 93.05254364013672 90.21737670898438 95.51046752929688 
60.195648193359375 61.372161865234375 60.59027099609375 59.15727996826172 60.20988845825195 61.85145568847656 59.18320083618164 60.656959533691406 
94.99212646484375 90.31513977050781 88.27241516113281 91.83123016357422 92.47987365722656 92.43968200683594 91.5164794921875 93.54876708984375 
61.20316696166992 61.006431579589844 59.28384017944336 59.28246307373047 60.06371307373047 60.22236633300781 60.335296630859375 61.99126434326172 
96.53705596923828 89.67711639404297 90.0199966430664 89.76294708251953 94.16239929199219 90.08793640136719 87.65151977539062 91.60431671142578 
60.7685432434082 59.93312072753906 59.53007888793945 60.44041442871094 59.998687744140625 61.5491828918457 59.91078567504883 60.358463287353516 
96.81843566894531 90.80998229980469 92.01542663574219 91.2551040649414 93.0791015625 89.80716705322266 91.81629180908203 90.19292449951172 
60.74332809448242 59.13443374633789 60.70435333251953 59.596256256103516 59.241600036621094 58.8985595703125 61.189151763916016 60.21091079711914 
96.5525131225586 89.12649536132812 91.92310333251953 92.17715454101562 92.5489273071289 90.9920654296875 90.22694396972656 90.85065460205078 
60.31654357910156 59.673152923583984 60.97100830078125 58.90339279174805 60.28211212158203 58.266143798828125 60.3551025390625 60.32796859741211 
92.96329498291016 93.0699234008789 90.73664093017578 93.04144287109375 89.07539367675781 89.01859283447266 93.6251220703125 89.54505920410156 
62.1973762512207 59.68339157104492 60.066593170166016 61.323936462402344 59.13167953491211 60.51295852661133 62.553409576416016 59.49683380126953 
94.94461059570312 89.70921325683594 90.55033874511719 91.85897827148438 87.64765167236328 91.77011108398438 91.44828796386719 94.62576293945312 
61.56547164916992 60.68646240234375 60.61577606201172 61.2092170715332 59.23302459716797 60.318782806396484 62.276641845703125 57.77519989013672 
97.3416976928711 90.7220458984375 93.62742614746094 88.12521362304688 90.54476928710938 94.15878295898438 89.57929229736328 91.84162902832031 
62.438751220703125 59.374080657958984 60.67887878417969 58.97507095336914 60.01929473876953 60.65907287597656 59.59267044067383 60.658592224121094 
96.8589096069336 90.80425262451172 90.14080047607422 91.4612808227539 94.73423767089844 90.90406036376953 91.43488311767578 90.59603118896484 
60.76873779296875 60.54569625854492 61.47401428222656 60.26873779296875 58.889312744140625 60.76716613769531 59.63536071777344 61.03561782836914 
97.44175720214844 90.26432037353516 89.14466857910156 92.38569641113281 90.77069091796875 91.22077178955078 89.78288269042969 92.66073608398438 
69.26553344726562 69.65299224853516 68.51881408691406 70.98822021484375 69.58707427978516 71.30671691894531 70.61468505859375 213.4596405029297 
73.88992309570312 69.70185852050781 70.84764862060547 70.57437133789062 70.05836486816406 69.80550384521484 71.28707122802734 237.380859375 
68.7389144897461 70.77129364013672 69.29408264160156 70.90863800048828 68.21593475341797 70.68873596191406 70.00121307373047 189.4229736328125 
69.3004150390625 68.40422058105469 70.26979064941406 71.37423706054688 71.51481628417969 69.50233459472656 70.09907531738281 213.6952362060547 
69.04911804199219 67.57609558105469 69.80652618408203 69.0506591796875 69.9777603149414 67.8024673461914 72.28399658203125 237.2480926513672 
71.50201416015625 68.34268951416016 70.14591979980469 68.92272186279297 69.76806640625 69.81958770751953 70.71705627441406 193.9186248779297 
70.57164764404297 70.88540649414062 70.83570861816406 70.74598693847656 69.28105926513672 71.95417785644531 69.8686752319336 225.4679412841797 
69.45410919189453 70.72550201416016 71.46431732177734 69.57273864746094 70.66639709472656 70.77446746826172 69.73836517333984 221.4436492919922 
70.53196716308594 71.08704376220703 68.97875213623047 69.4616928100586 69.52336120605469 70.02467346191406 70.0288314819336 213.05845642089844 
70.44659423828125 69.12713623046875 71.26573181152344 71.18831634521484 71.51622772216797 70.26044464111328 69.55043029785156 229.59219360351562 
73.50822448730469 73.13811492919922 74.9247055053711 74.31244659423828 73.24060821533203 73.82393646240234 75.59510040283203 74.45954895019531 
80.66150665283203 82.13849639892578 79.93148803710938 81.34556579589844 81.77581024169922 82.72547149658203 83.57804870605469 85.0871353149414 
75.42790222167969 74.7748794555664 72.07283020019531 73.99635314941406 73.58191680908203 75.49337768554688 73.16864013671875 74.82870483398438 
82.60345458984375 82.47545623779297 80.70130920410156 80.2739486694336 83.10623931884766 83.95744323730469 84.86326599121094 82.13014221191406 
75.5950698852539 73.0110092163086 73.90780639648438 71.4427490234375 74.26649475097656 73.04678344726562 73.43075561523438 74.60073852539062 
81.9454116821289 81.00160217285156 83.36563110351562 81.58454132080078 81.26118469238281 82.47644805908203 83.39958190917969 80.59600067138672 
74.29027557373047 73.5219497680664 71.90086364746094 74.39628601074219 75.74307250976562 74.00969696044922 74.1846694946289 76.0755844116211 
84.02816009521484 79.71324920654297 78.83891296386719 83.18262481689453 84.43148803710938 81.4227523803711 81.62419128417969 78.95410919189453 
73.11145782470703 73.03043365478516 74.302978515625 75.28569793701172 74.04962921142578 74.40019226074219 75.84969329833984 75.44080352783203 
81.75138854980469 80.12166595458984 80.68537902832031 82.27820587158203 83.76703643798828 81.55043029785156 81.50192260742188 81.67740631103516 
72.90995025634766 72.60739135742188 74.19945526123047 73.98281860351562 72.74050903320312 72.63372802734375 74.74777221679688 73.06185913085938 
83.16358184814453 83.99132537841797 81.6164779663086 80.1717758178711 80.43119812011719 83.83289337158203 82.83968353271484 83.01741027832031 
75.09053039550781 71.70140838623047 73.040771484375 73.72480010986328 76.0973129272461 75.08537292480469 74.62895965576172 76.4487075805664 
82.33766174316406 82.54259490966797 80.61360168457031 80.8469467163086 84.68694305419922 86.03654479980469 81.81222534179688 81.90943908691406 
74.93869018554688 73.52281951904297 73.23625946044922 75.85667419433594 73.99394989013672 73.32848358154297 73.79817962646484 75.2938232421875 
82.15750122070312 80.45731353759766 80.02499389648438 80.03545379638672 81.10953521728516 82.56265258789062 84.2086410522461 82.31817626953125 
73.7074203491211 73.83500671386719 75.9353256225586 73.35997009277344 73.82105255126953 74.4760971069336 75.09382629394531 73.84687805175781 
82.80278778076172 81.67273712158203 80.72882843017578 82.7007064819336 84.57794952392578 82.72025299072266 83.04281616210938 80.38499450683594 
74.47068786621094 73.5373764038086 75.04434967041016 76.87583923339844 73.98873901367188 73.50374603271484 74.53135681152344 73.94486236572266 
85.52175903320312 83.08790588378906 82.64176177978516 81.66831970214844 81.4051513671875 83.48889923095703 83.22659301757812 83.18819427490234 
41.47401428222656 38.84745788574219 38.653953552246094 39.63030242919922 39.25068664550781 39.97769546508789 39.08969497680664 38.99375915527344 
92.97193908691406 95.07328033447266 93.75401306152344 93.22755432128906 93.3252182006836 93.32390594482422 92.44457244873047 93.80278778076172 
40.699615478515625 39.57788848876953 39.74367904663086 39.377471923828125 39.605953216552734 38.64508819580078 39.42902374267578 39.41852951049805 
94.03324890136719 93.38972473144531 95.14089965820312 95.70857238769531 93.51907348632812 92.8927001953125 92.94361877441406 94.37452697753906 
39.43395233154297 39.570465087890625 39.0148811340332 40.02678298950195 39.94428634643555 40.04966354370117 40.529502868652344 39.036895751953125 
92.13471984863281 97.32227325439453 93.42371368408203 95.26060485839844 95.03887939453125 93.07075500488281 95.60633850097656 98.28924560546875 
42.198814392089844 38.827999114990234 39.80575942993164 39.65536117553711 39.655967712402344 39.65475082397461 39.67289733886719 39.615840911865234 
93.91734313964844 92.23353576660156 92.79235076904297 94.68009948730469 89.7047348022461 93.4386215209961 94.5337905883789 93.04156494140625 
41.05859375 38.62092971801758 39.394527435302734 39.885345458984375 39.623199462890625 38.703392028808594 39.934879302978516 38.85318374633789 
95.34703826904297 90.65516662597656 95.39334106445312 95.39961242675781 93.393310546875 93.79199981689453 94.35212707519531 93.4024658203125 
41.11471939086914 38.58870315551758 39.192447662353516 39.98112106323242 38.657440185546875 40.260223388671875 39.61391830444336 39.317726135253906 
93.03839874267578 95.54857635498047 94.7410888671875 94.0311050415039 94.90070343017578 94.90633392333984 92.17667388916016 92.84819030761719 
41.253761291503906 38.436256408691406 39.29929733276367 39.81318283081055 39.46540832519531 40.036224365234375 39.14665603637695 38.94940948486328 
95.0824966430664 92.34310150146484 92.01679992675781 94.38444519042969 93.63750457763672 92.8004150390625 92.95027160644531 95.82233428955078 
41.69590377807617 39.25843048095703 38.99846267700195 39.81907272338867 39.2116813659668 38.83488082885742 39.766624450683594 40.040992736816406 
93.97593688964844 94.57421112060547 93.14521789550781 96.07107543945312 94.29535675048828 92.82208251953125 93.4150390625 92.71753692626953 
41.16486358642578 39.91913604736328 40.066593170166016 38.683040618896484 38.99635314941406 39.26287841796875 39.17772674560547 40.01036834716797 
92.43782043457031 93.91756439208984 92.75033569335938 92.94124603271484 94.04678344726562 95.44671630859375 94.54009246826172 93.47379302978516 
41.93404769897461 38.73027038574219 38.56419372558594 39.41561508178711 38.7540168762207 40.003902435302734 40.12351989746094 39.957088470458984 
92.3219223022461 94.54835510253906 93.4771499633789 92.775390625 93.70162963867188 91.56521606445312 95.68621063232422 93.66009521484375 
48.46851348876953 46.26166534423828 47.954593658447266 46.527103424072266 46.67091369628906 46.42531204223633 48.19750213623047 46.442527770996094 
97.94649505615234 90.58332824707031 88.23705291748047 84.083740234375 85.16893005371094 87.55872344970703 88.84451293945312 87.34835052490234 
48.81123352050781 46.969886779785156 47.362464904785156 47.47359848022461 45.880126953125 47.49087905883789 47.45964813232422 47.25843048095703 
95.795166015625 85.28995513916016 87.16047668457031 89.38047790527344 86.7745590209961 87.20674896240234 85.51862335205078 88.59410858154297 
49.36470413208008 46.22294235229492 46.12409591674805 46.50851058959961 47.7281608581543 46.601505279541016 47.41670227050781 46.509246826171875 
98.4639663696289 87.88304138183594 87.29756927490234 87.35228729248047 85.56864166259766 88.3834228515625 88.08422088623047 88.1204833984375 
48.006752014160156 47.63907241821289 46.32361602783203 47.95561599731445 46.068382263183594 47.881534576416016 46.44198226928711 47.786590576171875 
94.63859558105469 86.64918518066406 88.33222198486328 90.77308654785156 87.13875579833984 86.30838775634766 87.58153533935547 89.53929901123047 
47.46223831176758 47.24348831176758 46.90550231933594 47.523681640625 47.06150436401367 47.43552017211914 47.58371353149414 47.398048400878906 
101.85910034179688 85.71939086914062 84.90223693847656 87.0599365234375 89.49555206298828 88.12518310546875 84.58828735351562 86.27101135253906 
48.58793640136719 45.467201232910156 47.494110107421875 47.17875289916992 45.538272857666016 46.38947296142578 46.665950775146484 47.650657653808594 
101.52230072021484 84.70259094238281 87.57823944091797 85.45065307617188 86.51074981689453 88.78272247314453 86.3891830444336 88.434814453125 
47.621055603027344 46.376033782958984 47.148895263671875 48.01590347290039 46.883262634277344 46.49750518798828 45.97248077392578 47.58873748779297 
98.80473327636719 86.98870086669922 84.91078186035156 86.12239837646484 87.20832061767578 90.4856948852539 84.97126770019531 87.24012756347656 
47.42620849609375 46.62163162231445 47.10102462768555 47.842689514160156 45.66038513183594 46.67929458618164 47.49420928955078 47.05487823486328 
99.17955017089844 88.24208068847656 87.32940673828125 85.70658874511719 86.00841522216797 90.25421142578125 86.89017486572266 84.7343978881836 
47.91299057006836 47.316062927246094 47.76073455810547 46.68755340576172 47.26108932495117 46.260990142822266 47.60492706298828 46.159454345703125 
94.24444580078125 87.4777603149414 90.62662506103516 87.11763000488281 83.93126678466797 86.86768341064453 87.05696105957031 89.09292602539062 
49.8037109375 46.877662658691406 47.31795120239258 46.92784118652344 47.54172897338867 47.52659225463867 46.48489761352539 47.33910369873047 
98.01634979248047 87.54061126708984 85.45769500732422 86.47638702392578 90.4678726196289 86.59139251708984 87.2390365600586 87.06460571289062 
49.19247817993164 47.83430480957031 46.72422409057617 47.5015983581543 46.683807373046875 47.60665512084961 47.175167083740234 46.8436164855957 
62.74323272705078 61.728736877441406 60.59910583496094 61.53353500366211 60.73152160644531 60.472991943359375 62.24166488647461 59.85795211791992 
49.8135986328125 47.5305290222168 46.880672454833984 46.61955261230469 47.14710235595703 46.959102630615234 45.73427200317383 46.58601760864258 
61.509342193603516 61.609886169433594 59.7059211730957 60.63273620605469 60.523136138916016 61.17366409301758 60.26396942138672 62.12815856933594 
49.09952163696289 48.00969696044922 45.414878845214844 46.801631927490234 47.64131164550781 46.889854431152344 47.73603057861328 46.399009704589844 
61.84774398803711 58.00806427001953 60.379329681396484 62.44041442871094 60.823265075683594 61.35075378417969 60.88684844970703 60.99875259399414 
48.864864349365234 46.828609466552734 48.167137145996094 46.84473419189453 47.90399932861328 46.94300842285156 47.43523025512695 46.79206466674805 
61.91001510620117 59.52739334106445 59.12134552001953 62.022239685058594 61.293792724609375 60.811614990234375 61.26559829711914 59.19609451293945 
51.75494384765625 46.91145706176758 47.68668746948242 47.37372970581055 46.862945556640625 46.762718200683594 48.17619323730469 46.557342529296875 
62.90214538574219 59.99599838256836 61.94428634643555 60.40031814575195 61.39020919799805 61.797054290771484 59.453697204589844 60.102752685546875 
50.46521759033203 47.13209533691406 46.94153594970703 46.014686584472656 46.47324752807617 47.64524841308594 46.97043228149414 46.758399963378906 
62.568511962890625 59.885887145996094 60.259552001953125 62.9681282043457 57.93337631225586 61.02083206176758 62.534881591796875 59.87651062011719 
49.1693115234375 47.06310272216797 48.27619171142578 46.684383392333984 47.70329666137695 46.52819061279297 46.857215881347656 47.82758331298828 
64.53024291992188 58.05241775512695 60.35881423950195 60.96371078491211 62.4529914855957 59.97180938720703 61.66640090942383 59.69443130493164 
48.98588943481445 47.56892776489258 46.22963333129883 47.73871994018555 47.31827163696289 46.93964767456055 47.9568977355957 47.01494216918945 
65.69091033935547 59.65011215209961 60.777408599853516 62.67494583129883 60.9213752746582 61.34422302246094 61.6649284362793 60.09779357910156 
48.44966506958008 46.724830627441406 47.159488677978516 46.71836853027344 46.128257751464844 46.42607879638672 47.20252990722656 47.85472106933594 
62.212799072265625 61.04345703125 63.548736572265625 59.65999984741211 61.345088958740234 61.492767333984375 59.718624114990234 59.710975646972656 
49.68966293334961 45.082401275634766 46.84483337402344 45.69363021850586 45.223297119140625 46.970558166503906 48.037601470947266 46.277503967285156 
62.14147186279297 61.41011047363281 59.487552642822266 60.8056640625 63.700382232666016 57.77628707885742 59.53327941894531 62.18735885620117 
71.2547836303711 70.64214324951172 69.38489532470703 71.26512145996094 71.0232925415039 70.04045104980469 70.93167877197266 70.34317016601562 
101.70722961425781 105.193603515625 98.81161499023438 101.70185852050781 100.14217376708984 101.8597412109375 99.61756896972656 98.8702392578125 
70.77648162841797 70.74508666992188 69.97542572021484 70.9164810180664 70.34623718261719 70.75564575195312 71.09101104736328 70.87667083740234 
100.23190307617188 102.31858825683594 102.57587432861328 103.39686584472656 99.84031677246094 101.53119659423828 100.05104064941406 98.32972717285156 
72.89469146728516 69.70063781738281 71.7734375 71.7569580078125 71.11373138427734 70.72354888916016 71.3148193359375 70.3028793334961 
98.65315246582031 99.74816131591797 99.480224609375 99.37554931640625 99.19465637207031 98.41929626464844 100.26959991455078 99.59398651123047 
72.072509765625 71.82109069824219 69.74070739746094 71.90573120117188 73.29385375976562 72.32473754882812 72.93567657470703 70.3536605834961 
100.0296630859375 104.16630554199219 99.2126693725586 98.0970230102539 101.52761840820312 99.92940521240234 99.79318237304688 99.25007629394531 
71.81378936767578 71.40579223632812 68.08819580078125 71.86585235595703 72.54793548583984 71.6883544921875 71.28607940673828 70.9261474609375 
100.84025573730469 101.0030746459961 100.80255889892578 102.3318099975586 100.08415985107422 102.29740905761719 100.54239654541016 99.36895751953125 
71.26640319824219 71.05999755859375 71.0511703491211 71.62726593017578 70.9692153930664 71.93804931640625 72.78079986572266 72.7760009765625 
98.1061782836914 98.37958526611328 99.0597152709961 99.4261474609375 99.438720703125 97.8986587524414 100.37548828125 98.13967895507812 
74.00624084472656 69.13104248046875 71.7442855834961 71.33379364013672 71.5059814453125 71.4518051147461 71.31916809082031 70.69174194335938 
100.04505920410156 103.32342529296875 101.15478515625 101.17967987060547 100.39260864257812 101.79942321777344 100.1627197265625 99.48060607910156 
71.18303680419922 70.13906860351562 70.14867401123047 70.03193664550781 69.35708618164062 69.88982391357422 69.67219543457031 69.59394836425781 
102.32051086425781 99.86662292480469 100.3249282836914 98.35753631591797 99.67273712158203 99.76099395751953 100.35501098632812 99.54425811767578 
71.0513916015625 70.7495346069336 70.31155395507812 70.41053009033203 70.19705963134766 70.40560150146484 70.79558563232422 70.9188461303711 
101.09494018554688 100.80508422851562 102.95852661132812 100.28144073486328 100.14828491210938 101.10099029541016 97.96723175048828 100.17919921875 
71.3274917602539 70.8917465209961 69.93465423583984 71.09632110595703 71.01872253417969 71.2966079711914 72.10179138183594 71.62067413330078 
100.95420837402344 98.46192169189453 101.76652526855469 100.95331573486328 101.29574584960938 102.86531066894531 100.02979278564453 101.05017852783203 
54.015968322753906 53.02547073364258 53.15571212768555 52.91990280151367 53.65497589111328 53.19548797607422 53.820350646972656 53.888126373291016 
55.44905471801758 54.656288146972656 54.776702880859375 54.53839874267578 54.0794563293457 54.988704681396484 54.223934173583984 54.33478546142578 
56.172672271728516 53.79072189331055 54.46694564819336 53.880863189697266 55.299774169921875 54.50889587402344 53.81177520751953 54.27248001098633 
54.0648307800293 53.83504104614258 53.78732681274414 53.609375 53.66755294799805 52.744415283203125 52.91011047363281 53.37238311767578 
54.09017562866211 55.019840240478516 53.95043182373047 54.203487396240234 53.559425354003906 54.79324722290039 54.70889663696289 54.29123306274414 
54.009281158447266 54.52345657348633 54.05321502685547 53.958335876464844 55.013057708740234 53.85580825805664 54.447296142578125 54.570945739746094 
54.34128189086914 53.7529296875 54.15788650512695 53.56140899658203 54.19184112548828 53.657470703125 53.52556610107422 55.02678298950195 
53.72111892700195 54.40768051147461 54.534175872802734 54.507808685302734 54.355934143066406 53.98031997680664 53.24313735961914 54.68191909790039 
55.15999984741211 54.52239990234375 55.296607971191406 53.101470947265625 53.80601501464844 54.6693115234375 53.917633056640625 55.41331100463867 
54.0873908996582 52.94508743286133 54.03433609008789 55.628414154052734 54.54064178466797 54.842079162597656 54.67055892944336 53.134273529052734 
53.1126708984375 50.00352096557617 52.783870697021484 52.68649673461914 52.116737365722656 50.81363296508789 51.22691345214844 51.62748718261719 
52.3559684753418 51.1209602355957 51.50364685058594 51.045440673828125 52.0285758972168 50.08687973022461 51.743839263916016 51.23507308959961 
52.19468688964844 51.467201232910156 51.97577667236328 51.02492904663086 49.868160247802734 51.55788803100586 52.044158935546875 50.98489761352539 
53.3039665222168 51.64799880981445 51.98640060424805 51.659454345703125 50.67123031616211 50.886592864990234 51.48076629638672 52.37702560424805 
50.243038177490234 49.51068878173828 51.0153923034668 51.32659149169922 50.01660919189453 51.43977737426758 51.21760177612305 51.49046325683594 
52.94918441772461 50.584449768066406 50.478782653808594 50.357566833496094 50.91814422607422 52.30352020263672 51.06742477416992 50.82067108154297 
52.06844711303711 51.88300704956055 51.27753448486328 50.997886657714844 50.094688415527344 51.80729675292969 51.592384338378906 51.07593536376953 
54.137855529785156 51.01206588745117 50.63872146606445 50.13302230834961 50.174110412597656 51.81305694580078 51.22364807128906 51.550750732421875 
51.9119987487793 51.23302459716797 50.109375 50.49359893798828 52.59628677368164 52.12006378173828 50.59302520751953 50.3752326965332 
54.66508865356445 49.079166412353516 50.33824157714844 51.799583435058594 51.2663688659668 50.29644775390625 50.52406311035156 52.94611358642578 
52.8963508605957 51.46531295776367 50.983070373535156 50.956993103027344 49.092159271240234 51.552513122558594 50.96547317504883 50.47244644165039 
53.37696075439453 50.685569763183594 49.794464111328125 52.59987258911133 51.914207458496094 51.30217742919922 50.136863708496094 51.64691162109375 
50.32716751098633 51.819969177246094 50.18080139160156 50.93222427368164 50.011104583740234 51.47897720336914 51.98726272583008 51.20915222167969 
51.83747100830078 50.811424255371094 50.19337463378906 51.80659103393555 51.910430908203125 52.033504486083984 51.491294860839844 50.2248649597168 
51.112064361572266 51.51094436645508 51.079551696777344 50.5478401184082 51.39750289916992 52.055423736572266 51.125953674316406 49.999935150146484 
53.09465789794922 50.422367095947266 50.05990219116211 50.07542419433594 50.06950378417969 51.69452667236328 50.3765754699707 51.9403190612793 
51.57254409790039 49.736671447753906 50.841697692871094 50.590049743652344 50.79462432861328 51.766624450683594 50.968353271484375 51.41187286376953 
53.45801544189453 51.4114875793457 50.86732864379883 50.283775329589844 52.844703674316406 52.054046630859375 51.30915069580078 50.249568939208984 
52.45955276489258 51.079200744628906 52.662078857421875 53.18310546875 52.65177536010742 51.009952545166016 50.05830383300781 51.441566467285156 
53.2874870300293 50.94892883300781 48.64998245239258 51.02182388305664 51.33321762084961 51.7017936706543 50.009822845458984 52.43376159667969 
65.88153839111328 67.20191955566406 67.67756652832031 66.14387512207031 67.81868743896484 66.0862045288086 68.40335845947266 66.91641235351562 
67.28396606445312 67.93302154541016 67.56729888916016 64.11558532714844 67.22700500488281 66.98348999023438 66.5827865600586 69.94812774658203 
65.921630859375 66.84614562988281 67.7907485961914 67.38617706298828 67.0805435180664 67.25062561035156 67.20671844482422 66.3864974975586 
66.27827453613281 66.80400085449219 66.4438705444336 66.91455841064453 65.86188507080078 66.9571533203125 67.2718734741211 65.41283416748047 
66.44303894042969 65.42720031738281 66.99298858642578 67.17577362060547 67.10883331298828 67.29801940917969 65.72569274902344 66.0337905883789 
66.74211120605469 64.7825927734375 67.35862731933594 66.78816223144531 66.58857727050781 65.93958282470703 66.62342071533203 66.76521301269531 
68.33197021484375 66.5038070678711 68.28508758544922 66.98579406738281 68.50460815429688 68.9543685913086 68.18476867675781 69.77728271484375 
65.15532684326172 67.26335906982422 65.52201843261719 68.01516723632812 68.50662231445312 67.18029022216797 68.56355285644531 68.50284576416016 
66.75740814208984 65.49673461914062 65.62911987304688 66.4148178100586 66.76834869384766 67.99980926513672 68.2504653930664 68.5116195678711 
67.1794204711914 66.9345932006836 67.07974243164062 64.33984375 66.71971130371094 65.32083129882812 66.46153259277344 68.09410858154297 
48.984928131103516 46.30915069580078 46.72768020629883 46.13199996948242 46.44428634643555 47.25145721435547 46.118560791015625 46.73503875732422 
66.95132446289062 68.1454086303711 70.67609405517578 68.06594848632812 70.27474975585938 69.24432373046875 68.82425689697266 67.67008209228516 
48.02595138549805 46.65737533569336 47.73481750488281 45.88054275512695 46.692256927490234 47.585182189941406 46.31577682495117 47.40195083618164 
69.53199768066406 68.4974365234375 65.75494384765625 68.38400268554688 71.2213134765625 68.8644790649414 68.64832305908203 68.79148864746094 
49.548126220703125 46.5838737487793 47.76243209838867 45.4370231628418 45.99033737182617 47.862239837646484 46.25836944580078 46.03526306152344 
68.45037078857422 70.46466827392578 69.93017578125 67.9221420288086 70.6588134765625 67.07295989990234 67.79933166503906 67.32077026367188 
49.2567024230957 46.27507019042969 46.8421745300293 46.70880126953125 46.23871994018555 47.523841857910156 46.21139144897461 46.24339294433594 
68.71376037597656 67.17475128173828 65.12477111816406 70.21001434326172 71.09257507324219 68.80726623535156 69.89584350585938 69.66044616699219 
49.7209587097168 45.77964782714844 46.56147384643555 47.39884948730469 46.37971115112305 47.97283172607422 46.24224090576172 46.53388977050781 
68.7675552368164 68.45638275146484 67.35062408447266 67.0599365234375 68.17708587646484 66.73225402832031 67.99215698242188 67.44876861572266 
49.58582305908203 46.436256408691406 48.15840148925781 45.56854248046875 45.68329620361328 47.936832427978516 46.20329666137695 46.96255874633789 
68.6230697631836 68.32438659667969 67.51513671875 66.72262573242188 68.45945739746094 65.93001556396484 69.33795166015625 69.60736083984375 
49.86716842651367 46.18966293334961 47.38393783569336 46.40153503417969 46.7204475402832 46.999359130859375 46.5162239074707 47.5959358215332 
68.67839813232422 66.77597045898438 66.95491027832031 64.13565063476562 68.6764144897461 69.20854187011719 66.22838592529297 67.3644790649414 
49.390785217285156 46.01180648803711 47.43088150024414 46.28361511230469 46.44508743286133 47.64988708496094 46.21478271484375 47.25654220581055 
67.69811248779297 65.81954956054688 67.23020935058594 65.39702606201172 69.46953582763672 68.51513671875 66.98560333251953 66.96173095703125 
50.178462982177734 47.25814437866211 45.796417236328125 46.03065490722656 45.252159118652344 46.24483108520508 46.46419143676758 47.60550308227539 
68.07615661621094 66.38614654541016 68.63260650634766 67.03679656982422 69.2449951171875 67.90857696533203 64.25827026367188 67.67750549316406 
48.90607833862305 47.70057678222656 45.665950775146484 46.58848190307617 47.458656311035156 46.50700759887695 46.98854446411133 46.92940902709961 
68.67635345458984 65.27094268798828 68.13267517089844 66.7973403930664 68.0291519165039 68.24505615234375 67.31353759765625 68.12028503417969 
57.84588623046875 54.62297439575195 54.37251281738281 54.421695709228516 55.328609466552734 54.94937515258789 54.82342529296875 53.82716751098633 
126.8736343383789 104.13731384277344 103.33634948730469 105.142333984375 103.47657775878906 104.79180908203125 104.18150329589844 103.35142517089844 
55.86771011352539 55.69267272949219 55.38288116455078 55.56486511230469 55.50236892700195 54.22892761230469 55.89360046386719 56.528289794921875 
121.42070770263672 101.27391815185547 102.25251007080078 99.6899185180664 101.99603271484375 103.42221069335938 102.88460540771484 102.53456115722656 
56.827457427978516 55.399391174316406 54.58921432495117 55.24739074707031 56.22323226928711 55.4081916809082 52.94655990600586 55.62460708618164 
120.60304260253906 103.0929946899414 103.54617309570312 101.6677474975586 103.80496215820312 104.35689544677734 101.65388488769531 101.78006744384766 
56.728416442871094 53.41007995605469 54.6267204284668 53.98854446411133 53.580352783203125 53.736446380615234 54.823455810546875 55.757503509521484 
122.14198303222656 101.76188659667969 104.29519653320312 102.94802856445312 102.85408020019531 102.31206512451172 104.06784057617188 104.60406494140625 
57.494529724121094 53.76723098754883 54.798622131347656 55.31875228881836 51.98691177368164 54.07788848876953 55.85148620605469 55.27372741699219 
119.4254379272461 103.36748504638672 102.25408172607422 100.09737396240234 105.2667236328125 101.97289276123047 103.12496185302734 101.35545349121094 
55.77475357055664 54.005409240722656 52.93436813354492 53.46451187133789 54.30924987792969 54.19468688964844 53.121952056884766 54.483551025390625 
129.17027282714844 101.7656021118164 100.2972183227539 102.41033935546875 102.60205078125 107.30182647705078 103.11894226074219 101.50732421875 
55.544254302978516 53.86652755737305 55.60790252685547 55.284095764160156 55.537086486816406 55.610145568847656 54.34892654418945 56.4147834777832 
123.20780944824219 101.63219451904297 100.81942749023438 102.31132507324219 102.16124725341797 102.1965103149414 108.8535385131836 101.38787078857422 
55.433345794677734 55.094207763671875 56.04502487182617 55.461856842041016 55.45926284790039 54.949440002441406 54.1096305847168 55.5494384765625 
123.3773422241211 105.18204498291016 105.2808609008789 99.89958190917969 104.97571563720703 101.48377227783203 104.3377914428711 103.06566619873047 
56.33903884887695 55.718048095703125 55.55311965942383 56.5041618347168 55.81078338623047 53.95750427246094 55.84096145629883 55.56198501586914 
120.54370880126953 103.62166595458984 106.52374267578125 102.5298843383789 102.67286682128906 101.95410919189453 101.63775634765625 102.69932556152344 
57.108673095703125 54.72691345214844 53.93996810913086 54.64761734008789 53.64031982421875 54.89440155029297 54.604801177978516 54.217567443847656 
124.95852661132812 100.65420532226562 103.73673248291016 101.66934204101562 103.97443389892578 102.73302459716797 103.21222686767578 101.53334045410156 
33.15363311767578 32.356224060058594 31.893600463867188 31.894624710083008 32.24959945678711 32.66912078857422 32.90486526489258 32.45094299316406 
64.75382232666016 54.669921875 53.26643371582031 52.73100662231445 53.40662384033203 52.13923263549805 55.027584075927734 55.198143005371094 
32.34281539916992 31.798559188842773 31.760576248168945 32.993408203125 32.72710418701172 32.66854476928711 32.0412483215332 32.77212905883789 
65.0516128540039 53.59872055053711 53.473663330078125 53.180545806884766 52.942081451416016 56.18182373046875 53.979103088378906 54.594207763671875 
34.22832107543945 32.82284927368164 31.963680267333984 32.44307327270508 31.9052791595459 32.62348937988281 32.4040641784668 32.764129638671875 
63.73244857788086 50.728511810302734 55.355934143066406 53.95907211303711 54.60508728027344 54.547489166259766 53.35260772705078 53.79081726074219 
33.82223892211914 32.43552017211914 32.40019226074219 32.548736572265625 31.849695205688477 33.02220916748047 31.945247650146484 32.71244812011719 
64.39839935302734 54.92176055908203 54.63087844848633 54.21798324584961 53.77996826171875 53.985023498535156 53.30636978149414 54.08278274536133 
33.39801788330078 32.418880462646484 32.539710998535156 32.90281677246094 32.61587142944336 32.655296325683594 32.305057525634766 32.06553649902344 
65.86768341064453 53.02070236206055 53.98169708251953 53.45916748046875 54.85619354248047 55.32467269897461 53.88947296142578 55.38742446899414 
32.200897216796875 32.30928039550781 32.32553482055664 32.35414505004883 32.29702377319336 32.44236755371094 32.088768005371094 32.3502082824707 
63.860992431640625 54.049503326416016 54.098304748535156 55.071041107177734 54.652286529541016 55.344478607177734 55.439327239990234 52.4771842956543 
35.347713470458984 32.540287017822266 32.25920104980469 32.90127944946289 32.168800354003906 32.772830963134766 32.87200164794922 32.88300704956055 
64.73184204101562 55.00700759887695 55.597023010253906 52.46031951904297 53.19260787963867 54.41801452636719 52.98543930053711 53.18703842163086 
35.50617599487305 32.393089294433594 32.57779312133789 32.17871856689453 32.83580780029297 32.84156799316406 32.6690559387207 32.62160110473633 
64.09734344482422 52.616737365722656 53.86278533935547 53.125247955322266 53.05830383300781 54.15270233154297 54.8732795715332 54.98384094238281 
32.66236877441406 32.1190071105957 32.81129455566406 32.677886962890625 32.66310501098633 32.87664031982422 31.975648880004883 32.1767692565918 
64.0832290649414 54.80963134765625 54.46723175048828 53.847999572753906 53.475616455078125 54.4271354675293 53.78540802001953 52.2204475402832 
34.673152923583984 31.738048553466797 32.68675231933594 32.150848388671875 32.61235046386719 32.68352127075195 32.494815826416016 32.79087829589844 
64.00621032714844 51.88579177856445 53.15260696411133 53.85942459106445 53.2031364440918 54.117088317871094 52.939456939697266 54.60758590698242 
57.54671859741211 54.04537582397461 53.636959075927734 53.556575775146484 53.956478118896484 53.90902328491211 53.65737533569336 53.50486373901367 
54.77734375 53.05206298828125 53.305694580078125 53.63123321533203 53.94246292114258 53.661888122558594 54.0805778503418 54.08329772949219 
54.42940902709961 53.718238830566406 54.22032165527344 53.791038513183594 53.171775817871094 53.54771041870117 53.6976318359375 53.58582305908203 
54.638206481933594 53.928062438964844 55.03196716308594 54.17219161987305 54.67174530029297 54.399967193603516 54.99590301513672 54.28915023803711 
54.97430419921875 55.06038284301758 53.47830581665039 55.784767150878906 54.380062103271484 55.07683181762695 54.7224006652832 53.71567916870117 
54.613887786865234 53.80998229980469 55.04431915283203 54.8488655090332 55.16758346557617 53.80255889892578 55.568416595458984 55.683902740478516 
54.76166534423828 55.259456634521484 54.896705627441406 54.34515380859375 55.253055572509766 53.65446472167969 54.50729751586914 54.9071044921875 
56.07993698120117 53.00348663330078 54.15187072753906 54.86406326293945 54.818206787109375 54.59747314453125 54.38972854614258 54.35174560546875 
55.35942459106445 54.098785400390625 55.06486511230469 54.9903678894043 54.149696350097656 54.59667205810547 53.297664642333984 55.5865592956543 
54.16191864013672 55.65488052368164 54.35059356689453 55.1993293762207 55.00486373901367 54.15331268310547 55.19334411621094 55.15180969238281 
59.61369705200195 58.796993255615234 59.971134185791016 59.28179168701172 57.823326110839844 58.43596649169922 59.12748718261719 58.17875289916992 
90.44025421142578 93.44163513183594 90.39462280273438 91.68224334716797 91.2775650024414 90.85731506347656 90.74015808105469 91.98387145996094 
60.776031494140625 57.28752136230469 57.44169616699219 59.165950775146484 57.8185920715332 57.383392333984375 59.48089599609375 59.08403015136719 
90.56633758544922 92.95680236816406 92.6527328491211 91.87446594238281 91.90777587890625 93.6541748046875 91.62179565429688 91.92867279052734 
58.85929489135742 57.87468719482422 58.394657135009766 58.138145446777344 57.494625091552734 59.46771240234375 57.94489669799805 58.318111419677734 
90.93456268310547 95.67750549316406 90.09203338623047 90.63795471191406 92.00418853759766 93.57308959960938 92.0824966430664 91.96076965332031 
59.30534362792969 58.25241470336914 58.63449478149414 59.59062576293945 55.97536087036133 58.49740982055664 57.7503662109375 58.29702377319336 
90.63875579833984 91.38400268554688 90.01376342773438 92.29698944091797 92.12969970703125 93.05753326416016 89.96268463134766 96.67401885986328 
59.48649597167969 55.93395233154297 59.681217193603516 59.55353546142578 57.81475067138672 58.05107116699219 58.84787368774414 58.604862213134766 
90.72489929199219 89.83503723144531 90.76691436767578 92.8246078491211 90.82035064697266 92.64044952392578 91.64620971679688 91.94195556640625 
60.803199768066406 59.4202880859375 58.78486251831055 57.51046371459961 58.703392028808594 59.51241683959961 59.55292892456055 57.95753479003906 
91.87372589111328 91.86844635009766 92.94723510742188 89.03103637695312 90.5225601196289 93.74988555908203 90.95337677001953 91.95458984375 
60.11155319213867 58.07984161376953 57.73030471801758 58.16844940185547 57.190433502197266 59.57440185546875 57.972862243652344 57.923648834228516 
91.09951782226562 92.00326538085938 92.8724136352539 89.63843536376953 95.37478637695312 91.44556427001953 91.61785888671875 91.86761474609375 
60.12406539916992 59.288543701171875 59.44963073730469 57.92550277709961 58.000064849853516 58.1923828125 60.114112854003906 57.068511962890625 
93.80233764648438 89.95625305175781 92.50867462158203 91.0745620727539 93.8253402709961 88.0860824584961 89.76454162597656 92.8993911743164 
59.30524826049805 57.54457473754883 58.4031982421875 59.675296783447266 59.45209503173828 55.934974670410156 57.687583923339844 58.63273620605469 
92.56288146972656 89.75955200195312 90.33216094970703 92.8851547241211 92.7375717163086 90.41462707519531 93.96640014648438 90.44332885742188 
58.491966247558594 55.708927154541016 59.1163215637207 60.13670349121094 59.08659362792969 58.05500793457031 55.80585479736328 58.62713623046875 
92.0235824584961 89.21641540527344 91.08988952636719 93.2957763671875 92.49072265625 92.37177276611328 92.8128662109375 90.64217376708984 
50.0544319152832 46.63468933105469 46.12460708618164 46.58700942993164 45.81132888793945 46.58358383178711 46.15375900268555 46.056129455566406 
74.0841293334961 76.40576171875 74.8914566040039 77.01270294189453 79.59587097167969 74.83235168457031 75.7694091796875 72.97974395751953 
49.69251251220703 45.323936462402344 45.19692611694336 46.84153747558594 47.1828498840332 46.526241302490234 47.86774444580078 46.159263610839844 
74.58499145507812 76.45906829833984 79.2857894897461 76.58537292480469 74.27587127685547 74.82418823242188 75.58659362792969 76.35987091064453 
48.61772918701172 48.038238525390625 47.27449417114258 47.69776153564453 45.902015686035156 46.330528259277344 47.62028884887695 46.55433654785156 
76.59487915039062 77.21257781982422 74.37117004394531 77.83929443359375 73.3248291015625 75.0797119140625 76.74585723876953 75.77324676513672 
51.351104736328125 46.6229133605957 48.43859100341797 46.204383850097656 46.616512298583984 47.81081771850586 46.3271369934082 47.20800018310547 
78.45158386230469 73.75670623779297 77.0832290649414 75.71526336669922 76.7375717163086 77.47328186035156 74.02706909179688 76.86857604980469 
49.225215911865234 47.562110900878906 46.97817611694336 45.93958282470703 46.428382873535156 46.67001724243164 46.66070556640625 46.39039993286133 
75.39552307128906 75.24352264404297 75.07907104492188 76.76009368896484 78.20985412597656 78.16425323486328 76.0522232055664 74.91910552978516 
48.30985641479492 47.6860466003418 46.61391830444336 47.41574478149414 46.40438461303711 46.013153076171875 47.36601638793945 46.15180969238281 
76.56979370117188 75.019775390625 75.67606353759766 78.04048156738281 75.04150390625 75.80719757080078 76.27279663085938 74.61055755615234 
49.63734436035156 46.04441452026367 46.480350494384766 47.447265625 46.23225784301758 47.00796890258789 46.767425537109375 46.448097229003906 
77.85679626464844 75.04208374023438 74.66617584228516 78.74288177490234 75.80643463134766 77.16146850585938 78.0417251586914 76.36016082763672 
48.23468780517578 46.16134262084961 47.73091125488281 45.53567886352539 46.59980773925781 47.63692855834961 46.1611213684082 47.204673767089844 
76.1246109008789 78.04611206054688 74.72265625 78.65369415283203 76.3834228515625 75.20499420166016 76.23193359375 74.33344268798828 
49.86636734008789 46.35475158691406 46.365089416503906 46.737632751464844 46.3702392578125 47.181793212890625 46.044864654541016 46.34000015258789 
75.00252532958984 77.61628723144531 75.83049774169922 79.7215347290039 76.31484985351562 75.17913818359375 76.61312103271484 72.3199691772461 
51.78771209716797 46.16300964355469 46.3666877746582 46.31324768066406 45.2973747253418 46.07270431518555 46.78294372558594 46.247840881347656 
75.0426254272461 74.90185546875 75.94671630859375 75.1080322265625 75.24700927734375 77.87187194824219 74.46198272705078 76.35939025878906 
50.15100860595703 46.6286735534668 46.829856872558594 47.250526428222656 47.34089660644531 46.26121520996094 47.311649322509766 48.201568603515625 
68.38925170898438 68.391357421875 65.80441284179688 66.87677001953125 66.89158630371094 68.95353698730469 68.25369262695312 68.32105255126953 
49.50889587402344 46.98284912109375 46.342655181884766 47.24348831176758 46.53033447265625 47.78553771972656 47.33628845214844 46.820159912109375 
67.47711944580078 67.57142639160156 67.8861083984375 68.67625427246094 66.33468627929688 67.94204711914062 66.45024108886719 66.27069091796875 
49.11734390258789 46.84479904174805 47.84640121459961 47.336734771728516 47.68716812133789 47.21052932739258 46.50348663330078 46.116031646728516 
67.97891235351562 66.33763122558594 65.15869140625 67.2551040649414 66.08806610107422 67.29491424560547 69.13212585449219 69.99900817871094 
49.150753021240234 46.59446334838867 46.80796813964844 45.5582389831543 47.63606262207031 46.58550262451172 47.12076950073242 45.5362548828125 
67.23503875732422 64.23792266845703 67.14012908935547 66.78265380859375 67.09196472167969 67.58477020263672 68.98738861083984 69.36815643310547 
48.593441009521484 47.17955017089844 46.67750549316406 47.18483352661133 47.39420700073242 46.617759704589844 48.38022232055664 46.51744079589844 
69.9072036743164 65.96399688720703 66.68013000488281 69.17587280273438 68.3017578125 69.9150390625 68.65580749511719 68.9221420288086 
49.314815521240234 47.19606399536133 47.820289611816406 47.10358428955078 48.208831787109375 47.067840576171875 47.98451232910156 47.3001594543457 
71.31766510009766 66.5137939453125 68.91094207763672 68.1921615600586 68.21196746826172 68.2768325805664 66.60902404785156 68.26873779296875 
49.73971176147461 46.74150466918945 47.984352111816406 47.008094787597656 48.39731216430664 46.66838455200195 47.94015884399414 47.01478576660156 
67.8611831665039 68.45795440673828 68.18879699707031 67.82466888427734 66.92684936523438 67.58172607421875 67.62322998046875 68.55625915527344 
48.7907829284668 47.02329635620117 47.94038391113281 46.749088287353516 48.36713409423828 45.9986572265625 45.55705642700195 46.861087799072266 
68.2323226928711 66.71858978271484 66.33049774169922 66.7270736694336 68.3479995727539 69.4840316772461 68.59648132324219 68.87551879882812 
48.838111877441406 47.00700759887695 47.19731140136719 46.731136322021484 46.64723205566406 47.85411071777344 46.22492980957031 46.994144439697266 
68.55455780029297 66.28060913085938 66.75615692138672 65.34342193603516 68.23919677734375 68.51612854003906 64.47366333007812 66.5810546875 
50.01260757446289 47.39756774902344 46.18524932861328 47.78230285644531 46.70608139038086 47.12665557861328 47.45315170288086 47.61062240600586 
67.71369934082031 65.2636489868164 67.78092956542969 67.47702026367188 66.19977569580078 68.76195526123047 68.87490844726562 69.4684829711914 
65.31855773925781 66.2864990234375 65.96752166748047 66.46844482421875 66.81283569335938 65.96393585205078 65.07481384277344 65.71068572998047 
64.68128204345703 65.76322937011719 66.28524780273438 65.57926177978516 66.02489471435547 64.3094711303711 64.55750274658203 66.19840240478516 
64.7056655883789 66.55328369140625 66.37872314453125 66.21011352539062 65.57440185546875 64.86700439453125 65.92447662353516 67.62371063232422 
63.73593521118164 65.7485122680664 65.5964126586914 65.38531494140625 64.4803237915039 65.40959930419922 66.06979370117188 67.75260925292969 
64.77094268798828 66.34278106689453 65.89231872558594 65.45942687988281 64.87430572509766 65.9354248046875 66.99954986572266 68.05487823486328 
66.06649780273438 65.32582092285156 65.106689453125 65.68016052246094 65.70172882080078 65.17334747314453 64.9110107421875 64.74896240234375 
65.46265411376953 66.42841339111328 64.59942626953125 66.33785247802734 66.7726058959961 66.3018569946289 65.75641632080078 64.39360046386719 
65.80508422851562 65.76646423339844 64.31139373779297 65.09916687011719 65.27155303955078 65.64147186279297 65.65593719482422 65.2284164428711 
64.47171020507812 65.89955139160156 65.09458923339844 66.70883178710938 66.45565032958984 66.01081848144531 65.2386245727539 65.83869171142578 
66.43427276611328 65.99951934814453 64.58697509765625 65.02393341064453 65.62025451660156 65.9353256225586 65.74816131591797 65.43817901611328 
40.48233413696289 39.08454513549805 39.66230392456055 38.64739227294922 39.91475296020508 39.06364822387695 38.805824279785156 39.312255859375 
47.25961685180664 43.97264099121094 45.539424896240234 44.975006103515625 45.593345642089844 45.47727966308594 44.64265441894531 46.374080657958984 
39.59596633911133 39.31593704223633 39.7591667175293 38.951072692871094 39.50681686401367 39.01001739501953 39.08367919921875 39.145729064941406 
46.62665557861328 44.918975830078125 44.85113525390625 45.79024124145508 44.97350311279297 45.2130241394043 45.60822296142578 45.223838806152344 
41.35551834106445 38.39574432373047 38.83830261230469 39.37161636352539 38.6157112121582 39.849857330322266 38.61920166015625 39.592830657958984 
46.91740798950195 44.282142639160156 45.105438232421875 45.128929138183594 44.84364700317383 45.31635284423828 44.72895812988281 45.68355178833008 
40.78742218017578 39.48854446411133 39.710880279541016 39.605342864990234 38.72787094116211 39.357791900634766 39.26188659667969 39.39235305786133 
47.70560073852539 44.70521545410156 46.313758850097656 44.163902282714844 44.99318313598633 46.0048942565918 44.480735778808594 45.52579116821289 
41.452064514160156 39.21760177612305 39.16783905029297 38.84931182861328 39.41823959350586 39.34531021118164 38.931297302246094 37.950687408447266 
47.16252899169922 45.23062515258789 46.48944091796875 44.447166442871094 45.0959358215332 46.452545166015625 44.24473571777344 44.64656066894531 
40.625694274902344 38.88947296142578 38.35481643676758 39.01625442504883 39.341983795166016 39.44403076171875 38.37776184082031 39.656158447265625 
46.24758529663086 44.73161697387695 45.25423812866211 44.52345657348633 44.3422737121582 45.07689666748047 44.3337287902832 46.135902404785156 
39.61724853515625 38.98448181152344 38.41436767578125 39.46025466918945 39.93900680541992 39.6591682434082 38.618560791015625 38.84748840332031 
48.277217864990234 45.63747024536133 45.808990478515625 44.6965446472168 45.32102584838867 45.94768142700195 44.564414978027344 46.29836654663086 
40.85667037963867 38.26732635498047 39.337249755859375 39.334686279296875 39.37356948852539 39.455902099609375 38.814815521240234 38.8073616027832 
48.2279052734375 44.47158432006836 45.02489471435547 45.4496955871582 44.65359878540039 45.25660705566406 45.402366638183594 44.945472717285156 
39.03228759765625 38.866943359375 39.23686218261719 39.065311431884766 37.9453125 39.505470275878906 39.54787063598633 39.58224105834961 
47.62883377075195 44.9846076965332 46.36355209350586 45.24937438964844 44.79190444946289 47.05878448486328 44.414527893066406 44.29779052734375 
39.778175354003906 38.93059158325195 38.69731140136719 37.705726623535156 39.89286422729492 38.80825424194336 39.59247970581055 39.494625091552734 
46.72687911987305 44.039615631103516 45.009857177734375 46.32611083984375 44.72294235229492 45.18454360961914 46.264896392822266 44.89311981201172 
59.405601501464844 59.510528564453125 58.44095993041992 58.15625762939453 58.533504486083984 57.855743408203125 57.40380859375 58.09699249267578 
66.61766052246094 66.51254272460938 64.5895004272461 67.00624084472656 66.32470703125 62.89632034301758 65.9135971069336 65.71347045898438 
60.4705924987793 59.0847053527832 59.15292739868164 57.967041015625 56.92927932739258 56.915103912353516 57.483455657958984 57.880062103271484 
66.89734649658203 64.59244537353516 65.39244842529297 66.93215942382812 66.21148681640625 65.96015930175781 66.09388732910156 64.08799743652344 
59.55567932128906 58.54751968383789 58.96495819091797 55.762176513671875 59.770111083984375 58.01212692260742 57.679359436035156 58.00892639160156 
67.21401977539062 62.89110565185547 66.10985565185547 65.59923553466797 62.20057678222656 66.83920288085938 65.16998291015625 62.976993560791016 
58.663841247558594 58.3172492980957 57.32969665527344 59.501407623291016 58.63267135620117 58.22275161743164 57.040863037109375 58.34761428833008 
66.95174407958984 65.75398254394531 65.86156463623047 66.9582748413086 66.23094177246094 65.8287353515625 66.05427551269531 64.23827362060547 
58.85657501220703 55.63593673706055 57.93030548095703 57.511680603027344 58.33638381958008 58.819488525390625 59.834815979003906 58.08339309692383 
67.8888931274414 64.91999816894531 65.47203063964844 66.12326049804688 66.3828125 66.76032257080078 65.10880279541016 65.43030548095703 
61.57676696777344 58.3935661315918 58.7534065246582 54.94572830200195 57.15849685668945 58.07283020019531 57.55686569213867 57.89823913574219 
66.44876861572266 66.09827423095703 64.62271881103516 64.8667221069336 65.83324432373047 65.81702423095703 66.93251037597656 67.94393920898438 
60.25120162963867 58.72431945800781 59.85660934448242 57.74095916748047 55.34479904174805 57.14716720581055 57.395137786865234 57.50377655029297 
66.81177520751953 66.24467468261719 64.9236831665039 66.51177978515625 67.72803497314453 66.3852767944336 65.3984603881836 66.93762969970703 
57.840606689453125 57.07827377319336 57.38713455200195 57.882911682128906 59.729408264160156 58.55891036987305 59.036128997802734 56.95391845703125 
66.64611053466797 62.619998931884766 64.89485168457031 65.51548767089844 65.3884506225586 67.26518249511719 68.0456314086914 67.87238311767578 
60.26073455810547 57.9027214050293 59.702911376953125 57.86928176879883 57.70492935180664 58.27385711669922 57.69878387451172 57.86070251464844 
66.36748504638672 67.03887939453125 66.21875 66.46339416503906 66.96284484863281 67.24806213378906 65.76223754882812 66.32259368896484 
60.60822296142578 58.54652786254883 57.14284896850586 58.16499328613281 57.51871871948242 58.77417755126953 57.91187286376953 59.133121490478516 
64.87388610839844 65.80703735351562 64.8322525024414 66.99919891357422 66.8288345336914 67.14348602294922 66.1971206665039 66.68351745605469 
49.844608306884766 49.101600646972656 47.874847412109375 46.8263053894043 47.80659103393555 49.36854553222656 48.51270294189453 48.955265045166016 
63.421024322509766 59.085086822509766 59.16704177856445 59.66307067871094 60.704769134521484 59.59366226196289 61.08550262451172 60.55775833129883 
50.47340774536133 48.28630447387695 49.1030387878418 47.36083221435547 49.171905517578125 47.464256286621094 49.75078582763672 47.905662536621094 
61.24550247192383 59.80796813964844 59.03219223022461 60.41660690307617 61.64457702636719 59.696449279785156 60.602081298828125 60.57084655761719 
49.26067352294922 49.63747024536133 47.90947341918945 46.84099197387695 48.197025299072266 48.88751983642578 48.216670989990234 46.460479736328125 
62.18201446533203 60.20150375366211 60.58259201049805 59.30499267578125 59.29404830932617 61.42540740966797 59.0351676940918 59.70550537109375 
48.56086349487305 49.32905578613281 48.023231506347656 49.025856018066406 48.256160736083984 48.731136322021484 48.95100784301758 47.286399841308594 
61.67164611816406 59.82841491699219 59.3265266418457 59.91603088378906 58.078399658203125 60.54054260253906 59.687103271484375 61.82553482055664 
49.58591842651367 48.192352294921875 48.08652877807617 47.254112243652344 48.7171516418457 48.89353561401367 48.756256103515625 47.48659133911133 
62.085662841796875 60.818782806396484 58.68220901489258 59.67552185058594 59.09209442138672 60.478721618652344 59.400062561035156 61.84748840332031 
50.46752166748047 47.76095962524414 48.489952087402344 48.161983489990234 49.07872009277344 47.466976165771484 49.07855987548828 47.52793502807617 
62.01852798461914 60.588287353515625 59.03398513793945 59.68707275390625 58.413856506347656 57.19843292236328 60.46815872192383 60.45036697387695 
50.75785446166992 48.179168701171875 48.508480072021484 48.65964889526367 47.657470703125 48.319488525390625 47.45008087158203 46.78915023803711 
60.73548889160156 58.928993225097656 59.78688049316406 60.78889465332031 58.6802864074707 60.16681671142578 61.04560089111328 59.98739242553711 
50.485374450683594 46.82921600341797 48.42873764038086 48.53414535522461 48.16886520385742 48.16643142700195 48.10956954956055 47.13264083862305 
59.50774383544922 59.65750503540039 59.220062255859375 60.11276626586914 59.615806579589844 60.99763107299805 60.193023681640625 59.98441696166992 
49.641536712646484 49.32815933227539 48.85308837890625 49.049983978271484 48.128318786621094 48.12028884887695 49.42214584350586 47.3205451965332 
61.437950134277344 60.85955047607422 59.0766716003418 59.811038970947266 58.14214324951172 58.45814514160156 59.62963104248047 60.36124801635742 
50.38444900512695 47.484737396240234 46.96249771118164 47.26985549926758 49.461822509765625 48.05567932128906 46.99747085571289 48.18016052246094 
62.5560302734375 60.859710693359375 58.59113693237305 59.53267288208008 59.266910552978516 60.68115234375 59.08051300048828 61.07769775390625 
52.94899368286133 52.3120002746582 53.32156753540039 52.66230392456055 54.80144119262695 53.95417785644531 52.77008056640625 54.20083236694336 
54.26118469238281 53.112159729003906 55.066463470458984 54.082496643066406 54.328895568847656 53.585025787353516 53.206207275390625 54.49657440185547 
52.370750427246094 52.230751037597656 53.34969711303711 52.66089630126953 54.08403015136719 54.015262603759766 53.84806442260742 54.88102340698242 
52.863006591796875 53.01923370361328 52.67756652832031 52.52579116821289 53.41680145263672 52.83763122558594 54.46857452392578 55.00873565673828 
55.71516799926758 53.92006301879883 53.49702453613281 53.090782165527344 52.568511962890625 52.169761657714844 53.609249114990234 52.67232131958008 
54.343040466308594 53.063873291015625 54.594398498535156 54.43065643310547 53.9409294128418 53.24256134033203 53.071006774902344 53.37859344482422 
52.422401428222656 52.364768981933594 53.38044738769531 52.512577056884766 54.58000183105469 53.64361572265625 53.779998779296875 54.57785415649414 
52.51667022705078 52.392574310302734 53.88623809814453 53.84291076660156 54.08319854736328 54.62617492675781 53.24358367919922 53.62614440917969 
52.99398422241211 53.80905532836914 54.274112701416016 54.18291091918945 53.11974334716797 53.891136169433594 53.110496520996094 53.82118225097656 
53.353118896484375 52.18947219848633 51.64246368408203 53.87065505981445 54.011009216308594 53.82963180541992 53.207584381103516 54.35337448120117 
75.73152160644531 73.99056243896484 76.7600326538086 73.77225494384766 73.67289733886719 74.04956817626953 76.03340911865234 74.07398223876953 
73.7688980102539 75.67862701416016 74.56246185302734 75.76409912109375 73.5481948852539 74.40614318847656 75.17727661132812 74.18790435791016 
73.8605728149414 75.60409545898438 75.86243438720703 74.00355529785156 76.83888244628906 73.6184310913086 75.39715576171875 74.17151641845703 
74.36489868164062 75.9411849975586 74.8081283569336 76.23478698730469 74.68704223632812 75.79808044433594 73.8710708618164 74.99686431884766 
75.5447006225586 74.11138916015625 73.27625274658203 75.46505737304688 75.94662475585938 75.20259094238281 76.42550659179688 74.48786926269531 
75.44703674316406 76.23999786376953 73.36825561523438 75.86927795410156 73.69641876220703 74.7056655883789 73.12588500976562 76.38579559326172 
73.88153839111328 74.92332458496094 74.1497573852539 76.13772583007812 73.9004135131836 73.70591735839844 74.2900161743164 76.16697692871094 
73.93917083740234 75.96367645263672 72.99542236328125 75.25753784179688 73.39859008789062 76.28646087646484 73.40636444091797 76.18262481689453 
74.02464294433594 73.27536010742188 74.34758758544922 74.50387573242188 74.07933044433594 75.61116790771484 75.49481964111328 76.11424255371094 
72.79148864746094 73.95433807373047 74.8834228515625 73.62764739990234 74.77388763427734 75.78096008300781 75.54278564453125 76.00326538085938 
99.1575698852539 96.41305541992188 95.751708984375 96.7369613647461 97.7861099243164 97.63394927978516 97.3123550415039 98.2034912109375 
96.23616027832031 95.30191802978516 97.28684997558594 96.380126953125 99.1379165649414 97.07686614990234 97.69446563720703 96.91686248779297 
97.45321655273438 97.3590087890625 95.51554870605469 96.67945861816406 98.97392272949219 96.93885040283203 100.61408233642578 99.0711669921875 
96.32937622070312 96.60934448242188 94.03952026367188 94.78339385986328 96.75260925292969 94.95219421386719 98.9271011352539 96.10374450683594 
96.08850860595703 95.88716888427734 94.68780517578125 98.17686462402344 98.80342102050781 97.28607940673828 96.71721649169922 95.51350402832031 
97.85747528076172 96.90374755859375 97.21833801269531 96.5140151977539 96.24256134033203 97.19529724121094 99.02518463134766 97.00863647460938 
95.76262664794922 94.45008087158203 98.5514907836914 97.92240142822266 99.29154968261719 98.45254516601562 96.14208221435547 95.52153778076172 
98.81724548339844 95.70345306396484 95.21292877197266 95.81212615966797 95.548095703125 95.39241790771484 94.20301055908203 96.1135025024414 
96.45081329345703 97.00809478759766 98.91136169433594 96.548095703125 96.7033920288086 95.97529602050781 96.3710708618164 96.07737731933594 
96.1115493774414 97.0363540649414 97.82649230957031 96.9283218383789 98.01983642578125 97.44579315185547 95.42729949951172 97.18812561035156 
41.84419250488281 39.74415969848633 38.6959342956543 40.61747360229492 40.593631744384766 40.508575439453125 40.534912109375 39.67865753173828 
82.91133117675781 82.55567932128906 85.15177917480469 85.58633422851562 88.0824966430664 84.57193756103516 84.51974487304688 84.42921447753906 
40.803009033203125 40.75056076049805 40.700286865234375 40.779296875 40.53398513793945 39.260353088378906 41.014625549316406 41.01942443847656 
86.60364532470703 82.19356536865234 84.80707550048828 86.73632049560547 86.37036895751953 84.4669418334961 84.82150268554688 85.45462036132812 
42.9128303527832 39.88614273071289 39.25523376464844 40.30099105834961 40.34489440917969 39.66195297241211 40.50348663330078 40.370689392089844 
85.2416000366211 86.4002914428711 85.54460906982422 86.00592041015625 87.59439849853516 85.04463958740234 85.36796569824219 85.25459289550781 
41.47859191894531 40.218719482421875 40.377376556396484 40.688350677490234 40.59030532836914 39.7611198425293 41.316192626953125 41.17302322387695 
87.18854522705078 83.9111328125 86.50447845458984 85.84291076660156 88.04204559326172 84.76080322265625 84.2927017211914 84.45187377929688 
42.0731201171875 40.07664108276367 40.69446563720703 39.12527847290039 40.846561431884766 39.72966384887695 40.69456100463867 40.90265655517578 
85.28656005859375 86.27385711669922 84.90582275390625 85.1082534790039 87.18688201904297 85.81584167480469 83.4856948852539 83.72051239013672 
42.39756774902344 40.7775993347168 39.94371032714844 40.81043243408203 39.67814254760742 40.501953125 40.86985778808594 40.246368408203125 
85.74291229248047 84.93395233154297 82.4736328125 86.85625457763672 88.930908203125 84.77708435058594 84.12198638916016 84.66947174072266 
40.95151901245117 40.451934814453125 40.1962890625 40.391937255859375 39.301246643066406 40.965087890625 40.87510299682617 39.35174560546875 
84.00172424316406 85.20195007324219 84.66979217529297 84.45024108886719 86.3661117553711 86.16627502441406 85.00019073486328 86.58924865722656 
42.2309455871582 40.5813102722168 40.65644836425781 39.61225509643555 38.721153259277344 40.776512145996094 40.710208892822266 40.64988708496094 
86.97100830078125 85.59871673583984 81.85724639892578 86.97756958007812 88.06483459472656 86.64399719238281 83.24668884277344 85.5818862915039 
41.92668914794922 40.35868835449219 39.699649810791016 40.5682258605957 40.40281677246094 40.600223541259766 40.5959358215332 40.52035140991211 
83.42227172851562 84.69692993164062 85.3326416015625 83.32752227783203 84.91337585449219 82.69631958007812 86.37561798095703 87.03778839111328 
42.26979064941406 40.86912155151367 40.41769790649414 39.5928955078125 39.51001739501953 40.368064880371094 40.35609436035156 40.77423858642578 
84.1704330444336 84.52572631835938 86.1869125366211 84.42838287353516 86.93247985839844 87.16246032714844 85.09542083740234 89.0626220703125 
60.629695892333984 58.645694732666016 60.43056106567383 57.690399169921875 57.99049758911133 59.31193542480469 59.70044708251953 57.73923110961914 
73.12335968017578 71.02326202392578 68.46988677978516 71.07209777832031 68.78112030029297 71.51532745361328 70.31394958496094 70.301025390625 
59.79939270019531 58.356449127197266 58.01580810546875 58.6317138671875 58.53190231323242 60.61199951171875 58.41795349121094 58.06025695800781 
71.95833587646484 69.96672058105469 70.26338958740234 71.19071960449219 70.29170989990234 71.21247863769531 70.90742492675781 71.23494720458984 
58.71833419799805 57.541343688964844 58.94211196899414 59.579776763916016 58.2710075378418 58.23468780517578 57.8553581237793 58.24518585205078 
72.73046112060547 72.07814025878906 69.82032012939453 72.80825805664062 69.46713256835938 72.6611557006836 71.11488342285156 70.76627349853516 
62.17513656616211 60.46086502075195 57.03948974609375 57.608097076416016 58.723968505859375 60.024513244628906 58.11625671386719 58.31760025024414 
72.65132904052734 69.75138854980469 72.30201721191406 72.63884735107422 70.87369537353516 71.43360137939453 70.56393432617188 70.77964782714844 
60.80838394165039 57.83203125 58.105953216552734 58.41865539550781 59.44963073730469 59.39775848388672 58.353248596191406 57.733375549316406 
71.69264221191406 70.15666961669922 68.29193878173828 71.34381103515625 70.82268524169922 71.02751922607422 70.40131378173828 70.33110046386719 
60.0043830871582 58.379390716552734 57.7907829284668 57.60895919799805 55.893089294433594 60.68694305419922 58.89823913574219 57.5184326171875 
72.23558044433594 72.28441619873047 71.4949722290039 71.59295654296875 70.56665802001953 71.71836853027344 71.49555206298828 71.49788665771484 
58.99103927612305 58.10627365112305 60.60976028442383 59.39750289916992 57.52860641479492 58.60518264770508 57.45673751831055 58.44527816772461 
72.2798080444336 71.62115478515625 70.28559875488281 69.2863998413086 72.00227355957031 71.9044189453125 71.33634948730469 70.10892486572266 
60.47315216064453 59.31292724609375 57.96416091918945 57.64137649536133 58.7151985168457 59.97350311279297 58.5682258605957 58.02934265136719 
72.49107360839844 71.9191665649414 70.30643463134766 72.1262435913086 70.88179016113281 71.58454132080078 70.62364959716797 71.0052490234375 
60.25516891479492 57.959617614746094 58.54022216796875 59.57539367675781 59.95724868774414 58.264766693115234 57.664161682128906 58.75270462036133 
72.5478744506836 71.89449310302734 72.10009765625 73.19593811035156 70.36691284179688 73.7673568725586 71.0348129272461 70.53485107421875 
60.30636978149414 61.381534576416016 56.927391052246094 57.85193634033203 58.341182708740234 58.759422302246094 57.91417694091797 60.16569519042969 
72.6493148803711 71.21903991699219 73.53584289550781 74.57942199707031 72.19932556152344 72.37619018554688 70.26220703125 70.13065338134766 
82.42902374267578 81.89532470703125 82.98735809326172 81.72978973388672 81.9468765258789 83.98783874511719 80.38518524169922 83.61408233642578 
121.57997131347656 118.01628875732422 120.90185546875 121.18121337890625 116.56489562988281 117.64803314208984 119.87897491455078 120.50169372558594 
83.94429016113281 85.03900909423828 82.54204559326172 81.14137268066406 81.83609771728516 81.05945587158203 82.05538940429688 83.97315216064453 
117.24575805664062 118.90831756591797 118.24787139892578 121.23932647705078 121.4546890258789 118.30358123779297 118.81148529052734 118.53270721435547 
81.51897430419922 83.88982391357422 79.28422546386719 82.95455932617188 81.91241455078125 81.48694610595703 83.36492919921875 84.48348999023438 
118.77299499511719 118.86653137207031 119.91110229492188 118.8219223022461 117.15254211425781 121.56380462646484 119.72835540771484 120.9260482788086 
83.99945831298828 86.16950225830078 82.03823852539062 78.84969329833984 82.37545776367188 81.16019439697266 83.54515075683594 84.67327880859375 
118.2279052734375 119.2636489868164 118.80451202392578 120.40483093261719 119.46009826660156 118.73558044433594 119.02156829833984 120.97087860107422 
82.00192260742188 80.10265350341797 84.65660858154297 84.11113739013672 83.6428451538086 81.8447036743164 80.83753967285156 82.6063003540039 
118.50761413574219 120.074462890625 121.05030059814453 120.71971130371094 120.14351654052734 118.5354232788086 121.89651489257812 119.9534683227539 
82.99600219726562 82.46991729736328 81.88003540039062 84.19276428222656 82.00141143798828 79.88140869140625 83.497314453125 82.77503967285156 
116.99501037597656 119.2485122680664 118.17852783203125 119.07295989990234 122.2465591430664 121.30111694335938 119.18678283691406 120.43302154541016 
81.94505310058594 83.51158142089844 81.60022735595703 79.87875366210938 82.74732971191406 81.78899383544922 82.890625 83.29122924804688 
115.7726058959961 117.8854751586914 120.52793884277344 119.76396942138672 118.78899383544922 118.9760971069336 123.84217834472656 118.37939453125 
81.88566589355469 80.5545883178711 84.82857513427734 83.98534393310547 83.41686248779297 82.30684661865234 81.77043151855469 82.02381134033203 
120.35238647460938 120.90070343017578 119.94134521484375 123.51516723632812 122.3759994506836 118.73843383789062 117.1915512084961 122.80009460449219 
81.77017974853516 82.59053039550781 80.98194885253906 81.2600326538086 80.85673522949219 83.4178237915039 81.31484985351562 82.80178833007812 
118.31581115722656 118.88579559326172 115.83503723144531 120.3881607055664 119.57884979248047 119.83382415771484 119.168701171875 117.67107391357422 
81.77286529541016 83.22041320800781 81.4807357788086 82.13337707519531 82.82112121582031 82.36934661865234 81.34307098388672 83.38150024414062 
121.06339263916016 118.55680084228516 119.54073333740234 120.90991973876953 119.73760223388672 118.03337860107422 120.5132827758789 121.21337890625 
67.01046752929688 63.46937561035156 65.44989013671875 65.56614685058594 63.64499282836914 65.16387176513672 67.46182250976562 68.14959716796875 
77.45881652832031 75.38582611083984 77.68169403076172 76.89199829101562 77.49820709228516 77.81446075439453 76.57405090332031 76.14259338378906 
68.10192108154297 67.22217559814453 66.13420867919922 65.10934448242188 66.95974731445312 66.56352233886719 64.44898986816406 66.95177459716797 
78.40946960449219 76.59426879882812 77.00601959228516 76.1918716430664 74.97737884521484 78.1665267944336 74.00387573242188 77.14313507080078 
68.52448272705078 68.38870239257812 66.77922821044922 65.06963348388672 67.14419555664062 67.59062194824219 66.14726257324219 66.11135864257812 
77.13526153564453 73.27766418457031 75.1937255859375 76.68489837646484 77.10774230957031 77.02828979492188 74.49024200439453 75.97711944580078 
68.51526641845703 64.55795288085938 65.85052490234375 66.67727661132812 66.87142181396484 66.28105926513672 65.23078155517578 64.09168243408203 
77.08025360107422 77.61625671386719 76.07750701904297 78.57762908935547 75.87561798095703 76.13967895507812 76.60707092285156 78.70428466796875 
67.80230712890625 63.365150451660156 65.39263916015625 65.99219512939453 66.06057739257812 65.88764953613281 67.89971160888672 68.22966766357422 
75.12406158447266 74.74800109863281 77.13263702392578 76.9263687133789 77.914306640625 76.69750213623047 76.46812438964844 75.41913604736328 
67.44547271728516 66.45394897460938 65.37904357910156 64.10486602783203 66.62947082519531 65.62006378173828 66.88009643554688 67.53836822509766 
75.47615814208984 75.7740478515625 77.47574615478516 72.9774398803711 77.12857818603516 75.62732696533203 77.88297271728516 75.97100830078125 
68.42374420166016 67.64083099365234 66.35391998291016 64.11011505126953 67.4681625366211 66.8421401977539 63.855552673339844 67.73072052001953 
77.21343994140625 76.90656280517578 75.5788803100586 75.00924682617188 78.18563079833984 76.06819152832031 78.10073852539062 76.43315124511719 
66.98070526123047 66.24031829833984 65.41798400878906 63.88336181640625 67.59903717041016 66.01213073730469 63.73551940917969 67.56412506103516 
78.46297454833984 74.1421127319336 77.62470245361328 76.90166473388672 77.0014419555664 78.61913299560547 78.30985260009766 77.5149154663086 
68.27513885498047 65.96409606933594 66.21990203857422 66.79055786132812 67.43270111083984 65.96800231933594 65.31350708007812 66.71923065185547 
78.22576141357422 78.1619873046875 75.22854614257812 78.05769348144531 77.14659118652344 79.48982238769531 75.515869140625 77.8144302368164 
67.78438568115234 66.55168151855469 65.09200286865234 66.91321563720703 67.58163452148438 65.74256134033203 65.48070526123047 67.11833953857422 
77.3109130859375 75.15049743652344 75.08009338378906 78.58998107910156 75.53472137451172 78.75526428222656 75.31289672851562 78.51663970947266 
71.37602996826172 71.31900787353516 72.57804870605469 72.2142105102539 73.73001861572266 72.26032257080078 72.23990631103516 74.99263763427734 
71.18937683105469 71.96931457519531 71.62051391601562 73.20079803466797 71.834716796875 71.78800201416016 73.50099182128906 73.36006164550781 
72.6397476196289 70.59932708740234 73.52201843261719 70.68646240234375 72.0008316040039 72.09184265136719 72.98857879638672 73.62470245361328 
71.26313781738281 73.22860717773438 70.4366683959961 71.6569595336914 72.81267547607422 72.99324798583984 72.24384307861328 74.66377258300781 
70.05235290527344 73.0206069946289 73.22649383544922 72.52019500732422 72.48963165283203 73.20956420898438 73.0469741821289 73.96166229248047 
72.05814361572266 71.46198272705078 72.99446105957031 72.9103012084961 72.52611541748047 72.75296020507812 72.90476989746094 71.42243194580078 
72.73983764648438 73.77753448486328 72.59686279296875 73.69590759277344 73.17884826660156 71.50790405273438 72.92982482910156 72.29561614990234 
71.5232925415039 71.01904296875 73.0959701538086 72.7747802734375 73.79350280761719 73.56192016601562 71.3298568725586 72.06400299072266 
71.21603393554688 73.01299285888672 73.55184173583984 72.22911834716797 71.68364715576172 74.35065460205078 71.65513610839844 73.05958557128906 
72.83071899414062 73.4783706665039 71.96717071533203 71.44105529785156 73.63164520263672 70.4454116821289 71.92208099365234 72.28297424316406 
61.428062438964844 60.22345733642578 61.952449798583984 59.781761169433594 60.02592086791992 60.83635330200195 59.4956169128418 58.69795227050781 
109.7311019897461 107.08735656738281 111.51219177246094 111.33964538574219 108.05609893798828 109.90656280517578 108.86032104492188 109.24079895019531 
61.26825714111328 60.280033111572266 62.18172836303711 59.66739273071289 59.43952178955078 61.0015983581543 60.126495361328125 59.53910446166992 
110.92515563964844 108.53238677978516 112.51542663574219 109.92918395996094 111.44384002685547 110.25055694580078 108.79590606689453 109.83132934570312 
61.168670654296875 60.90185546875 58.80809783935547 60.193790435791016 62.251041412353516 59.67622375488281 60.021888732910156 61.11337661743164 
106.44111633300781 108.62214660644531 109.00761413574219 109.67206573486328 111.22463989257812 111.47398376464844 110.02620697021484 113.1819839477539 
61.408382415771484 59.75008010864258 62.09135818481445 59.825374603271484 59.5838737487793 60.229278564453125 61.49436950683594 59.59814453125 
109.94668579101562 108.48595428466797 111.85737609863281 106.69570922851562 109.3045425415039 108.31712341308594 110.95152282714844 106.61558532714844 
60.502750396728516 59.47078323364258 61.334144592285156 59.81670379638672 59.46083068847656 58.85728073120117 61.67942428588867 59.29964828491211 
109.14803314208984 110.8116455078125 110.16758728027344 109.41808319091797 108.56556701660156 108.46844482421875 113.57500457763672 109.50790405273438 
61.92380905151367 59.726783752441406 59.5780143737793 58.567840576171875 59.011871337890625 59.77427291870117 59.82099151611328 61.65584182739258 
108.65094757080078 110.99785614013672 108.31696319580078 108.32144165039062 115.76290893554688 109.62509155273438 111.44435119628906 106.05465698242188 
63.03203201293945 59.02134323120117 59.58540725708008 60.927616119384766 60.88515090942383 57.517791748046875 60.74428939819336 62.168479919433594 
108.88041687011719 108.12355041503906 114.36259460449219 110.2551040649414 106.46367645263672 108.54867553710938 114.17001342773438 110.08946990966797 
61.734046936035156 62.50543975830078 59.19190216064453 59.936702728271484 61.13875198364258 60.399070739746094 60.12598419189453 59.998687744140625 
106.38909149169922 108.71993255615234 113.51545715332031 109.45113372802734 109.07907104492188 110.98758697509766 109.8746566772461 109.57202911376953 
61.6629753112793 61.90108871459961 59.51241683959961 59.95907211303711 62.66729736328125 60.13731384277344 60.073055267333984 59.08448028564453 
109.30563354492188 109.16470336914062 109.69612884521484 112.13235473632812 108.7514877319336 109.94866943359375 110.94207763671875 105.93401336669922 
62.41241455078125 59.711265563964844 60.08585739135742 58.29974365234375 60.14838409423828 59.49785614013672 60.0362548828125 61.38288116455078 
107.98092651367188 110.08377838134766 109.46851348876953 109.34226989746094 114.55916595458984 110.9566421508789 109.93977355957031 109.24317169189453 
46.76979064941406 45.96198272705078 43.8553581237793 44.82572937011719 45.9884147644043 44.4984016418457 44.56220626831055 45.617919921875 
66.583740234375 65.69574737548828 65.32899475097656 63.6187858581543 67.30009460449219 68.52352142333984 68.25788879394531 66.71746826171875 
47.528480529785156 44.43926239013672 44.380767822265625 45.44668960571289 45.24563217163086 44.20710372924805 45.06732940673828 45.447166442871094 
66.7633285522461 67.3309097290039 68.49795532226562 65.89167785644531 65.55923461914062 67.66336059570312 65.59593963623047 65.61084747314453 
46.43247985839844 44.34223937988281 44.577919006347656 43.532833099365234 45.6833610534668 44.199039459228516 44.802528381347656 45.14934539794922 
66.21552276611328 62.47932815551758 66.48127746582031 65.71119689941406 67.21830749511719 68.35161590576172 66.80643463134766 65.75555419921875 
49.342750549316406 44.54451370239258 45.67433547973633 44.40425491333008 44.147361755371094 44.83958435058594 45.12223815917969 44.874080657958984 
68.8160629272461 65.60015869140625 65.6087646484375 66.02556610107422 66.71250915527344 66.20658874511719 68.32972717285156 64.94921875 
47.054176330566406 43.47670364379883 44.66099166870117 44.367103576660156 44.715232849121094 45.493568420410156 44.95257568359375 44.488800048828125 
68.25993347167969 68.11203002929688 63.01375961303711 65.33526611328125 67.96342468261719 66.68089294433594 66.2607650756836 67.83679962158203 
47.103614807128906 43.26697540283203 44.412479400634766 45.19180679321289 44.55990219116211 44.73875045776367 44.41872024536133 44.353729248046875 
67.98419189453125 66.24662780761719 66.06288146972656 64.10966491699219 66.06953430175781 65.7630386352539 65.94982147216797 68.41756439208984 
48.02339172363281 44.0621452331543 43.83824157714844 44.71004867553711 44.729248046875 44.85647964477539 44.82406234741211 44.68307113647461 
67.54681396484375 63.40224075317383 65.47325134277344 66.80502319335938 66.19798278808594 66.36009979248047 67.16150665283203 67.23312377929688 
45.793758392333984 45.37014389038086 44.83647918701172 44.6759033203125 44.98515319824219 45.75136184692383 43.85017776489258 44.742431640625 
66.32608032226562 65.75360107421875 66.96399688720703 65.1875228881836 66.99152374267578 67.60953521728516 66.43558502197266 64.77708435058594 
47.65248107910156 44.056095123291016 44.79363250732422 45.55152130126953 44.62028884887695 43.97062301635742 44.70652770996094 45.57929611206055 
67.4024658203125 65.09379577636719 67.38880157470703 68.67469024658203 66.4112319946289 65.40563201904297 67.15801239013672 63.45395278930664 
47.85318374633789 44.647743225097656 43.742881774902344 45.04521560668945 44.68659210205078 43.489601135253906 43.49433517456055 45.35958480834961 
67.97958374023438 65.4898910522461 65.61209869384766 66.46022033691406 64.97347259521484 66.3081283569336 66.45260620117188 67.32518768310547 
47.753536224365234 45.574527740478516 45.96915054321289 46.64191818237305 45.77382278442383 46.42620849609375 45.47052764892578 46.535072326660156 
52.93574523925781 50.12521743774414 50.8737907409668 50.27372741699219 49.22905731201172 50.5714225769043 50.623775482177734 50.04070281982422 
46.5951042175293 46.64604949951172 45.039039611816406 46.091678619384766 45.88041687011719 45.926048278808594 45.83967971801758 45.808128356933594 
52.088096618652344 49.209407806396484 50.76979064941406 49.19334411621094 49.408607482910156 50.403297424316406 50.76643371582031 50.630401611328125 
46.76486587524414 45.004478454589844 46.10188674926758 45.89164733886719 46.20537567138672 45.85891342163086 45.27436828613281 46.75734329223633 
52.10067367553711 49.60838317871094 51.5629768371582 51.65750503540039 49.35542297363281 49.78348922729492 49.797119140625 49.8955192565918 
47.24553680419922 45.906368255615234 45.74787139892578 45.07340621948242 45.255104064941406 46.40412902832031 45.72499084472656 46.818721771240234 
50.487327575683594 49.37116622924805 48.58803176879883 48.934783935546875 51.081729888916016 50.11872100830078 49.2674560546875 52.08230209350586 
47.994686126708984 45.087646484375 45.93756866455078 45.685150146484375 46.64611053466797 46.13324737548828 45.061824798583984 46.51408004760742 
52.077823638916016 48.23571014404297 48.69327926635742 50.14217758178711 49.104576110839844 50.72355270385742 50.16454315185547 49.80732727050781 
46.48713684082031 46.45888137817383 45.87142562866211 45.497215270996094 46.448768615722656 45.436737060546875 45.884735107421875 45.316734313964844 
51.78239822387695 49.89446258544922 50.544734954833984 48.853214263916016 49.82185745239258 48.80054473876953 50.95734405517578 50.28995132446289 
46.99846267700195 46.23747253417969 45.62150573730469 45.29536056518555 45.16755294799805 46.5536003112793 45.254974365234375 46.034976959228516 
51.68297576904297 48.107425689697266 50.15932846069336 50.71392059326172 49.314849853515625 49.938209533691406 50.97862243652344 49.98262405395508 
47.206111907958984 44.984737396240234 46.28131103515625 46.183807373046875 46.05107116699219 46.449825286865234 45.212127685546875 46.78121566772461 
52.325504302978516 49.26015853881836 48.32844924926758 51.20764923095703 50.22499084472656 50.04742431640625 49.980224609375 50.62771224975586 
47.2147216796875 45.5412483215332 45.98198318481445 45.53996658325195 46.589569091796875 45.4192008972168 45.549407958984375 46.61238479614258 
52.7209587097168 49.93366241455078 50.42313766479492 50.79808044433594 50.45616149902344 49.94307327270508 50.678367614746094 50.74607849121094 
47.791358947753906 45.173824310302734 46.53593444824219 45.46944046020508 46.1033935546875 46.18899154663086 46.13715362548828 45.4439697265625 
52.519710540771484 49.69948959350586 49.76512145996094 50.89276885986328 49.72572708129883 49.16704177856445 51.69331359863281 51.39023971557617 
41.64761734008789 39.127872467041016 39.266815185546875 38.65363311767578 38.45609664916992 39.404319763183594 39.455936431884766 38.09145736694336 
77.10848236083984 76.21238708496094 78.05219268798828 79.43110656738281 79.1600341796875 79.81673431396484 78.37731170654297 77.70390319824219 
40.50262451171875 39.174625396728516 39.50239944458008 39.866817474365234 39.21110534667969 39.236671447753906 39.44646453857422 39.13942337036133 
78.84089660644531 79.11750030517578 77.36720275878906 77.86297607421875 79.63648223876953 77.50093078613281 79.53504180908203 78.45487976074219 
40.914817810058594 39.14137649536133 38.71177673339844 38.359039306640625 38.374847412109375 39.430049896240234 39.465599060058594 38.84489440917969 
78.53119659423828 74.34464263916016 77.8256607055664 78.60505676269531 79.25043487548828 78.92972564697266 78.09769439697266 80.1984634399414 
41.062110900878906 39.86467361450195 39.18931198120117 39.80441665649414 39.926239013671875 39.33987045288086 40.00601577758789 39.047584533691406 
76.6929931640625 77.08672332763672 74.29414367675781 80.13641357421875 76.69923400878906 78.84690856933594 77.38716888427734 78.96707153320312 
40.33951950073242 38.74252700805664 39.07814407348633 38.88409423828125 38.512672424316406 38.41603088378906 40.28963088989258 40.091712951660156 
79.08563232421875 76.49382019042969 76.79923248291016 78.01631927490234 81.27152252197266 79.095458984375 77.27133178710938 77.05587005615234 
40.44015884399414 38.398399353027344 39.46198272705078 39.543006896972656 39.46188735961914 38.9147834777832 39.84860610961914 40.021759033203125 
81.47789001464844 78.63775634765625 79.58316802978516 78.7317123413086 77.34716796875 79.5117416381836 77.86547088623047 78.50077056884766 
39.81875228881836 39.26844787597656 38.484161376953125 39.16495895385742 39.92982482910156 38.874752044677734 40.059776306152344 39.32467269897461 
80.40969848632812 77.05315399169922 77.22268676757812 76.72441864013672 80.34150695800781 78.14966583251953 78.71574401855469 79.34349060058594 
40.93695831298828 39.75436782836914 39.92588806152344 39.934207916259766 39.005279541015625 40.053951263427734 39.619422912597656 39.601470947265625 
80.17788696289062 77.30512237548828 76.8790054321289 77.22819519042969 77.11955261230469 77.48915100097656 78.40006256103516 78.09097290039062 
40.75516891479492 38.769248962402344 38.58544158935547 39.25062561035156 39.73664093017578 39.348670959472656 38.978111267089844 38.70441436767578 
77.63423919677734 79.95756530761719 76.8691177368164 78.15948486328125 76.42610931396484 79.45065307617188 78.14358520507812 79.00121307373047 
42.990272521972656 38.4730224609375 38.782527923583984 39.36975860595703 39.523231506347656 39.336063385009766 39.35161590576172 39.22809600830078 
77.0474853515625 79.52323150634766 79.12493133544922 78.78819274902344 79.8109130859375 75.35116577148438 79.43580627441406 77.2962875366211 
55.94124984741211 54.57747268676758 55.934688568115234 54.125343322753906 55.751678466796875 55.30668640136719 55.62028884887695 55.25779342651367 
118.40460968017578 119.74540710449219 119.9485092163086 120.43772888183594 119.3114242553711 120.22351837158203 124.59939575195312 119.96163177490234 
56.934688568115234 53.9640007019043 54.22809600830078 54.138465881347656 54.13471984863281 53.56585693359375 55.25449752807617 54.96758270263672 
119.17667388916016 121.65526580810547 120.19010925292969 118.36905670166016 120.64579010009766 124.74777221679688 118.28076934814453 119.3887710571289 
56.7454719543457 55.29481506347656 55.523231506347656 53.07177734375 51.86076736450195 54.05382537841797 54.209503173828125 54.526336669921875 
120.21395111083984 122.78905487060547 121.17584228515625 120.6812515258789 120.44719696044922 121.64134216308594 121.33958435058594 121.48841857910156 
58.78752136230469 54.933406829833984 54.332000732421875 56.29081726074219 55.63014221191406 53.12086486816406 54.93119812011719 53.92428970336914 
120.30815887451172 117.46809387207031 126.23161315917969 117.8076171875 121.03622436523438 122.84025573730469 125.0354232788086 120.66425323486328 
56.6635856628418 55.76448059082031 55.61471939086914 55.95612716674805 54.28953552246094 55.77417755126953 55.72422409057617 55.368255615234375 
119.88639831542969 120.16429138183594 123.67295837402344 119.22796630859375 122.32592010498047 120.17305755615234 125.70409393310547 120.49030303955078 
56.076416015625 54.21587371826172 54.5230712890625 53.688385009765625 54.0654411315918 54.62054443359375 54.491455078125 53.79529571533203 
117.93734741210938 119.94719696044922 124.9287338256836 123.58370971679688 120.04902648925781 123.0313949584961 120.0027847290039 122.16092681884766 
55.063072204589844 54.59907150268555 52.43904113769531 54.57302474975586 55.715518951416016 55.07926559448242 54.670433044433594 54.84035110473633 
119.01187133789062 121.72160339355469 122.27619171142578 120.88982391357422 123.85782623291016 120.42940521240234 116.76258850097656 121.88304138183594 
58.13014221191406 53.57088088989258 55.1459846496582 56.2957763671875 52.25852966308594 55.46303939819336 54.3383674621582 55.68476867675781 
120.4758071899414 120.88880157470703 123.12278747558594 119.57814025878906 120.80255889892578 119.52982330322266 123.22531127929688 118.88172912597656 
59.30873489379883 55.16243362426758 54.32931137084961 55.3260498046875 54.56768035888672 53.06371307373047 54.353023529052734 53.92185592651367 
119.83881378173828 121.2470703125 119.71772766113281 122.22396850585938 118.41840362548828 122.25263977050781 119.64656066894531 123.8463363647461 
59.388832092285156 54.0340461730957 53.799678802490234 54.58697509765625 54.93036651611328 52.387489318847656 56.29017639160156 55.68272018432617 
119.18169403076172 119.78832244873047 124.62588500976562 117.72713470458984 122.54447937011719 121.5492172241211 120.87203216552734 119.9969253540039 
56.5863037109375 55.10268783569336 55.91542434692383 55.936161041259766 56.21903991699219 55.58768081665039 55.80595016479492 58.47612762451172 
56.7224006652832 56.40937423706055 56.93222427368164 58.179969787597656 56.5918083190918 55.5918083190918 55.701377868652344 56.991615295410156 
58.624576568603516 57.31843185424805 56.666751861572266 55.605377197265625 56.31798553466797 56.14704132080078 56.045536041259766 57.757057189941406 
56.88399887084961 55.9169921875 55.347137451171875 53.65542221069336 55.86636734008789 56.08787155151367 57.00201416015625 57.98499298095703 
57.80681610107422 57.7371826171875 55.257598876953125 55.30723190307617 55.93654251098633 55.85161590576172 56.986270904541016 58.34102249145508 
57.74934387207031 55.61814498901367 54.84086227416992 55.82758331298828 56.30854415893555 56.2558708190918 57.27248001098633 57.657344818115234 
56.4703369140625 57.50505447387695 57.46073532104492 56.607200622558594 55.97737503051758 55.770816802978516 56.218910217285156 58.4700813293457 
57.29558563232422 55.39161682128906 56.96294403076172 56.210079193115234 55.61564636230469 55.83910369873047 56.253536224365234 57.205345153808594 
56.83456039428711 56.83990478515625 55.14828872680664 56.382720947265625 55.183265686035156 55.31465530395508 55.65564727783203 57.085601806640625 
56.97187042236328 55.34764862060547 56.91081619262695 56.407936096191406 56.42086410522461 55.562782287597656 55.6761589050293 57.118465423583984 
73.14495849609375 70.4266586303711 71.03651428222656 72.58246612548828 72.8089599609375 71.44678497314453 71.67842864990234 73.09283447265625 
71.64851379394531 70.79126739501953 71.03343963623047 69.28972625732422 72.9277114868164 71.57308959960938 71.69075012207031 72.46412658691406 
71.22124481201172 71.62287902832031 72.95350646972656 72.76902770996094 72.64927673339844 70.92262268066406 72.106689453125 72.98834991455078 
71.30198669433594 71.9373779296875 73.18160247802734 71.33606719970703 72.37423706054688 71.0797119140625 72.9520034790039 73.6957778930664 
70.84754943847656 69.87516784667969 72.66915130615234 73.43353271484375 71.1725082397461 69.81222534179688 72.35494232177734 73.62879943847656 
71.88278198242188 69.75350189208984 71.5090560913086 70.97026824951172 72.53052520751953 72.59085083007812 71.28809356689453 71.52326202392578 
70.7528305053711 69.78630065917969 72.67388916015625 73.01292419433594 71.46224212646484 71.13359832763672 72.72361755371094 72.66918182373047 
71.23859405517578 70.75523376464844 71.16441345214844 72.14012908935547 72.000732421875 71.23411560058594 71.49549102783203 73.8895034790039 
70.77830505371094 71.44464111328125 71.18367767333984 73.03628540039062 72.14422607421875 72.15110778808594 71.02925109863281 73.26783752441406 
71.87993621826172 71.87904357910156 73.434814453125 72.22713470458984 71.56403350830078 71.40096282958984 73.1368637084961 73.10409545898438 
39.83305740356445 38.49513626098633 38.63654327392578 38.09734344482422 38.52665710449219 37.3908805847168 38.34102249145508 38.71481704711914 
76.3584976196289 77.23075103759766 75.24364471435547 75.21542358398438 77.66770935058594 75.66835021972656 77.89202880859375 76.39913940429688 
39.928001403808594 38.72623825073242 38.45232009887695 37.94499206542969 38.44956970214844 38.860992431640625 38.97731018066406 38.780094146728516 
77.79574584960938 76.56543731689453 75.28368377685547 76.56393432617188 75.84454345703125 78.11033630371094 75.9200668334961 78.28943634033203 
41.55168151855469 38.449440002441406 38.378753662109375 38.45283126831055 38.115135192871094 37.73807907104492 38.43996810913086 38.59811019897461 
76.7635498046875 77.44083404541016 74.81683349609375 78.06668853759766 75.56594848632812 78.53936004638672 75.56758117675781 76.02236938476562 
40.053184509277344 37.94326400756836 37.703582763671875 37.24486541748047 39.011905670166016 38.18207931518555 39.13888168334961 39.490848541259766 
78.20950317382812 77.20381164550781 78.41744232177734 77.13568115234375 77.22694396972656 72.7060775756836 74.93859100341797 77.00444793701172 
39.88374328613281 38.447776794433594 38.39158248901367 38.09465789794922 37.82931137084961 38.412479400634766 38.79692840576172 38.868160247802734 
75.73139190673828 72.34041595458984 77.406494140625 75.34979248046875 77.8839340209961 76.0005111694336 76.51538848876953 77.37446594238281 
39.270206451416016 38.70995330810547 38.581886291503906 38.639583587646484 38.7309455871582 38.21491241455078 38.704063415527344 38.398494720458984 
75.37590026855469 79.74697875976562 75.17967987060547 75.48070526123047 75.63606262207031 76.26403045654297 77.36061096191406 75.31343841552734 
40.18809509277344 37.48137664794922 38.028446197509766 39.05039978027344 38.16067123413086 38.88582229614258 38.43891143798828 38.51417541503906 
78.52236938476562 74.78153228759766 76.64857482910156 75.21148681640625 76.05379486083984 74.86678314208984 75.62000274658203 77.33023834228516 
39.31059265136719 37.60502243041992 38.609825134277344 38.569217681884766 38.62284851074219 38.992801666259766 38.37148666381836 38.77123260498047 
76.66678619384766 75.41769409179688 74.75039672851562 75.20233917236328 76.61539459228516 76.78530883789062 75.92825317382812 77.78096008300781 
40.663936614990234 38.40016174316406 38.142303466796875 38.43155288696289 38.26416015625 37.81577682495117 37.366912841796875 39.06684875488281 
76.47897338867188 75.22723388671875 75.26121520996094 76.23340606689453 76.97875213623047 74.82978820800781 77.96825408935547 75.44585418701172 
39.490623474121094 37.457984924316406 38.968894958496094 39.0 38.50012969970703 38.380062103271484 38.06435012817383 38.393985748291016 
77.1494369506836 73.86019134521484 75.22271728515625 77.10723114013672 75.10063934326172 75.35955047607422 77.8782730102539 76.37254333496094 
57.280128479003906 56.10259246826172 54.98323059082031 55.616031646728516 55.62297439575195 53.127967834472656 56.27203369140625 55.92678451538086 
94.12102508544922 94.4958724975586 92.84764862060547 94.59196472167969 96.72652435302734 94.55891418457031 96.57705688476562 95.27308654785156 
58.66796875 54.180511474609375 56.94464111328125 54.96419143676758 52.69968032836914 55.747806549072266 54.41097640991211 56.078399658203125 
94.40579223632812 96.27327728271484 94.03321838378906 95.75206756591797 96.43231964111328 93.833984375 97.64765167236328 95.70982360839844 
57.8109130859375 55.54092788696289 54.690494537353516 56.120609283447266 55.481441497802734 55.499488830566406 55.67251205444336 54.4062385559082 
97.74848175048828 96.94502258300781 97.8061752319336 96.41849517822266 94.03801727294922 97.8226547241211 96.37948608398438 97.00188446044922 
57.821502685546875 52.401153564453125 54.17513656616211 56.4060173034668 55.67843246459961 55.543006896972656 55.710689544677734 55.152095794677734 
94.50121307373047 91.94278717041016 93.63129425048828 96.70003509521484 96.37789154052734 96.69046020507812 95.06419372558594 95.36739349365234 
56.50873565673828 55.64448165893555 55.71001434326172 54.82089614868164 55.614593505859375 54.42176055908203 56.47011184692383 55.75494384765625 
95.56153869628906 97.00243377685547 96.99030303955078 95.81625366210938 96.46617889404297 95.35993957519531 97.878173828125 96.61135864257812 
56.24153518676758 52.41545486450195 54.449440002441406 56.141822814941406 55.627201080322266 55.23606491088867 56.08281707763672 52.855262756347656 
96.94380950927734 91.59455871582031 93.74752044677734 97.70515441894531 97.42098999023438 96.78550720214844 94.63510131835938 95.859619140625 
57.63225555419922 52.886497497558594 55.59097671508789 53.262718200683594 54.5997428894043 54.647518157958984 54.380287170410156 54.18134307861328 
92.3205795288086 95.38735961914062 97.1744613647461 96.94038391113281 98.5241928100586 95.66246032714844 93.18019104003906 98.4368667602539 
57.144222259521484 55.22294235229492 54.75049591064453 56.34483337402344 55.359169006347656 55.478145599365234 55.46432113647461 54.7988166809082 
99.30252838134766 95.18972778320312 95.68316650390625 97.5711669921875 97.34464263916016 96.84419250488281 95.45683288574219 94.41725158691406 
55.711360931396484 53.45808029174805 54.3704948425293 55.6802864074707 54.52617645263672 56.385536193847656 55.55615997314453 55.80313491821289 
94.02889251708984 94.5814437866211 98.24332427978516 95.61119842529297 96.19471740722656 93.60857391357422 96.81836700439453 97.42253112792969 
56.224449157714844 53.10630416870117 53.01532745361328 54.435455322265625 54.387264251708984 54.03071975708008 54.126014709472656 54.03411102294922 
94.49231719970703 94.01686096191406 95.30461120605469 96.32367706298828 95.66515350341797 96.86271667480469 96.2215347290039 96.41228485107422 
35.990081787109375 32.16342544555664 32.26892852783203 32.24348831176758 33.02057647705078 32.60383987426758 32.942752838134766 32.6517448425293 
68.72879791259766 47.98828887939453 48.17580795288086 48.27577590942383 49.245216369628906 48.243072509765625 49.92015838623047 49.086910247802734 
33.01123046875 32.1165771484375 32.45539093017578 32.57440185546875 32.96806335449219 32.56844711303711 32.91689682006836 32.718017578125 
72.34579467773438 48.12928009033203 48.27769470214844 48.013824462890625 48.95276641845703 48.510398864746094 49.33504104614258 48.87081527709961 
33.81827163696289 32.61062240600586 32.528831481933594 31.921632766723633 32.489566802978516 32.39539337158203 32.41379165649414 32.58591842651367 
67.86124420166016 48.213409423828125 49.42038345336914 48.60054397583008 49.237056732177734 48.4095344543457 48.071712493896484 48.883872985839844 
32.769439697265625 32.38662338256836 32.68473434448242 32.20336151123047 32.79625701904297 32.655582427978516 33.01113510131836 32.492671966552734 
68.39814758300781 46.80588912963867 49.7606086730957 47.984031677246094 47.91875076293945 47.95462417602539 49.61328125 49.021854400634766 
35.97123336791992 32.32710266113281 32.245792388916016 32.466976165771484 32.212318420410156 32.667808532714844 32.18172836303711 32.63430404663086 
60.19398498535156 48.3001594543457 47.60086441040039 48.32243347167969 48.71596908569336 48.026206970214844 49.776126861572266 48.79840087890625 
34.30070495605469 32.903263092041016 32.89059066772461 33.36316680908203 33.05215835571289 32.74291229248047 32.83158493041992 32.89567947387695 
71.01859283447266 48.324161529541016 49.19203186035156 48.64352035522461 48.00271987915039 48.02326583862305 50.099422454833984 48.39692687988281 
32.99436950683594 32.51542282104492 32.28879928588867 32.71699142456055 32.23235321044922 32.86614227294922 32.51833724975586 32.91209411621094 
67.96208190917969 48.57465744018555 47.611328125 49.56032180786133 47.57612609863281 49.17536163330078 48.66700744628906 50.09977722167969 
33.949153900146484 32.131935119628906 32.569278717041016 32.31039810180664 32.669921875 31.983840942382812 32.451873779296875 32.4431037902832 
64.81814575195312 47.06959915161133 48.866302490234375 48.2993278503418 47.94745635986328 48.853790283203125 46.85628890991211 48.70240020751953 
33.63347244262695 32.401729583740234 32.74710464477539 32.52000045776367 32.20608139038086 32.55299377441406 32.7599983215332 32.30992126464844 
64.15676879882812 47.63654327392578 48.00243377685547 49.316768646240234 48.059967041015625 49.27503967285156 49.03673553466797 49.47200012207031 
34.22195053100586 32.77641677856445 32.45814514160156 31.95635223388672 32.59056091308594 32.72447967529297 32.60688018798828 32.96867370605469 
61.467647552490234 46.66569519042969 47.88857650756836 49.83545684814453 48.39596939086914 49.42726516723633 48.94015884399414 49.57676696777344 
34.953792572021484 34.82486343383789 34.96681594848633 34.632415771484375 34.373313903808594 34.55699157714844 34.60569763183594 34.72528076171875 
61.61225509643555 61.87190246582031 62.643455505371094 63.697086334228516 63.4931526184082 65.8243179321289 63.26435089111328 65.15007781982422 
35.413761138916016 34.90806579589844 34.417503356933594 34.20374298095703 34.624446868896484 34.89923095703125 34.93503952026367 34.573089599609375 
64.31129455566406 63.96198272705078 60.14992141723633 63.64547348022461 64.6965103149414 65.48963165283203 62.5035514831543 64.65180969238281 
35.609249114990234 34.553279876708984 33.99795150756836 34.833534240722656 34.25203323364258 34.64575958251953 34.12905502319336 34.73168182373047 
68.18303680419922 63.18707275390625 64.47216033935547 62.28188705444336 62.455230712890625 62.991519927978516 65.35993957519531 63.29683303833008 
36.160030364990234 34.54556655883789 35.12828826904297 34.21830368041992 34.70547103881836 34.40675354003906 34.70336151123047 33.925086975097656 
64.65145874023438 62.63840103149414 61.1844482421875 62.25494384765625 63.751583099365234 63.0096321105957 65.8304672241211 63.755455017089844 
36.77804946899414 34.16012954711914 34.5618896484375 33.975425720214844 34.32444763183594 34.739742279052734 34.79280090332031 34.67750549316406 
64.24569702148438 65.0640640258789 62.37411117553711 64.72665405273438 63.293182373046875 63.835201263427734 63.26268768310547 64.73974609375 
37.26224136352539 34.40198516845703 34.10761642456055 34.166175842285156 34.808929443359375 34.969696044921875 34.703521728515625 34.156734466552734 
63.21567916870117 64.89081573486328 63.63907241821289 64.31193542480469 64.62735748291016 63.07603073120117 63.390785217285156 62.56304168701172 
35.191585540771484 33.86044692993164 34.237918853759766 34.09846496582031 34.746337890625 35.22409439086914 34.75462341308594 34.586910247802734 
65.30377960205078 63.53180694580078 64.59686279296875 63.85087966918945 63.899967193603516 65.05939483642578 62.548702239990234 64.78963470458984 
36.44566345214844 33.8109130859375 34.545310974121094 35.15679931640625 34.341758728027344 33.814430236816406 34.372737884521484 34.196895599365234 
64.86736297607422 62.68803024291992 65.01654052734375 63.314369201660156 63.03059387207031 63.46521759033203 64.37977600097656 62.26118469238281 
34.95756912231445 34.30723190307617 35.00092697143555 34.380767822265625 34.36207962036133 34.79481506347656 34.89744186401367 34.91097640991211 
63.99942398071289 61.929473876953125 65.29436492919922 64.17072296142578 63.704959869384766 64.41024017333984 62.54172897338867 61.94095993041992 
35.491390228271484 34.24607849121094 34.92192077636719 34.991519927978516 34.70608139038086 34.169822692871094 34.47062301635742 33.971519470214844 
62.845985412597656 64.49065399169922 62.5536003112793 64.19795227050781 63.22796630859375 63.190433502197266 62.999454498291016 65.14678192138672 
66.29869079589844 67.60707092285156 66.22211456298828 67.71260833740234 65.7754898071289 67.28230285644531 67.8590087890625 68.23296356201172 
67.63542175292969 68.30121612548828 68.13603210449219 66.39631652832031 67.80841827392578 65.96339416503906 68.07376098632812 67.22502136230469 
65.8358383178711 66.5684814453125 66.0637435913086 66.48095703125 64.40991973876953 64.90483093261719 67.02012634277344 66.85651397705078 
65.31868743896484 66.7804183959961 65.1338882446289 66.30707550048828 66.03683471679688 65.98694610595703 65.57382202148438 66.31027221679688 
66.22700500488281 65.93366241455078 66.83929443359375 66.65916442871094 67.23814392089844 66.27849578857422 67.44786834716797 68.15705871582031 
65.37420654296875 66.74050903320312 65.01522827148438 66.36557006835938 66.64521789550781 65.62454223632812 64.99775695800781 66.34841918945312 
66.97039794921875 65.75606536865234 67.570556640625 68.64073944091797 67.76140594482422 67.33785247802734 67.3367691040039 69.38467407226562 
66.21871948242188 66.71878051757812 68.3780517578125 65.93756866455078 66.8700180053711 65.81404876708984 66.87129974365234 68.2080307006836 
65.26306915283203 65.43183898925781 67.98998260498047 65.06851196289062 67.25823974609375 68.13372802734375 66.399169921875 71.49488067626953 
67.99520111083984 66.71449279785156 66.44982147216797 65.01337432861328 66.04425811767578 66.17542266845703 66.53392028808594 68.1592025756836 
49.54393768310547 47.42726516723633 46.9304313659668 47.87897491455078 46.88700866699219 47.3449592590332 47.48169708251953 47.44112014770508 
101.76060485839844 101.64179229736328 101.51663970947266 100.80143737792969 103.09449768066406 101.5538558959961 101.23216247558594 101.6197738647461 
48.22003173828125 46.212127685546875 46.5068473815918 46.10841751098633 47.28396987915039 46.31158447265625 46.749534606933594 47.13750457763672 
101.35686492919922 102.36316680908203 101.39894104003906 101.25961303710938 104.33712005615234 103.05350494384766 100.9295654296875 100.39132690429688 
47.45750427246094 47.13100814819336 46.559776306152344 47.087425231933594 47.29625701904297 47.135711669921875 47.52899169921875 47.0880012512207 
98.9636459350586 99.46966552734375 99.2323226928711 99.77442932128906 102.59379577636719 100.72895812988281 101.79036712646484 99.10678100585938 
47.490177154541016 46.00297546386719 46.818336486816406 45.90764617919922 47.48342514038086 46.17875289916992 48.03734588623047 45.98780822753906 
102.14704132080078 101.55644989013672 100.21199798583984 100.69235229492188 101.4366683959961 103.56873321533203 103.54774475097656 101.24198150634766 
48.646209716796875 47.32761764526367 47.336734771728516 46.992576599121094 47.54800033569336 47.172576904296875 47.20793533325195 47.113887786865234 
100.10832214355469 100.3433609008789 99.49712371826172 100.83869171142578 102.48438262939453 100.54732513427734 102.16694641113281 99.80863952636719 
47.5794563293457 47.28287887573242 46.5918083190918 47.1033935546875 47.295745849609375 47.147361755371094 47.53638458251953 46.973121643066406 
101.21836853027344 100.76534271240234 101.0647964477539 101.76873779296875 103.6395492553711 103.1792984008789 102.4122543334961 100.91337585449219 
48.577823638916016 47.131553649902344 46.23187255859375 46.04102325439453 47.672607421875 45.95616149902344 47.78428649902344 46.09308624267578 
102.57014465332031 103.96819305419922 102.29507446289062 100.11698913574219 100.1982421875 99.72866821289062 100.6095962524414 99.86246490478516 
47.71775817871094 47.30080032348633 46.59651184082031 47.46636962890625 46.47283172607422 46.66838455200195 46.261024475097656 47.38304138183594 
99.22134399414062 100.13308715820312 102.92451477050781 100.15052795410156 105.64582061767578 100.30521392822266 101.86450958251953 98.41292572021484 
48.06403350830078 47.065086364746094 46.027008056640625 46.710750579833984 47.853824615478516 46.52019119262695 48.16783905029297 46.79119873046875 
101.57411193847656 103.12467193603516 101.06835174560547 101.24864196777344 102.72227478027344 103.34143829345703 99.4400634765625 100.14886474609375 
48.5906867980957 47.43900680541992 46.510047912597656 47.245662689208984 47.10166549682617 47.23945617675781 47.53859329223633 47.02140808105469 
101.8397445678711 103.19664001464844 102.15843200683594 100.92899322509766 102.26515197753906 102.54070281982422 103.33433532714844 101.29436492919922 
74.87068939208984 73.91785430908203 72.18214416503906 71.90035247802734 72.48099517822266 72.7633285522461 72.64265441894531 72.5000991821289 
74.85884857177734 77.06297302246094 73.89945220947266 75.99334716796875 77.155517578125 75.15196990966797 77.58025360107422 76.10399627685547 
74.00582122802734 71.16108703613281 73.70543670654297 70.34703826904297 71.84710693359375 71.39810943603516 72.7327651977539 72.47663879394531 
76.78038024902344 74.87753295898438 78.33805084228516 77.34700775146484 77.57417297363281 73.0051498413086 77.16780853271484 75.39862060546875 
72.39385223388672 72.38729858398438 69.41193389892578 72.89033508300781 71.00105285644531 73.34534454345703 73.44905853271484 72.41551971435547 
75.57161712646484 77.31775665283203 75.35327911376953 76.44092559814453 77.49081420898438 76.82300567626953 77.76557159423828 75.40914916992188 
73.41244506835938 73.58534240722656 71.33216094970703 73.34636688232422 72.67059326171875 72.28883361816406 73.11222076416016 73.94416046142578 
77.23712158203125 76.06390380859375 75.56041717529297 75.73081970214844 76.90198516845703 76.3253402709961 77.81660461425781 78.25263977050781 
72.29776000976562 72.36099243164062 69.4578857421875 73.68521881103516 71.08550262451172 73.90521240234375 72.5761947631836 71.77449798583984 
78.1014404296875 74.55843353271484 77.08086395263672 76.10415649414062 75.37519836425781 78.96943664550781 76.95747375488281 77.97212982177734 
73.72025299072266 72.8340835571289 75.99715423583984 72.02243041992188 71.6346206665039 72.64713287353516 72.90361785888672 72.69184112548828 
78.54847717285156 75.40239715576172 76.82598114013672 73.21158599853516 75.90934753417969 77.55462646484375 75.0130844116211 77.1322250366211 
73.76521301269531 72.0645751953125 71.54195404052734 73.09442901611328 75.13053131103516 73.40751647949219 72.54573059082031 72.3878402709961 
76.09571075439453 74.306396484375 78.37315368652344 76.43993377685547 78.26873779296875 76.18297576904297 78.81692504882812 75.21651458740234 
74.36991882324219 74.93049621582031 73.12703704833984 72.39888000488281 71.8272933959961 72.81986999511719 72.2165756225586 72.77407836914062 
75.29740905761719 75.84291076660156 76.04268646240234 75.52178955078125 75.07405090332031 76.1226577758789 76.90796661376953 77.21062469482422 
73.79977416992188 71.92591857910156 71.08649444580078 73.76060485839844 75.05827331542969 74.47401428222656 69.13420867919922 71.48652648925781 
74.99193572998047 77.75670623779297 73.17206573486328 76.60569763183594 73.64208221435547 75.21612548828125 76.59728240966797 76.75682830810547 
72.29055786132812 71.8292465209961 71.6280288696289 74.06816101074219 71.71183776855469 73.467041015625 72.06739044189453 72.0072021484375 
75.82582092285156 76.1662368774414 74.3268814086914 74.79750061035156 76.18924713134766 76.609375 76.78790283203125 77.67823791503906 
68.79373168945312 69.7805404663086 67.99734497070312 69.84441375732422 70.09622192382812 69.25190734863281 70.66095733642578 70.69586944580078 
69.86156463623047 70.91097259521484 69.2583999633789 70.6157455444336 69.0396499633789 68.41353607177734 71.62041473388672 70.10546875 
69.88674926757812 71.11516571044922 69.38726043701172 69.11251068115234 70.0881576538086 69.24713897705078 69.86495971679688 68.7498550415039 
70.2655029296875 70.69347381591797 69.69996643066406 68.72777557373047 69.58211517333984 69.4152603149414 69.55699157714844 68.89087677001953 
70.37628936767578 70.9228515625 69.81734466552734 68.95645141601562 67.33891296386719 68.83692932128906 70.41792297363281 68.86172485351562 
70.40518188476562 70.3650894165039 68.06585693359375 68.70623779296875 67.9886703491211 69.30079650878906 69.00371551513672 71.0118408203125 
68.20921325683594 69.70598602294922 70.8743667602539 68.13040161132812 69.11894226074219 69.93145751953125 70.05535888671875 70.78300476074219 
69.57638549804688 69.29302215576172 71.01789093017578 70.65567779541016 70.68351745605469 68.97481536865234 69.00825500488281 70.60173034667969 
67.63922882080078 71.10733032226562 69.1192626953125 69.0684814453125 69.8617935180664 70.39625549316406 69.1118392944336 72.43516540527344 
69.06025695800781 69.58377838134766 69.26012420654297 70.05958557128906 69.56140899658203 69.88569641113281 69.39481353759766 71.436767578125 
40.05263900756836 37.4147834777832 37.19343948364258 37.48393630981445 38.060062408447266 38.210655212402344 37.169761657714844 37.384830474853516 
57.36329650878906 56.901920318603516 57.469825744628906 57.40633773803711 56.28486251831055 57.97235107421875 59.669246673583984 57.129150390625 
39.45267105102539 36.71516799926758 38.069759368896484 38.13180923461914 37.84774398803711 37.54524612426758 37.0428466796875 36.635902404785156 
58.62963104248047 58.42659378051758 58.01065444946289 59.20259094238281 56.744449615478516 56.105472564697266 57.43804931640625 56.80073547363281 
40.3177604675293 37.333984375 37.82815933227539 37.882686614990234 37.58323287963867 36.97510528564453 36.781471252441406 37.92777633666992 
58.73283386230469 57.47660827636719 56.243553161621094 57.889408111572266 57.967201232910156 57.466529846191406 58.857566833496094 55.98444747924805 
39.6104621887207 38.05894470214844 38.72099304199219 37.61507034301758 38.3171501159668 38.0015983581543 37.88630294799805 37.197662353515625 
57.838497161865234 56.429569244384766 57.854496002197266 57.225921630859375 56.706111907958984 56.810752868652344 57.62752151489258 57.975135803222656 
39.15520095825195 37.68147277832031 37.78857421875 37.36249542236328 36.56256103515625 38.16476821899414 38.4315185546875 37.53263854980469 
56.77695846557617 57.81727981567383 56.242977142333984 57.2327995300293 57.04457473754883 57.24051284790039 57.30662536621094 58.21763229370117 
39.626304626464844 38.160640716552734 37.97052764892578 37.5654411315918 37.27967834472656 36.99097442626953 37.395870208740234 37.95228958129883 
56.390846252441406 57.10367965698242 56.19795227050781 57.03385543823242 56.492671966552734 57.476158142089844 58.25513458251953 57.307167053222656 
40.38188934326172 37.662017822265625 38.31718444824219 38.355838775634766 37.66783905029297 37.99756622314453 37.687808990478516 37.10051345825195 
58.77801513671875 59.42835235595703 58.33161544799805 55.97385787963867 58.36662292480469 57.03721618652344 57.31449508666992 57.35251235961914 
39.683616638183594 37.736671447753906 38.33977508544922 38.200416564941406 38.27897644042969 37.70163345336914 37.63673782348633 36.766815185546875 
57.3125114440918 57.51017761230469 56.21779251098633 56.5184326171875 57.5549430847168 57.317440032958984 57.24496078491211 59.04326248168945 
38.90214538574219 37.7026252746582 38.16534423828125 37.7723503112793 37.94019317626953 37.80838394165039 37.193504333496094 38.08883285522461 
58.264991760253906 56.5645751953125 55.88246536254883 56.46355056762695 57.0681266784668 57.49398422241211 57.582496643066406 56.567840576171875 
41.46169662475586 37.9598388671875 37.85091018676758 37.743167877197266 37.58723068237305 37.219390869140625 38.39043045043945 38.46543884277344 
56.96905517578125 56.63359832763672 56.95750427246094 58.31462478637695 58.25526428222656 58.0359992980957 57.00032043457031 56.41139221191406 
42.964447021484375 42.43155288696289 42.58003234863281 43.03532791137695 42.498016357421875 42.50431823730469 43.06911849975586 43.770751953125 
57.51740646362305 56.258750915527344 56.730079650878906 55.728511810302734 52.63398361206055 54.97225570678711 56.95878219604492 55.61699295043945 
45.48905563354492 42.24540710449219 42.85843276977539 42.41523361206055 42.816383361816406 43.54422378540039 43.67660903930664 42.65468978881836 
57.33420944213867 53.832000732421875 54.00835037231445 54.86556625366211 56.4859504699707 55.88560104370117 56.60460662841797 56.18272018432617 
45.443359375 43.53798294067383 43.39539337158203 42.087646484375 41.835105895996094 43.004417419433594 43.656768798828125 42.392799377441406 
57.420257568359375 52.305118560791016 55.73871994018555 54.471168518066406 54.90047836303711 56.46931076049805 56.12255859375 55.4549446105957 
43.082462310791016 42.005470275878906 42.71158218383789 43.754398345947266 42.748992919921875 42.9218864440918 42.4672966003418 43.13353729248047 
57.344608306884766 54.52931213378906 54.905662536621094 55.49958419799805 52.07676696777344 56.15574264526367 55.89750289916992 55.22323226928711 
43.9628791809082 43.078529357910156 42.8375358581543 42.55363082885742 43.01667022705078 43.63119888305664 42.15711975097656 43.15990447998047 
56.20524978637695 52.5203857421875 55.71241760253906 55.465248107910156 52.78736114501953 56.07075119018555 55.532894134521484 54.896385192871094 
43.14252853393555 43.859134674072266 43.27142333984375 42.656768798828125 42.627777099609375 43.34009552001953 43.8678092956543 43.10115051269531 
56.160865783691406 53.816734313964844 52.12521743774414 55.22675323486328 55.19990539550781 54.68947219848633 54.62947082519531 54.43849563598633 
44.0968017578125 43.263553619384766 42.1756477355957 42.38422393798828 42.911136627197266 43.088096618652344 43.53276824951172 42.50700759887695 
56.930206298828125 54.973758697509766 56.05427169799805 56.21311950683594 57.37315368652344 53.33670425415039 55.276161193847656 56.32854461669922 
46.31644821166992 42.04054260253906 43.12547302246094 42.43907165527344 43.38227081298828 43.721214294433594 42.954463958740234 42.028385162353516 
57.3185920715332 55.51686477661133 56.391902923583984 56.31862258911133 55.93529510498047 56.131553649902344 55.993473052978516 55.2545280456543 
44.94316864013672 41.64588928222656 43.297183990478516 42.669761657714844 43.71039962768555 42.12531280517578 42.642398834228516 43.5365104675293 
56.99251174926758 56.382049560546875 55.920799255371094 53.93756866455078 54.951744079589844 56.29257583618164 57.04985427856445 56.01728057861328 
43.97916793823242 42.57804870605469 42.0700798034668 42.92019271850586 43.0695686340332 43.67212677001953 42.885536193847656 42.41449737548828 
57.08860778808594 55.915008544921875 55.80121612548828 54.47750473022461 56.245216369628906 56.565406799316406 53.05510330200195 55.79081726074219 
47.111358642578125 46.99980926513672 47.49305725097656 47.395809173583984 47.6682243347168 47.30860900878906 45.87036895751953 46.69139099121094 
44.018367767333984 42.41414260864258 43.063934326171875 44.50511932373047 43.29529571533203 42.31670379638672 42.90403366088867 43.770721435546875 
46.979488372802734 45.64739227294922 45.64729690551758 46.43983840942383 47.572959899902344 46.44947052001953 46.683616638183594 47.5382080078125 
45.827392578125 43.555423736572266 42.79065704345703 42.62934494018555 43.86771011352539 43.69820785522461 42.14147186279297 42.80441665649414 
48.979774475097656 46.75833511352539 47.73487854003906 47.08607864379883 47.79865646362305 46.92950439453125 46.237342834472656 46.51667022705078 
46.11439895629883 42.219871520996094 42.730079650878906 43.571231842041016 42.94435119628906 43.130496978759766 43.12694549560547 42.606143951416016 
49.64527893066406 46.67116928100586 47.8230094909668 46.623233795166016 47.76835250854492 46.457664489746094 47.034847259521484 47.29439926147461 
45.41747283935547 43.19673538208008 43.139488220214844 43.86979293823242 42.857791900634766 42.70582580566406 43.6822395324707 43.63983917236328 
46.72937774658203 48.34716796875 46.67900848388672 47.902591705322266 47.317665100097656 47.95087814331055 47.17865753173828 47.11830520629883 
44.94460678100586 43.28550338745117 42.359169006347656 43.446014404296875 43.81516647338867 43.0467529296875 41.801822662353516 42.53120040893555 
48.408958435058594 48.07904052734375 46.67871856689453 47.036705017089844 47.784385681152344 46.16377639770508 46.576255798339844 47.50387191772461 
47.038944244384766 42.946590423583984 42.853759765625 43.206302642822266 43.13459014892578 43.82998275756836 42.68902587890625 42.85929489135742 
49.29667282104492 46.53113555908203 47.27804946899414 46.4879035949707 47.810302734375 46.70550537109375 47.75503921508789 46.014495849609375 
44.42265701293945 43.508094787597656 42.4716796875 43.09321594238281 43.02783966064453 43.29328155517578 43.39094543457031 42.37180709838867 
47.779296875 46.635841369628906 47.69011306762695 46.397727966308594 47.12611389160156 47.08342361450195 47.796993255615234 46.70150375366211 
45.51398468017578 42.91049575805664 43.65670394897461 43.95487976074219 42.779361724853516 42.07900619506836 43.50182342529297 44.08220672607422 
47.700191497802734 46.7740478515625 46.921119689941406 46.368064880371094 47.82979202270508 46.576416015625 47.878143310546875 47.297054290771484 
46.5601921081543 42.781185150146484 42.89049530029297 43.50950241088867 42.601505279541016 43.119937896728516 42.70793533325195 43.32374572753906 
47.739295959472656 47.837249755859375 45.348289489746094 47.271263122558594 45.44889450073242 46.32352066040039 47.428863525390625 46.80825424194336 
45.282752990722656 43.682655334472656 42.50697708129883 42.55766296386719 42.66729736328125 43.32640075683594 44.12873458862305 43.20182418823242 
44.542945861816406 43.382015228271484 43.70188903808594 43.262943267822266 41.72819137573242 42.43183898925781 43.43052673339844 43.26825714111328 
80.09001922607422 78.07087707519531 78.6845474243164 81.59859466552734 80.9659194946289 79.34310150146484 80.00934600830078 79.5868148803711 
44.91001510620117 43.031551361083984 42.446048736572266 43.30681610107422 44.32444763183594 43.45625686645508 42.77318572998047 43.1866569519043 
80.15007781982422 83.6016616821289 80.1006088256836 75.30105590820312 79.96221160888672 80.09136199951172 79.72576141357422 81.72105407714844 
44.03907012939453 44.07183837890625 43.134368896484375 42.39539337158203 41.71481704711914 42.83494567871094 43.71779251098633 42.39926528930664 
79.06678771972656 78.28160095214844 79.6514892578125 80.79936218261719 77.36784362792969 82.46505737304688 81.6723861694336 79.90067291259766 
43.85615921020508 42.190303802490234 43.17356872558594 44.011390686035156 42.82233428955078 43.06246566772461 43.29657745361328 43.427425384521484 
79.26982116699219 79.42428588867188 78.00863647460938 80.00825500488281 78.49667358398438 82.65017700195312 81.19078063964844 78.57839965820312 
45.514686584472656 42.51484680175781 42.51679992675781 43.17567825317383 43.880191802978516 42.32457733154297 42.980384826660156 42.89481735229492 
81.20496368408203 79.6800308227539 78.77037048339844 78.85420989990234 78.93910217285156 81.69827270507812 78.16726684570312 78.40284729003906 
44.563838958740234 43.408512115478516 43.657470703125 42.62384033203125 43.30246353149414 42.361568450927734 43.19084930419922 43.63564682006836 
78.71622467041016 83.2798080444336 78.90908813476562 77.62812805175781 81.24230194091797 80.50825500488281 78.77362823486328 81.96444702148438 
48.448097229003906 43.5115852355957 42.62144088745117 41.649600982666016 42.1025276184082 43.85945510864258 43.10163116455078 43.304481506347656 
80.09903717041016 79.48111724853516 79.5354232788086 79.61055755615234 77.14749145507812 81.40006256103516 79.69462585449219 79.0231704711914 
45.14915084838867 41.8724479675293 42.1286735534668 42.104862213134766 43.41350555419922 43.86262512207031 43.556095123291016 43.04713439941406 
80.12435150146484 75.5296630859375 79.41580963134766 80.70169830322266 78.05465698242188 83.37344360351562 79.95584106445312 79.50291442871094 
45.45487976074219 42.842430114746094 42.13158416748047 43.491455078125 43.91164779663086 42.86867141723633 43.1739501953125 43.12681579589844 
80.49632263183594 78.86093139648438 78.41487884521484 80.26547241210938 79.73680114746094 80.82697296142578 78.82173156738281 79.31581115722656 
46.032352447509766 42.680030822753906 42.51443099975586 42.9576301574707 43.29142379760742 43.73513412475586 42.689247131347656 42.53308868408203 
78.8345947265625 79.93215942382812 78.68768310546875 79.80048370361328 80.28361511230469 80.00796508789062 80.16767883300781 81.80028533935547 
84.6203842163086 84.19999694824219 84.81938934326172 82.3996810913086 81.44579315185547 82.82121276855469 84.44969940185547 85.22064208984375 
106.2863998413086 108.02259063720703 107.95926666259766 107.00284576416016 108.70476531982422 106.98796844482422 108.37126159667969 108.29443359375 
83.36953735351562 84.03401947021484 84.11743927001953 86.2925796508789 83.16073608398438 85.3169937133789 82.24169921875 85.2300796508789 
107.17120361328125 104.75984191894531 106.52236938476562 108.59126281738281 107.56550598144531 109.56594848632812 106.689697265625 109.69500732421875 
85.24742126464844 83.08726501464844 84.48812866210938 82.01577758789062 84.20098876953125 84.82825469970703 85.92556762695312 83.50048065185547 
109.41609954833984 106.51673889160156 109.00579071044922 107.22643280029297 109.14959716796875 106.88671875 108.23519897460938 108.80764770507812 
84.50617980957031 82.0140151977539 81.47795104980469 82.33580780029297 85.1115493774414 85.923583984375 83.42681884765625 84.1690902709961 
106.5761947631836 110.01084899902344 105.83106994628906 109.11817932128906 111.56342315673828 106.90691375732422 109.69916534423828 108.45484924316406 
82.90742492675781 79.51872253417969 83.85625457763672 84.2886734008789 84.98377227783203 85.2655029296875 83.56578826904297 84.70713806152344 
107.53199768066406 107.7201919555664 107.72057342529297 108.56610870361328 107.12745666503906 108.17581176757812 109.97328186035156 108.12825775146484 
83.48086547851562 83.0771484375 82.33382415771484 83.69296264648438 83.0731201171875 84.00879669189453 84.43904113769531 85.32428741455078 
108.81798553466797 108.017822265625 107.0080337524414 108.0634536743164 107.68511962890625 109.24476623535156 107.83148956298828 109.13922882080078 
85.76847839355469 82.87932586669922 84.14320373535156 82.87193298339844 83.11795043945312 82.9579849243164 83.50466918945312 81.69942474365234 
107.75615692138672 112.46348571777344 106.78412628173828 108.9195556640625 112.6312026977539 108.87757110595703 107.81068420410156 108.00447845458984 
84.82966613769531 84.48998260498047 84.34528350830078 82.34339141845703 85.94758605957031 87.90713500976562 84.88169860839844 81.94998168945312 
108.88531494140625 107.7762222290039 108.93756866455078 106.368896484375 107.70416259765625 112.95817565917969 108.00704193115234 108.6578598022461 
84.46409606933594 85.62422180175781 87.69683074951172 86.5511703491211 82.79443359375 84.43212890625 84.6379165649414 84.1262435913086 
107.16934204101562 106.69926452636719 108.5532455444336 110.517822265625 109.06626892089844 109.93433380126953 106.8697280883789 108.73152160644531 
85.12188720703125 82.79369354248047 84.33232116699219 84.37830352783203 82.95817565917969 83.23145294189453 82.81318664550781 82.75215911865234 
107.45638275146484 106.28240203857422 106.94003295898438 108.34899139404297 108.51936340332031 109.51801300048828 107.4882583618164 110.17366027832031 
60.09996795654297 56.566593170166016 56.17715072631836 56.28764724731445 55.52860641479492 55.54761505126953 55.85273742675781 54.63568115234375 
73.20649719238281 71.9354248046875 72.53936004638672 73.43577575683594 73.65302276611328 72.62569427490234 72.19139099121094 71.9846420288086 
57.56092834472656 57.872894287109375 57.38447952270508 55.54848098754883 56.34201431274414 54.92915344238281 57.229793548583984 56.27500915527344 
74.22621154785156 74.77523040771484 72.02620697021484 73.5580825805664 74.0126724243164 73.58662414550781 72.7712631225586 72.67670440673828 
58.44131088256836 56.10960006713867 57.894142150878906 54.64700698852539 54.075679779052734 56.61619186401367 56.963008880615234 56.090816497802734 
72.87097930908203 71.58777618408203 72.17922973632812 75.0728988647461 74.46745300292969 73.54512023925781 71.78118133544922 72.04208374023438 
58.94435119628906 54.93312072753906 56.86188888549805 56.50566482543945 55.53539276123047 56.05171203613281 54.66172790527344 57.4505615234375 
73.81270599365234 74.13314819335938 71.93411254882812 75.31836700439453 76.15596771240234 73.55010986328125 71.95782470703125 72.22128295898438 
56.53619384765625 54.31516647338867 55.77052688598633 53.29065704345703 54.65264129638672 57.172096252441406 56.10102462768555 55.87004852294922 
73.20428466796875 71.75910186767578 73.95101165771484 71.76073455810547 75.03651428222656 71.4267807006836 72.66831970214844 73.4366683959961 
57.47795104980469 55.525856018066406 55.03535842895508 55.93983840942383 55.04073715209961 55.101280212402344 55.93222427368164 55.094337463378906 
74.34848022460938 71.9616928100586 73.38153839111328 71.13673400878906 72.80284881591797 71.74566650390625 72.08745574951172 73.16150665283203 
57.5478401184082 58.01750564575195 55.92291259765625 55.83260726928711 54.18476867675781 55.56991958618164 57.46160125732422 56.03596878051758 
73.7757797241211 75.16460418701172 74.29193878173828 72.68624114990234 72.9373779296875 73.69184112548828 73.22441864013672 73.73145294189453 
59.5401611328125 56.316287994384766 57.668609619140625 55.49913787841797 57.453182220458984 56.00812911987305 56.71001434326172 55.755775451660156 
73.29344177246094 72.15856170654297 69.80409240722656 73.86646270751953 71.8301773071289 73.32256317138672 72.67062377929688 71.33369445800781 
57.06550216674805 54.34463882446289 55.11385726928711 55.78940963745117 54.71673583984375 56.28496170043945 56.36262512207031 56.55811309814453 
72.2939224243164 71.9560317993164 73.09986877441406 75.72236633300781 74.75286102294922 72.17670440673828 72.82300567626953 74.42205047607422 
57.84793472290039 54.159423828125 55.29395294189453 55.967262268066406 56.239009857177734 56.7922248840332 56.93475341796875 55.51193618774414 
73.09184265136719 71.79078674316406 72.91849517822266 75.0101089477539 76.14579010009766 72.52201843261719 71.97122955322266 72.59286499023438 
52.24915313720703 52.82108688354492 52.2105598449707 53.624351501464844 53.02345657348633 53.712318420410156 52.797119140625 52.58588790893555 
52.77628707885742 53.42540740966797 53.228031158447266 52.34067153930664 53.81769561767578 53.56553649902344 53.55628967285156 52.98342514038086 
52.947296142578125 51.15884780883789 52.39491271972656 54.17878341674805 52.85542297363281 53.277313232421875 52.687904357910156 52.20761489868164 
52.673118591308594 51.574623107910156 52.56671905517578 53.346336364746094 52.7441291809082 52.97340774536133 52.774112701416016 51.82467269897461 
52.464542388916016 51.65670394897461 51.82316970825195 53.007102966308594 52.778079986572266 53.278846740722656 52.90188980102539 52.024574279785156 
51.859169006347656 51.763328552246094 52.38127899169922 52.496192932128906 53.046112060546875 52.781982421875 52.95884704589844 53.0918083190918 
55.01504135131836 53.11097717285156 53.17279815673828 52.78825759887695 52.822593688964844 52.591487884521484 52.32281494140625 52.084415435791016 
52.89641571044922 53.12518310546875 53.061153411865234 53.15411376953125 52.351009368896484 53.96432113647461 53.13011169433594 52.65321731567383 
52.77907180786133 52.31916809082031 52.62803268432617 51.6596794128418 51.6910400390625 52.57148742675781 52.853790283203125 52.79609680175781 
52.35289764404297 53.57088088989258 52.4005126953125 53.328575134277344 53.102622985839844 52.50899124145508 53.44083023071289 53.245697021484375 
30.564895629882812 30.00409507751465 30.431007385253906 30.223552703857422 30.124095916748047 29.884063720703125 30.42665672302246 30.345407485961914 
81.23149108886719 77.62425231933594 77.940673828125 79.69811248779297 79.73145294189453 80.1203842163086 77.88543701171875 80.03081512451172 
32.061920166015625 29.886367797851562 29.80518341064453 30.230239868164062 30.311872482299805 30.120159149169922 29.6276798248291 29.711103439331055 
80.19974517822266 77.9863052368164 77.46511840820312 79.27452850341797 78.73446655273438 80.10476684570312 78.17510223388672 81.5796127319336 
33.29334259033203 30.191904067993164 29.648223876953125 30.168127059936523 30.382368087768555 30.397695541381836 29.86751937866211 30.187583923339844 
78.83036804199219 79.18985748291016 78.2356185913086 80.2350082397461 78.39446258544922 79.66607666015625 77.73849487304688 77.74114990234375 
34.406558990478516 29.9453125 29.807584762573242 29.534400939941406 29.726816177368164 30.24883270263672 30.034303665161133 29.924543380737305 
77.56883239746094 78.2201919555664 80.35215759277344 79.38384246826172 79.40704345703125 78.23516845703125 76.81350708007812 78.88803100585938 
34.25852966308594 30.187103271484375 29.848608016967773 30.16771125793457 30.19388771057129 29.834047317504883 29.56559944152832 29.651552200317383 
78.5367660522461 76.40652465820312 77.67635345458984 80.43276977539062 79.31126403808594 79.19139099121094 80.28467559814453 78.21427154541016 
31.419328689575195 30.163328170776367 30.096960067749023 29.93382453918457 29.87936019897461 30.6026554107666 30.10153579711914 29.409759521484375 
82.040771484375 79.06585693359375 79.77308654785156 81.03059387207031 77.92105865478516 76.6704330444336 78.4945297241211 79.66630554199219 
31.256576538085938 29.610559463500977 30.728511810302734 29.53468894958496 29.767135620117188 30.22140884399414 30.48691177368164 29.79635238647461 
79.60678100585938 77.94579315185547 77.83971405029297 81.21923065185547 80.02403259277344 78.86022186279297 79.8722915649414 78.99132537841797 
31.43484878540039 30.08131217956543 30.23369598388672 29.58563232421875 30.398176193237305 30.433183670043945 30.01807975769043 30.0382080078125 
78.44512176513672 83.32383728027344 79.34233856201172 76.92467498779297 80.25788879394531 78.68441772460938 79.5525131225586 79.7992935180664 
32.72003173828125 29.828672409057617 30.067167282104492 29.809280395507812 29.990367889404297 29.800479888916016 30.014495849609375 29.774688720703125 
78.98934173583984 75.16000366210938 79.45113372802734 81.12387084960938 77.1072998046875 80.90972900390625 79.98419189453125 77.96832275390625 
31.794719696044922 29.804800033569336 30.30339241027832 29.496543884277344 29.602336883544922 30.278560638427734 30.334304809570312 30.13052749633789 
77.26764678955078 76.60912322998047 77.66812896728516 77.59430694580078 79.7608642578125 79.1941146850586 80.98934173583984 78.81529235839844 
39.07574462890625 36.4890251159668 37.10240173339844 37.298431396484375 36.90403366088867 37.20057678222656 36.88230514526367 36.57651138305664 
35.596736907958984 36.54012680053711 36.754974365234375 35.73766326904297 36.94655990600586 36.73686218261719 37.179168701171875 35.939552307128906 
37.952030181884766 36.09337615966797 37.540863037109375 36.726463317871094 36.40678405761719 35.852352142333984 37.05644989013672 37.27174377441406 
36.44188690185547 35.76611328125 36.3842887878418 36.101280212402344 36.799808502197266 36.56313705444336 37.02774429321289 36.3389778137207 
37.92457580566406 37.06003189086914 36.519840240478516 37.482208251953125 36.8482551574707 37.10851287841797 36.70665740966797 37.19801712036133 
37.951873779296875 36.47123336791992 36.33574295043945 35.684993743896484 36.53065490722656 36.13999938964844 36.89116668701172 36.74310302734375 
37.71491241455078 36.15033721923828 36.90262222290039 36.49155044555664 37.167457580566406 37.26572799682617 37.07334518432617 36.588863372802734 
37.13600158691406 36.449951171875 36.085025787353516 35.66012954711914 36.408382415771484 36.65456008911133 36.779518127441406 36.98009490966797 
37.95014572143555 37.269535064697266 37.10019302368164 36.82102584838867 36.25337600708008 36.14790344238281 37.15513610839844 37.18307113647461 
39.29779052734375 36.72524642944336 36.63603210449219 36.396095275878906 36.45820617675781 36.86886215209961 36.664894104003906 36.17023849487305 
37.85996627807617 36.33987045288086 37.16371154785156 36.62895965576172 37.47539138793945 36.38169479370117 36.36511993408203 36.884735107421875 
38.04646301269531 35.96160125732422 36.30614471435547 36.94073486328125 36.72166442871094 36.85935974121094 36.1058235168457 37.003456115722656 
38.095489501953125 36.72060775756836 37.2196159362793 36.443809509277344 36.672607421875 35.968448638916016 37.07676696777344 36.83366394042969 
36.80713653564453 36.1569938659668 35.97670364379883 35.70198440551758 36.532928466796875 37.008609771728516 36.61974334716797 35.712223052978516 
39.11212921142578 37.260032653808594 36.6932487487793 36.1561279296875 36.037471771240234 36.675872802734375 36.95942306518555 37.1814079284668 
37.95654296875 36.25971221923828 35.734718322753906 36.553985595703125 35.954017639160156 37.092288970947266 36.490814208984375 36.18912124633789 
38.14799880981445 37.297119140625 37.185054779052734 36.836097717285156 36.71235275268555 36.36937713623047 36.860225677490234 36.92015838623047 
37.63343811035156 36.44953536987305 36.2130241394043 36.99910354614258 35.872798919677734 36.76639938354492 36.102783203125 36.968223571777344 
38.02399826049805 36.25267028808594 37.32940673828125 37.252864837646484 36.84707260131836 36.58870315551758 36.96566390991211 36.96211242675781 
36.557342529296875 35.75062561035156 35.97200012207031 36.96121597290039 35.978912353515625 37.05980682373047 36.82835388183594 36.86406326293945 
59.5711669921875 58.100990295410156 59.03647994995117 61.23408126831055 60.514305114746094 59.74745559692383 60.01510238647461 60.12598419189453 
58.318878173828125 61.43385696411133 59.30646514892578 60.60153579711914 59.18153762817383 60.14992141723633 59.35996627807617 60.02044677734375 
60.18406295776367 59.033470153808594 59.68316650390625 60.05097579956055 60.109310150146484 59.888671875 59.04991912841797 60.803775787353516 
60.05766296386719 59.76976013183594 59.72441482543945 59.395103454589844 58.15955352783203 59.5623664855957 59.747806549072266 60.41436767578125 
58.616416931152344 60.22079849243164 59.6506233215332 58.801536560058594 61.0437126159668 60.527870178222656 60.31052780151367 59.75017547607422 
59.78899383544922 60.635711669921875 60.36592102050781 59.88854217529297 60.013694763183594 60.27900695800781 60.01744079589844 59.5101432800293 
58.03228759765625 60.830753326416016 59.034751892089844 59.199745178222656 59.92185592651367 60.27609634399414 59.90796661376953 60.375328063964844 
60.86521530151367 58.727455139160156 60.57427215576172 59.476959228515625 60.21187210083008 58.85139083862305 59.45270538330078 60.11452865600586 
59.86201477050781 59.75987243652344 59.010494232177734 59.401824951171875 58.23881530761719 60.12908935546875 60.03343963623047 60.04521560668945 
58.49980926513672 59.42723083496094 59.54671859741211 59.25468826293945 60.11296081542969 60.284446716308594 60.239295959472656 60.07660675048828 
63.002113342285156 65.4467544555664 65.82514953613281 64.33132934570312 64.33116912841797 65.3081283569336 65.36099243164062 64.27839660644531 
63.53558349609375 62.56409454345703 64.37779235839844 62.8633918762207 65.50297546386719 65.37667083740234 64.2529296875 64.00038146972656 
65.2663345336914 62.89276885986328 64.47702026367188 64.86249542236328 63.92316818237305 63.449153900146484 64.46550750732422 64.76387023925781 
65.06489562988281 64.32112121582031 63.15353775024414 64.8070068359375 65.57100677490234 63.3798713684082 64.12963104248047 65.2462387084961 
63.10950469970703 64.89523315429688 65.46781158447266 64.02025604248047 64.25167846679688 64.6875228881836 64.30115509033203 63.86102294921875 
64.53488159179688 63.08918380737305 64.90950775146484 63.433441162109375 64.7514877319336 65.13894653320312 62.502174377441406 64.38285064697266 
64.12550354003906 64.4247055053711 64.85810852050781 64.28006744384766 63.97123336791992 64.94947052001953 65.23193359375 63.96259307861328 
66.14582061767578 65.42233276367188 63.749183654785156 62.30662536621094 64.37686157226562 63.12227249145508 65.37654113769531 65.80384063720703 
66.21756744384766 64.47315216064453 63.66793441772461 64.91094207763672 66.05123138427734 65.3427505493164 64.07766723632812 64.78009796142578 
63.24790573120117 64.62425231933594 65.72704315185547 63.78339385986328 63.84035110473633 64.68883514404297 63.06089782714844 65.03388977050781 
63.38175964355469 62.94559860229492 63.6860466003418 62.73625564575195 63.821407318115234 64.5145263671875 64.82931518554688 63.000736236572266 
63.81315231323242 62.91468811035156 62.353153228759766 63.673728942871094 62.621856689453125 62.28550338745117 64.53609466552734 63.18947219848633 
63.5827522277832 62.837982177734375 63.07926559448242 63.26291275024414 63.643680572509766 63.95817565917969 63.72691345214844 63.09318542480469 
64.86351776123047 63.567230224609375 64.20591735839844 64.10636901855469 63.58982467651367 61.81123352050781 64.22310638427734 63.79564666748047 
62.95619201660156 63.552799224853516 62.55059051513672 64.92355346679688 65.07852935791016 61.96672058105469 64.40921783447266 65.2441635131836 
65.23458862304688 61.64400100708008 64.25743865966797 63.790977478027344 61.91254425048828 63.79292678833008 64.31692504882812 63.30006408691406 
64.18303680419922 64.20521545410156 62.93523025512695 64.09049224853516 63.58176040649414 63.36403274536133 64.34134674072266 63.37311935424805 
63.190975189208984 63.093536376953125 64.19132995605469 63.63132858276367 63.10892868041992 64.33369445800781 63.99331283569336 64.05142211914062 
62.80729675292969 63.38227081298828 64.39459228515625 64.91401672363281 64.72557067871094 63.61500930786133 63.22742462158203 64.1200942993164 
62.28278350830078 63.25724792480469 63.717472076416016 62.813377380371094 64.92562866210938 64.7820816040039 63.62499237060547 62.81363296508789 
35.46217727661133 32.44508743286133 31.54537582397461 32.13248062133789 31.653120040893555 32.10406494140625 32.082271575927734 32.449920654296875 
32.76124954223633 31.80944061279297 32.200958251953125 32.2275505065918 32.034881591796875 32.08063888549805 32.2625617980957 32.25881576538086 
34.782081604003906 32.36848068237305 32.439456939697266 32.52483367919922 31.59699249267578 32.15603256225586 32.02665710449219 31.95337677001953 
32.756351470947266 32.15459060668945 32.37776184082031 31.52128028869629 32.474143981933594 31.79596710205078 32.6602897644043 32.327457427978516 
33.80054473876953 32.0456657409668 32.03705596923828 32.4532470703125 32.0577278137207 32.296287536621094 32.309024810791016 32.409217834472656 
33.60713577270508 32.02822494506836 32.41795349121094 32.225345611572266 32.293758392333984 32.233375549316406 32.1212158203125 32.21712112426758 
32.738433837890625 32.11391830444336 32.0398063659668 31.490495681762695 31.962560653686523 31.860448837280273 32.39100646972656 31.911327362060547 
33.85612869262695 31.937408447265625 31.99193572998047 31.883615493774414 31.916383743286133 32.03203201293945 32.023006439208984 32.361473083496094 
33.05254364013672 32.28179168701172 31.990720748901367 32.296897888183594 31.954496383666992 32.50979232788086 31.795936584472656 32.467552185058594 
32.52560043334961 31.743104934692383 32.42531204223633 31.803647994995117 32.52569580078125 32.082977294921875 32.521183013916016 32.485694885253906 
66.96736145019531 67.54390716552734 67.45728302001953 67.7290267944336 68.16649627685547 68.43309020996094 68.46540832519531 66.03046417236328 
66.55792236328125 65.96896362304688 67.87430572509766 67.48902130126953 67.51119995117188 66.41913604736328 68.2824935913086 68.07878112792969 
67.8248291015625 67.70985412597656 67.83596801757812 67.83654022216797 68.27286529541016 67.94572448730469 67.83200073242188 69.34457397460938 
65.0040283203125 67.1223373413086 66.80361938476562 67.0992660522461 67.19782257080078 66.96018981933594 67.31196594238281 66.86998748779297 
66.87718200683594 67.14300537109375 67.02371215820312 66.70559692382812 67.81775665283203 67.34153747558594 67.44700622558594 70.23734283447266 
66.8214111328125 67.61743927001953 66.17529296875 68.56063842773438 68.7069091796875 68.30973052978516 68.52448272705078 68.02630615234375 
66.13024139404297 66.06153869628906 67.43843078613281 68.03241729736328 67.76461029052734 68.11212921142578 68.14669036865234 67.36771392822266 
66.34278106689453 67.0953598022461 68.10208129882812 67.07766723632812 67.64739227294922 68.10406494140625 67.65574645996094 68.1659164428711 
66.2050552368164 65.88400268554688 67.24515533447266 67.19760131835938 64.90902709960938 68.1409912109375 68.1250228881836 67.31622314453125 
68.08748626708984 68.70355224609375 68.35017395019531 67.91522979736328 68.88066864013672 66.79923248291016 68.56880187988281 71.15325164794922 
72.9675521850586 72.76188659667969 72.60972595214844 74.83519744873047 76.32438659667969 72.40220642089844 72.70323181152344 73.89561462402344 
106.77801513671875 87.62812805175781 89.23677062988281 89.91401672363281 88.64093017578125 89.97561645507812 89.842529296875 89.29119873046875 
74.42960357666016 74.26051330566406 72.74614715576172 73.02559661865234 72.72441864013672 74.31065368652344 74.28659057617188 72.17632293701172 
100.93030548095703 85.06227111816406 90.02130889892578 90.08924865722656 86.90531158447266 90.98515319824219 89.05951690673828 88.9776611328125 
74.45763397216797 75.45916748046875 73.6627197265625 73.72390747070312 72.05439758300781 73.68768310546875 73.92733001708984 73.15241241455078 
99.55648040771484 87.5638427734375 86.06854248046875 90.07923126220703 89.40262603759766 89.62540435791016 90.52486419677734 89.55570983886719 
72.84076690673828 72.55072021484375 74.5343017578125 74.106689453125 73.8776626586914 73.80038452148438 76.88735961914062 73.668701171875 
113.17417907714844 88.42671966552734 87.8826904296875 89.39981079101562 88.63833618164062 90.33795166015625 89.09398651123047 88.97811126708984 
73.04083251953125 72.73145294189453 74.4260482788086 74.01734161376953 72.40153503417969 73.27977752685547 75.07494354248047 74.1698226928711 
99.97977447509766 88.99158477783203 89.40118408203125 86.7729263305664 87.68009948730469 91.20166778564453 90.829345703125 88.55705261230469 
74.03865814208984 72.28880310058594 72.63314819335938 70.657470703125 72.25619506835938 72.2911376953125 73.32422637939453 74.04783630371094 
99.5759048461914 90.01725006103516 88.70406341552734 88.42467498779297 87.57078552246094 90.14822387695312 88.6496353149414 89.55538940429688 
72.51776123046875 73.09705352783203 73.03340911865234 74.56800079345703 72.24646759033203 73.39398193359375 75.89647674560547 74.9329605102539 
101.99712371826172 88.99411010742188 89.27289581298828 88.57382202148438 87.06400299072266 89.22236633300781 88.46790313720703 89.16265869140625 
73.91935729980469 72.10150146484375 72.51615905761719 74.13715362548828 74.24873352050781 74.13279724121094 72.55779266357422 73.4333724975586 
99.64502716064453 88.10182189941406 87.6836166381836 87.98297882080078 88.66560363769531 90.41056060791016 90.01766204833984 89.13478088378906 
74.10688018798828 72.2984619140625 72.7509765625 73.33424377441406 73.69961547851562 73.23881530761719 72.24332427978516 72.60553741455078 
104.72358703613281 92.33148956298828 86.987548828125 88.52342224121094 90.12556457519531 87.3785629272461 88.67033386230469 90.76777648925781 
72.46784210205078 71.9533462524414 72.51644897460938 74.17427062988281 72.1312026977539 73.6744613647461 71.92876434326172 74.33712005615234 
105.64739227294922 90.0788803100586 90.46761322021484 86.20550537109375 86.5808334350586 91.572509765625 88.68515014648438 85.10505676269531 
60.59715270996094 56.89632034301758 56.90998458862305 57.44790267944336 57.21023941040039 57.892704010009766 58.561790466308594 58.75040054321289 
73.6269760131836 76.50303649902344 74.49017333984375 74.7740478515625 77.72681427001953 75.9467544555664 75.53660583496094 78.14835357666016 
59.78822326660156 58.89052963256836 58.24726486206055 57.212608337402344 57.00172805786133 56.959999084472656 57.2737922668457 57.83670425415039 
76.49017333984375 78.47369384765625 75.3556137084961 75.41187286376953 75.2252197265625 75.57401275634766 77.2834243774414 74.665283203125 
59.87913513183594 57.04182434082031 54.66886520385742 57.457950592041016 57.25580978393555 56.47715377807617 57.594207763671875 57.18431854248047 
74.53376007080078 74.95228576660156 76.93382263183594 75.16547393798828 75.97769927978516 77.85250854492188 76.93299102783203 78.2847671508789 
58.25603103637695 55.36928176879883 57.60755157470703 56.09427261352539 56.58937454223633 57.56819152832031 57.90358352661133 55.95945739746094 
75.41283416748047 74.52105712890625 76.31571197509766 73.52489471435547 75.6694107055664 77.30854034423828 76.24195098876953 73.75392150878906 
58.08921432495117 57.53472137451172 57.01116943359375 57.10102462768555 57.85808181762695 57.668033599853516 58.14460754394531 58.401729583740234 
74.582275390625 75.89164733886719 76.55734252929688 76.38880157470703 74.85606384277344 75.48854064941406 76.09808349609375 75.34249877929688 
58.03343963623047 57.46886444091797 57.762977600097656 55.184959411621094 57.742977142333984 59.58006286621094 58.086143493652344 58.8785285949707 
76.312255859375 76.33312225341797 75.87062072753906 74.97599792480469 75.7490234375 75.33606719970703 77.64803314208984 76.08118438720703 
59.83283233642578 57.26057434082031 58.98112106323242 58.22560119628906 58.60086441040039 57.74806213378906 56.984256744384766 57.228065490722656 
74.69465637207031 76.57030487060547 74.58573150634766 77.51641845703125 74.0467529296875 75.75202941894531 77.74781036376953 74.5726089477539 
59.97340774536133 58.14988708496094 57.557823181152344 57.8106575012207 56.833984375 57.5797119140625 57.773216247558594 57.70550537109375 
75.56893157958984 75.96137237548828 74.81123352050781 77.93122863769531 75.86790466308594 78.3957748413086 74.32351684570312 75.71644592285156 
59.64633560180664 57.40915298461914 56.79359817504883 57.553279876708984 58.523681640625 58.5366096496582 58.45417785644531 57.0676155090332 
75.11036682128906 74.669921875 76.87117004394531 75.0947494506836 77.70243072509766 73.6431655883789 78.24137878417969 75.5063705444336 
59.20057678222656 55.92700958251953 57.587039947509766 56.38675308227539 57.169151306152344 57.03977584838867 57.17116928100586 57.40886306762695 
76.48400115966797 74.92867279052734 77.82733154296875 76.31187438964844 75.82393646240234 77.26838684082031 75.88652801513672 77.4366683959961 
44.84694290161133 39.48310470581055 39.54899215698242 40.98876953125 40.98476791381836 40.02867126464844 41.08342361450195 40.690433502197266 
114.4557113647461 113.48947143554688 115.64403533935547 114.53126525878906 115.35270690917969 116.56953430175781 113.63046264648438 114.7198715209961 
41.50563049316406 40.43145751953125 40.65372848510742 40.86044692993164 41.07241439819336 40.619327545166016 40.320865631103516 40.923648834228516 
114.28243255615234 111.71052551269531 116.49449920654297 113.86646270751953 114.6039047241211 115.2152328491211 116.25933074951172 116.36624145507812 
42.36211013793945 39.49436950683594 40.087646484375 40.92086410522461 40.22982406616211 40.38595199584961 40.90486526489258 40.01628875732422 
113.12652587890625 114.2880630493164 114.3326416015625 113.0663070678711 114.35311889648438 115.63382720947266 114.75279998779297 112.65055847167969 
41.4073600769043 40.97305679321289 40.98652648925781 40.97315216064453 39.91471862792969 39.596927642822266 40.70828628540039 41.399871826171875 
113.73702239990234 116.58604431152344 114.42982482910156 116.1846694946289 116.35014343261719 113.74816131591797 120.77891540527344 113.95830535888672 
42.899776458740234 39.90367889404297 41.399009704589844 40.942527770996094 40.05788803100586 41.0101432800293 41.03200149536133 40.47868728637695 
110.98188781738281 115.83612823486328 114.67417907714844 113.20460510253906 115.21731567382812 111.82498931884766 115.81404876708984 112.60111999511719 
43.316959381103516 41.22687911987305 40.41126251220703 40.29167938232422 41.395904541015625 40.97590255737305 41.146366119384766 40.8699836730957 
113.63033294677734 113.60892486572266 113.5673599243164 115.36914825439453 113.30127716064453 113.25638580322266 117.6849594116211 116.66204833984375 
41.69820785522461 39.13612747192383 41.321441650390625 40.96556854248047 40.89411163330078 40.92755126953125 40.13798522949219 40.943519592285156 
112.70089721679688 119.44866943359375 115.59788513183594 115.24518585205078 113.39724731445312 113.92454528808594 113.57759857177734 114.5976333618164 
41.95030212402344 40.89360046386719 40.91843032836914 40.028865814208984 40.63536071777344 39.81679916381836 40.82038497924805 40.704673767089844 
113.6583023071289 114.0770263671875 111.50096130371094 113.0516128540039 115.55859375 115.80445098876953 114.2488021850586 118.09766387939453 
40.72195053100586 40.94678497314453 40.750431060791016 40.261024475097656 39.891807556152344 39.616737365722656 41.04684829711914 41.39449691772461 
113.17842864990234 112.7929916381836 113.79730987548828 114.05980682373047 115.77887725830078 115.8760986328125 116.18128204345703 116.28361511230469 
41.98169708251953 41.17168045043945 41.345279693603516 40.2558708190918 40.25932693481445 39.426719665527344 41.374305725097656 41.03788757324219 
110.64832305908203 114.0000991821289 113.05638122558594 113.34646606445312 114.53231811523438 114.30307006835938 114.1825942993164 116.57337951660156 
107.90857696533203 107.66767883300781 106.84870147705078 106.41522979736328 112.61504364013672 107.552734375 107.39254760742188 107.77184295654297 
111.1138916015625 106.06444549560547 108.82742309570312 109.9716796875 107.52130889892578 109.50889587402344 107.659423828125 108.01331329345703 
105.12611389160156 108.29634857177734 106.27958679199219 106.85759735107422 109.8318099975586 107.30569458007812 107.48639678955078 107.22956848144531 
106.41011047363281 107.58134460449219 107.95391845703125 107.95164489746094 109.19340515136719 108.40322875976562 106.8598403930664 108.74995422363281 
106.2096939086914 107.9000015258789 107.17005157470703 109.23907470703125 108.38130950927734 109.04969787597656 109.10601806640625 108.01715087890625 
108.43730926513672 106.74172973632812 109.07644653320312 108.8680648803711 109.81820678710938 105.53568267822266 107.74995422363281 106.60374450683594 
105.58905792236328 112.11638641357422 107.86601257324219 107.04806518554688 107.78998565673828 107.72601318359375 108.13062286376953 109.09174346923828 
105.79759979248047 107.92841339111328 110.41935729980469 109.94812774658203 108.10940551757812 106.85411071777344 103.91468811035156 110.6773452758789 
108.69769287109375 106.31890869140625 104.693603515625 108.33523559570312 109.21097564697266 109.56175994873047 105.92733001708984 107.19222259521484 
108.6460189819336 107.81148529052734 108.38301086425781 104.984130859375 106.75398254394531 107.82809448242188 105.86723327636719 112.83251190185547 
55.126625061035156 56.180320739746094 52.28889465332031 54.25075149536133 54.843265533447266 54.036319732666016 54.03171157836914 53.77190399169922 
112.96332550048828 116.3682861328125 118.72217559814453 115.95116424560547 117.79167938232422 116.0351333618164 115.5107192993164 115.68656158447266 
55.96931076049805 53.749855041503906 53.33036804199219 53.54083251953125 55.28947067260742 54.383583068847656 55.73273468017578 55.22236633300781 
115.09107208251953 115.21334075927734 116.77705383300781 118.28860473632812 117.64323425292969 115.8904037475586 115.30364990234375 113.89961242675781 
55.78675079345703 53.043296813964844 53.47792053222656 55.36412811279297 54.4799690246582 53.90934371948242 53.02479934692383 55.1071662902832 
114.0617904663086 116.87580871582031 115.23046112060547 117.79901123046875 117.96489715576172 112.0601577758789 120.60675048828125 116.45507049560547 
56.01289749145508 51.90137481689453 54.88297653198242 54.413631439208984 55.38505554199219 55.123870849609375 54.14588928222656 55.36652755737305 
114.05101013183594 116.03369903564453 116.60499572753906 114.93869018554688 120.68294525146484 115.60041809082031 113.74671936035156 115.69459533691406 
58.75187301635742 54.69993591308594 53.76688003540039 55.47468948364258 55.28188705444336 54.031646728515625 53.86003112792969 53.95507049560547 
117.08627319335938 116.0183334350586 116.68953704833984 114.94854736328125 114.0865249633789 115.10921478271484 116.06444549560547 116.45641326904297 
55.072574615478516 52.515201568603516 54.222816467285156 55.233150482177734 54.54035186767578 54.064544677734375 54.14912033081055 52.91289520263672 
115.6200942993164 115.42969512939453 115.65372467041016 117.3957748413086 116.65641784667969 112.7891845703125 117.32054138183594 116.05677032470703 
55.741695404052734 54.2770881652832 54.386497497558594 54.90681457519531 55.2632942199707 53.91088104248047 55.87715148925781 55.32441711425781 
114.90013122558594 119.85404968261719 116.0564193725586 117.2890853881836 115.88038635253906 116.69190216064453 117.00713348388672 120.69554901123047 
55.3243522644043 54.069664001464844 53.509056091308594 55.94131088256836 55.31497573852539 54.80464172363281 55.375999450683594 54.251007080078125 
114.75039672851562 116.78803253173828 117.63600158691406 113.18621063232422 119.73375701904297 115.03443145751953 112.37356567382812 117.64320373535156 
56.146976470947266 54.219329833984375 54.89235305786133 52.422271728515625 55.507137298583984 54.803680419921875 54.366943359375 54.03916931152344 
115.31766510009766 111.65628814697266 118.96281433105469 116.5860824584961 115.39584350585938 119.46476745605469 114.8851547241211 117.66162872314453 
57.65692901611328 53.6429443359375 54.3006706237793 53.93267059326172 54.62131118774414 55.63347244262695 55.35337448120117 55.056800842285156 
113.70726776123047 113.64534759521484 114.42192077636719 117.50003051757812 114.78489685058594 116.5093765258789 117.77718353271484 114.05331420898438 
109.29596710205078 112.81129455566406 112.83869171142578 112.53177642822266 112.9158706665039 115.6503677368164 111.392578125 112.54009246826172 
111.6530532836914 115.34803009033203 113.19747161865234 114.60185241699219 117.55693054199219 114.21794891357422 112.29312133789062 111.6048355102539 
112.15245056152344 117.1270751953125 112.3730239868164 113.13238525390625 114.51427459716797 112.6242904663086 119.01913452148438 112.49267578125 
111.74358367919922 111.904541015625 112.4332504272461 113.37104034423828 115.93417358398438 114.58799743652344 112.3287353515625 113.8583984375 
113.65151977539062 114.32444763183594 116.18739318847656 113.89328002929688 115.94316864013672 119.35810852050781 110.44409942626953 112.14985656738281 
114.10368347167969 112.07727813720703 114.66012573242188 112.39580535888672 115.88412475585938 115.3038101196289 111.34185791015625 114.08927917480469 
111.73680114746094 112.59843444824219 112.56873321533203 112.92249298095703 115.04255676269531 114.08892822265625 110.12329864501953 112.84265899658203 
113.46310424804688 114.2861099243164 111.3697280883789 113.23407745361328 114.09600067138672 114.24585723876953 111.96492767333984 112.41216278076172 
113.75273895263672 113.25020599365234 113.3880615234375 115.33491516113281 118.2011489868164 115.06851196289062 112.51068878173828 114.23046112060547 
112.21238708496094 113.20623779296875 113.23388671875 114.09577941894531 114.81494140625 113.30178833007812 113.53884887695312 113.44707489013672 
61.12771224975586 59.89971160888672 59.83027267456055 58.775169372558594 59.96636962890625 58.42063903808594 59.553279876708984 59.16048049926758 
59.24256134033203 59.312896728515625 58.93743896484375 58.575103759765625 59.028289794921875 58.24006271362305 60.216766357421875 58.79808044433594 
59.79091262817383 59.4532470703125 58.41398239135742 59.29801559448242 59.74086380004883 59.01353454589844 59.90095901489258 58.719390869140625 
59.39814376831055 58.443809509277344 59.08924865722656 59.741825103759766 58.78236770629883 59.73289489746094 59.588417053222656 59.191871643066406 
60.0654411315918 58.70479965209961 59.59142303466797 59.5206413269043 58.70841598510742 59.70457458496094 60.0689582824707 59.664737701416016 
58.99385452270508 58.698177337646484 58.805118560791016 59.39884948730469 59.671775817871094 58.75881576538086 60.41584014892578 58.23593521118164 
58.36431884765625 58.26428985595703 59.99760055541992 58.603233337402344 59.647647857666016 59.20707321166992 57.64591979980469 59.53449630737305 
60.06630325317383 58.777217864990234 59.51494216918945 60.07299041748047 58.505950927734375 59.456031799316406 58.919551849365234 58.77436828613281 
58.1616325378418 60.25990295410156 57.870113372802734 59.50726318359375 59.39487838745117 58.69366455078125 59.62886428833008 58.91270446777344 
60.365726470947266 59.516639709472656 58.731327056884766 58.595455169677734 59.23708724975586 59.574462890625 59.7696647644043 57.77107238769531 
59.81296157836914 58.7957763671875 62.20131301879883 59.790401458740234 60.62838363647461 60.78153610229492 59.227359771728516 60.66969680786133 
58.58220672607422 59.714176177978516 61.1005744934082 59.141536712646484 60.271297454833984 59.164127349853516 59.64451217651367 61.974945068359375 
59.691776275634766 58.77228927612305 60.9659538269043 60.465087890625 59.529598236083984 61.32147216796875 59.50873565673828 60.9600944519043 
58.89712142944336 60.2437744140625 60.292030334472656 60.41312026977539 61.08243179321289 59.283199310302734 61.62758255004883 58.62761688232422 
58.8271369934082 60.00697708129883 61.121055603027344 59.94905471801758 61.17238235473633 58.9925422668457 60.7691535949707 60.37580871582031 
58.59590530395508 60.2259521484375 58.60233688354492 59.490142822265625 60.42755126953125 60.0733757019043 59.785377502441406 61.17184066772461 
60.052799224853516 60.876129150390625 60.63385772705078 60.76860809326172 58.40460968017578 60.54240036010742 60.97529602050781 60.16815948486328 
59.586910247802734 61.34406280517578 58.87446212768555 59.52604675292969 60.73020935058594 59.39865493774414 60.90563201904297 57.86540985107422 
59.76416015625 62.095455169677734 59.3487663269043 61.11587142944336 60.03443145751953 60.646270751953125 61.1769905090332 59.65929412841797 
59.1962890625 61.173343658447266 59.5994873046875 60.12860870361328 61.30992126464844 59.37491226196289 61.59526443481445 59.81625747680664 
48.239166259765625 48.14387130737305 48.31340789794922 47.55388641357422 48.23984146118164 47.3364143371582 49.00019073486328 47.11382293701172 
48.744544982910156 47.8502082824707 48.5621452331543 47.228031158447266 48.76383972167969 48.41952133178711 47.03046417236328 50.102142333984375 
47.63792037963867 48.6453742980957 47.59539031982422 48.65046310424805 48.239776611328125 47.099456787109375 48.91059112548828 47.65235137939453 
48.77356719970703 47.27983856201172 48.21593475341797 47.52694320678711 48.424415588378906 46.345985412597656 49.15913772583008 48.9068489074707 
48.31884765625 48.088993072509766 48.82735824584961 48.88742446899414 47.3230094909668 48.04515075683594 47.48313522338867 49.54905700683594 
48.751583099365234 47.79276657104492 47.452449798583984 48.2367057800293 48.24003219604492 48.68745422363281 48.270145416259766 49.01055908203125 
47.430240631103516 48.64223861694336 48.14995193481445 47.8421745300293 48.392478942871094 47.820289611816406 49.3553581237793 47.41475296020508 
48.987552642822266 47.196414947509766 48.77142333984375 47.836158752441406 48.78745651245117 48.422176361083984 47.81187057495117 49.20284652709961 
48.50252914428711 48.4813117980957 47.5843505859375 49.48348617553711 47.37388610839844 48.72265625 48.104896545410156 48.32252883911133 
50.61174392700195 48.87033462524414 47.1514892578125 47.9725456237793 47.404640197753906 48.37919998168945 47.97875213623047 48.75347137451172 
53.16227340698242 51.12220764160156 52.1376953125 50.94623947143555 50.12857437133789 52.684383392333984 51.50204849243164 50.412288665771484 
67.86188507080078 65.85833740234375 65.44483184814453 66.89555358886719 66.5654067993164 63.560447692871094 67.29456329345703 66.54147338867188 
52.18547058105469 50.59529495239258 50.810367584228516 50.46012878417969 51.95030212402344 50.42870330810547 50.67158508300781 51.66963195800781 
68.5713882446289 65.90204620361328 67.48707580566406 66.2468490600586 67.00287628173828 67.81881713867188 67.52460479736328 66.37757110595703 
52.93852615356445 49.98521423339844 51.911231994628906 50.26732635498047 50.38079833984375 52.29587173461914 51.44166564941406 50.646305084228516 
67.28131103515625 65.63996887207031 66.99254608154297 65.74800109863281 69.0730209350586 67.7050552368164 67.37088012695312 65.66393280029297 
54.90787124633789 50.814430236816406 50.456417083740234 51.95017623901367 50.61859130859375 50.05545425415039 51.661441802978516 51.608863830566406 
68.25965118408203 65.65869140625 64.63875579833984 66.55670166015625 66.07801818847656 66.23910522460938 68.39993286132812 67.93289947509766 
52.991905212402344 49.77961730957031 51.979007720947266 51.080894470214844 50.06332778930664 49.785118103027344 49.682334899902344 51.294593811035156 
67.70365142822266 63.23583984375 65.21868896484375 66.51312255859375 66.76563262939453 65.69676971435547 67.7594223022461 68.62089538574219 
54.06643295288086 50.09699249267578 50.736671447753906 52.227073669433594 50.96966552734375 50.7061767578125 51.97663879394531 51.41676712036133 
67.87283325195312 66.76461029052734 66.81430053710938 67.39520263671875 68.38272094726562 63.98393630981445 65.77597045898438 66.22233581542969 
54.218624114990234 50.2624626159668 52.69145584106445 51.46793746948242 50.22099304199219 50.52374267578125 49.809120178222656 50.61836624145508 
69.1112289428711 64.96265411376953 66.20480346679688 66.88098907470703 68.11449432373047 67.61222076416016 66.4382095336914 63.85862350463867 
53.17424011230469 50.68191909790039 50.6776008605957 50.931678771972656 52.04732894897461 51.15679931640625 50.64191818237305 52.159454345703125 
67.56511688232422 67.48623657226562 66.31053161621094 66.40048217773438 68.31804656982422 68.7425308227539 66.61456298828125 65.42166137695312 
53.78598403930664 50.023616790771484 50.760833740234375 51.087135314941406 49.85286331176758 51.916831970214844 49.75164794921875 50.46937561035156 
67.19657897949219 68.04083251953125 67.7347183227539 66.09737396240234 66.39769744873047 67.53791809082031 67.83455657958984 66.70230102539062 
54.75193786621094 50.55817413330078 50.48060989379883 50.424415588378906 50.89836883544922 51.081729888916016 52.033023834228516 50.61296081542969 
68.90531158447266 66.42972564697266 67.38182067871094 67.81769561767578 69.75686645507812 67.29241943359375 67.06352233886719 66.06492614746094 
42.190494537353516 40.02796936035156 39.55807876586914 39.43116760253906 39.753662109375 39.70905685424805 39.17824172973633 39.24211120605469 
106.42153930664062 105.94831848144531 106.74524688720703 106.36659240722656 105.52063751220703 106.11100769042969 107.23334503173828 110.31446075439453 
41.31916809082031 40.78822326660156 40.630462646484375 40.7081298828125 39.21392059326172 40.67561721801758 39.41961669921875 40.78915023803711 
106.91120147705078 104.83897399902344 109.8024673461914 107.18978881835938 111.4233627319336 107.54940795898438 107.13999938964844 108.64495849609375 
42.10505676269531 40.54121780395508 40.74262237548828 40.62361526489258 40.05392074584961 40.68230438232422 39.069217681884766 40.739776611328125 
106.34259033203125 108.20297241210938 107.3220443725586 105.81916809082031 103.61459350585938 106.97309112548828 107.57465362548828 106.72112274169922 
41.08399963378906 39.4510383605957 39.10790252685547 39.676353454589844 40.02864074707031 39.20364761352539 38.84473419189453 40.262142181396484 
108.28530883789062 104.17625427246094 109.16710662841797 106.28038024902344 106.18739318847656 105.49343872070312 112.21775817871094 107.34134674072266 
41.07049560546875 38.740543365478516 39.537471771240234 39.88854217529297 40.02867126464844 39.827232360839844 38.77318572998047 40.59638214111328 
105.89625549316406 109.26403045654297 106.7479019165039 105.62726593017578 106.60348510742188 105.89129638671875 109.106689453125 106.6932144165039 
41.76780700683594 39.69375991821289 40.02492904663086 39.79033660888672 39.90358352661133 39.811649322509766 39.505184173583984 39.110816955566406 
107.619873046875 106.83443450927734 109.08207702636719 108.87171173095703 106.70162963867188 107.6397476196289 107.26742553710938 106.71014404296875 
41.704959869384766 39.98543930053711 40.09270477294922 39.90822219848633 40.209312438964844 39.907169342041016 40.16038513183594 40.253631591796875 
106.47634887695312 105.461181640625 106.64918518066406 108.0311050415039 107.84044647216797 108.36723327636719 107.03008270263672 109.39842987060547 
43.37648010253906 39.860321044921875 39.53558349609375 40.507328033447266 40.34815979003906 40.25619125366211 40.34479904174805 39.97024154663086 
108.03939056396484 106.3749771118164 110.31209564208984 108.57081604003906 106.41836547851562 111.41830444335938 107.1046371459961 106.46550750732422 
43.45695877075195 39.79475021362305 40.25993728637695 40.79340744018555 39.94646453857422 40.81808090209961 40.72089767456055 40.85184097290039 
105.22844696044922 107.50640106201172 107.17193603515625 106.44332885742188 107.46710205078125 107.6220474243164 109.03497314453125 106.41907501220703 
44.28470230102539 38.835777282714844 38.53644943237305 40.24428939819336 39.85590362548828 40.32057571411133 39.722015380859375 40.72697448730469 
108.22547149658203 106.0390396118164 109.56339263916016 109.07158660888672 107.1404800415039 108.17910766601562 107.64492797851562 107.07379150390625 
89.71798706054688 93.77308654785156 89.96022033691406 90.37615966796875 90.87564849853516 90.99286651611328 89.96598052978516 92.62592315673828 
88.85411071777344 90.3788833618164 93.06063842773438 90.29766082763672 91.85945892333984 90.6390380859375 93.70307159423828 88.4837417602539 
90.01936340332031 92.95426940917969 89.0785903930664 87.81193542480469 91.83734130859375 89.64800262451172 92.73779296875 89.04061126708984 
89.28582763671875 92.20735931396484 89.83795166015625 93.0350112915039 89.6905288696289 92.58399963378906 93.02627563476562 89.37222290039062 
89.02588653564453 92.75318145751953 89.12156677246094 91.00838470458984 88.87785339355469 93.14492797851562 91.36124420166016 91.07039642333984 
91.23567962646484 90.25564575195312 91.20819091796875 89.5098876953125 92.53619384765625 86.87958526611328 91.71491241455078 92.0416030883789 
89.49478149414062 90.23580932617188 91.96307373046875 90.18624114990234 89.60176086425781 87.993408203125 93.67382049560547 90.59241485595703 
90.87468719482422 89.57734680175781 87.50345611572266 91.24774169921875 92.02777862548828 90.85238647460938 90.05926513671875 91.93526458740234 
90.66000366210938 92.13314819335938 90.75990295410156 92.26614379882812 88.76914978027344 88.82185363769531 93.30143737792969 89.66671752929688 
89.91069030761719 93.27811431884766 89.53520202636719 87.34483337402344 90.21743774414062 93.33817291259766 90.52642822265625 91.70416259765625 
42.65580749511719 41.8721923828125 41.80051040649414 42.53091049194336 42.71833419799805 43.17113494873047 42.63151931762695 41.66128158569336 
77.03472137451172 75.59366607666016 76.00390625 76.51113891601562 75.77603149414062 80.36803436279297 76.07453155517578 76.57347106933594 
42.96412658691406 41.42854309082031 41.850433349609375 42.46332931518555 43.00851058959961 42.796993255615234 41.50358581542969 42.244895935058594 
75.5722885131836 75.91522979736328 76.33200073242188 76.49657440185547 76.08294677734375 76.83439636230469 78.1180191040039 74.3042221069336 
44.14137649536133 41.60620880126953 41.63014221191406 42.149375915527344 42.44038391113281 43.01728057861328 43.17145538330078 41.057918548583984 
76.55072021484375 75.2968978881836 74.95670318603516 76.11984252929688 76.85906982421875 78.8920669555664 77.18345642089844 79.35139465332031 
44.5296630859375 43.142337799072266 42.129600524902344 40.714752197265625 41.40351867675781 41.742366790771484 42.705345153808594 42.661502838134766 
76.56489562988281 75.56147003173828 78.50131225585938 75.49346923828125 75.47193908691406 77.15187072753906 73.24479675292969 77.05526733398438 
42.93062210083008 40.863487243652344 42.42755126953125 42.55228805541992 42.008705139160156 43.11110305786133 42.340415954589844 41.86064147949219 
77.96733093261719 75.0782699584961 76.47869110107422 75.62364959716797 77.16095733642578 78.05193328857422 76.94175720214844 77.41871643066406 
42.78083038330078 41.81951904296875 41.53539276123047 42.22022247314453 42.60121536254883 43.248512268066406 42.602081298828125 41.465728759765625 
75.0455322265625 77.90617370605469 75.15763092041016 75.710205078125 77.47830200195312 77.38982391357422 77.55635070800781 77.35868835449219 
43.73081588745117 43.09449768066406 42.39427185058594 41.52140808105469 41.93859100341797 42.021568298339844 41.92166519165039 42.472190856933594 
76.00729370117188 76.34339141845703 77.64937591552734 75.41606140136719 77.09407806396484 76.41744232177734 77.13897705078125 77.26188659667969 
46.292510986328125 42.419166564941406 41.5497932434082 41.33817672729492 41.85862350463867 41.81977462768555 42.45951843261719 43.03318405151367 
76.98035430908203 76.57276916503906 74.0909423828125 77.31846618652344 75.74822235107422 78.8288345336914 76.51689910888672 77.74297332763672 
42.876609802246094 42.513023376464844 42.41513442993164 41.85980987548828 41.7949104309082 42.49711990356445 43.29801559448242 42.683616638183594 
79.09721374511719 76.23967742919922 76.96284484863281 77.01155090332031 74.66556549072266 78.93366241455078 75.8628158569336 77.67346954345703 
43.42095947265625 42.119808197021484 42.8941764831543 42.9898567199707 41.63359832763672 41.444801330566406 42.254783630371094 42.551231384277344 
77.14595031738281 78.23583984375 77.9840316772461 74.21571350097656 75.56476593017578 77.47154998779297 75.12982177734375 78.09478759765625 
106.23881530761719 109.19487762451172 106.59305572509766 106.76681518554688 105.5802230834961 112.27410888671875 108.52674865722656 107.92691040039062 
107.61881256103516 105.35616302490234 109.2240982055664 107.12166595458984 109.15184020996094 107.07459259033203 108.78524780273438 110.9859848022461 
106.51718139648438 109.25737762451172 105.65318298339844 108.89132690429688 106.89148712158203 109.34998321533203 105.64649963378906 108.18284606933594 
108.08204650878906 107.22531127929688 106.99523162841797 107.32608032226562 109.59235382080078 107.5269775390625 107.83203125 108.04399871826172 
106.39529418945312 109.25360107421875 106.52166748046875 110.31263732910156 106.78182220458984 108.53247833251953 112.11433410644531 107.7352294921875 
106.87379455566406 106.0750732421875 107.64694213867188 104.87923431396484 106.70735931396484 108.05340576171875 108.63401794433594 109.71593475341797 
106.28546905517578 106.12159729003906 106.6388168334961 112.46415710449219 107.37782287597656 107.89625549316406 107.49091339111328 107.11551666259766 
108.08191680908203 105.87673950195312 106.14966583251953 108.25164794921875 107.44710540771484 108.94937896728516 106.32978820800781 109.10969543457031 
104.3088607788086 107.48896026611328 105.22201538085938 109.27999877929688 108.11881256103516 110.15184020996094 105.86895751953125 107.94038391113281 
107.4525146484375 106.42150115966797 107.94390106201172 107.18208312988281 107.13478088378906 108.08914947509766 106.49056243896484 107.67603302001953 
36.68511962890625 35.185184478759766 34.64748764038086 35.36483383178711 35.394081115722656 35.2751350402832 35.14457702636719 35.555904388427734 
36.11945724487305 35.195072174072266 35.58310317993164 35.16313552856445 35.78732681274414 35.25468826293945 34.796993255615234 34.92531204223633 
37.772640228271484 34.692543029785156 35.37763214111328 35.758270263671875 35.063262939453125 35.68764877319336 35.50630569458008 35.38604736328125 
36.624351501464844 34.81001663208008 35.0863037109375 34.928863525390625 35.65900802612305 34.689247131347656 35.42710494995117 35.48758316040039 
40.393150329589844 34.48662567138672 35.275550842285156 34.89494323730469 35.572513580322266 35.298465728759766 35.01852798461914 34.90198516845703 
35.537567138671875 35.07183837890625 34.67251205444336 35.50236892700195 35.409088134765625 35.34143829345703 35.28239822387695 35.791168212890625 
36.725982666015625 35.12351989746094 35.317535400390625 35.56294250488281 35.82502365112305 35.303585052490234 35.17084884643555 35.516990661621094 
36.787166595458984 35.16096115112305 35.17747116088867 35.537696838378906 35.24105453491211 35.345279693603516 35.51542282104492 35.67737579345703 
35.472511291503906 34.500160217285156 35.15711975097656 34.825439453125 35.179840087890625 34.849342346191406 35.32304000854492 35.225791931152344 
39.15059280395508 35.16035079956055 34.6835823059082 35.307647705078125 35.70780944824219 34.931583404541016 35.176673889160156 34.8873291015625 
71.54569244384766 70.01609802246094 71.40489959716797 72.13299560546875 72.49212646484375 72.05699157714844 71.5014419555664 72.3078384399414 
71.76844787597656 69.44000244140625 72.8219223022461 71.60761260986328 71.31673431396484 71.38854217529297 70.94547271728516 70.91702270507812 
70.63260650634766 69.447265625 69.87811279296875 69.77247619628906 69.6622085571289 70.29670715332031 69.6371841430664 70.58297729492188 
71.63664245605469 71.56259155273438 71.15679931640625 71.2456283569336 71.06153869628906 71.02995300292969 70.73401641845703 70.96934509277344 
70.50105285644531 71.20697784423828 71.0797119140625 70.6371841430664 69.5672607421875 71.02973175048828 68.45235443115234 71.5580825805664 
70.89276885986328 69.6137924194336 70.31820678710938 69.96749114990234 70.03167724609375 70.49625396728516 70.33971405029297 70.7952651977539 
71.12470245361328 70.5946273803711 70.8809585571289 70.83948516845703 71.10479736328125 68.0927963256836 71.4964828491211 71.17906951904297 
71.83602905273438 71.41500854492188 70.99884796142578 71.04137420654297 71.36239624023438 71.28438568115234 70.6488037109375 71.08493041992188 
70.78864288330078 70.22566223144531 69.68924713134766 70.3095703125 70.60527801513672 70.40745544433594 69.63398742675781 71.52591705322266 
72.96185302734375 72.83795166015625 73.22630310058594 72.24063873291016 71.52540588378906 71.74992370605469 69.81123352050781 72.03446197509766 
47.06643295288086 45.72937774658203 45.83660888671875 44.8704948425293 45.22652816772461 46.17609786987305 44.9400634765625 45.133121490478516 
68.48246765136719 67.17961883544922 69.45391845703125 67.86975860595703 68.36553955078125 68.30435180664062 67.28553771972656 68.21968078613281 
47.5860481262207 44.725311279296875 44.752960205078125 44.90339279174805 44.90755081176758 46.1874885559082 45.38876724243164 44.985313415527344 
68.6082534790039 69.48716735839844 68.93875122070312 69.92288208007812 70.42160034179688 70.24038696289062 71.4623031616211 70.66006469726562 
46.5478401184082 44.665409088134766 44.68345642089844 45.964447021484375 45.21500778198242 44.659358978271484 45.22188949584961 44.80604934692383 
69.31779479980469 69.17161560058594 65.28460693359375 68.885986328125 65.55766296386719 67.67011260986328 67.63081359863281 65.79519653320312 
46.287967681884766 45.908321380615234 45.012577056884766 45.05583953857422 45.28684616088867 46.004478454589844 44.94502258300781 44.94374465942383 
68.70269012451172 68.47590637207031 69.4521255493164 69.23779296875 69.4644775390625 68.22553253173828 68.77484893798828 67.59891510009766 
49.894622802734375 44.797630310058594 44.95561599731445 44.765953063964844 43.757057189941406 46.07689666748047 45.60755157470703 45.130401611328125 
69.74845123291016 69.19116973876953 70.47388458251953 70.19801330566406 71.56460571289062 69.54316711425781 69.68252563476562 70.18553924560547 
47.056575775146484 45.75484848022461 45.73206329345703 44.757728576660156 45.60940933227539 46.15964889526367 44.54460906982422 45.045440673828125 
68.25599670410156 66.60633850097656 69.48992156982422 69.2624282836914 69.06681823730469 67.59232330322266 67.26751708984375 68.67906951904297 
48.25948715209961 45.49603271484375 45.029598236083984 45.57555389404297 45.88595199584961 45.189727783203125 45.57516860961914 46.168670654296875 
69.83340454101562 69.06950378417969 70.2143325805664 67.04557037353516 69.41840362548828 68.07158660888672 67.50879669189453 68.5799331665039 
45.3158073425293 44.722591400146484 46.20694351196289 45.347904205322266 44.93609619140625 45.75241470336914 45.91737747192383 44.88166427612305 
70.40985870361328 65.04742431640625 67.19884490966797 68.39379119873047 67.84489440917969 68.43484497070312 67.0032958984375 67.98365020751953 
48.1572151184082 44.34534454345703 44.945919036865234 45.754974365234375 44.55033493041992 45.08918380737305 44.87071990966797 44.95612716674805 
68.75494384765625 67.22787475585938 70.12992095947266 69.28291320800781 69.94166564941406 68.90345764160156 70.52272033691406 69.81206512451172 
46.214942932128906 46.14588928222656 44.56758499145508 44.777854919433594 45.34620666503906 44.833343505859375 44.64531326293945 45.21452713012695 
70.0564193725586 68.6362533569336 66.07987213134766 67.29923248291016 68.9598388671875 69.01103973388672 69.15404510498047 69.00774383544922 
67.51583862304688 68.58850860595703 67.88086700439453 68.90691375732422 68.87999725341797 68.30147552490234 68.06524658203125 68.06803131103516 
68.3150405883789 65.91069030761719 67.19888305664062 66.54544067382812 67.28749084472656 67.47209930419922 67.85088348388672 68.8658218383789 
66.4999008178711 66.78463745117188 66.7135009765625 66.77993774414062 67.05430603027344 66.11734771728516 67.35254669189453 68.25113677978516 
67.51884460449219 68.77689361572266 67.2988510131836 67.77852630615234 67.80643463134766 67.98812866210938 67.64259338378906 67.73942565917969 
67.23040008544922 67.27228546142578 67.60140991210938 67.94771575927734 67.24626922607422 67.97052764892578 66.74195098876953 69.3223648071289 
68.4618911743164 67.48623657226562 68.29926300048828 68.81318664550781 68.17523193359375 68.40608215332031 67.7892837524414 67.32425689697266 
68.48457336425781 66.47647857666016 68.12051391601562 66.52931213378906 67.85724639892578 67.81938934326172 67.82150268554688 69.9846420288086 
68.1174087524414 68.635009765625 68.44166564941406 67.3936996459961 68.84127807617188 67.31350708007812 68.06018829345703 70.66223907470703 
68.0031967163086 67.9518051147461 66.6692123413086 68.4221420288086 67.0156478881836 67.70146942138672 68.20796966552734 71.97679901123047 
67.46511840820312 68.5134048461914 68.45516967773438 67.67913818359375 65.84607696533203 68.3682861328125 68.13753509521484 68.26451110839844 
76.2317123413086 75.61129760742188 72.90140533447266 76.81970977783203 73.79254150390625 76.73587036132812 75.77747344970703 75.99212646484375 
114.9579849243164 86.68678283691406 86.88566589355469 85.24105834960938 84.18121337890625 88.13970947265625 87.51078033447266 85.51897430419922 
77.17120361328125 75.77804565429688 76.03663635253906 77.63958740234375 76.3611831665039 78.79888153076172 75.83942413330078 76.63334655761719 
106.56578826904297 86.18243408203125 84.07078552246094 85.5317153930664 86.10733032226562 91.60163116455078 85.41958618164062 86.59219360351562 
76.70976257324219 75.35785675048828 77.0030746459961 76.9843521118164 76.94367980957031 76.17826843261719 77.56092834472656 75.8921890258789 
105.75110626220703 87.27247619628906 89.98381042480469 84.72195434570312 85.66876983642578 85.65647888183594 85.13996887207031 85.96329498291016 
76.92134094238281 76.27244567871094 74.0137939453125 74.58633422851562 77.41104125976562 76.00482940673828 77.08841705322266 75.90563201904297 
107.2198715209961 85.11225891113281 84.9046401977539 86.43638610839844 85.6363525390625 87.92176055908203 88.45289611816406 86.3812484741211 
77.2511978149414 75.17021179199219 76.03459167480469 75.22473907470703 77.25923156738281 76.11923217773438 78.99382019042969 75.80723571777344 
114.26236724853516 86.13935852050781 86.70317077636719 88.08509063720703 86.86064147949219 85.8703384399414 84.64611053466797 83.98870086669922 
76.30242919921875 73.66470336914062 76.47103881835938 75.57798767089844 75.32479858398438 77.66336059570312 74.47318267822266 80.38406372070312 
106.0044174194336 86.09555053710938 88.42201232910156 85.3779525756836 85.2922592163086 87.03199768066406 86.33424377441406 85.31378936767578 
76.70626831054688 74.34307098388672 76.60829162597656 76.79676818847656 75.41241455078125 77.54054260253906 75.47500610351562 78.2327651977539 
104.24668884277344 87.3229751586914 84.72563171386719 87.06918334960938 85.92896270751953 86.27938842773438 84.41395568847656 85.48230743408203 
76.68355560302734 76.72358703613281 77.35174560546875 75.41487884521484 77.20591735839844 75.83305358886719 80.09584045410156 75.86566162109375 
103.90505981445312 85.27155303955078 85.39673614501953 86.38130950927734 87.67894744873047 86.11660766601562 87.55955505371094 85.2609634399414 
76.1698226928711 76.18592071533203 77.9435806274414 75.41673278808594 79.22418975830078 75.59446716308594 76.36985778808594 73.61849975585938 
107.00495910644531 85.4793930053711 83.74278259277344 85.60012817382812 86.94236755371094 87.11280059814453 85.36131286621094 85.74639892578125 
76.24838256835938 73.13164520263672 76.48204803466797 75.33638763427734 77.06285095214844 75.94889831542969 77.07683563232422 76.6866226196289 
106.45645141601562 88.13568115234375 86.68319702148438 88.1710433959961 85.05462646484375 88.63712310791016 85.67308807373047 85.24806213378906 
95.91337585449219 94.4200668334961 94.16060638427734 93.69635009765625 94.36713409423828 96.77104187011719 91.9381103515625 94.89385223388672 
93.01602935791016 95.90354919433594 93.3713607788086 92.2699203491211 95.13247680664062 93.5997085571289 94.78717041015625 94.69769287109375 
93.720703125 93.92960357666016 96.03692626953125 92.38336181640625 95.39849853515625 94.50665283203125 93.52313232421875 94.96076965332031 
93.5263671875 93.30108642578125 95.13916778564453 94.49935913085938 92.63865661621094 96.43942260742188 95.68720245361328 92.49967956542969 
94.68412780761719 92.21517181396484 95.55625915527344 95.08448028564453 94.08598327636719 95.25730895996094 94.5149154663086 93.20182037353516 
94.27410888671875 92.89193725585938 95.03520202636719 94.49212646484375 93.57705688476562 96.58255767822266 94.4748764038086 93.2326431274414 
94.67587280273438 92.87923431396484 93.58902740478516 92.17024230957031 95.24249267578125 96.74822235107422 93.13001251220703 95.05305480957031 
92.55286407470703 95.91337585449219 93.37792205810547 91.62761688232422 93.39254760742188 93.64012908935547 96.41606140136719 93.19033813476562 
92.26668548583984 98.35011291503906 97.0594253540039 92.3196792602539 95.12242889404297 94.50956726074219 91.37648010253906 94.98271942138672 
93.7720947265625 95.74797058105469 93.8878402709961 94.43926239013672 95.10214233398438 93.44691467285156 91.42124938964844 94.27216339111328 
45.918846130371094 42.40982437133789 43.38518524169922 43.482879638671875 42.72297668457031 41.95555114746094 42.102783203125 42.67782211303711 
78.58966064453125 81.26220703125 78.0321273803711 80.58207702636719 78.70662689208984 77.12569427490234 79.66051483154297 77.35542297363281 
45.73836898803711 42.540767669677734 42.830814361572266 42.06547164916992 42.32185745239258 42.57014465332031 41.787776947021484 42.28585433959961 
79.47660827636719 75.68937683105469 79.29315185546875 78.94755554199219 79.80620574951172 79.23750305175781 78.5869140625 81.73165130615234 
43.8430061340332 42.26588821411133 42.459102630615234 42.483646392822266 42.194175720214844 41.48518371582031 43.60835266113281 43.71548843383789 
79.4098892211914 78.75430297851562 81.18067169189453 80.37184143066406 78.39055633544922 79.54041290283203 78.98566436767578 78.22982025146484 
45.64019012451172 42.42924880981445 41.56550216674805 41.585567474365234 43.51103973388672 43.48588943481445 42.75843048095703 42.20707321166992 
79.942626953125 78.62198638916016 75.963134765625 81.68720245361328 77.34617614746094 80.1328353881836 78.77542114257812 79.38774108886719 
45.72937774658203 42.620574951171875 41.75408172607422 43.526206970214844 43.44345474243164 42.507137298583984 42.320640563964844 42.32227325439453 
76.71331024169922 81.80274963378906 79.37522888183594 81.0810546875 79.3136978149414 78.48387145996094 80.48931121826172 80.09737396240234 
46.038719177246094 42.40902328491211 42.38857650756836 42.430816650390625 42.653343200683594 43.490177154541016 43.24611282348633 42.845951080322266 
80.0087661743164 76.71846771240234 79.94976043701172 79.73907470703125 79.57974243164062 80.10771179199219 77.8469467163086 78.55001831054688 
45.68841552734375 42.30729675292969 42.65971374511719 41.34864044189453 43.58015823364258 43.61983871459961 42.50515365600586 42.26358413696289 
80.77049255371094 77.7347183227539 78.11849975585938 76.053955078125 78.51042938232422 80.71100616455078 76.97516632080078 81.2143325805664 
44.70585632324219 42.40233612060547 42.39503860473633 42.449310302734375 43.540863037109375 43.292545318603516 42.3633918762207 42.05503845214844 
79.07686614990234 77.08860778808594 78.43222045898438 80.9039077758789 78.25750732421875 77.48540496826172 75.37315368652344 80.34070587158203 
46.1300163269043 42.47001647949219 43.52406311035156 42.744510650634766 42.49369430541992 41.511009216308594 42.18102264404297 42.482879638671875 
78.79484558105469 76.74393463134766 77.30323028564453 79.61990356445312 78.03679656982422 79.39305877685547 80.41327667236328 77.46163177490234 
43.536895751953125 42.46416091918945 42.564449310302734 41.681758880615234 43.34348678588867 42.164737701416016 41.243934631347656 43.724609375 
78.8050537109375 77.93363189697266 77.74816131591797 77.64717102050781 78.18761444091797 79.5373764038086 77.87315368652344 79.90156555175781 
64.33968353271484 64.45938873291016 62.68096160888672 65.40624237060547 63.05868911743164 64.35286712646484 63.469825744628906 60.50035095214844 
86.97586822509766 84.08787536621094 86.28681945800781 86.18246459960938 84.71577453613281 85.57933044433594 85.04617309570312 85.5346908569336 
65.14371490478516 60.66896057128906 63.12607955932617 63.52399826049805 64.21734619140625 65.80374145507812 63.18544006347656 62.06230545043945 
83.61798095703125 84.41494750976562 85.99247741699219 85.35340881347656 84.74569702148438 85.06079864501953 84.45539093017578 85.88499450683594 
63.49747085571289 61.2092170715332 62.325504302978516 65.8384017944336 62.267425537109375 64.26595306396484 63.31132888793945 63.365440368652344 
85.44671630859375 85.55260467529297 84.28924560546875 86.38768005371094 87.45772552490234 85.64585876464844 86.24614715576172 85.56854248046875 
64.62166595458984 62.564414978027344 64.40025329589844 63.37583923339844 62.93280029296875 63.41289520263672 62.72224044799805 62.72953414916992 
84.58255767822266 85.75270080566406 85.94969940185547 85.48646545410156 85.29357147216797 85.31353759765625 84.615234375 84.9144287109375 
65.25113677978516 62.83433532714844 65.81120300292969 63.735809326171875 63.604190826416016 62.15321731567383 63.20329666137695 64.39971160888672 
85.68598175048828 86.97615814208984 87.41600036621094 82.79039764404297 85.88227081298828 86.8683853149414 84.97014617919922 88.10511779785156 
63.963966369628906 64.50157165527344 60.44230270385742 63.05238342285156 62.964542388916016 65.68502044677734 63.99795150756836 63.85603332519531 
86.25027465820312 86.2577896118164 85.40239715576172 83.76732635498047 85.65376281738281 86.62374114990234 85.27948760986328 82.78931427001953 
65.82704162597656 62.38908767700195 65.18310546875 62.899391174316406 64.15122985839844 63.0456657409668 60.80624008178711 62.96790313720703 
84.71190643310547 84.69811248779297 84.63215637207031 86.84803009033203 85.33344268798828 84.34310150146484 85.04886627197266 84.24518585205078 
64.91776275634766 63.111263275146484 65.02649688720703 62.879520416259766 63.23571014404297 63.22633743286133 63.351776123046875 62.517982482910156 
84.45555114746094 83.44879913330078 84.53759765625 84.31855773925781 84.94579315185547 84.5700454711914 85.56781005859375 85.98969268798828 
65.5917739868164 62.10966491699219 63.19068908691406 62.11814498901367 65.28860473632812 62.787296295166016 64.53990173339844 62.82233428955078 
83.46227264404297 84.75279998779297 84.66352081298828 83.64710235595703 84.03593444824219 84.80684661865234 85.23763275146484 85.94979095458984 
64.88809967041016 61.99078369140625 63.412353515625 64.33692932128906 61.9571533203125 62.03731155395508 63.52387237548828 64.13833618164062 
84.05072021484375 83.86422729492188 83.9434585571289 85.25811004638672 86.15315246582031 84.66512298583984 84.65443420410156 85.39376068115234 
43.04412841796875 40.63417434692383 40.01030349731445 40.592960357666016 40.77302551269531 40.69260787963867 40.2347526550293 40.21392059326172 
66.53453063964844 63.53740692138672 65.07609558105469 65.59171295166016 63.28799819946289 66.35088348388672 64.25094604492188 62.476478576660156 
43.39702224731445 40.1962890625 40.19219207763672 39.58019256591797 41.1563835144043 41.1231689453125 41.25980758666992 40.26569747924805 
66.78134155273438 63.727264404296875 66.64857482910156 63.01264190673828 63.60105514526367 65.7212142944336 64.14502716064453 64.19110107421875 
41.431617736816406 40.30003356933594 40.422943115234375 40.69475173950195 40.93449783325195 40.05731201171875 40.45753479003906 40.36470413208008 
66.53257751464844 65.034912109375 63.170143127441406 65.46377563476562 63.890560150146484 63.685054779052734 64.35107421875 64.1304931640625 
42.558528900146484 39.76038360595703 40.762977600097656 41.01225662231445 40.99078369140625 40.77801513671875 39.96464157104492 41.01484680175781 
65.75727844238281 63.59382247924805 66.04930877685547 61.089439392089844 63.79724884033203 64.9609603881836 63.8966064453125 66.63504028320312 
45.09715270996094 39.988990783691406 39.782081604003906 39.77241516113281 40.2729606628418 40.43113708496094 40.58313751220703 40.48057556152344 
65.31715393066406 64.54185485839844 62.078304290771484 63.87238311767578 62.81964874267578 63.92975997924805 63.882591247558594 66.12413024902344 
43.14940643310547 40.908447265625 39.69353485107422 41.00569534301758 41.19686508178711 41.4719352722168 40.923519134521484 39.74607849121094 
65.23452758789062 63.778751373291016 65.88864135742188 65.6954574584961 63.45692825317383 65.57202911376953 63.71392059326172 64.46720123291016 
40.9150390625 40.492801666259766 40.62617492675781 40.459999084472656 40.980064392089844 40.55507278442383 40.45212936401367 40.397247314453125 
64.43228912353516 63.25120162963867 64.5489273071289 61.0503044128418 64.82572937011719 64.42623901367188 65.87020874023438 64.19055938720703 
40.899009704589844 41.02470397949219 40.42281723022461 40.929664611816406 40.94588851928711 41.3985595703125 40.5931510925293 40.000064849853516 
64.01651000976562 62.90678405761719 63.960960388183594 64.90873718261719 63.31926345825195 64.52729797363281 65.07865905761719 63.88355255126953 
43.647518157958984 40.609375 40.46303939819336 40.13897705078125 40.5648307800293 40.710079193115234 40.20159912109375 40.417823791503906 
67.79792022705078 62.99055862426758 64.56114959716797 65.55347442626953 63.063743591308594 65.16502380371094 63.8422737121582 64.4978256225586 
41.82134246826172 40.949214935302734 41.080223083496094 40.106849670410156 40.531742095947266 41.057857513427734 40.93190383911133 41.36956787109375 
65.75276947021484 63.29257583618164 63.68377685546875 64.46640014648438 64.63996887207031 66.24291229248047 64.16995239257812 64.00128173828125 
104.1104965209961 101.26707458496094 99.99708557128906 104.99676513671875 101.6937255859375 103.1644515991211 101.76012420654297 104.49465942382812 
101.65682983398438 101.85298919677734 100.17648315429688 100.36707305908203 104.53968048095703 102.34662628173828 104.54035186767578 101.55225372314453 
101.6566390991211 102.270751953125 104.83721923828125 103.01612854003906 105.6049575805664 103.81267547607422 104.27519989013672 102.62083435058594 
104.05852508544922 102.12537384033203 102.76710510253906 102.79068756103516 105.37967681884766 103.38495635986328 102.28374481201172 106.712158203125 
103.1075210571289 103.79894256591797 102.39167785644531 105.75398254394531 102.48767852783203 104.42806243896484 98.40354919433594 103.34809875488281 
102.65926361083984 103.14137268066406 102.08889770507812 103.49459075927734 108.37769317626953 101.65398406982422 101.96752166748047 99.79869079589844 
105.64905548095703 101.39421081542969 103.73017883300781 98.75373077392578 102.78771209716797 99.71804809570312 102.09075164794922 103.61315155029297 
102.53286743164062 102.552001953125 101.61929321289062 104.12115478515625 102.69136047363281 102.77056121826172 101.5030746459961 104.62713623046875 
102.90060424804688 103.21654510498047 101.35657501220703 104.16089630126953 104.1361312866211 103.2449951171875 99.74463653564453 100.14425659179688 
102.16063690185547 102.78646087646484 99.98556518554688 100.64844512939453 103.1798095703125 103.46015930175781 103.23219299316406 103.24591827392578 
57.43360137939453 57.93926239013672 56.53395080566406 56.60073471069336 55.59564971923828 56.72947311401367 57.6130256652832 56.237857818603516 
56.21366500854492 55.779937744140625 56.05315017700195 56.72332763671875 57.25894546508789 56.58793640136719 57.95123291015625 56.979583740234375 
56.47999954223633 56.5351676940918 57.86083221435547 57.26326370239258 55.580894470214844 55.97955322265625 57.28140640258789 58.799583435058594 
57.266273498535156 56.5294075012207 57.485599517822266 56.903839111328125 57.742271423339844 55.81430435180664 56.21263885498047 57.89680099487305 
57.30198287963867 56.34822463989258 56.944480895996094 56.29206466674805 57.84211349487305 56.3185920715332 55.590335845947266 57.20025634765625 
57.570430755615234 56.07948684692383 56.428863525390625 56.38915252685547 56.511966705322266 57.976097106933594 56.54240036010742 56.76252746582031 
56.38492965698242 57.07993698120117 57.30575942993164 56.4925422668457 57.60908889770508 55.59651184082031 56.136993408203125 58.138431549072266 
57.618751525878906 57.3260498046875 56.67036819458008 55.720481872558594 55.61155319213867 55.96684646606445 57.40483093261719 58.38351821899414 
56.867584228515625 55.67446517944336 54.18947219848633 55.969505310058594 57.36665725708008 57.489566802978516 57.324031829833984 57.618465423583984 
57.87152099609375 57.40399932861328 56.3875846862793 55.65577697753906 56.240478515625 57.30543899536133 57.20191955566406 58.46083068847656 
