31.251968383789062 28.097312927246094 27.607135772705078 27.106111526489258 27.92211151123047 27.68889617919922 27.425472259521484 27.301855087280273 
32.90188980102539 30.823776245117188 30.15990447998047 30.943008422851562 31.451871871948242 30.242528915405273 31.003583908081055 30.887327194213867 
30.787776947021484 27.654239654541016 27.54047966003418 27.446720123291016 27.524959564208984 27.649856567382812 27.493343353271484 27.475967407226562 
32.48121643066406 31.863935470581055 30.938560485839844 30.559551239013672 31.132543563842773 31.124448776245117 30.475200653076172 30.24198341369629 
29.05913543701172 27.393247604370117 27.38969612121582 27.483327865600586 27.620288848876953 28.00796890258789 28.2412166595459 27.96031951904297 
33.21587371826172 31.241952896118164 30.495136260986328 31.324607849121094 31.10492706298828 30.383487701416016 31.457536697387695 31.037023544311523 
29.881568908691406 27.448543548583984 27.589824676513672 28.315776824951172 27.670976638793945 27.793119430541992 27.672927856445312 27.636159896850586 
32.543617248535156 31.23084831237793 30.570207595825195 30.514015197753906 30.135967254638672 30.871519088745117 30.74345588684082 30.561504364013672 
27.61587142944336 27.528928756713867 27.644927978515625 27.657920837402344 27.46019172668457 27.523679733276367 27.737855911254883 27.672351837158203 
33.67753601074219 31.65180778503418 31.519744873046875 31.086944580078125 30.714399337768555 31.480960845947266 31.106143951416016 30.7392635345459 
31.568960189819336 27.635168075561523 27.25209617614746 27.609344482421875 27.77359962463379 27.649248123168945 27.51081657409668 27.311744689941406 
34.486175537109375 30.787296295166016 30.917856216430664 31.387935638427734 30.655872344970703 30.535327911376953 31.119359970092773 30.689056396484375 
27.957439422607422 27.920576095581055 27.59868812561035 27.579551696777344 27.17843246459961 27.457759857177734 27.53273582458496 27.468128204345703 
33.15283203125 31.13590431213379 31.02217674255371 30.582719802856445 30.72889518737793 30.222911834716797 30.275392532348633 31.149856567382812 
29.93231964111328 27.633535385131836 27.76233673095703 27.64512062072754 27.380352020263672 28.15407943725586 28.056991577148438 27.63580894470215 
33.00137710571289 31.25391960144043 30.50067138671875 30.381183624267578 30.993152618408203 30.761632919311523 30.94246482849121 31.27244758605957 
30.60851287841797 27.77168083190918 27.67852783203125 27.722976684570312 27.66716766357422 27.34547233581543 27.35215950012207 27.435583114624023 
32.72422409057617 31.14227294921875 30.360448837280273 31.04198455810547 30.9138240814209 30.69705581665039 30.756799697875977 31.420127868652344 
28.557952880859375 27.688928604125977 27.677759170532227 27.67340850830078 27.321823120117188 27.5383358001709 27.476255416870117 27.41779136657715 
34.33660888671875 30.777311325073242 31.083391189575195 31.0034236907959 30.607295989990234 31.194751739501953 30.963359832763672 30.4334716796875 
57.64339065551758 56.23267364501953 56.86857604980469 57.84761428833008 56.313377380371094 57.56476974487305 56.139583587646484 58.72470474243164 
59.19398498535156 58.03206253051758 56.51433563232422 55.83766555786133 56.98185729980469 56.96188735961914 58.61894226074219 58.16841506958008 
57.448097229003906 56.80303955078125 56.280704498291016 57.63043212890625 58.26732635498047 56.25174331665039 56.76825714111328 59.047969818115234 
58.62432098388672 56.07680130004883 57.66755294799805 58.64931106567383 57.75584030151367 56.30307388305664 57.21158218383789 58.541534423828125 
57.06159973144531 56.945377349853516 56.84912109375 57.772865295410156 58.75983810424805 57.332542419433594 56.254974365234375 57.707489013671875 
57.79510498046875 56.30332946777344 57.313087463378906 57.818111419677734 58.45987319946289 57.720481872558594 56.3026237487793 58.3372802734375 
59.029502868652344 57.236351013183594 58.09600067138672 56.59183883666992 57.452030181884766 58.67548751831055 57.214847564697266 56.91187286376953 
58.8040657043457 58.6912956237793 57.3271369934082 56.488094329833984 56.284095764160156 57.64508819580078 56.73052978515625 58.74844741821289 
57.60825729370117 58.25766372680664 57.010433197021484 56.580894470214844 57.337982177734375 58.03395080566406 57.31635284423828 56.94579315185547 
56.93987274169922 59.26931381225586 58.28169631958008 56.602622985839844 56.49311828613281 57.33356857299805 56.61439895629883 59.571712493896484 
42.14857482910156 39.14329528808594 39.31078338623047 39.19260787963867 39.002784729003906 39.470367431640625 38.83884811401367 39.15532684326172 
40.422367095947266 38.55753707885742 38.480865478515625 39.08467102050781 38.770816802978516 39.82185745239258 40.171390533447266 40.49692916870117 
44.82825469970703 39.90304183959961 39.23955154418945 38.6541748046875 39.00352096557617 39.36614227294922 39.22719955444336 39.53647994995117 
40.363616943359375 38.40220642089844 39.60163116455078 39.32339096069336 39.942657470703125 39.935585021972656 38.45507049560547 40.31043243408203 
44.10051345825195 38.698368072509766 39.826751708984375 39.74518585205078 39.94540786743164 39.15318298339844 39.84150314331055 39.35801696777344 
40.226463317871094 38.19887924194336 40.08726501464844 39.89878463745117 40.01424026489258 40.16908645629883 38.58339309692383 40.59980773925781 
40.83964920043945 38.914913177490234 38.90227127075195 39.13430404663086 38.74272155761719 39.24777603149414 38.79084777832031 39.32447814941406 
39.89593505859375 38.5700798034668 39.17055892944336 38.65475082397461 38.971073150634766 39.81078338623047 38.5186882019043 40.92396926879883 
38.914878845214844 38.866336822509766 39.41788864135742 38.700096130371094 39.12934494018555 40.30972671508789 40.2562255859375 40.45622253417969 
40.476097106933594 38.942848205566406 39.20329666137695 38.99971389770508 38.74060821533203 38.685791015625 39.303104400634766 39.695838928222656 
83.52333068847656 83.26656341552734 83.11650848388672 83.31334686279297 81.51532745361328 81.85906982421875 83.012451171875 84.47516632080078 
82.63619232177734 82.25299072265625 80.21363067626953 82.42546844482422 83.77859497070312 82.19446563720703 84.86946868896484 84.6635513305664 
86.12348937988281 84.32793426513672 84.58767700195312 82.41964721679688 83.90953826904297 83.49472045898438 83.60070037841797 85.53286743164062 
82.10771179199219 83.26892852783203 85.56278228759766 83.780029296875 86.06896209716797 82.86393737792969 79.7455062866211 83.495361328125 
83.01725006103516 83.2838363647461 82.31238555908203 81.18128204345703 82.14163208007812 85.25430297851562 86.93251037597656 81.38553619384766 
81.96649932861328 82.15090942382812 83.69158172607422 83.60047912597656 80.12886047363281 84.46236419677734 85.02448272705078 85.03753662109375 
80.99324798583984 80.52387237548828 83.87731170654297 84.3862075805664 82.5789794921875 86.9156494140625 82.75078582763672 82.59468841552734 
83.66108703613281 82.84754943847656 79.8737564086914 82.84307098388672 84.09465789794922 81.59046173095703 84.87577819824219 86.43865966796875 
82.81974029541016 84.89955139160156 83.95148468017578 84.29708862304688 84.53865814208984 80.13699340820312 84.12175750732422 84.32758331298828 
83.2999038696289 84.98627471923828 82.62937927246094 84.77811431884766 84.05926513671875 85.03350067138672 81.78883361816406 84.47724914550781 
68.31849670410156 68.72054290771484 68.49651336669922 68.24195098876953 68.72147369384766 68.32489776611328 67.9434585571289 69.42707061767578 
67.9639663696289 68.00665283203125 68.99273681640625 68.0159683227539 68.42736053466797 68.0549087524414 68.04287719726562 66.76886749267578 
71.08060455322266 66.62614440917969 67.646240234375 67.2616958618164 67.57283020019531 67.71705627441406 68.25360107421875 68.80924987792969 
67.85359954833984 68.39116668701172 68.76515197753906 68.41014099121094 68.58399963378906 68.10610961914062 68.60982513427734 68.53644561767578 
68.7609634399414 69.21408081054688 69.40716552734375 69.52925109863281 67.7871322631836 69.79996490478516 70.4306869506836 70.65615844726562 
68.89385223388672 69.28659057617188 68.59500885009766 68.79714965820312 68.84883117675781 68.47737884521484 68.2933120727539 68.63568115234375 
68.86192321777344 69.7353286743164 69.85692596435547 68.082275390625 69.7254409790039 68.17497253417969 70.24816131591797 69.22771453857422 
68.54102325439453 68.6579818725586 68.75971221923828 67.30345916748047 68.71887969970703 68.68777465820312 68.93382263183594 66.65129852294922 
67.64982604980469 68.45935821533203 68.46320343017578 65.89981079101562 68.55926513671875 68.7468490600586 68.56092834472656 66.67977905273438 
69.47132873535156 69.6416015625 67.51334381103516 70.0947494506836 69.9273910522461 69.33171081542969 69.00688171386719 69.40553283691406 
54.93843078613281 53.91507339477539 54.12351989746094 54.511070251464844 54.91904067993164 54.49273681640625 55.467872619628906 54.94758224487305 
54.718753814697266 54.3034553527832 54.007904052734375 53.70383834838867 54.252769470214844 53.92937469482422 56.28451156616211 54.642913818359375 
56.486846923828125 55.054527282714844 55.65315246582031 54.06486511230469 56.1761589050293 54.99484634399414 56.12422561645508 54.53638458251953 
57.072383880615234 55.08662414550781 53.295169830322266 56.13142395019531 55.76675033569336 56.297630310058594 55.237953186035156 56.216670989990234 
56.44041442871094 55.79897689819336 55.8201904296875 54.995872497558594 54.143489837646484 56.22505569458008 56.35785675048828 54.876609802246094 
56.84272003173828 54.757118225097656 53.938560485839844 53.583744049072266 55.833473205566406 54.96335983276367 56.334686279296875 54.08454513549805 
57.00787353515625 54.731998443603516 54.79004669189453 55.86124801635742 52.20399856567383 56.44047927856445 56.11939239501953 54.87382507324219 
56.2562255859375 56.02326583862305 54.91680145263672 57.16566467285156 55.339454650878906 53.510337829589844 56.34115219116211 54.0634880065918 
57.35868835449219 56.11043167114258 55.99737548828125 55.74700927734375 56.27222442626953 53.212703704833984 58.03055953979492 55.899871826171875 
55.13139343261719 53.967838287353516 53.42329788208008 54.630462646484375 54.58060836791992 54.98195266723633 55.700801849365234 52.4700813293457 
71.79730987548828 71.31314849853516 70.67142486572266 71.98896026611328 72.4780502319336 71.79318237304688 69.75865936279297 70.20294189453125 
71.67635345458984 70.10221099853516 70.47760009765625 72.7452163696289 71.84873962402344 70.7239990234375 71.21833801269531 73.95683288574219 
69.01382446289062 71.5763168334961 68.61357116699219 70.61612701416016 70.35257720947266 70.85270690917969 72.20703887939453 74.13919830322266 
70.78912353515625 69.04035186767578 71.42189025878906 70.70358276367188 70.4267807006836 72.08185577392578 71.46669006347656 72.86070251464844 
69.6087646484375 70.40953826904297 70.0564193725586 71.2663345336914 71.09129333496094 70.19519805908203 68.7889633178711 70.93724822998047 
72.5687026977539 68.50425720214844 71.04383850097656 69.24720001220703 71.9150390625 72.36978912353516 70.55782318115234 69.36140441894531 
70.17513275146484 68.79840087890625 69.55174255371094 70.42937469482422 70.64339447021484 70.1595230102539 69.97503662109375 70.24256134033203 
69.73379516601562 70.77069091796875 71.93981170654297 72.40796661376953 70.79759979248047 71.0827865600586 73.23126220703125 73.25856018066406 
70.49180603027344 71.73426818847656 70.17766571044922 72.27289581298828 69.92002868652344 71.14611053466797 70.69805145263672 76.00879669189453 
70.35379028320312 72.86418914794922 71.67510223388672 69.0222396850586 70.67782592773438 70.33634948730469 72.04342651367188 72.53404998779297 
59.2578239440918 56.79724884033203 58.835105895996094 57.69977569580078 57.79999923706055 57.506591796875 57.47798538208008 58.1596794128418 
57.7127685546875 57.335166931152344 58.345760345458984 57.731361389160156 58.297855377197266 58.38966369628906 57.646751403808594 59.64275360107422 
58.713985443115234 57.35334396362305 59.01968002319336 58.39923095703125 57.98160171508789 58.528446197509766 57.71468734741211 56.88665771484375 
59.459041595458984 58.20915222167969 58.025856018066406 58.851200103759766 57.88947296142578 59.046913146972656 57.69686508178711 57.77104187011719 
57.42979049682617 57.37705612182617 57.643680572509766 58.46799850463867 56.92700958251953 57.288639068603516 58.034305572509766 59.28102493286133 
58.72947311401367 58.31721496582031 57.22208023071289 58.07030487060547 58.80207824707031 57.232032775878906 58.52191925048828 58.28303909301758 
58.35184097290039 58.77596664428711 57.70342254638672 57.122432708740234 59.3389778137207 57.83465576171875 58.79148864746094 57.086368560791016 
58.930782318115234 58.45008087158203 57.648128509521484 57.79372787475586 58.704864501953125 56.71142578125 57.4186897277832 58.3897590637207 
58.173343658447266 57.74492645263672 58.310943603515625 57.09235382080078 57.80838394165039 58.90758514404297 59.301631927490234 56.90620803833008 
56.96102523803711 57.478816986083984 58.8361930847168 57.30710220336914 58.38947296142578 58.45292663574219 57.43539047241211 58.38547134399414 
61.02873611450195 61.10028839111328 61.68956756591797 62.47673416137695 60.47507095336914 62.759742736816406 61.00271987915039 63.02511978149414 
62.09177780151367 61.6343994140625 59.405311584472656 61.059295654296875 63.46793746948242 62.25516891479492 62.2891845703125 62.4749755859375 
63.03907012939453 62.1794548034668 62.23823928833008 62.802207946777344 61.178462982177734 62.74390411376953 60.85548782348633 62.57030487060547 
60.74406433105469 62.90345764160156 59.95347213745117 59.15718460083008 61.3895378112793 61.82931137084961 61.66643142700195 63.02524948120117 
62.17123031616211 59.798622131347656 60.844417572021484 62.799713134765625 62.04252624511719 62.270145416259766 61.88995361328125 61.22051239013672 
61.23564910888672 62.384544372558594 60.710079193115234 63.078590393066406 60.96758270263672 62.86848068237305 59.87091064453125 64.16973114013672 
60.73231887817383 60.408287048339844 61.64006423950195 63.979774475097656 60.51593780517578 62.87782287597656 62.004798889160156 62.510433197021484 
62.84649658203125 61.87305450439453 61.09571075439453 61.227359771728516 62.51046371459961 61.253150939941406 62.749855041503906 60.551231384277344 
62.97894287109375 61.928096771240234 63.11939239501953 61.246463775634766 62.66147232055664 61.17603302001953 62.5568962097168 61.403968811035156 
60.64985656738281 62.72560119628906 60.679134368896484 60.63600158691406 61.113792419433594 62.50387191772461 60.675743103027344 62.08012771606445 
63.57872009277344 61.98476791381836 64.37213134765625 65.3309097290039 62.221153259277344 63.95929718017578 64.45801544189453 64.65689849853516 
64.47030639648438 64.62678527832031 63.20240020751953 63.927520751953125 64.57279968261719 63.530113220214844 64.2701416015625 64.61650848388672 
62.669471740722656 64.07177734375 63.83705520629883 63.174686431884766 63.54515075683594 64.01417541503906 64.31414031982422 64.70428466796875 
63.540897369384766 64.82764434814453 64.17545318603516 64.16796875 64.10614776611328 64.5271987915039 63.159969329833984 64.68147277832031 
62.87148666381836 64.73075103759766 64.09935760498047 63.06844711303711 63.493247985839844 63.15862274169922 63.31296157836914 65.5738525390625 
62.81660842895508 64.18342590332031 63.68038558959961 63.159934997558594 64.26432037353516 65.0459213256836 63.10726547241211 63.63654327392578 
61.50707244873047 63.99417495727539 63.22342300415039 62.92319869995117 64.040771484375 62.8210563659668 63.479679107666016 64.71491241455078 
64.45219421386719 63.963584899902344 62.92707061767578 63.64262390136719 63.502079010009766 64.06473541259766 64.1995849609375 65.70396423339844 
62.47587203979492 64.44931030273438 62.63555145263672 63.511905670166016 64.1022720336914 64.43193817138672 63.178592681884766 64.95712280273438 
62.5115852355957 64.50240325927734 63.19670486450195 63.22867202758789 64.37113952636719 64.51814270019531 63.523136138916016 64.50784301757812 
82.28243255615234 81.90230560302734 83.03763580322266 83.48802947998047 81.21449279785156 79.91974639892578 83.29395294189453 83.72032165527344 
81.15142059326172 79.47897338867188 81.40083312988281 83.14435577392578 84.12025451660156 81.06182098388672 83.80770874023438 83.425537109375 
81.59292602539062 81.43577575683594 82.4968032836914 81.10009765625 80.2037124633789 82.26345825195312 84.94908905029297 79.29017639160156 
82.55219268798828 82.68755340576172 83.21247863769531 81.15583801269531 81.87276458740234 82.76726531982422 84.1409912109375 81.6374740600586 
81.4269790649414 83.79244995117188 82.69097900390625 79.83203125 82.8088607788086 80.97087860107422 79.63190460205078 81.8924789428711 
80.90435028076172 81.99772644042969 79.78959655761719 81.8787841796875 83.72844696044922 81.53715515136719 80.7720947265625 82.67366027832031 
81.03254699707031 81.88809967041016 83.92813110351562 83.37401580810547 79.07516479492188 82.531005859375 83.1666259765625 83.58694458007812 
81.86646270751953 80.79014587402344 78.36239624023438 82.13142395019531 82.34796905517578 85.06495666503906 81.33766174316406 81.35404968261719 
81.72630310058594 81.07599639892578 81.37423706054688 80.93551635742188 81.50166320800781 81.62413024902344 82.61779022216797 83.24662780761719 
81.76188659667969 79.9612808227539 82.91126251220703 83.71145629882812 81.07078552246094 84.01074981689453 81.66815948486328 80.34540557861328 
63.99856185913086 62.24835205078125 63.31913757324219 63.38566589355469 62.06294250488281 63.713409423828125 63.118526458740234 62.54572677612305 
64.01455688476562 64.00345611572266 64.50105285644531 63.66342544555664 60.91657638549805 64.27347564697266 63.55593490600586 63.45423889160156 
62.741249084472656 63.3243522644043 61.77824020385742 64.01712036132812 63.84143829345703 62.81856155395508 64.39024353027344 63.72537612915039 
63.781089782714844 62.911678314208984 62.31187057495117 62.16572952270508 61.84988784790039 65.37820434570312 63.92544174194336 62.510528564453125 
64.84054565429688 61.66304016113281 64.3538589477539 63.855777740478516 62.31123352050781 63.90492630004883 63.2597770690918 63.128543853759766 
63.052833557128906 62.785823822021484 62.03887939453125 61.970367431640625 63.46051025390625 64.55197143554688 62.45449447631836 62.762367248535156 
64.09391784667969 62.80083084106445 63.15526580810547 62.06611251831055 61.94278335571289 63.782081604003906 63.51545715332031 62.922977447509766 
61.51958465576172 63.88016128540039 63.004798889160156 63.770687103271484 62.61347198486328 63.30303955078125 63.31737518310547 60.62614440917969 
62.57689666748047 64.4665298461914 63.013694763183594 63.11695861816406 62.062782287597656 61.984928131103516 61.4139518737793 63.04582214355469 
64.28364562988281 62.49369430541992 63.33123016357422 62.713470458984375 62.127105712890625 63.71324920654297 60.492225646972656 63.01411056518555 
67.93936157226562 65.08460998535156 68.42144012451172 65.97440338134766 67.62604522705078 67.78486633300781 68.15023803710938 70.447998046875 
67.27235412597656 67.79129791259766 66.69427490234375 69.3966064453125 69.32796478271484 68.7286376953125 68.54486083984375 68.84226989746094 
67.47369384765625 67.0481948852539 66.88310241699219 65.99065399169922 67.79878234863281 65.92127990722656 67.72764587402344 68.401123046875 
66.1230697631836 66.81747436523438 66.89321899414062 67.2985610961914 67.71151733398438 66.28211212158203 68.3081283569336 70.68841552734375 
66.1053466796875 67.53577423095703 67.57373046875 67.94755554199219 67.93590545654297 67.95740509033203 65.6968002319336 67.91433715820312 
67.561279296875 67.1744613647461 68.50323486328125 67.52009582519531 68.03014373779297 66.31334686279297 68.33580780029297 70.95097351074219 
66.64227294921875 68.20755004882812 67.4936294555664 67.8469467163086 67.95830535888672 67.88457489013672 67.89555358886719 68.12290954589844 
67.8900146484375 68.87232208251953 68.54621124267578 68.87769317626953 68.32710266113281 68.18335723876953 68.556640625 68.1180191040039 
67.09305572509766 66.70909118652344 65.36953735351562 68.19149017333984 68.1824951171875 68.59951782226562 68.33103942871094 73.35791778564453 
66.14640045166016 67.43971252441406 67.56607818603516 64.9136962890625 67.50736236572266 66.44127655029297 66.89215850830078 70.93673706054688 
56.34431838989258 56.53334426879883 55.447776794433594 55.38774490356445 54.988224029541016 55.685760498046875 56.00092697143555 57.513824462890625 
54.57939147949219 55.61868667602539 56.300479888916016 56.526527404785156 57.038143157958984 56.224544525146484 57.33795166015625 56.91062545776367 
55.90633773803711 56.189697265625 55.63068771362305 56.00559997558594 57.68940734863281 56.67692947387695 56.274688720703125 56.18646240234375 
56.24406433105469 56.10947036743164 57.55446243286133 57.31926345825195 56.81999969482422 55.88969421386719 55.37376022338867 55.82735824584961 
57.12480163574219 57.21257781982422 57.25494384765625 55.67948913574219 56.141822814941406 55.329376220703125 55.840415954589844 56.631263732910156 
56.87123107910156 55.11891174316406 57.15296173095703 56.83318328857422 55.92835235595703 55.16825485229492 55.17436981201172 57.01494216918945 
57.056800842285156 57.305503845214844 56.58127975463867 56.687137603759766 55.19286346435547 55.231040954589844 55.56982421875 56.907230377197266 
57.38294219970703 57.81363296508789 57.04118347167969 55.503902435302734 55.70569610595703 54.8579216003418 55.188255310058594 56.92121505737305 
56.519710540771484 56.0164794921875 55.95171356201172 57.38060760498047 56.972225189208984 55.91328048706055 55.565311431884766 56.193214416503906 
57.16815948486328 55.6486701965332 55.11894226074219 55.1671028137207 55.475425720214844 56.132606506347656 56.606529235839844 58.251808166503906 
87.1941146850586 85.02413177490234 87.34019470214844 86.19254302978516 86.63343811035156 87.25183868408203 86.22866821289062 87.2693099975586 
87.04898834228516 88.50819396972656 86.77852630615234 84.72067260742188 87.85494232177734 86.57008361816406 86.65283203125 86.11766052246094 
86.94329833984375 87.14252471923828 85.64979553222656 85.15821075439453 88.38985443115234 88.21040344238281 86.10425567626953 85.62671661376953 
86.13961791992188 85.08854675292969 84.31734466552734 84.63507080078125 90.99088287353516 85.60454559326172 85.25270080566406 83.65164947509766 
85.4676513671875 86.31289672851562 84.83177947998047 87.46092987060547 89.67727661132812 86.11721801757812 85.13568115234375 87.40198516845703 
87.05948638916016 89.55206298828125 84.77545928955078 83.52556610107422 87.65660858154297 88.70352172851562 84.28118133544922 83.90815734863281 
86.73101043701172 86.34957122802734 87.02761840820312 85.669921875 85.9994888305664 86.37407684326172 87.77609252929688 86.03411102294922 
87.9480972290039 87.34832000732422 85.97698974609375 83.59305572509766 85.92400360107422 90.8911361694336 87.04061126708984 84.251708984375 
84.7841567993164 85.28617858886719 82.99369812011719 88.35868835449219 87.6530532836914 87.92124938964844 85.7273941040039 84.27152252197266 
86.63164520263672 83.25071716308594 84.5041275024414 86.33222198486328 88.8529281616211 84.20130920410156 86.04134368896484 85.53033447265625 
59.66172790527344 59.99593734741211 61.2545280456543 59.005950927734375 60.66342544555664 58.601951599121094 59.33695983886719 58.93552017211914 
58.92588806152344 59.1363525390625 60.79536056518555 58.682559967041016 60.21184158325195 59.95977783203125 59.3251838684082 59.815391540527344 
60.31907272338867 58.82038497924805 60.258113861083984 59.1143684387207 57.93376159667969 61.30860900878906 59.510398864746094 59.87254333496094 
60.22953414916992 58.699520111083984 58.771263122558594 58.741729736328125 58.599998474121094 60.93395233154297 58.670753479003906 60.08403015136719 
60.723934173583984 59.347999572753906 57.742271423339844 60.69286346435547 59.65238571166992 59.9389762878418 60.13340759277344 57.798431396484375 
61.277854919433594 58.6317138671875 60.60835266113281 59.135520935058594 59.61219024658203 60.03263854980469 58.731040954589844 60.06355285644531 
60.122623443603516 59.02547073364258 58.0709114074707 59.06742477416992 58.130977630615234 61.21123123168945 58.914974212646484 59.93395233154297 
60.581024169921875 58.34124755859375 61.25062561035156 60.4582405090332 59.733951568603516 58.60015869140625 58.8205451965332 60.59983825683594 
58.24492645263672 59.776222229003906 59.88336181640625 59.70742416381836 58.55388641357422 58.36044692993164 59.7795524597168 60.860416412353516 
61.144161224365234 58.71583938598633 60.39052963256836 59.778079986572266 59.481727600097656 59.83590316772461 57.652000427246094 60.42863845825195 
61.45711898803711 60.50035095214844 60.27260971069336 59.560001373291016 60.75408172607422 61.15273666381836 61.85343933105469 60.76416015625 
61.125823974609375 62.00099182128906 60.11449432373047 61.6657600402832 60.333438873291016 60.059295654296875 60.82851028442383 61.68259048461914 
61.83500671386719 60.37984085083008 61.44940948486328 59.59676742553711 59.965694427490234 61.287742614746094 60.666015625 60.5781135559082 
61.58310317993164 61.21625518798828 61.55356979370117 61.49043273925781 60.03084945678711 60.037376403808594 60.294654846191406 60.70057678222656 
61.89574432373047 60.87238311767578 61.71062469482422 60.98780822753906 61.236961364746094 61.19676971435547 61.34422302246094 61.50953674316406 
60.63996887207031 61.91001510620117 60.33718490600586 61.7630729675293 59.30204772949219 60.93833541870117 60.9576301574707 60.66678237915039 
61.26675033569336 60.83046340942383 61.453758239746094 61.28035354614258 61.276065826416016 61.847679138183594 60.444576263427734 60.859649658203125 
60.2856330871582 62.40505599975586 61.38713455200195 61.183616638183594 61.49961471557617 60.465248107910156 60.4093132019043 60.48003387451172 
61.072383880615234 59.86265563964844 61.19945526123047 61.16348648071289 59.575233459472656 60.11088180541992 61.9664306640625 59.846527099609375 
60.184574127197266 61.20025634765625 59.25270462036133 60.74652862548828 60.37868881225586 60.34476852416992 60.631038665771484 62.05740737915039 
91.03555297851562 89.9214096069336 90.60208129882812 90.8562240600586 88.43904113769531 93.55174255371094 92.18450927734375 90.78221130371094 
90.3400650024414 89.7674560546875 86.08799743652344 90.28323364257812 91.91337585449219 90.09366607666016 91.60623931884766 89.44576263427734 
91.67705535888672 88.69641876220703 89.28390502929688 89.32284545898438 88.5650863647461 91.37731170654297 86.78313446044922 89.70905303955078 
88.42342376708984 88.92803192138672 91.61488342285156 89.80358123779297 90.77289581298828 91.21810913085938 90.42230224609375 91.88317108154297 
89.16111755371094 89.24755096435547 89.92211151123047 89.5241928100586 92.655517578125 89.79315185546875 91.1003189086914 90.82332611083984 
91.17453002929688 90.397216796875 88.98982238769531 89.017822265625 89.95817565917969 91.72476959228516 91.54108428955078 89.78211212158203 
88.78348541259766 88.71849822998047 90.79251098632812 90.0436782836914 91.33106994628906 91.78508758544922 86.90825653076172 88.02156829833984 
87.68380737304688 90.51769256591797 90.00182342529297 90.56476593017578 91.59088134765625 87.42515563964844 89.67987060546875 91.13823699951172 
89.87506866455078 86.34464263916016 90.2682876586914 91.6279067993164 89.08723449707031 92.888671875 89.15513610839844 89.76681518554688 
88.83869171142578 91.64585876464844 90.6599349975586 89.31171417236328 90.43782043457031 89.06403350830078 92.21647644042969 89.06915283203125 
49.79635238647461 48.96937561035156 49.580352783203125 48.456031799316406 49.61347198486328 49.725887298583984 47.98863983154297 50.43142318725586 
49.134910583496094 47.940895080566406 48.318721771240234 49.91936111450195 48.813377380371094 48.330753326416016 49.17251205444336 48.30720138549805 
49.776737213134766 49.625633239746094 48.66281509399414 49.49571228027344 49.464542388916016 48.17078399658203 49.85027313232422 50.033695220947266 
49.95916748046875 48.905662536621094 47.98041534423828 49.361473083496094 48.58979034423828 49.512672424316406 49.63999938964844 48.797569274902344 
49.64934539794922 48.61648178100586 49.07619094848633 48.84262466430664 48.32243347167969 47.96031951904297 48.847232818603516 48.42927932739258 
49.192256927490234 47.95692825317383 49.29740905761719 48.83440017700195 48.06447982788086 49.49359893798828 48.385440826416016 49.57878494262695 
51.556190490722656 49.43564987182617 48.6038703918457 48.479774475097656 49.268863677978516 48.6965446472168 49.61555099487305 48.55033493041992 
48.013248443603516 48.627262115478516 48.39516830444336 49.67830276489258 48.80470275878906 48.56550216674805 48.742431640625 48.918975830078125 
50.35116958618164 49.43155288696289 47.89859390258789 49.40339279174805 49.10639953613281 48.47087860107422 49.91312026977539 48.76726531982422 
49.495521545410156 48.7988166809082 49.07612609863281 49.512351989746094 47.05014419555664 50.066078186035156 47.95827102661133 49.25459289550781 
43.48726272583008 43.294464111328125 44.317535400390625 43.719486236572266 43.21539306640625 44.271297454833984 44.50502395629883 43.03004837036133 
43.13897705078125 43.7421760559082 44.517120361328125 43.30771255493164 43.23891067504883 44.26348876953125 43.37382507324219 43.58063888549805 
45.87897491455078 44.10700988769531 43.40576171875 44.11759948730469 43.36934280395508 43.65862274169922 44.68348693847656 43.60425567626953 
44.79072189331055 43.15203094482422 43.22857666015625 44.14883041381836 43.26291275024414 43.76348876953125 43.97673416137695 43.941566467285156 
44.04060745239258 44.021759033203125 42.95692825317383 43.548641204833984 44.42937469482422 44.01356887817383 43.45644760131836 44.12236785888672 
44.21430587768555 44.67123031616211 44.79676818847656 43.22566223144531 44.27715301513672 44.818241119384766 42.996097564697266 43.770751953125 
43.138145446777344 43.833473205566406 44.493377685546875 43.38345718383789 43.52019119262695 43.73817443847656 43.338016510009766 44.29238510131836 
43.746238708496094 43.958335876464844 43.4455680847168 43.57756805419922 43.50694274902344 43.7426872253418 44.52048110961914 43.27004623413086 
43.75862503051758 43.51833724975586 44.480960845947266 43.36387252807617 44.198368072509766 44.441471099853516 44.024383544921875 43.166015625 
44.024864196777344 43.36092758178711 44.17737579345703 44.580318450927734 43.1165771484375 43.55302429199219 44.540897369384766 43.314430236816406 
37.004703521728516 35.88016128540039 36.818687438964844 37.176513671875 36.3941764831543 37.06409454345703 37.395713806152344 37.272544860839844 
36.805503845214844 36.92460632324219 37.20819091796875 36.424095153808594 37.14223861694336 37.111297607421875 37.19859313964844 36.74127960205078 
37.60086441040039 36.8961296081543 36.14924621582031 37.338462829589844 36.940673828125 37.17417526245117 36.95622253417969 36.81635284423828 
39.88633728027344 37.05315017700195 37.06880187988281 36.3642578125 37.200801849365234 36.57379150390625 37.10761642456055 36.92982482910156 
37.51036834716797 36.380062103271484 37.12259292602539 37.257537841796875 36.94425582885742 36.8133430480957 36.4760627746582 37.480926513671875 
37.567710876464844 35.83107376098633 36.955806732177734 37.316001892089844 36.32060623168945 36.45743942260742 37.15788650512695 37.13276672363281 
37.49055862426758 37.13113784790039 36.51510238647461 37.016448974609375 36.534881591796875 36.88022232055664 37.19462585449219 37.33817672729492 
39.353759765625 36.40198516845703 36.9442253112793 36.39238357543945 36.12303924560547 37.32172775268555 37.080894470214844 37.09145736694336 
39.99382400512695 36.135841369628906 35.865760803222656 36.212318420410156 36.87846374511719 36.77452850341797 37.419105529785156 36.75324630737305 
38.01724624633789 36.85657501220703 36.59891128540039 36.168575286865234 37.43824005126953 37.44768142700195 36.8645133972168 36.47673416137695 
60.70355224609375 59.47439956665039 59.99388885498047 59.619102478027344 60.15718460083008 60.06140899658203 61.05897521972656 60.245792388916016 
62.24041748046875 60.376766204833984 60.59971237182617 59.079166412353516 60.639583587646484 59.73116683959961 59.84883117675781 58.55836868286133 
60.169376373291016 61.57788848876953 59.57017517089844 60.68537521362305 60.09577560424805 60.71615982055664 60.282718658447266 59.868736267089844 
60.869728088378906 58.778785705566406 59.30214309692383 60.78371047973633 61.63750457763672 60.07894515991211 60.92070388793945 60.568382263183594 
60.94950485229492 59.397151947021484 59.66543960571289 60.656639099121094 60.04636764526367 59.27155303955078 59.89712142944336 61.41030502319336 
59.60108947753906 60.740928649902344 59.33443069458008 60.55369567871094 60.41081619262695 60.858177185058594 59.870880126953125 59.892799377441406 
58.76774215698242 61.358367919921875 59.87001419067383 61.121150970458984 60.15119934082031 60.89689636230469 60.187007904052734 59.18348693847656 
61.02102279663086 59.549598693847656 59.78220748901367 59.400062561035156 59.35830307006836 60.223358154296875 61.315391540527344 59.56361770629883 
62.446048736572266 58.925567626953125 60.93203353881836 59.90345764160156 60.065216064453125 58.910400390625 62.68732833862305 61.014015197753906 
59.49193572998047 61.52659225463867 59.72518539428711 61.03257751464844 60.0623664855957 61.13190460205078 60.0300178527832 59.96739196777344 
74.21478271484375 75.11516571044922 74.53878021240234 77.11881256103516 75.49625396728516 77.24211120605469 75.97996520996094 76.3631362915039 
79.1121597290039 75.35887908935547 76.28841400146484 74.85330963134766 77.29033660888672 76.2072982788086 77.75027465820312 75.02572631835938 
72.69004821777344 75.662109375 75.69939422607422 76.12226867675781 76.0506591796875 75.7548828125 76.5041275024414 75.75730895996094 
76.66313934326172 74.86678314208984 76.63827514648438 75.73916625976562 77.1533432006836 76.14617919921875 78.4136962890625 74.83430480957031 
75.43772888183594 75.5568618774414 77.48150634765625 74.55554962158203 76.02204895019531 73.88838195800781 77.1843490600586 75.61721801757812 
77.11779022216797 74.61174774169922 75.66655731201172 74.79766082763672 72.59942626953125 75.99935913085938 77.01026916503906 77.10492706298828 
75.26691436767578 72.61344146728516 76.66099548339844 74.81180572509766 76.43084716796875 76.23267364501953 75.83071899414062 76.19987487792969 
76.97539520263672 75.1343002319336 74.32240295410156 76.04595184326172 75.6292495727539 76.47529602050781 76.6217269897461 74.22700500488281 
75.5208969116211 74.29235076904297 76.01814270019531 76.22908782958984 76.2890853881836 77.96781158447266 77.10307312011719 75.75459289550781 
74.73193359375 76.78562927246094 75.69865417480469 77.68208312988281 74.46720123291016 74.42588806152344 76.02137756347656 74.93711853027344 
59.913246154785156 58.23766326904297 58.078369140625 57.81523132324219 59.91059112548828 58.33500671386719 58.88422393798828 57.88105773925781 
58.98819351196289 56.28255844116211 58.391265869140625 57.77097702026367 59.400447845458984 59.894718170166016 58.03308868408203 59.75872039794922 
60.12860870361328 57.59404754638672 57.596736907958984 58.56719970703125 59.39683151245117 58.46192169189453 59.73945617675781 58.8614387512207 
58.50454330444336 57.28745651245117 59.13056182861328 58.825950622558594 58.39708709716797 59.12259292602539 59.973087310791016 57.92646408081055 
59.92105484008789 59.22447967529297 58.15388870239258 58.02396774291992 58.61190414428711 57.519134521484375 58.60655975341797 59.61747360229492 
60.754878997802734 58.66729736328125 59.36652755737305 57.68521499633789 58.02054214477539 60.013824462890625 57.7988166809082 59.011680603027344 
59.476959228515625 58.01001739501953 59.051326751708984 57.56675338745117 58.73446273803711 58.42736053466797 60.025089263916016 58.1789436340332 
59.378849029541016 57.86649703979492 58.438720703125 59.62163162231445 58.734527587890625 58.01670455932617 60.1328010559082 58.38896179199219 
57.90537643432617 59.28230285644531 57.04073715209961 57.96249771118164 58.82876968383789 58.84636688232422 58.66339111328125 59.08099365234375 
60.10076904296875 57.30508804321289 57.98912048339844 59.55436706542969 57.70732879638672 57.86793518066406 59.46672058105469 58.95552062988281 
46.72492980957031 46.92051315307617 46.43494415283203 46.77958297729492 46.33932876586914 46.6146240234375 46.613407135009766 45.91846466064453 
47.19206237792969 46.29081726074219 47.18732833862305 46.3922233581543 46.64704132080078 46.085758209228516 46.86211013793945 46.44192123413086 
47.28006362915039 46.67212677001953 46.596832275390625 46.108734130859375 46.701759338378906 46.56825637817383 45.91209411621094 46.56883239746094 
45.771392822265625 45.99542236328125 45.87548828125 46.71779251098633 46.305152893066406 46.19782257080078 46.47782516479492 46.180030822753906 
46.82672119140625 44.82892990112305 47.18009567260742 45.469600677490234 45.792320251464844 46.56915283203125 47.036224365234375 45.96364974975586 
45.70140838623047 45.214942932128906 45.30937576293945 45.701759338378906 45.87641525268555 47.1383056640625 45.994529724121094 47.28895950317383 
46.90969467163086 46.05401611328125 47.21244812011719 45.62284851074219 46.922752380371094 45.75910568237305 46.953086853027344 46.268062591552734 
46.82368087768555 46.24537658691406 45.463680267333984 47.13603210449219 45.82815933227539 47.01068878173828 45.66559982299805 47.17020797729492 
46.64147186279297 45.844032287597656 45.7718391418457 45.63411331176758 46.74764633178711 45.382686614990234 47.155391693115234 45.69990539550781 
46.45199966430664 46.98198318481445 46.1693115234375 46.58700942993164 46.03286361694336 47.036991119384766 45.281982421875 47.02707290649414 
92.86227416992188 95.60326385498047 95.79801940917969 92.08268737792969 96.10160064697266 93.8222427368164 91.94233703613281 95.81027221679688 
92.8144302368164 95.8055648803711 96.17830657958984 96.2491226196289 93.23497772216797 96.1181411743164 95.89881896972656 94.93865966796875 
94.66995239257812 93.07017517089844 95.46166229248047 95.89785766601562 94.85660552978516 95.30941009521484 95.42566680908203 95.73049926757812 
92.89945220947266 98.58611297607422 95.1415023803711 93.79539489746094 94.96205139160156 95.13241577148438 95.47891235351562 94.20960235595703 
94.14125061035156 95.17161560058594 89.95270538330078 95.60006713867188 95.99171447753906 94.85363006591797 94.75516510009766 96.8322525024414 
93.7300796508789 93.91670227050781 96.6536636352539 90.65404510498047 94.69068908691406 95.47789001464844 94.30022430419922 94.00825500488281 
94.77142333984375 92.04883575439453 93.29625701904297 94.8799057006836 91.1014404296875 94.44931030273438 93.6983642578125 96.44332885742188 
92.26115417480469 92.45616149902344 91.9701156616211 95.64134216308594 95.93952178955078 96.99267578125 93.36048126220703 94.33257293701172 
96.33865356445312 96.33833312988281 93.76771545410156 97.87305450439453 95.00521850585938 96.84262084960938 93.37955474853516 92.56364440917969 
93.59078216552734 91.24578857421875 93.27581024169922 96.9856948852539 93.5263671875 94.5631332397461 95.18899536132812 95.83001708984375 
47.453983306884766 44.51865768432617 45.104671478271484 45.833152770996094 45.23984146118164 44.56505584716797 45.63520050048828 45.6163215637207 
47.2589111328125 44.468257904052734 45.27967834472656 45.73827362060547 44.43843078613281 45.946495056152344 45.55526351928711 45.0200309753418 
47.335968017578125 44.32883071899414 45.888031005859375 45.2204475402832 44.53286361694336 45.95212936401367 45.264320373535156 45.37635040283203 
45.88115310668945 45.09328079223633 44.9661750793457 45.92057418823242 45.06563186645508 45.60006332397461 45.817440032958984 44.60831832885742 
47.07321548461914 45.23078536987305 45.69075012207031 44.508575439453125 45.6748161315918 45.42041778564453 44.507102966308594 45.77199935913086 
46.3682861328125 46.1448974609375 45.162654876708984 43.69414520263672 46.09785461425781 45.29865646362305 43.7061767578125 45.92416000366211 
45.889217376708984 44.955936431884766 45.878719329833984 45.55628967285156 44.943328857421875 44.96543884277344 45.472511291503906 44.80963134765625 
45.703041076660156 45.79811096191406 44.953121185302734 45.56582260131836 45.75596618652344 44.36684799194336 45.536128997802734 45.796382904052734 
45.17536163330078 45.68822479248047 44.41494369506836 45.3807373046875 45.8928337097168 44.61974334716797 45.26889419555664 45.62214279174805 
48.041534423828125 44.76121520996094 45.21209716796875 44.06620788574219 45.46646499633789 45.58611297607422 46.115264892578125 44.47225570678711 
47.86595153808594 49.29865646362305 49.3603515625 47.7006721496582 49.53443145751953 48.97993469238281 48.17007827758789 49.78771209716797 
48.06304168701172 49.256736755371094 49.347232818603516 47.74483108520508 47.76444625854492 48.87456130981445 48.552513122558594 49.63139343261719 
48.843807220458984 49.41471862792969 48.58390426635742 47.90073776245117 49.404319763183594 49.217342376708984 48.2982063293457 49.68000030517578 
49.294464111328125 47.731201171875 49.290592193603516 49.561248779296875 47.703392028808594 49.336769104003906 48.00243377685547 48.12335968017578 
48.21459197998047 47.66409683227539 47.98681640625 49.465248107910156 49.38761520385742 48.168704986572266 49.7696647644043 49.32454299926758 
48.895870208740234 48.43289566040039 48.37161636352539 47.97782516479492 50.064449310302734 49.80089569091797 48.46294403076172 48.716705322265625 
48.52207946777344 47.573665618896484 49.04195022583008 48.26348876953125 48.17504119873047 48.34588623046875 48.754337310791016 49.21424102783203 
48.590911865234375 48.22614288330078 47.96665573120117 49.47836685180664 48.31961441040039 48.49692916870117 49.05254364013672 48.01308822631836 
49.44371032714844 50.269535064697266 48.0120964050293 48.741920471191406 48.67705535888672 48.48160171508789 48.80022430419922 49.50284957885742 
48.13817596435547 49.24457550048828 47.96025466918945 47.777793884277344 49.42451095581055 49.209312438964844 48.46809768676758 49.53750228881836 
67.1695327758789 66.04710388183594 68.47964477539062 65.82691192626953 68.48790740966797 67.49676513671875 67.81769561767578 67.36163330078125 
68.34783935546875 67.67711639404297 68.69184112548828 67.88361358642578 66.64972686767578 68.3460464477539 66.58425903320312 67.42835235595703 
66.54208374023438 66.27308654785156 66.81795501708984 65.44979095458984 68.1344985961914 65.79788970947266 67.2475814819336 66.44265747070312 
67.68649291992188 66.38044738769531 65.15593719482422 67.76771545410156 68.15776062011719 67.39737701416016 69.16896057128906 69.36460876464844 
65.9161605834961 66.12525177001953 68.5847396850586 66.17228698730469 67.991455078125 67.57596588134766 67.65340423583984 67.38031768798828 
67.98294067382812 68.62960052490234 65.81897735595703 66.54473876953125 66.70304107666016 67.56339263916016 67.76691436767578 67.69519805908203 
66.52569580078125 67.26185607910156 66.16973114013672 68.7396469116211 69.16313934326172 67.75923156738281 67.42361450195312 66.28473663330078 
67.88460540771484 66.99282836914062 65.22998046875 66.9854736328125 67.3892822265625 67.50697326660156 67.83344268798828 66.39603424072266 
67.4491195678711 66.88390350341797 67.2389144897461 66.73350524902344 66.84182739257812 66.55007934570312 65.89500427246094 67.00492858886719 
66.29702758789062 67.9392318725586 68.07196807861328 68.05452728271484 69.12681579589844 66.16409301757812 69.28489685058594 68.88633728027344 
43.625823974609375 43.97788619995117 43.03500747680664 43.38684844970703 42.810081481933594 43.64720153808594 44.17558288574219 43.99856185913086 
44.521568298339844 42.257057189941406 42.86800003051758 43.964927673339844 43.683841705322266 43.31139373779297 44.011390686035156 43.85273742675781 
44.90140914916992 43.51350402832031 43.79817581176758 44.27814483642578 43.34489440917969 42.112510681152344 43.54489517211914 44.218048095703125 
44.110721588134766 43.17068862915039 42.91737747192383 43.71180725097656 43.989952087402344 42.9944953918457 42.48524856567383 43.6060791015625 
45.48428726196289 43.1486701965332 42.76646423339844 43.68636703491211 44.21424102783203 43.06105422973633 43.17686462402344 43.21174240112305 
43.89564895629883 42.58768081665039 43.52076721191406 44.42825698852539 43.5623664855957 42.78358459472656 43.46566390991211 43.98783874511719 
43.89244842529297 43.19513702392578 43.180641174316406 43.6374397277832 43.88848114013672 43.96937561035156 42.742401123046875 42.1998405456543 
43.37772750854492 42.92841720581055 43.71123123168945 44.04249572753906 43.46134567260742 42.93366241455078 43.082462310791016 43.78764724731445 
43.81062316894531 42.889408111572266 42.97187042236328 43.6827507019043 44.349281311035156 44.28998565673828 42.60115051269531 43.05801773071289 
46.42051315307617 43.367488861083984 43.13475036621094 42.51478576660156 42.83964920043945 43.85193634033203 43.91791915893555 44.35532760620117 
34.51689529418945 34.10995101928711 33.853790283203125 34.47897720336914 33.71023941040039 34.141822814941406 33.69366455078125 34.38294219970703 
36.202945709228516 35.094879150390625 34.83766555786133 34.74214553833008 35.110206604003906 34.89110565185547 34.93084716796875 35.61439895629883 
34.511199951171875 33.75961685180664 34.33808135986328 33.490623474121094 34.14761734008789 33.671295166015625 34.2327995300293 33.48342514038086 
36.84134292602539 35.2982063293457 34.62681579589844 34.452640533447266 34.7553596496582 35.21529769897461 35.488704681396484 34.52454376220703 
35.13510513305664 34.03763198852539 34.975521087646484 33.375457763671875 33.748287200927734 34.433311462402344 33.750144958496094 33.31760025024414 
37.60940933227539 35.255455017089844 34.63788986206055 35.06790542602539 34.242462158203125 34.98835372924805 34.612735748291016 34.65049743652344 
34.174049377441406 34.3985595703125 33.544769287109375 33.3422737121582 33.38179016113281 34.110206604003906 33.38630294799805 34.06358337402344 
37.74995040893555 34.37113571166992 34.409759521484375 34.30611038208008 35.23881530761719 35.052608489990234 35.555809020996094 34.87241744995117 
35.511104583740234 33.617759704589844 33.35331344604492 33.27356719970703 33.48432159423828 33.68822479248047 33.72489547729492 33.61920166015625 
37.769569396972656 35.4725456237793 34.36742401123047 34.45228958129883 35.21548843383789 35.177120208740234 35.6761589050293 34.88035202026367 
34.6187858581543 33.757503509521484 33.51027297973633 33.68620681762695 33.24822235107422 33.76438522338867 33.70675277709961 33.67136001586914 
35.947967529296875 34.593441009521484 34.28633499145508 34.576351165771484 35.1396484375 34.88560104370117 35.197566986083984 34.683231353759766 
33.96211242675781 33.56291198730469 33.501792907714844 33.70150375366211 33.511871337890625 33.56086349487305 33.64710235595703 33.277854919433594 
38.36524963378906 34.85136032104492 34.95363235473633 34.248863220214844 34.97760009765625 35.28755187988281 35.09324645996094 34.34329605102539 
34.65187072753906 34.2567024230957 33.84960174560547 33.98844909667969 33.686336517333984 34.4027214050293 33.65536117553711 34.07196807861328 
36.5880012512207 35.0148811340332 34.32387161254883 34.7531852722168 35.36870574951172 34.82076644897461 35.010047912597656 35.225215911865234 
35.341087341308594 33.87401580810547 34.22719955444336 33.84400177001953 34.118080139160156 33.598270416259766 33.38751983642578 33.73091125488281 
37.327392578125 34.9699821472168 34.39936065673828 34.845054626464844 35.557857513427734 34.623966217041016 34.528926849365234 34.873504638671875 
36.18889617919922 33.26620864868164 33.4153938293457 33.16886520385742 33.498046875 33.549983978271484 33.84012985229492 33.6357421875 
38.36182403564453 34.669952392578125 34.828128814697266 35.1732177734375 34.380126953125 34.5579833984375 35.21769714355469 35.426368713378906 
46.52150344848633 45.86217498779297 47.073089599609375 46.939998626708984 47.232608795166016 47.35551834106445 47.53715133666992 47.69772720336914 
47.726497650146484 46.36345672607422 46.83871841430664 46.42768096923828 47.868896484375 46.53324890136719 48.19395065307617 46.403167724609375 
48.1399040222168 47.99107360839844 47.02774429321289 48.2599983215332 46.2957763671875 46.72739028930664 47.17340850830078 48.28908920288086 
50.00601577758789 46.824798583984375 46.257694244384766 47.01327896118164 47.62063980102539 47.001792907714844 46.881343841552734 46.771968841552734 
49.485408782958984 46.33087921142578 46.517791748046875 46.374366760253906 47.681278228759766 47.230464935302734 46.20627212524414 48.054080963134766 
47.446624755859375 47.28351974487305 45.702880859375 47.70489501953125 45.80070495605469 47.39632034301758 47.47135925292969 47.283294677734375 
50.849281311035156 47.821983337402344 46.97225570678711 48.11689758300781 46.52009582519531 47.72572708129883 46.75468826293945 47.76704025268555 
46.51881790161133 47.777278900146484 46.20927810668945 48.217857360839844 46.38236618041992 47.993438720703125 46.68947219848633 47.977088928222656 
48.16707229614258 47.28086471557617 47.75270462036133 46.911678314208984 47.63715362548828 47.374881744384766 47.37481689453125 48.017887115478516 
48.4851188659668 47.96063995361328 46.33817672729492 47.18342590332031 46.75116729736328 48.19993591308594 47.10163116455078 47.3559684753418 
60.667808532714844 58.385311126708984 58.57392120361328 61.05558395385742 57.952640533447266 59.91436767578125 59.79529571533203 58.302337646484375 
59.07664108276367 60.797760009765625 58.099647521972656 58.397151947021484 60.19670486450195 58.090145111083984 59.64847946166992 59.48313522338867 
60.036865234375 58.845088958740234 58.80099105834961 58.33168029785156 58.847198486328125 58.02268981933594 60.89958572387695 58.82329559326172 
60.883872985839844 58.47657775878906 58.11475372314453 60.19926452636719 57.9420166015625 59.20550537109375 60.26521682739258 60.12944030761719 
60.62348937988281 59.83830261230469 56.88227081298828 59.26716613769531 60.45532989501953 57.5610237121582 60.26249694824219 60.27446365356445 
58.888031005859375 57.85843276977539 58.75251388549805 60.05231857299805 59.16697692871094 60.200927734375 58.37449645996094 59.304927825927734 
59.56515121459961 58.5010871887207 60.673057556152344 59.06089782714844 60.05830383300781 60.059486389160156 58.577598571777344 59.544288635253906 
60.82758331298828 59.96054458618164 58.75183868408203 58.525726318359375 59.413761138916016 59.38643264770508 59.20848083496094 59.47407913208008 
60.542335510253906 59.156864166259766 58.49212646484375 58.06905746459961 58.856224060058594 58.03839874267578 60.495872497558594 59.9818229675293 
59.562015533447266 58.30364990234375 58.77113723754883 60.49955368041992 58.466209411621094 60.3260498046875 58.639713287353516 58.453407287597656 
40.652225494384766 40.57795333862305 40.911102294921875 41.333343505859375 41.39491271972656 41.69152069091797 42.279518127441406 41.324607849121094 
42.217247009277344 41.53753662109375 41.32662582397461 41.37910461425781 41.92652893066406 41.74095916748047 41.094337463378906 40.5909423828125 
41.2608642578125 40.657344818115234 41.534881591796875 41.71539306640625 41.95548629760742 41.139102935791016 41.52537536621094 41.71696090698242 
41.344032287597656 41.624542236328125 41.33321762084961 41.29324722290039 41.82592010498047 41.906494140625 41.88550567626953 41.1492805480957 
42.532127380371094 41.163841247558594 40.84953689575195 40.51689529418945 40.82204818725586 40.49814224243164 40.65856170654297 41.094974517822266 
43.86159896850586 41.57727813720703 41.82284927368164 41.45228958129883 41.53638458251953 41.044193267822266 39.9549446105957 40.77302551269531 
40.893280029296875 39.69523239135742 40.74614334106445 40.626399993896484 40.56719970703125 40.932865142822266 41.13190460205078 41.626014709472656 
41.41542434692383 40.452064514160156 41.81568145751953 41.95481491088867 42.26646423339844 41.96227264404297 41.331905364990234 40.70060729980469 
42.52854537963867 41.6734733581543 41.585121154785156 41.698368072509766 42.17241668701172 41.57436752319336 40.87446212768555 40.0615348815918 
41.05820846557617 40.83571243286133 40.293792724609375 40.5313606262207 40.34492874145508 40.89497756958008 41.470272064208984 41.44307327270508 
41.579776763916016 41.86227035522461 41.33686447143555 40.77891159057617 40.653343200683594 40.65024185180664 40.8296012878418 41.246559143066406 
41.014625549316406 40.53977584838867 40.51651382446289 40.98342514038086 40.99046325683594 41.305599212646484 42.008384704589844 40.961055755615234 
41.73420715332031 40.62073516845703 40.36336135864258 40.82275390625 40.90816116333008 41.27900695800781 41.4516487121582 42.211551666259766 
41.12419128417969 40.54217529296875 40.51593780517578 41.04342269897461 41.575199127197266 41.49484634399414 41.373695373535156 41.94371032714844 
41.48953628540039 39.96790313720703 40.97987365722656 40.561344146728516 40.61564636230469 40.74777603149414 40.9312629699707 41.46895980834961 
40.890174865722656 40.762657165527344 41.31260681152344 41.22844696044922 41.783905029296875 42.11308670043945 40.72163009643555 41.576446533203125 
42.53740692138672 42.06854248046875 41.54569625854492 40.81260681152344 40.50105667114258 40.6445426940918 40.582977294921875 40.53615951538086 
44.394752502441406 41.02707290649414 42.619808197021484 41.9736328125 41.360225677490234 40.20982360839844 40.547264099121094 40.631935119628906 
41.66105651855469 40.78035354614258 41.468894958496094 42.12220764160156 41.840030670166016 40.71100616455078 41.29004669189453 40.92172622680664 
41.904640197753906 41.484703063964844 42.05839920043945 41.633663177490234 40.210304260253906 41.142784118652344 40.905662536621094 40.62713623046875 
74.61516571044922 72.60582733154297 72.95337677001953 71.67555236816406 74.28787231445312 77.09251403808594 72.29366302490234 72.93206024169922 
74.1872329711914 72.67129516601562 72.16828918457031 73.3015365600586 72.68224334716797 75.95804595947266 72.23705291748047 73.4862060546875 
72.3575668334961 73.48601531982422 73.73609924316406 73.19078063964844 71.10684967041016 72.93135833740234 73.9986572265625 74.45545959472656 
73.8740463256836 71.7514877319336 75.0450210571289 73.77881622314453 73.7784652709961 77.19049835205078 74.11456298828125 72.5344009399414 
72.54946899414062 72.69158172607422 71.95279693603516 73.46470642089844 73.88822174072266 73.66649627685547 72.48649597167969 74.3265609741211 
72.15853118896484 73.15805053710938 73.65984344482422 73.1883544921875 74.23919677734375 73.75122833251953 74.24636840820312 74.39641571044922 
74.6328353881836 72.48512268066406 73.74976348876953 72.65801239013672 74.9103012084961 76.96415710449219 72.74137878417969 73.12303924560547 
73.40032196044922 72.02713775634766 72.40608215332031 73.58528137207031 72.72163391113281 74.55522918701172 72.05379486083984 73.9109115600586 
74.15923309326172 72.97666931152344 70.31552124023438 72.0869140625 72.76844787597656 74.48876953125 74.74934387207031 73.35702514648438 
72.68073272705078 72.25481414794922 74.46886444091797 75.75052642822266 73.46578979492188 73.23318481445312 74.1098861694336 72.13890838623047 
57.559200286865234 57.2210578918457 56.289249420166016 56.868736267089844 58.02729415893555 56.426849365234375 57.569664001464844 58.30451202392578 
57.803585052490234 56.53257751464844 57.92515182495117 57.246368408203125 58.42841720581055 56.60844802856445 57.70832061767578 56.2817268371582 
58.17977523803711 57.99942398071289 57.220001220703125 54.776161193847656 56.46736145019531 58.32998275756836 58.39503860473633 56.975486755371094 
58.36521530151367 57.3240966796875 55.80080032348633 56.39430236816406 57.345664978027344 58.219329833984375 57.046142578125 56.73052978515625 
56.53523254394531 57.119998931884766 58.0777587890625 58.19027328491211 56.10960006713867 56.328670501708984 58.720863342285156 57.12748718261719 
57.185760498046875 57.83919906616211 57.87849426269531 57.41507339477539 56.37104034423828 57.29430389404297 58.74390411376953 57.21187210083008 
58.61203384399414 57.94348907470703 56.187744140625 57.18016052246094 58.35238265991211 58.18844985961914 56.215999603271484 56.63142395019531 
58.16774368286133 56.28224182128906 57.1025276184082 57.966880798339844 56.82502365112305 58.09718322753906 57.9271354675293 57.99238586425781 
57.75020980834961 56.67446517944336 56.89744186401367 57.32275390625 56.40892791748047 58.01331329345703 56.92156982421875 58.266239166259766 
58.58921432495117 56.85318374633789 54.73487854003906 56.639488220214844 58.748287200927734 58.305503845214844 56.60566329956055 57.06889724731445 
49.19059371948242 49.24515151977539 48.16227340698242 48.92300796508789 48.80966567993164 50.10745620727539 48.50921630859375 49.003807067871094 
49.517215728759766 47.787872314453125 49.268577575683594 49.41939163208008 47.97014236450195 49.691551208496094 48.28278350830078 48.53392028808594 
50.84931182861328 48.199424743652344 48.12169647216797 48.53721618652344 48.90131378173828 48.50495910644531 49.50223922729492 49.18288040161133 
50.53276824951172 47.899200439453125 48.638526916503906 49.19267272949219 48.22175979614258 49.47884750366211 48.68339157104492 48.32883071899414 
49.53126525878906 48.32582473754883 48.33123016357422 48.92668914794922 49.02864074707031 48.852447509765625 48.635902404785156 48.59836959838867 
50.296512603759766 48.483070373535156 48.29897689819336 49.89059066772461 48.51881790161133 48.911617279052734 49.61091232299805 48.77580642700195 
50.38284683227539 48.51657485961914 49.41660690307617 48.55481719970703 49.03830337524414 49.51193618774414 49.09280014038086 48.5780143737793 
49.51728057861328 47.928672790527344 48.42927932739258 49.23286437988281 48.46073532104492 49.24348831176758 47.373985290527344 49.30547332763672 
50.26688003540039 48.33270263671875 48.85868835449219 49.84425735473633 48.37196731567383 49.25484848022461 49.646175384521484 47.4796142578125 
49.19465637207031 48.951839447021484 47.43507385253906 48.29948806762695 49.218910217285156 48.80710220336914 48.3317756652832 50.48713684082031 
61.11363220214844 61.389793395996094 61.37500762939453 62.079166412353516 61.0912971496582 61.77427291870117 60.453311920166016 58.624542236328125 
60.625953674316406 60.83990478515625 60.77836990356445 62.592254638671875 60.906558990478516 62.00716781616211 62.17164611816406 61.05660629272461 
61.885215759277344 60.15091323852539 61.816864013671875 61.08339309692383 60.03647994995117 60.8394889831543 62.429569244384766 61.07164764404297 
60.735233306884766 60.702369689941406 60.84172821044922 62.24924850463867 61.319358825683594 61.65372848510742 61.739105224609375 59.59036636352539 
61.49113464355469 60.772254943847656 59.55481719970703 60.5327033996582 60.46080017089844 59.40639877319336 62.8243522644043 61.477630615234375 
62.379295349121094 60.68524932861328 62.485633850097656 60.41788864135742 62.09632110595703 60.06915283203125 61.74649429321289 61.61711883544922 
62.25263977050781 60.753822326660156 60.951358795166016 61.134368896484375 62.750144958496094 60.606590270996094 60.5203857421875 60.321632385253906 
62.32051086425781 60.42716979980469 59.69721603393555 60.28646469116211 62.213600158691406 60.97129440307617 60.873470306396484 60.60908889770508 
60.71775817871094 62.39891052246094 59.85619354248047 61.58153533935547 61.235809326171875 61.50700759887695 60.632225036621094 61.57139205932617 
61.75843048095703 61.92931365966797 61.762718200683594 61.708030700683594 60.53647994995117 60.59772872924805 60.70755386352539 62.07030487060547 
36.384193420410156 34.76892852783203 35.004417419433594 34.644798278808594 34.774688720703125 35.32697677612305 35.152801513671875 35.45507049560547 
35.56351852416992 34.544063568115234 34.774112701416016 34.062782287597656 34.91007995605469 34.990272521972656 35.415103912353516 35.125633239746094 
37.151710510253906 34.713504791259766 35.367679595947266 35.10233688354492 35.41049575805664 34.45036697387695 34.82825469970703 34.204193115234375 
36.942657470703125 34.881439208984375 35.41619110107422 34.82819366455078 34.795326232910156 34.325889587402344 35.34841537475586 34.81292724609375 
37.76793670654297 35.022430419921875 34.044639587402344 34.49580764770508 34.70323181152344 34.22496032714844 35.160606384277344 34.296287536621094 
36.01606369018555 35.01504135131836 35.1701774597168 35.29993438720703 35.413822174072266 34.304222106933594 34.51020812988281 34.55606460571289 
35.57929611206055 34.96214294433594 34.70435333251953 35.09910583496094 35.50630569458008 35.25385665893555 35.22867202758789 34.68582534790039 
35.500640869140625 34.08076858520508 34.9947509765625 35.42319869995117 34.813697814941406 34.90803146362305 35.1868782043457 35.264991760253906 
38.59001541137695 35.18803024291992 34.82726287841797 34.851966857910156 35.251136779785156 34.88700866699219 34.089664459228516 34.53504180908203 
37.3590087890625 34.54115295410156 34.1049919128418 35.3238410949707 35.154144287109375 35.03900909423828 34.65020751953125 34.71567916870117 
47.55865478515625 46.85968017578125 47.2845458984375 48.85443115234375 48.211936950683594 47.74860763549805 49.048927307128906 47.27107238769531 
47.15865707397461 48.74224090576172 48.376705169677734 48.165504455566406 48.341407775878906 47.19798278808594 49.31059265136719 48.207969665527344 
46.88441467285156 47.06476974487305 47.348960876464844 48.791969299316406 47.68540954589844 47.01420974731445 48.049407958984375 48.01551818847656 
48.201087951660156 47.465118408203125 48.6212158203125 48.47750473022461 48.10678482055664 48.81260681152344 47.6732177734375 47.66825485229492 
50.581886291503906 47.30659103393555 46.977569580078125 47.246368408203125 48.382015228271484 46.513824462890625 49.04889678955078 48.86867141723633 
48.403263092041016 48.593345642089844 47.31718444824219 47.297183990478516 47.14012908935547 48.3397102355957 48.46207809448242 47.60140609741211 
47.89401626586914 47.80815887451172 46.440128326416016 48.681312561035156 47.15372848510742 48.73100662231445 47.8421745300293 47.15292739868164 
47.7743034362793 48.71644973754883 47.181758880615234 48.78153610229492 47.9031982421875 47.91244888305664 48.708030700683594 47.782752990722656 
47.6761589050293 47.6530876159668 47.34921646118164 48.703041076660156 48.104129791259766 48.39244842529297 47.94937515258789 47.973663330078125 
48.719425201416016 47.90390396118164 47.93267059326172 48.42675018310547 47.53539276123047 48.89651107788086 48.23478317260742 47.82406234741211 
54.084896087646484 53.942176818847656 54.29654312133789 53.704097747802734 55.09590530395508 54.7432975769043 53.38195037841797 54.61286544799805 
53.5667839050293 53.5945930480957 53.239200592041016 52.809696197509766 53.289215087890625 53.61199951171875 53.430240631103516 53.66191864013672 
54.73503875732422 53.567039489746094 54.76758575439453 54.85113525390625 54.02479934692383 54.3579216003418 53.92611312866211 54.644287109375 
53.304832458496094 53.611328125 52.38508987426758 52.78508758544922 53.91494369506836 53.94454574584961 53.916385650634766 53.79478454589844 
53.85798263549805 53.59017562866211 54.37919998168945 54.52799987792969 54.455230712890625 53.76185607910156 55.69161605834961 53.5153923034668 
54.502655029296875 53.56528091430664 55.42524719238281 54.787776947021484 54.95948791503906 54.68083190917969 53.8711051940918 53.662654876708984 
53.98390579223633 54.49750518798828 53.356353759765625 54.83369445800781 54.33308792114258 54.48953628540039 54.41254425048828 53.11539077758789 
54.97248077392578 53.35948944091797 54.592288970947266 53.76153564453125 55.71638488769531 54.313758850097656 54.41321563720703 53.53446578979492 
54.9409294128418 54.4714241027832 54.147422790527344 54.57699203491211 53.88300704956055 55.33852767944336 54.600318908691406 53.69446563720703 
54.48099136352539 54.268062591552734 53.88198471069336 55.05593490600586 54.61030578613281 54.399295806884766 54.39686584472656 54.0208625793457 
34.03526306152344 31.50979232788086 31.661760330200195 31.390783309936523 32.279232025146484 31.8023681640625 31.68988800048828 31.821887969970703 
33.39043045043945 32.2182731628418 31.220287322998047 31.838367462158203 31.74723243713379 31.30601692199707 31.54265594482422 31.555200576782227 
32.001216888427734 31.325664520263672 31.80089569091797 31.394304275512695 31.986431121826172 31.916736602783203 32.2149772644043 31.997407913208008 
32.38774490356445 31.57708740234375 32.20729446411133 31.957727432250977 32.05344009399414 32.101375579833984 31.47417640686035 31.824575424194336 
32.26435089111328 31.610624313354492 32.04585647583008 31.6944637298584 31.80646324157715 31.87673568725586 31.215391159057617 31.80556869506836 
33.18355178833008 31.8242244720459 31.904287338256836 31.20502471923828 32.290687561035156 31.815935134887695 32.18339157104492 32.0948486328125 
33.596832275390625 31.834848403930664 31.687679290771484 31.27142333984375 31.63759994506836 31.476768493652344 31.502304077148438 31.930431365966797 
32.43904113769531 31.636703491210938 32.019073486328125 31.48736000061035 32.17446517944336 31.78268814086914 31.53638458251953 31.709535598754883 
32.187808990478516 31.287967681884766 32.04889678955078 31.467103958129883 32.163169860839844 32.10902404785156 31.782943725585938 31.83843231201172 
34.33299255371094 31.689695358276367 31.31782341003418 31.364992141723633 32.28054428100586 32.05692672729492 32.125247955322266 32.32076644897461 
42.40291213989258 39.82566452026367 40.649696350097656 40.96499252319336 40.870750427246094 40.8869743347168 40.09142303466797 40.60774230957031 
42.238014221191406 40.08524703979492 40.973087310791016 40.853729248046875 41.32185745239258 40.953407287597656 40.11420822143555 41.425662994384766 
41.75801467895508 40.50979232788086 40.851585388183594 40.83590316772461 40.78678512573242 39.829952239990234 40.174720764160156 40.8702392578125 
42.2760009765625 40.804447174072266 40.791648864746094 40.96700668334961 40.12489700317383 40.633087158203125 40.30495834350586 41.03142547607422 
43.811710357666016 40.14041519165039 39.54608154296875 41.23161697387695 40.31654357910156 41.111297607421875 41.32691192626953 42.1649284362793 
42.05606460571289 40.1223030090332 40.30201721191406 40.000606536865234 40.3658561706543 39.61123275756836 40.24537658691406 41.67808151245117 
41.15951919555664 40.28732681274414 40.71062469482422 40.75129699707031 40.757598876953125 41.07235336303711 40.39487838745117 41.26937484741211 
42.26873779296875 39.39360046386719 40.32521438598633 40.44464111328125 40.36127853393555 40.70956802368164 39.90876770019531 41.44630432128906 
42.35747146606445 40.10047912597656 41.045982360839844 40.942752838134766 41.52550506591797 40.72623825073242 39.3768310546875 39.37363052368164 
41.06755065917969 39.97651290893555 41.10793685913086 41.015838623046875 39.822784423828125 41.08051300048828 40.024417877197266 41.57990264892578 
60.55641555786133 61.34860610961914 59.71036911010742 60.66767883300781 60.57411193847656 61.91417694091797 59.89923095703125 60.552703857421875 
63.45942306518555 60.35881423950195 62.1912956237793 59.79212951660156 61.794559478759766 61.65513610839844 61.22953414916992 60.34960174560547 
60.756832122802734 61.288543701171875 60.598270416259766 59.92272186279297 61.16761779785156 62.66806411743164 58.9277458190918 62.065887451171875 
61.63478469848633 61.75350570678711 61.27167892456055 60.283329010009766 61.77699279785156 62.95840072631836 60.199134826660156 58.578304290771484 
61.56028747558594 60.485984802246094 61.18617630004883 59.28358459472656 60.67987060546875 60.64976119995117 62.26707077026367 62.75356674194336 
61.509056091308594 60.37587356567383 59.188926696777344 60.85647964477539 60.60627365112305 58.929664611816406 62.6228141784668 60.76300811767578 
60.92979049682617 59.381919860839844 62.38742446899414 61.07126235961914 61.836673736572266 60.11638259887695 61.53859329223633 61.378849029541016 
60.75212860107422 62.47727966308594 60.449249267578125 61.577056884765625 60.94083023071289 59.23299026489258 60.229087829589844 62.567073822021484 
60.98271942138672 60.22800064086914 60.82806396484375 60.28815841674805 62.25388717651367 59.65903854370117 62.190433502197266 60.8493766784668 
61.833152770996094 61.21084976196289 61.858367919921875 60.46604919433594 61.82223892211914 60.131038665771484 60.93036651611328 59.98793411254883 
65.41260528564453 65.71929931640625 64.98540496826172 65.75491333007812 66.67286682128906 66.65350341796875 64.80521392822266 67.90636444091797 
64.88972473144531 64.98576354980469 66.93241882324219 64.84226989746094 67.15385437011719 66.75615692138672 65.66070556640625 65.77552032470703 
65.91248321533203 65.11907196044922 65.98063659667969 66.8144302368164 65.05868530273438 66.99644470214844 66.75520324707031 67.1022720336914 
65.15843200683594 65.98291015625 66.21897888183594 65.21158599853516 66.17203521728516 65.71238708496094 63.781150817871094 67.54345703125 
65.20323181152344 65.05567932128906 65.82959747314453 66.10368347167969 66.9714584350586 66.5416030883789 66.64911651611328 64.56649780273438 
68.36736297607422 64.96934509277344 65.03897857666016 65.49772644042969 63.63510513305664 66.45651245117188 66.52124786376953 67.55718231201172 
64.03266906738281 66.0738525390625 64.60623931884766 66.52054595947266 65.52006530761719 65.64653015136719 65.1313247680664 66.66867065429688 
64.6895980834961 65.3682861328125 65.6494369506836 66.78412628173828 66.28083038330078 66.4842529296875 66.4134750366211 66.96451568603516 
66.21382141113281 65.9721908569336 65.66918182373047 64.95299530029297 63.56563186645508 64.48531341552734 66.4068832397461 67.14969635009766 
66.62694549560547 64.9892807006836 66.69926452636719 66.38127899169922 65.85395050048828 65.27891540527344 65.13753509521484 66.64717102050781 
50.39868927001953 50.359169006347656 49.792640686035156 49.601470947265625 51.457664489746094 51.02073669433594 49.993438720703125 49.87702560424805 
49.72515106201172 50.81296157836914 51.36441421508789 50.55641555786133 49.74070358276367 50.95296096801758 50.08816146850586 50.365089416503906 
51.32262420654297 50.4060173034668 50.829345703125 50.50041580200195 49.22294235229492 50.69385528564453 51.22419357299805 50.87977600097656 
49.7894401550293 48.6506233215332 51.16425704956055 50.5656623840332 49.474369049072266 51.37411117553711 51.015296936035156 50.310462951660156 
51.525089263916016 49.82108688354492 50.13622283935547 49.87839889526367 51.25145721435547 50.06572723388672 50.193729400634766 49.99846267700195 
50.84553527832031 49.52924728393555 49.914817810058594 49.266944885253906 49.640865325927734 50.3171501159668 50.24143981933594 49.773983001708984 
51.140350341796875 50.087486267089844 49.753089904785156 51.526912689208984 48.84745788574219 50.22111892700195 49.83110427856445 50.693153381347656 
50.360992431640625 49.95030212402344 50.22345733642578 49.197566986083984 51.046016693115234 51.35696029663086 50.1610221862793 49.29123306274414 
51.475521087646484 50.00841522216797 49.842369079589844 49.69209671020508 49.75078582763672 50.43913650512695 49.91971206665039 51.12665557861328 
50.33366394042969 49.51318359375 48.92272186279297 51.109920501708984 49.82128143310547 50.32400131225586 49.84076690673828 50.98419189453125 
29.703392028808594 28.61996841430664 28.561248779296875 28.6943359375 29.325599670410156 29.341440200805664 28.721088409423828 28.449216842651367 
29.443967819213867 28.662656784057617 28.593055725097656 29.157087326049805 28.82793617248535 28.800832748413086 28.850303649902344 28.689119338989258 
31.188608169555664 28.796735763549805 29.06175994873047 28.849824905395508 28.856224060058594 28.783071517944336 28.56764793395996 28.894624710083008 
29.305152893066406 28.638751983642578 28.4289608001709 28.719104766845703 29.52739143371582 29.03215980529785 28.76950454711914 28.675840377807617 
31.23904037475586 28.883455276489258 28.985183715820312 28.523839950561523 28.515199661254883 28.532512664794922 28.77564811706543 29.14806365966797 
31.029888153076172 28.99331283569336 28.524255752563477 28.575136184692383 28.322111129760742 29.118816375732422 29.210912704467773 28.862239837646484 
28.973920822143555 28.76950454711914 29.148704528808594 29.09401512145996 28.805696487426758 28.653568267822266 28.925376892089844 28.62156867980957 
33.09427261352539 28.88559913635254 28.831039428710938 28.73593521118164 28.987455368041992 29.02777671813965 28.795551300048828 28.70560073852539 
30.046239852905273 28.922271728515625 28.41651153564453 28.502975463867188 29.07811164855957 29.19705581665039 28.805984497070312 28.821151733398438 
32.34755325317383 28.671680450439453 28.46294403076172 28.553823471069336 29.22211265563965 29.532384872436523 28.981599807739258 28.766399383544922 
49.87251281738281 49.6517448425293 48.14985656738281 49.314144134521484 49.51865768432617 48.4747200012207 50.16089630126953 49.16284942626953 
49.12803268432617 49.42918395996094 47.37363052368164 49.57302474975586 49.715904235839844 48.915584564208984 48.419105529785156 49.77686309814453 
49.83590316772461 49.36995315551758 48.231136322021484 49.3326416015625 49.656768798828125 48.37868881225586 49.708831787109375 49.358238220214844 
48.54393768310547 49.55043029785156 48.639488220214844 49.08620834350586 49.88694381713867 48.63148880004883 49.53852844238281 49.27897644042969 
49.16806411743164 48.41507339477539 50.34953689575195 49.173439025878906 49.642974853515625 49.17862319946289 49.108638763427734 48.98003387451172 
48.967201232910156 48.8551025390625 48.34220886230469 48.17433547973633 49.80403137207031 50.06835174560547 48.385887145996094 50.104736328125 
49.700958251953125 49.183902740478516 49.801151275634766 49.6255989074707 48.32195281982422 50.578880310058594 49.777793884277344 48.17020797729492 
49.48649597167969 48.374977111816406 49.19375991821289 48.76518249511719 48.83155059814453 49.593727111816406 48.63862228393555 49.15987014770508 
50.45155334472656 48.05788803100586 49.672767639160156 49.667137145996094 48.32185745239258 49.51766586303711 49.76300811767578 48.32080078125 
49.0300178527832 49.591487884521484 49.978912353515625 49.33875274658203 48.15244674682617 49.6789436340332 48.6828498840332 49.68726348876953 
40.40947341918945 40.167137145996094 40.457054138183594 40.58995056152344 40.666015625 40.53839874267578 41.10976028442383 41.40639877319336 
42.05286407470703 41.23779296875 41.327518463134766 41.54956817626953 40.8988151550293 40.84272003173828 40.52182388305664 41.44895935058594 
41.86880111694336 41.06684875488281 40.86012649536133 40.71603012084961 40.45084762573242 39.7193603515625 39.96796798706055 40.3152961730957 
42.21241760253906 40.10774230957031 40.710689544677734 40.507232666015625 40.82406234741211 40.282752990722656 40.117313385009766 40.41990280151367 
41.64438247680664 40.43174362182617 40.01068878173828 40.37004852294922 40.37907028198242 40.42563247680664 40.27097702026367 40.6976318359375 
42.494590759277344 40.99244689941406 41.468257904052734 41.55718231201172 41.189632415771484 40.90742492675781 40.439937591552734 40.325313568115234 
42.04374313354492 41.42444610595703 41.7977294921875 40.62508773803711 40.5549430847168 40.37129592895508 41.30713653564453 40.556129455566406 
41.29939270019531 41.334590911865234 41.67865753173828 41.219329833984375 39.83238220214844 40.2487678527832 41.07654571533203 40.9398078918457 
42.100128173828125 41.08256149291992 40.99033737182617 41.0030403137207 40.11715316772461 39.62870407104492 39.71263885498047 40.47395324707031 
42.29692840576172 41.277374267578125 41.496097564697266 41.337886810302734 40.38041687011719 41.28134536743164 40.481632232666016 41.06150436401367 
64.10147094726562 60.25814437866211 60.25331115722656 60.45558547973633 60.72083282470703 59.949153900146484 62.63024139404297 60.81126403808594 
61.185569763183594 60.114784240722656 61.068511962890625 59.49091339111328 62.16950225830078 60.31631851196289 61.634464263916016 60.34640121459961 
61.8513298034668 60.8438720703125 61.301822662353516 60.5733757019043 61.355201721191406 60.79993438720703 57.999393463134766 60.76326370239258 
60.111263275146484 60.62540817260742 60.97353744506836 61.10895919799805 59.665184020996094 59.86908721923828 62.23814392089844 61.13593673706055 
61.13772964477539 61.88742446899414 60.87712097167969 61.658782958984375 59.88780975341797 61.47740936279297 62.1267204284668 62.238014221191406 
60.74668884277344 59.843711853027344 61.48291015625 58.76444625854492 60.38284683227539 60.73017501831055 64.499267578125 60.28976058959961 
61.158912658691406 59.38832092285156 61.850433349609375 60.327903747558594 61.83494567871094 60.37855911254883 59.90576171875 60.684513092041016 
60.308448791503906 61.01408004760742 60.46752166748047 61.569217681884766 60.34092712402344 61.10569763183594 61.4920654296875 61.82304000854492 
60.179168701171875 61.96464157104492 60.63148880004883 61.26784133911133 60.34159851074219 61.8653450012207 61.43782424926758 60.85356903076172 
63.949440002441406 59.963134765625 61.03776168823242 60.105377197265625 61.37478256225586 59.6695671081543 61.888511657714844 60.37820816040039 
37.57283020019531 36.89459228515625 37.01670455932617 37.10319900512695 37.26902389526367 36.44182586669922 37.56208038330078 37.6220817565918 
37.5203857421875 37.33542251586914 37.49433517456055 36.86617660522461 36.060447692871094 37.64284896850586 36.851905822753906 37.428192138671875 
37.51475143432617 37.45663833618164 36.97324752807617 37.06819152832031 36.27238464355469 37.39295959472656 37.473182678222656 37.43510437011719 
38.72342300415039 36.65244674682617 36.20841598510742 37.20675277709961 37.51875305175781 37.080448150634766 36.7883186340332 36.963680267333984 
37.92844772338867 36.50166320800781 37.51814270019531 36.6115837097168 38.052734375 37.17500686645508 37.088287353515625 37.61190414428711 
37.94627380371094 36.43743896484375 37.34288024902344 37.39497756958008 37.40915298461914 37.208927154541016 37.52649688720703 37.435585021972656 
38.027713775634766 37.04655838012695 36.24335861206055 37.742977142333984 37.664031982421875 37.383262634277344 37.33776092529297 36.8559684753418 
38.81302261352539 37.216670989990234 37.29315185546875 36.77503967285156 36.06835174560547 36.93113708496094 37.52489471435547 36.79948806762695 
38.96393585205078 36.68899154663086 37.65359878540039 37.15817642211914 36.605953216552734 37.42646408081055 37.439903259277344 37.56486511230469 
37.98067092895508 36.08867263793945 36.7375373840332 37.26825714111328 37.41244888305664 36.850624084472656 36.98716735839844 37.41747283935547 
47.588863372802734 45.45711898803711 47.216670989990234 45.93779373168945 47.04217529296875 46.20646286010742 46.61328125 45.833473205566406 
47.090431213378906 45.58265686035156 46.290367126464844 46.16089630126953 45.25910568237305 46.6393928527832 47.047393798828125 45.95759963989258 
46.552799224853516 46.409950256347656 45.66672134399414 46.25507354736328 46.8579216003418 45.91097640991211 47.58063888549805 45.98441696166992 
45.779808044433594 46.438560485839844 45.61299133300781 45.87152099609375 47.18659210205078 46.19724655151367 47.025184631347656 46.32905578613281 
49.64191818237305 45.88969421386719 45.866432189941406 46.425472259521484 46.3454704284668 45.87311935424805 46.86912155151367 46.620033264160156 
46.35504150390625 46.51590347290039 46.563297271728516 45.64012908935547 46.68646240234375 47.38896179199219 46.586753845214844 46.90959930419922 
46.402496337890625 45.25603103637695 45.670654296875 47.16630554199219 45.60444641113281 46.720672607421875 45.86134338378906 47.317665100097656 
45.29868698120117 47.14400100708008 46.30207824707031 46.00851058959961 45.57030487060547 47.340641021728516 45.70387268066406 47.84048080444336 
49.766334533691406 45.48588943481445 47.308414459228516 45.3504638671875 47.18486404418945 45.81660842895508 47.36547088623047 46.024864196777344 
45.054527282714844 47.15321731567383 46.02707290649414 46.40447998046875 46.35647964477539 46.830623626708984 45.84463882446289 46.71004867553711 
56.77372741699219 55.63983917236328 57.244384765625 57.009342193603516 56.1945915222168 55.780033111572266 56.69510269165039 56.9277458190918 
55.99110412597656 55.53583908081055 55.84678268432617 56.87721633911133 58.07254409790039 56.736961364746094 55.63187026977539 56.6005744934082 
56.5656623840332 57.21664047241211 55.853599548339844 56.7059211730957 55.71033477783203 57.24921417236328 56.52569580078125 56.14796829223633 
56.769535064697266 56.29507064819336 57.05100631713867 57.71641540527344 56.280704498291016 55.6484489440918 56.876766204833984 57.091007232666016 
60.14723205566406 55.21641540527344 54.06460952758789 55.952735900878906 57.90460968017578 57.10905456542969 56.34550476074219 55.79052734375 
56.65251159667969 55.77427291870117 56.01273727416992 56.70857620239258 57.414817810058594 57.32396697998047 54.751136779785156 56.068321228027344 
55.97129440307617 56.218017578125 57.363712310791016 57.18230438232422 55.471614837646484 55.63932800292969 56.158878326416016 56.84233474731445 
56.95907211303711 55.30009460449219 57.003807067871094 56.75699234008789 55.84214401245117 55.957088470458984 56.45657730102539 57.5266227722168 
58.47856140136719 57.12480163574219 56.04684829711914 55.30083084106445 56.06147384643555 57.96556854248047 57.25030517578125 56.49679946899414 
60.318302154541016 54.91062545776367 56.167518615722656 56.08678436279297 56.70246505737305 57.18912124633789 57.267520904541016 55.719390869140625 
73.51859283447266 74.65875244140625 71.65718078613281 74.14697265625 73.68147277832031 73.80998229980469 74.01683044433594 77.06463623046875 
73.70524597167969 75.50752258300781 74.35142517089844 75.18061065673828 74.45718383789062 74.50556945800781 75.95801544189453 75.0146255493164 
73.23776245117188 74.52751922607422 71.8075180053711 74.45782470703125 75.05951690673828 73.92813110351562 75.6042251586914 75.80662536621094 
74.34345245361328 74.70476531982422 74.73174285888672 75.54496002197266 74.7176284790039 76.11103820800781 76.62854766845703 77.0450210571289 
75.22463989257812 74.5638427734375 73.9384994506836 75.07933044433594 73.50780487060547 75.79666900634766 75.17817687988281 76.67622375488281 
73.91667175292969 76.06041717529297 76.40729522705078 74.65650939941406 74.4400634765625 74.59503936767578 75.33110046386719 75.54399871826172 
75.81455993652344 73.7988510131836 74.62822723388672 75.1283187866211 74.34770965576172 75.90332794189453 75.97427368164062 78.92781066894531 
75.66864013671875 73.98662567138672 73.26000213623047 75.28742218017578 73.22188568115234 76.07552337646484 74.83148956298828 77.00838470458984 
75.04806518554688 73.91423797607422 75.42015838623047 75.2630386352539 75.26016235351562 74.84124755859375 74.785888671875 77.19007873535156 
74.66770935058594 72.91606140136719 74.46707153320312 73.77481842041016 74.91584014892578 75.1688003540039 73.95043182373047 76.11337280273438 
66.67302703857422 66.84710693359375 65.69757080078125 67.89311981201172 66.21715545654297 66.65017700195312 65.88114929199219 66.95219421386719 
65.00179290771484 68.18287658691406 65.91852569580078 68.25138854980469 69.25199890136719 68.64297485351562 68.76470184326172 68.05619049072266 
65.33763122558594 66.03254699707031 66.10921478271484 65.4919662475586 65.57170867919922 67.00895690917969 68.19203186035156 68.36822509765625 
65.05996704101562 66.25459289550781 66.78323364257812 66.27439880371094 65.70108795166016 64.98969268798828 65.0235824584961 69.32147216796875 
71.30780792236328 64.89366149902344 65.40873718261719 67.56256103515625 64.91311645507812 68.06505584716797 67.72825622558594 67.789794921875 
67.16851043701172 66.70793914794922 65.1412124633789 64.274658203125 66.99942779541016 67.35686492919922 66.95740509033203 67.43456268310547 
68.00275421142578 66.70127868652344 65.73420715332031 64.69916534423828 66.62815856933594 67.41865539550781 64.42768096923828 67.44873809814453 
67.15679931640625 67.92323303222656 67.759521484375 66.17266845703125 65.96339416503906 67.11116790771484 67.95897674560547 67.48185729980469 
66.74940490722656 65.56687927246094 66.25552368164062 65.62435150146484 67.3430404663086 65.97789001464844 68.2314224243164 67.35507202148438 
70.41065979003906 65.85753631591797 67.18310546875 66.69344329833984 65.12969970703125 66.60342407226562 66.16425323486328 68.12041473388672 
65.93062591552734 65.88960266113281 66.2675552368164 65.86637115478516 66.37712097167969 66.87264251708984 66.36892700195312 69.19872283935547 
67.23967742919922 67.30054473876953 66.95378875732422 67.24739074707031 66.86195373535156 65.74240112304688 67.82563018798828 69.29369354248047 
65.59625244140625 66.71881866455078 64.93587493896484 66.57917022705078 66.37110137939453 65.88511657714844 65.89238739013672 67.5064926147461 
67.44588470458984 67.66668701171875 67.70931243896484 66.25260925292969 67.85327911376953 65.07564544677734 67.7096939086914 70.39971160888672 
65.7270736694336 66.25856018066406 64.73353576660156 67.23280334472656 67.43427276611328 67.71372985839844 68.04281616210938 67.40713500976562 
65.79977416992188 65.2061767578125 65.0940170288086 66.30022430419922 66.7675552368164 67.59085083007812 66.75347137451172 68.07039642333984 
67.09321594238281 68.2175064086914 67.63846588134766 67.43097686767578 66.65119934082031 67.2613754272461 67.56950378417969 69.14908599853516 
66.48595428466797 67.78694152832031 67.35123443603516 66.24527740478516 67.78323364257812 67.21273803710938 67.20848083496094 70.18982696533203 
67.44505310058594 67.64060974121094 68.09254455566406 67.04249572753906 67.54815673828125 66.85456085205078 67.96195220947266 68.52793884277344 
67.01753234863281 64.93421173095703 66.1112289428711 64.6624984741211 66.5792007446289 66.7820816040039 66.8934097290039 64.95763397216797 
58.24339294433594 56.44892883300781 55.371742248535156 55.82457733154297 54.723358154296875 54.84134292602539 55.221214294433594 55.53900909423828 
56.64067077636719 55.609153747558594 54.90019226074219 55.224063873291016 54.60784149169922 54.630367279052734 55.03366470336914 55.21139144897461 
58.82156753540039 56.07040023803711 56.34531021118164 55.498817443847656 56.59135818481445 56.46579360961914 56.33891296386719 55.81049728393555 
57.53247833251953 55.43190383911133 56.993438720703125 55.739742279052734 54.936641693115234 54.615169525146484 54.932960510253906 54.789119720458984 
54.90924835205078 54.490272521972656 54.878143310546875 55.585567474365234 55.841888427734375 56.6459846496582 55.79155349731445 55.24950408935547 
55.33126449584961 55.104129791259766 54.66128158569336 56.05129623413086 55.87820816040039 55.66432189941406 55.58585739135742 56.993473052978516 
55.82976150512695 55.40003204345703 55.95286560058594 56.391807556152344 56.59049606323242 54.84748840332031 56.320159912109375 55.806880950927734 
56.341983795166016 53.28345489501953 55.02937698364258 56.02409744262695 56.411102294921875 56.5483512878418 55.234527587890625 56.090335845947266 
57.021793365478516 54.370174407958984 55.779296875 56.42825698852539 55.658111572265625 54.9002571105957 55.570369720458984 54.95619201660156 
56.18272018432617 55.0728645324707 56.74844741821289 56.433311462402344 57.39507293701172 54.610816955566406 55.52860641479492 55.85881423950195 
54.34947204589844 53.51532745361328 52.74006271362305 53.32291030883789 53.511775970458984 53.644798278808594 52.3408317565918 54.488800048828125 
54.71923065185547 53.41379165649414 53.223297119140625 52.921600341796875 53.31647872924805 52.25385665893555 54.70991897583008 54.253631591796875 
54.74595260620117 54.77791976928711 54.45529556274414 54.91449737548828 53.953887939453125 54.71120071411133 54.11119842529297 54.44303894042969 
53.47081756591797 53.10211181640625 53.280670166015625 53.41414260864258 54.64102554321289 53.8870735168457 53.80508804321289 54.258174896240234 
54.58854293823242 54.52947235107422 54.359134674072266 54.3454704284668 53.75987243652344 54.48009490966797 54.58019256591797 54.54457473754883 
56.68950271606445 54.30633544921875 53.761470794677734 52.36703872680664 54.15129470825195 54.84550476074219 54.56905746459961 53.86115264892578 
58.97654342651367 54.1354866027832 55.201663970947266 54.94972610473633 54.49110412597656 54.85366439819336 53.52550506591797 55.34588623046875 
54.04198455810547 53.606719970703125 54.13212966918945 54.13721466064453 53.52342224121094 54.07884979248047 54.08643341064453 53.5906867980957 
54.034942626953125 52.4944953918457 54.86729431152344 54.06553649902344 54.625343322753906 54.11164855957031 54.1497917175293 54.7737922668457 
54.61203384399414 53.94870376586914 55.01084899902344 54.866241455078125 54.843326568603516 53.92998504638672 55.40873718261719 54.503360748291016 
55.57139205932617 55.82467269897461 57.15718460083008 55.481727600097656 55.783103942871094 56.4251823425293 55.42563247680664 56.380126953125 
56.14521789550781 56.39449691772461 56.542686462402344 55.71641540527344 56.15372848510742 56.66099166870117 55.860511779785156 57.133792877197266 
59.690975189208984 56.9403190612793 57.51945495605469 56.03926467895508 55.761505126953125 57.0610237121582 56.96681594848633 55.3131217956543 
55.789024353027344 56.44879913330078 56.60313415527344 55.195743560791016 56.65456008911133 55.572288513183594 56.05043029785156 56.7655029296875 
56.1879997253418 57.256065368652344 56.95094299316406 56.95750427246094 55.602622985839844 56.250465393066406 56.03558349609375 57.54073715209961 
55.81916809082031 55.37228775024414 56.928993225097656 57.19472122192383 56.46012878417969 55.545536041259766 54.27219009399414 55.84320068359375 
56.65625762939453 56.404544830322266 55.32908630371094 55.88905715942383 57.69276809692383 57.13129425048828 56.416255950927734 54.93622589111328 
57.461727142333984 57.498207092285156 56.975006103515625 55.74323272705078 56.104705810546875 57.47907257080078 55.96745681762695 57.04403305053711 
56.92185592651367 56.026817321777344 57.10243225097656 55.79945755004883 55.1541748046875 56.47785568237305 57.050846099853516 56.328033447265625 
57.93251037597656 56.7718391418457 55.777854919433594 55.144737243652344 56.671424865722656 56.045982360839844 57.35945510864258 56.04963302612305 
28.87174415588379 29.39788818359375 29.094623565673828 29.028575897216797 28.833951950073242 29.25052833557129 29.568384170532227 29.4355525970459 
30.233312606811523 28.956735610961914 28.782623291015625 28.991167068481445 28.805856704711914 29.48124885559082 29.41219139099121 29.111711502075195 
31.139808654785156 29.41094398498535 29.257600784301758 29.547456741333008 28.89289665222168 29.385440826416016 29.505855560302734 29.135360717773438 
29.837024688720703 29.301055908203125 28.699359893798828 29.07267189025879 29.15020751953125 29.386592864990234 29.432479858398438 29.21286392211914 
29.597152709960938 29.046464920043945 29.25609588623047 29.18239974975586 29.50281524658203 29.50035285949707 29.140031814575195 28.944639205932617 
29.333215713500977 28.79324722290039 28.917152404785156 29.698240280151367 29.527488708496094 29.037376403808594 28.677824020385742 28.622943878173828 
29.564640045166016 29.264480590820312 29.15068817138672 29.112640380859375 29.248735427856445 29.593280792236328 29.441823959350586 29.056575775146484 
30.063039779663086 29.05891227722168 28.90435218811035 28.671615600585938 28.77884864807129 29.013248443603516 29.232160568237305 29.311935424804688 
29.512800216674805 29.593120574951172 29.442655563354492 29.0849609375 28.845951080322266 28.81488037109375 29.394432067871094 29.599327087402344 
30.273536682128906 28.926176071166992 28.929248809814453 28.837120056152344 28.87228775024414 28.695295333862305 29.270816802978516 29.30531120300293 
66.13865661621094 66.68489837646484 65.46399688720703 67.36748504638672 67.8004150390625 67.7867202758789 68.17244720458984 69.71167755126953 
67.64031982421875 67.16864013671875 66.98371124267578 66.7701416015625 66.58329772949219 66.41865539550781 66.63814544677734 67.55865478515625 
66.6968002319336 66.92108917236328 65.98857879638672 66.68364715576172 66.2125473022461 66.54019165039062 66.55564880371094 66.21040344238281 
66.7667236328125 66.24524688720703 67.40636444091797 68.19283294677734 67.71401977539062 67.4570541381836 64.25094604492188 71.51007843017578 
66.02403259277344 65.75555419921875 67.66483306884766 65.54812622070312 68.42473602294922 68.04265594482422 66.97225952148438 70.27049255371094 
66.38182067871094 66.3081283569336 66.35254669189453 66.02220916748047 65.04399871826172 66.90220642089844 67.69910430908203 67.58051300048828 
65.82621002197266 67.01644897460938 66.63520050048828 64.8172836303711 68.863037109375 65.31622314453125 67.82093048095703 66.9070053100586 
67.50137329101562 66.70025634765625 68.29084777832031 67.97769927978516 67.74671936035156 68.06598663330078 67.1213150024414 69.59363555908203 
67.20243072509766 67.40457916259766 69.04621124267578 68.03081512451172 68.20790100097656 67.7297592163086 68.00777435302734 68.78125 
65.66092681884766 66.55292510986328 66.41228485107422 66.39778900146484 66.00563049316406 65.22675323486328 66.99667358398438 67.98143768310547 
30.923263549804688 29.02851104736328 28.152416229248047 28.003360748291016 28.282655715942383 28.220096588134766 28.735647201538086 28.759456634521484 
30.245439529418945 28.641887664794922 27.823455810546875 28.01532745361328 28.166271209716797 27.863040924072266 28.121919631958008 28.631423950195312 
29.38128089904785 28.66543960571289 28.227807998657227 28.189983367919922 28.032991409301758 28.18467140197754 28.607328414916992 28.553632736206055 
29.55446434020996 28.515296936035156 28.002880096435547 28.02716827392578 27.858688354492188 27.919328689575195 28.56719970703125 28.511743545532227 
31.116832733154297 28.623231887817383 28.53923225402832 28.575328826904297 28.378271102905273 28.120384216308594 28.77020835876465 28.57257652282715 
30.177919387817383 28.42140769958496 28.060224533081055 27.667776107788086 27.836896896362305 27.92176055908203 27.868799209594727 28.339967727661133 
30.131999969482422 28.241504669189453 28.781951904296875 28.46723175048828 28.49465560913086 28.40243148803711 28.166112899780273 28.279584884643555 
30.803871154785156 28.221696853637695 27.85296058654785 28.083328247070312 28.411968231201172 28.310367584228516 27.84886360168457 27.77052879333496 
29.668800354003906 28.105375289916992 28.29417610168457 29.05523109436035 28.77609634399414 28.395872116088867 28.246976852416992 28.00009536743164 
32.283424377441406 28.60857582092285 28.254335403442383 27.967327117919922 27.94550323486328 27.928096771240234 27.815776824951172 27.905759811401367 
30.164831161499023 28.04070472717285 28.736095428466797 28.65884780883789 28.239360809326172 27.99190330505371 28.141855239868164 28.265504837036133 
30.815744400024414 28.35785675048828 27.6312313079834 27.873279571533203 28.009920120239258 27.77497673034668 27.97145652770996 28.018239974975586 
29.45020866394043 28.34137535095215 28.029151916503906 28.392736434936523 28.100128173828125 28.54924774169922 28.627775192260742 28.55891227722168 
31.281503677368164 28.23174476623535 27.74278450012207 28.070240020751953 28.411327362060547 28.610591888427734 28.266271591186523 27.91814422607422 
31.944223403930664 29.335424423217773 28.605728149414062 28.495616912841797 28.34377670288086 28.17206382751465 27.984479904174805 28.149824142456055 
30.872543334960938 28.87763214111328 28.142431259155273 27.87820816040039 27.8940486907959 27.808448791503906 27.869216918945312 27.925504684448242 
29.416671752929688 29.2956485748291 28.136831283569336 28.052608489990234 28.289920806884766 28.729440689086914 28.773727416992188 28.32089614868164 
31.51571273803711 28.339744567871094 28.700096130371094 28.27680015563965 27.971424102783203 27.98646354675293 27.81999969482422 27.770719528198242 
30.613344192504883 28.520511627197266 29.145727157592773 28.596384048461914 28.161088943481445 27.97875213623047 28.199199676513672 28.128768920898438 
30.549856185913086 28.175199508666992 27.738176345825195 27.937856674194336 27.79587173461914 27.911359786987305 28.171648025512695 28.881696701049805 
86.72032165527344 86.86434936523438 84.97113800048828 83.83824157714844 84.96153259277344 86.33135986328125 83.78185272216797 87.51395416259766 
84.9005126953125 84.6690902709961 85.39997100830078 86.25357055664062 87.18029022216797 87.78803253173828 86.53145599365234 84.68710327148438 
87.8298568725586 85.83328247070312 84.3309097290039 84.21683502197266 88.34754943847656 87.55757141113281 87.85804748535156 85.34716796875 
91.17401885986328 86.24188995361328 85.33379364013672 83.62255859375 84.84566497802734 85.4131851196289 87.50355529785156 84.18777465820312 
87.17756652832031 86.9830093383789 86.2847671508789 83.99260711669922 85.87494659423828 87.0693130493164 88.127197265625 87.55165100097656 
85.41433715820312 84.49292755126953 85.38470458984375 87.73980712890625 86.65705871582031 86.33123016357422 86.5818862915039 85.82316589355469 
85.29724884033203 87.89027404785156 87.56880187988281 87.29011535644531 84.95475006103516 83.669921875 86.30857849121094 87.42540740966797 
86.65811157226562 82.61593627929688 85.83891296386719 86.27494049072266 85.61587524414062 84.76659393310547 88.63382720947266 87.21094512939453 
83.97824096679688 85.38201904296875 84.25910186767578 83.99231719970703 88.0052490234375 86.80719757080078 84.85266876220703 85.08780670166016 
88.4731216430664 85.440673828125 85.32915496826172 83.82144165039062 86.6262435913086 86.26742553710938 89.73878479003906 84.71580505371094 
40.249088287353516 39.13206481933594 39.101951599121094 39.07564926147461 39.197086334228516 38.84787368774414 38.4475212097168 38.16115188598633 
40.11414337158203 39.71139144897461 39.733184814453125 39.858272552490234 39.139678955078125 39.47334289550781 39.92073440551758 39.804447174072266 
41.227264404296875 38.64704132080078 38.69363021850586 38.127201080322266 38.13600158691406 39.854209899902344 39.87171173095703 40.08464050292969 
41.05731201171875 39.46944046020508 39.32012939453125 39.20707321166992 39.2496337890625 38.88595199584961 38.968223571777344 38.39120101928711 
40.71174240112305 39.87567901611328 39.86345672607422 39.87843322753906 39.104801177978516 39.971710205078125 38.77267074584961 39.344703674316406 
41.11164855957031 38.650943756103516 39.05427169799805 38.24272155761719 38.347232818603516 39.82156753540039 39.86115264892578 39.88108825683594 
40.13420867919922 38.7360954284668 38.50774383544922 39.66124725341797 39.92156982421875 39.681087493896484 39.93062210083008 39.282752990722656 
39.880096435546875 39.27219009399414 39.22665786743164 39.16851043701172 39.071231842041016 38.844993591308594 38.453697204589844 38.87936019897461 
41.4466552734375 38.850528717041016 39.78019332885742 40.10569763183594 39.88675308227539 39.79734420776367 38.87993621826172 39.940032958984375 
40.45471954345703 38.863006591796875 39.557823181152344 39.71440124511719 40.477439880371094 38.99638366699219 39.9870719909668 39.47488021850586 
53.95043182373047 52.031742095947266 53.41187286376953 53.3798713684082 53.29475021362305 53.25798416137695 53.30796813964844 53.41183853149414 
54.234336853027344 54.76851272583008 54.814720153808594 53.341758728027344 54.64716720581055 53.99488067626953 53.2158088684082 53.69887924194336 
53.529151916503906 52.936256408691406 53.02659225463867 53.04671859741211 53.55299377441406 53.99158477783203 53.33715057373047 54.034881591796875 
54.57331085205078 53.770111083984375 54.03260803222656 54.25337600708008 53.455841064453125 53.62051010131836 53.91721725463867 54.21200180053711 
54.160736083984375 54.097312927246094 54.74089431762695 53.83436965942383 54.53443145751953 53.59049606323242 53.662113189697266 53.611934661865234 
55.756256103515625 54.94121551513672 54.490943908691406 54.6506233215332 53.63078308105469 53.597312927246094 53.506080627441406 53.530879974365234 
54.777217864990234 52.46944046020508 55.380863189697266 54.9332160949707 55.01161575317383 54.516414642333984 53.48659133911133 54.1940803527832 
53.55107116699219 52.89548873901367 54.073150634765625 55.0274543762207 53.82284927368164 53.56220626831055 54.53152084350586 52.527103424072266 
53.38383865356445 53.143550872802734 53.293983459472656 52.910945892333984 53.353729248046875 53.94192123413086 53.65248107910156 54.21196746826172 
54.6486701965332 55.38060760498047 54.747230529785156 52.996543884277344 54.745216369628906 53.800926208496094 54.78224182128906 54.2248649597168 
62.49168014526367 59.355262756347656 58.65484619140625 60.46752166748047 58.88585662841797 60.55878448486328 59.398529052734375 59.18463897705078 
60.93030548095703 57.83737564086914 58.84486389160156 58.72572708129883 60.299007415771484 58.502750396728516 59.657630920410156 59.90227127075195 
60.89276885986328 60.397727966308594 59.57334518432617 59.147647857666016 60.33795166015625 59.40371322631836 58.87091064453125 60.443328857421875 
60.73455810546875 58.62294387817383 59.61062240600586 61.26403045654297 58.6165771484375 60.04444885253906 60.71718215942383 59.25542449951172 
62.501407623291016 60.14400100708008 60.74505615234375 57.32233428955078 58.79270553588867 60.31318283081055 59.62102508544922 59.08313751220703 
61.851009368896484 58.85619354248047 59.6761589050293 59.61916732788086 59.96633529663086 58.924766540527344 61.14787292480469 59.92403030395508 
61.53353500366211 59.40879821777344 60.132320404052734 58.116512298583984 59.559391021728516 58.503902435302734 59.941184997558594 59.573280334472656 
61.2716178894043 60.05091094970703 59.28246307373047 59.99417495727539 59.2720947265625 59.67363357543945 60.60192108154297 60.81683349609375 
61.34297561645508 60.86579132080078 58.646305084228516 60.381534576416016 60.4007682800293 58.96121597290039 59.962623596191406 59.5392951965332 
61.2710075378418 58.42496109008789 60.074623107910156 58.35868835449219 59.452449798583984 61.51763153076172 57.35395050048828 59.2553596496582 
34.990177154541016 34.16019058227539 34.81740951538086 35.022911071777344 34.75743865966797 35.41971206665039 35.33903884887695 35.44441604614258 
38.47452926635742 35.0 34.700992584228516 35.47158432006836 35.35126495361328 34.91334533691406 34.98188781738281 34.7184944152832 
35.39427185058594 35.27510452270508 34.59542465209961 35.24959945678711 35.24019241333008 35.26668930053711 34.926143646240234 35.54025650024414 
37.41926574707031 35.60233688354492 35.236671447753906 34.38908767700195 35.470176696777344 34.6003532409668 34.99967956542969 34.45487976074219 
36.08860778808594 35.40070343017578 35.59561538696289 34.758174896240234 34.51887893676758 34.926334381103516 34.764190673828125 35.1888313293457 
35.474143981933594 34.26259231567383 34.72108840942383 34.66447830200195 34.948448181152344 34.68582534790039 35.11721420288086 35.396095275878906 
36.74678421020508 35.28630447387695 35.348289489746094 35.31379318237305 35.22022247314453 35.45017623901367 34.57727813720703 34.97385787963867 
35.12284851074219 34.4615364074707 34.46198272705078 35.06809616088867 35.438209533691406 35.18012619018555 34.82534408569336 35.287681579589844 
36.20969772338867 34.67488098144531 34.812992095947266 35.46873474121094 34.557376861572266 34.89206314086914 35.224735260009766 34.229854583740234 
37.06361770629883 34.70457458496094 35.1591682434082 34.733089447021484 34.51385498046875 35.2957763671875 35.67068862915039 34.76758575439453 
65.24713897705078 66.43382263183594 66.17574310302734 65.86124420166016 64.46246337890625 66.53772735595703 66.95369720458984 69.03004455566406 
67.81689453125 66.61481475830078 66.96758270263672 66.9876480102539 65.45574188232422 67.30339050292969 64.80278778076172 66.28364562988281 
66.86061096191406 67.55165100097656 65.08940887451172 67.92723083496094 67.60028839111328 66.96729278564453 67.0455322265625 66.0044174194336 
66.63938903808594 66.78329467773438 66.99327850341797 65.63600158691406 65.79212951660156 66.22496032714844 66.04793548583984 69.45568084716797 
64.98957061767578 65.19267272949219 66.7537612915039 66.98777770996094 66.71894073486328 68.25997161865234 67.71107482910156 68.3799057006836 
65.89913940429688 67.04329681396484 65.62274932861328 67.18870544433594 64.97721862792969 65.94451141357422 65.59552001953125 66.8695068359375 
68.17584228515625 67.65411376953125 67.18294525146484 66.08364868164062 67.6460189819336 67.346435546875 66.76454162597656 68.83094024658203 
64.81763458251953 65.78553771972656 65.13859558105469 65.62540435791016 64.816162109375 66.14649963378906 65.62223815917969 65.76780700683594 
67.76665496826172 67.44486236572266 66.17609405517578 66.56649780273438 64.10332489013672 66.64208221435547 66.51344299316406 68.078369140625 
66.44403076171875 65.00985717773438 65.3090591430664 64.15103912353516 66.44438171386719 66.23715209960938 65.74527740478516 65.52035522460938 
49.91030502319336 51.292030334472656 50.84281539916992 49.65593719482422 50.35996627807617 51.833152770996094 50.71916961669922 49.847198486328125 
50.83689498901367 51.05344009399414 51.04377746582031 50.510528564453125 51.042144775390625 50.08524703979492 50.0928955078125 51.323585510253906 
52.409759521484375 50.831966400146484 49.540321350097656 51.05446243286133 50.59743881225586 50.26019287109375 50.3306884765625 51.199073791503906 
52.69571304321289 49.669857025146484 50.05356979370117 51.70207977294922 50.43584060668945 49.65420913696289 49.47919845581055 50.87299346923828 
50.21603012084961 51.362239837646484 50.581153869628906 49.744991302490234 49.82905578613281 51.19241714477539 49.80227279663086 49.786624908447266 
52.14665603637695 49.79974365234375 51.613792419433594 51.123966217041016 50.21059036254883 49.93507385253906 51.57699203491211 51.14131164550781 
52.90224075317383 49.57798385620117 49.818912506103516 51.00374221801758 51.135009765625 50.78825759887695 49.72828674316406 51.31020736694336 
51.03897476196289 51.08252716064453 50.58319854736328 49.685665130615234 49.61382293701172 51.38236618041992 50.45391845703125 49.97750473022461 
51.405120849609375 50.63420867919922 50.52489471435547 49.40137481689453 49.93500900268555 51.242977142333984 50.770912170410156 50.20163345336914 
51.54822540283203 51.446720123291016 50.545345306396484 49.529823303222656 49.85139083862305 51.51142501831055 50.64112091064453 50.0140495300293 
53.91670227050781 53.24950408935547 52.57487869262695 52.85683059692383 52.910335540771484 54.36627197265625 54.229183197021484 52.8221435546875 
53.05401611328125 52.50627136230469 53.33942413330078 54.235679626464844 52.9005126953125 54.711360931396484 54.524574279785156 54.93203353881836 
55.011070251464844 53.49164962768555 53.25593566894531 52.747745513916016 52.60185623168945 51.47475051879883 54.49942398071289 55.02851104736328 
55.143585205078125 53.07027053833008 54.79616165161133 54.36723327636719 54.2191047668457 52.50476837158203 53.168670654296875 54.90486526489258 
54.91126251220703 53.05302429199219 55.197792053222656 54.6278076171875 54.378273010253906 54.6511344909668 53.5272331237793 55.889183044433594 
54.14851379394531 54.08399963378906 52.03779220581055 55.49302291870117 54.61337661743164 54.547969818115234 54.88163375854492 54.0797119140625 
54.68345642089844 54.27084732055664 54.28732681274414 52.523616790771484 53.382015228271484 54.12345504760742 53.78076934814453 54.069664001464844 
55.778785705566406 54.403072357177734 54.419456481933594 54.25289535522461 53.550655364990234 55.29212951660156 54.70675277709961 55.005409240722656 
54.523616790771484 52.748287200927734 54.05705642700195 54.491390228271484 53.28643035888672 55.014400482177734 54.70848083496094 55.58553695678711 
54.55097579956055 54.45119857788086 52.938655853271484 53.98972702026367 53.54703903198242 52.72848129272461 52.98313522338867 54.41193771362305 
50.48441696166992 48.65459060668945 49.77872085571289 49.912864685058594 48.59084701538086 49.52012634277344 50.33910369873047 49.578590393066406 
51.05062484741211 48.51123046875 49.99961471557617 49.88924789428711 48.6080322265625 49.687198638916016 49.356544494628906 48.76444625854492 
51.016353607177734 48.913246154785156 50.23555374145508 49.70169448852539 48.6097297668457 50.48147201538086 48.8455696105957 48.4911994934082 
53.567039489746094 48.129119873046875 50.372737884521484 49.91187286376953 48.65660858154297 49.491966247558594 50.196800231933594 48.85782241821289 
49.036094665527344 48.27427291870117 49.391326904296875 48.674495697021484 49.58736038208008 49.775264739990234 48.786495208740234 49.722015380859375 
50.12480163574219 48.89424133300781 48.5200309753418 48.72832107543945 49.797950744628906 49.237022399902344 49.25075149536133 49.73980712890625 
50.12358474731445 48.372257232666016 48.98982238769531 49.99705505371094 48.589630126953125 49.82115173339844 49.458465576171875 48.986270904541016 
51.08665466308594 48.504417419433594 48.66252899169922 49.12972640991211 48.32371139526367 48.934017181396484 49.871360778808594 49.861793518066406 
50.332096099853516 48.96438217163086 49.832862854003906 49.55215835571289 48.825408935546875 49.731136322021484 49.6003532409668 48.633182525634766 
50.659488677978516 49.78553771972656 49.20470428466797 48.56630325317383 49.339935302734375 48.893184661865234 49.93110275268555 49.585601806640625 
31.07366371154785 30.305408477783203 30.581119537353516 30.37494468688965 30.36390495300293 30.525375366210938 30.21027183532715 30.674495697021484 
32.42367935180664 30.899744033813477 30.42019271850586 30.802080154418945 30.831647872924805 30.45052719116211 30.654399871826172 30.78825569152832 
30.645280838012695 30.505727767944336 30.470592498779297 30.247711181640625 30.84649658203125 30.639488220214844 30.173856735229492 31.109760284423828 
33.88937759399414 30.345600128173828 30.594816207885742 30.51318359375 30.351808547973633 30.955263137817383 30.784832000732422 30.673599243164062 
31.998016357421875 30.283039093017578 29.946367263793945 30.716064453125 31.247392654418945 30.232608795166016 31.014751434326172 30.637920379638672 
34.83894348144531 30.991039276123047 30.474624633789062 31.445280075073242 30.80521583557129 30.626976013183594 30.885887145996094 30.915903091430664 
31.82771110534668 30.36345672607422 30.00111961364746 30.410175323486328 30.679840087890625 30.36249542236328 30.1265926361084 30.809343338012695 
34.540287017822266 30.722240447998047 30.739360809326172 31.773408889770508 30.712255477905273 30.40105628967285 30.745023727416992 30.52422332763672 
30.896320343017578 30.479455947875977 30.300512313842773 30.475072860717773 30.9234561920166 30.49292755126953 30.321151733398438 31.050464630126953 
33.19807815551758 30.44483184814453 31.021663665771484 30.91391944885254 30.412992477416992 30.896352767944336 30.887615203857422 30.417760848999023 
31.38412857055664 30.247039794921875 30.77123260498047 30.513216018676758 30.244735717773438 30.839744567871094 30.526016235351562 30.252031326293945 
32.88236618041992 31.593664169311523 31.194591522216797 30.160255432128906 30.98454475402832 31.0729923248291 30.317760467529297 31.243295669555664 
31.275583267211914 30.865215301513672 30.5830078125 30.14579200744629 30.739999771118164 30.659839630126953 30.060800552368164 30.840608596801758 
31.648479461669922 31.001632690429688 30.92630386352539 30.46723175048828 30.82588768005371 30.689088821411133 30.348512649536133 30.427072525024414 
31.558752059936523 30.35990333557129 30.192607879638672 30.130111694335938 30.101055145263672 29.961055755615234 30.344736099243164 30.662975311279297 
33.517120361328125 30.694719314575195 30.59939193725586 30.56048011779785 30.399904251098633 30.397472381591797 30.357023239135742 30.47305679321289 
31.806623458862305 30.6824951171875 30.01862335205078 29.993663787841797 30.65830421447754 30.65167999267578 30.387168884277344 30.32918357849121 
33.25337600708008 31.0665283203125 30.34566307067871 30.179616928100586 30.58892822265625 30.45804786682129 30.243200302124023 30.66543960571289 
31.502559661865234 30.240095138549805 30.100128173828125 30.485824584960938 30.654464721679688 30.534496307373047 30.29961585998535 30.773759841918945 
31.795360565185547 30.717599868774414 30.215999603271484 30.708831787109375 30.703136444091797 30.32134437561035 30.89129638671875 30.849119186401367 
42.7474250793457 42.106143951416016 42.017215728759766 42.07334518432617 41.3583984375 40.644798278808594 41.478721618652344 40.54054260253906 
42.24614334106445 40.35417556762695 40.55158233642578 41.53071975708008 41.47779083251953 41.71254348754883 42.14547348022461 41.5794563293457 
41.502689361572266 41.38662338256836 41.85136032104492 41.75465774536133 41.10095977783203 41.164222717285156 40.6710090637207 41.99862289428711 
42.38825607299805 40.88627243041992 41.96220779418945 42.213279724121094 41.76611328125 41.253150939941406 40.54751968383789 41.233665466308594 
42.88652801513672 40.68476867675781 40.66815948486328 40.951297760009766 41.2782096862793 40.95075225830078 41.773216247558594 42.15068817138672 
42.235233306884766 40.672542572021484 40.53241729736328 40.643550872802734 40.680511474609375 41.03071975708008 40.835262298583984 41.454689025878906 
43.284446716308594 40.9185905456543 42.022945404052734 41.44825744628906 40.55177688598633 41.2393913269043 40.810367584228516 40.752769470214844 
43.5676155090332 41.11324691772461 41.97071838378906 42.3072624206543 41.04220962524414 40.9257926940918 40.874881744384766 41.119808197021484 
42.39411163330078 41.50156784057617 41.281761169433594 40.73177719116211 41.11484909057617 40.504127502441406 40.72351837158203 41.520286560058594 
40.910526275634766 40.7454719543457 40.6071662902832 41.2856330871582 41.28799819946289 41.62102508544922 41.62422561645508 41.544960021972656 
29.482175827026367 27.90822410583496 27.518943786621094 27.61347198486328 28.053504943847656 28.38857650756836 28.1759033203125 28.2554874420166 
33.29487991333008 31.90652847290039 31.222848892211914 31.03481674194336 32.10678482055664 31.382368087768555 32.173919677734375 31.802400588989258 
29.505727767944336 27.72444725036621 27.503360748291016 27.61884880065918 28.12860870361328 27.759647369384766 27.50092887878418 28.259807586669922 
33.26358413696289 32.016990661621094 31.695327758789062 32.28025436401367 31.985088348388672 31.306751251220703 32.36307144165039 32.04937744140625 
29.402463912963867 28.048383712768555 27.70534324645996 27.648256301879883 27.676191329956055 27.651744842529297 27.73366355895996 28.082368850708008 
34.260414123535156 31.910207748413086 31.893695831298828 32.23235321044922 31.47305679321289 31.85887908935547 32.025535583496094 31.281536102294922 
30.952543258666992 28.074687957763672 27.50320053100586 27.705312728881836 27.84432029724121 27.90505599975586 27.69286346435547 28.147008895874023 
35.154911041259766 32.05129623413086 31.400096893310547 31.89638328552246 31.40947151184082 32.130977630615234 31.871360778808594 31.680063247680664 
29.07526397705078 27.674720764160156 27.668991088867188 27.734111785888672 28.25609588623047 28.002399444580078 27.965408325195312 27.879487991333008 
33.932350158691406 31.559167861938477 31.75052833557129 31.586816787719727 31.762367248535156 32.231937408447266 31.967039108276367 31.559295654296875 
29.09766387939453 27.84105682373047 28.448287963867188 28.02060890197754 27.690143585205078 27.863935470581055 27.82099151611328 27.660959243774414 
36.00028610229492 31.83910369873047 31.852767944335938 31.663455963134766 32.104286193847656 31.78691291809082 32.139102935791016 32.121150970458984 
31.05193519592285 27.772544860839844 27.62940788269043 27.7674560546875 27.705408096313477 27.838176727294922 27.77619171142578 28.126848220825195 
34.35273742675781 32.188289642333984 31.863296508789062 31.47270393371582 31.907007217407227 31.47248077392578 32.280128479003906 32.07289505004883 
32.30467224121094 27.909311294555664 27.687103271484375 27.621856689453125 27.542400360107422 28.005151748657227 28.278047561645508 28.49443244934082 
34.92214584350586 32.845088958740234 32.225120544433594 32.34262466430664 31.465375900268555 32.432926177978516 31.756832122802734 32.0164794921875 
28.962495803833008 28.011199951171875 27.774560928344727 27.673248291015625 27.63907241821289 27.929567337036133 28.307680130004883 28.190208435058594 
35.98432159423828 31.833568572998047 31.34396743774414 32.01164627075195 32.36640167236328 31.490591049194336 31.64067268371582 32.01628875732422 
28.879871368408203 27.76380729675293 27.48374366760254 27.654464721679688 27.69558334350586 27.62486457824707 27.66979217529297 27.673664093017578 
34.093536376953125 31.99228858947754 31.31273651123047 32.34310531616211 31.40243148803711 31.35430335998535 31.701152801513672 31.56185531616211 
86.72688293457031 87.11395263671875 89.71446228027344 88.83401489257812 88.39884948730469 88.70665740966797 88.94902038574219 91.82006072998047 
88.50675201416016 87.70182037353516 89.7278060913086 88.65328216552734 89.41878509521484 87.69439697265625 89.62262725830078 91.26742553710938 
87.79427337646484 88.34761810302734 89.16300964355469 87.9320297241211 89.61686706542969 88.76480102539062 88.4332504272461 91.03421020507812 
90.0436782836914 90.2128677368164 88.71485137939453 90.02310180664062 88.79714965820312 89.010498046875 90.8342056274414 90.1102066040039 
88.7056655883789 89.07891082763672 88.97042846679688 88.78755187988281 88.35903930664062 87.92630767822266 89.87913513183594 90.08528137207031 
88.92845153808594 90.0755844116211 88.82150268554688 89.3314208984375 88.25337219238281 89.8496322631836 87.60224151611328 89.27760314941406 
87.79325103759766 89.38214111328125 90.68899536132812 88.19235229492188 89.884765625 88.67295837402344 88.02598571777344 90.19471740722656 
87.41763305664062 87.86150360107422 90.44185638427734 89.08812713623047 90.26924896240234 90.29167938232422 91.71273803710938 89.74854278564453 
86.6418228149414 90.01494598388672 91.80217742919922 90.5189437866211 88.29510498046875 87.57014465332031 91.1975326538086 89.9043197631836 
88.05516815185547 88.5545883178711 89.84012603759766 88.59849548339844 88.85609436035156 90.21520233154297 90.46031951904297 91.28173065185547 
35.445247650146484 33.1605110168457 33.13727951049805 33.328800201416016 33.24544143676758 33.34975814819336 33.09254455566406 33.36140823364258 
39.681758880615234 38.033599853515625 38.294944763183594 38.53209686279297 39.14524841308594 39.19257736206055 37.98780822753906 38.356929779052734 
35.671966552734375 33.05583953857422 32.294559478759766 33.024993896484375 32.94771194458008 32.95315170288086 32.71772766113281 32.87247848510742 
42.143775939941406 38.241695404052734 38.42649459838867 38.23593521118164 38.23011016845703 38.82697677612305 38.62934494018555 38.42863845825195 
33.64582443237305 32.881473541259766 32.7724494934082 32.272254943847656 33.06079864501953 32.984222412109375 32.43315124511719 32.891422271728516 
40.37596893310547 38.807071685791016 37.9285774230957 38.503326416015625 38.5654411315918 38.331295013427734 38.581695556640625 39.522464752197266 
32.9317741394043 32.32838439941406 32.95702362060547 32.47747039794922 32.9431037902832 32.176544189453125 33.07596969604492 32.69535827636719 
40.52928161621094 37.788543701171875 37.7710075378418 37.354305267333984 38.27891159057617 38.68368148803711 38.33776092529297 39.19184112548828 
33.40812683105469 32.42473602294922 33.12249755859375 32.48876953125 33.02716827392578 32.07779312133789 32.62348937988281 32.27113723754883 
41.54332733154297 38.00787353515625 38.551998138427734 38.629920959472656 39.443294525146484 37.9769287109375 38.467872619628906 37.90745544433594 
34.63740921020508 32.51824188232422 33.33244705200195 32.66912078857422 33.151615142822266 33.026878356933594 33.32400131225586 33.05376052856445 
40.43552017211914 37.24480056762695 39.248321533203125 38.8771858215332 38.231201171875 38.89228820800781 38.373504638671875 39.318687438964844 
35.16371154785156 32.604129791259766 33.00352096557617 32.79340744018555 33.828895568847656 32.946624755859375 33.46121597290039 32.72233581542969 
40.20502471923828 37.40803146362305 39.108577728271484 39.29340744018555 38.817535400390625 38.335262298583984 37.78163146972656 38.264190673828125 
35.013694763183594 32.24476623535156 32.937889099121094 33.38163375854492 33.17647933959961 33.26758575439453 33.15897750854492 33.29030227661133 
42.740543365478516 38.81283187866211 38.269439697265625 38.160831451416016 38.31862258911133 38.150657653808594 37.476097106933594 38.67776107788086 
35.24748611450195 33.14352035522461 33.102046966552734 33.487998962402344 32.654945373535156 32.945438385009766 32.95948791503906 32.996639251708984 
40.70240020751953 39.07401657104492 38.99692916870117 37.813663482666016 37.75088119506836 38.16396713256836 38.295745849609375 39.41747283935547 
35.316768646240234 32.743072509765625 33.17359924316406 33.08787155151367 33.354942321777344 33.177982330322266 33.16339111328125 32.90089416503906 
40.701568603515625 38.294654846191406 37.30604934692383 38.95507049560547 39.03919982910156 38.81184005737305 38.379390716552734 38.445247650146484 
34.74095916748047 33.84156799316406 34.07545471191406 34.361087799072266 34.30614471435547 34.35011291503906 34.52931213378906 34.23990249633789 
34.117889404296875 34.08697509765625 34.63759994506836 34.4901123046875 34.1162223815918 34.321632385253906 34.53254318237305 34.665313720703125 
35.37343978881836 33.77692794799805 33.858943939208984 33.570560455322266 34.09465789794922 34.35548782348633 34.41747283935547 34.385215759277344 
38.246910095214844 34.23798370361328 34.32700729370117 34.56876754760742 34.366432189941406 34.03036880493164 34.04304122924805 34.09654235839844 
34.68783950805664 34.16611099243164 34.02483367919922 34.07299041748047 34.30985641479492 34.54006576538086 34.18489456176758 34.494014739990234 
37.35033416748047 34.415008544921875 34.33772659301758 33.55779266357422 33.95391845703125 33.84592056274414 34.177024841308594 34.14780807495117 
35.74348831176758 33.92127990722656 34.365631103515625 34.5118408203125 34.8837776184082 34.08988952636719 34.101280212402344 33.84307098388672 
36.204864501953125 34.11692810058594 34.216094970703125 34.722145080566406 34.4093132019043 34.461185455322266 34.452030181884766 34.16214370727539 
34.7210578918457 33.73212814331055 34.242496490478516 33.77772903442383 34.02070236206055 33.83270263671875 34.372222900390625 33.99987030029297 
35.435550689697266 33.978111267089844 34.760894775390625 34.53472137451172 34.759552001953125 34.339134216308594 34.146366119384766 34.49110412597656 
92.02601623535156 90.91852569580078 95.19500732421875 93.13536071777344 93.59222412109375 91.06915283203125 92.3531494140625 91.44998168945312 
90.736572265625 93.2946548461914 90.5962905883789 93.99727630615234 92.33251190185547 88.52361297607422 93.23267364501953 92.71532440185547 
92.7234878540039 89.27970886230469 91.5656967163086 91.21065521240234 89.72691345214844 91.05487823486328 94.16381072998047 92.25711822509766 
90.18348693847656 93.29638671875 91.43113708496094 91.94761657714844 92.3721923828125 92.86051177978516 92.90825653076172 90.47853088378906 
91.14246368408203 91.48915100097656 93.19283294677734 90.6308822631836 92.34310150146484 91.64275360107422 93.16947174072266 88.2113265991211 
91.35088348388672 91.31676483154297 92.16815948486328 88.12748718261719 93.34992218017578 93.36479949951172 91.77693176269531 92.17449951171875 
90.46038055419922 90.65177917480469 91.17814636230469 90.57023620605469 92.50035095214844 91.33625793457031 96.37996673583984 92.1434555053711 
91.1902084350586 92.85906982421875 92.08707427978516 92.67731475830078 90.65606689453125 92.37920379638672 88.95622253417969 90.34550476074219 
89.72918701171875 92.93641662597656 91.97948455810547 91.70217895507812 90.9744644165039 91.26345825195312 89.97420501708984 92.12547302246094 
91.17788696289062 91.7503662109375 93.40393829345703 90.35964965820312 91.82182312011719 90.53568267822266 92.89695739746094 92.22172546386719 
37.91455841064453 37.55353546142578 37.489471435546875 37.17398452758789 36.607391357421875 36.49932861328125 37.38982391357422 37.52259063720703 
37.45935821533203 37.68975830078125 37.28607940673828 37.1495361328125 36.947967529296875 36.890846252441406 36.41532897949219 36.91049575805664 
37.56089782714844 36.87206268310547 36.86140823364258 36.31452941894531 36.75849533081055 37.20502471923828 36.56390380859375 37.56889724731445 
39.84684753417969 36.98582458496094 37.232574462890625 36.809120178222656 37.21651077270508 36.75721740722656 37.250144958496094 37.16704177856445 
37.38710403442383 36.77305603027344 36.73721694946289 36.3012809753418 36.735294342041016 37.33321762084961 36.368064880371094 36.64128112792969 
37.549503326416016 36.970497131347656 37.536800384521484 36.91932678222656 37.413089752197266 36.86163330078125 36.6712646484375 37.52931213378906 
36.932960510253906 37.54447937011719 37.558143615722656 37.345279693603516 36.736351013183594 37.274688720703125 37.439903259277344 36.98118209838867 
38.334625244140625 37.43308639526367 37.247711181640625 36.8455696105957 37.11360168457031 36.451072692871094 36.38742446899414 36.857887268066406 
40.53833770751953 37.30464172363281 37.2894401550293 37.06528091430664 36.48825454711914 36.458656311035156 37.02182388305664 36.99456024169922 
37.960575103759766 37.02153778076172 36.943294525146484 36.379425048828125 36.05964660644531 37.07020950317383 37.16896057128906 36.98031997680664 
40.54108810424805 35.99692916870117 36.70982360839844 37.20889663696289 37.06915283203125 37.584415435791016 36.912574768066406 37.72060775756836 
47.778846740722656 47.242591857910156 45.8389778137207 46.139583587646484 47.10665512084961 45.99126434326172 46.587425231933594 46.824703216552734 
38.78630447387695 36.803489685058594 37.179744720458984 37.61391830444336 37.115455627441406 36.832096099853516 37.497886657714844 37.563392639160156 
47.79555130004883 46.28335952758789 44.639041900634766 45.51728057861328 46.379520416259766 45.86048126220703 46.091041564941406 47.710174560546875 
40.59791946411133 37.17375946044922 37.03126525878906 36.597312927246094 37.739871978759766 37.472320556640625 37.25961685180664 36.922176361083984 
50.68966293334961 47.45750427246094 45.61705780029297 45.77577590942383 47.526302337646484 45.96198272705078 46.073150634765625 47.65641784667969 
39.17433547973633 37.457950592041016 36.50681686401367 37.20454406738281 36.456607818603516 37.73984146118164 37.27116775512695 37.91574478149414 
47.324832916259766 45.733089447021484 44.81379318237305 46.360225677490234 46.131553649902344 45.92793655395508 45.87209701538086 47.007904052734375 
38.38108825683594 37.13507080078125 37.57606506347656 36.87641525268555 37.28303909301758 36.5882568359375 37.73750305175781 37.60844802856445 
47.914302825927734 46.980350494384766 45.407936096191406 46.2496337890625 46.88457489013672 45.87664031982422 47.16105651855469 46.33164978027344 
39.87001419067383 37.39535903930664 36.68678283691406 35.96051025390625 36.360191345214844 37.41020965576172 36.784095764160156 37.77628707885742 
50.69686508178711 45.47919845581055 46.32841491699219 44.49363327026367 46.21324920654297 46.60831832885742 47.104705810546875 47.179039001464844 
37.96976089477539 37.65139389038086 37.59791946411133 37.34764862060547 37.67504119873047 36.71696090698242 36.63404846191406 37.635135650634766 
48.46207809448242 46.02617645263672 46.03023910522461 46.178016662597656 45.03065490722656 46.34950256347656 46.370975494384766 47.68729782104492 
41.56163024902344 36.98102569580078 36.606014251708984 37.067840576171875 36.7655029296875 36.40300750732422 36.91545486450195 37.52595138549805 
49.97305679321289 46.796321868896484 45.884639739990234 47.33612823486328 45.63625717163086 45.71846389770508 46.99635314941406 46.78736114501953 
41.22224044799805 37.587646484375 37.42127990722656 36.94358444213867 37.416481018066406 36.99308776855469 36.80876922607422 37.3430061340332 
48.533023834228516 46.770111083984375 47.00358581542969 44.82940673828125 45.21625518798828 47.17647933959961 46.18191909790039 48.013214111328125 
38.84467315673828 37.26755142211914 37.2108154296875 37.16659164428711 36.1385612487793 36.55913543701172 37.46259307861328 36.60736083984375 
48.40147018432617 45.80374526977539 45.79177474975586 46.287872314453125 45.95347213745117 45.90310287475586 47.46992111206055 46.241600036621094 
42.05311965942383 38.34601593017578 38.41136169433594 39.01123046875 38.325279235839844 39.093055725097656 39.54652786254883 39.4879035949707 
50.080448150634766 35.05241775512695 35.23020935058594 35.85491180419922 35.851905822753906 36.00358581542969 35.878238677978516 36.02191925048828 
39.446495056152344 37.50425720214844 39.584510803222656 39.430110931396484 39.16432189941406 39.00553512573242 38.228736877441406 38.84182357788086 
50.08588790893555 35.366912841796875 36.113983154296875 35.837886810302734 35.55535888671875 35.92176055908203 34.715553283691406 35.494815826416016 
38.664512634277344 38.004512786865234 39.18998336791992 39.409088134765625 39.65459060668945 39.71446228027344 38.40313720703125 38.83443069458008 
49.760929107666016 35.734432220458984 35.41948699951172 35.544193267822266 35.755615234375 35.71686553955078 35.7806396484375 36.11030578613281 
41.15603256225586 38.720062255859375 39.05936050415039 38.758270263671875 38.642112731933594 38.164798736572266 39.03958511352539 39.552574157714844 
50.14591979980469 35.69247817993164 36.08931350708008 35.7790412902832 35.67919921875 35.98787307739258 35.85036849975586 35.72422409057617 
40.29305648803711 38.58323287963867 38.283905029296875 39.107521057128906 39.70969772338867 39.48931121826172 39.7295036315918 38.81865692138672 
49.743743896484375 34.1776008605957 35.31990432739258 35.31177520751953 36.13721466064453 35.49923324584961 35.10108947753906 35.80259323120117 
39.2608642578125 37.9964485168457 39.69728088378906 39.76982498168945 38.810943603515625 38.98505783081055 38.56476974487305 38.882110595703125 
51.67747116088867 35.4969596862793 35.70336151123047 35.86975860595703 35.838401794433594 36.03964614868164 35.60918426513672 35.72230529785156 
41.97654342651367 38.443519592285156 38.666847229003906 38.63862228393555 38.920448303222656 38.85567855834961 38.548736572265625 39.22083282470703 
54.0621452331543 35.038848876953125 35.22480010986328 36.10019302368164 35.93724822998047 35.72547149658203 35.914527893066406 35.99212646484375 
39.08700942993164 38.54182434082031 39.13520050048828 39.344512939453125 37.7982063293457 38.55295944213867 38.829185485839844 38.65955352783203 
49.69606399536133 35.7993278503418 35.62131118774414 34.96217727661133 36.24342346191406 36.0984001159668 35.23548889160156 35.9356803894043 
40.34377670288086 39.227359771728516 38.42736053466797 39.15737533569336 38.88703918457031 38.37472152709961 38.948001861572266 39.38684844970703 
50.20470428466797 35.1610221862793 36.27132797241211 35.29414367675781 35.297630310058594 35.10678482055664 35.915679931640625 35.20316696166992 
39.72972869873047 39.412193298339844 39.02627182006836 39.04828643798828 38.54822540283203 38.961185455322266 38.683712005615234 38.62326431274414 
51.949886322021484 34.921791076660156 35.77836990356445 35.76947021484375 35.552223205566406 35.739776611328125 35.81145477294922 35.68864059448242 
45.98854446411133 44.49033737182617 45.95743942260742 44.221824645996094 44.874942779541016 46.37635040283203 44.46335983276367 44.911808013916016 
36.026527404785156 34.4510383605957 34.68096160888672 34.87916946411133 34.68598556518555 34.38441467285156 34.164608001708984 34.23923110961914 
48.21769714355469 44.183807373046875 44.471839904785156 46.3109130859375 44.09174346923828 44.01270294189453 45.56377410888672 43.9027214050293 
38.67168045043945 34.25708770751953 34.099422454833984 35.08208084106445 35.01398468017578 34.590240478515625 34.16128158569336 34.801727294921875 
46.22297668457031 45.87664031982422 44.07564926147461 44.448768615722656 45.0748176574707 45.159488677978516 44.09052658081055 44.98863983154297 
37.090206146240234 34.71993637084961 34.21171188354492 34.265342712402344 34.8620491027832 35.061824798583984 33.64863967895508 34.253089904785156 
45.89836883544922 44.93926239013672 45.70547103881836 44.08662414550781 44.797760009765625 46.10307312011719 44.272640228271484 44.25961685180664 
35.953182220458984 34.55875015258789 34.646175384521484 33.73651123046875 34.478145599365234 34.84214401245117 33.949790954589844 34.523006439208984 
46.40848159790039 44.677921295166016 44.484703063964844 45.3711051940918 45.60406494140625 44.42531204223633 44.52191925048828 45.33599853515625 
37.14780807495117 34.85932922363281 34.85811233520508 33.94454574584961 34.31894302368164 33.77385711669922 35.09862518310547 33.99311828613281 
46.9161262512207 44.310848236083984 45.045536041259766 46.02998352050781 44.507232666015625 44.743553161621094 44.96236801147461 44.950496673583984 
35.745567321777344 34.224544525146484 34.78281784057617 34.254913330078125 34.56169509887695 34.269439697265625 34.44579315185547 33.9835205078125 
48.17484664916992 44.48566436767578 44.530113220214844 44.86716842651367 44.25910568237305 43.99260711669922 45.67692947387695 45.01068878173828 
37.386783599853516 35.1192626953125 34.62614440917969 34.84147262573242 34.14976119995117 34.10710525512695 34.58310317993164 34.90003204345703 
47.00316619873047 44.15727996826172 44.20579147338867 44.67068862915039 45.4439697265625 44.68339157104492 44.84400177001953 45.30060958862305 
36.6627197265625 34.345664978027344 34.50969696044922 34.72332763671875 34.96150588989258 34.86547088623047 34.123870849609375 34.774654388427734 
49.598751068115234 44.219390869140625 44.020606994628906 43.80495834350586 45.524574279785156 44.63328170776367 44.843807220458984 46.05615997314453 
36.74457550048828 34.57024002075195 34.82735824584961 34.09561538696289 33.83628845214844 34.163455963134766 34.58243179321289 34.20512008666992 
46.750816345214844 45.35343933105469 44.294464111328125 44.720001220703125 45.851104736328125 44.586177825927734 44.63404846191406 45.817344665527344 
36.371646881103516 34.740543365478516 34.06243133544922 34.76076889038086 34.01216125488281 34.351295471191406 34.02102279663086 34.59312057495117 
72.236572265625 70.11788940429688 70.59008026123047 227.09100341796875 225.86863708496094 241.90077209472656 233.88482666015625 237.92034912109375 
71.4810562133789 70.66547393798828 68.9846420288086 225.77413940429688 237.67295837402344 237.866943359375 254.46937561035156 229.84307861328125 
69.85916900634766 71.13353729248047 70.73612976074219 235.76223754882812 237.78656005859375 237.86761474609375 237.8904571533203 237.90582275390625 
69.78374481201172 70.90787506103516 70.3803482055664 240.77967834472656 237.86480712890625 221.8876190185547 229.91693115234375 205.87452697753906 
71.53619384765625 71.50838470458984 68.61666870117188 231.0408935546875 213.76611328125 233.9390106201172 237.91552734375 237.8670654296875 
71.52508544921875 69.98886108398438 71.78857421875 241.93930053710938 241.35903930664062 237.82220458984375 229.8370819091797 205.87808227539062 
70.4576644897461 70.4527359008789 70.69725036621094 206.19378662109375 233.6993865966797 241.86611938476562 217.90211486816406 225.79222106933594 
70.68390655517578 70.05315399169922 71.5516128540039 273.36822509765625 237.86090087890625 237.86012268066406 241.84390258789062 233.95082092285156 
70.46073913574219 70.06816101074219 71.15196990966797 227.28834533691406 241.66351318359375 233.88479614257812 230.47824096679688 221.8753662109375 
69.77635192871094 70.95523071289062 72.44319915771484 277.48785400390625 293.9365539550781 249.9561004638672 261.91168212890625 221.91725158691406 
48.01753616333008 44.58492660522461 46.310752868652344 45.26313781738281 45.384769439697266 46.97340774536133 44.63811111450195 46.35353469848633 
46.86207962036133 45.67318344116211 45.1286735534668 45.121376037597656 45.77251052856445 45.195648193359375 44.73052978515625 45.685951232910156 
44.78812789916992 45.42086410522461 46.025150299072266 44.449790954589844 45.90188980102539 45.656158447265625 44.9147834777832 46.310943603515625 
48.36771011352539 45.74531173706055 46.20844650268555 45.02345657348633 46.23097610473633 45.00617599487305 45.81964874267578 46.12351989746094 
47.02073669433594 44.84822463989258 45.914878845214844 45.5816650390625 45.631072998046875 45.4277458190918 45.255550384521484 45.899391174316406 
45.65913772583008 45.66428756713867 46.269535064697266 44.80070495605469 46.15779113769531 45.177310943603516 45.71843338012695 46.413089752197266 
45.31158447265625 45.365631103515625 46.15702438354492 44.47539138793945 46.07344055175781 46.065086364746094 45.45743942260742 46.258304595947266 
45.95734405517578 45.26406478881836 45.872257232666016 46.00815963745117 44.78860855102539 45.96739196777344 45.95532989501953 45.93964767456055 
45.74822235107422 46.443359375 44.70057678222656 45.40131378173828 46.37859344482422 44.83820724487305 46.14179229736328 45.75263977050781 
45.541473388671875 45.48380661010742 45.557472229003906 45.93996810913086 45.73945617675781 44.76688003540039 46.710784912109375 44.892704010009766 
64.67603302001953 65.6695327758789 66.25753784179688 66.44403076171875 66.39126586914062 66.47395324707031 66.49878692626953 67.95638275146484 
64.47545623779297 65.12879943847656 65.35686492919922 65.60470581054688 65.62287902832031 65.669921875 65.1579818725586 67.43215942382812 
65.3605728149414 66.21858978271484 66.53321838378906 66.55900573730469 66.13471984863281 66.26022338867188 66.29878234863281 70.81427001953125 
64.46502685546875 66.16204833984375 66.21858978271484 65.29561614990234 66.79817962646484 66.1346206665039 66.5163803100586 65.18399810791016 
64.84819030761719 65.5047378540039 66.611328125 66.13897705078125 64.32585906982422 66.48675537109375 66.71807861328125 66.5552978515625 
64.75398254394531 64.73241424560547 65.50201416015625 66.79622650146484 66.683837890625 66.98944091796875 66.32182312011719 66.96221160888672 
64.36771392822266 64.67097473144531 64.42483520507812 65.60237121582031 66.58281707763672 66.95728302001953 67.26099395751953 66.0880355834961 
64.27731323242188 64.92320251464844 65.49906921386719 67.48627471923828 66.35990142822266 66.92921447753906 66.98992156982422 67.18809509277344 
65.36048126220703 65.92752075195312 66.23648071289062 63.44169616699219 67.33808135986328 64.64291381835938 66.02774047851562 66.80883026123047 
64.48729705810547 64.14966583251953 66.56492614746094 66.41887664794922 64.99398040771484 67.1296615600586 64.45747375488281 68.41852569580078 
63.888511657714844 61.04355239868164 63.413631439208984 60.6077766418457 62.45286560058594 60.42387390136719 63.670814514160156 60.550113677978516 
62.897216796875 62.302207946777344 62.15766525268555 62.7723503112793 61.36659240722656 62.702110290527344 61.807743072509766 62.82499313354492 
64.1503677368164 60.552223205566406 59.933311462402344 60.73225784301758 62.44550323486328 61.37113571166992 62.43715286254883 61.386558532714844 
62.921600341796875 62.74390411376953 60.691646575927734 62.58163070678711 61.05033493041992 61.68281555175781 63.022945404052734 62.48873519897461 
63.86569595336914 58.8191032409668 60.99488067626953 63.45663833618164 61.42582321166992 62.71209716796875 61.586814880371094 62.97305679321289 
62.58911895751953 61.70259094238281 61.08550262451172 61.06675338745117 61.17887878417969 63.20809555053711 62.245792388916016 61.65097427368164 
62.48380661010742 62.73561477661133 60.3073616027832 60.26947021484375 62.07817459106445 61.5366096496582 62.2828483581543 59.10111999511719 
62.133758544921875 62.339744567871094 61.026817321777344 61.687774658203125 60.537471771240234 62.859710693359375 61.159934997558594 60.04732894897461 
63.419105529785156 62.567359924316406 62.142398834228516 60.574302673339844 61.99420928955078 61.49875259399414 63.075870513916016 61.11385726928711 
62.10502243041992 60.34534454345703 62.98259353637695 60.85859298706055 60.80099105834961 61.98876953125 62.44713592529297 62.13209533691406 
50.854881286621094 49.54105758666992 49.09142303466797 49.673824310302734 49.31411361694336 49.72617721557617 48.99241638183594 50.44512176513672 
51.250816345214844 50.12793731689453 50.26393508911133 48.976383209228516 50.2691535949707 50.451744079589844 49.71788787841797 48.87052917480469 
50.437984466552734 49.42268753051758 50.1734733581543 48.396095275878906 48.34431838989258 49.7243537902832 48.92086410522461 50.36995315551758 
48.798431396484375 50.14614486694336 50.15439987182617 49.268001556396484 50.1998405456543 50.171104431152344 49.60710525512695 50.23100662231445 
50.51785659790039 48.916255950927734 50.15030288696289 48.77596664428711 50.36518478393555 49.6874885559082 49.50774383544922 50.08585739135742 
48.200992584228516 50.15264129638672 49.20732879638672 48.87001419067383 50.40435028076172 50.437374114990234 49.3737907409668 50.43427276611328 
49.02473449707031 51.08732986450195 50.42937469482422 49.37116622924805 49.35897445678711 50.9738883972168 50.07539367675781 49.27334213256836 
50.35055923461914 50.01740646362305 48.04092788696289 51.071617126464844 50.62905502319336 49.50787353515625 49.09913635253906 51.0926399230957 
49.45926284790039 50.69462585449219 49.1580810546875 49.74323272705078 48.93503952026367 49.70403289794922 49.49241638183594 50.943233489990234 
50.29257583618164 49.12918472290039 49.94499206542969 50.49814224243164 50.1445426940918 48.59036636352539 51.279296875 50.823936462402344 
52.8675537109375 52.800350189208984 53.095680236816406 53.24550247192383 52.04323196411133 51.95475387573242 53.067806243896484 52.40019226074219 
53.20710372924805 51.29385757446289 52.019840240478516 52.01881790161133 52.397342681884766 53.275390625 53.006591796875 53.19744110107422 
55.852638244628906 52.08329772949219 53.162784576416016 52.527584075927734 52.66614532470703 52.441505432128906 51.84102249145508 51.62713623046875 
53.797279357910156 52.77996826171875 52.271934509277344 51.499454498291016 52.19740676879883 53.25932693481445 51.996097564697266 53.59452819824219 
54.27199935913086 53.86867141723633 52.94579315185547 52.962974548339844 51.95235061645508 52.46700668334961 52.30384063720703 51.92444610595703 
52.67084884643555 53.695648193359375 51.89148712158203 53.007328033447266 53.22275161743164 52.47596740722656 52.49113464355469 51.50889587402344 
52.50172805786133 52.16806411743164 53.27676773071289 52.968353271484375 53.03446578979492 51.51935958862305 53.426368713378906 53.45478439331055 
53.948768615722656 53.65311813354492 52.96752166748047 52.95955276489258 52.39043045043945 52.294944763183594 51.73868942260742 52.017822265625 
53.362945556640625 51.50454330444336 52.20463943481445 52.3078727722168 53.579105377197266 53.123966217041016 51.66374588012695 53.11772918701172 
53.39535903930664 52.67475128173828 52.35785675048828 53.113502502441406 52.149505615234375 53.867008209228516 53.30147171020508 52.03468704223633 
49.01475143432617 48.09366226196289 49.89161682128906 49.149024963378906 48.6064338684082 50.06755065917969 50.00166320800781 49.01708984375 
50.16294479370117 48.337215423583984 49.820640563964844 48.50041580200195 49.108062744140625 48.134944915771484 50.2852783203125 50.09539031982422 
50.04937744140625 49.721920013427734 48.43996810913086 49.758079528808594 49.83475112915039 48.836063385009766 49.16227340698242 50.478336334228516 
49.67504119873047 49.686241149902344 48.62364959716797 48.84912109375 50.34515380859375 49.47654342651367 48.83660888671875 48.77280044555664 
48.48735809326172 49.626529693603516 48.25904083251953 49.628353118896484 48.53923034667969 49.261695861816406 48.699806213378906 49.61318588256836 
48.84288024902344 48.49305725097656 48.0211181640625 49.372127532958984 49.81462478637695 48.63670349121094 49.562015533447266 51.06694412231445 
50.04560089111328 48.56911849975586 49.23017501831055 48.86336135864258 48.882816314697266 49.84531021118164 49.24816131591797 48.451297760009766 
50.45289611816406 49.185791015625 48.49440002441406 48.854209899902344 49.77734375 48.13267135620117 49.727169036865234 49.56099319458008 
49.6673583984375 47.962432861328125 49.434913635253906 48.127777099609375 48.360801696777344 49.617313385009766 49.86307144165039 49.96566390991211 
48.77324676513672 49.57670211791992 49.8680305480957 49.80553436279297 48.374271392822266 50.13391876220703 49.87712097167969 49.12684631347656 
35.72636795043945 32.87526321411133 32.59916687011719 32.49148941040039 32.79014587402344 33.290496826171875 33.06505584716797 33.22886276245117 
36.142337799072266 31.778432846069336 32.154945373535156 32.06492614746094 32.2470703125 32.42428970336914 31.920127868652344 32.577022552490234 
34.785888671875 33.15622329711914 33.04003143310547 32.396766662597656 33.5016975402832 33.23759841918945 32.99900817871094 33.21583938598633 
35.514976501464844 31.859264373779297 32.227745056152344 32.1602897644043 33.02211380004883 32.472415924072266 32.8983039855957 32.67593765258789 
34.111358642578125 32.7229118347168 33.362430572509766 32.83148956298828 33.36761474609375 33.03833770751953 33.41206359863281 32.955841064453125 
34.90291213989258 32.73680114746094 32.0313606262207 32.69670486450195 32.68163299560547 32.4384651184082 32.229248046875 32.25465774536133 
36.978240966796875 32.65158462524414 33.287776947021484 32.8770866394043 32.94883346557617 32.9666862487793 33.38832092285156 33.10028839111328 
34.77657699584961 32.20556640625 31.93075180053711 32.550048828125 32.0750732421875 33.146175384521484 31.883007049560547 32.80470275878906 
34.93500900268555 32.9238395690918 32.789119720458984 33.14614486694336 33.286590576171875 32.79417419433594 32.795135498046875 32.45676803588867 
34.27747344970703 32.461761474609375 32.7283821105957 32.58844757080078 32.67670440673828 32.54764938354492 32.20217514038086 32.25312042236328 
33.63488006591797 32.6341438293457 33.251007080078125 33.32089614868164 33.28441619873047 32.97200012207031 33.034080505371094 33.33603286743164 
36.529727935791016 32.615745544433594 32.54195022583008 32.704864501953125 31.966880798339844 31.90768051147461 32.63888168334961 32.1789436340332 
33.01708984375 32.50883102416992 32.5274543762207 32.45561599731445 33.166175842285156 32.18172836303711 32.42310333251953 32.392704010009766 
33.27830505371094 32.64966583251953 31.899744033813477 32.34272003173828 31.933055877685547 31.986751556396484 32.617408752441406 32.734046936035156 
34.094337463378906 33.11094284057617 32.69705581665039 33.00966262817383 32.73750305175781 33.043968200683594 32.583072662353516 32.934017181396484 
34.709983825683594 32.81033706665039 32.02272033691406 32.90198516845703 32.80198287963867 32.734046936035156 32.60297775268555 32.424705505371094 
34.468990325927734 32.12998580932617 32.63404846191406 32.565345764160156 33.07843017578125 32.590431213378906 33.1828498840332 32.683326721191406 
35.879390716552734 32.73827362060547 32.53251266479492 32.48003387451172 32.12700653076172 32.27644729614258 32.63721466064453 32.28435134887695 
33.46227264404297 32.75436782836914 33.30249786376953 32.59587097167969 33.166046142578125 33.0425910949707 32.16691207885742 32.610687255859375 
34.9365119934082 32.27328109741211 32.65705490112305 32.71123123168945 32.3678092956543 32.343841552734375 32.26611328125 31.943391799926758 
45.7083854675293 45.656097412109375 44.77641677856445 44.738399505615234 46.06035232543945 44.3721923828125 44.53401565551758 46.12758255004883 
45.46294403076172 44.815616607666016 44.501407623291016 44.38198471069336 45.1748161315918 44.64284896850586 44.447265625 44.58278274536133 
47.47139358520508 44.70588684082031 46.16230392456055 44.66716766357422 44.27004623413086 44.60761642456055 44.90700912475586 44.66175842285156 
46.98191833496094 44.000064849853516 43.992671966552734 45.252864837646484 46.103328704833984 44.0898551940918 45.82611083984375 45.281280517578125 
46.21219253540039 45.640960693359375 44.375648498535156 44.530303955078125 45.81612777709961 43.83545684814453 44.57980728149414 45.65644836425781 
47.64566421508789 44.82771301269531 44.56572723388672 44.370079040527344 43.81155014038086 45.66419219970703 44.64195251464844 44.82204818725586 
46.1605110168457 45.548255920410156 44.096641540527344 44.9890251159668 45.82371139526367 44.214942932128906 45.77241516113281 45.35881423950195 
46.64060974121094 44.45487976074219 44.74540710449219 45.57766342163086 44.34960174560547 44.75049591064453 45.62287902832031 44.317630767822266 
46.21001434326172 45.4027214050293 44.38313674926758 44.912288665771484 45.75983810424805 45.0404167175293 45.00572967529297 45.73331069946289 
46.64275360107422 44.15107345581055 44.70006561279297 45.743038177490234 44.22041702270508 44.697086334228516 45.695072174072266 45.28035354614258 
12.88748836517334 11.969344139099121 11.969344139099121 11.96009635925293 11.948479652404785 11.89145565032959 11.932479858398438 11.990559577941895 
11.832799911499023 11.828767776489258 11.832127571105957 11.810943603515625 11.81004810333252 11.806303977966309 11.792799949645996 11.816991806030273 
11.785087585449219 11.80128002166748 11.799936294555664 11.818623542785645 11.803520202636719 11.834815979003906 11.837663650512695 11.81494426727295 
11.874624252319336 11.890815734863281 11.957152366638184 11.917216300964355 11.862239837646484 11.843680381774902 11.835295677185059 11.839136123657227 
11.813759803771973 11.820544242858887 11.824319839477539 11.82140827178955 11.831551551818848 11.839103698730469 11.809887886047363 11.82470417022705 
11.775391578674316 11.798111915588379 11.808128356933594 11.809632301330566 11.884320259094238 11.846431732177734 11.81827163696289 11.82579231262207 
11.96127986907959 11.827296257019043 11.841856002807617 11.832480430603027 11.88815975189209 11.9486083984375 11.957023620605469 11.981599807739258 
11.798944473266602 11.819904327392578 11.903936386108398 11.874208450317383 11.814080238342285 11.809408187866211 11.813728332519531 11.827903747558594 
11.784000396728516 11.78547191619873 11.788448333740234 11.786687850952148 11.80297565460205 11.802335739135742 11.87343978881836 11.851327896118164 
11.811871528625488 11.817248344421387 11.812928199768066 11.81503963470459 11.869152069091797 11.893280029296875 11.865663528442383 11.820639610290527 
16.735008239746094 16.77225685119629 16.6125431060791 16.454111099243164 16.520544052124023 16.756351470947266 16.558975219726562 16.551776885986328 
16.49407958984375 16.406784057617188 16.42038345336914 16.594112396240234 16.658527374267578 16.49238395690918 16.41846466064453 16.69443130493164 
16.494688034057617 16.450271606445312 16.398752212524414 16.526016235351562 16.841632843017578 16.712799072265625 16.454015731811523 16.4768009185791 
16.58790397644043 16.591392517089844 16.40870475769043 16.842592239379883 16.879295349121094 16.56096076965332 16.49622344970703 16.804767608642578 
16.440223693847656 16.470495223999023 16.474559783935547 16.637632369995117 16.601055145263672 16.45439910888672 16.365087509155273 16.681407928466797 
16.436735153198242 16.427200317382812 16.353504180908203 16.841440200805664 16.696352005004883 16.577152252197266 16.3973445892334 16.721664428710938 
16.435775756835938 16.4597110748291 16.609888076782227 16.94175910949707 16.6975040435791 16.580896377563477 16.565631866455078 16.76697540283203 
16.395519256591797 16.42505645751953 16.555967330932617 16.614688873291016 16.50204849243164 16.417152404785156 16.5664005279541 16.618112564086914 
16.646976470947266 16.63408088684082 16.623807907104492 16.390304565429688 16.327199935913086 16.761791229248047 16.9366397857666 16.620960235595703 
16.44326400756836 16.780736923217773 16.754655838012695 16.65894317626953 16.495296478271484 16.44745635986328 16.804927825927734 16.807327270507812 
42.091552734375 39.82707214355469 40.073150634765625 39.99776077270508 39.57731246948242 39.63328170776367 39.1165771484375 39.41804885864258 
41.87839889526367 40.05641555786133 39.362369537353516 40.61759948730469 40.41929626464844 40.3922233581543 40.52547073364258 39.3306884765625 
41.11702346801758 40.15465545654297 40.17679977416992 40.345375061035156 40.37596893310547 39.37833786010742 39.596065521240234 40.7592658996582 
40.76006317138672 39.87104034423828 40.025089263916016 39.183937072753906 40.24483108520508 40.47673416137695 39.999454498291016 40.73334503173828 
41.87177658081055 39.916481018066406 39.28496170043945 40.33523178100586 40.118080139160156 40.183616638183594 40.009822845458984 39.95830535888672 
43.04937744140625 39.905601501464844 39.1044807434082 40.10969543457031 40.45372772216797 40.25350570678711 40.338558197021484 39.431358337402344 
43.05295944213867 39.37923049926758 38.834144592285156 40.51558303833008 40.182273864746094 39.34358215332031 40.46537780761719 40.71699142456055 
44.02694320678711 39.681217193603516 38.73855972290039 39.18182373046875 40.11836624145508 40.313697814941406 40.44112014770508 40.395328521728516 
41.63100814819336 39.680992126464844 39.783424377441406 39.418174743652344 39.24915313720703 39.646751403808594 39.21046447753906 40.28246307373047 
40.1578254699707 39.923583984375 39.26220703125 39.38118362426758 39.90220642089844 40.19798278808594 40.165313720703125 39.7110710144043 
52.68067169189453 50.83536148071289 49.91155242919922 50.73420715332031 51.11043167114258 50.89718246459961 50.0107536315918 51.296897888183594 
53.674400329589844 53.49302291870117 53.52342224121094 51.87510299682617 50.66944122314453 51.954017639160156 52.80246353149414 52.86604690551758 
52.3551025390625 51.501407623291016 50.904415130615234 49.74201583862305 50.854366302490234 51.29487991333008 51.094112396240234 49.91593551635742 
53.647457122802734 51.372928619384766 51.885921478271484 52.40787124633789 52.17891311645508 51.58582305908203 52.692256927490234 52.406494140625 
50.782142639160156 50.340545654296875 51.222816467285156 50.22355270385742 50.47593688964844 50.06886291503906 50.769535064697266 50.78889465332031 
53.875328063964844 52.30192184448242 51.672542572021484 52.62736129760742 52.430206298828125 51.81203079223633 52.13935852050781 52.29328155517578 
52.266815185546875 48.694942474365234 51.263614654541016 51.30438232421875 51.20185470581055 50.48160171508789 50.76579284667969 50.83750534057617 
53.58784103393555 51.04771041870117 51.60844802856445 52.46607971191406 51.70111846923828 52.173248291015625 52.221153259277344 53.646270751953125 
51.59577560424805 51.45695877075195 50.03753662109375 49.592288970947266 50.90156936645508 51.57097625732422 51.15705490112305 49.84406280517578 
53.771968841552734 51.59695816040039 52.31475067138672 52.36262512207031 53.421470642089844 51.58252716064453 53.60950469970703 53.27977752685547 
52.21424102783203 51.32048034667969 50.231998443603516 49.990753173828125 51.081153869628906 51.21923065185547 51.15919876098633 50.57619094848633 
53.65078353881836 51.73311996459961 51.69660949707031 53.11369705200195 52.28489685058594 54.043968200683594 53.4442253112793 53.66044616699219 
52.846527099609375 49.597408294677734 50.3765754699707 51.7982063293457 52.00291061401367 50.869728088378906 49.6328010559082 51.666847229003906 
54.723934173583984 51.41436767578125 51.59715270996094 53.13983917236328 52.906593322753906 53.43270492553711 53.53647994995117 52.492897033691406 
51.992095947265625 50.51887893676758 49.91155242919922 50.50601577758789 50.38710403442383 51.19251251220703 50.962432861328125 50.83046340942383 
53.17264175415039 51.36550521850586 52.641632080078125 53.808353424072266 54.231136322021484 53.04118347167969 53.21315383911133 52.62086486816406 
52.35603332519531 52.001182556152344 50.824703216552734 50.03472137451172 50.53318405151367 52.464447021484375 51.531646728515625 51.01766586303711 
54.09455871582031 51.308414459228516 52.1352653503418 53.13024139404297 53.56809616088867 52.50454330444336 53.9898567199707 53.216224670410156 
51.12351989746094 51.211551666259766 50.9189453125 49.759647369384766 49.88438415527344 50.67571258544922 50.95334243774414 51.17887878417969 
54.10451126098633 52.024959564208984 51.69987106323242 52.553184509277344 52.965118408203125 53.53200149536133 51.734657287597656 54.17891311645508 
68.15814208984375 68.5868148803711 69.96367645263672 68.5577621459961 69.87401580810547 67.44124603271484 69.05337524414062 69.38355255126953 
72.06905364990234 54.73468780517578 55.82636642456055 55.123809814453125 54.55014419555664 53.88639831542969 54.80867385864258 55.58860778808594 
68.37276458740234 66.70790100097656 67.8037109375 68.68240356445312 65.09069061279297 67.00678253173828 66.9942398071289 68.19983673095703 
70.12620544433594 53.71343994140625 55.65350341796875 56.662113189697266 56.455039978027344 53.839935302734375 55.3856315612793 54.5596809387207 
68.45487976074219 67.62694549560547 69.74060821533203 70.19916534423828 69.66194915771484 70.11420440673828 69.25667572021484 68.3070068359375 
73.19007873535156 55.264991760253906 56.65750503540039 56.35011291503906 54.67878341674805 54.45347213745117 55.046142578125 54.409889221191406 
67.827392578125 68.3262710571289 68.79277038574219 67.58502197265625 68.48111724853516 68.5044174194336 69.56752014160156 69.34073638916016 
71.66207885742188 56.046913146972656 55.9409294128418 55.86735916137695 55.0555534362793 54.30739212036133 54.95862579345703 55.316734313964844 
68.1296615600586 67.31795501708984 66.4655990600586 68.02591705322266 65.88896179199219 68.25504302978516 67.45552062988281 67.99577331542969 
62.72127914428711 56.29657745361328 56.64112091064453 55.50022506713867 54.34409713745117 54.480960845947266 54.253536224365234 55.1328010559082 
67.38803100585938 67.58684539794922 68.94636535644531 68.01277160644531 68.51116943359375 69.01785278320312 69.52867126464844 68.54633331298828 
72.79058837890625 55.990623474121094 56.33766555786133 55.519710540771484 54.53251266479492 54.32556915283203 54.58607864379883 55.1451530456543 
68.44332885742188 65.78137969970703 67.0297622680664 65.63011169433594 67.2607650756836 68.08294677734375 69.06237030029297 66.77078247070312 
67.67772674560547 54.418785095214844 56.19385528564453 56.546688079833984 56.65110397338867 53.91788864135742 54.67692947387695 54.68307113647461 
68.05996704101562 67.69398498535156 68.45990753173828 65.81356811523438 69.3757095336914 69.50166320800781 69.34339141845703 69.3614730834961 
62.720062255859375 54.23283386230469 54.95654296875 55.22665786743164 54.87923049926758 56.23091125488281 56.049983978271484 55.2259521484375 
69.42684936523438 69.71587371826172 69.73734283447266 68.30194854736328 71.42076873779297 67.43785858154297 70.25698852539062 65.85001373291016 
62.12822341918945 54.95654296875 55.0761604309082 56.38140869140625 55.04035186767578 54.71664047241211 55.98912048339844 55.3969612121582 
70.07430267333984 67.30681610107422 68.15862274169922 66.0700454711914 69.1494369506836 69.12499237060547 69.08544158935547 69.16928100585938 
66.97248077392578 55.52115249633789 54.15523147583008 55.53315353393555 54.604190826416016 54.53830337524414 54.54767990112305 54.85919952392578 
30.717504501342773 29.338783264160156 29.205215454101562 29.334016799926758 29.37824058532715 29.453792572021484 29.901887893676758 29.381183624267578 
30.888032913208008 29.393312454223633 29.271039962768555 29.243072509765625 29.05094337463379 29.515871047973633 29.724767684936523 29.283103942871094 
31.1845760345459 29.360191345214844 30.005151748657227 29.020000457763672 29.141088485717773 29.008447647094727 28.960735321044922 30.016992568969727 
32.19075012207031 29.363872528076172 29.87081527709961 29.414112091064453 29.656160354614258 29.40239906311035 29.653215408325195 29.80191993713379 
30.046655654907227 29.12272071838379 29.032224655151367 29.481792449951172 29.015840530395508 29.8222713470459 29.374176025390625 28.7989444732666 
30.661983489990234 29.61942481994629 29.323871612548828 29.139263153076172 28.95622444152832 29.16214370727539 29.320863723754883 29.158016204833984 
30.663808822631836 29.62099266052246 29.196128845214844 29.0996150970459 28.972768783569336 28.93497657775879 29.787904739379883 29.392255783081055 
31.200672149658203 29.700639724731445 28.6845760345459 29.425024032592773 29.628576278686523 29.657760620117188 29.660640716552734 29.185951232910156 
31.713407516479492 29.42937660217285 29.0314884185791 29.413312911987305 29.47635269165039 29.782880783081055 29.350303649902344 29.354719161987305 
31.638240814208984 29.0949764251709 28.882400512695312 29.49158477783203 29.395328521728516 29.103424072265625 29.135679244995117 28.91651153564453 
32.023521423339844 29.502368927001953 28.784448623657227 29.501312255859375 29.25446319580078 29.200607299804688 29.196992874145508 29.544479370117188 
31.533855438232422 29.59539222717285 29.165536880493164 29.59177589416504 29.107839584350586 29.05708885192871 29.484575271606445 29.136608123779297 
31.282495498657227 29.482463836669922 29.25382423400879 29.320064544677734 29.230144500732422 29.409088134765625 29.612192153930664 29.470144271850586 
30.56105613708496 29.717824935913086 29.467456817626953 29.00387191772461 28.84307289123535 29.134784698486328 29.547584533691406 29.167264938354492 
30.018047332763672 29.269855499267578 28.798336029052734 29.414432525634766 29.87603187561035 29.863008499145508 29.48886489868164 29.019872665405273 
31.138015747070312 29.50649642944336 29.608320236206055 28.96454429626465 28.945600509643555 29.32636833190918 30.063871383666992 29.55766487121582 
30.761280059814453 29.242464065551758 29.17670440673828 29.869983673095703 29.73468780517578 29.38377571105957 28.977664947509766 29.424575805664062 
32.638465881347656 29.72105598449707 29.24323272705078 28.914688110351562 28.899168014526367 29.263168334960938 29.54230308532715 29.363712310791016 
31.710208892822266 29.595903396606445 29.4685115814209 29.4368953704834 29.544992446899414 29.530752182006836 29.542400360107422 29.927616119384766 
31.499488830566406 29.735807418823242 29.314720153808594 29.45804786682129 29.207263946533203 28.937728881835938 29.724031448364258 29.397855758666992 
79.36930847167969 82.58633422851562 79.30963134765625 82.78479766845703 81.85702514648438 81.0882568359375 78.6904296875 81.63113403320312 
80.48834991455078 80.15318298339844 79.8301773071289 79.3239974975586 81.97183990478516 80.3392333984375 79.34291076660156 83.03648376464844 
81.80108642578125 82.73878479003906 79.7364501953125 80.97138977050781 81.63568115234375 80.79235076904297 81.77581024169922 83.35724639892578 
81.79878234863281 78.57100677490234 81.45916748046875 80.67005157470703 79.31839752197266 82.38480377197266 83.04179382324219 81.04278564453125 
80.21727752685547 82.55244445800781 80.80108642578125 82.0433578491211 81.775390625 82.03427124023438 82.05235290527344 80.4491195678711 
80.2237777709961 79.04393768310547 80.4241943359375 82.24806213378906 79.99298858642578 81.54208374023438 81.97222137451172 78.18675231933594 
81.08892822265625 81.35420989990234 82.90022277832031 80.22492980957031 81.14057922363281 78.3920669555664 78.99199676513672 82.14812469482422 
80.11488342285156 80.47673797607422 80.29769897460938 81.00057220458984 79.96009826660156 79.92031860351562 82.34022521972656 80.36367797851562 
82.45439910888672 81.99292755126953 80.54534149169922 79.09635162353516 81.77686309814453 82.37712097167969 80.12703704833984 83.98131561279297 
80.83590698242188 79.81343841552734 82.76464080810547 80.65196990966797 82.606689453125 82.01936340332031 83.94905853271484 80.48169708251953 
42.8043212890625 41.09356689453125 40.89311981201172 41.540096282958984 42.39449691772461 42.0428466796875 40.70336151123047 40.6959342956543 
44.39980697631836 41.143775939941406 40.542625427246094 40.19801712036133 40.4648323059082 40.67750549316406 40.771488189697266 41.21443176269531 
43.69638442993164 40.32844924926758 40.127166748046875 40.63593673706055 40.94416046142578 41.10259246826172 41.56380844116211 42.127647399902344 
42.24924850463867 41.399166107177734 41.29827117919922 40.429439544677734 39.93824005126953 40.40399932861328 40.56364822387695 40.78348922729492 
43.54707336425781 41.999935150146484 42.02851104736328 41.72185516357422 40.547264099121094 39.98527908325195 40.227294921875 40.618656158447266 
42.36783981323242 40.6723518371582 40.4681282043457 40.4832649230957 40.71718215942383 41.003807067871094 41.52774429321289 41.16748809814453 
43.11695861816406 41.76716613769531 42.010494232177734 42.18406295776367 41.56940841674805 41.053375244140625 40.654014587402344 40.668800354003906 
44.07651138305664 40.95353698730469 40.1475830078125 40.47200012207031 41.01136016845703 41.09622573852539 41.02105712890625 41.879425048828125 
43.76780700683594 41.477664947509766 41.97792053222656 41.11897659301758 40.806495666503906 40.26448059082031 40.46192169189453 41.17241668701172 
43.41747283935547 40.651649475097656 40.310142517089844 40.22771072387695 40.503265380859375 40.691776275634766 41.42425537109375 41.181663513183594 
43.96876907348633 41.890464782714844 42.076351165771484 40.85395050048828 41.18467330932617 40.64575958251953 40.6646728515625 40.517696380615234 
42.02659225463867 41.41475296020508 40.654815673828125 40.854366302490234 40.36928176879883 40.346656799316406 40.774784088134766 41.115966796875 
42.75222396850586 40.50688171386719 40.22982406616211 40.561248779296875 40.326560974121094 40.513729095458984 40.82704162597656 40.75145721435547 
42.297183990478516 40.60451126098633 40.822654724121094 40.95427322387695 41.27094268798828 42.01536178588867 41.43987274169922 41.85456085205078 
41.59811019897461 40.75929641723633 40.652225494384766 40.99241638183594 40.71628952026367 41.08515167236328 41.89100646972656 41.378623962402344 
42.27840042114258 39.94678497314453 40.40060806274414 40.933921813964844 41.02880096435547 41.22441482543945 41.53299331665039 42.112545013427734 
43.619327545166016 41.040672302246094 41.03635025024414 42.23356628417969 42.0909423828125 41.441505432128906 41.015968322753906 40.04185485839844 
44.70908737182617 41.05196762084961 40.6484489440918 41.29401779174805 41.10956954956055 41.49260711669922 42.11471939086914 42.08524703979492 
42.66294479370117 41.43094253540039 42.35958480834961 41.88390350341797 41.730079650878906 40.5662727355957 40.11529541015625 40.53692626953125 
43.24604797363281 40.20336151123047 41.403648376464844 40.81577682495117 41.253055572509766 40.44377517700195 40.650367736816406 40.74313735961914 
44.87923049926758 42.07231903076172 42.35417556762695 43.49980926513672 43.57766342163086 43.39894485473633 42.87334442138672 43.36140823364258 
54.2413444519043 52.32854461669922 53.258750915527344 52.92985534667969 54.74256134033203 52.521183013916016 54.37228775024414 53.99046325683594 
43.4189453125 42.35660934448242 43.061248779296875 42.063873291015625 43.6646728515625 42.95305633544922 42.55372619628906 43.303199768066406 
56.28540802001953 53.66252899169922 53.267616271972656 52.992801666259766 52.391231536865234 53.83824157714844 53.065982818603516 54.315486907958984 
44.667808532714844 43.820064544677734 43.65929412841797 42.09843063354492 43.02649688720703 43.700958251953125 43.58464050292969 42.28976058959961 
55.0228157043457 51.16678237915039 52.10073471069336 53.50044631958008 54.207489013671875 54.42620849609375 53.24582290649414 55.66227340698242 
44.93199920654297 43.566558837890625 42.442142486572266 42.457279205322266 43.308799743652344 43.296382904052734 43.518272399902344 42.617088317871094 
56.047393798828125 53.17619323730469 53.894527435302734 53.117088317871094 52.428382873535156 52.4093132019043 54.377471923828125 54.692447662353516 
44.42995071411133 43.23286437988281 42.763519287109375 43.36073684692383 42.57465744018555 42.92659378051758 43.7817268371582 43.8223991394043 
53.49942398071289 53.143775939941406 51.91712188720703 52.907615661621094 54.9749755859375 54.038719177246094 53.679840087890625 53.35059356689453 
47.378177642822266 42.4505615234375 42.99772644042969 42.95619201660156 43.39807891845703 43.5676155090332 43.01395034790039 42.39206314086914 
55.764095306396484 54.04179382324219 52.87152099609375 50.59151840209961 53.34163284301758 53.69919967651367 54.03958511352539 54.8869743347168 
43.66115188598633 42.273887634277344 43.23231887817383 43.686527252197266 42.86684799194336 42.95404815673828 43.27910232543945 43.324256896972656 
55.018367767333984 52.85308837890625 52.01251220703125 53.505184173583984 53.49622344970703 53.1196174621582 54.504417419433594 54.61503982543945 
44.86723327636719 43.258975982666016 42.89632034301758 43.485599517822266 43.77743911743164 43.662654876708984 42.567039489746094 42.65987014770508 
55.22159957885742 53.30339050292969 51.03257751464844 53.150047302246094 53.92675018310547 54.06083297729492 54.0041618347168 54.206817626953125 
43.56915283203125 42.20608139038086 43.10230255126953 43.638336181640625 43.623775482177734 43.041534423828125 42.67625427246094 43.662784576416016 
55.61276626586914 54.090782165527344 53.394657135009766 53.6800651550293 52.613441467285156 51.53081512451172 52.9846076965332 55.50172805786133 
44.328224182128906 42.33366394042969 42.87177658081055 43.589439392089844 43.38691329956055 42.31068801879883 43.14595031738281 43.68473434448242 
53.70000076293945 51.896446228027344 54.157470703125 53.287967681884766 53.76047897338867 53.056129455566406 52.49967956542969 53.00252914428711 
39.39478302001953 39.06361770629883 39.24720001220703 38.95356750488281 38.584415435791016 38.71116638183594 38.42768096923828 38.08620834350586 
51.69279861450195 46.9007682800293 47.38323211669922 47.70604705810547 47.275230407714844 47.07004928588867 48.180702209472656 47.00204849243164 
40.54179382324219 39.19855880737305 39.046207427978516 39.07823944091797 38.399967193603516 38.781951904296875 37.93084716796875 38.88777542114258 
49.86227035522461 45.981727600097656 48.152095794677734 45.932735443115234 47.1578254699707 46.88579177856445 46.917633056640625 47.402687072753906 
39.74067306518555 39.19046401977539 39.00284957885742 39.206336975097656 38.93423843383789 38.944862365722656 38.338401794433594 38.95750427246094 
48.83763122558594 47.46332931518555 48.646846771240234 47.19123077392578 48.91628646850586 47.41059112548828 48.40755081176758 47.429534912109375 
40.123966217041016 39.21945571899414 39.1445426940918 38.480350494384766 38.424896240234375 38.775489807128906 39.050559997558594 38.182559967041016 
48.215518951416016 46.781089782714844 47.20185470581055 46.70755386352539 47.785118103027344 48.59689712524414 47.53587341308594 48.68873596191406 
40.28416061401367 38.35027313232422 38.07990264892578 39.07574462890625 39.07721710205078 38.86134338378906 39.26345443725586 38.788543701171875 
48.92979049682617 45.69241714477539 45.11222457885742 47.209598541259766 46.604766845703125 46.21708679199219 47.74950408935547 46.532257080078125 
40.06563186645508 38.42844772338867 39.07600021362305 38.95782470703125 38.742305755615234 38.541343688964844 38.14934539794922 38.21718215942383 
48.68454360961914 47.68316650390625 46.0601921081543 46.73427200317383 48.104736328125 47.825984954833984 46.751041412353516 47.544639587402344 
38.57551956176758 39.07936096191406 39.382144927978516 38.62748718261719 39.561119079589844 38.90483093261719 38.926910400390625 38.538177490234375 
48.26416015625 46.077056884765625 47.92620849609375 46.83308792114258 48.27110290527344 47.844032287597656 46.07196807861328 46.41775894165039 
41.526527404785156 37.78694534301758 38.33651351928711 39.36649703979492 39.352352142333984 39.64374542236328 39.5379524230957 38.89411163330078 
49.64246368408203 45.495487213134766 47.192832946777344 45.4598388671875 46.614463806152344 48.93920135498047 47.00630569458008 48.11414337158203 
40.41436767578125 38.3746223449707 38.89344024658203 38.938846588134766 39.24972915649414 38.437278747558594 38.744895935058594 38.491519927978516 
48.06358337402344 48.29564666748047 47.49331283569336 46.685054779052734 46.96931076049805 47.857791900634766 46.73807907104492 48.51356887817383 
39.395263671875 38.7534065246582 38.967105865478516 39.05388641357422 39.200801849365234 38.5753288269043 38.492225646972656 38.937503814697266 
49.23811340332031 45.492801666259766 45.98774337768555 45.61369705200195 47.52230453491211 48.097984313964844 47.17219161987305 47.96867370605469 
52.3869743347168 51.245025634765625 51.70249557495117 50.461151123046875 50.955902099609375 51.24403381347656 51.002655029296875 49.58319854736328 
43.144737243652344 40.541473388671875 41.10764694213867 41.569854736328125 41.41414260864258 40.92214584350586 40.49241638183594 39.97788619995117 
53.248321533203125 49.71094512939453 50.9969596862793 49.91743850708008 50.65785598754883 48.7852783203125 52.1387825012207 50.72342300415039 
45.41923141479492 40.19395065307617 40.10281753540039 40.54108810424805 40.91455841064453 41.34479904174805 41.28761672973633 41.73241424560547 
52.19609451293945 50.29276657104492 50.34956741333008 51.18815994262695 50.66115188598633 50.5843505859375 49.89961624145508 50.34979248046875 
44.18902587890625 40.580833435058594 41.563262939453125 40.733985900878906 40.30547332763672 40.701568603515625 40.5269775390625 40.44432067871094 
50.46236801147461 50.84540939331055 50.464351654052734 50.1333122253418 50.307167053222656 50.389854431152344 49.84703826904297 51.28028869628906 
43.91398239135742 41.95199966430664 41.22819137573242 41.25027084350586 40.61209487915039 40.301246643066406 40.49836730957031 40.48089599609375 
52.37148666381836 50.84352111816406 50.43561553955078 50.279518127441406 51.0777587890625 52.086368560791016 50.379966735839844 49.77008056640625 
42.3040657043457 40.269439697265625 40.11356735229492 40.37673568725586 41.065216064453125 41.139583587646484 41.225215911865234 41.5992317199707 
52.97951889038086 50.43587112426758 50.52534484863281 51.61040115356445 51.55305480957031 50.45891189575195 49.98633575439453 52.02268981933594 
42.86592102050781 40.26790237426758 40.635135650634766 40.39286422729492 40.84908676147461 40.84787368774414 41.36707305908203 41.77529525756836 
51.17308807373047 49.2374382019043 50.57088088989258 49.89680099487305 51.55740737915039 51.23040008544922 50.478240966796875 50.35603332519531 
41.81024169921875 40.22768020629883 40.9249267578125 40.48556900024414 40.742305755615234 40.39753723144531 40.039424896240234 40.556766510009766 
50.67497634887695 50.381439208984375 51.594207763671875 50.570430755615234 50.10076904296875 51.837215423583984 51.260353088378906 49.60268783569336 
42.25436782836914 40.87206268310547 40.72137451171875 41.536033630371094 42.01081466674805 42.040321350097656 41.385406494140625 39.984161376953125 
51.28819274902344 49.36227035522461 50.301822662353516 50.032257080078125 49.94902420043945 52.34368133544922 50.65932846069336 50.123104095458984 
42.03504180908203 40.39868927001953 40.11430358886719 40.334590911865234 40.7314567565918 40.26252746582031 41.05696105957031 41.24806213378906 
52.799102783203125 50.476192474365234 49.860992431640625 50.48041534423828 52.25484848022461 50.88633728027344 50.142784118652344 51.98089599609375 
44.14896011352539 41.08483123779297 41.46473693847656 39.93417739868164 40.3493766784668 40.25664138793945 40.49055862426758 40.445823669433594 
35.82249450683594 34.148799896240234 33.73948669433594 33.511905670166016 33.6165771484375 33.908447265625 33.549888610839844 33.99100875854492 
36.796607971191406 35.21587371826172 35.547264099121094 35.13558578491211 36.20649719238281 35.70444869995117 35.63564682006836 36.51776123046875 
35.777503967285156 33.31459045410156 34.123199462890625 33.188926696777344 34.00454330444336 33.67283248901367 33.61494445800781 32.8460807800293 
36.931583404541016 35.94611358642578 35.9796142578125 36.19833755493164 36.07254409790039 36.03785705566406 35.871009826660156 35.923423767089844 
35.5082893371582 33.6448974609375 33.778079986572266 33.813663482666016 33.878849029541016 33.79155349731445 32.79008102416992 34.02537536621094 
38.30662536621094 35.80601501464844 35.348384857177734 35.425697326660156 35.242271423339844 36.2407341003418 35.61801528930664 35.582942962646484 
35.70377731323242 33.64995193481445 33.974849700927734 33.57017517089844 33.887359619140625 33.15078353881836 33.89168167114258 33.42598342895508 
37.358272552490234 35.854209899902344 34.947776794433594 35.40086364746094 36.3636474609375 35.967071533203125 35.818336486816406 36.38774490356445 
36.11801528930664 33.234432220458984 33.453887939453125 33.638145446777344 33.3045768737793 33.79420852661133 33.50521469116211 33.80966567993164 
39.26377487182617 35.964542388916016 36.22092819213867 35.95808029174805 36.007808685302734 34.9398078918457 36.47382354736328 36.290016174316406 
34.51094436645508 33.728511810302734 33.537662506103516 33.50143814086914 33.899391174316406 34.02249526977539 33.414207458496094 33.76211166381836 
38.61750411987305 35.79199981689453 35.759361267089844 34.78937530517578 35.88355255126953 35.64547348022461 36.459617614746094 35.378719329833984 
33.85200119018555 33.671905517578125 34.08063888549805 33.94166564941406 34.03919982910156 33.99523162841797 33.73183822631836 33.94803237915039 
38.53744125366211 35.68115234375 35.80380630493164 35.84739303588867 35.87535858154297 35.70431900024414 35.74524688720703 35.431617736816406 
36.985504150390625 33.807071685791016 33.16988754272461 34.208160400390625 33.24150466918945 33.53676986694336 32.96700668334961 34.060672760009766 
37.59676742553711 34.9081916809082 35.389984130859375 35.55699157714844 36.36383819580078 35.63808059692383 35.61747360229492 36.431358337402344 
37.97568130493164 33.529502868652344 33.813663482666016 33.4365119934082 34.01283264160156 33.69046401977539 33.92851257324219 33.73231887817383 
37.731201171875 35.136417388916016 35.65484619140625 35.63167953491211 36.3021125793457 35.89823913574219 35.45814514160156 36.485023498535156 
34.269630432128906 33.89388656616211 33.75881576538086 32.979103088378906 33.83776092529297 33.922943115234375 33.584800720214844 33.6096305847168 
38.5491828918457 35.82767868041992 34.84307098388672 36.45888137817383 36.199424743652344 35.24697494506836 36.48393630981445 35.963294982910156 
41.06617736816406 40.30393600463867 40.397342681884766 40.12937545776367 40.41872024536133 40.13545608520508 40.25920104980469 40.53740692138672 
43.89299011230469 40.465728759765625 40.00019073486328 40.41823959350586 40.82950210571289 41.13731384277344 40.98089599609375 41.00143814086914 
44.48668670654297 39.30934524536133 39.35289764404297 40.12688064575195 40.94588851928711 41.242942810058594 41.4552001953125 40.97932815551758 
43.42630386352539 41.75791931152344 41.717247009277344 40.34793472290039 40.93247985839844 41.2542724609375 41.51939010620117 40.97670364379883 
44.14681625366211 39.62937545776367 40.39209747314453 40.16307067871094 40.1220817565918 40.45663833618164 40.479488372802734 40.244449615478516 
43.93782424926758 41.68342590332031 41.88899230957031 39.96876907348633 40.26902389526367 41.444480895996094 41.13859176635742 41.324031829833984 
44.55916976928711 39.47663879394531 40.06147384643555 39.668800354003906 39.78752136230469 39.983585357666016 39.893089294433594 40.442657470703125 
44.49264144897461 40.88252639770508 41.594783782958984 41.13248062133789 40.76588821411133 40.1049919128418 40.612449645996094 41.35878372192383 
42.48611068725586 40.267967224121094 40.29292678833008 40.052223205566406 40.29654312133789 40.52409744262695 40.50262451171875 40.772064208984375 
44.461055755615234 40.62508773803711 41.47321701049805 40.760257720947266 39.922943115234375 41.02080154418945 40.51718521118164 40.95878219604492 
43.434017181396484 40.720577239990234 39.4224967956543 40.96307373046875 40.78793716430664 40.746177673339844 40.591102600097656 40.01852798461914 
42.19392013549805 41.6115837097168 41.77040100097656 41.7597770690918 39.96307373046875 40.34588623046875 41.540191650390625 41.03398513793945 
44.41791915893555 39.29894256591797 39.099647521972656 40.54502487182617 40.38582229614258 40.73625564575195 40.58000183105469 39.77769470214844 
42.17318344116211 40.91203308105469 41.00143814086914 41.24739074707031 41.0590705871582 41.033695220947266 41.64851379394531 41.12419128417969 
41.55990219116211 40.4128303527832 40.62089538574219 41.00297546386719 40.35033416748047 40.882686614990234 41.34703826904297 41.146305084228516 
45.113121032714844 39.895233154296875 41.1486701965332 41.05302429199219 41.173343658447266 40.92425537109375 40.23369598388672 40.46192169189453 
42.551998138427734 40.83113479614258 40.30467224121094 41.2558708190918 41.609439849853516 41.33110427856445 40.58070373535156 39.5041618347168 
43.63804626464844 40.57932662963867 41.56547164916992 41.814369201660156 40.6343994140625 41.730369567871094 41.16966247558594 41.53036880493164 
44.50899124145508 39.607967376708984 39.96198272705078 39.86665725708008 40.20102310180664 39.913726806640625 39.47635269165039 40.19798278808594 
43.46246337890625 40.604129791259766 41.12284851074219 41.8493766784668 40.94406509399414 41.942047119140625 41.93385696411133 41.0305290222168 
63.853790283203125 60.030433654785156 60.463008880615234 62.70025634765625 61.14656066894531 61.70240020751953 61.54006576538086 63.10569763183594 
71.84838104248047 71.81910705566406 73.22480010986328 73.0346908569336 72.46758270263672 72.28431701660156 74.5340805053711 72.12012481689453 
63.27104187011719 60.43830490112305 60.73030471801758 61.18751907348633 62.487327575683594 60.4667854309082 62.15532684326172 60.7889289855957 
73.2100830078125 69.9254379272461 71.12662506103516 72.3057632446289 73.55267333984375 71.25628662109375 73.33731079101562 72.39244842529297 
61.89014434814453 62.04617691040039 61.11955261230469 61.585182189941406 61.0382080078125 60.518272399902344 60.701438903808594 63.55379104614258 
73.8089599609375 72.56835174560547 71.68374633789062 73.81318664550781 73.70531463623047 72.08284759521484 73.6843490600586 74.4044189453125 
61.890750885009766 61.21660614013672 61.97248077392578 62.36924743652344 61.79209518432617 60.20793533325195 60.99174499511719 61.977535247802734 
74.19692993164062 71.60307312011719 73.01948547363281 72.35903930664062 73.03919982910156 72.06214141845703 75.69014739990234 73.58067321777344 
62.732704162597656 60.558719635009766 61.1649284362793 61.2174072265625 62.43302536010742 60.8040657043457 62.07827377319336 60.34899139404297 
73.1464614868164 70.39590454101562 73.00953674316406 71.69570922851562 71.88086700439453 73.13279724121094 75.07459259033203 70.297119140625 
61.56086349487305 62.042240142822266 60.32883071899414 62.287391662597656 60.565887451171875 62.166015625 60.31318283081055 61.1064338684082 
72.77094268798828 71.46332550048828 71.44204711914062 72.9507827758789 69.99225616455078 72.62406158447266 72.20121765136719 72.80758666992188 
62.695518493652344 61.219295501708984 61.073951721191406 60.84502410888672 62.83065414428711 62.83427047729492 60.74812698364258 62.36067199707031 
73.5962905883789 70.8796157836914 72.24781036376953 71.46556854248047 74.63267517089844 74.74777221679688 72.92633819580078 71.18083190917969 
61.96012878417969 60.260799407958984 63.27222442626953 60.129791259765625 60.73353576660156 61.00409698486328 62.793663024902344 60.999454498291016 
73.51142120361328 73.33740997314453 70.51910400390625 71.87251281738281 71.33721923828125 75.49052429199219 71.12201690673828 71.80748748779297 
61.96403121948242 62.20460891723633 61.77036666870117 61.90358352661133 61.104000091552734 60.70521545410156 61.42720031738281 62.12553787231445 
72.27836608886719 74.69465637207031 72.52272033691406 72.49481964111328 72.18310546875 72.99334716796875 72.7209243774414 72.30973052978516 
61.817569732666016 60.99420928955078 60.45948791503906 62.03046417236328 62.859134674072266 60.64860916137695 62.933406829833984 61.69772720336914 
74.3469467163086 73.76048278808594 71.34210968017578 72.60281372070312 73.22383880615234 73.33071899414062 73.19654083251953 72.77654266357422 
43.412353515625 41.15385437011719 41.333438873291016 41.45347213745117 41.073631286621094 41.957313537597656 41.25542449951172 42.380191802978516 
39.07516860961914 36.409889221191406 35.87936019897461 35.65750503540039 36.04342269897461 35.992671966552734 35.89558410644531 36.37855911254883 
41.940128326416016 41.972991943359375 41.57187271118164 41.50137710571289 40.56934356689453 40.46742248535156 41.55244827270508 41.686912536621094 
37.85334396362305 35.60918426513672 35.19363021850586 36.169921875 35.72835159301758 35.569313049316406 35.14748764038086 35.876224517822266 
44.10844802856445 42.204769134521484 41.095008850097656 42.4496955871582 42.814369201660156 42.171390533447266 42.19452667236328 41.173152923583984 
38.84294509887695 36.505374908447266 35.288063049316406 36.196414947509766 36.358367919921875 36.21526336669922 36.0840950012207 36.220096588134766 
42.212318420410156 40.379615783691406 41.31760025024414 41.540096282958984 41.808319091796875 41.79235076904297 41.6761589050293 41.877471923828125 
37.108673095703125 36.32640075683594 35.84092712402344 36.08259201049805 36.34463882446289 36.360958099365234 36.21731185913086 36.044193267822266 
42.4442253112793 41.27568054199219 41.44291305541992 42.504703521728516 42.3350715637207 41.03193664550781 40.82892990112305 42.44927978515625 
39.37014389038086 36.29753494262695 36.01615905761719 36.185951232910156 36.75788879394531 35.895904541015625 35.394432067871094 35.83932876586914 
41.779327392578125 41.71468734741211 41.58822250366211 41.22636795043945 41.705440521240234 42.81296157836914 42.943904876708984 42.13616180419922 
38.5208625793457 35.32316970825195 35.66979217529297 35.28531265258789 36.46249771118164 36.16425704956055 35.335777282714844 36.017601013183594 
44.234046936035156 41.592254638671875 42.484161376953125 42.39107131958008 40.85027313232422 42.314334869384766 41.059425354003906 41.794464111328125 
38.024417877197266 35.10345458984375 36.35443115234375 36.16124725341797 36.19692611694336 35.50886535644531 36.42121505737305 35.893280029296875 
43.30265426635742 42.53184127807617 41.30646514892578 42.46147155761719 41.45507049560547 42.156734466552734 42.24857711791992 41.394561767578125 
39.7303352355957 35.65193557739258 35.295841217041016 36.27644729614258 35.853248596191406 35.463775634765625 36.51887893676758 36.309471130371094 
44.17948913574219 41.251678466796875 40.55897521972656 41.362144470214844 41.92460632324219 41.62031936645508 41.84751892089844 41.75833511352539 
38.04460906982422 36.212257385253906 36.231422424316406 35.77443313598633 35.50502395629883 35.36249542236328 35.60736083984375 36.401920318603516 
43.5948486328125 40.649696350097656 42.480960845947266 42.6545295715332 41.8328971862793 41.23174285888672 41.52355194091797 41.5327033996582 
38.19343948364258 36.426273345947266 36.03462219238281 35.485504150390625 34.988094329833984 35.705406188964844 35.764801025390625 34.960384368896484 
55.41267013549805 51.11644744873047 53.27164840698242 50.60688018798828 51.74118423461914 49.855167388916016 52.960960388183594 53.042945861816406 
44.628448486328125 42.03750228881836 43.583614349365234 43.412288665771484 42.56198501586914 42.1712646484375 43.06963348388672 43.702110290527344 
53.532894134521484 52.30553436279297 51.54880142211914 51.53852844238281 50.995262145996094 52.33295822143555 52.905086517333984 50.81795120239258 
44.54297637939453 42.57939147949219 43.04848098754883 43.59199905395508 42.90732955932617 42.423648834228516 43.258079528808594 43.461856842041016 
52.34774398803711 52.80384063720703 50.793983459472656 51.222686767578125 51.04364776611328 51.88300704956055 52.06137466430664 51.586910247802734 
45.256351470947266 42.80790328979492 43.212257385253906 44.0079345703125 42.598270416259766 42.081504821777344 42.91155242919922 43.95257568359375 
52.85289764404297 50.99766540527344 52.66729736328125 50.823585510253906 51.34918212890625 50.655582427978516 52.30147171020508 52.551361083984375 
43.90972900390625 43.158241271972656 41.98012924194336 42.5880012512207 43.0972785949707 43.73961639404297 42.970943450927734 42.01388931274414 
51.78486251831055 51.191871643066406 52.292606353759766 51.714111328125 51.67491149902344 50.734336853027344 52.14031982421875 51.72915267944336 
47.37936019897461 42.659263610839844 42.70057678222656 42.334529876708984 42.97190475463867 43.36764907836914 44.154720306396484 42.6701774597168 
54.157470703125 51.80780792236328 51.77443313598633 51.06361770629883 51.91766357421875 53.06060791015625 52.82041549682617 52.67548751831055 
43.8138542175293 42.62076950073242 42.731136322021484 43.66944122314453 43.35337448120117 42.143775939941406 42.7806396484375 43.65932846069336 
53.85932922363281 51.239681243896484 51.010528564453125 51.35696029663086 52.52140808105469 52.395198822021484 51.72118377685547 50.79423904418945 
46.78790283203125 42.217342376708984 42.59027099609375 42.285057067871094 42.71654510498047 43.55059051513672 43.97180938720703 42.28937530517578 
52.06131362915039 50.694400787353516 51.099422454833984 51.073951721191406 51.89680099487305 50.665855407714844 52.716766357421875 52.3256950378418 
46.573856353759766 43.37836837768555 42.43695831298828 42.373313903808594 43.34102249145508 42.818878173828125 42.17951965332031 42.8092155456543 
53.10291290283203 50.544639587402344 52.04790496826172 53.230655670166016 51.67878341674805 51.49756622314453 51.195648193359375 52.55721664428711 
46.002784729003906 42.95414352416992 42.35145568847656 43.43123245239258 44.06787109375 42.79942321777344 42.19801712036133 42.4365119934082 
52.94169616699219 50.363521575927734 52.476097106933594 52.02678298950195 51.52521514892578 51.05372619628906 52.045982360839844 52.04278564453125 
44.494686126708984 41.871742248535156 43.336063385009766 42.56547164916992 42.31196975708008 42.89235305786133 43.76844787597656 42.7836799621582 
65.57469177246094 66.99161529541016 65.39263916015625 67.05619049072266 64.24422454833984 67.21875 67.07401275634766 66.83961486816406 
64.8340835571289 66.43331146240234 65.94070434570312 65.109375 65.16957092285156 65.38079833984375 64.4228515625 70.50672149658203 
66.093505859375 66.6263656616211 65.95475006103516 65.45654296875 66.75567626953125 63.76428985595703 65.39260864257812 67.33004760742188 
66.1779556274414 64.25497436523438 65.01859283447266 65.67545318603516 65.68838500976562 65.72096252441406 66.01449584960938 68.0687026977539 
66.2061767578125 66.76358032226562 64.40054321289062 66.83184051513672 63.92316818237305 65.32256317138672 65.9319076538086 69.44041442871094 
65.30016326904297 65.39603424072266 64.80764770507812 65.15763092041016 64.71692657470703 64.65977478027344 66.4359359741211 69.87964630126953 
66.912353515625 66.61593627929688 66.4964828491211 66.32393646240234 65.6575698852539 65.082275390625 64.61199951171875 68.79705810546875 
65.33036804199219 66.35391998291016 66.80521392822266 66.81484985351562 66.8001937866211 66.07571411132812 66.169921875 65.40819549560547 
66.90748596191406 64.66381072998047 65.89759826660156 64.30582427978516 65.38188934326172 65.9300765991211 66.51654052734375 67.1589126586914 
64.37017822265625 66.8156509399414 65.14390563964844 66.73737335205078 65.23990631103516 67.05622100830078 66.8993911743164 67.96979522705078 
35.71964645385742 34.58371353149414 34.214942932128906 33.83238220214844 34.33657455444336 34.310752868652344 34.280574798583984 33.26572799682617 
37.64601516723633 34.720096588134766 35.22947311401367 35.069278717041016 35.03286361694336 35.74470520019531 35.94704055786133 35.39081573486328 
35.0365104675293 33.789310455322266 33.62700653076172 33.81391906738281 33.84307098388672 33.68867111206055 34.14316940307617 34.604736328125 
37.585758209228516 35.90224075317383 35.415489196777344 35.36111831665039 34.513343811035156 35.5148811340332 35.714622497558594 35.12956619262695 
35.50227355957031 33.53238296508789 34.156734466552734 33.260353088378906 34.06953430175781 33.78694534301758 33.824031829833984 34.187679290771484 
37.94704055786133 35.42678451538086 35.16988754272461 36.116703033447266 35.36771011352539 35.45305633544922 35.709503173828125 36.033023834228516 
36.5494384765625 33.3776969909668 33.6044807434082 34.22332763671875 34.144351959228516 34.02531051635742 34.30611038208008 34.60713577270508 
38.151710510253906 35.511905670166016 35.75833511352539 35.52617645263672 35.8969612121582 36.067806243896484 35.67171096801758 35.9799690246582 
34.59062576293945 33.757537841796875 33.18745422363281 33.7606086730957 34.21830368041992 33.70915222167969 33.40342330932617 33.54537582397461 
37.519649505615234 35.25350570678711 35.42316818237305 35.17891311645508 34.80908966064453 35.98774337768555 35.45110321044922 35.81324768066406 
34.64924621582031 33.47689437866211 33.0109748840332 33.910560607910156 34.198238372802734 33.82771301269531 33.38671875 33.58019256591797 
36.29721450805664 35.48777770996094 35.93552017211914 35.79484939575195 35.42732620239258 35.714847564697266 34.59328079223633 35.131263732910156 
35.020992279052734 34.12054443359375 34.18598556518555 34.008384704589844 34.19878387451172 34.06614303588867 34.41779327392578 33.71430587768555 
37.01340866088867 35.66166305541992 35.59852981567383 34.432193756103516 34.951904296875 35.83628845214844 35.46995162963867 35.99766540527344 
35.30073547363281 34.27299118041992 34.40339279174805 34.31257629394531 33.26019287109375 34.31264114379883 33.61715316772461 34.360191345214844 
37.168704986572266 34.87295913696289 35.36947250366211 35.59596633911133 34.64128112792969 35.02627182006836 35.023616790771484 35.58256149291992 
36.67033767700195 34.2993278503418 34.17337417602539 34.06620788574219 34.562400817871094 33.90835189819336 34.28166580200195 33.361568450927734 
37.678688049316406 35.46543884277344 35.05158233642578 35.50748825073242 34.78169631958008 35.565345764160156 35.14384078979492 35.868831634521484 
35.15359878540039 33.55891036987305 33.08134460449219 33.84950256347656 33.13926315307617 33.8831672668457 33.61228942871094 33.757537841796875 
37.04127883911133 35.95811080932617 35.23686218261719 35.2852783203125 35.65568161010742 35.77791976928711 34.62688064575195 35.52153778076172 
51.09145736694336 47.707679748535156 47.09056091308594 49.000160217285156 47.2289924621582 49.41686248779297 49.17295837402344 49.42716979980469 
43.7938232421875 43.43913650512695 43.02326583862305 43.85868835449219 43.482303619384766 43.82255935668945 42.64806365966797 43.0814094543457 
50.449214935302734 47.768768310546875 49.21859359741211 48.2479362487793 48.400062561035156 47.86848068237305 48.1192626953125 48.59507369995117 
44.85472106933594 42.45510482788086 42.69091033935547 42.7509765625 42.986751556396484 43.76639938354492 43.65238571166992 42.52012634277344 
50.20012664794922 47.540863037109375 48.74006271362305 48.008033752441406 49.20044708251953 48.302433013916016 47.637184143066406 48.52460861206055 
47.01676940917969 42.716129302978516 43.924224853515625 43.29983901977539 42.71424102783203 42.26947021484375 43.326881408691406 43.62374496459961 
48.642494201660156 48.15644836425781 48.319488525390625 48.77849578857422 48.41321563720703 49.25379180908203 47.759456634521484 48.2279052734375 
46.240928649902344 42.478240966796875 42.20249557495117 43.24825668334961 43.817344665527344 43.58796691894531 43.191200256347656 42.6343994140625 
50.47625732421875 47.924991607666016 48.546112060546875 48.76607894897461 49.17337417602539 47.608734130859375 47.44950485229492 47.740638732910156 
45.703041076660156 42.753440856933594 43.87635040283203 42.42784118652344 43.02259063720703 43.5109748840332 42.82838439941406 43.75324630737305 
51.22467041015625 47.37187194824219 47.119232177734375 48.51510238647461 49.431392669677734 47.70278549194336 48.000640869140625 47.7026252746582 
45.8966064453125 42.82704162597656 43.137184143066406 42.745121002197266 42.72169494628906 43.61286544799805 43.787776947021484 44.31123352050781 
49.61983871459961 48.36191940307617 48.10172653198242 48.72351837158203 47.51923370361328 48.673439025878906 47.74524688720703 48.08319854736328 
44.76179122924805 42.67164611816406 44.05168151855469 43.68876647949219 42.133087158203125 43.3087043762207 43.600318908691406 43.02956771850586 
49.1712646484375 48.00080108642578 48.745025634765625 48.46876907348633 48.38371276855469 48.12566375732422 48.433311462402344 49.17488098144531 
44.91958236694336 43.65817642211914 42.57027053833008 42.291744232177734 43.5129280090332 42.681663513183594 43.280609130859375 43.316001892089844 
49.26259231567383 47.33955383300781 48.27996826171875 48.52073669433594 48.756256103515625 48.583648681640625 49.144798278808594 48.83321762084961 
45.365760803222656 43.229087829589844 43.10688018798828 42.745567321777344 43.731361389160156 42.68803024291992 42.466976165771484 43.57270431518555 
51.887840270996094 48.671295166015625 47.73740768432617 48.834625244140625 48.732383728027344 49.03299331665039 47.69411087036133 48.0906867980957 
44.82032012939453 43.80633544921875 43.533599853515625 42.81590270996094 42.49091339111328 42.88172912597656 43.99308776855469 42.7606086730957 
37.963871002197266 35.29769515991211 35.57206344604492 35.4788818359375 35.84000015258789 35.744224548339844 35.9738883972168 35.89235305786133 
40.674049377441406 37.28700637817383 37.55059051513672 37.87753677368164 36.449790954589844 37.36592102050781 37.94345474243164 36.98188781738281 
38.40262222290039 35.043582916259766 35.137569427490234 34.953216552734375 35.61427307128906 34.852928161621094 35.224063873291016 35.295745849609375 
39.572513580322266 37.30070495605469 37.66787338256836 37.654335021972656 37.334686279296875 37.03055953979492 38.00691223144531 38.01548767089844 
37.55449676513672 34.918495178222656 35.03593444824219 35.434078216552734 35.53561782836914 35.4277458190918 35.94403076171875 35.81721496582031 
39.13302230834961 37.89904022216797 37.578369140625 36.8928337097168 37.493408203125 37.51763153076172 37.0814094543457 37.93049621582031 
37.1176643371582 35.03033447265625 35.54188919067383 35.66172790527344 35.17168045043945 35.65385437011719 34.851104736328125 35.19929504394531 
40.25001525878906 36.83241653442383 37.34239959716797 36.442176818847656 38.186336517333984 37.44713592529297 37.61836624145508 37.05372619628906 
36.21820831298828 35.75948715209961 35.836063385009766 34.7470703125 35.23884963989258 35.20582580566406 35.36470413208008 35.175071716308594 
40.01238250732422 37.13545608520508 36.701534271240234 38.22480010986328 37.42115020751953 37.184608459472656 37.87859344482422 38.13532638549805 
36.2006721496582 35.491966247558594 35.23740768432617 35.2490234375 35.692256927490234 35.42668914794922 35.55344009399414 35.00505447387695 
40.672607421875 37.484798431396484 37.898494720458984 37.647457122802734 37.05891036987305 37.57155227661133 37.169246673583984 37.75849533081055 
36.43507385253906 35.34783935546875 35.77500915527344 35.57855987548828 34.749534606933594 35.216224670410156 34.74409484863281 36.04956817626953 
40.13123321533203 36.795265197753906 37.66428756713867 37.08902359008789 37.73654556274414 36.77145767211914 37.16755294799805 37.0398063659668 
37.75183868408203 36.414527893066406 35.40857696533203 35.75270462036133 34.52809524536133 35.143070220947266 35.285247802734375 36.02684783935547 
40.65225601196289 36.805152893066406 36.72419357299805 37.15382385253906 37.14556884765625 38.04217529296875 37.74595260620117 36.85753631591797 
37.30246353149414 34.553279876708984 34.781375885009766 35.14409637451172 35.25251388549805 34.98387145996094 34.98604965209961 35.772865295410156 
38.96636962890625 37.339134216308594 37.424800872802734 37.09132766723633 37.75328063964844 38.029598236083984 37.70876693725586 37.722496032714844 
36.129825592041016 35.228641510009766 35.457664489746094 35.091552734375 35.86601638793945 35.36454391479492 35.97068786621094 34.589569091796875 
39.786720275878906 36.35081481933594 37.170654296875 37.373374938964844 37.51232147216797 36.63555145263672 36.921470642089844 37.69683074951172 
39.335105895996094 36.76492691040039 37.266849517822266 37.63347244262695 36.9147834777832 37.1640625 37.03945541381836 37.177982330322266 
37.563201904296875 34.89507293701172 34.671424865722656 35.37456130981445 34.49375915527344 35.413631439208984 35.542720794677734 35.677024841308594 
38.85740661621094 36.278560638427734 37.050559997558594 37.387168884277344 36.825439453125 36.64524841308594 37.475006103515625 37.538814544677734 
36.478240966796875 35.65116882324219 35.00227355957031 34.93654251098633 35.668800354003906 35.3666877746582 34.98227310180664 35.72470474243164 
38.86275100708008 36.630943298339844 37.11702346801758 36.3328971862793 37.86272048950195 37.836097717285156 37.44678497314453 37.21308898925781 
38.43686294555664 35.524288177490234 35.494686126708984 35.27017593383789 34.988094329833984 35.39891052246094 34.86822509765625 35.34115219116211 
40.15635299682617 37.03398513793945 36.68956756591797 36.2496337890625 37.31907272338867 37.49555206298828 37.141502380371094 37.403263092041016 
37.37129592895508 35.031070709228516 34.951454162597656 35.6003532409668 35.73548889160156 34.91164779663086 35.38518524169922 35.667999267578125 
40.5912971496582 36.51001739501953 37.26870346069336 36.600318908691406 37.41231918334961 37.637630462646484 37.346046447753906 37.32438278198242 
37.52076721191406 35.31769561767578 35.00291061401367 34.68476867675781 35.22342300415039 35.12473678588867 35.21830368041992 35.48329544067383 
39.56025695800781 36.901920318603516 37.04832077026367 36.83184051513672 37.066368103027344 37.01398468017578 36.62627029418945 37.7663688659668 
37.032352447509766 35.15321731567383 35.59711837768555 35.45382308959961 35.6835823059082 35.781471252441406 34.97737503051758 35.73871994018555 
37.83699035644531 37.60192108154297 37.17987060546875 37.39424133300781 36.61481475830078 36.66876983642578 37.52316665649414 37.276031494140625 
36.878849029541016 34.98441696166992 35.23984146118164 35.08870315551758 35.540672302246094 35.754207611083984 35.42921447753906 35.298336029052734 
38.33647918701172 36.76668930053711 36.995487213134766 37.35808181762695 37.4918098449707 37.1267204284668 37.55286407470703 37.74342346191406 
37.49103927612305 35.229793548583984 35.548095703125 35.42287826538086 35.7823371887207 35.53606414794922 34.7215690612793 35.281089782714844 
39.56528091430664 36.7283821105957 37.431392669677734 37.616798400878906 37.6295051574707 37.38742446899414 37.037696838378906 36.78665542602539 
38.96371078491211 35.02102279663086 35.511680603027344 35.534942626953125 34.966304779052734 35.01753616333008 35.624385833740234 35.013153076171875 
39.36524963378906 37.351776123046875 37.187679290771484 36.8620491027832 37.48099136352539 37.106143951416016 37.33283233642578 37.332096099853516 
37.7891845703125 34.78771209716797 35.60297775268555 35.614784240722656 34.986209869384766 34.421119689941406 35.34908676147461 35.53190231323242 
33.720481872558594 29.985151290893555 30.465791702270508 30.66783905029297 29.881216049194336 30.1844482421875 29.880704879760742 30.22127914428711 
31.56559944152832 29.279071807861328 29.088159561157227 29.18886375427246 29.520288467407227 29.350175857543945 29.053407669067383 29.05580711364746 
31.585983276367188 30.166303634643555 30.9268798828125 30.146495819091797 30.191904067993164 30.362560272216797 30.248384475708008 30.20969581604004 
32.82294464111328 29.35055923461914 29.466976165771484 29.82569694519043 29.355072021484375 29.356000900268555 29.196256637573242 29.799711227416992 
30.27484893798828 29.640352249145508 29.613727569580078 30.704288482666016 30.408159255981445 29.96656036376953 30.748416900634766 30.280479431152344 
32.29888153076172 29.653791427612305 29.97065544128418 29.857376098632812 29.400287628173828 29.224767684936523 29.807903289794922 29.709728240966797 
32.552032470703125 30.93756866455078 30.48134422302246 29.738367080688477 29.849824905395508 29.903743743896484 30.56015968322754 29.90140724182129 
31.28447914123535 29.445600509643555 29.366527557373047 29.595327377319336 29.321664810180664 29.678720474243164 29.866304397583008 29.116031646728516 
32.7158088684082 30.94384002685547 30.103744506835938 29.587648391723633 30.290912628173828 30.74799919128418 30.059200286865234 29.895584106445312 
31.926015853881836 29.362655639648438 29.552288055419922 29.094751358032227 29.43891143798828 29.866527557373047 29.6200008392334 29.294208526611328 
31.322303771972656 30.252351760864258 30.033119201660156 30.37539291381836 30.90550422668457 30.374176025390625 30.11529541015625 30.495647430419922 
31.64089584350586 29.774879455566406 30.23811149597168 29.549312591552734 29.080768585205078 29.42870330810547 29.170656204223633 29.936288833618164 
32.06752014160156 30.023679733276367 30.33875274658203 30.707456588745117 30.404096603393555 30.06835174560547 29.892671585083008 30.529951095581055 
31.661407470703125 29.61257553100586 28.93071937561035 29.172447204589844 29.501983642578125 30.223712921142578 29.492639541625977 29.51523208618164 
31.163936614990234 29.806528091430664 30.27257537841797 30.673215866088867 30.426912307739258 29.948095321655273 30.590911865234375 30.434080123901367 
31.992544174194336 29.598848342895508 29.548799514770508 29.457056045532227 29.360607147216797 29.427967071533203 29.756032943725586 29.7608642578125 
31.64646339416504 29.826271057128906 29.522367477416992 30.039487838745117 30.29747200012207 30.08355140686035 29.850719451904297 30.546560287475586 
34.744224548339844 29.559999465942383 29.123104095458984 28.875743865966797 28.882911682128906 29.98240089416504 29.78099250793457 29.273408889770508 
34.63206481933594 30.1362247467041 30.076671600341797 30.62883186340332 30.534719467163086 29.703744888305664 30.0150089263916 30.727615356445312 
31.530975341796875 29.815263748168945 29.780479431152344 29.374303817749023 28.90403175354004 29.52739143371582 29.721439361572266 29.594144821166992 
41.35647964477539 40.63212966918945 40.47884750366211 40.399391174316406 40.166526794433594 39.90143966674805 40.13417434692383 40.320960998535156 
50.489505767822266 46.53692626953125 47.31679916381836 46.98051071166992 48.10630416870117 46.16896057128906 48.354209899902344 47.480224609375 
42.859073638916016 41.69539260864258 40.799808502197266 40.15203094482422 40.32185745239258 40.886558532714844 40.494144439697266 40.53849411010742 
49.16185760498047 47.61040115356445 47.20771026611328 48.43974304199219 46.19916915893555 47.7597770690918 46.52924728393555 48.62409591674805 
42.76531219482422 40.07855987548828 40.15670394897461 40.16774368286133 40.297855377197266 40.42902374267578 40.878177642822266 40.826751708984375 
50.282752990722656 47.458526611328125 46.01932907104492 47.212608337402344 47.9997444152832 47.36288070678711 46.9114875793457 47.75948715209961 
43.159263610839844 41.01708984375 41.312320709228516 41.436161041259766 41.83222579956055 40.2599983215332 40.854270935058594 41.148929595947266 
49.78099060058594 47.05491256713867 47.81212615966797 47.198753356933594 47.34080123901367 46.36822509765625 46.776126861572266 48.30460739135742 
41.68172836303711 40.387550354003906 40.75187301635742 40.627296447753906 41.11804962158203 41.11929702758789 41.5634880065918 41.619937896728516 
49.994911193847656 46.578975677490234 46.560543060302734 48.12089538574219 46.42118453979492 48.11881637573242 46.88489532470703 48.17097473144531 
45.091583251953125 40.762752532958984 41.30691146850586 40.83203125 40.55174255371094 41.1992301940918 40.34352111816406 40.55305480957031 
50.20054244995117 47.55545425415039 46.98259353637695 47.33216094970703 47.42428970336914 47.78611373901367 47.714942932128906 48.00291061401367 
43.01824188232422 40.41712188720703 40.16387176513672 40.148128509521484 40.10627365112305 40.300926208496094 40.29404830932617 40.0107536315918 
48.90137481689453 46.19123077392578 45.5805778503418 47.017311096191406 46.28041458129883 47.07398223876953 46.84729766845703 47.19289779663086 
40.83830261230469 40.378944396972656 40.30275344848633 40.88499069213867 40.88780975341797 40.73360061645508 40.91795349121094 41.78201675415039 
49.30672073364258 46.046783447265625 48.21174240112305 46.221343994140625 48.025726318359375 46.32444763183594 47.75462341308594 47.44131088256836 
41.733150482177734 41.31059265136719 40.946529388427734 39.83795166015625 40.01260757446289 41.16511917114258 40.67942428588867 40.25657653808594 
47.66636657714844 47.40038299560547 46.214847564697266 47.85222244262695 46.852638244628906 47.98332977294922 46.397342681884766 47.74166488647461 
41.18729782104492 40.6569938659668 40.86659240722656 40.83484649658203 41.71446228027344 42.09113693237305 41.61308670043945 41.21094512939453 
48.720096588134766 48.16876983642578 45.96495819091797 48.021854400634766 46.51804733276367 48.2685432434082 46.44508743286133 47.57468795776367 
46.48672103881836 45.332767486572266 44.52735900878906 45.03830337524414 45.221439361572266 45.63132858276367 45.70665740966797 45.55324935913086 
45.66425704956055 43.416446685791016 41.96928024291992 41.7119026184082 41.95817565917969 42.914207458496094 43.748992919921875 42.09494400024414 
48.09859085083008 44.21311950683594 45.498783111572266 45.998207092285156 44.705055236816406 46.5 44.979103088378906 45.47359848022461 
44.30976104736328 42.23212814331055 42.96089553833008 42.990718841552734 42.10700988769531 41.89043045043945 42.6181755065918 43.85011291503906 
46.004638671875 46.23564910888672 44.7639045715332 45.54387283325195 46.398529052734375 44.51772689819336 46.362335205078125 45.62188720703125 
44.47071838378906 43.419551849365234 42.36412811279297 43.2468147277832 42.129825592041016 42.28239822387695 42.80326461791992 43.84368133544922 
46.79507064819336 44.26268768310547 44.52716827392578 46.1420783996582 44.978912353515625 44.91836929321289 44.78236770629883 44.97836685180664 
44.756065368652344 41.901344299316406 42.46537780761719 42.87046432495117 43.513790130615234 42.35939025878906 41.7459831237793 42.364383697509766 
46.8785285949707 46.09471893310547 45.56284713745117 45.25321578979492 46.771968841552734 45.8851203918457 45.551456451416016 45.780670166015625 
44.523582458496094 42.315391540527344 42.77481460571289 43.87251281738281 41.80134582519531 41.47529602050781 42.31001663208008 42.97964859008789 
47.75388717651367 46.26438522338867 45.57340621948242 45.276222229003906 46.306400299072266 44.7026252746582 46.18873596191406 45.98940658569336 
45.88390350341797 42.71833419799805 43.111167907714844 43.64611053466797 42.04025650024414 42.30259323120117 42.77436828613281 42.66815948486328 
47.835262298583984 44.50691223144531 45.768768310546875 45.22028732299805 44.86899185180664 45.93209457397461 44.4977912902832 44.630367279052734 
45.67023849487305 41.882240295410156 41.6844482421875 41.816001892089844 42.4439697265625 42.83772659301758 43.840576171875 42.87779235839844 
45.460575103759766 45.318687438964844 45.1577262878418 45.10575866699219 45.54207992553711 45.5959358215332 44.74086380004883 46.10438537597656 
43.84016036987305 41.98080062866211 42.46953582763672 43.59299087524414 43.730369567871094 42.218048095703125 41.98838424682617 41.78249740600586 
45.9983024597168 44.63897705078125 46.14041519165039 45.14720153808594 45.35811233520508 45.27519989013672 45.33929443359375 44.99385452270508 
44.24473571777344 41.93881607055664 43.63350296020508 43.60259246826172 42.40003204345703 42.12076950073242 42.781150817871094 43.17174530029297 
46.05430221557617 45.182945251464844 46.427520751953125 44.3765754699707 45.72566223144531 46.00320053100586 44.79008102416992 46.764766693115234 
44.35942459106445 42.30108642578125 42.392032623291016 43.63225555419922 42.60076904296875 41.32774353027344 41.97750473022461 42.604576110839844 
39.167198181152344 38.392127990722656 38.93967819213867 38.3592643737793 38.080223083496094 39.10188674926758 39.551902770996094 40.09001541137695 
43.240352630615234 39.50284957885742 38.85599899291992 39.227745056152344 39.11695861816406 39.19609451293945 39.67977523803711 39.27494430541992 
40.5445442199707 37.89254379272461 38.50320053100586 38.14064025878906 39.449119567871094 38.880062103271484 38.23894500732422 38.86211013793945 
41.58995056152344 39.42937469482422 39.297950744628906 38.83567810058594 39.53443145751953 39.75481414794922 38.89868927001953 38.89094543457031 
41.17356872558594 38.04880142211914 38.641727447509766 38.255680084228516 38.97875213623047 39.54342269897461 38.91446304321289 39.11110305786133 
41.24016189575195 39.67871856689453 39.33340835571289 39.071006774902344 38.90476989746094 39.16499328613281 39.12412643432617 40.134273529052734 
40.69260787963867 38.50678253173828 38.317569732666016 38.814910888671875 38.228031158447266 39.48668670654297 38.476287841796875 39.31187057495117 
42.66825485229492 39.10396957397461 38.6275520324707 39.18764877319336 39.96246337890625 39.71593475341797 40.149024963378906 39.200897216796875 
41.45094299316406 39.375423431396484 39.54073715209961 39.241920471191406 39.37740707397461 39.115169525146484 39.14531326293945 39.01945495605469 
42.381439208984375 39.89302444458008 40.7408332824707 40.30099105834961 40.06361770629883 39.189151763916016 40.968318939208984 40.67695999145508 
42.85820770263672 39.872798919677734 39.032257080078125 38.650718688964844 38.7632942199707 38.83497619628906 38.37196731567383 38.72880172729492 
41.431007385253906 38.799903869628906 38.960289001464844 39.699710845947266 39.52143859863281 39.83148956298828 40.42153549194336 39.240478515625 
40.769439697265625 38.08038330078125 38.179649353027344 39.39769744873047 39.311134338378906 39.1927375793457 38.880958557128906 38.8416633605957 
42.2064323425293 40.390785217285156 39.011871337890625 40.87615966796875 40.8106575012207 40.42287826538086 40.70374298095703 39.052703857421875 
39.337825775146484 38.76544189453125 37.770111083984375 39.64748764038086 38.42720031738281 39.632415771484375 39.49507141113281 38.98313522338867 
42.134239196777344 39.0423698425293 39.419166564941406 39.391456604003906 39.275390625 39.64006423950195 39.26345443725586 40.46249771118164 
40.06313705444336 38.4093132019043 38.292510986328125 39.62604904174805 38.56140899658203 39.113887786865234 39.645118713378906 39.149375915527344 
42.069793701171875 39.87654495239258 38.97859191894531 40.55446243286133 39.962432861328125 40.30374526977539 40.40969467163086 39.582496643066406 
42.59062576293945 38.541439056396484 38.111358642578125 38.88972854614258 39.12335968017578 38.672767639160156 38.42844772338867 37.9431037902832 
41.38550567626953 39.63363265991211 39.05654525756836 39.686302185058594 40.10902404785156 40.291744232177734 40.25350570678711 38.85580825805664 
43.93312072753906 42.81235122680664 42.74931335449219 42.23516845703125 43.11635208129883 42.407135009765625 41.98102569580078 43.01878356933594 
48.42521667480469 45.03420639038086 45.2374382019043 46.10515213012695 46.04582214355469 46.88652801513672 44.99919891357422 46.53472137451172 
45.202239990234375 42.09939193725586 42.04966354370117 41.29030227661133 42.55436706542969 43.03007888793945 43.531105041503906 42.92675018310547 
47.4054069519043 45.088958740234375 46.61564636230469 46.31977462768555 45.60131072998047 45.39324951171875 46.45897674560547 46.325504302978516 
44.76697540283203 42.32281494140625 42.075809478759766 42.814945220947266 43.11443328857422 43.34009552001953 43.47417449951172 41.98361587524414 
47.70073699951172 45.650047302246094 45.612064361572266 46.79625701904297 46.36646270751953 45.15983963012695 45.903072357177734 46.097694396972656 
44.687198638916016 43.28684616088867 42.1776008605957 42.217472076416016 42.48979187011719 43.008480072021484 43.422401428222656 42.29075241088867 
49.28121566772461 44.56147384643555 45.63612747192383 44.833953857421875 46.35152053833008 45.872703552246094 45.14662551879883 46.43462371826172 
43.26668930053711 43.35887908935547 43.32419204711914 42.983360290527344 42.10521697998047 42.81465530395508 43.27315139770508 43.44851303100586 
48.92521667480469 45.32038497924805 46.832862854003906 45.12335968017578 46.23440170288086 46.50387191772461 45.5417594909668 46.889793395996094 
44.00028610229492 43.05878448486328 42.050048828125 41.99542236328125 42.5016975402832 43.204383850097656 43.37644958496094 41.85289764404297 
48.858943939208984 44.54252624511719 45.70528030395508 45.08367919921875 44.40943908691406 45.72617721557617 45.501502990722656 46.14380645751953 
45.895423889160156 43.44563293457031 43.136993408203125 41.34793472290039 42.54278564453125 42.817344665527344 43.15670394897461 43.640830993652344 
46.90131378173828 45.21187210083008 44.091712951660156 44.248958587646484 46.48761749267578 46.36064147949219 46.082366943359375 47.40339279174805 
44.251136779785156 42.96003341674805 43.36492919921875 42.113502502441406 43.03462219238281 42.09782409667969 42.134368896484375 42.997920989990234 
47.120094299316406 45.892799377441406 44.79481506347656 45.14409637451172 46.254432678222656 46.358367919921875 46.02604675292969 45.67548751831055 
44.166526794433594 42.458335876464844 43.4251823425293 42.79955291748047 42.13542556762695 42.964542388916016 43.21593475341797 43.47510528564453 
48.154014587402344 46.66777420043945 45.984352111816406 45.8702392578125 45.8787841796875 45.3004150390625 46.822784423828125 46.13334274291992 
44.590431213378906 42.57289505004883 41.964447021484375 42.83417510986328 43.07075119018555 43.44291305541992 42.715614318847656 41.658016204833984 
48.20172882080078 45.92406463623047 45.88179016113281 45.875423431396484 46.30332946777344 45.66310501098633 45.20057678222656 46.9378547668457 
64.35308837890625 64.65219116210938 63.91712188720703 63.250526428222656 64.60364532470703 63.984256744384766 63.291358947753906 63.3526725769043 
64.51696014404297 62.799137115478516 63.96355056762695 63.27686309814453 64.83468627929688 64.27196502685547 63.86918258666992 61.892704010009766 
63.426815032958984 63.77568054199219 62.6192626953125 64.91926574707031 64.98944091796875 62.42512130737305 63.3171501159668 64.27993774414062 
63.05916976928711 62.19513702392578 64.48995208740234 64.7168960571289 64.66349029541016 64.5110092163086 63.231327056884766 64.61615753173828 
64.70511627197266 62.15702438354492 64.20329284667969 64.16918182373047 63.497344970703125 63.77203369140625 64.96195220947266 64.14371490478516 
63.144222259521484 64.3265609741211 62.494239807128906 62.99852752685547 63.27414321899414 62.770721435546875 62.786624908447266 64.77378845214844 
62.04969787597656 62.858177185058594 62.5533447265625 62.01804733276367 64.6310043334961 63.082176208496094 63.97331237792969 65.25663757324219 
64.68982696533203 62.04780960083008 63.617313385009766 64.39373016357422 62.67679977416992 62.93622589111328 64.36377716064453 64.58895874023438 
63.084129333496094 64.04732513427734 64.43462371826172 61.87356948852539 61.73139190673828 63.93632125854492 62.628929138183594 63.630592346191406 
62.03510284423828 64.02851104736328 62.98451232910156 64.03660583496094 62.98137664794922 62.72576141357422 64.0901107788086 63.61884689331055 
48.46713638305664 45.407806396484375 45.325984954833984 44.868255615234375 46.16543960571289 45.90095901489258 46.32815933227539 45.013153076171875 
55.761566162109375 53.39238357543945 53.55315017700195 53.7808952331543 53.657569885253906 55.65305709838867 54.18076705932617 55.21836853027344 
46.34899139404297 45.95859146118164 46.56620788574219 45.122432708740234 46.016319274902344 46.43203353881836 45.609375 45.84492874145508 
57.461822509765625 54.8276481628418 54.196510314941406 55.666046142578125 54.893150329589844 53.72915267944336 55.96089553833008 55.932640075683594 
47.59910583496094 45.74860763549805 44.862369537353516 45.91203308105469 44.98777770996094 44.9284782409668 45.58067321777344 46.7138557434082 
54.523040771484375 51.76316833496094 55.217857360839844 53.241825103759766 55.62793731689453 55.195167541503906 54.735904693603516 55.153663635253906 
46.32195281982422 46.19718551635742 45.119361877441406 45.1835823059082 46.4060173034668 45.043678283691406 45.7474250793457 46.5274543762207 
56.77824020385742 53.06937789916992 55.26889419555664 54.06563186645508 53.489662170410156 53.47391891479492 53.017311096191406 54.50912094116211 
47.915679931640625 45.673248291015625 45.410369873046875 46.31184005737305 45.39603042602539 45.96044921875 46.670433044433594 44.866783142089844 
58.286590576171875 54.72643280029297 54.30470275878906 55.49216079711914 55.24208068847656 54.1627197265625 54.27190399169922 54.36899185180664 
48.965248107910156 45.67136001586914 46.62860870361328 45.626625061035156 45.269920349121094 46.252384185791016 45.31647872924805 46.10768127441406 
56.95478439331055 53.680030822753906 54.98486328125 55.217342376708984 54.532958984375 56.16281509399414 55.273406982421875 56.222496032714844 
45.937217712402344 45.30460739135742 44.83980941772461 45.6234245300293 45.18524932861328 45.15100860595703 45.648929595947266 46.05472183227539 
55.26540756225586 53.93094253540039 55.44259262084961 55.441505432128906 55.05171203613281 55.082496643066406 54.18134307861328 56.08784103393555 
46.53116989135742 45.927391052246094 46.07929611206055 45.234622955322266 46.35007858276367 45.593631744384766 46.02873611450195 46.158782958984375 
56.58278274536133 54.76291275024414 53.560096740722656 54.330528259277344 52.92316818237305 53.11017608642578 54.23049545288086 54.47206497192383 
47.12249755859375 44.99456024169922 45.36579132080078 46.07513427734375 44.910526275634766 45.94572830200195 46.11040115356445 45.38633728027344 
55.58937454223633 52.326881408691406 52.355743408203125 54.54374313354492 53.9266242980957 54.287105560302734 53.47510528564453 54.18755340576172 
48.220577239990234 45.991455078125 45.19638442993164 45.67843246459961 46.08233642578125 45.193790435791016 45.5043830871582 44.70662307739258 
57.34307098388672 54.492191314697266 54.245697021484375 54.050880432128906 54.36627197265625 54.6943359375 53.90758514404297 54.08371353149414 
51.0359992980957 46.84793472290039 48.601375579833984 47.9917106628418 47.23948669433594 47.575809478759766 48.40415954589844 47.761695861816406 
45.37744140625 43.66374588012695 42.77395248413086 42.35103988647461 42.726016998291016 43.28073501586914 42.81059265136719 42.29606246948242 
48.6611213684082 46.26124954223633 47.16230392456055 47.443870544433594 47.77119827270508 48.8842887878418 47.51327896118164 46.392032623291016 
45.41334533691406 43.611839294433594 42.72367858886719 42.2184944152832 42.73295974731445 43.12937545776367 42.959007263183594 42.37849426269531 
48.465087890625 48.29014587402344 46.99331283569336 48.48710250854492 47.0379524230957 47.258174896240234 46.99903869628906 48.55072021484375 
45.1998405456543 41.68086242675781 43.312255859375 41.832801818847656 43.024288177490234 43.097694396972656 43.78169631958008 43.3394889831543 
50.3809928894043 47.01433563232422 46.6346549987793 46.943809509277344 48.25187301635742 47.28099060058594 47.14044952392578 48.08534240722656 
44.51340866088867 43.1828498840332 41.96211242675781 42.21286392211914 42.49769592285156 42.628990173339844 43.559295654296875 43.72409439086914 
49.14169692993164 46.457054138183594 46.59526443481445 46.62160110473633 48.19539260864258 47.98451232910156 48.50726318359375 48.42825698852539 
44.218814849853516 43.71059036254883 42.224159240722656 42.523231506347656 42.22819137573242 43.19833755493164 43.266014099121094 44.02425765991211 
48.949153900146484 47.54102325439453 48.104766845703125 48.26486587524414 47.79004669189453 47.87980651855469 47.90073776245117 47.21878433227539 
45.31324768066406 42.5401611328125 41.894432067871094 42.723968505859375 43.331905364990234 43.12275314331055 43.47382354736328 42.989376068115234 
50.284385681152344 46.354591369628906 46.54662322998047 47.41769790649414 48.51615905761719 46.40687942504883 48.0599365234375 47.124671936035156 
43.83884811401367 43.729278564453125 43.75574493408203 42.78486251831055 41.8076171875 42.45872116088867 43.13667297363281 42.7064323425293 
49.10572814941406 48.013694763183594 47.038047790527344 49.14790344238281 48.0211181640625 48.376766204833984 47.8919677734375 48.21977615356445 
45.19523239135742 43.26383972167969 42.98060989379883 42.81020736694336 42.82368087768555 44.14995193481445 43.16134262084961 41.87001419067383 
49.06217575073242 47.666080474853516 48.544097900390625 46.57440185546875 48.73622512817383 47.641632080078125 47.819454193115234 48.01523208618164 
48.4799690246582 42.87897491455078 43.03395080566406 42.461185455322266 43.400001525878906 43.02867126464844 42.573760986328125 43.13190460205078 
52.71363067626953 46.99507141113281 48.377662658691406 47.29808044433594 47.60211181640625 48.30403137207031 48.142208099365234 47.28960037231445 
44.35084915161133 42.76649475097656 42.96761703491211 42.35647964477539 44.081886291503906 42.72959899902344 41.62636947631836 42.19295883178711 
61.798336029052734 60.24748611450195 59.98448181152344 61.58915328979492 59.070526123046875 60.7891845703125 58.671390533447266 60.019073486328125 
48.76310348510742 46.945953369140625 46.64076614379883 48.32169723510742 47.57561492919922 47.485408782958984 46.54127883911133 48.04249572753906 
61.714271545410156 59.1014404296875 60.905792236328125 61.03263854980469 59.63759994506836 61.89231872558594 60.247135162353516 60.277793884277344 
47.763999938964844 47.13808059692383 46.42873764038086 48.24153518676758 46.40572738647461 48.84870529174805 47.074913024902344 48.13724899291992 
61.47216033935547 59.865150451660156 60.77497482299805 60.18582534790039 57.80054473876953 61.036094665527344 61.59280014038086 59.86262512207031 
49.16387176513672 48.5043830871582 46.93916702270508 46.81324768066406 46.824031829833984 48.02012634277344 47.32160186767578 46.86307144165039 
63.63359832763672 58.504127502441406 59.733089447021484 59.9835205078125 62.104766845703125 59.74720001220703 60.488929748535156 61.528289794921875 
49.7163200378418 47.62153625488281 47.52540969848633 46.57516860961914 48.246273040771484 47.97545623779297 46.619361877441406 47.3502082824707 
61.54313659667969 57.837310791015625 60.57872009277344 61.76374435424805 61.014591217041016 59.110111236572266 60.264896392822266 60.551326751708984 
48.8039665222168 46.915550231933594 47.937278747558594 47.319583892822266 48.05859375 46.64553451538086 46.90825653076172 46.77827072143555 
62.17033767700195 62.07129669189453 59.18355178833008 59.86297607421875 59.51273727416992 59.659454345703125 61.11555099487305 60.4664306640625 
48.772640228271484 47.772254943847656 47.10095977783203 47.142433166503906 47.3267822265625 47.64332962036133 47.97830581665039 47.810272216796875 
60.83155059814453 59.322017669677734 62.18159866333008 59.16019058227539 59.80803298950195 61.40892791748047 59.706207275390625 61.3678092956543 
48.87673568725586 46.92006301879883 47.99033737182617 47.07603073120117 48.1220817565918 46.64438247680664 47.16556930541992 46.795169830322266 
61.926849365234375 60.59503936767578 61.567169189453125 58.67116928100586 59.59715270996094 61.55721664428711 59.6835823059082 60.510433197021484 
48.77190399169922 47.106849670410156 46.77628707885742 47.505985260009766 48.1280632019043 46.26764678955078 48.627647399902344 46.534976959228516 
62.436065673828125 58.319488525390625 59.6814079284668 61.88246536254883 59.96422576904297 59.90492630004883 60.34172821044922 60.28361511230469 
48.81244659423828 46.492576599121094 46.75654220581055 48.08323287963867 46.85734558105469 48.80473709106445 47.51884841918945 46.97459030151367 
62.25395202636719 60.89750289916992 58.828033447265625 59.37702560424805 60.34735870361328 62.105438232421875 58.01603317260742 60.895233154296875 
49.18611145019531 47.986881256103516 48.09519958496094 46.61427307128906 48.0432014465332 46.71775817871094 47.46521759033203 46.86457443237305 
32.612735748291016 29.80614471435547 29.24355125427246 28.77129554748535 28.85683250427246 29.501535415649414 29.64508819580078 29.358911514282227 
37.228607177734375 34.393150329589844 33.67647933959961 33.36899185180664 33.899200439453125 34.130367279052734 33.96905517578125 33.37206268310547 
31.432096481323242 29.637439727783203 29.676959991455078 29.07142448425293 29.050207138061523 29.2587833404541 29.18659210205078 29.635711669921875 
35.63711929321289 34.10380935668945 33.15871810913086 33.54278564453125 33.97929763793945 34.237056732177734 34.19843292236328 34.11347198486328 
32.0148811340332 29.83465576171875 29.865280151367188 29.315168380737305 29.0611515045166 28.90278434753418 29.564064025878906 29.625247955322266 
35.930335998535156 33.61443328857422 34.11616134643555 33.51155090332031 34.09785461425781 33.464542388916016 33.57267379760742 33.6478385925293 
31.463359832763672 28.99577522277832 29.605152130126953 29.9899845123291 29.1595516204834 29.148223876953125 29.79203224182129 29.4399356842041 
38.3647346496582 34.570369720458984 34.24137496948242 34.59001541137695 33.79395294189453 33.977630615234375 33.83168029785156 34.46422576904297 
31.527616500854492 29.135456085205078 29.173343658447266 29.27097511291504 29.378623962402344 29.46892738342285 29.24620819091797 29.2260799407959 
36.87984085083008 34.51615905761719 34.623329162597656 33.55449676513672 33.89753723144531 34.08198547363281 33.867774963378906 34.41254425048828 
31.166175842285156 29.139455795288086 29.317535400390625 29.13702392578125 29.312223434448242 29.626144409179688 29.545408248901367 29.328031539916992 
36.21228790283203 34.105247497558594 34.31990432739258 34.22739028930664 34.046817779541016 34.38166427612305 34.28550338745117 34.845054626464844 
30.143104553222656 29.50704002380371 29.146623611450195 29.684959411621094 29.267391204833984 28.970783233642578 29.359712600708008 29.128768920898438 
38.32396697998047 33.69171142578125 33.791744232177734 33.58143997192383 34.330718994140625 33.8691520690918 33.74905776977539 33.52387237548828 
33.43584060668945 29.688640594482422 29.086015701293945 29.039199829101562 28.938783645629883 29.22969627380371 29.801408767700195 29.477951049804688 
36.645057678222656 33.835262298583984 34.43564987182617 33.605342864990234 34.322208404541016 33.83622360229492 34.17359924316406 33.71673583984375 
31.483007431030273 29.764799118041992 29.58345603942871 29.433664321899414 28.983423233032227 29.318496704101562 29.709888458251953 29.700992584228516 
36.52479934692383 34.08867263793945 34.00102233886719 34.60678482055664 34.34105682373047 34.47555160522461 33.69023895263672 34.418209075927734 
31.180288314819336 29.505184173583984 29.15180778503418 29.06982421875 29.173887252807617 29.092031478881836 29.391359329223633 29.247968673706055 
38.97043228149414 34.44326400756836 33.95779037475586 33.94236755371094 33.98342514038086 33.329952239990234 33.72127914428711 34.47359848022461 
52.897727966308594 51.069278717041016 51.30294418334961 51.89891052246094 51.7694091796875 50.84281539916992 52.072288513183594 52.083648681640625 
47.097408294677734 42.466880798339844 42.4892463684082 42.11395263671875 42.714561462402344 43.389312744140625 43.515167236328125 43.2723503112793 
53.3771858215332 51.161407470703125 50.351585388183594 52.044639587402344 50.48169708251953 51.91721725463867 50.461151123046875 52.24143981933594 
44.140289306640625 42.87539291381836 43.3842887878418 43.05023956298828 42.599327087402344 42.741153717041016 43.14166259765625 43.81327819824219 
53.536800384521484 52.69513702392578 52.252254486083984 51.39436721801758 49.9785270690918 52.571998596191406 50.59619140625 51.812286376953125 
43.28134536743164 42.91328048706055 42.60502243041992 43.70982360839844 43.165374755859375 41.95884704589844 42.718143463134766 43.37324905395508 
53.8251838684082 50.853118896484375 50.702369689941406 50.337791442871094 52.65740966796875 51.21254348754883 50.88828659057617 51.43059158325195 
45.344417572021484 41.8711051940918 42.59958267211914 43.03420639038086 42.95158386230469 43.16012954711914 42.4832649230957 42.17273712158203 
52.7531852722168 51.81804656982422 49.636287689208984 50.32585525512695 52.389278411865234 52.467105865478516 51.88838577270508 50.81520080566406 
44.44784164428711 43.35801696777344 43.86841583251953 42.314945220947266 41.913665771484375 42.41468811035156 43.343326568603516 43.0533447265625 
54.07788848876953 51.04336166381836 50.48476791381836 52.090335845947266 51.544830322265625 51.34156799316406 50.915870666503906 52.274208068847656 
43.98457717895508 42.76931381225586 43.30064010620117 43.22953414916992 42.849727630615234 42.29020690917969 43.01193618774414 43.27062225341797 
55.17308807373047 52.17782211303711 51.382816314697266 50.34553527832031 52.280094146728516 52.76435089111328 50.69660949707031 50.93801498413086 
46.80713653564453 42.414817810058594 42.817630767822266 42.55887985229492 43.233184814453125 42.94169616699219 43.28895950317383 43.011329650878906 
53.59983825683594 50.92323303222656 50.05420684814453 49.96819305419922 51.54163360595703 50.842369079589844 51.880577087402344 52.092960357666016 
44.95945739746094 43.58332824707031 41.89632034301758 42.057247161865234 43.14108657836914 43.12953567504883 43.47715377807617 42.89846420288086 
53.69046401977539 51.25484848022461 50.10908889770508 50.925567626953125 52.22710418701172 51.11881637573242 51.68377685546875 51.23923110961914 
45.4950065612793 42.72300720214844 41.924095153808594 42.39718246459961 43.067649841308594 43.10444641113281 43.25526428222656 42.30112075805664 
54.835296630859375 51.31081771850586 49.37177658081055 51.37376022338867 50.5711669921875 50.599361419677734 51.89420700073242 50.5316162109375 
44.908416748046875 43.46672058105469 42.65292739868164 42.45052719116211 42.07574462890625 42.75321578979492 43.17852783203125 43.78179168701172 
55.70844650268555 52.03830337524414 51.39632034301758 51.12883377075195 50.934593200683594 52.03411102294922 51.6577262878418 51.796897888183594 
52.60009765625 52.4095344543457 51.2828483581543 50.95484924316406 52.18048095703125 52.178367614746094 51.7512321472168 52.598304748535156 
51.40009689331055 50.40457534790039 51.80867385864258 52.14108657836914 52.16304016113281 52.30691146850586 51.38371276855469 51.10665512084961 
52.56489562988281 51.09779357910156 51.175167083740234 51.383583068847656 53.111488342285156 52.42278289794922 51.87420654296875 52.185760498046875 
52.36608123779297 52.39302444458008 51.77753448486328 51.669246673583984 51.19443130493164 51.50281524658203 51.531455993652344 53.05430221557617 
52.108734130859375 51.801185607910156 52.3304328918457 50.960670471191406 51.221473693847656 51.62086486816406 53.03424072265625 52.868446350097656 
53.418846130371094 52.51968002319336 52.42406463623047 52.19276809692383 50.81999969482422 51.623775482177734 51.83865737915039 52.00358581542969 
53.96793746948242 51.434207916259766 52.22895812988281 52.095359802246094 51.4450569152832 51.021759033203125 52.13724899291992 52.1912956237793 
55.62019348144531 52.507232666015625 52.274112701416016 50.79257583618164 51.15193557739258 52.353023529052734 51.248863220214844 52.70716857910156 
51.45305633544922 51.625694274902344 50.44784164428711 51.85318374633789 51.71446228027344 53.227134704589844 52.421695709228516 52.32304000854492 
52.55980682373047 53.08319854736328 53.75030517578125 53.15167999267578 52.31974411010742 54.0399055480957 53.03395080566406 52.56275177001953 
70.11702728271484 58.53472137451172 56.59983825683594 58.467838287353516 58.117279052734375 59.033119201660156 58.43907165527344 60.942848205566406 
54.314849853515625 52.3639030456543 53.74809646606445 53.58816146850586 53.31574249267578 51.266815185546875 52.65679931640625 52.29350280761719 
69.53596496582031 58.70636749267578 60.14780807495117 58.613441467285156 58.35007858276367 56.20124816894531 56.64457702636719 60.82057571411133 
52.48031997680664 51.779296875 52.9444465637207 53.083072662353516 53.31999969482422 52.1003532409668 53.926849365234375 52.93510437011719 
69.47042846679688 58.57401657104492 57.90105438232422 58.967552185058594 59.12908935546875 58.02608108520508 58.296512603759766 60.522945404052734 
52.82339096069336 51.6486701965332 53.69478225708008 52.55094528198242 53.607872009277344 52.482784271240234 52.16796875 51.70265579223633 
69.77977752685547 58.9749755859375 59.652286529541016 58.93119812011719 57.55961608886719 60.528255462646484 59.28761672973633 58.93766403198242 
52.9898567199707 53.47564697265625 52.60764694213867 53.684608459472656 52.667327880859375 51.647457122802734 51.76115036010742 53.13471984863281 
70.94217681884766 58.03327941894531 58.45091247558594 57.85744094848633 57.43622589111328 60.08393478393555 59.40822219848633 59.1607666015625 
52.7204475402832 54.00019073486328 53.58505630493164 53.74214553833008 53.21263885498047 52.54800033569336 52.9749755859375 52.462432861328125 
69.55299377441406 59.21750259399414 57.92937469482422 58.20134353637695 60.19945526123047 59.52659225463867 58.02534484863281 59.97132873535156 
52.02387237548828 51.547969818115234 52.88809585571289 52.11270523071289 54.2086067199707 53.18870544433594 53.1115837097168 53.46025466918945 
69.64669036865234 57.47932815551758 57.79622268676758 59.478206634521484 60.097984313964844 57.53059387207031 58.40480041503906 60.23945617675781 
55.0164794921875 52.06630325317383 51.63542556762695 53.247520446777344 52.72787094116211 52.398433685302734 51.61558532714844 52.69855880737305 
69.22198486328125 58.427711486816406 58.6794548034668 60.23721694946289 59.29888153076172 57.523582458496094 58.97635269165039 60.93065643310547 
53.94083023071289 53.31884765625 53.30633544921875 53.3831672668457 53.50831985473633 52.238624572753906 53.241214752197266 53.76163101196289 
69.10806274414062 58.58671951293945 57.79119873046875 59.006752014160156 58.596256256103516 59.54908752441406 58.72758483886719 60.488929748535156 
52.571903228759766 52.56684875488281 53.16579055786133 52.669376373291016 51.13190460205078 53.095455169677734 52.450462341308594 51.4890251159668 
69.12569427490234 58.853118896484375 57.789310455322266 58.9403190612793 60.03055953979492 58.128990173339844 59.184959411621094 60.570526123046875 
61.862144470214844 62.82553482055664 62.07334518432617 61.15955352783203 64.2984619140625 63.81679916381836 64.82112121582031 63.62198257446289 
62.031681060791016 65.28182220458984 64.73506927490234 62.6743049621582 63.279232025146484 64.55331420898438 63.56233596801758 62.68889617919922 
63.034847259521484 62.95817565917969 64.21891021728516 61.884159088134766 62.707359313964844 64.1352310180664 64.46182250976562 63.12607955932617 
63.53718566894531 62.61552047729492 64.39202880859375 63.67475128173828 62.28937530517578 62.749183654785156 64.15532684326172 63.10416030883789 
62.6308479309082 64.09903717041016 63.050209045410156 63.05433654785156 62.30031967163086 63.037601470947266 61.348289489746094 63.754398345947266 
62.04716873168945 62.95430374145508 62.622718811035156 63.43715286254883 63.252960205078125 63.8559684753418 63.773887634277344 63.77987289428711 
64.9933090209961 63.48649597167969 62.57011032104492 63.942657470703125 64.17692565917969 62.58534240722656 63.190303802490234 62.86025619506836 
62.1627197265625 62.83350372314453 64.16697692871094 63.071678161621094 62.83977508544922 64.11167907714844 63.4334716796875 62.57516860961914 
64.56233978271484 61.63849639892578 63.438560485839844 64.61039733886719 61.899009704589844 63.42588806152344 63.85603332519531 61.713951110839844 
62.767616271972656 62.78889465332031 63.91392135620117 64.26416015625 62.48064041137695 64.08566284179688 64.77046203613281 63.68364715576172 
43.63398361206055 42.264705657958984 42.399967193603516 42.31612777709961 41.65497589111328 43.46076965332031 44.15708923339844 43.583648681640625 
44.706817626953125 41.49776077270508 39.795230865478516 41.44163131713867 41.711456298828125 41.28025436401367 41.9554557800293 41.559104919433594 
43.51580810546875 43.59446334838867 43.524959564208984 42.27369689941406 42.38032150268555 42.7492790222168 42.28028869628906 41.63203048706055 
44.35116958618164 41.30710220336914 40.80995178222656 40.76947021484375 40.73871994018555 40.975711822509766 41.259456634521484 40.92006301879883 
43.77699279785156 42.35260772705078 42.28889465332031 43.494049072265625 43.40419387817383 41.964256286621094 41.6739501953125 41.73222351074219 
46.770721435546875 41.32614517211914 40.13587188720703 42.508384704589844 41.52876663208008 40.72159957885742 41.54377746582031 42.129310607910156 
43.54975891113281 43.248863220214844 42.364990234375 43.18230438232422 42.272640228271484 42.40166473388672 42.40940856933594 42.384063720703125 
43.678016662597656 41.287681579589844 41.2388801574707 41.00339126586914 41.07072067260742 40.4529914855957 41.28575897216797 42.06371307373047 
43.09743881225586 42.42009735107422 41.94838333129883 42.1168327331543 42.11948776245117 41.61743927001953 43.20671844482422 43.787681579589844 
44.49308776855469 40.69526290893555 40.89174270629883 40.225921630859375 40.80972671508789 41.21343994140625 40.90345764160156 41.429630279541016 
43.678016662597656 43.2704963684082 43.3540153503418 43.215999603271484 42.09222412109375 41.64527893066406 42.590145111083984 42.53731155395508 
45.87372970581055 41.06943893432617 40.477439880371094 39.843902587890625 39.716064453125 42.42310333251953 41.73302459716797 42.15139389038086 
45.50569534301758 43.177406311035156 42.6313591003418 42.15049743652344 41.86470413208008 42.11363220214844 42.69340896606445 42.390655517578125 
45.68492889404297 40.657249450683594 41.60335922241211 42.06943893432617 42.51747131347656 41.97859191894531 40.97324752807617 43.1475830078125 
43.028926849365234 43.221153259277344 43.78169631958008 43.222782135009766 41.992862701416016 41.41231918334961 42.267391204833984 42.80924987792969 
44.609375 41.172607421875 40.656192779541016 41.23491287231445 41.08883285522461 41.364768981933594 41.550689697265625 41.84239959716797 
49.13395309448242 42.94678497314453 41.70848083496094 41.59526443481445 42.436927795410156 43.25667190551758 43.81129455566406 43.13510513305664 
43.61814498901367 40.4356803894043 40.48710250854492 41.460479736328125 41.4442253112793 41.2334098815918 40.79964828491211 41.9571533203125 
47.22003173828125 42.20070266723633 41.85609436035156 41.396575927734375 42.28905487060547 42.99699020385742 43.648094177246094 43.129600524902344 
44.47135925292969 39.963775634765625 41.96489715576172 42.089054107666016 42.22041702270508 42.106910705566406 40.95366287231445 42.84912109375 
39.35171127319336 36.68537521362305 36.48624038696289 36.72028732299805 36.01395034790039 35.63510513305664 36.21968078613281 35.8985595703125 
39.745567321777344 37.506622314453125 36.492576599121094 36.76425552368164 37.58873748779297 37.19478225708008 36.94355010986328 38.258846282958984 
38.298240661621094 36.11062240600586 36.30662536621094 36.3836784362793 36.32329559326172 37.079071044921875 36.62112045288086 36.222015380859375 
41.9758415222168 37.31507110595703 36.99919891357422 38.27334213256836 38.34716796875 37.43916702270508 37.3996467590332 36.874942779541016 
38.38908767700195 36.64191818237305 36.8620491027832 36.639102935791016 36.6163215637207 36.38236618041992 37.01123046875 36.16012954711914 
39.027809143066406 37.07827377319336 37.31708908081055 37.92825698852539 37.85820770263672 37.5775032043457 36.92448043823242 38.605247497558594 
38.04172897338867 36.778175354003906 36.25017547607422 36.6011848449707 36.35299301147461 35.91328048706055 36.39030456542969 35.94083023071289 
39.93775939941406 37.476478576660156 36.66432189941406 38.24544143676758 38.086177825927734 37.49049758911133 37.65625762939453 37.05855941772461 
38.142208099365234 35.59123229980469 36.602176666259766 36.25008010864258 36.22188949584961 35.80524826049805 36.95478439331055 36.475006103515625 
39.20912170410156 37.97478485107422 38.16783905029297 37.499393463134766 37.477439880371094 36.975521087646484 37.986270904541016 38.52444839477539 
37.921119689941406 36.6828498840332 35.49350357055664 36.15382385253906 36.36793518066406 36.730655670166016 36.59449768066406 36.119903564453125 
39.88576126098633 36.746910095214844 37.912960052490234 37.44131088256836 37.38022232055664 36.80064010620117 38.19852828979492 38.80659103393555 
37.71993637084961 36.043617248535156 35.492000579833984 36.30409622192383 36.21843338012695 36.75843048095703 36.26646423339844 36.431297302246094 
39.735233306884766 36.85481643676758 38.23712158203125 38.051231384277344 37.78742218017578 37.59756851196289 36.75657653808594 38.230369567871094 
38.312767028808594 36.68492889404297 35.59267044067383 36.60140609741211 36.49318313598633 37.107486724853516 36.406463623046875 36.46460723876953 
39.626590728759766 37.242305755615234 37.5384635925293 37.05740737915039 37.797889709472656 37.094913482666016 37.857025146484375 38.35878372192383 
37.96236801147461 35.924190521240234 36.464576721191406 36.55836868286133 36.3441276550293 35.72275161743164 36.148990631103516 36.20326232910156 
41.03388977050781 37.96873474121094 37.76067352294922 37.73686218261719 36.936737060546875 37.20937728881836 38.257568359375 37.97158432006836 
39.0305290222168 35.635520935058594 36.08262252807617 36.00342559814453 36.102176666259766 36.297630310058594 36.33977508544922 36.72371292114258 
39.51772689819336 36.88560104370117 37.29753494262695 38.33958435058594 37.91408157348633 37.419742584228516 37.52310562133789 37.07487869262695 
41.65679931640625 41.519840240478516 41.619808197021484 41.25795364379883 40.90800094604492 40.463584899902344 40.19667053222656 40.954463958740234 
38.58707046508789 34.682655334472656 35.13759994506836 34.07331085205078 34.93484878540039 34.91455841064453 34.672607421875 35.50316619873047 
40.72934341430664 40.093631744384766 40.82169723510742 40.163455963134766 39.706241607666016 41.88764953613281 40.327999114990234 41.925376892089844 
38.24319839477539 34.73775863647461 35.0830078125 34.54848098754883 34.82783889770508 35.08483123779297 34.72169494628906 35.208927154541016 
43.67375946044922 41.360897064208984 40.43753433227539 41.5601921081543 41.44585418701172 40.567039489746094 41.63759994506836 41.63862228393555 
37.76323318481445 34.30089569091797 34.756065368652344 34.34745788574219 34.62384033203125 34.59369659423828 35.112510681152344 34.958526611328125 
41.84646224975586 41.71308898925781 41.94374465942383 41.29676818847656 40.43484878540039 40.64147186279297 39.878719329833984 41.63817596435547 
35.68163299560547 34.32624053955078 34.24505615234375 34.088993072509766 34.550209045410156 34.82438278198242 34.773536682128906 35.13929748535156 
42.20528030395508 41.53055953979492 41.467201232910156 41.646785736083984 41.47830581665039 40.17561721801758 40.9832649230957 41.47052764892578 
37.28294372558594 34.08134460449219 34.574623107910156 34.401695251464844 33.88399887084961 34.64988708496094 35.01599884033203 34.8007698059082 
40.731231689453125 39.85033416748047 40.814334869384766 39.55887985229492 39.4568977355957 41.563392639160156 41.494686126708984 41.682430267333984 
37.23846435546875 34.64275360107422 33.99504089355469 34.703102111816406 34.79052734375 34.96940612792969 33.896671295166016 34.42784118652344 
44.78883361816406 40.33440017700195 40.450462341308594 40.643489837646484 40.279457092285156 40.568416595458984 40.45353698730469 40.84931182861328 
37.158878326416016 35.38447952270508 34.36191940307617 34.04243087768555 34.75008010864258 35.219200134277344 34.40768051147461 35.14387130737305 
44.093441009521484 40.078590393066406 39.25199890136719 41.35887908935547 41.267486572265625 41.40595245361328 41.04819107055664 40.22166442871094 
37.72515106201172 34.27872085571289 34.88313674926758 34.21187210083008 34.70249557495117 33.625823974609375 34.373470306396484 34.375999450683594 
41.56447982788086 39.99497604370117 41.40691375732422 41.54838562011719 40.71247863769531 39.727264404296875 40.65980911254883 41.7446403503418 
36.228416442871094 34.64313507080078 34.6759033203125 33.870304107666016 34.24924850463867 35.16169738769531 34.44793701171875 35.11347198486328 
43.202720642089844 40.800865173339844 40.679359436035156 40.2718391418457 40.911006927490234 40.16633605957031 41.00400161743164 40.62646484375 
36.77561569213867 34.02934265136719 34.068641662597656 34.67427062988281 34.87452697753906 35.14259338378906 34.438880920410156 35.183265686035156 
57.04451370239258 54.67407989501953 54.7861442565918 55.14908981323242 53.627681732177734 55.55440139770508 54.72492980957031 54.83484649658203 
54.8983039855957 53.35590362548828 53.92390441894531 53.69113540649414 54.441566467285156 54.00617599487305 54.39548873901367 54.11433410644531 
54.481502532958984 53.65840148925781 53.17686462402344 52.94364929199219 53.60496139526367 53.731201171875 53.77030563354492 54.23619079589844 
54.11500930786133 53.31526565551758 53.51763153076172 53.137184143066406 53.55219268798828 53.715999603271484 53.86908721923828 54.18540954589844 
55.78627014160156 54.87635040283203 55.33670425415039 54.628318786621094 54.42252731323242 53.25484848022461 55.10134506225586 54.98316955566406 
55.163230895996094 53.331520080566406 54.01935958862305 53.50227355957031 53.49456024169922 53.50387191772461 53.55299377441406 53.323936462402344 
54.770721435546875 53.98998260498047 55.15059280395508 54.8711051940918 55.28384017944336 55.27145767211914 54.10905456542969 55.677215576171875 
53.995487213134766 55.20463943481445 54.70710372924805 54.648799896240234 54.58784103393555 54.02409744262695 54.788543701171875 54.6907844543457 
55.28073501586914 54.106689453125 53.96540832519531 53.63315200805664 53.32191848754883 53.000030517578125 53.60723114013672 53.817440032958984 
55.05244827270508 55.03907012939453 54.041343688964844 54.020286560058594 55.00348663330078 54.833919525146484 55.45993423461914 53.8614387512207 
50.7171516418457 46.76028823852539 47.12268829345703 47.371360778808594 48.0382080078125 46.82908630371094 47.78883361816406 47.841793060302734 
40.32844924926758 37.81513595581055 37.9766731262207 37.865535736083984 37.63772964477539 36.6921272277832 37.63558578491211 37.142913818359375 
49.119102478027344 46.46131134033203 47.443359375 47.67027282714844 47.38825607299805 46.73078536987305 47.31283187866211 47.949951171875 
40.08553695678711 37.212223052978516 37.33657455444336 37.694942474365234 37.881248474121094 37.2795524597168 37.270111083984375 36.88524627685547 
50.3166389465332 47.09036636352539 47.49990463256836 46.99651336669922 47.37625503540039 47.49372863769531 48.28691101074219 47.8831672668457 
39.473567962646484 36.978782653808594 36.773216247558594 36.62015914916992 37.151039123535156 37.315521240234375 37.20652770996094 36.900543212890625 
50.818912506103516 46.272159576416016 46.59244918823242 47.08620834350586 46.116512298583984 47.840736389160156 48.36985778808594 47.170753479003906 
38.48585510253906 36.56105422973633 37.647552490234375 37.89628982543945 37.488033294677734 36.9659538269043 37.09571075439453 38.06835174560547 
49.476158142089844 47.288734436035156 47.36735916137695 47.73401641845703 48.7973747253418 46.828033447265625 48.82515335083008 46.920448303222656 
40.14166259765625 36.39763259887695 36.915489196777344 37.55376052856445 37.410400390625 36.83180618286133 36.59600067138672 37.98934555053711 
48.89276885986328 47.03132629394531 46.982784271240234 47.44038391113281 46.535552978515625 46.781761169433594 48.73548889160156 46.88665771484375 
39.267967224121094 36.97081756591797 37.41427230834961 36.52774429321289 37.66963195800781 37.28623962402344 37.44521713256836 36.596702575683594 
49.26240158081055 47.88515090942383 47.37820816040039 46.06332778930664 47.49542236328125 48.69916915893555 47.24729537963867 49.152801513671875 
39.98185729980469 37.36921691894531 37.45353698730469 36.5530891418457 37.28870391845703 37.79142379760742 37.753822326660156 37.45177459716797 
50.749088287353516 47.062400817871094 47.68611145019531 47.31401443481445 47.371070861816406 47.851070404052734 48.258689880371094 47.54275131225586 
40.46083068847656 36.59648132324219 37.15622329711914 36.963199615478516 37.54121780395508 37.286399841308594 37.28179168701172 37.349918365478516 
49.420127868652344 46.94905471801758 48.925758361816406 48.095008850097656 48.992095947265625 47.664833068847656 48.26582336425781 47.78521728515625 
40.7410888671875 37.71683120727539 37.34931182861328 36.90425491333008 36.591552734375 37.90204620361328 37.78838348388672 37.28134536743164 
48.76787185668945 47.19404983520508 47.513729095458984 46.95568084716797 48.40348815917969 47.088382720947266 48.81977462768555 47.07072067260742 
40.26643371582031 36.661407470703125 36.33430480957031 38.13459014892578 37.79929733276367 37.51091384887695 37.335872650146484 36.777408599853516 
33.5250244140625 31.73244857788086 31.796960830688477 31.80086326599121 31.152320861816406 31.547103881835938 31.722047805786133 31.22972869873047 
41.18678283691406 37.788673400878906 37.49776077270508 38.876705169677734 39.05897521972656 39.49638366699219 37.81926345825195 38.46806335449219 
32.55433654785156 31.825504302978516 31.199264526367188 30.803007125854492 31.23075294494629 31.237279891967773 31.94063949584961 31.906400680541992 
42.320064544677734 37.86435317993164 38.160865783691406 39.00707244873047 38.42502212524414 38.64262390136719 38.082462310791016 39.00422286987305 
32.81139373779297 31.434368133544922 31.59209632873535 31.092479705810547 32.154335021972656 31.356544494628906 31.791967391967773 31.509279251098633 
41.36284637451172 38.86307144165039 37.934112548828125 38.382110595703125 37.70844650268555 37.41401672363281 39.13132858276367 38.718017578125 
32.54499053955078 31.372224807739258 31.97088050842285 32.10163116455078 31.755552291870117 32.12566375732422 31.26790428161621 31.98080062866211 
41.01580810546875 38.765377044677734 37.83427047729492 38.8210563659668 38.114078521728516 38.27967834472656 38.52524948120117 38.30819320678711 
35.293758392333984 31.813247680664062 31.398271560668945 31.575584411621094 31.733440399169922 31.31439971923828 32.00688171386719 31.662336349487305 
41.9469108581543 37.78316879272461 37.126014709472656 39.01152038574219 37.93852615356445 38.62598419189453 38.59065628051758 39.6011848449707 
33.51542282104492 31.72310447692871 31.236064910888672 31.637887954711914 31.772384643554688 31.257728576660156 32.17513656616211 31.62214469909668 
40.925567626953125 37.7512321472168 37.44230270385742 38.66438293457031 38.526336669921875 38.35145568847656 38.62934494018555 37.401790618896484 
33.118656158447266 31.180479049682617 31.008800506591797 31.57200050354004 31.177248001098633 31.00035285949707 31.32819175720215 31.22991943359375 
41.507423400878906 38.00080108642578 38.32963180541992 38.65049743652344 38.08918380737305 39.310462951660156 39.24662399291992 38.872703552246094 
31.87785530090332 31.175840377807617 31.88217544555664 31.577503204345703 31.00102424621582 32.10905456542969 31.782943725585938 31.35580825805664 
41.16169738769531 38.39372634887695 38.44892883300781 38.521087646484375 39.151329040527344 38.82396697998047 37.998817443847656 38.31187057495117 
34.913089752197266 31.299680709838867 31.748512268066406 31.88912010192871 31.1147518157959 31.611295700073242 31.58915138244629 31.392671585083008 
41.57868957519531 38.24476623535156 37.56684875488281 38.38460922241211 39.06524658203125 39.126625061035156 37.985408782958984 38.54092788696289 
34.807552337646484 31.85968017578125 31.774368286132812 31.432191848754883 31.75641632080078 31.428543090820312 31.52448081970215 31.693695068359375 
41.855777740478516 38.2850227355957 37.32121658325195 38.591041564941406 38.79948806762695 38.17465591430664 38.533470153808594 38.61235046386719 
43.194271087646484 40.2309455871582 40.61203384399414 40.373409271240234 41.46851348876953 41.17513656616211 41.61542510986328 41.020286560058594 
43.337825775146484 41.32137680053711 41.158206939697266 41.181758880615234 41.06281661987305 40.76544189453125 40.93257522583008 41.47020721435547 
41.715518951416016 40.347232818603516 40.83135986328125 40.13033676147461 39.92502212524414 39.90415954589844 39.75699234008789 40.83718490600586 
44.06422424316406 40.56643295288086 40.9218864440918 40.84159851074219 41.30083084106445 41.190208435058594 41.84854507446289 42.323326110839844 
42.65913772583008 40.31033706665039 41.337310791015625 40.984256744384766 41.35334396362305 40.13248062133789 39.45238494873047 40.67776107788086 
42.96352005004883 40.58415985107422 40.5327033996582 41.21769714355469 41.01206588745117 41.540863037109375 41.97411346435547 42.28054428100586 
42.573951721191406 40.31587219238281 40.80051040649414 40.53919982910156 41.292415618896484 41.517311096191406 41.24998474121094 41.07356643676758 
44.61542510986328 40.95609664916992 41.69820785522461 42.249568939208984 40.475521087646484 41.86272048950195 42.050048828125 41.46585464477539 
44.192352294921875 41.116031646728516 39.9147834777832 39.419681549072266 40.516448974609375 40.91068649291992 41.283935546875 40.02463912963867 
46.90505599975586 41.7490234375 40.91891098022461 40.19190216064453 41.634239196777344 41.273536682128906 41.066558837890625 40.81024169921875 
42.02252960205078 40.79132843017578 40.800926208496094 40.7606086730957 40.68873596191406 41.221248626708984 40.6030387878418 41.09321594238281 
45.19513702392578 40.86320114135742 40.2193603515625 40.84892654418945 41.08793640136719 41.151329040527344 41.203617095947266 41.5140495300293 
43.671905517578125 40.99776077270508 40.23747253417969 41.50553512573242 39.97849655151367 41.3493766784668 41.034847259521484 40.66377639770508 
44.0748176574707 41.048736572265625 40.430721282958984 41.0827522277832 40.89558410644531 40.7408332824707 41.49379348754883 41.617279052734375 
42.73459243774414 40.878273010253906 41.3260498046875 41.09507369995117 40.154144287109375 40.62598419189453 40.083072662353516 40.43782424926758 
43.57868957519531 40.79075241088867 40.10745620727539 42.314849853515625 42.133792877197266 41.812320709228516 41.05788803100586 40.666175842285156 
42.19465637207031 39.57164764404297 39.992671966552734 39.610687255859375 39.9073600769043 39.8006706237793 39.459041595458984 39.8535041809082 
43.821632385253906 41.70463943481445 41.02479934692383 41.488094329833984 40.620574951171875 41.53696060180664 41.367774963378906 40.707393646240234 
44.51087951660156 39.926944732666016 40.431678771972656 39.737953186035156 39.93180847167969 40.17555236816406 40.6341438293457 39.94182586669922 
43.79190444946289 40.52531051635742 40.856224060058594 40.41721725463867 40.99990463256836 41.013118743896484 41.28879928588867 41.4444465637207 
58.72972869873047 56.87452697753906 57.49590301513672 59.58854293823242 57.62883377075195 58.79622268676758 58.39574432373047 57.82377624511719 
58.853057861328125 58.6104621887207 58.81657409667969 57.629215240478516 58.89430236816406 57.08233642578125 57.520992279052734 59.434112548828125 
57.24764633178711 56.877567291259766 57.803550720214844 58.87830352783203 57.096351623535156 57.94355010986328 58.793216705322266 58.602176666259766 
58.076351165771484 57.91411209106445 58.61606216430664 58.24518585205078 58.29983901977539 58.09328079223633 58.04665756225586 59.16502380371094 
56.94166564941406 57.82038497924805 58.543617248535156 59.64140701293945 58.733280181884766 58.11638259887695 58.79180908203125 58.194976806640625 
57.22051239013672 58.140159606933594 58.78966522216797 57.85980987548828 58.82620620727539 58.115966796875 57.450462341308594 59.5865592956543 
58.69919967651367 57.689857482910156 57.65766525268555 59.80489730834961 58.200416564941406 59.02579116821289 57.988800048828125 58.570465087890625 
59.30464172363281 58.6360969543457 58.452735900878906 57.357696533203125 58.02735900878906 58.597023010253906 57.8421745300293 57.5807991027832 
57.38768005371094 57.17900848388672 57.58403015136719 59.27369689941406 58.859134674072266 58.169246673583984 59.04243087768555 57.97190475463867 
58.32438278198242 58.68268966674805 57.96636962890625 57.43891143798828 58.573760986328125 57.548030853271484 58.69091033935547 59.13462448120117 
44.010623931884766 40.87673568725586 40.35251235961914 41.0805778503418 40.937950134277344 40.7716178894043 40.77628707885742 40.032318115234375 
41.48012924194336 38.329185485839844 39.71305465698242 39.677791595458984 39.37411117553711 39.139041900634766 38.69200134277344 38.98259353637695 
42.80083084106445 41.53449630737305 41.44102478027344 40.959903717041016 39.93964767456055 39.745121002197266 41.50969696044922 40.366783142089844 
40.42854309082031 39.07196807861328 39.29497528076172 38.73875045776367 39.43513488769531 38.62809753417969 38.37641525268555 38.955745697021484 
42.764129638671875 41.15766525268555 40.99814224243164 41.18467330932617 40.5634880065918 39.94211196899414 40.58732986450195 40.76643371582031 
40.319969177246094 38.94550323486328 39.51811218261719 39.310943603515625 38.540992736816406 38.21452713012695 38.14499282836914 39.64643096923828 
43.1220817565918 41.335201263427734 41.502079010009766 40.11654281616211 41.165470123291016 41.083614349365234 40.204193115234375 40.71696090698242 
41.64067077636719 39.775264739990234 39.77017593383789 39.92950439453125 39.38399887084961 39.389278411865234 39.00406265258789 39.38297653198242 
43.242401123046875 40.94966506958008 40.84668731689453 41.01875305175781 40.97942352294922 41.65932846069336 42.11724853515625 42.02163314819336 
40.32915115356445 39.451393127441406 39.44099044799805 38.995262145996094 39.019073486328125 38.564510345458984 38.62499237060547 38.373600006103516 
43.26335906982422 41.05692672729492 41.38768005371094 40.95062255859375 41.285888671875 41.28412628173828 41.934814453125 41.94435119628906 
41.03023910522461 39.63481521606445 39.25241470336914 39.50444793701172 39.251007080078125 38.69660949707031 38.78316879272461 39.06175994873047 
44.19251251220703 40.317726135253906 41.05769729614258 40.62313461303711 41.20259094238281 40.17628860473633 40.636863708496094 40.759422302246094 
40.88947296142578 39.37535858154297 39.65052795410156 39.91875076293945 39.64118576049805 38.63516616821289 39.047454833984375 39.2305908203125 
43.318302154541016 40.17452621459961 39.98640060424805 41.76777648925781 41.81644821166992 40.8502082824707 41.7182731628418 41.434783935546875 
41.87315368652344 38.9183349609375 39.19347381591797 38.87567901611328 39.51238250732422 39.569889068603516 39.48169708251953 38.8903694152832 
41.82710266113281 40.7545280456543 41.18492889404297 41.26707077026367 41.36848068237305 41.09097671508789 40.4681282043457 41.49568176269531 
41.232608795166016 39.06428909301758 38.817535400390625 38.699134826660156 38.7644157409668 38.83651351928711 38.96326446533203 38.32102584838867 
41.33273696899414 40.7883186340332 40.60704040527344 40.026527404785156 39.989566802978516 40.37702560424805 40.86652755737305 40.201663970947266 
42.11404800415039 39.08051300048828 39.136383056640625 38.809120178222656 38.950782775878906 38.77484893798828 38.53433609008789 39.40886306762695 
32.757057189941406 31.50102424621582 31.505952835083008 31.891199111938477 31.234560012817383 31.22812843322754 31.36185646057129 31.306880950927734 
31.787168502807617 30.769920349121094 30.180063247680664 30.685375213623047 30.320192337036133 30.770240783691406 31.298559188842773 30.06515121459961 
34.63759994506836 31.13225555419922 31.588768005371094 31.892576217651367 31.136064529418945 31.841760635375977 31.407167434692383 30.895263671875 
32.799198150634766 30.3723201751709 30.966880798339844 30.48201560974121 30.334495544433594 30.517759323120117 30.56038475036621 30.138879776000977 
34.30963134765625 31.147584915161133 31.416831970214844 31.4385929107666 31.156192779541016 32.07215881347656 31.577728271484375 31.183935165405273 
33.408416748046875 30.22540855407715 30.68876838684082 30.58255958557129 30.303232192993164 30.656320571899414 31.003103256225586 30.5316162109375 
34.324256896972656 31.487903594970703 31.420255661010742 31.7574405670166 30.900928497314453 31.689823150634766 31.74051284790039 31.107519149780273 
33.34630584716797 31.144607543945312 30.26825523376465 30.2238712310791 30.5677433013916 30.572223663330078 30.02351951599121 30.600799560546875 
32.99043273925781 31.75654411315918 31.078399658203125 31.365215301513672 31.404415130615234 31.56220817565918 31.865856170654297 31.54217529296875 
33.677921295166016 30.71798324584961 30.183135986328125 29.828031539916992 30.900896072387695 30.65292739868164 30.24825668334961 30.521984100341797 
31.991743087768555 31.27952003479004 31.6342716217041 31.645919799804688 30.99603271484375 32.08208084106445 31.773439407348633 31.22051239013672 
31.867103576660156 30.935232162475586 30.16748809814453 30.598976135253906 31.147872924804688 30.545696258544922 30.19046401977539 30.829952239990234 
32.42502212524414 31.395360946655273 31.032480239868164 31.623615264892578 31.032703399658203 31.8604793548584 31.538368225097656 31.267135620117188 
33.396671295166016 31.027360916137695 30.421247482299805 30.063648223876953 31.0883846282959 30.48681640625 30.26950454711914 30.029823303222656 
34.72496032714844 31.42304039001465 31.37923240661621 31.651039123535156 30.85759925842285 31.747264862060547 31.871519088745117 30.892160415649414 
32.79817581176758 30.458816528320312 30.5216007232666 30.120895385742188 30.81328010559082 30.505664825439453 30.260543823242188 30.45427131652832 
32.19635009765625 31.295679092407227 30.743263244628906 31.80998420715332 31.6777286529541 30.848447799682617 31.65603256225586 31.009952545166016 
32.503456115722656 30.700864791870117 30.290943145751953 30.6712646484375 30.487712860107422 30.382080078125 30.20230484008789 31.225759506225586 
31.68467140197754 31.113536834716797 30.926240921020508 31.877952575683594 31.091487884521484 30.880352020263672 31.477184295654297 31.094240188598633 
35.98659133911133 30.323904037475586 30.11939239501953 30.247039794921875 30.343936920166016 30.580575942993164 30.04262351989746 30.574560165405273 
43.427616119384766 43.36841583251953 44.31961441040039 43.86991882324219 42.78054428100586 43.63212966918945 44.09843063354492 42.926719665527344 
51.356353759765625 47.53788757324219 47.37974548339844 46.8737907409668 47.69721603393555 47.729217529296875 47.58486557006836 48.43596649169922 
44.47507095336914 44.314720153808594 43.79616165161133 42.93715286254883 43.535648345947266 44.44620895385742 43.4161262512207 43.10192108154297 
48.89619064331055 48.464351654052734 47.29753494262695 46.88175964355469 47.0 47.84143829345703 46.72111892700195 48.64588928222656 
43.65983963012695 43.00559997558594 43.064414978027344 44.39424133300781 43.31203079223633 43.39503860473633 43.89945602416992 43.88243103027344 
49.68422317504883 47.09926223754883 47.789310455322266 47.571712493896484 47.569889068603516 47.67488098144531 46.410369873046875 47.53897476196289 
43.947425842285156 43.77920150756836 43.466529846191406 43.787841796875 43.304256439208984 43.18102264404297 44.2213134765625 43.997886657714844 
49.50892639160156 45.70627212524414 47.83030319213867 45.96489715576172 46.98998260498047 47.83756637573242 46.7665901184082 47.03519821166992 
43.558719635009766 42.831905364990234 43.557472229003906 43.543968200683594 42.89164733886719 43.345375061035156 43.92287826538086 44.37276840209961 
50.24931335449219 48.29993438720703 46.28985595703125 46.26639938354492 47.78249740600586 48.093631744384766 46.83327865600586 47.22355270385742 
44.5511360168457 44.48521423339844 44.11692810058594 43.05718231201172 43.747135162353516 43.8067512512207 44.42095947265625 42.618080139160156 
49.15068817138672 46.70332717895508 46.78675079345703 48.72905731201172 46.7850227355957 48.65929412841797 47.410465240478516 48.50227355957031 
45.892513275146484 42.72895812988281 42.22982406616211 43.660030364990234 44.152000427246094 42.956417083740234 42.77590560913086 43.5720329284668 
49.76515197753906 46.92099380493164 48.36355209350586 45.75164794921875 48.19046401977539 46.800865173339844 48.053951263427734 46.685569763183594 
44.1978874206543 44.13030242919922 43.03084945678711 43.39344024658203 43.134559631347656 43.80012893676758 44.15862274169922 43.29670333862305 
49.85001754760742 46.9496955871582 48.68975830078125 47.53116989135742 48.1732177734375 47.862144470214844 46.95270538330078 47.676063537597656 
43.81849670410156 44.04163360595703 43.27241516113281 43.58639907836914 43.61539077758789 43.70556640625 44.00320053100586 43.450687408447266 
48.391361236572266 47.51222229003906 48.231937408447266 47.51839828491211 48.29734420776367 48.51708984375 47.43075180053711 47.623008728027344 
44.76073455810547 44.44585418701172 43.21760177612305 42.96540832519531 43.87907028198242 44.59952163696289 43.192352294921875 43.17232131958008 
50.16262435913086 48.627681732177734 46.87855911254883 45.98438262939453 47.04732894897461 48.170143127441406 46.99113464355469 47.54048156738281 
50.23276901245117 48.17776107788086 47.500545501708984 48.04764938354492 47.173439025878906 49.27638244628906 47.82467269897461 47.38115310668945 
49.716705322265625 48.759742736816406 48.20332717895508 49.1932487487793 48.773441314697266 47.96201705932617 48.649696350097656 47.51417541503906 
49.86454391479492 48.33625411987305 47.61190414428711 48.940895080566406 47.756351470947266 49.17750549316406 48.423648834228516 48.6229133605957 
47.624385833740234 47.5810546875 47.505470275878906 49.30140686035156 48.48611068725586 49.01327896118164 48.76860809326172 47.95347213745117 
48.428958892822266 49.262752532958984 47.54003143310547 49.00678253173828 46.66019058227539 48.68182373046875 47.47020721435547 47.665409088134766 
50.58332824707031 47.5588493347168 48.82972717285156 47.43471908569336 48.865631103515625 48.82227325439453 47.822879791259766 48.96307373046875 
50.46137619018555 48.472415924072266 47.56060791015625 49.17523193359375 47.62598419189453 49.502750396728516 48.70636749267578 48.583614349365234 
49.588768005371094 47.92051315307617 47.41436767578125 47.92233657836914 48.74979019165039 47.607425689697266 47.450687408447266 47.897953033447266 
52.121185302734375 47.451263427734375 49.433631896972656 48.72390365600586 48.5536003112793 48.59318542480469 47.49049758911133 49.37984085083008 
50.26764678955078 47.85404968261719 48.926368713378906 48.67951965332031 48.420833587646484 48.96803283691406 47.33679962158203 49.47734451293945 
84.17094421386719 82.58252716064453 81.9563217163086 81.85711669921875 82.447265625 81.091552734375 80.52992248535156 84.40847778320312 
78.82278442382812 81.46697235107422 83.19670104980469 82.17241668701172 83.29376220703125 81.91289520263672 83.65219116210938 83.40438079833984 
81.22057342529297 80.04121398925781 80.93977355957031 82.6965103149414 80.34953308105469 83.15647888183594 84.13533020019531 82.06665802001953 
82.29158020019531 78.67648315429688 82.6792984008789 82.87299346923828 83.30841827392578 81.64166259765625 81.9415054321289 83.23014068603516 
83.5964126586914 82.03929901123047 81.02738952636719 79.7452163696289 81.48713684082031 82.63731384277344 82.03657531738281 82.18790435791016 
80.80070495605469 81.64169311523438 81.04370880126953 82.75151824951172 83.27833557128906 82.59734344482422 80.87123107910156 82.67862701416016 
80.83081817626953 80.80758666992188 82.34937286376953 81.66429138183594 80.070556640625 82.19468688964844 81.10476684570312 81.71683502197266 
80.94412994384766 81.79017639160156 81.85906982421875 83.62608337402344 82.18854522705078 80.5522232055664 81.59510040283203 83.33929443359375 
81.55935668945312 81.53215789794922 80.47020721435547 81.99199676513672 80.91993713378906 81.83958435058594 84.26246643066406 84.31814575195312 
82.0143051147461 83.38349151611328 81.82032012939453 82.17212677001953 82.14723205566406 83.1641616821289 83.75635528564453 82.34774780273438 
58.25856018066406 57.33951950073242 56.007137298583984 55.735008239746094 55.17948913574219 55.191070556640625 55.446624755859375 56.33206558227539 
56.732513427734375 55.59891128540039 54.8639030456543 55.268638610839844 55.87651062011719 57.5362548828125 56.917598724365234 57.20800018310547 
55.4101448059082 55.658241271972656 56.3458251953125 55.42006301879883 54.90409469604492 57.366111755371094 56.201087951660156 55.64700698852539 
56.009822845458984 55.31635284423828 56.803871154785156 56.804447174072266 55.87311935424805 56.38345718383789 55.0645751953125 55.41795349121094 
57.559967041015625 55.75408172607422 56.09859085083008 55.42780685424805 55.13779067993164 54.78790283203125 56.03964614868164 56.4398078918457 
55.61385726928711 55.18163299560547 55.83340835571289 56.38044738769531 55.24332809448242 56.16035079956055 57.38032150268555 56.43948745727539 
56.46937561035156 57.35673522949219 54.92278289794922 56.79830551147461 56.25542449951172 55.10224151611328 55.16579055786133 55.56528091430664 
56.51286315917969 54.341121673583984 56.17951965332031 55.127742767333984 55.13139343261719 55.121246337890625 55.07388687133789 56.62076950073242 
56.944576263427734 55.893760681152344 57.25107192993164 56.42371368408203 55.029632568359375 55.3581428527832 55.493343353271484 55.670433044433594 
57.50979232788086 55.745567321777344 57.65327835083008 56.86124801635742 55.80720138549805 55.123775482177734 55.59507369995117 55.77897644042969 
42.864864349365234 40.15574264526367 39.918785095214844 41.50812911987305 41.16182327270508 40.5107536315918 40.355777740478516 41.195518493652344 
44.66969680786133 43.354270935058594 43.0909423828125 42.75529479980469 42.389888763427734 42.3175048828125 42.857086181640625 43.69219207763672 
41.71491241455078 41.69232177734375 41.46614456176758 41.405696868896484 40.0366096496582 40.12201690673828 41.54012680053711 41.699806213378906 
45.03571319580078 43.511009216308594 42.60249710083008 42.4409294128418 42.916385650634766 43.008544921875 43.13993453979492 43.368831634521484 
42.55500793457031 40.424129486083984 41.16774368286133 41.15520095825195 40.35366439819336 40.638465881347656 41.47462463378906 41.15363311767578 
46.200191497802734 42.48041534423828 42.92156982421875 41.81846237182617 43.437984466552734 42.845855712890625 42.1596794128418 43.29542541503906 
42.37104034423828 41.05500793457031 41.112159729003906 41.669281005859375 40.69065475463867 40.92272186279297 41.741790771484375 40.242977142333984 
44.25254440307617 41.819454193115234 42.32579040527344 43.366432189941406 43.68620681762695 41.97836685180664 41.8105583190918 43.37116622924805 
43.06825637817383 41.46406555175781 41.70240020751953 39.97945785522461 39.9447021484375 41.76300811767578 41.30412673950195 41.187774658203125 
45.05315017700195 43.9185905456543 42.99235153198242 42.05632019042969 42.45801544189453 42.52595138549805 43.319454193115234 43.70355224609375 
42.69046401977539 40.48316955566406 41.55615997314453 41.540992736816406 40.963008880615234 40.4826545715332 40.428863525390625 41.52150344848633 
44.948158264160156 42.51164627075195 43.01715087890625 43.43983840942383 43.493473052978516 42.79964828491211 42.150943756103516 41.95635223388672 
43.3548469543457 41.09596633911133 40.49497604370117 40.26665496826172 41.1333122253418 40.506080627441406 40.5786247253418 40.783233642578125 
45.332000732421875 43.820064544677734 42.640480041503906 42.05171203613281 41.97788619995117 42.61433410644531 43.20127868652344 42.48051071166992 
42.61475372314453 41.71334457397461 40.95024108886719 40.06524658203125 39.91929626464844 41.5299186706543 41.493473052978516 41.27289581298828 
45.703487396240234 42.340641021728516 42.110015869140625 42.60403060913086 42.5830078125 42.93075180053711 43.57414245605469 43.097633361816406 
45.18220901489258 40.28166580200195 41.15260696411133 40.55379104614258 41.02668762207031 41.5629768371582 40.75395202636719 41.50400161743164 
43.58176040649414 43.12364959716797 43.90854263305664 42.92940902709961 42.26972961425781 42.16214370727539 42.928096771240234 42.5300178527832 
42.84428787231445 41.28646469116211 40.08070373535156 41.256126403808594 40.432640075683594 40.15436935424805 41.30579376220703 40.26262283325195 
45.347103118896484 42.209312438964844 42.490272521972656 42.008766174316406 42.29724884033203 43.57215881347656 43.64777755737305 43.74940872192383 
28.794687271118164 27.541919708251953 27.540512084960938 27.58355140686035 27.103839874267578 27.194591522216797 26.934688568115234 27.0231990814209 
31.60095977783203 28.820287704467773 28.265920639038086 28.645919799804688 28.7491512298584 29.24028778076172 28.762720108032227 28.516223907470703 
28.367456436157227 27.39753532409668 27.061279296875 26.76563262939453 27.12598419189453 27.093151092529297 26.998207092285156 27.10419273376465 
31.63190460205078 29.15830421447754 28.30691146850586 28.6312313079834 29.253055572509766 29.18169593811035 28.691200256347656 28.502239227294922 
28.782175064086914 27.26620864868164 27.55900764465332 27.283424377441406 26.91961669921875 27.431583404541016 27.384864807128906 27.52217674255371 
33.549537658691406 29.52979278564453 28.74550437927246 28.59014320373535 28.729408264160156 29.351776123046875 29.279296875 28.781024932861328 
27.924959182739258 27.8951358795166 27.28771209716797 26.945375442504883 26.973247528076172 27.19152069091797 27.179391860961914 27.406240463256836 
29.21356773376465 29.255647659301758 28.77459144592285 29.049407958984375 28.469152450561523 28.492704391479492 28.27743911743164 28.37161636352539 
27.334880828857422 27.180416107177734 27.074079513549805 27.06403160095215 27.02448081970215 27.306175231933594 27.364255905151367 27.353151321411133 
31.754175186157227 28.906816482543945 28.104736328125 28.87900733947754 28.548608779907227 28.558528900146484 28.08950424194336 28.375423431396484 
27.81532859802246 27.101119995117188 26.968416213989258 26.856096267700195 27.105375289916992 27.1409912109375 27.317760467529297 27.129375457763672 
29.797664642333984 29.210432052612305 28.963071823120117 28.45030403137207 28.40889549255371 28.465919494628906 28.923776626586914 28.870271682739258 
31.454240798950195 27.510976791381836 27.390335083007812 27.009695053100586 27.1342716217041 26.932512283325195 26.992767333984375 27.310272216796875 
31.428287506103516 29.58243179321289 28.666303634643555 28.67750358581543 28.37286376953125 28.442495346069336 28.924959182739258 29.213632583618164 
28.00275230407715 27.164352416992188 27.004703521728516 26.915199279785156 27.03228759765625 27.363296508789062 27.19584083557129 26.96169662475586 
32.26700973510742 30.52956771850586 28.639551162719727 28.542848587036133 29.069087982177734 29.085311889648438 28.872543334960938 28.672224044799805 
28.635488510131836 26.944896697998047 27.101024627685547 27.205663681030273 27.246688842773438 27.47148895263672 26.90947151184082 27.004032135009766 
29.723936080932617 28.77529525756836 29.1529598236084 28.679967880249023 28.435232162475586 28.655967712402344 28.476287841796875 28.96873664855957 
28.811391830444336 27.22256088256836 27.361919403076172 27.470495223999023 27.32636833190918 27.035327911376953 27.05718421936035 27.023839950561523 
31.172992706298828 29.277055740356445 28.653152465820312 28.549888610839844 28.45724868774414 28.223039627075195 28.587583541870117 28.338336944580078 
56.57136154174805 55.05516815185547 53.30131149291992 56.68278503417969 56.430145263671875 56.76841735839844 56.74790573120117 54.426273345947266 
49.05459213256836 45.496768951416016 45.71945571899414 46.1484489440918 46.632320404052734 45.69692611694336 46.502113342285156 46.897823333740234 
57.15584182739258 56.92262268066406 54.26787185668945 56.74905776977539 56.30249786376953 55.225311279296875 56.47260665893555 55.76233673095703 
47.44412612915039 46.41062545776367 45.3864631652832 45.616127014160156 46.92047882080078 44.772064208984375 46.780513763427734 46.54876708984375 
58.26908874511719 57.315521240234375 55.248958587646484 55.11686325073242 55.4442253112793 54.72710418701172 55.16057586669922 55.05379104614258 
48.96102523803711 45.43500900268555 46.0088005065918 45.501182556152344 46.88227081298828 46.928321838378906 46.83500671386719 46.893280029296875 
57.38499069213867 54.3658561706543 56.66636657714844 56.837406158447266 56.430015563964844 55.09030532836914 56.80767822265625 54.912193298339844 
48.195777893066406 46.65436935424805 45.82182312011719 47.469566345214844 45.69206237792969 47.05446243286133 45.92825698852539 46.86454391479492 
57.579105377197266 56.45993423461914 55.37548828125 56.476097106933594 56.36870574951172 55.414432525634766 55.558143615722656 54.641056060791016 
47.942176818847656 45.77891159057617 46.94623947143555 47.258846282958984 46.756160736083984 46.56099319458008 47.14815902709961 46.201534271240234 
57.11763381958008 57.1794548034668 56.32067108154297 55.76131057739258 56.23676681518555 55.415550231933594 55.23827362060547 54.959712982177734 
47.90864181518555 47.24428939819336 46.27040100097656 46.93366241455078 46.09126281738281 46.81052780151367 45.91516876220703 45.958431243896484 
57.18272018432617 55.544960021972656 54.84019088745117 54.97804641723633 55.195167541503906 54.660831451416016 55.26393508911133 54.81254577636719 
47.80815887451172 46.04422378540039 46.55158233642578 47.142879486083984 46.21311950683594 47.433406829833984 45.75116729736328 47.09996795654297 
57.05110549926758 56.19475173950195 55.13884735107422 56.49705505371094 56.2509765625 55.49494552612305 55.256126403808594 54.617183685302734 
49.86918258666992 45.54787063598633 46.76300811767578 46.42377471923828 46.49168014526367 46.120479583740234 46.12966537475586 47.003231048583984 
56.80918502807617 56.408992767333984 53.50822448730469 54.82511901855469 56.32204818725586 55.90633773803711 54.76009750366211 56.295230865478516 
48.61219024658203 45.82223892211914 46.472801208496094 47.06038284301758 46.45926284790039 47.338558197021484 45.93449783325195 46.96931076049805 
57.71049499511719 56.479774475097656 56.25971221923828 56.374046325683594 53.27743911743164 56.76287841796875 55.8488655090332 55.45491027832031 
49.28736114501953 45.590721130371094 47.583553314208984 46.244415283203125 47.580833435058594 45.67068862915039 47.016353607177734 46.06617736816406 
38.27977752685547 36.2407341003418 36.11983871459961 36.24051284790039 36.4213752746582 36.58377456665039 35.97020721435547 36.37846374511719 
37.1223030090332 35.386016845703125 36.50627136230469 36.079872131347656 35.80905532836914 36.29743957519531 36.722049713134766 36.73865509033203 
37.799903869628906 35.5898551940918 35.45878219604492 36.95868682861328 36.58060836791992 35.84864044189453 36.042110443115234 36.05775833129883 
38.35958480834961 35.74470520019531 35.87241744995117 36.714111328125 36.19820785522461 35.91990280151367 36.60015869140625 36.51686477661133 
38.25062561035156 36.24758529663086 35.70515060424805 35.4205436706543 36.40902328491211 36.409889221191406 35.88550567626953 35.43756866455078 
38.23740768432617 36.02412796020508 36.84627151489258 36.58972930908203 35.97331237792969 35.376705169677734 36.5813102722168 36.448577880859375 
39.114078521728516 35.989376068115234 35.982303619384766 36.78815841674805 36.48054504394531 36.57177734375 35.469791412353516 36.95280075073242 
38.00831985473633 35.37254333496094 35.68822479248047 35.961727142333984 35.923553466796875 35.851871490478516 36.858367919921875 36.80409622192383 
37.74892807006836 35.438655853271484 36.75065612792969 36.666526794433594 36.37744140625 35.6426887512207 36.888160705566406 37.49702453613281 
37.99871826171875 36.581600189208984 36.362369537353516 35.920894622802734 36.2213134765625 36.72969436645508 36.25471878051758 35.73878479003906 
37.160545349121094 35.85548782348633 35.484737396240234 35.80966567993164 36.05712127685547 36.608001708984375 36.579647064208984 36.48640060424805 
38.326271057128906 36.62412643432617 36.08124923706055 35.91766357421875 35.31977462768555 36.77836990356445 36.688865661621094 35.68163299560547 
39.222721099853516 36.026336669921875 36.05372619628906 35.710079193115234 36.038143157958984 35.755455017089844 36.133567810058594 35.893310546875 
38.328609466552734 36.624481201171875 36.442848205566406 36.038848876953125 35.527198791503906 36.50716781616211 36.62297439575195 35.58329772949219 
38.633888244628906 36.236446380615234 35.80390548706055 36.055233001708984 36.55036926269531 36.3686408996582 36.21913528442383 35.46540832519531 
38.673057556152344 36.176639556884766 35.43247985839844 36.146080017089844 36.45830535888672 36.31398391723633 36.147361755371094 36.729888916015625 
37.25068664550781 36.51103973388672 36.81587219238281 36.65692901611328 36.47731018066406 35.917728424072266 35.76508712768555 36.32614517211914 
37.73827362060547 35.8251838684082 35.806495666503906 35.778526306152344 36.22771072387695 36.375518798828125 36.23017501831055 36.51891326904297 
38.05036926269531 36.253089904785156 35.80342483520508 36.147361755371094 36.488704681396484 35.640384674072266 36.678462982177734 36.706687927246094 
38.97462463378906 35.96867370605469 35.733089447021484 35.6926383972168 36.22236633300781 35.791038513183594 35.992000579833984 35.95113754272461 
108.22547149658203 104.2089614868164 107.78876495361328 107.84291076660156 109.10604858398438 106.86630249023438 109.61241912841797 107.78777313232422 
106.49785614013672 107.12822723388672 112.55587005615234 105.4211196899414 107.04585266113281 113.65977478027344 107.9751968383789 106.95795440673828 
106.90399932861328 109.60185241699219 108.47309112548828 107.64070129394531 109.18758392333984 109.35945892333984 106.59190368652344 108.00553894042969 
109.65702056884766 108.80892944335938 107.13922882080078 106.69254302978516 106.489501953125 107.63107299804688 109.28118133544922 110.67958068847656 
106.85638427734375 110.63910675048828 108.34909057617188 108.06700897216797 106.30767822265625 111.4928970336914 107.4850845336914 108.84262084960938 
108.81552124023438 108.15776062011719 104.61548614501953 108.51702117919922 106.54380798339844 109.40643310546875 109.84236907958984 107.88224029541016 
106.55292510986328 112.69478607177734 108.2041244506836 108.70649719238281 107.0538558959961 108.28995513916016 108.32937622070312 107.94505310058594 
108.31075286865234 106.47289276123047 106.47052764892578 109.22815704345703 109.77766418457031 106.85011291503906 109.69830322265625 107.9896011352539 
108.02249908447266 108.91980743408203 105.46221160888672 110.0291519165039 108.67072296142578 108.20054626464844 107.52713775634766 107.6407699584961 
108.08787536621094 109.77597045898438 106.38761901855469 109.8716812133789 108.97113800048828 106.9876480102539 109.01679992675781 107.5450210571289 
38.241790771484375 33.42854309082031 34.01020812988281 33.530399322509766 33.55344009399414 33.840606689453125 33.853759765625 34.270816802978516 
36.01286315917969 33.40137481689453 33.3875846862793 33.39993667602539 33.380001068115234 33.2031364440918 33.37776184082031 32.81305694580078 
35.98908615112305 33.94233703613281 34.12419128417969 34.200897216796875 33.94063949584961 33.523807525634766 33.887840270996094 33.231937408447266 
35.658817291259766 32.86640167236328 33.16953659057617 33.111328125 32.38150405883789 33.1044807434082 33.22639846801758 33.18137741088867 
36.025630950927734 34.12918472290039 33.64777755737305 34.273887634277344 33.70403289794922 33.20703887939453 33.702911376953125 34.33513641357422 
35.10758590698242 33.6176643371582 32.83884811401367 33.41209411621094 32.97593688964844 33.07769775390625 33.01308822631836 33.409568786621094 
35.79372787475586 33.8666877746582 33.45097732543945 34.092193603515625 33.18214416503906 33.46393585205078 33.56614303588867 33.80108642578125 
38.30976104736328 34.16374588012695 32.879615783691406 32.79344177246094 32.589599609375 32.60985565185547 32.79484939575195 32.83910369873047 
35.478912353515625 33.9048957824707 33.108863830566406 33.367103576660156 33.56963348388672 33.78339385986328 33.221214294433594 33.81315231323242 
34.99532699584961 33.005889892578125 32.986305236816406 32.35174560546875 32.4788818359375 32.84832000732422 32.796478271484375 33.02742385864258 
35.025150299072266 34.48323059082031 34.1228141784668 33.40016174316406 33.560447692871094 34.21180725097656 33.39388656616211 33.8721923828125 
35.19193649291992 33.441951751708984 33.18931198120117 33.19475173950195 33.14876937866211 33.47635269165039 33.378238677978516 33.29676818847656 
35.03580856323242 33.68387222290039 33.19472122192383 33.8408317565918 33.50364685058594 33.86278533935547 33.92153549194336 33.63203048706055 
35.30134582519531 33.352542877197266 32.8230094909668 33.31187057495117 33.082401275634766 33.48969650268555 32.891231536865234 33.11417770385742 
37.55980682373047 33.04937744140625 33.80815887451172 34.331905364990234 34.03327941894531 33.1646728515625 33.3873291015625 34.16559982299805 
34.899200439453125 33.20297622680664 32.59347152709961 33.159488677978516 32.80083084106445 32.472801208496094 32.99910354614258 33.483646392822266 
35.29305648803711 33.67292785644531 34.10665512084961 33.22438430786133 34.01708984375 33.376705169677734 33.776737213134766 33.1976318359375 
35.89449691772461 33.0431022644043 33.07356643676758 33.952510833740234 32.9857292175293 33.285728454589844 33.12102508544922 33.17116928100586 
36.21308898925781 33.92697525024414 34.24470520019531 33.93974304199219 34.34592056274414 33.539615631103516 34.225311279296875 33.618431091308594 
35.10512161254883 33.353057861328125 33.346336364746094 33.78140640258789 33.50102233886719 33.34486389160156 33.53267288208008 33.5577278137207 
34.828895568847656 34.64614486694336 34.391326904296875 34.29142379760742 34.590335845947266 34.3851203918457 34.492576599121094 33.97270584106445 
38.0404167175293 35.22796630859375 34.9903678894043 35.447776794433594 35.37948989868164 34.97808074951172 35.13148880004883 35.52867126464844 
36.459232330322266 34.15679931640625 34.838558197021484 34.931297302246094 34.52742385864258 33.875553131103516 34.6448974609375 33.86521530151367 
36.760257720947266 35.35084915161133 34.743553161621094 35.10902404785156 35.107295989990234 35.67718505859375 35.95439910888672 35.49321746826172 
35.26518249511719 34.21788787841797 33.84787368774414 34.48291015625 34.8271369934082 34.53449630737305 34.23091125488281 34.803009033203125 
39.92918395996094 35.314048767089844 35.40492630004883 35.141536712646484 35.36265563964844 35.23980712890625 35.794944763183594 35.49705505371094 
37.010047912597656 34.33942413330078 34.34560012817383 35.00883102416992 34.79497528076172 34.12358474731445 34.03254318237305 34.31711959838867 
38.03184127807617 34.859840393066406 34.98819351196289 35.26220703125 35.576351165771484 35.111358642578125 36.261409759521484 35.71686553955078 
34.917022705078125 33.9213752746582 34.764705657958984 34.38768005371094 33.964447021484375 34.590145111083984 33.93507385253906 34.55769729614258 
36.180416107177734 34.9659538269043 35.26544189453125 34.8875846862793 35.86003112792969 35.5200309753418 35.1258544921875 36.17353439331055 
35.5590705871582 34.07206344604492 33.826847076416016 34.728416442871094 34.11644744873047 34.361854553222656 34.176448822021484 34.677120208740234 
36.43596649169922 35.154239654541016 35.069183349609375 34.930049896240234 36.02316665649414 35.607425689697266 35.085472106933594 35.956031799316406 
34.94588851928711 34.3015022277832 33.81190490722656 34.56748962402344 33.96089553833008 34.405120849609375 33.83955383300781 34.31155014038086 
37.45881652832031 34.84649658203125 35.49833679199219 35.659969329833984 35.501953125 34.822975158691406 35.573150634765625 35.938079833984375 
35.01542282104492 35.16636657714844 34.37977600097656 34.00214385986328 34.6506233215332 34.756927490234375 33.96223831176758 34.437984466552734 
38.46486282348633 35.46156692504883 34.601600646972656 35.463294982910156 35.41904067993164 35.99327850341797 35.19414520263672 35.18854522705078 
37.991615295410156 34.60335922241211 33.97536087036133 34.3306884765625 34.31679916381836 34.49446487426758 34.74553680419922 34.75065612792969 
39.81212615966797 35.34297561645508 35.11180877685547 36.145694732666016 34.955169677734375 35.53446578979492 35.2542724609375 35.95487976074219 
38.480159759521484 34.01443099975586 34.247711181640625 34.754337310791016 34.530975341796875 34.43449783325195 34.953086853027344 34.64995193481445 
37.17510223388672 35.76732635498047 35.503231048583984 35.442718505859375 34.549537658691406 35.22780990600586 35.218528747558594 36.12246322631836 
69.17135620117188 64.90351867675781 66.53075408935547 66.0025634765625 64.26573181152344 66.71846771240234 65.40275573730469 63.93564987182617 
54.51628875732422 50.01228713989258 52.06022262573242 51.41843032836914 51.38332748413086 49.88127899169922 51.9288330078125 52.47305679321289 
69.63565063476562 66.18726348876953 65.50816345214844 65.3260498046875 67.39469146728516 66.43904113769531 65.50243377685547 66.98921966552734 
53.63520050048828 50.40777587890625 51.476318359375 50.124446868896484 51.45177459716797 48.93596649169922 52.0184326171875 52.6297607421875 
65.60137939453125 63.849056243896484 66.04348754882812 66.40156555175781 65.96873474121094 66.4985580444336 65.4793930053711 65.54946899414062 
52.016319274902344 51.868831634521484 52.06467056274414 50.92076873779297 50.39798355102539 51.648193359375 51.75065612792969 51.521568298339844 
67.07711791992188 65.8724136352539 66.4230728149414 65.54998779296875 67.30976104736328 67.1244125366211 68.08348846435547 66.69667053222656 
52.439998626708984 50.16128158569336 51.070335388183594 49.94300842285156 51.4529914855957 50.758174896240234 51.415775299072266 50.99961471557617 
66.2503662109375 68.59625244140625 66.33206176757812 66.47481536865234 65.70425415039062 67.11325073242188 68.75507354736328 66.98931121826172 
52.854976654052734 50.49846267700195 49.779136657714844 51.93638229370117 51.35670471191406 50.03852844238281 51.28268814086914 52.19241714477539 
67.83356475830078 65.11385345458984 66.71833801269531 67.65644836425781 67.18367767333984 66.46514892578125 66.26918029785156 64.29714965820312 
52.30108642578125 50.16147232055664 50.553855895996094 51.990081787109375 51.03007888793945 50.13916778564453 50.46895980834961 52.85103988647461 
67.46979522705078 67.02703857421875 65.81951904296875 66.46176147460938 67.57913970947266 67.31484985351562 66.54239654541016 65.47772979736328 
52.73446273803711 49.72822570800781 50.528926849365234 51.513919830322266 51.169185638427734 50.779136657714844 51.49964904785156 52.159423828125 
66.05020904541016 67.202880859375 66.82230377197266 65.33436584472656 66.4241943359375 67.51087951660156 66.62687683105469 65.38880157470703 
52.967742919921875 50.56089782714844 50.36502456665039 51.884063720703125 51.388160705566406 49.97455978393555 51.081600189208984 52.31452941894531 
67.95613098144531 68.271484375 63.59772872924805 65.20559692382812 66.90563201904297 66.49008178710938 66.17558288574219 65.61920166015625 
53.20131301879883 50.037662506103516 50.25657653808594 50.89324951171875 50.9189453125 50.677310943603516 51.617374420166016 51.26927947998047 
68.34025573730469 69.2442855834961 67.51087951660156 66.529052734375 63.63836669921875 67.77779388427734 67.00422668457031 65.87459564208984 
52.70550537109375 50.58662414550781 50.98486328125 49.12473678588867 51.11299133300781 50.142398834228516 51.49942398071289 52.08524703979492 
43.103519439697266 41.86140823364258 42.46406555175781 41.934783935546875 41.787967681884766 42.804161071777344 42.573280334472656 42.920448303222656 
41.37305450439453 38.8897590637207 39.66559982299805 39.80144119262695 39.944801330566406 38.84819030761719 38.758270263671875 39.18803024291992 
42.57855987548828 42.2367057800293 42.21503829956055 42.7817268371582 42.57120132446289 40.574241638183594 40.913246154785156 42.42153549194336 
41.72185516357422 38.71123123168945 38.31068801879883 38.84627151489258 38.52617645263672 39.446048736572266 38.53792190551758 39.55539321899414 
43.46156692504883 40.72876739501953 40.91183853149414 40.684959411621094 40.99107360839844 42.51203155517578 42.33631896972656 42.16495895385742 
41.89894485473633 39.191551208496094 39.07929611206055 38.47919845581055 40.34540939331055 39.615745544433594 38.30636978149414 39.1418571472168 
44.338016510009766 41.40435028076172 42.08399963378906 42.198143005371094 41.90803146362305 41.649375915527344 40.60847854614258 41.330177307128906 
40.98451232910156 38.069793701171875 38.725406646728516 39.798240661621094 39.470558166503906 38.64588928222656 39.18873596191406 38.49903869628906 
42.79859161376953 41.33475112915039 41.13951873779297 41.63542556762695 41.250240325927734 40.953697204589844 42.02092742919922 41.575775146484375 
41.903167724609375 38.613502502441406 38.864479064941406 39.07155227661133 38.553375244140625 38.866878509521484 38.069217681884766 38.32716751098633 
42.6484489440918 40.537086486816406 42.48019027709961 41.512351989746094 41.384830474853516 41.97916793823242 41.6115837097168 42.19318389892578 
41.468990325927734 39.57708740234375 39.160160064697266 39.189537048339844 39.1767692565918 39.179134368896484 38.980289459228516 38.49216079711914 
43.43094253540039 41.07382583618164 41.45747375488281 42.098209381103516 41.67292785644531 42.362815856933594 42.24678421020508 42.83232116699219 
41.02035140991211 39.63711929321289 39.91904067993164 39.797760009765625 39.681217193603516 38.758689880371094 38.88256072998047 39.13692855834961 
44.170753479003906 42.54774475097656 42.57321548461914 41.23497772216797 41.72553634643555 40.86975860595703 42.429664611816406 40.89139175415039 
42.21526336669922 39.149024963378906 38.890464782714844 39.146305084228516 39.02707290649414 38.52598571777344 38.419551849365234 38.25852966308594 
43.82246398925781 42.50239944458008 41.85993576049805 41.487552642822266 42.718624114990234 42.67417526245117 42.2256965637207 41.307071685791016 
42.128543853759766 38.582977294921875 37.910240173339844 39.800960540771484 39.87065505981445 39.87807846069336 39.73516845703125 39.10086441040039 
45.016414642333984 42.53801727294922 41.357887268066406 40.71664047241211 42.764095306396484 41.196414947509766 42.488319396972656 41.40300750732422 
40.40415954589844 38.4150390625 38.753150939941406 38.353118896484375 38.900672912597656 40.06092834472656 40.04828643798828 39.73503875732422 
39.18582534790039 37.949344635009766 37.77305603027344 38.437217712402344 38.90403366088867 37.93231964111328 38.00201416015625 38.04880142211914 
40.29347229003906 38.670623779296875 37.97750473022461 39.14700698852539 39.06886291503906 38.37980651855469 39.67900848388672 39.4356803894043 
37.6317138671875 38.18822479248047 38.48489761352539 38.58732986450195 37.95606231689453 38.076255798339844 37.37516784667969 38.409889221191406 
39.91788864135742 38.89350509643555 39.37241744995117 39.42550277709961 38.30144119262695 38.76425552368164 39.02969741821289 38.922752380371094 
42.10559844970703 37.73011016845703 36.80223846435547 37.096160888671875 38.138465881347656 37.709632873535156 38.04083251953125 37.02217483520508 
43.55830383300781 39.19580841064453 37.86880111694336 38.4510383605957 38.8570556640625 38.83891296386719 39.071617126464844 38.567935943603516 
39.87254333496094 36.657630920410156 37.76319885253906 38.28425598144531 37.745887756347656 37.540000915527344 36.87366485595703 38.54902267456055 
41.75664138793945 38.55807876586914 38.72313690185547 38.4378547668457 39.0780143737793 39.559391021728516 39.66511917114258 38.391265869140625 
41.32592010498047 37.805503845214844 37.198238372802734 36.9725456237793 37.97644805908203 37.974849700927734 37.67094421386719 37.888160705566406 
41.5081901550293 39.031070709228516 38.68467330932617 38.891456604003906 38.44441604614258 39.037696838378906 39.28086471557617 39.482017517089844 
40.75641632080078 38.43635177612305 37.502079010009766 37.883392333984375 37.49433517456055 38.139137268066406 38.4192008972168 37.68454360961914 
41.83760070800781 39.36518478393555 38.363136291503906 38.23459243774414 38.76224136352539 39.1426887512207 38.5041618347168 38.37583923339844 
38.81711959838867 37.68025588989258 37.43590545654297 36.70761489868164 38.27231979370117 37.97052764892578 38.39286422729492 37.55059051513672 
40.379905700683594 37.592830657958984 39.60969543457031 39.59337615966797 39.47942352294922 39.52191925048828 38.62153625488281 38.66729736328125 
40.27199935913086 37.72966384887695 37.89535903930664 38.297088623046875 37.769630432128906 38.11779022216797 37.86764907836914 37.507198333740234 
42.41030502319336 38.81631851196289 39.03792190551758 39.187583923339844 38.375648498535156 39.070526123046875 39.3996467590332 37.88768005371094 
41.476768493652344 38.46335983276367 37.376129150390625 38.251102447509766 37.64646530151367 37.874305725097656 37.31679916381836 37.69472122192383 
40.85116958618164 39.26844787597656 39.41680145263672 38.7044792175293 38.89372634887695 39.151710510253906 38.7083854675293 39.188961029052734 
41.60841751098633 37.849918365478516 37.67967987060547 38.11759948730469 38.4284782409668 37.72748947143555 37.47779083251953 37.83055877685547 
41.63596725463867 39.107967376708984 38.55692672729492 38.311744689941406 39.12860870361328 39.36159896850586 38.47532653808594 39.453216552734375 
54.47683334350586 54.09913635253906 54.7503662109375 54.152767181396484 54.18649673461914 53.83612823486328 54.371360778808594 54.8021125793457 
54.13836669921875 54.22431945800781 54.13119888305664 53.82815933227539 53.957984924316406 54.0610237121582 54.54054260253906 54.86601638793945 
55.66505432128906 55.332767486572266 54.47644805908203 53.52675247192383 54.24959945678711 53.967838287353516 54.094112396240234 54.650081634521484 
55.631935119628906 55.23014450073242 54.386497497558594 54.22825622558594 54.282752990722656 53.963584899902344 54.207969665527344 54.77910232543945 
55.554561614990234 56.23952102661133 53.45091247558594 54.610782623291016 55.14556884765625 54.57350540161133 54.31942367553711 54.7303352355957 
54.87548828125 54.365089416503906 53.826751708984375 52.69145584106445 54.45676803588867 53.99817657470703 54.47987365722656 54.99327850341797 
55.95334243774414 56.73689651489258 55.76847839355469 54.70918273925781 54.61695861816406 54.06304168701172 54.1005744934082 54.857215881347656 
56.67686462402344 55.6761589050293 54.737056732177734 54.42230224609375 54.26144027709961 53.693729400634766 53.63353729248047 55.32191848754883 
54.655487060546875 54.40220642089844 55.81244659423828 55.68012619018555 55.57455825805664 54.54617691040039 55.87865447998047 54.56499099731445 
55.1346549987793 53.650081634521484 54.10627365112305 54.105281829833984 54.42006301879883 54.471168518066406 54.12192153930664 55.704830169677734 
67.03084564208984 66.74301147460938 66.4352035522461 64.21228790283203 65.86144256591797 66.13980865478516 66.12944030761719 66.25961303710938 
66.91033935546875 65.92233276367188 65.38070678710938 64.83766174316406 64.84909057617188 66.36700439453125 66.2715835571289 67.7762222290039 
66.8727035522461 63.37593460083008 64.61068725585938 65.30687713623047 65.10050964355469 64.61583709716797 64.59049224853516 67.2873306274414 
65.0979232788086 65.19462585449219 64.7122573852539 64.43148803710938 63.72438430786133 66.5888671875 65.68220520019531 66.62361907958984 
64.85600280761719 66.32579040527344 65.04975891113281 66.97372436523438 63.695072174072266 65.17472076416016 66.26617431640625 64.9145278930664 
66.93949127197266 65.31903839111328 66.58563232421875 66.21708679199219 65.26525115966797 65.16009521484375 66.0594253540039 64.61862182617188 
65.74195098876953 65.77747344970703 65.82608032226562 64.79337310791016 65.62022399902344 65.43097686767578 66.3361587524414 66.22726440429688 
65.3221435546875 66.0195541381836 64.91334533691406 64.49513244628906 65.0728988647461 65.57427215576172 66.5627212524414 65.75997161865234 
66.21334075927734 66.78221130371094 66.16902160644531 65.09827423095703 65.12322998046875 65.32006072998047 64.58108520507812 67.25174713134766 
65.77113342285156 65.5752944946289 66.5110092163086 63.81052780151367 65.45756530761719 65.633056640625 66.23577880859375 67.59417724609375 
42.87654495239258 42.17475128173828 41.65001678466797 41.67887878417969 41.01660919189453 42.23027038574219 41.426944732666016 40.83379364013672 
40.48249435424805 37.45353698730469 37.76899337768555 37.66041564941406 38.66988754272461 39.1578254699707 38.411102294921875 38.59756851196289 
44.106590270996094 41.68940734863281 41.005279541015625 41.27423858642578 41.50950241088867 41.971710205078125 41.95417785644531 42.89215850830078 
40.59366226196289 37.83776092529297 38.82963180541992 38.47964859008789 37.81388854980469 37.81520080566406 37.90902328491211 38.5975341796875 
43.2224006652832 42.19116973876953 42.698974609375 42.607295989990234 41.71206283569336 40.57279968261719 41.191680908203125 41.09331130981445 
39.90425491333008 38.761505126953125 39.01590347290039 38.82307052612305 38.39945602416992 38.340606689453125 38.45868682861328 37.97532653808594 
42.188480377197266 41.8089599609375 41.79811096191406 42.2946891784668 42.51548767089844 41.29206466674805 40.92262268066406 42.16876983642578 
39.759552001953125 38.77632141113281 38.33027267456055 38.4529914855957 38.308414459228516 38.06963348388672 38.12076950073242 38.061729431152344 
45.09561538696289 41.28617477416992 42.52092742919922 42.1712646484375 41.34406280517578 41.05196762084961 40.9785270690918 41.223487854003906 
40.73868942260742 38.178016662597656 38.13734436035156 37.33679962158203 38.491966247558594 39.08086395263672 38.771358489990234 38.91814422607422 
43.120094299316406 40.944671630859375 40.895423889160156 41.142208099365234 41.33804702758789 41.41535949707031 41.48575973510742 42.095455169677734 
40.00566482543945 38.39267349243164 38.62211227416992 38.34428787231445 37.58041763305664 38.004478454589844 38.74460983276367 38.17020797729492 
43.59756851196289 40.90038299560547 41.56390380859375 41.6907844543457 41.662593841552734 42.17078399658203 42.6550407409668 41.79792022705078 
41.20867156982422 38.433502197265625 38.96022415161133 38.849246978759766 39.00912094116211 38.32185745239258 39.15116882324219 38.64700698852539 
42.37731170654297 41.514015197753906 41.385345458984375 41.68476867675781 42.35567855834961 41.58339309692383 40.86000061035156 42.091712951660156 
42.12044906616211 38.28153610229492 37.405982971191406 39.03567886352539 39.09481430053711 38.19926452636719 38.779998779296875 38.72409439086914 
44.62604904174805 41.05023956298828 40.64863967895508 41.236576080322266 41.7289924621582 41.32252883911133 40.77452850341797 41.08342361450195 
40.20390319824219 38.48371124267578 38.36403274536133 37.597312927246094 37.53740692138672 39.045406341552734 39.04912185668945 38.79606246948242 
43.024417877197266 40.82172775268555 41.95743942260742 41.17830276489258 40.727359771728516 41.3719367980957 41.6894416809082 41.69731140136719 
40.44960021972656 38.65091323852539 38.899391174316406 39.755615234375 38.65603256225586 38.813568115234375 38.0970573425293 37.917503356933594 
37.646751403808594 35.87763214111328 36.321407318115234 35.71558380126953 35.15068817138672 36.361759185791016 35.82438278198242 36.53900909423828 
33.751617431640625 33.11471939086914 33.552223205566406 33.67289733886719 32.8583984375 33.541568756103516 33.56230545043945 33.413536071777344 
36.90652847290039 36.63151931762695 36.293663024902344 36.047264099121094 35.68899154663086 36.17363357543945 36.03456115722656 36.3985595703125 
34.72883224487305 32.817344665527344 32.56617736816406 33.284671783447266 33.42451095581055 33.7224006652832 33.43203353881836 33.336448669433594 
38.70220947265625 35.04780960083008 35.60838317871094 35.71923065185547 35.805057525634766 35.85744094848633 35.760257720947266 36.55459213256836 
35.63420867919922 32.81798553466797 33.076927185058594 32.72748947143555 33.43452835083008 32.50172805786133 33.22032165527344 32.86540985107422 
36.81087875366211 36.519264221191406 35.980865478515625 36.18272018432617 35.700096130371094 36.2209587097168 35.986785888671875 36.70524978637695 
34.70982360839844 33.476959228515625 33.2836799621582 33.06787109375 33.630592346191406 33.34092712402344 32.83622360229492 33.28694534301758 
36.29452896118164 35.25785446166992 36.02479934692383 35.52272033691406 36.291263580322266 36.253662109375 36.1847038269043 36.927391052246094 
34.34617614746094 33.43423843383789 32.929569244384766 33.26553726196289 33.09321594238281 32.72956848144531 33.37577438354492 33.34297561645508 
36.35347366333008 36.453758239746094 35.66764831542969 36.54332733154297 35.53919982910156 36.76688003540039 36.22768020629883 36.23948669433594 
34.65046310424805 32.63916778564453 33.51174545288086 33.00511932373047 33.17820739746094 32.71984100341797 33.095359802246094 32.610687255859375 
38.24505615234375 36.532257080078125 36.21478271484375 35.60255813598633 36.7720947265625 36.02864074707031 35.979679107666016 35.94976043701172 
35.296417236328125 33.42323303222656 33.46012878417969 32.3493766784668 33.21964645385742 33.5968017578125 33.468353271484375 33.34096145629883 
38.41785430908203 35.241214752197266 36.05878448486328 36.72332763671875 35.75852966308594 36.584320068359375 36.62108612060547 35.88115310668945 
34.90086364746094 33.41279983520508 33.26675033569336 33.48409652709961 33.69683074951172 33.31331253051758 33.394046783447266 33.537025451660156 
36.690433502197266 35.96937561035156 36.38518524169922 35.91628646850586 35.68899154663086 35.53776168823242 36.02739334106445 35.879295349121094 
33.32646560668945 32.95036697387695 33.4813117980957 33.703678131103516 33.54912185668945 33.71084976196289 33.33318328857422 33.352447509765625 
36.144126892089844 36.82902526855469 36.12790298461914 35.910560607910156 36.928096771240234 36.269920349121094 36.489471435546875 35.26416015625 
34.50796890258789 32.96694564819336 33.424095153808594 32.98828887939453 33.28163146972656 33.00851058959961 33.665889739990234 33.035457611083984 
34.11385726928711 33.00726318359375 33.76723098754883 33.17875289916992 33.810943603515625 33.33417510986328 33.60425567626953 32.977569580078125 
34.91670227050781 31.843679428100586 32.14089584350586 32.75462341308594 32.448158264160156 32.09961700439453 32.605281829833984 32.10639953613281 
33.82662582397461 32.89759826660156 33.604190826416016 33.52268981933594 33.91116714477539 33.08524703979492 33.735233306884766 33.67824172973633 
35.603519439697266 31.953311920166016 32.50569534301758 32.902687072753906 32.95750427246094 32.633697509765625 32.58710479736328 32.541439056396484 
33.71014404296875 33.78953552246094 33.834014892578125 33.95964813232422 34.34489440917969 34.386688232421875 34.004798889160156 34.22758483886719 
36.35456085205078 32.2088623046875 32.483551025390625 32.878849029541016 32.412254333496094 32.91340637207031 32.59126281738281 32.94947052001953 
34.39801788330078 34.139808654785156 33.80265426635742 34.00486373901367 33.615264892578125 33.50572967529297 34.168033599853516 34.268798828125 
34.73344039916992 33.15635299682617 32.48806381225586 32.2503662109375 32.45484924316406 32.672481536865234 32.60134506225586 32.648929595947266 
34.18608093261719 33.04220962524414 34.009727478027344 33.74435043334961 33.81942367553711 33.68940734863281 34.011199951171875 34.122528076171875 
36.509822845458984 32.45555114746094 32.362369537353516 32.416385650634766 32.366241455078125 32.10713577270508 31.76041603088379 32.48067092895508 
34.44416046142578 33.71993637084961 33.55424118041992 33.12704086303711 33.47260665893555 33.77177429199219 33.779296875 33.29929733276367 
35.080894470214844 32.38751983642578 32.47663879394531 31.859840393066406 32.753761291503906 31.977439880371094 32.948448181152344 32.564735412597656 
33.94044876098633 33.603553771972656 34.17356872558594 33.306209564208984 33.61491012573242 33.57868957519531 33.748382568359375 34.00899124145508 
34.18387222290039 32.3120002746582 32.2922248840332 32.55049514770508 32.07475280761719 32.44550323486328 32.32572937011719 32.605567932128906 
34.08399963378906 33.43427276611328 33.60015869140625 33.66432189941406 34.304542541503906 34.566593170166016 33.16204833984375 34.125633239746094 
33.83123016357422 32.320289611816406 32.35945510864258 32.231136322021484 32.29679870605469 32.170753479003906 32.46723175048828 32.194847106933594 
34.11840057373047 34.05062484741211 34.66854476928711 33.97244644165039 33.94163131713867 34.00864028930664 33.96518325805664 33.87388610839844 
34.70905685424805 32.553279876708984 32.66281509399414 32.27446365356445 31.948640823364258 32.394718170166016 33.03539276123047 32.866111755371094 
34.09366226196289 33.709598541259766 33.972862243652344 33.930721282958984 34.09308624267578 34.281822204589844 33.6176643371582 33.75846481323242 
35.2760009765625 32.86297607421875 32.181217193603516 32.835391998291016 32.56937789916992 32.76348876953125 32.573055267333984 32.9213752746582 
33.612510681152344 33.426334381103516 33.7446403503418 33.30527877807617 33.77062225341797 33.25983810424805 33.722782135009766 32.901790618896484 
36.25475311279297 33.428001403808594 34.25187301635742 34.49494552612305 34.31651306152344 33.82380676269531 33.937889099121094 34.02204895019531 
34.0203857421875 32.9031982421875 33.50691223144531 32.83020782470703 33.336063385009766 33.034305572509766 32.741729736328125 33.58262252807617 
35.56639862060547 33.910560607910156 34.279422760009766 33.47510528564453 33.81267166137695 33.6130256652832 34.110145568847656 34.0142707824707 
34.21788787841797 32.79657745361328 33.43500900268555 33.00761413574219 33.15951919555664 33.014305114746094 33.28403091430664 32.8152961730957 
37.33366394042969 33.91289520263672 34.025856018066406 33.6580810546875 33.44047927856445 33.548641204833984 33.956703186035156 33.90585708618164 
34.49193572998047 33.80729675292969 33.379966735839844 33.951934814453125 33.34294509887695 33.31849670410156 32.68988800048828 33.56768035888672 
35.84086227416992 34.40435028076172 34.7977294921875 34.11958312988281 34.35737609863281 33.685089111328125 34.11724853515625 33.49843215942383 
34.165889739990234 33.321502685546875 32.80476760864258 33.34707260131836 33.8837776184082 33.93996810913086 33.67203140258789 34.06937789916992 
35.340511322021484 34.50204849243164 34.19705581665039 33.43436813354492 33.80009460449219 34.47001647949219 33.8737907409668 34.37161636352539 
34.353824615478516 33.36134338378906 33.368064880371094 33.641822814941406 33.617279052734375 32.87120056152344 33.46345520019531 33.5656623840332 
36.8441276550293 33.95609664916992 33.77705764770508 34.019168853759766 33.800960540771484 34.69353485107422 34.23023986816406 34.78876876831055 
33.97401428222656 33.76451110839844 33.91561508178711 33.683231353759766 33.341121673583984 32.83488082885742 33.53219223022461 33.835262298583984 
35.72102355957031 34.11577606201172 34.11369705200195 34.08671951293945 34.28246307373047 34.33350372314453 33.58697509765625 34.30793762207031 
36.95907211303711 33.54732894897461 33.493568420410156 33.2973747253418 33.70284652709961 32.96342468261719 33.18854522705078 33.46905517578125 
36.18355178833008 34.541664123535156 34.35558319091797 34.1808967590332 34.06547164916992 33.755680084228516 33.99283218383789 34.22528076171875 
35.8939208984375 33.61174392700195 33.92204666137695 33.58009719848633 33.80534362792969 33.45443344116211 33.985313415527344 33.11004638671875 
37.59471893310547 34.06073760986328 34.66739273071289 34.33078384399414 34.266624450683594 34.07174301147461 33.723297119140625 34.100608825683594 
33.82339096069336 33.495361328125 33.504032135009766 32.74252700805664 33.30384063720703 33.87782287597656 33.97292709350586 33.53424072265625 
36.079681396484375 34.84134292602539 34.11977767944336 34.498687744140625 33.99875259399414 34.16908645629883 34.44879913330078 34.46623992919922 
60.75513458251953 61.268863677978516 59.353824615478516 60.54140853881836 61.93833541870117 59.76620864868164 60.75062561035156 63.348960876464844 
61.5035514831543 61.190433502197266 61.4879035949707 60.8502082824707 60.70854568481445 60.492897033691406 66.2300796508789 63.511905670166016 
60.41814422607422 60.31875228881836 62.8070068359375 59.614463806152344 60.54399871826172 60.55964660644531 63.665374755859375 61.6710090637207 
60.05231857299805 61.5239372253418 60.549503326416016 61.72422409057617 60.664161682128906 61.6247673034668 62.912960052490234 60.364864349365234 
59.806270599365234 60.87641525268555 60.519264221191406 60.46332931518555 60.403934478759766 61.8818244934082 62.92483139038086 60.866207122802734 
60.54524612426758 61.54163360595703 60.856929779052734 60.22166442871094 60.27142333984375 61.998497009277344 63.45951843261719 60.55868911743164 
62.673728942871094 59.938720703125 61.52899169921875 60.53724670410156 61.71696090698242 60.00297546386719 63.64112091064453 62.41843032836914 
60.59193420410156 60.1701774597168 61.95043182373047 62.47862243652344 60.27119827270508 62.687103271484375 63.44611358642578 60.87411117553711 
60.13129425048828 62.05436706542969 61.129600524902344 61.370174407958984 61.50566482543945 60.8355827331543 65.31171417236328 61.2163200378418 
60.20975875854492 61.88963317871094 62.06252670288086 60.54838562011719 61.839935302734375 61.40742492675781 62.543487548828125 60.378814697265625 
47.895103454589844 46.17766571044922 46.35366439819336 47.3581428527832 45.99641418457031 47.69548797607422 46.13788986206055 47.609153747558594 
53.09852981567383 50.2624626159668 51.15779113769531 52.24275207519531 52.905887603759766 53.2250862121582 51.858848571777344 53.3144645690918 
48.554561614990234 45.81862258911133 47.72771072387695 45.851070404052734 46.42144012451172 46.01715087890625 47.6212158203125 45.4246711730957 
53.96895980834961 50.88127899169922 52.48390579223633 52.54383850097656 53.36995315551758 51.014495849609375 51.721534729003906 51.903934478759766 
48.57555389404297 46.667457580566406 46.598751068115234 47.3023681640625 46.64284896850586 47.48275375366211 46.1209602355957 47.396446228027344 
53.96553421020508 51.395870208740234 52.22982406616211 51.228065490722656 51.9736328125 51.775264739990234 53.888031005859375 54.1163215637207 
48.79654312133789 46.13091278076172 47.59231948852539 46.696449279785156 46.37855911254883 46.181217193603516 47.28745651245117 46.254398345947266 
52.49689483642578 51.007232666015625 50.23487854003906 52.740352630615234 52.558433532714844 52.185791015625 51.20809555053711 52.84524917602539 
47.428897857666016 45.75667190551758 46.53535842895508 45.66400146484375 46.86787033081055 45.992286682128906 47.232032775878906 46.52159881591797 
53.36275100708008 52.31711959838867 51.963871002197266 50.96867370605469 52.261985778808594 52.880062103271484 50.62944030761719 52.327903747558594 
46.78627014160156 46.54838562011719 47.18732833862305 46.43830490112305 46.54489517211914 46.243038177490234 47.18899154663086 46.017982482910156 
55.52336120605469 52.85996627807617 51.27830505371094 51.15513610839844 51.09174346923828 52.63555145263672 51.958335876464844 54.42787170410156 
48.046817779541016 45.651329040527344 45.98371124267578 46.179744720458984 46.70121765136719 46.274017333984375 47.31270217895508 46.1346549987793 
53.25449752807617 50.19145584106445 52.33500671386719 52.95587158203125 52.417598724365234 51.68201446533203 51.319297790527344 53.48614501953125 
47.85139083862305 47.74736022949219 46.600894927978516 46.60630416870117 46.68345642089844 47.4290885925293 46.699424743652344 46.526817321777344 
53.38854217529297 51.32649612426758 52.17488098144531 53.137054443359375 53.12223815917969 52.789886474609375 51.576416015625 53.20323181152344 
48.77827072143555 46.27318572998047 47.23078536987305 46.34134292602539 46.276702880859375 45.788639068603516 48.051551818847656 45.9189453125 
53.432254791259766 50.26454544067383 50.999454498291016 52.46217727661133 52.89497756958008 52.98863983154297 52.32547378540039 53.86937713623047 
48.76134490966797 46.50467300415039 46.837406158447266 47.165374755859375 46.50502395629883 47.20454406738281 46.568641662597656 46.32463836669922 
54.123329162597656 50.41331100463867 50.9169921875 52.31145477294922 51.4040641784668 50.389888763427734 53.54841613769531 53.97795104980469 
33.46537780761719 32.44566345214844 32.51478576660156 32.662689208984375 32.72012710571289 31.86742401123047 32.42812728881836 32.33350372314453 
43.34783935546875 38.41766357421875 37.73820877075195 37.95881652832031 38.69635009765625 38.48988723754883 38.69007873535156 37.9977912902832 
33.194271087646484 31.891103744506836 32.53744125366211 32.24278259277344 32.65020751953125 32.4964485168457 32.857025146484375 32.83299255371094 
39.8389778137207 38.067169189453125 39.09823989868164 37.74076843261719 39.82835388183594 39.65983963012695 38.33808135986328 38.75983810424805 
35.10009765625 32.265281677246094 32.19865417480469 32.13462448120117 32.53849411010742 32.478271484375 32.68044662475586 32.65135955810547 
42.65622329711914 38.56022262573242 38.8276481628418 38.56854248046875 38.44764709472656 38.54227066040039 38.99728012084961 38.96352005004883 
33.640350341796875 32.2314567565918 32.48556900024414 31.97430419921875 32.8779182434082 32.181312561035156 32.84035110473633 32.527809143066406 
42.81843185424805 38.07075119018555 38.55510330200195 38.08252716064453 39.245025634765625 39.67228698730469 39.413761138916016 40.138816833496094 
35.56515121459961 32.23750305175781 32.98099136352539 32.406494140625 32.95619201660156 32.501953125 32.805824279785156 32.96828842163086 
42.43094253540039 38.403648376464844 38.63411331176758 38.05091094970703 39.20665740966797 39.00486373901367 38.69833755493164 39.08086395263672 
33.554656982421875 32.185184478759766 32.95616149902344 32.134368896484375 32.53241729736328 32.45676803588867 32.2993278503418 32.62108612060547 
40.41446304321289 38.19068908691406 38.28249740600586 39.29840087890625 39.44435119628906 38.50624084472656 38.377567291259766 39.11369705200195 
36.3864631652832 33.19606399536133 32.919776916503906 32.311134338378906 32.68163299560547 32.70127868652344 32.92428970336914 32.93705749511719 
41.38956832885742 38.218177795410156 38.518463134765625 38.15647888183594 38.530113220214844 37.87919998168945 39.603904724121094 39.68076705932617 
32.76844787597656 32.31452941894531 32.380577087402344 32.3842887878418 32.39894485473633 32.256736755371094 32.66444778442383 32.26044845581055 
42.14227294921875 38.62022399902344 37.98124694824219 38.902976989746094 38.1044807434082 39.06131362915039 39.3513298034668 38.93008041381836 
34.34099197387695 32.34406280517578 32.41862487792969 33.06351852416992 32.06694412231445 32.55440139770508 32.07030487060547 32.87936019897461 
41.58915328979492 39.57699203491211 38.15385437011719 38.17763137817383 38.60838317871094 38.693119049072266 38.642879486083984 40.27977752685547 
33.520225524902344 31.956703186035156 32.21039962768555 32.31132888793945 32.85513687133789 32.821441650390625 32.41660690307617 32.36608123779297 
43.231712341308594 39.51724624633789 38.563968658447266 38.15622329711914 38.91686248779297 38.23289489746094 38.6563835144043 38.282527923583984 
79.08477020263672 80.55414581298828 79.38188934326172 79.72940826416016 81.87017822265625 81.780029296875 80.32067108154297 80.27462768554688 
79.16185760498047 77.91337585449219 80.02655792236328 81.93132781982422 82.7627182006836 80.87129974365234 79.15039825439453 79.12310028076172 
81.38019561767578 80.58060455322266 80.72393798828125 81.40758514404297 80.81289672851562 78.90172576904297 84.42848205566406 82.10326385498047 
79.46607971191406 80.80201721191406 79.67565155029297 81.9339828491211 84.50595092773438 80.01209259033203 83.63836669921875 81.69100952148438 
79.58595275878906 81.38041687011719 80.09552001953125 83.20883178710938 81.00755310058594 79.56233978271484 78.54911804199219 80.77718353271484 
81.08422088623047 81.60128021240234 82.44668579101562 78.15805053710938 79.95884704589844 79.25936126708984 84.74275207519531 82.30028533935547 
80.4194564819336 80.87110137939453 80.44960021972656 80.90006256103516 82.61833953857422 81.67295837402344 84.55276489257812 79.93424224853516 
79.60131072998047 78.40934753417969 82.60601806640625 82.42918395996094 81.58665466308594 78.68208312988281 80.87117004394531 80.7479019165039 
80.90131378173828 79.97296142578125 79.11775970458984 79.51583862304688 81.78307342529297 81.71372985839844 78.96025848388672 80.56845092773438 
80.90380859375 81.4000015258789 81.89619445800781 82.41180419921875 79.4751968383789 80.46572875976562 82.05094146728516 81.03705596923828 
40.16694259643555 37.30160140991211 36.87548828125 37.626399993896484 37.55091094970703 37.01504135131836 36.62345504760742 36.515262603759766 
47.287071228027344 41.451454162597656 41.16825485229492 43.50204849243164 42.219390869140625 42.032894134521484 43.09516906738281 42.61619186401367 
38.94025421142578 36.92070388793945 37.00896072387695 37.54467010498047 36.765953063964844 37.69561767578125 37.7828483581543 37.35929489135742 
46.049217224121094 41.621856689453125 41.29359817504883 42.98851013183594 42.743873596191406 42.40089416503906 43.044639587402344 42.70169448852539 
37.342430114746094 36.95491027832031 37.047264099121094 37.21196746826172 37.32819366455078 37.405025482177734 37.426910400390625 36.766944885253906 
45.62681579589844 42.369537353515625 41.90739059448242 43.54636764526367 43.32748794555664 42.430049896240234 42.16633605957031 42.590049743652344 
39.31391906738281 37.3482551574707 37.579681396484375 36.742431640625 36.02492904663086 37.37526321411133 37.6286735534668 36.79555130004883 
45.019073486328125 43.153953552246094 42.008766174316406 42.349918365478516 42.538944244384766 43.09654235839844 43.43171310424805 42.19148635864258 
37.863616943359375 36.615936279296875 37.6541748046875 36.389217376708984 36.695072174072266 36.64246368408203 37.69945526123047 37.786624908447266 
44.987457275390625 42.165504455566406 42.21491241455078 42.875423431396484 42.2380485534668 43.996097564697266 43.127201080322266 42.01420974731445 
38.71712112426758 36.77395248413086 37.73932647705078 37.908512115478516 37.57727813720703 37.18435287475586 36.848480224609375 36.74176025390625 
44.427040100097656 42.8087043762207 42.64457702636719 43.14112091064453 43.442176818847656 41.86467361450195 42.42281723022461 42.06729507446289 
40.38822555541992 37.02547073364258 37.2092170715332 36.854942321777344 37.16572952270508 36.703678131103516 36.73673629760742 37.636287689208984 
45.61328125 43.061920166015625 41.46870422363281 42.43475341796875 42.28412628173828 42.61686325073242 42.81071853637695 43.207454681396484 
40.31964874267578 37.58201599121094 37.24403381347656 37.374752044677734 37.11385726928711 36.79411315917969 36.83020782470703 37.345760345458984 
44.6624641418457 41.739967346191406 41.96073532104492 43.15398406982422 42.4793586730957 43.3251838684082 42.8963508605957 42.286399841308594 
37.7591667175293 37.326560974121094 36.89878463745117 37.37648010253906 36.145790100097656 37.794334411621094 37.5926399230957 37.51945495605469 
43.95987319946289 42.643680572509766 41.95276641845703 43.212608337402344 43.39561462402344 43.6011848449707 42.25743865966797 41.439231872558594 
37.984127044677734 36.154014587402344 37.42723083496094 37.37241744995117 37.17452621459961 37.052894592285156 36.1959342956543 36.78732681274414 
45.47407913208008 43.4865608215332 42.45667266845703 41.63203048706055 41.3185920715332 42.0164794921875 42.27609634399414 43.24515151977539 
55.558624267578125 55.014305114746094 54.41532897949219 54.7210578918457 54.12371063232422 54.757568359375 54.042686462402344 53.8289909362793 
44.82223892211914 42.72742462158203 42.18966293334961 41.97980880737305 42.32147216796875 42.24848175048828 42.92047882080078 43.58127975463867 
57.43439865112305 55.14486312866211 54.5049934387207 54.52201461791992 54.76947021484375 54.49100875854492 54.516639709472656 53.8056640625 
43.85724639892578 43.59088134765625 43.47206497192383 42.46012878417969 42.781982421875 43.46380615234375 43.189056396484375 43.669761657714844 
58.28416061401367 54.86729431152344 54.849151611328125 54.04246520996094 54.653953552246094 53.841697692871094 53.652992248535156 53.92998504638672 
47.004478454589844 42.406494140625 42.57727813720703 43.19795227050781 43.468544006347656 44.19795227050781 43.02588653564453 42.58287811279297 
55.59958267211914 54.830528259277344 53.710689544677734 54.97993469238281 55.5423698425293 54.347679138183594 56.169857025146484 55.62761688232422 
46.422847747802734 42.652671813964844 43.10995101928711 43.37356948852539 42.75132751464844 41.8711051940918 42.41843032836914 43.31804656982422 
55.816993713378906 54.509185791015625 53.62035369873047 53.504417419433594 53.54022216796875 55.14815902709961 54.509246826171875 54.799903869628906 
46.20595169067383 42.98998260498047 42.01238250732422 42.159488677978516 43.45894241333008 43.88652801513672 43.244544982910156 42.46035385131836 
54.818111419677734 54.745567321777344 54.012542724609375 53.681121826171875 53.69142532348633 54.140865325927734 54.78940963745117 54.097599029541016 
43.69526290893555 42.783103942871094 43.61395263671875 43.9488639831543 43.050079345703125 42.2940788269043 43.25983810424805 43.87456130981445 
57.89593505859375 55.598270416259766 54.040096282958984 54.825889587402344 55.518272399902344 55.42009735107422 55.32710266113281 54.992862701416016 
43.94668960571289 43.27571105957031 43.14847946166992 43.84953689575195 43.239295959472656 42.576416015625 43.51091384887695 43.71491241455078 
55.878047943115234 53.78361511230469 54.54880142211914 54.58867263793945 54.47603225708008 53.638431549072266 53.87443161010742 54.50678253173828 
45.367103576660156 42.90700912475586 42.34159851074219 43.333824157714844 42.504127502441406 43.528289794921875 43.89708709716797 43.84832000732422 
56.856319427490234 54.76057434082031 54.94758224487305 55.16396713256836 54.2507209777832 55.993343353271484 54.94668960571289 55.22547149658203 
45.300193786621094 43.194366455078125 43.961055755615234 43.27814483642578 42.257694244384766 42.39616012573242 43.345279693603516 42.49862289428711 
55.76348876953125 55.557281494140625 55.59462356567383 55.18374252319336 55.345054626464844 54.43404769897461 56.38896179199219 55.79011154174805 
45.181983947753906 43.91084671020508 43.34028625488281 42.101470947265625 42.89238357543945 43.57148742675781 43.44441604614258 43.26323318481445 
51.02201461791992 51.315425872802734 48.61180877685547 49.01171112060547 50.306270599365234 49.92902374267578 50.43075180053711 51.04252624511719 
52.292606353759766 51.81654357910156 50.450016021728516 51.45180892944336 51.34684753417969 50.46739196777344 52.34659194946289 54.8260498046875 
50.84076690673828 50.793697357177734 50.58793640136719 49.41347122192383 50.502174377441406 50.640384674072266 49.97452926635742 50.73881530761719 
53.99951934814453 52.34230422973633 51.667137145996094 49.81455993652344 53.48780822753906 52.7691535949707 52.889854431152344 52.0840950012207 
52.29449462890625 51.06345748901367 50.573665618896484 50.71897506713867 50.98342514038086 50.67270278930664 50.87123107910156 51.71062469482422 
52.43900680541992 53.07564926147461 51.8454704284668 51.87315368652344 49.9854736328125 50.80192184448242 52.688865661621094 52.803775787353516 
53.82476806640625 51.38092803955078 50.67715072631836 50.505279541015625 51.50038528442383 50.48918533325195 49.326560974121094 51.52604675292969 
53.845855712890625 51.196895599365234 53.43977737426758 52.69561767578125 53.21036911010742 51.99907302856445 51.166751861572266 51.91097640991211 
50.7158088684082 51.54185485839844 50.88300704956055 49.72022247314453 51.553279876708984 51.1126708984375 49.96099090576172 51.49264144897461 
54.094688415527344 52.99603271484375 53.41932678222656 50.973121643066406 51.391265869140625 51.45769500732422 51.102943420410156 52.47993469238281 
52.712318420410156 49.9714241027832 49.753089904785156 50.68092727661133 51.66668701171875 51.20927810668945 50.10927963256836 51.860801696777344 
53.61404800415039 52.41856002807617 51.163360595703125 52.05868911743164 51.69731140136719 53.29724884033203 52.57059097290039 51.85014343261719 
53.018272399902344 50.59135818481445 49.64128112792969 52.039710998535156 50.761375427246094 49.75996780395508 50.25020980834961 50.999454498291016 
52.913089752197266 52.16966247558594 53.34259033203125 50.977054595947266 49.575233459472656 51.54905700683594 53.36876678466797 52.546783447265625 
53.69392013549805 51.0109748840332 49.77974319458008 49.98121643066406 51.610816955566406 50.005950927734375 50.968544006347656 50.1418571472168 
53.2509765625 51.180511474609375 51.49497604370117 50.94678497314453 52.21926498413086 51.14838409423828 50.09187316894531 54.272865295410156 
52.694976806640625 50.091007232666016 50.34892654418945 50.878849029541016 51.686622619628906 50.67238235473633 49.43814468383789 51.290462493896484 
54.02048110961914 53.54608154296875 52.59980773925781 52.85891342163086 51.006080627441406 50.85843276977539 52.397247314453125 53.36457443237305 
51.19014358520508 51.46108627319336 49.17753601074219 49.85830307006836 51.59743881225586 51.282047271728516 49.64857482910156 51.92659378051758 
55.86518478393555 53.39206314086914 50.70985412597656 52.18364715576172 50.995391845703125 50.059486389160156 52.17795181274414 52.666751861572266 
49.55158233642578 49.86937713623047 48.33929443359375 49.41059112548828 48.98185729980469 47.86163330078125 49.75449752807617 48.8787841796875 
45.17375946044922 43.365440368652344 42.89980697631836 42.318817138671875 42.09823989868164 42.988990783691406 43.36140823364258 42.88505554199219 
51.23455810546875 49.06819152832031 47.8559684753418 48.194976806640625 49.02627182006836 49.65903854370117 47.85468673706055 49.6833610534668 
45.58185577392578 42.990623474121094 42.679969787597656 42.06380844116211 42.97596740722656 42.949153900146484 43.393310546875 41.98854446411133 
49.74982452392578 49.53548812866211 48.98624038696289 48.69363021850586 48.23487854003906 48.082847595214844 49.608577728271484 49.061248779296875 
44.57078552246094 42.1479377746582 42.40041732788086 43.146270751953125 42.656192779541016 42.06403350830078 42.72412872314453 43.455169677734375 
49.979488372802734 48.13865661621094 46.6267204284668 49.42860794067383 48.5491828918457 49.430015563964844 48.1328010559082 48.31331253051758 
45.034080505371094 42.81520080566406 43.42729568481445 43.00761413574219 42.18195343017578 41.96681594848633 42.84339141845703 43.540767669677734 
52.37577438354492 49.66364669799805 47.71820831298828 49.72732925415039 49.07231903076172 48.218910217285156 49.295806884765625 48.00921630859375 
44.65542221069336 42.51504135131836 41.516544342041016 42.37648010253906 42.04460906982422 42.647457122802734 43.18864059448242 43.61721420288086 
51.362430572509766 48.53615951538086 47.34672164916992 48.59209442138672 47.91030502319336 49.62963104248047 48.31190490722656 49.6453742980957 
44.1242561340332 42.44704055786133 41.842529296875 42.19289779663086 42.37500762939453 43.1736946105957 43.23078536987305 42.84086227416992 
52.365440368652344 48.65571212768555 48.68204879760742 48.3326416015625 49.870079040527344 49.29081726074219 48.135807037353516 49.47750473022461 
44.86601638793945 42.545921325683594 42.4266242980957 42.89958572387695 42.043487548828125 41.94569778442383 42.065792083740234 43.2083854675293 
51.66787338256836 47.97135925292969 49.80720138549805 48.436767578125 49.00230407714844 49.387168884277344 48.1102409362793 48.59270477294922 
45.160865783691406 42.41350555419922 43.359519958496094 41.98896026611328 42.046974182128906 43.001216888427734 43.291072845458984 43.533599853515625 
50.15203094482422 48.07868957519531 48.848960876464844 49.68396759033203 48.13087844848633 47.57059097290039 48.3326416015625 49.45110321044922 
44.75689697265625 42.01270294189453 42.67238235473633 43.18044662475586 42.68569564819336 42.02582550048828 42.484031677246094 41.77561569213867 
50.754432678222656 48.452030181884766 49.20195388793945 47.78335952758789 50.28960037231445 48.75423812866211 49.236000061035156 48.659263610839844 
45.195457458496094 42.16262435913086 41.49951934814453 41.17923355102539 42.28764724731445 43.05510330200195 42.8394889831543 43.434879302978516 
53.34473419189453 50.688480377197266 51.81110382080078 50.21174240112305 52.34624099731445 52.47654342651367 52.55196762084961 52.51103973388672 
50.85123062133789 47.6223030090332 49.24800109863281 47.599998474121094 48.42063903808594 49.6855354309082 49.92060852050781 48.26927947998047 
51.5214729309082 50.751136779785156 52.3221435546875 51.40092849731445 50.813697814941406 52.20387268066406 51.64070510864258 50.70979309082031 
50.09881591796875 48.30793762207031 49.21113586425781 48.50774383544922 48.84822463989258 50.11606216430664 48.967872619628906 49.098655700683594 
53.107425689697266 51.09952163696289 52.604000091552734 52.2217903137207 52.00041580200195 51.709598541259766 50.762271881103516 51.6808967590332 
49.919742584228516 48.364768981933594 49.209022521972656 48.03916931152344 49.54876708984375 49.8199348449707 48.200382232666016 50.21478271484375 
52.8579216003418 52.58550262451172 51.1195182800293 52.552799224853516 51.9060173034668 50.52694320678711 50.975425720214844 51.674495697021484 
50.70064163208008 47.39712142944336 48.864383697509766 49.836158752441406 49.086944580078125 47.987518310546875 50.41721725463867 49.341697692871094 
53.378273010253906 49.90422439575195 50.581214904785156 51.383262634277344 52.31520080566406 52.49363327026367 50.81353759765625 52.27836990356445 
49.793888092041016 49.52131271362305 50.50812911987305 48.52272033691406 49.23680114746094 49.838016510009766 49.61004638671875 48.13689422607422 
54.27830505371094 52.35011291503906 52.09254455566406 51.63398361206055 50.584800720214844 52.05388641357422 51.99728012084961 52.8842887878418 
50.92854309082031 48.202369689941406 48.6352653503418 48.6036491394043 50.0906867980957 49.40678405761719 48.31388854980469 49.72364807128906 
53.0912971496582 51.17766571044922 51.04617691040039 51.466976165771484 50.835777282714844 51.072513580322266 52.950401306152344 52.74185562133789 
50.55110549926758 47.49020767211914 48.42879867553711 48.31145477294922 48.40143966674805 49.545536041259766 48.37855911254883 49.30207824707031 
53.29622268676758 50.51424026489258 52.713470458984375 51.02604675292969 51.96108627319336 51.426815032958984 50.97846221923828 52.04671859741211 
49.690303802490234 48.47209548950195 49.45417785644531 48.208030700683594 49.64438247680664 49.24665451049805 48.3540153503418 48.583038330078125 
53.00124740600586 50.58995056152344 51.26707077026367 52.26665496826172 51.35094451904297 50.701663970947266 51.48281478881836 53.1130256652832 
51.075775146484375 48.257022857666016 49.60825729370117 49.50902557373047 48.03993606567383 50.256832122802734 49.806175231933594 48.2303352355957 
52.691680908203125 51.871646881103516 52.54185485839844 52.076576232910156 51.13142395019531 50.97782516479492 52.2217903137207 52.6308479309082 
49.887489318847656 48.346561431884766 48.82009506225586 48.905216217041016 48.71683120727539 49.926944732666016 49.143489837646484 49.20556640625 
41.7718391418457 39.61008071899414 38.94451141357422 39.36595153808594 39.1798095703125 39.59952163696289 38.57904052734375 40.340030670166016 
42.75823974609375 40.41600036621094 40.274078369140625 39.920257568359375 39.11305618286133 39.63951873779297 39.723487854003906 39.445919036865234 
41.07417678833008 38.834495544433594 39.30361557006836 39.231327056884766 39.268062591552734 39.7243537902832 38.526878356933594 40.67251205444336 
40.46259307861328 39.05110549926758 40.113887786865234 38.60710525512695 40.50617599487305 40.923519134521484 39.92678451538086 39.69587326049805 
41.526241302490234 38.98271942138672 39.270912170410156 39.79878234863281 39.66934585571289 39.32108688354492 39.0827522277832 38.39449691772461 
42.551361083984375 40.004703521728516 39.30575942993164 38.95158386230469 39.46281433105469 39.134334564208984 39.888671875 40.681854248046875 
41.57660675048828 39.06038284301758 39.01116943359375 39.85590362548828 39.71772766113281 39.158302307128906 38.39548873901367 38.24156951904297 
42.09312057495117 39.70307159423828 39.45881652832031 39.69209671020508 38.52793502807617 40.67155075073242 40.904510498046875 40.985374450683594 
42.68902587890625 39.188926696777344 38.193023681640625 39.1286735534668 40.17737579345703 40.4007682800293 39.993953704833984 39.76758575439453 
42.31430435180664 39.09465789794922 40.67327880859375 40.83980941772461 39.58732986450195 39.06710433959961 39.19807815551758 40.47126388549805 
42.316734313964844 38.686241149902344 39.141502380371094 40.39664077758789 40.45894241333008 40.73295974731445 40.43183898925781 38.70195388793945 
41.519935607910156 39.83894348144531 40.34374237060547 40.833824157714844 40.111392974853516 38.85657501220703 40.03763198852539 40.01180648803711 
42.84745788574219 39.19744110107422 39.03558349609375 39.88118362426758 39.885345458984375 39.47324752807617 38.89923095703125 38.72150421142578 
41.70547103881836 39.18547058105469 39.515071868896484 40.614112854003906 40.728607177734375 41.34543991088867 39.77251052856445 40.594974517822266 
41.011329650878906 40.098175048828125 39.368160247802734 39.44508743286133 40.12937545776367 40.19062423706055 38.57404708862305 39.20025634765625 
42.14041519165039 40.42655944824219 39.42323303222656 40.28556823730469 39.40073776245117 38.84806442260742 39.91740798950195 40.23798370361328 
40.52860641479492 39.65167999267578 40.17631912231445 38.38092803955078 38.73904037475586 39.397216796875 39.196990966796875 39.54707336425781 
42.91011047363281 39.575294494628906 39.55177688598633 39.69993591308594 39.61558532714844 39.871681213378906 39.4666862487793 39.880577087402344 
39.94828796386719 39.71177673339844 39.13257598876953 38.7020149230957 38.35542297363281 40.45110321044922 40.570369720458984 40.30140686035156 
42.34870529174805 39.51808166503906 39.51852798461914 39.2694091796875 39.24403381347656 38.95337677001953 40.77382278442383 40.86342239379883 
56.65411376953125 57.22681427001953 56.25791931152344 55.033119201660156 54.72515106201172 55.72467041015625 56.151039123535156 57.537025451660156 
56.596160888671875 54.619136810302734 55.599456787109375 55.24095916748047 55.9205436706543 56.90816116333008 57.42367935180664 56.490047454833984 
56.141761779785156 56.16342544555664 55.48166275024414 56.0813102722168 56.427520751953125 57.16691207885742 55.10704040527344 56.584320068359375 
56.71004867553711 56.761470794677734 55.78656005859375 54.91494369506836 55.92460632324219 56.59008026123047 56.09235382080078 57.2501106262207 
56.95462417602539 55.202720642089844 54.74460983276367 56.20380783081055 57.08505630493164 57.04012680053711 56.15436935424805 56.12908935546875 
55.51494216918945 54.13683319091797 55.07222366333008 56.3869743347168 56.989376068115234 55.52096176147461 57.06028747558594 55.56304168701172 
59.67414474487305 56.811614990234375 54.59641647338867 55.450687408447266 55.22915267944336 55.82508850097656 57.13897705078125 56.807838439941406 
56.88467025756836 55.552799224853516 54.651710510253906 55.54524612426758 57.0964469909668 56.45075225830078 57.073951721191406 55.508033752441406 
56.72617721557617 56.91756820678711 56.85987091064453 56.35414505004883 55.80012893676758 55.82511901855469 56.30227279663086 57.23641586303711 
55.274593353271484 54.43113708496094 55.755584716796875 56.43369674682617 56.534942626953125 57.418880462646484 56.69340896606445 55.591617584228516 
28.669824600219727 28.42755126953125 28.303232192993164 28.03900718688965 28.064128875732422 28.849472045898438 28.51807975769043 28.31177520751953 
33.27027130126953 33.14713668823242 32.2619514465332 33.52265548706055 33.34019088745117 33.40348815917969 33.333248138427734 33.6864013671875 
33.18534469604492 28.405920028686523 28.036352157592773 27.809791564941406 28.275840759277344 29.027103424072266 28.762720108032227 28.2642879486084 
33.69615936279297 33.47724914550781 33.912574768066406 33.261695861816406 33.41231918334961 32.949886322021484 32.681793212890625 32.665374755859375 
32.36537551879883 28.692352294921875 28.512800216674805 28.02729606628418 28.033472061157227 28.374528884887695 27.926240921020508 27.834623336791992 
33.8034553527832 32.48102569580078 32.08755111694336 32.71014404296875 33.20848083496094 33.1130256652832 32.581886291503906 32.90563201904297 
30.528703689575195 28.725343704223633 28.894847869873047 28.513919830322266 28.559839248657227 27.959423065185547 28.005504608154297 28.257535934448242 
33.35932922363281 32.31465530395508 32.26134490966797 32.84681701660156 33.5530891418457 33.66038513183594 33.51273727416992 33.653568267822266 
29.63203239440918 28.308095932006836 28.534303665161133 28.24995231628418 28.081951141357422 28.067455291748047 28.07529640197754 28.66169548034668 
34.90220642089844 33.354366302490234 32.366912841796875 33.117279052734375 33.09052658081055 33.236576080322266 33.07596969604492 33.25334548950195 
29.278783798217773 28.01795196533203 28.653024673461914 28.64998435974121 28.39289665222168 28.4069766998291 28.126880645751953 28.398719787597656 
34.27222442626953 33.21615982055664 34.18975830078125 33.32255935668945 33.52076721191406 33.46207809448242 33.27964782714844 33.45289611816406 
31.3374080657959 28.252159118652344 28.720928192138672 28.30076789855957 28.567136764526367 28.163328170776367 28.403583526611328 28.759296417236328 
33.129119873046875 33.455265045166016 33.02057647705078 33.047935485839844 33.069984436035156 32.89158248901367 32.8902702331543 32.58588790893555 
28.972511291503906 28.534944534301758 28.793983459472656 28.298112869262695 28.45123291015625 28.173664093017578 28.308704376220703 28.05881690979004 
34.38569641113281 32.222591400146484 33.246849060058594 32.53718566894531 33.02201461791992 33.32912063598633 32.96684646606445 32.8289909362793 
30.363008499145508 28.363008499145508 29.375520706176758 28.12403106689453 27.960512161254883 28.18342399597168 28.268224716186523 28.21196746826172 
33.47081756591797 33.06614303588867 33.32940673828125 32.63238525390625 32.73654556274414 32.981056213378906 32.612064361572266 33.466270446777344 
31.332319259643555 28.168575286865234 28.47382354736328 28.2957763671875 28.40460777282715 27.881471633911133 28.07548713684082 28.600383758544922 
33.57865524291992 32.95644760131836 33.25417709350586 32.78255844116211 33.55481719970703 32.58214569091797 33.55104064941406 32.915103912353516 
36.36201477050781 36.11619186401367 35.877662658691406 36.08848190307617 34.76579284667969 36.121150970458984 35.71718215942383 36.23177719116211 
69.20486450195312 171.08041381835938 194.89328002929688 178.89112854003906 178.87948608398438 178.94773864746094 186.96978759765625 170.90377807617188 
36.93772888183594 35.95491027832031 35.745697021484375 35.95974349975586 34.803680419921875 35.72217559814453 35.620670318603516 36.28492736816406 
72.81712341308594 182.80947875976562 194.68841552734375 186.88735961914062 186.8861083984375 186.85769653320312 186.89756774902344 178.9567413330078 
38.61753463745117 36.3403205871582 36.084320068359375 35.5247688293457 36.254783630371094 35.77423858642578 35.81267166137695 35.52975845336914 
75.59552001953125 138.9075469970703 178.87709045410156 166.92291259765625 154.910400390625 162.98080444335938 187.11077880859375 186.8896942138672 
37.51456069946289 35.4351692199707 36.03843307495117 35.78771209716797 34.957759857177734 36.25369644165039 36.023582458496094 36.262367248535156 
68.42041778564453 178.84690856933594 186.71250915527344 178.88330078125 186.8750762939453 154.40284729003906 166.9241943359375 194.92556762695312 
36.7525749206543 35.802303314208984 35.98051071166992 34.82902526855469 35.31631851196289 36.26569747924805 35.47868728637695 35.41542434692383 
96.1383056640625 154.85011291503906 171.32850646972656 166.8597412109375 178.8568572998047 186.85699462890625 170.9812774658203 198.9317169189453 
37.23187255859375 35.71033477783203 36.34543991088867 35.73455810546875 35.8012809753418 35.540287017822266 35.767295837402344 35.415489196777344 
81.08796691894531 158.88134765625 186.6729278564453 178.90377807617188 202.8668212890625 162.91273498535156 179.1111297607422 154.9409637451172 
36.63235092163086 36.542144775390625 35.831424713134766 36.37516784667969 35.3158073425293 35.544254302978516 36.048255920410156 35.98847961425781 
79.9290542602539 186.8772430419922 178.8592987060547 186.8709716796875 186.90594482421875 163.4954833984375 194.8802947998047 206.8411865234375 
36.95510482788086 35.57097625732422 36.07785415649414 35.376766204833984 35.586463928222656 36.256256103515625 36.06467056274414 36.07177734375 
77.391357421875 163.44808959960938 146.94029235839844 186.9159698486328 162.9727325439453 198.9054412841797 194.90870666503906 202.93548583984375 
36.227935791015625 35.95427322387695 36.5643196105957 34.94348907470703 35.79817581176758 36.416927337646484 35.312862396240234 35.44435119628906 
93.72268676757812 179.4069061279297 170.76553344726562 186.9087677001953 170.87167358398438 178.80429077148438 182.8643798828125 206.94796752929688 
36.647552490234375 36.26755142211914 36.066654205322266 36.31999969482422 35.44950485229492 36.21558380126953 35.95219039916992 35.70342254638672 
78.68057250976562 194.80677795410156 170.76547241210938 194.8289031982422 171.3693389892578 202.32882690429688 194.90261840820312 186.96791076660156 
65.15145874023438 65.57990264892578 64.07945251464844 64.59209442138672 64.35052490234375 65.35155487060547 62.95612716674805 64.07353973388672 
64.70572662353516 63.465023040771484 64.9559326171875 64.47430419921875 66.2333755493164 62.926368713378906 64.04876708984375 65.45350646972656 
65.08464050292969 64.781982421875 62.78732681274414 63.90185546875 64.04589080810547 64.57657623291016 63.37798309326172 66.82848358154297 
63.91600036621094 63.00396728515625 63.5239372253418 65.9236831665039 64.18800354003906 66.37036895751953 62.590110778808594 64.14035034179688 
62.22390365600586 65.21405029296875 63.592288970947266 65.0098876953125 63.82646560668945 64.27267456054688 65.55388641357422 64.01522827148438 
64.09193420410156 63.545440673828125 65.10540771484375 64.08707427978516 64.06317138671875 64.23664093017578 65.55462646484375 65.15532684326172 
63.10108947753906 64.39411163330078 63.4884147644043 65.2675552368164 63.992897033691406 64.6495361328125 65.50028991699219 65.80748748779297 
64.57283020019531 63.96636962890625 63.7334098815918 64.21826934814453 63.04844665527344 64.23014068603516 63.5904655456543 65.33939361572266 
63.299713134765625 62.98524856567383 65.57679748535156 63.457889556884766 65.53526306152344 66.75337219238281 64.39933013916016 65.01385498046875 
63.294334411621094 64.53465270996094 65.92620849609375 65.07894134521484 65.15023803710938 62.87014389038086 64.98518371582031 65.61331176757812 
56.19571304321289 56.103328704833984 55.37456130981445 55.65011215209961 56.99875259399414 55.891361236572266 56.500640869140625 57.23574447631836 
55.52105712890625 55.279327392578125 55.664127349853516 56.3656005859375 56.08777618408203 57.21104049682617 55.69414520263672 55.39215850830078 
55.125022888183594 56.003456115722656 56.395103454589844 56.255008697509766 56.47993469238281 55.635902404785156 55.49679946899414 56.2608642578125 
56.1003532409668 56.041534423828125 57.38111877441406 56.91535949707031 56.147518157958984 54.9323844909668 56.17708969116211 56.3873291015625 
56.48819351196289 55.98777770996094 54.304927825927734 55.19705581665039 56.13372802734375 56.48972702026367 57.49580764770508 56.685630798339844 
56.77862548828125 55.49737548828125 56.35820770263672 56.30495834350586 55.50435256958008 56.10960006713867 56.23068618774414 57.48236846923828 
56.30332946777344 55.6195182800293 55.429473876953125 55.05401611328125 56.57740783691406 56.28396987915039 55.80793762207031 55.84531021118164 
57.474239349365234 55.32147216796875 55.80556869506836 57.56412887573242 55.9571533203125 55.772544860839844 56.55683135986328 56.59177780151367 
56.90755081176758 56.78227233886719 56.20582580566406 55.77811050415039 55.55926513671875 55.71036911010742 56.45987319946289 57.28771209716797 
56.546207427978516 55.240928649902344 55.59059143066406 56.224510192871094 57.36374282836914 56.38025665283203 56.453311920166016 55.70259094238281 
63.73052978515625 60.8054084777832 62.558494567871094 61.97148895263672 62.253089904785156 62.44819259643555 61.353023529052734 62.467552185058594 
63.64448165893555 62.212158203125 62.48384094238281 62.73011016845703 61.56681442260742 60.952735900878906 62.14668655395508 60.585662841796875 
60.7762565612793 61.679840087890625 60.604705810546875 62.45366287231445 63.350494384765625 59.851905822753906 62.220577239990234 63.37868881225586 
62.42720031738281 61.64799880981445 61.000606536865234 61.29091262817383 61.46883010864258 61.007137298583984 61.442142486572266 63.538272857666016 
61.15340805053711 62.60348892211914 60.057857513427734 62.7239990234375 62.512001037597656 62.294464111328125 62.69683074951172 61.82447814941406 
61.71001434326172 62.096927642822266 61.44905471801758 61.984703063964844 63.211647033691406 62.50787353515625 62.630496978759766 62.36675262451172 
62.357086181640625 61.652801513671875 60.8370246887207 61.3691520690918 61.475582122802734 61.438079833984375 61.908992767333984 63.854366302490234 
62.210750579833984 61.68044662475586 62.82915115356445 60.367679595947266 61.93824005126953 61.89503860473633 61.67216110229492 63.367774963378906 
61.07081604003906 61.065792083740234 62.034175872802734 62.10569763183594 62.53897476196289 61.167137145996094 62.074623107910156 60.85657501220703 
61.59292984008789 62.867584228515625 61.28630447387695 62.412960052490234 61.346622467041016 61.87535858154297 62.49833679199219 59.99379348754883 
33.22118377685547 31.22982406616211 30.84614372253418 30.83014488220215 30.700319290161133 30.868640899658203 30.803071975708008 31.005664825439453 
31.79532814025879 30.935136795043945 31.233247756958008 31.138111114501953 30.983936309814453 31.28940773010254 31.112415313720703 30.9803524017334 
34.37254333496094 31.297056198120117 31.048479080200195 31.66054344177246 31.768352508544922 31.180831909179688 31.09382438659668 30.98236846923828 
31.437183380126953 30.990304946899414 31.39334487915039 31.267488479614258 30.995935440063477 31.8832950592041 31.143295288085938 31.276256561279297 
32.37868881225586 30.733760833740234 31.16383934020996 31.075008392333984 31.35763168334961 31.380191802978516 31.02579116821289 31.331743240356445 
34.108768463134766 31.228544235229492 31.25993537902832 31.478591918945312 31.029375076293945 30.94451141357422 31.49964714050293 30.930112838745117 
31.86796760559082 31.224735260009766 31.441728591918945 31.050048828125 31.54364776611328 31.587488174438477 31.146207809448242 31.69321632385254 
34.457279205322266 31.012672424316406 31.212671279907227 31.285215377807617 30.673791885375977 31.07868766784668 31.164960861206055 30.680864334106445 
32.3191032409668 31.67910385131836 31.314592361450195 30.940799713134766 31.6265926361084 31.148096084594727 31.429824829101562 31.266239166259766 
35.882816314697266 30.72323226928711 30.750240325927734 31.197280883789062 30.781312942504883 31.304832458496094 30.730655670166016 31.496896743774414 
65.42342376708984 66.69538879394531 66.55757141113281 67.40924835205078 66.95040130615234 67.69843292236328 67.30563354492188 68.7093734741211 
67.7805404663086 67.30528259277344 66.96630096435547 67.28134155273438 67.35279846191406 64.89904022216797 67.56034851074219 70.87142181396484 
67.65379333496094 65.90249633789062 67.8144302368164 68.06441497802734 67.97491455078125 67.37452697753906 66.01168060302734 70.82950592041016 
66.79014587402344 68.11420440673828 66.32736206054688 67.28787231445312 67.57516479492188 67.49571228027344 67.2449951171875 67.2577896118164 
67.37641906738281 65.39456176757812 67.26847839355469 67.37551879882812 66.84278106689453 67.30604553222656 67.023681640625 70.12118530273438 
66.41737365722656 68.28546905517578 67.30928039550781 67.60662078857422 67.13683319091797 67.31187438964844 67.4504623413086 68.54332733154297 
67.49190521240234 64.60086059570312 67.01561737060547 67.07536315917969 67.28550720214844 67.23030090332031 66.97932434082031 70.1928939819336 
67.03517150878906 65.26831817626953 67.25161743164062 67.34025573730469 66.92610931396484 67.83814239501953 65.01398468017578 70.37606048583984 
65.51827239990234 66.12995147705078 66.13212585449219 66.48230743408203 67.81017303466797 67.09526062011719 67.04409790039062 69.02601623535156 
66.15599822998047 66.58284759521484 66.79491424560547 64.7771224975586 67.63555145263672 67.07318115234375 67.97062683105469 71.68399810791016 
53.6894416809082 50.41804885864258 50.383201599121094 51.28083038330078 49.57440185546875 49.37129592895508 50.38684844970703 50.08041763305664 
50.59711837768555 47.004127502441406 48.87993621826172 47.767486572265625 48.221343994140625 46.780033111572266 47.94140625 47.06752014160156 
51.60326385498047 50.89753723144531 50.0753288269043 49.867774963378906 50.61324691772461 50.962398529052734 49.50908660888672 50.11356735229492 
48.9532470703125 46.71343994140625 46.430816650390625 48.390113830566406 46.80495834350586 45.80867385864258 46.81654357910156 47.6333122253418 
51.45171356201172 51.44163131713867 49.650047302246094 50.25423812866211 49.79667282104492 50.39859390258789 49.94700622558594 51.37238311767578 
47.301822662353516 47.114593505859375 47.16969680786133 46.90227127075195 47.680702209472656 46.61289596557617 47.85942459106445 46.586910247802734 
53.92892837524414 50.021183013916016 49.98115158081055 50.03807830810547 50.42310333251953 49.58287811279297 51.60268783569336 50.22166442871094 
51.036800384521484 46.51084899902344 46.68822479248047 47.60192108154297 46.45750427246094 48.20451354980469 46.032161712646484 46.6005744934082 
51.05231857299805 48.797054290771484 48.11609649658203 51.81644821166992 49.98806381225586 48.89756774902344 50.32585525512695 50.003135681152344 
48.888031005859375 46.57712173461914 47.36131286621094 46.42675018310547 47.35996627807617 47.80201721191406 46.95814514160156 48.6874885559082 
52.27004623413086 50.388641357421875 49.944766998291016 49.19068908691406 50.60255813598633 49.50320053100586 49.91657638549805 51.31206512451172 
47.53740692138672 47.425662994384766 46.668094635009766 47.45052719116211 47.91084671020508 46.94732666015625 47.357215881347656 47.408447265625 
53.212158203125 49.891841888427734 49.81081771850586 49.995361328125 51.31980895996094 48.93539047241211 51.19571304321289 50.03580856323242 
48.79199981689453 46.73350524902344 46.788352966308594 46.3078727722168 45.717472076416016 46.89788818359375 47.768096923828125 47.041664123535156 
51.55859375 50.059391021728516 49.78550338745117 49.706016540527344 49.318206787109375 51.3741455078125 49.78883361816406 50.504737854003906 
48.453857421875 46.43952178955078 47.5384635925293 46.32758331298828 47.84150314331055 46.90060806274414 47.1956787109375 46.7421760559082 
52.10617446899414 49.774559020996094 51.13238525390625 50.41187286376953 50.19865417480469 51.66147232055664 50.586238861083984 49.310848236083984 
47.375038146972656 46.811614990234375 44.96326446533203 47.125633239746094 47.62025451660156 46.80255889892578 47.69609451293945 47.041534423828125 
52.661441802978516 49.76278305053711 50.767616271972656 50.598175048828125 49.49135971069336 50.11811065673828 51.18899154663086 50.24800109863281 
49.26182556152344 46.9192008972168 47.632545471191406 47.36064147949219 46.82963180541992 47.00467300415039 47.77366256713867 46.017120361328125 
44.02841567993164 39.463966369628906 40.220481872558594 40.20329666137695 40.368064880371094 40.49148941040039 40.17465591430664 40.55449676513672 
55.16569519042969 48.62198257446289 49.38991928100586 48.09280014038086 50.08492660522461 49.477054595947266 49.63177490234375 50.47622299194336 
43.25392150878906 39.176673889160156 39.1387825012207 40.26822280883789 40.1511344909668 40.011199951171875 39.591678619384766 40.193023681640625 
51.886558532714844 49.76323318481445 48.988128662109375 48.912864685058594 49.236385345458984 49.23350524902344 49.810367584228516 49.161888122558594 
42.628318786621094 39.72739028930664 39.43577575683594 39.53401565551758 39.815486907958984 39.22035217285156 39.85337448120117 39.66825485229492 
52.251583099365234 48.73494338989258 49.409793853759766 49.99113464355469 48.25324630737305 48.90099334716797 48.814144134521484 50.5918083190918 
42.01715087890625 40.015968322753906 40.096351623535156 39.758209228515625 39.678497314453125 40.1110725402832 40.30271911621094 40.239070892333984 
51.76383972167969 49.14134216308594 50.39401626586914 49.77030563354492 48.20716857910156 47.92844772338867 49.378623962402344 50.89289474487305 
41.90902328491211 40.214561462402344 40.24911880493164 39.78953552246094 39.64806365966797 40.33155059814453 40.454559326171875 40.53606414794922 
53.566497802734375 49.44569778442383 50.44793701171875 50.20943832397461 49.22230529785156 50.589054107666016 48.64553451538086 49.42787170410156 
43.36377716064453 40.610721588134766 40.5684814453125 39.17424011230469 41.0447998046875 40.936767578125 40.69955062866211 40.704063415527344 
51.086368560791016 47.96566390991211 47.97305679321289 47.63536071777344 49.136287689208984 49.54252624511719 49.72694396972656 49.4323844909668 
42.58208084106445 41.091041564941406 41.05564880371094 40.85776138305664 39.866943359375 40.40800094604492 39.408321380615234 40.68201446533203 
51.913089752197266 49.048702239990234 49.44291305541992 49.08198547363281 49.30963134765625 49.53353500366211 49.83817672729492 50.088382720947266 
42.703487396240234 39.34422302246094 40.00572967529297 39.94451141357422 39.80992126464844 39.668033599853516 39.41334533691406 40.374046325683594 
51.577537536621094 49.15542221069336 48.98214340209961 48.670719146728516 50.46112060546875 49.266014099121094 48.93376159667969 51.1060791015625 
43.45391845703125 40.59366226196289 39.518272399902344 41.25654220581055 41.15187072753906 40.73174285888672 40.61654281616211 39.74934387207031 
49.88991928100586 48.85398483276367 49.46575927734375 49.781822204589844 48.32329559326172 48.955135345458984 48.067359924316406 49.14384078979492 
41.28841781616211 39.47043228149414 39.57353591918945 39.67158508300781 39.356990814208984 39.69424057006836 40.62489700317383 40.448448181152344 
52.07231903076172 48.580833435058594 49.19561767578125 49.9686393737793 49.23289489746094 48.740543365478516 48.828094482421875 49.99456024169922 
49.380001068115234 46.51446533203125 45.51599884033203 46.838783264160156 46.63603210449219 46.451454162597656 47.00425720214844 47.543296813964844 
55.134559631347656 53.36111831665039 55.94518280029297 54.92166519165039 55.07020950317383 55.428001403808594 55.17897415161133 55.710174560546875 
48.97849655151367 46.945152282714844 48.05696105957031 47.25107192993164 47.903358459472656 46.038272857666016 47.60201644897461 46.08553695678711 
60.548606872558594 56.0596809387207 57.38848114013672 55.26921463012695 53.55891036987305 56.0252799987793 55.33366394042969 56.63644790649414 
47.76620864868164 45.27996826171875 48.69027328491211 45.92720031738281 45.347774505615234 45.34358215332031 47.29759979248047 47.98233413696289 
56.86640167236328 55.02217483520508 54.806270599365234 54.458656311035156 52.66195297241211 54.38198471069336 55.63859176635742 54.971744537353516 
48.338558197021484 46.60700988769531 47.57894515991211 47.536895751953125 46.69036865234375 45.671775817871094 47.21721649169922 46.98191833496094 
57.36316680908203 55.52489471435547 56.611328125 55.64883041381836 55.02595138549805 56.387168884277344 56.84809494018555 56.07302474975586 
50.47510528564453 46.06246566772461 46.98419189453125 45.54288101196289 46.69859313964844 45.67055892944336 47.12227249145508 46.459102630615234 
56.72694396972656 55.964447021484375 53.202239990234375 55.26387023925781 52.986270904541016 55.60246276855469 55.898433685302734 54.829952239990234 
49.100833892822266 47.191776275634766 47.12223815917969 48.22041702270508 46.204830169677734 46.32976150512695 46.65177536010742 47.40390396118164 
56.59436798095703 54.10063934326172 54.231136322021484 54.101951599121094 54.098079681396484 54.686302185058594 56.54508972167969 52.66934585571289 
49.45478439331055 46.774208068847656 48.082496643066406 45.33961486816406 46.13999938964844 46.84044647216797 46.68703842163086 45.656063079833984 
56.837825775146484 54.78086471557617 53.4351692199707 53.28636932373047 54.76889419555664 54.69891357421875 54.72780990600586 55.279296875 
48.472862243652344 46.68511962890625 47.510398864746094 46.3540153503418 47.51126480102539 47.13014221191406 47.296607971191406 47.44902420043945 
57.007774353027344 56.411136627197266 55.883583068847656 55.854976654052734 56.25059127807617 55.14499282836914 57.2083854675293 55.84233474731445 
48.787872314453125 46.83494567871094 47.35673522949219 46.778846740722656 46.71705627441406 47.05731201171875 47.38675308227539 46.490753173828125 
57.861183166503906 57.23161697387695 56.45872116088867 52.7564811706543 53.785057067871094 54.75680160522461 56.823486328125 55.85606384277344 
47.21843338012695 46.52851104736328 46.87712097167969 47.061344146728516 46.47856140136719 47.756961822509766 46.956993103027344 46.44441604614258 
57.86211013793945 55.895233154296875 56.44374465942383 56.019649505615234 54.97148895263672 56.92108917236328 56.207359313964844 55.58332824707031 
50.97296142578125 51.03948974609375 50.495262145996094 49.53251266479492 50.94236755371094 51.06553649902344 51.1638069152832 49.69251251220703 
50.296382904052734 50.09475326538086 51.04729461669922 50.88991928100586 50.08534240722656 50.119712829589844 50.74147033691406 51.44435119628906 
50.16204833984375 49.640960693359375 50.43801498413086 50.00611114501953 49.91603088378906 51.50476837158203 51.51839828491211 50.677310943603516 
50.34854507446289 51.25836944580078 51.78255844116211 51.309600830078125 50.63337707519531 49.36463928222656 49.761024475097656 51.12460708618164 
51.73481750488281 49.415103912353516 50.62428665161133 50.96918487548828 50.92505645751953 50.60441589355469 49.26374435424805 50.8548469543457 
51.43561553955078 51.161312103271484 49.36368179321289 49.990718841552734 51.522464752197266 51.11891174316406 50.97635269165039 49.952510833740234 
50.57814407348633 51.15315246582031 50.61836624145508 50.00249481201172 50.28732681274414 51.56208038330078 51.193023681640625 51.16828918457031 
50.36703872680664 50.686302185058594 50.92339324951172 50.99625778198242 50.846561431884766 49.52889633178711 50.280609130859375 49.57686233520508 
50.847198486328125 49.42598342895508 51.14883041381836 51.09116744995117 51.13782501220703 51.157470703125 49.428897857666016 50.75667190551758 
51.316768646240234 49.91667175292969 50.157344818115234 50.79292678833008 49.847198486328125 50.74739074707031 49.18137741088867 50.91302490234375 
46.71718215942383 45.28364944458008 43.588958740234375 43.31235122680664 44.06499099731445 43.8480339050293 43.566017150878906 43.164031982421875 
38.50342559814453 36.61840057373047 35.830238342285156 36.88284683227539 37.35801696777344 36.898048400878906 36.724735260009766 36.8164176940918 
46.903934478759766 43.00096130371094 44.990081787109375 44.631649017333984 43.67542266845703 44.008033752441406 44.89833450317383 44.85728073120117 
40.39353561401367 35.95951843261719 37.663360595703125 37.063297271728516 37.371009826660156 36.32806396484375 37.53241729736328 37.389408111572266 
44.84883117675781 42.34668731689453 43.61347198486328 43.70169448852539 44.36735916137695 45.21977615356445 43.42924880981445 43.86912155151367 
39.20502471923828 37.072608947753906 36.994720458984375 36.69424057006836 37.283329010009766 36.5761604309082 37.347808837890625 36.759071350097656 
46.27568054199219 43.4222412109375 43.88230514526367 43.86521530151367 44.9161262512207 43.44819259643555 43.59772872924805 43.504032135009766 
38.92918395996094 36.46345520019531 36.32672119140625 37.151039123535156 36.92732620239258 36.67155075073242 37.13043212890625 37.19375991821289 
47.55228805541992 44.52272033691406 43.5810546875 43.86975860595703 42.8600959777832 43.80246353149414 45.18547058105469 44.30179214477539 
42.03254318237305 36.436832427978516 36.53977584838867 36.56886291503906 36.36368179321289 36.6297607421875 37.387935638427734 36.585662841796875 
45.17683029174805 44.59436798095703 44.02659225463867 43.84956741333008 44.12275314331055 44.29926300048828 44.97507095336914 43.698368072509766 
38.4716796875 36.57068634033203 37.08319854736328 36.88083267211914 36.62422561645508 36.08969497680664 36.806209564208984 36.91574478149414 
44.82716751098633 44.77772903442383 43.669952392578125 43.60774230957031 44.16035079956055 45.294559478759766 44.276702880859375 42.85763168334961 
37.67251205444336 36.14275360107422 37.39427185058594 36.70172882080078 37.276737213134766 36.76700973510742 37.61395263671875 37.59203338623047 
43.90748977661133 43.36832046508789 44.35558319091797 43.590206146240234 44.777950286865234 43.64787292480469 43.64006423950195 43.705345153808594 
39.19456100463867 37.10230255126953 37.031646728515625 36.306495666503906 37.630943298339844 37.398048400878906 37.40163040161133 36.823585510253906 
47.461727142333984 44.28691101074219 44.038143157958984 43.974910736083984 44.343711853027344 44.31439971923828 42.63737487792969 43.90265655517578 
39.46063995361328 37.04355239868164 36.6899528503418 37.35078430175781 37.36956787109375 37.62416076660156 36.68220901489258 36.25516891479492 
45.84431838989258 43.426239013671875 42.7083854675293 43.8988151550293 43.87161636352539 44.73388671875 43.96080017089844 44.090206146240234 
38.39859390258789 36.022945404052734 37.241310119628906 36.94569778442383 37.21027374267578 36.75475311279297 36.01923370361328 37.53596878051758 
55.731201171875 56.321311950683594 57.50841522216797 56.43356704711914 55.68751907348633 55.729278564453125 55.729408264160156 57.30364990234375 
57.07737731933594 54.98198318481445 56.278175354003906 55.676673889160156 55.77692794799805 56.84726333618164 55.3988151550293 56.051937103271484 
55.78441619873047 56.044193267822266 55.86908721923828 55.799678802490234 57.42233657836914 56.53548812866211 54.97587203979492 55.71120071411133 
58.88451385498047 57.151039123535156 54.3680305480957 55.21878433227539 55.32950210571289 55.42598342895508 57.03059387207031 55.42060852050781 
56.70918273925781 56.32697677612305 55.15311813354492 55.19404983520508 56.15599822998047 57.52230453491211 56.95955276489258 55.78995132446289 
56.82950210571289 55.130271911621094 55.26486587524414 56.06175994873047 56.576255798339844 55.76649475097656 56.960289001464844 55.63395309448242 
55.76201629638672 55.69491195678711 56.78131103515625 56.165950775146484 56.451072692871094 55.71587371826172 55.800193786621094 56.5274543762207 
55.67465591430664 55.468414306640625 56.30966567993164 55.51728057861328 56.03878402709961 56.445823669433594 56.01715087890625 56.84796905517578 
55.76777648925781 55.331871032714844 55.81024169921875 55.589599609375 56.255104064941406 55.36195373535156 55.952030181884766 56.60758590698242 
56.91292953491211 55.856990814208984 55.249759674072266 54.78956985473633 55.834720611572266 56.90176010131836 56.534080505371094 56.001407623291016 
78.01277160644531 73.6924819946289 76.74172973632812 74.95305633544922 77.27967834472656 74.80681610107422 75.84659576416016 75.18211364746094 
74.48889923095703 75.79193878173828 75.059326171875 75.73184204101562 75.05174255371094 74.31775665283203 76.552001953125 75.75526428222656 
72.76310729980469 75.2541732788086 74.11001586914062 76.31209564208984 73.80403137207031 75.23417663574219 77.6995849609375 73.45433807373047 
76.32665252685547 74.40038299560547 71.94617462158203 75.2923812866211 76.04342651367188 76.6437759399414 75.59839630126953 74.86544036865234 
77.2300796508789 74.97602844238281 76.8832015991211 74.82963562011719 75.4454116821289 76.15827178955078 75.04204559326172 75.14524841308594 
73.69465637207031 75.6770248413086 73.52230072021484 77.03756713867188 75.56918334960938 76.25305938720703 75.6145248413086 74.56121826171875 
75.19417572021484 75.00147247314453 76.81619262695312 73.768798828125 75.79987335205078 73.61433410644531 79.46233367919922 74.27311706542969 
75.63590240478516 74.95855712890625 74.1095962524414 75.43353271484375 77.40144348144531 76.36758422851562 76.18883514404297 72.7676773071289 
75.99712371826172 76.0877456665039 76.32096099853516 76.09859466552734 74.6923828125 72.94473266601562 75.3249282836914 77.02483367919922 
74.3078384399414 75.91948699951172 74.43762969970703 77.5218276977539 76.21881866455078 74.85826873779297 76.81017303466797 75.42352294921875 
44.968448638916016 43.856510162353516 44.00543975830078 44.525089263916016 43.58860778808594 44.41791915893555 44.94278335571289 43.71516799926758 
44.304447174072266 43.66012954711914 44.002079010009766 44.87200164794922 43.50956726074219 44.2545280456543 44.43753433227539 43.707454681396484 
44.87148666381836 44.61590576171875 42.99359893798828 44.61113739013672 44.937278747558594 43.45926284790039 45.08643341064453 44.75798416137695 
43.491390228271484 43.748897552490234 44.11958312988281 44.36336135864258 44.060543060302734 44.61190414428711 44.12918472290039 44.2215690612793 
44.04051208496094 43.38467025756836 44.40291213989258 44.21247863769531 43.613983154296875 44.5307502746582 44.521728515625 44.02819061279297 
44.99971389770508 43.80873489379883 43.899742126464844 45.143455505371094 43.590110778808594 43.70985412597656 44.91273498535156 43.65465545654297 
44.49478530883789 45.3633918762207 43.488929748535156 44.52076721191406 45.13052749633789 43.457088470458984 44.97132873535156 44.81987380981445 
43.712257385253906 42.880126953125 44.965152740478516 44.466304779052734 43.79420852661133 45.41769790649414 43.68979263305664 44.379520416259766 
43.73244857788086 43.66624069213867 45.066654205322266 44.199424743652344 44.16515350341797 45.712608337402344 43.388832092285156 43.7125129699707 
43.914878845214844 43.500736236572266 44.58099365234375 44.300960540771484 43.53696060180664 45.31980895996094 43.89769744873047 44.01238250732422 
50.563358306884766 47.97644805908203 47.8768310546875 47.13516616821289 48.461151123046875 47.12102508544922 46.84012985229492 48.23526382446289 
48.8218879699707 47.12688064575195 48.56553649902344 47.887359619140625 48.588321685791016 47.396095275878906 48.509056091308594 48.992095947265625 
50.17417526245117 47.801536560058594 47.22060775756836 48.6668815612793 47.068607330322266 48.786495208740234 48.11062240600586 48.511329650878906 
48.287841796875 48.66300964355469 48.379615783691406 47.717472076416016 48.44230270385742 46.88457489013672 47.7454719543457 45.94384002685547 
48.97545623779297 47.87654495239258 48.562625885009766 46.78553771972656 48.793663024902344 47.02707290649414 48.490718841552734 48.812225341796875 
50.01683044433594 48.70336151123047 47.59526443481445 47.671424865722656 47.07952117919922 47.433441162109375 46.766624450683594 51.378849029541016 
50.05104064941406 49.50239944458008 46.97804641723633 48.53593444824219 47.50592041015625 48.21916961669922 47.91062545776367 47.463966369628906 
49.82896041870117 48.34806442260742 47.00815963745117 47.43500900268555 47.03449630737305 47.41932678222656 47.24483108520508 51.030784606933594 
50.05718231201172 47.448734283447266 48.751102447509766 47.27312088012695 47.26816177368164 47.23068618774414 48.35686492919922 48.19091033935547 
49.557857513427734 48.165470123291016 47.98624038696289 48.42015838623047 47.036991119384766 47.86991882324219 47.40748977661133 48.41011047363281 
31.35331153869629 30.533855438232422 31.361312866210938 30.75334358215332 31.401887893676758 31.280864715576172 31.072927474975586 31.444608688354492 
32.68592071533203 30.536319732666016 30.352096557617188 30.85785675048828 30.89936065673828 30.5600643157959 30.84694480895996 30.564640045166016 
31.758848190307617 31.18992042541504 31.392000198364258 30.906368255615234 30.8918399810791 31.239360809326172 31.4085750579834 30.99216079711914 
34.241729736328125 30.744831085205078 30.975616455078125 32.33478546142578 31.089311599731445 30.27225685119629 30.94540786743164 30.332000732421875 
33.31843185424805 31.263904571533203 30.89139175415039 31.23539161682129 31.312288284301758 31.08038330078125 30.931392669677734 31.707487106323242 
32.43174362182617 30.930559158325195 30.65056037902832 30.910688400268555 30.946016311645508 30.936735153198242 30.8056640625 31.31827163696289 
31.638784408569336 30.907743453979492 30.8668155670166 30.620832443237305 31.232128143310547 30.77008056640625 30.715871810913086 30.947935104370117 
32.872737884521484 31.188800811767578 31.334848403930664 30.918048858642578 30.97782325744629 30.981760025024414 31.09516716003418 30.94483184814453 
30.85171127319336 30.875072479248047 31.203136444091797 30.711135864257812 31.591136932373047 31.44156837463379 31.397375106811523 31.47235107421875 
33.9964485168457 31.10531234741211 30.837215423583984 31.31769561767578 31.251007080078125 31.071775436401367 31.41811180114746 30.98534393310547 
31.729312896728516 31.17011260986328 31.152639389038086 30.95795249938965 31.271455764770508 30.983808517456055 31.633663177490234 31.430015563964844 
31.98953628540039 30.76416015625 31.261024475097656 30.972383499145508 31.113183975219727 30.995744705200195 30.56025505065918 30.995872497558594 
33.08348846435547 31.748159408569336 31.26416015625 31.016544342041016 30.692415237426758 31.061376571655273 31.16819190979004 31.04204750061035 
32.89593505859375 30.833471298217773 30.619295120239258 30.34832000732422 31.12566375732422 31.007680892944336 31.186975479125977 31.172639846801758 
32.370399475097656 31.219104766845703 30.965599060058594 30.7871036529541 31.21766471862793 31.310239791870117 31.071775436401367 30.845888137817383 
33.96937561035156 31.08188819885254 30.708383560180664 30.750207901000977 30.781280517578125 30.351999282836914 31.282367706298828 31.285919189453125 
33.044734954833984 31.22991943359375 31.662879943847656 31.055967330932617 31.391551971435547 31.28041648864746 31.15648078918457 31.25107192993164 
32.8732795715332 31.4946231842041 30.955135345458984 31.045759201049805 30.540416717529297 30.99875259399414 31.09459114074707 30.945472717285156 
31.997055053710938 31.024127960205078 31.30735969543457 31.007680892944336 30.82262420654297 31.291072845458984 31.698144912719727 30.840736389160156 
33.68755340576172 31.15567970275879 30.338367462158203 30.809663772583008 30.928064346313477 30.76531219482422 30.601055145263672 31.272415161132812 
39.10076904296875 37.25116729736328 37.3526725769043 37.56691360473633 36.72518539428711 37.93743896484375 37.67657470703125 37.62140655517578 
40.33407974243164 37.763614654541016 36.93756866455078 37.58678436279297 37.373985290527344 37.440799713134766 37.33203125 37.504127502441406 
39.14188766479492 37.16934585571289 37.20764923095703 36.322593688964844 37.630592346191406 37.85990524291992 37.12883377075195 36.299903869628906 
40.38217544555664 36.816673278808594 37.99827194213867 37.672542572021484 37.376766204833984 37.02880096435547 37.74323272705078 37.82275390625 
40.17942428588867 37.499935150146484 37.08041763305664 37.205665588378906 38.12934494018555 37.27756881713867 37.32124710083008 36.844608306884766 
40.361087799072266 37.92086410522461 37.497440338134766 37.223838806152344 36.82076644897461 37.055809020996094 36.59404754638672 37.3853759765625 
38.35014343261719 37.667808532714844 37.43996810913086 37.94675064086914 37.17443084716797 37.564640045166016 37.813663482666016 37.007904052734375 
39.176448822021484 36.544063568115234 37.379329681396484 37.63727951049805 37.080543518066406 36.63747024536133 37.77427291870117 37.5689582824707 
39.52492904663086 37.94425582885742 37.78963088989258 37.61715316772461 37.050750732421875 37.78054428100586 37.85366439819336 37.13203048706055 
41.10310363769531 37.127967834472656 37.16678237915039 36.757598876953125 37.930145263671875 38.02889633178711 37.57654571533203 37.2283821105957 
39.16553497314453 37.642303466796875 37.658111572265625 37.53638458251953 37.56752014160156 36.76249694824219 37.70947265625 37.412479400634766 
40.2154541015625 37.40070343017578 36.83980941772461 36.591583251953125 37.70188903808594 37.711456298828125 37.228126525878906 37.5992317199707 
39.43193435668945 36.64448165893555 36.38304138183594 37.43075180053711 37.764225006103516 36.989662170410156 37.846431732177734 38.01225662231445 
39.57872009277344 36.88371276855469 36.077537536621094 36.751136779785156 37.69023895263672 36.96384048461914 36.71238327026367 38.130943298339844 
41.49900817871094 36.98681640625 37.78281784057617 37.17670440673828 37.22188949584961 37.39516830444336 36.772640228271484 38.13715362548828 
39.513248443603516 36.44851303100586 37.803489685058594 37.572574615478516 37.53023910522461 37.68278503417969 36.733055114746094 37.83494567871094 
39.59151840209961 36.9381103515625 37.9582405090332 37.81974411010742 37.67955017089844 37.4398078918457 36.73097610473633 36.88275146484375 
40.71184158325195 36.82726287841797 37.7828483581543 36.6308479309082 37.745121002197266 37.53228759765625 37.44521713256836 37.41516876220703 
41.22825622558594 36.918880462646484 36.988704681396484 36.82368087768555 36.776065826416016 36.78819274902344 37.27423858642578 37.07468795776367 
40.075294494628906 37.09408187866211 37.33001708984375 36.8370246887207 37.2542724609375 37.40883255004883 36.87055969238281 38.11695861816406 
67.74787139892578 67.6654052734375 64.79779052734375 67.04956817626953 65.66012573242188 66.62761688232422 68.1467514038086 67.69261169433594 
66.78128051757812 67.18672180175781 68.1263656616211 68.44451141357422 67.50595092773438 67.74111938476562 68.46460723876953 68.25804901123047 
66.86038208007812 66.62889862060547 66.03145599365234 66.73948669433594 67.3603515625 67.62799835205078 67.79948425292969 68.79821014404297 
68.50892639160156 67.92591857910156 68.2020492553711 68.03772735595703 68.59235382080078 67.24320220947266 68.41577911376953 71.86962890625 
68.5232925415039 68.96934509277344 68.72777557373047 68.763427734375 69.02320098876953 68.85072326660156 68.98518371582031 68.31664276123047 
68.2804183959961 67.17263793945312 67.82870483398438 66.98992156982422 67.84291076660156 67.70249938964844 68.20556640625 68.27117156982422 
68.08131408691406 66.61881256103516 67.77164459228516 68.32089233398438 68.04246520996094 68.08000183105469 68.20829010009766 70.65907287597656 
67.00521850585938 67.9507827758789 67.2245101928711 67.64425659179688 67.15840148925781 66.8803482055664 67.00550079345703 67.46614074707031 
67.97328186035156 66.54736328125 68.46733093261719 66.01737976074219 67.24630737304688 66.77235412597656 67.03539276123047 68.69500732421875 
68.7168960571289 69.47993469238281 67.88591766357422 69.2525405883789 67.43824005126953 68.90169525146484 69.44377899169922 69.3202896118164 
42.538719177246094 40.54390335083008 40.34454345703125 39.91798400878906 41.27436828613281 40.33171081542969 40.619327545166016 40.227169036865234 
53.20064163208008 50.299617767333984 49.14796829223633 52.6412467956543 51.52009582519531 51.07075119018555 50.69232177734375 53.374046325683594 
43.0365104675293 39.64390563964844 40.08982467651367 41.42399978637695 41.14121627807617 41.13139343261719 40.33168029785156 39.67123031616211 
53.342079162597656 49.72684860229492 49.061790466308594 52.316001892089844 50.80051040649414 50.51225662231445 51.388736724853516 52.73392105102539 
41.010494232177734 40.93804931640625 41.73049545288086 40.18703842163086 40.629249572753906 39.517696380615234 41.57299041748047 40.56937789916992 
53.182430267333984 50.96908950805664 51.385921478271484 51.897823333740234 51.175392150878906 51.10432052612305 51.07929611206055 52.46140670776367 
43.051456451416016 39.89401626586914 39.71392059326172 39.625633239746094 39.80531311035156 39.795936584472656 39.6943359375 40.33488082885742 
54.680030822753906 52.04256057739258 52.27830505371094 52.19859313964844 51.02707290649414 50.37468719482422 52.59107208251953 52.67497634887695 
45.797630310058594 39.84511947631836 39.972190856933594 40.07600021362305 40.02336120605469 40.005985260009766 39.796607971191406 39.915775299072266 
53.37382507324219 50.826080322265625 50.243263244628906 50.8507194519043 50.855201721191406 50.27276611328125 51.97964859008789 52.4477424621582 
42.48342514038086 41.29123306274414 40.21583938598633 39.89535903930664 40.17552185058594 40.9312629699707 39.49158477783203 41.28656005859375 
54.71478271484375 51.66313552856445 51.11721420288086 51.021793365478516 51.97257614135742 52.156768798828125 50.452064514160156 51.28566360473633 
41.9370231628418 40.82294464111328 40.76444625854492 41.48384094238281 41.62860870361328 40.27452850341797 39.72188949584961 40.18345642089844 
52.495521545410156 51.11507034301758 52.80732727050781 50.192543029785156 49.99580764770508 52.17046356201172 52.23382568359375 52.43667221069336 
43.96441650390625 40.028831481933594 40.21865463256836 40.24758529663086 40.0882568359375 40.47798538208008 40.23820877075195 40.5880012512207 
52.96335983276367 52.54524612426758 50.2174072265625 50.140480041503906 51.62278366088867 52.42086410522461 51.369537353515625 51.083072662353516 
42.292640686035156 41.051231384277344 41.23948669433594 40.66783905029297 39.560638427734375 40.982879638671875 41.04393768310547 40.77552032470703 
53.77142333984375 52.71865463256836 52.845760345458984 51.814334869384766 49.94771194458008 52.07468795776367 52.3873291015625 52.14131164550781 
43.088863372802734 40.0338249206543 39.982398986816406 40.117984771728516 40.314144134521484 39.73798370361328 40.283233642578125 40.455230712890625 
53.472320556640625 51.6115837097168 50.93097686767578 49.100223541259766 52.72633743286133 51.320159912109375 50.4310417175293 51.198848724365234 
55.6286735534668 55.61558532714844 55.831424713134766 55.071807861328125 55.412384033203125 54.70412826538086 54.822879791259766 55.305152893066406 
55.23664093017578 55.59737777709961 54.55228805541992 54.6317138671875 55.30195236206055 56.35353469848633 55.05628967285156 56.27423858642578 
57.16912078857422 56.48185729980469 55.4021110534668 54.115135192871094 54.615966796875 55.443870544433594 56.05763244628906 54.9505615234375 
55.56630325317383 55.697696685791016 54.92371368408203 54.418304443359375 54.10649490356445 55.21033477783203 55.76492691040039 56.81244659423828 
55.86377716064453 55.48160171508789 55.013023376464844 54.4516487121582 53.9192008972168 55.529727935791016 54.91734313964844 56.14051055908203 
55.17059326171875 54.12473678588867 54.99504089355469 56.283905029296875 55.636383056640625 56.26607894897461 55.392799377441406 54.54191970825195 
56.17497634887695 55.76927947998047 56.21926498413086 53.570560455322266 54.733055114746094 54.944576263427734 55.847808837890625 55.88835144042969 
55.617759704589844 54.411136627197266 55.481632232666016 55.9648323059082 56.14915084838867 55.60086441040039 55.122337341308594 54.63478469848633 
54.972320556640625 55.06940841674805 53.166175842285156 54.76358413696289 55.1143684387207 55.969825744628906 56.16966247558594 54.85887908935547 
56.6396484375 56.14780807495117 55.930145263671875 55.32080078125 54.19375991821289 54.35580825805664 54.99388885498047 55.79216003417969 
38.30953598022461 37.48601531982422 37.24419021606445 37.46806335449219 37.9881591796875 37.97875213623047 37.30905532836914 37.600990295410156 
37.67862319946289 37.62220764160156 37.721214294433594 37.197696685791016 36.98883056640625 37.38310241699219 37.091552734375 38.366336822509766 
41.41561508178711 37.995296478271484 37.33884811401367 37.19609451293945 37.41062545776367 37.07155227661133 38.258209228515625 37.96665573120117 
38.53068923950195 37.64044952392578 37.97951889038086 37.15382385253906 36.62153625488281 38.044960021972656 37.75331115722656 37.576446533203125 
38.2564811706543 36.924896240234375 37.35801696777344 37.635009765625 37.07206344604492 37.22198486328125 37.821632385253906 37.66249465942383 
37.942718505859375 37.46793746948242 37.131839752197266 37.96556854248047 38.1459846496582 37.649375915527344 37.898494720458984 37.46879959106445 
39.66508865356445 37.3741455078125 37.6426887512207 36.91913604736328 37.06230545043945 38.03571319580078 37.60131072998047 37.623233795166016 
40.7355842590332 37.72060775756836 38.1393928527832 37.292545318603516 37.95328140258789 37.14672088623047 37.775264739990234 37.67289733886719 
38.54079818725586 38.111839294433594 37.744895935058594 37.65359878540039 37.44627380371094 36.67168045043945 38.06844711303711 37.36259078979492 
39.67478561401367 36.93324661254883 36.902591705322266 37.18873596191406 37.37472152709961 37.775936126708984 38.12470245361328 38.06915283203125 
44.30275344848633 41.370750427246094 42.32835388183594 42.587135314941406 43.38383865356445 42.14339065551758 42.14460754394531 42.06281661987305 
45.01023864746094 42.88771057128906 41.62531280517578 41.993247985839844 41.708961486816406 42.14499282836914 42.3520622253418 43.210113525390625 
44.77088165283203 41.32374572753906 41.72332763671875 42.151329040527344 42.57187271118164 42.20848083496094 43.06291198730469 42.434913635253906 
43.67059326171875 41.953311920166016 42.3526725769043 43.180320739746094 42.94953536987305 43.01484680175781 41.86310577392578 41.642879486083984 
43.63897705078125 42.525630950927734 41.888702392578125 43.03833770751953 42.59231948852539 41.944000244140625 42.274654388427734 42.53500747680664 
43.73263931274414 42.297119140625 41.696510314941406 41.91542434692383 42.22687911987305 42.83980941772461 43.25177764892578 41.60831832885742 
43.72828674316406 42.128414154052734 42.88911819458008 43.276832580566406 41.81260681152344 42.338462829589844 41.857086181640625 42.3045768737793 
46.406944274902344 41.75708770751953 42.515262603759766 42.813438415527344 41.871585845947266 41.68083190917969 42.29894256591797 42.69411087036133 
43.779296875 41.59756851196289 41.954017639160156 42.83760070800781 43.45491027832031 42.385345458984375 41.68694305419922 42.063358306884766 
44.57926559448242 41.64259338378906 42.40176010131836 42.2441291809082 43.231712341308594 42.68761444091797 41.99385452270508 42.01679992675781 
42.680992126464844 40.94822311401367 41.32499313354492 41.41551971435547 40.736576080322266 41.664737701416016 41.767520904541016 41.98847961425781 
37.48134231567383 37.63865661621094 38.19580841064453 38.177215576171875 38.486305236816406 38.953121185302734 38.775489807128906 37.874176025390625 
43.139808654785156 41.71769714355469 41.35270309448242 41.913150787353516 41.528480529785156 41.57932662963867 43.2213134765625 42.511905670166016 
41.05171203613281 38.04652786254883 37.16409683227539 38.83497619628906 37.959712982177734 37.639198303222656 38.13004684448242 38.23302459716797 
44.722206115722656 41.254302978515625 41.37820816040039 40.66777420043945 41.47385787963867 41.56582260131836 42.43836975097656 41.671424865722656 
39.36713409423828 37.59868621826172 38.697662353515625 38.84425735473633 37.971038818359375 38.174720764160156 37.8884162902832 38.90367889404297 
44.09414291381836 40.72025680541992 41.94790267944336 41.72739028930664 41.22016143798828 41.89759826660156 42.14121627807617 42.21196746826172 
40.29363250732422 37.83222579956055 38.67436981201172 37.047584533691406 37.74524688720703 38.41516876220703 38.10249710083008 38.61734390258789 
43.242305755615234 40.95548629760742 40.66972732543945 41.462974548339844 41.46771240234375 41.4793586730957 42.116127014160156 41.85987091064453 
40.65641784667969 37.810367584228516 38.39033508300781 37.04240036010742 37.31923294067383 38.28246307373047 37.93753433227539 37.83808135986328 
42.48915100097656 41.92473602294922 41.476417541503906 41.04761505126953 40.9576301574707 40.87052917480469 41.4183349609375 41.494590759277344 
40.432830810546875 36.930721282958984 37.722049713134766 38.4040641784668 38.1333122253418 37.905887603759766 38.50521469116211 39.34822463989258 
44.150272369384766 41.67046356201172 41.229217529296875 42.6049919128418 42.63139343261719 41.98188781738281 40.758399963378906 41.411678314208984 
44.129695892333984 37.218753814697266 38.91078567504883 38.68950271606445 38.337791442871094 38.459007263183594 37.882049560546875 37.28358459472656 
41.76182556152344 41.43376159667969 41.7147216796875 41.520511627197266 41.259422302246094 40.846431732177734 41.48886489868164 42.28268814086914 
40.97011184692383 37.79359817504883 38.02483367919922 37.77475357055664 38.653438568115234 37.93049621582031 38.85142517089844 38.768577575683594 
44.55228805541992 42.38809585571289 42.11033630371094 40.57683181762695 40.4697265625 41.38585662841797 42.0750732421875 41.97532653808594 
40.80179214477539 37.939422607421875 37.937950134277344 37.204673767089844 38.7874870300293 38.042625427246094 38.14553451538086 38.67593765258789 
45.43513488769531 41.08256149291992 40.8935661315918 41.90969467163086 42.189727783203125 42.6333122253418 41.445247650146484 42.33427047729492 
39.4703369140625 38.173152923583984 37.75571060180664 37.051361083984375 38.52425765991211 38.79939270019531 38.06800079345703 38.18016052246094 
77.44866943359375 76.8653793334961 78.39081573486328 75.9488296508789 77.76048278808594 75.58428955078125 76.08377838134766 78.05951690673828 
74.74486541748047 73.56409454345703 75.93389129638672 76.77388763427734 75.99059295654297 77.03497314453125 76.67638397216797 77.15309143066406 
76.48582458496094 76.799072265625 76.5788803100586 75.86902618408203 75.93280029296875 75.2300796508789 77.90716552734375 75.74412536621094 
76.83309173583984 74.27916717529297 77.41299438476562 78.12582397460938 76.50902557373047 75.20508575439453 75.47052764892578 77.30738830566406 
76.07926177978516 75.21561431884766 75.26595306396484 77.5433578491211 75.39644622802734 78.13139343261719 73.87398529052734 77.81830596923828 
77.39507293701172 76.35250854492188 77.01779174804688 75.26876831054688 77.09606170654297 76.10489654541016 76.4319076538086 76.39933013916016 
77.56368255615234 76.01023864746094 76.40444946289062 74.62783813476562 75.74678039550781 79.49132537841797 75.88220977783203 77.75001525878906 
77.36841583251953 76.2966079711914 75.1744613647461 76.52851104736328 77.6982421875 75.68905639648438 77.33177947998047 74.33062744140625 
76.2608642578125 76.24678039550781 77.45155334472656 76.15737915039062 77.15996551513672 77.6654052734375 76.4698257446289 77.90841674804688 
76.76979064941406 76.2154541015625 77.66361236572266 74.97286224365234 76.52617645263672 76.33404541015625 76.57014465332031 77.74195098876953 
53.60927963256836 52.01542282104492 51.27881622314453 53.76774215698242 53.90547180175781 53.877662658691406 53.84880065917969 52.594913482666016 
53.34630584716797 52.6300163269043 52.07427215576172 53.740257263183594 53.544864654541016 53.225311279296875 53.526527404785156 52.02880096435547 
54.876991271972656 53.64521789550781 54.438270568847656 51.98137664794922 52.33158493041992 52.76911926269531 53.28899383544922 53.14003372192383 
53.524959564208984 52.6828498840332 53.03705596923828 53.54508972167969 52.46108627319336 53.19878387451172 53.265953063964844 53.16444778442383 
54.22671890258789 53.87318420410156 52.50019073486328 52.380577087402344 53.0313606262207 52.11916732788086 51.166175842285156 53.317726135253906 
54.18147277832031 52.82896041870117 52.54441452026367 51.92435073852539 51.257694244384766 52.472320556640625 52.13827133178711 53.81155014038086 
54.053951263427734 52.70512008666992 52.434913635253906 52.14646530151367 52.242366790771484 53.108062744140625 52.465057373046875 53.84028625488281 
53.89215850830078 51.428096771240234 53.32051086425781 52.93600082397461 53.002079010009766 53.39388656616211 52.31340789794922 53.67241668701172 
53.6196174621582 50.79081726074219 52.916831970214844 52.941280364990234 53.522560119628906 53.8232307434082 52.83750534057617 54.584991455078125 
53.68412780761719 52.099552154541016 52.534942626953125 53.3553581237793 51.25059127807617 52.26185607910156 53.273441314697266 52.73286437988281 
55.26768112182617 52.82499313354492 51.69615936279297 50.74537658691406 53.786399841308594 53.304447174072266 53.81843185424805 52.76121520996094 
53.818912506103516 51.7523193359375 51.77423858642578 52.98735809326172 52.781280517578125 51.04307174682617 53.6426887512207 53.12051010131836 
52.516353607177734 52.8507194519043 52.50457763671875 53.15977478027344 51.90547180175781 53.524192810058594 51.78927993774414 52.48556900024414 
53.41708755493164 51.81302261352539 52.013790130615234 53.926815032958984 53.226593017578125 53.516414642333984 53.02870559692383 51.82121658325195 
53.73072052001953 52.42979049682617 51.832481384277344 52.193599700927734 53.741310119628906 53.0846061706543 53.630592346191406 51.79305648803711 
53.608097076416016 51.9666862487793 51.341121673583984 51.45395278930664 52.71299362182617 52.81731033325195 53.19055938720703 52.27040100097656 
53.29875183105469 52.087486267089844 52.13750457763672 53.13644790649414 52.799232482910156 54.115230560302734 54.17097473144531 53.28732681274414 
54.20207977294922 53.840065002441406 52.841758728027344 53.220767974853516 53.1360969543457 51.81708908081055 51.7154541015625 51.494590759277344 
54.70905685424805 53.46470260620117 52.148414611816406 53.43315124511719 53.814430236816406 51.929569244384766 52.616031646728516 51.82633590698242 
54.174495697021484 51.296382904052734 51.89244842529297 51.44540786743164 52.958431243896484 52.82284927368164 51.34572982788086 53.59312057495117 
57.281089782714844 54.882625579833984 55.60790252685547 54.53593444824219 54.12566375732422 55.27644729614258 54.79884719848633 54.926143646240234 
55.47430419921875 55.51433563232422 54.14924621582031 54.382591247558594 54.23846435546875 55.01744079589844 55.080894470214844 56.36207962036133 
56.78675079345703 54.5645751953125 55.03401565551758 53.22457504272461 55.075584411621094 54.528446197509766 54.06604766845703 57.65020751953125 
53.902366638183594 54.09920120239258 53.02703857421875 54.153663635253906 54.9931526184082 54.27219009399414 54.26784133911133 55.97123336791992 
54.32387161254883 53.60531234741211 54.863616943359375 53.98806381225586 54.7710075378418 54.456417083740234 54.2630729675293 57.65177536010742 
53.88479995727539 54.80060958862305 53.5904655456543 54.8653450012207 54.425697326660156 54.2639045715332 53.961280822753906 55.028255462646484 
54.67084884643555 54.631935119628906 54.7652473449707 53.72275161743164 55.10611343383789 54.9950065612793 54.30278396606445 55.921600341796875 
53.08204650878906 53.94723129272461 54.00156784057617 53.66511917114258 54.65468978881836 54.1366081237793 54.22118377685547 56.69587326049805 
55.21356964111328 55.072513580322266 54.68153762817383 53.67219161987305 54.89936065673828 55.07795333862305 54.60220718383789 55.875614166259766 
54.09088134765625 53.903968811035156 53.29359817504883 52.20070266723633 53.21039962768555 54.03916931152344 53.99385452270508 55.85055923461914 
32.73040008544922 31.115968704223633 31.75542449951172 31.029375076293945 31.80588722229004 31.55721664428711 31.34832000732422 31.912063598632812 
34.10406494140625 30.230527877807617 30.1177921295166 30.078943252563477 30.890911102294922 31.168607711791992 30.422399520874023 30.798784255981445 
33.081790924072266 31.7174072265625 31.498783111572266 31.4171199798584 31.60550308227539 31.260671615600586 31.688447952270508 31.831743240356445 
32.72687911987305 31.269311904907227 30.46201515197754 30.491008758544922 30.59436798095703 30.697248458862305 30.78633689880371 30.705791473388672 
31.951711654663086 31.273792266845703 30.938304901123047 31.518688201904297 31.325279235839844 31.640031814575195 31.714399337768555 31.048032760620117 
31.884159088134766 30.375648498535156 30.58140754699707 30.790271759033203 30.590944290161133 30.447040557861328 30.45814323425293 30.4671688079834 
33.10291290283203 31.072032928466797 31.7794246673584 31.465984344482422 30.911712646484375 31.57219123840332 31.204448699951172 31.15622329711914 
33.50227355957031 30.328256607055664 30.723167419433594 31.228544235229492 30.5251522064209 30.81657600402832 30.872480392456055 30.502944946289062 
33.54355239868164 30.85843276977539 31.482431411743164 31.375455856323242 31.811359405517578 31.574527740478516 31.097759246826172 32.0722541809082 
32.90016174316406 30.740768432617188 30.638336181640625 30.93894386291504 30.63520050048828 30.609376907348633 31.219263076782227 30.592159271240234 
34.21916961669922 31.075551986694336 31.154144287109375 31.76134490966797 31.0230712890625 31.863136291503906 31.308095932006836 31.605791091918945 
35.14134216308594 31.17148780822754 30.852863311767578 31.282943725585938 30.327007293701172 30.11903953552246 30.672544479370117 30.550559997558594 
34.31324768066406 31.379039764404297 31.76019287109375 31.6474552154541 31.46518325805664 31.381568908691406 31.352575302124023 31.501279830932617 
32.00012969970703 30.79190444946289 30.188352584838867 30.910879135131836 30.847360610961914 30.371871948242188 31.124799728393555 30.900575637817383 
34.46211242675781 31.602336883544922 31.474815368652344 31.41321563720703 32.05424118041992 31.6625919342041 31.718015670776367 31.77769660949707 
31.989408493041992 30.836383819580078 30.377952575683594 31.072160720825195 30.944128036499023 30.420448303222656 30.666784286499023 30.6760311126709 
32.30595016479492 31.39936065673828 31.531007766723633 31.021024703979492 31.796031951904297 31.632320404052734 31.465696334838867 32.024417877197266 
31.972000122070312 30.406112670898438 30.227296829223633 30.94940757751465 30.556255340576172 30.198272705078125 31.09075164794922 30.921215057373047 
31.669919967651367 31.120031356811523 30.958335876464844 31.370559692382812 31.003488540649414 30.9749755859375 31.210880279541016 31.267520904541016 
33.16019058227539 30.906400680541992 30.554719924926758 30.430463790893555 31.250207901000977 30.86172866821289 30.512096405029297 30.51523208618164 
42.00873565673828 40.691871643066406 40.51299285888672 38.99321746826172 40.74883270263672 39.2295036315918 41.01283264160156 40.79782485961914 
38.437950134277344 35.851806640625 35.55072021484375 36.03955078125 36.38361740112305 36.52627182006836 36.248287200927734 35.20463943481445 
42.94947052001953 40.59347152709961 40.5079345703125 40.73088073730469 40.002784729003906 40.509056091308594 40.36377716064453 40.28255844116211 
37.6379508972168 35.97196960449219 35.39267349243164 36.058719635009766 36.16659164428711 35.93369674682617 35.76755142211914 35.01820755004883 
42.27814483642578 39.34761428833008 39.57526397705078 39.351585388183594 39.172767639160156 40.771263122558594 39.76617431640625 40.52336120605469 
36.70832061767578 35.27801513671875 36.18239974975586 36.088993072509766 35.847808837890625 36.20463943481445 36.125694274902344 35.15577697753906 
40.61257553100586 39.93734359741211 40.24863815307617 39.857696533203125 40.397151947021484 40.58528137207031 40.110206604003906 40.019775390625 
41.571998596191406 36.137569427490234 35.34364700317383 35.4967041015625 35.528446197509766 35.90729522705078 35.81382369995117 36.349281311035156 
42.42710494995117 39.37788772583008 40.15670394897461 39.86412811279297 40.25068664550781 40.130271911621094 39.34726333618164 40.06415939331055 
38.35785675048828 35.80249786376953 35.5906867980957 35.505950927734375 35.862815856933594 35.28860855102539 36.32022476196289 36.067840576171875 
41.56943893432617 40.76780700683594 40.66960144042969 40.294334411621094 39.423553466796875 40.74127960205078 39.73833465576172 39.481441497802734 
36.98454284667969 35.53203201293945 35.443870544433594 35.53139114379883 35.899871826171875 35.41436767578125 36.41660690307617 36.00815963745117 
41.53772735595703 39.97187042236328 39.97689437866211 39.903873443603516 40.013214111328125 39.50697708129883 40.06470489501953 39.56691360473633 
38.160736083984375 36.1099853515625 35.9964485168457 35.86307144165039 35.011905670166016 35.93388748168945 36.38771057128906 36.096832275390625 
42.7949104309082 39.79520034790039 40.80265426635742 40.87644958496094 40.828800201416016 39.94192123413086 39.287166595458984 40.530975341796875 
37.937278747558594 35.77199935913086 36.322784423828125 36.026878356933594 35.55984115600586 35.12198257446289 35.87091064453125 35.42630386352539 
40.70851135253906 39.280704498291016 39.70598220825195 39.03948974609375 38.83951950073242 40.6710090637207 39.75183868408203 40.91628646850586 
36.981727600097656 35.25603103637695 35.79216003417969 36.01353454589844 36.1723518371582 36.166847229003906 36.35977554321289 35.92988967895508 
43.828224182128906 39.60067367553711 38.56691360473633 38.86822509765625 40.82704162597656 40.741214752197266 40.79270553588867 40.06934356689453 
37.23273468017578 36.21392059326172 35.684478759765625 36.078304290771484 34.763614654541016 35.762176513671875 36.03308868408203 36.097503662109375 
51.33180618286133 46.90486526489258 50.07136154174805 47.98780822753906 49.3994255065918 48.84540939331055 49.41670227050781 48.548126220703125 
37.3488655090332 35.70380783081055 34.97196960449219 35.91596984863281 36.089054107666016 36.24339294433594 35.979679107666016 35.72060775756836 
51.85647964477539 48.15571212768555 49.8023681640625 48.4865608215332 49.274784088134766 48.57273483276367 48.849822998046875 48.707359313964844 
37.73324966430664 35.87638473510742 35.50806427001953 35.98409652709961 36.051902770996094 36.14255905151367 36.171199798583984 35.63715362548828 
52.686302185058594 47.55174255371094 49.24185562133789 48.014976501464844 49.608673095703125 47.969566345214844 49.92390441894531 48.92403030395508 
39.148895263671875 35.480384826660156 36.2724494934082 36.12518310546875 36.071937561035156 35.991519927978516 36.48262405395508 35.836544036865234 
51.003841400146484 48.47200012207031 49.021568298339844 47.95366287231445 49.10985565185547 49.05027389526367 49.0865592956543 48.11366271972656 
37.7305908203125 36.262046813964844 36.47340774536133 36.31708908081055 35.58659362792969 36.44755172729492 35.78239822387695 35.91875076293945 
51.27004623413086 49.301631927490234 48.92591857910156 48.563358306884766 48.389888763427734 49.524864196777344 48.02412796020508 49.99542236328125 
37.40470504760742 36.17436981201172 35.810176849365234 36.267295837402344 35.1605110168457 36.459102630615234 36.18239974975586 35.62163162231445 
51.90243148803711 48.01958465576172 49.58921432495117 48.40047836303711 49.021888732910156 47.71209716796875 49.079647064208984 48.941375732421875 
37.59174346923828 34.94489669799805 36.13407897949219 36.58950424194336 35.91328048706055 35.10559844970703 35.917152404785156 35.53318405151367 
49.22092819213867 48.380577087402344 48.07596969604492 49.50089645385742 48.333343505859375 48.22288131713867 48.342689514160156 48.848384857177734 
37.60707092285156 35.65052795410156 35.92278289794922 35.098209381103516 36.340576171875 36.148094177246094 35.8521614074707 36.411006927490234 
50.075904846191406 46.90835189819336 50.296478271484375 48.26883316040039 47.20774459838867 48.24675369262695 49.68473434448242 48.824703216552734 
40.258079528808594 36.16972732543945 36.125343322753906 36.02211380004883 36.35075378417969 36.33695983886719 35.588897705078125 36.615264892578125 
50.202144622802734 49.48873519897461 48.652000427246094 48.21692657470703 48.5513916015625 49.247169494628906 48.30876922607422 49.23331069946289 
37.817054748535156 36.37388610839844 35.94496154785156 35.97331237792969 35.99827194213867 35.463199615478516 36.03411102294922 36.34592056274414 
49.879615783691406 47.37116622924805 49.11763381958008 48.16764831542969 49.24332809448242 48.090145111083984 48.543296813964844 47.940574645996094 
37.770912170410156 34.944862365722656 35.905120849609375 35.534751892089844 35.546913146972656 35.85068893432617 35.546112060546875 36.33292770385742 
50.65311813354492 50.8355827331543 50.10905456542969 49.12246322631836 50.66960144042969 50.48723220825195 49.98908615112305 49.44841766357422 
50.178462982177734 49.42259216308594 51.19116973876953 50.36105728149414 49.184959411621094 49.429054260253906 50.68703842163086 49.107521057128906 
49.76959991455078 50.84822463989258 51.243614196777344 50.30166244506836 49.49750518798828 50.37583923339844 50.550655364990234 49.285343170166016 
51.06377410888672 48.903167724609375 49.596065521240234 49.61891174316406 51.171295166015625 50.395774841308594 49.91267013549805 49.17318344116211 
52.288639068603516 50.59775924682617 49.23676681518555 49.02204895019531 50.456321716308594 50.80928039550781 50.08073425292969 49.4288330078125 
51.0909423828125 48.455135345458984 49.314334869384766 49.96278381347656 50.695648193359375 49.82166290283203 49.24940872192383 51.710750579833984 
50.40604782104492 49.96140670776367 50.85228729248047 50.22060775756836 49.10620880126953 50.37260818481445 50.78559875488281 51.34348678588867 
51.819297790527344 50.79596710205078 51.06880187988281 49.0618896484375 50.16099166870117 50.680320739746094 49.292510986328125 49.13145446777344 
50.77372741699219 50.39731216430664 48.48783874511719 50.087486267089844 50.587646484375 50.58998489379883 49.67327880859375 50.121055603027344 
49.53852844238281 50.46284866333008 49.70316696166992 49.53260803222656 49.63772964477539 50.9290885925293 49.983455657958984 49.63529586791992 
47.12793731689453 46.467201232910156 46.59302520751953 47.39299011230469 46.94108963012695 47.65769577026367 47.66921615600586 47.60950469970703 
48.09183883666992 46.004638671875 48.392608642578125 46.67446517944336 47.670753479003906 47.20703887939453 47.37577438354492 48.030174255371094 
47.37855911254883 47.125694274902344 46.32831954956055 46.47062301635742 46.44918441772461 48.33369445800781 47.138206481933594 47.86604690551758 
48.483360290527344 46.56108856201172 48.09481430053711 46.6517448425293 47.97443389892578 47.39139175415039 47.62307357788086 47.3304328918457 
50.69811248779297 48.04121780395508 47.07564926147461 47.382816314697266 47.51718521118164 47.12051010131836 48.29286575317383 46.624542236328125 
48.81254577636719 46.37209701538086 47.68668746948242 46.77686309814453 47.244415283203125 47.0893440246582 47.51011276245117 47.82387161254883 
47.32505416870117 46.627201080322266 47.595584869384766 47.65827178955078 47.42256164550781 47.9334716796875 46.58793640136719 47.522464752197266 
47.32633590698242 46.57788848876953 47.771583557128906 47.41270446777344 47.696990966796875 46.64246368408203 48.16960144042969 46.01068878173828 
48.13737487792969 47.2786865234375 47.45657730102539 46.698143005371094 48.04502487182617 46.646305084228516 48.069950103759766 47.095550537109375 
48.76038360595703 47.846336364746094 46.8996467590332 47.398494720458984 46.786495208740234 47.81916809082031 47.72991943359375 47.38371276855469 
