96.39612579345703 95.86358642578125 92.62210845947266 96.41926574707031 97.33293151855469 91.20809936523438 94.62329864501953 96.77833557128906 
31.00387191772461 29.126911163330078 29.45372772216797 29.031328201293945 28.25606346130371 28.398815155029297 28.509824752807617 28.420608520507812 
96.36956787109375 94.53193664550781 96.36006164550781 93.67346954345703 96.77910614013672 94.64921569824219 96.01177978515625 98.99488067626953 
31.72368049621582 28.688127517700195 28.487520217895508 28.442079544067383 29.012704849243164 29.634496688842773 28.76780891418457 28.543712615966797 
95.15513610839844 96.27225494384766 97.1619873046875 97.61763000488281 94.90633392333984 96.8070068359375 96.0815658569336 96.33753967285156 
31.546720504760742 28.9781436920166 28.653215408325195 29.052480697631836 28.670175552368164 28.789344787597656 28.461856842041016 28.591968536376953 
95.07548522949219 96.2597427368164 97.14886474609375 96.99571228027344 93.92720031738281 95.4323501586914 95.02217864990234 93.550048828125 
32.957374572753906 29.100160598754883 28.639455795288086 28.817119598388672 28.67638397216797 28.68169593811035 28.359840393066406 28.563743591308594 
95.20963287353516 97.59222412109375 96.3529281616211 95.24476623535156 97.04192352294922 95.74009704589844 96.41497802734375 98.48233795166016 
30.996383666992188 29.442432403564453 28.944448471069336 28.7172794342041 28.496864318847656 28.481727600097656 28.828256607055664 28.59244728088379 
95.72998046875 93.42447662353516 95.23910522460938 95.00019073486328 95.72057342529297 95.20524597167969 95.8160629272461 96.81724548339844 
32.66502380371094 28.58345603942871 29.216127395629883 29.086944580078125 28.698816299438477 28.499008178710938 28.527008056640625 28.436128616333008 
97.0558090209961 97.52828979492188 95.43353271484375 96.35497283935547 95.45935821533203 98.11593627929688 95.33776092529297 95.15087890625 
31.57913589477539 29.128671646118164 29.84662437438965 28.76972770690918 28.6312313079834 28.677696228027344 28.51900863647461 28.608287811279297 
95.68297576904297 99.42562866210938 98.32173156738281 96.94096374511719 97.28368377685547 94.88813018798828 95.76553344726562 95.74006652832031 
31.126239776611328 28.93212890625 29.325151443481445 29.156288146972656 28.968416213989258 28.668832778930664 28.87481689453125 29.29827117919922 
95.87750244140625 96.50457763671875 94.22329711914062 95.97001647949219 95.83446502685547 91.86946868896484 97.25987243652344 95.75068664550781 
30.790559768676758 29.216543197631836 29.29395294189453 29.14726448059082 28.9531192779541 28.7761287689209 28.573728561401367 28.682079315185547 
93.95785522460938 93.88623809814453 97.69856262207031 96.8828125 96.9771499633789 95.09180450439453 95.1435546875 97.48726654052734 
33.023582458496094 29.163711547851562 28.737152099609375 28.333696365356445 28.76799964904785 28.7142391204834 29.400672912597656 28.90617561340332 
50.983680725097656 50.98380661010742 50.71027374267578 52.332481384277344 51.66435241699219 51.53500747680664 50.252384185791016 51.465919494628906 
51.413822174072266 51.4977912902832 51.57078552246094 51.03510284423828 50.52796936035156 51.01020812988281 51.83440017700195 51.804481506347656 
52.523902893066406 50.678558349609375 50.88275146484375 51.57107162475586 51.915775299072266 51.70240020751953 51.549537658691406 51.4134407043457 
51.85843276977539 51.6640625 51.080318450927734 50.59190368652344 51.100833892822266 52.68531036376953 52.21273422241211 51.93513488769531 
51.040382385253906 50.65260696411133 51.911102294921875 52.181217193603516 51.29993438720703 52.03055953979492 51.586849212646484 50.658912658691406 
51.588897705078125 50.90028762817383 51.8502082824707 51.993377685546875 51.30329513549805 51.90480041503906 51.362239837646484 50.62083053588867 
51.33417510986328 51.72857666015625 51.67375946044922 52.21062469482422 51.91769790649414 50.727455139160156 51.307777404785156 50.642398834228516 
51.197471618652344 51.96495819091797 51.93212890625 52.26710510253906 51.63081741333008 51.39775848388672 50.299232482910156 51.4977912902832 
50.669822692871094 51.80752182006836 52.070465087890625 51.87913513183594 51.518943786621094 50.99430465698242 50.64467239379883 51.29654312133789 
51.48179244995117 52.019039154052734 51.503135681152344 51.676513671875 50.453792572021484 50.71174240112305 51.397823333740234 51.80988693237305 
38.96198272705078 36.096641540527344 36.50563049316406 36.25660705566406 36.81516647338867 36.26755142211914 36.104000091552734 35.10179138183594 
38.91727828979492 35.80073547363281 36.05644989013672 36.92156982421875 36.408447265625 36.5599365234375 35.97836685180664 36.80393600463867 
37.538238525390625 36.20537567138672 35.833984375 36.48255920410156 36.26611328125 36.96684646606445 35.967872619628906 36.574462890625 
38.235008239746094 35.99913787841797 36.49193572998047 35.899070739746094 36.39980697631836 35.84950256347656 36.99039840698242 36.6544303894043 
36.63011169433594 36.75571060180664 36.68217468261719 36.337310791015625 35.28828811645508 36.47068786621094 36.79087829589844 36.06643295288086 
36.949825286865234 36.27644729614258 36.84806442260742 36.64659118652344 36.43385696411133 35.86595153808594 36.92841720581055 36.743263244628906 
37.470462799072266 36.9683837890625 36.90435028076172 35.83504104614258 35.40643310546875 36.293697357177734 35.99251174926758 36.839935302734375 
37.74220657348633 36.44460678100586 36.02595138549805 35.49824142456055 36.530784606933594 36.53855895996094 36.56489562988281 35.70793533325195 
37.442527770996094 36.7039680480957 36.016639709472656 35.43910217285156 36.60588836669922 36.12035369873047 36.52227020263672 36.73408126831055 
37.980350494384766 36.17087936401367 36.5186882019043 36.62080001831055 37.151424407958984 36.72969436645508 36.49977493286133 36.657249450683594 
69.14761352539062 69.33004760742188 68.45449829101562 69.01033782958984 68.43762969970703 69.14339447021484 69.27043151855469 69.39600372314453 
69.8552017211914 69.56905364990234 69.0331802368164 69.88419342041016 70.39081573486328 69.9639663696289 67.4668197631836 70.26956939697266 
72.95801544189453 68.73379516601562 70.16006469726562 69.9916763305664 66.74995422363281 71.67906951904297 68.11721801757812 70.03517150878906 
68.7732162475586 68.81849670410156 69.16560363769531 69.63833618164062 68.7840347290039 69.34041595458984 68.47689819335938 68.0297622680664 
67.6098861694336 68.8792953491211 68.18860626220703 68.23436737060547 69.03091430664062 67.92803192138672 69.3984603881836 67.9784927368164 
68.30924987792969 68.15670776367188 67.07833862304688 68.01964569091797 67.90825653076172 68.62268829345703 68.67084503173828 67.8446044921875 
69.42841339111328 70.62799835205078 70.01119995117188 70.14064025878906 71.03990173339844 70.41996765136719 68.00566101074219 70.56841278076172 
68.51283264160156 68.44908905029297 68.15885162353516 68.92633819580078 67.71746826171875 67.95449829101562 68.26223754882812 68.05391693115234 
67.7251205444336 67.4017562866211 67.80636596679688 68.79872131347656 67.94457244873047 69.10771179199219 68.83551788330078 68.20416259765625 
69.48844909667969 68.48111724853516 70.30265808105469 70.01382446289062 69.81330871582031 69.37779235839844 69.687744140625 69.55996704101562 
66.1690902709961 66.55852508544922 65.67161560058594 66.5818862915039 64.00355529785156 65.35469055175781 66.32364654541016 66.753662109375 
64.30057525634766 63.4920654296875 67.13353729248047 67.08892822265625 66.6638412475586 66.30461120605469 65.22227478027344 66.65971374511719 
65.83299255371094 64.8609619140625 65.65599822998047 64.95024108886719 64.79302215576172 65.40835571289062 65.37177276611328 65.4959716796875 
66.04319763183594 63.005313873291016 65.16934204101562 65.1764144897461 62.16505432128906 64.69760131835938 65.16799926757812 66.25587463378906 
65.85794830322266 65.96031951904297 66.3543701171875 65.98582458496094 65.24998474121094 64.06454467773438 65.32403564453125 66.2733154296875 
64.52019500732422 64.74172973632812 64.00540924072266 65.6778564453125 65.68102264404297 64.00415802001953 65.9167709350586 66.84102630615234 
65.86624145507812 65.893310546875 65.61920166015625 64.6178207397461 63.68201446533203 65.78636932373047 65.2389144897461 66.04557037353516 
65.81737518310547 64.76166534423828 65.08000183105469 64.33859252929688 65.42950439453125 65.14832305908203 64.15760040283203 65.36080169677734 
64.98274993896484 63.747711181640625 65.61628723144531 67.24205017089844 66.6974105834961 66.51273345947266 65.18498992919922 66.8807373046875 
65.57100677490234 65.47030639648438 66.52185821533203 64.15376281738281 65.12387084960938 65.61148834228516 64.53916931152344 66.63504028320312 
47.60259246826172 46.632606506347656 46.4027214050293 46.21116638183594 47.03852844238281 46.17891311645508 46.980960845947266 47.864383697509766 
46.62403106689453 46.90016174316406 47.44927978515625 46.17638397216797 47.636512756347656 46.029441833496094 47.452064514160156 47.428863525390625 
47.85561752319336 47.47340774536133 46.2342414855957 47.46736145019531 46.18019104003906 46.434814453125 47.222015380859375 47.834110260009766 
48.019039154052734 46.71529769897461 47.45510482788086 46.20943832397461 48.723968505859375 46.144832611083984 46.552574157714844 47.178016662597656 
47.89535903930664 47.50592041015625 45.70595169067383 47.631263732910156 46.32499313354492 47.03958511352539 46.92620849609375 48.08262252807617 
50.03065490722656 46.289249420166016 45.915775299072266 47.56150436401367 46.64166259765625 47.79945755004883 46.1212158203125 47.69136047363281 
46.980926513671875 46.4969596862793 45.63248062133789 46.98115158081055 46.32281494140625 47.17103958129883 45.78435134887695 47.67657470703125 
47.80883026123047 47.05299377441406 45.425086975097656 46.91670227050781 46.19161605834961 45.85891342163086 47.394081115722656 45.34787368774414 
49.4048957824707 46.270751953125 47.376033782958984 46.209983825683594 47.617088317871094 46.757598876953125 46.46003341674805 47.84124755859375 
48.42393493652344 45.835872650146484 47.35251235961914 44.990142822265625 46.776641845703125 47.68947219848633 46.92051315307617 48.06486511230469 
78.67263793945312 80.23654174804688 80.39046478271484 78.85517120361328 78.8476791381836 78.42889404296875 79.33702087402344 80.05343627929688 
80.13475036621094 79.1944351196289 80.96701049804688 81.42115020751953 79.37776184082031 76.9981460571289 79.19615936279297 80.04633331298828 
77.92281341552734 79.28022766113281 80.65897369384766 77.8121566772461 78.66300964355469 79.2694091796875 78.71491241455078 82.37427520751953 
78.06563568115234 77.50377655029297 80.42294311523438 79.929443359375 78.29315185546875 80.25110626220703 81.550048828125 78.11030578613281 
80.81673431396484 78.23894500732422 77.397216796875 78.99507141113281 80.02534484863281 79.2290267944336 81.30150604248047 80.85814666748047 
78.2081298828125 78.3470687866211 81.26380920410156 79.71670532226562 77.0079345703125 79.646240234375 79.65641784667969 78.58060455322266 
80.59651184082031 76.77776336669922 78.89842987060547 80.59331512451172 77.25055694580078 79.59088134765625 79.45609283447266 79.8229751586914 
78.42182159423828 80.4994888305664 79.47232055664062 79.64835357666016 79.79420471191406 77.2258529663086 80.81053161621094 80.58688354492188 
79.10684967041016 80.45152282714844 80.37798309326172 80.5532455444336 78.77552032470703 79.01360321044922 76.58399963378906 79.08182525634766 
78.71923065185547 76.02630615234375 79.04153442382812 79.85935974121094 79.2476806640625 81.1170883178711 79.66844940185547 77.70755004882812 
102.99529266357422 104.35289764404297 105.27263641357422 104.81314849853516 111.33955383300781 106.15372467041016 105.4366683959961 106.15676879882812 
104.13177490234375 107.51561737060547 105.7336654663086 104.02057647705078 106.48834991455078 105.01197052001953 109.67382049560547 107.4319076538086 
105.74956512451172 104.39488220214844 108.40457916259766 104.41980743408203 107.610595703125 105.21708679199219 107.3631362915039 104.0280990600586 
106.80032348632812 104.49727630615234 105.36815643310547 106.0150375366211 104.42886352539062 102.54169464111328 106.63804626464844 102.67008209228516 
103.79126739501953 104.09811401367188 105.80531311035156 105.39043426513672 105.22525024414062 106.45868682861328 105.37213134765625 105.74140930175781 
105.12230682373047 105.7240982055664 106.34150695800781 105.73260498046875 106.7525405883789 105.69583892822266 106.2332763671875 105.9302749633789 
106.3707504272461 108.00470733642578 107.14173126220703 104.97277069091797 107.59766387939453 106.54774475097656 104.60198211669922 105.63471984863281 
107.31510162353516 105.40512084960938 104.45053100585938 106.3420181274414 107.3141098022461 105.84265899658203 106.65325164794922 105.35327911376953 
104.52073669433594 105.7083511352539 107.99152374267578 105.46205139160156 107.25558471679688 107.4130859375 103.50093078613281 104.29535675048828 
106.06329345703125 107.35443115234375 106.96774291992188 105.79961395263672 106.72962951660156 106.2628173828125 107.80499267578125 106.51558685302734 
53.15155029296875 51.05583953857422 51.68940734863281 50.6627197265625 51.47216033935547 51.913246154785156 51.71209716796875 51.991424560546875 
51.19385528564453 51.97455978393555 51.499488830566406 51.768959045410156 52.19887924194336 51.642112731933594 51.214656829833984 50.54288101196289 
51.53007888793945 51.759681701660156 51.97488021850586 50.643775939941406 52.26655960083008 51.8015022277832 51.38108825683594 50.75856018066406 
51.875038146972656 50.419742584228516 50.995521545410156 50.75075149536133 51.39535903930664 52.12543869018555 52.16633605957031 52.92166519165039 
52.18044662475586 51.869407653808594 51.42390441894531 50.666015625 51.6827507019043 51.818878173828125 51.78879928588867 51.20841598510742 
52.28316879272461 51.414207458496094 50.81417465209961 51.0621452331543 51.97449493408203 52.013248443603516 51.754432678222656 52.608768463134766 
52.198753356933594 51.114559173583984 51.08108901977539 51.807647705078125 50.84355163574219 52.68102264404297 51.801536560058594 51.80905532836914 
51.83001708984375 50.95036697387695 51.85023880004883 51.208927154541016 52.447200775146484 51.85657501220703 50.863040924072266 49.99638366699219 
53.176448822021484 51.86355209350586 51.93251037597656 52.11190414428711 51.1583366394043 50.08937454223633 51.91177749633789 51.876319885253906 
52.07404708862305 50.45372772216797 51.151424407958984 50.66291046142578 51.40691375732422 52.00739288330078 51.843040466308594 51.70710372924805 
92.62812805175781 92.35523223876953 95.19843292236328 91.40643310546875 90.81385803222656 93.26316833496094 93.78409576416016 93.60396575927734 
93.70796966552734 92.03660583496094 93.22576141357422 92.61436462402344 94.84925079345703 92.32665252685547 93.16441345214844 91.74054718017578 
91.22857666015625 91.68915557861328 95.17996978759766 94.19123077392578 92.52828979492188 94.41840362548828 90.47923278808594 93.84457397460938 
92.08943939208984 91.5975341796875 93.75609588623047 93.00313568115234 93.06217956542969 95.02886199951172 92.29936218261719 92.79039764404297 
92.49456024169922 90.8625259399414 95.21830749511719 94.78668975830078 92.02349090576172 94.01046752929688 93.18399810791016 92.73648071289062 
90.14844512939453 93.34992218017578 93.355712890625 91.90406036376953 93.40704345703125 92.16397094726562 90.9658203125 93.11984252929688 
93.23577880859375 89.04898834228516 91.75843048095703 94.89532470703125 92.08627319335938 93.81913757324219 96.2026596069336 92.43433380126953 
91.9386215209961 93.25689697265625 91.18476867675781 92.41913604736328 92.0904312133789 93.40016174316406 93.10304260253906 93.1030044555664 
92.90850830078125 91.05538940429688 92.84960174560547 91.99037170410156 94.38495635986328 92.61698913574219 92.10249328613281 94.73872375488281 
92.58576202392578 91.1022720336914 91.6739501953125 92.0252456665039 90.43385314941406 93.95113372802734 93.88473510742188 92.50450897216797 
86.15853118896484 85.70387268066406 87.59785461425781 84.32015991210938 86.74066925048828 85.81072235107422 86.10147094726562 86.61017608642578 
84.4271011352539 82.91043090820312 86.2608642578125 85.52191925048828 84.65055847167969 85.5156478881836 83.16675567626953 86.90211486816406 
83.24559783935547 85.3737564086914 85.37455749511719 85.87602996826172 85.83081817626953 85.88384246826172 84.78771209716797 86.52313232421875 
83.69033813476562 85.7946548461914 86.73875427246094 85.244384765625 83.01654052734375 86.29174041748047 86.71145629882812 85.10310363769531 
84.43695831298828 86.07977294921875 84.53974151611328 86.30806732177734 84.29058837890625 85.50736236572266 87.33158111572266 85.92454528808594 
85.35801696777344 85.3163833618164 84.9071044921875 82.42323303222656 86.94054412841797 87.24739074707031 85.40019226074219 84.35779571533203 
85.17990112304688 85.12902069091797 86.9764175415039 84.98307037353516 85.22179412841797 85.8609619140625 85.92864227294922 87.23622131347656 
85.31846618652344 85.257568359375 81.80079650878906 86.655517578125 86.7524185180664 87.35295867919922 84.98902130126953 84.58332824707031 
85.37980651855469 87.19190216064453 84.6951675415039 81.91484832763672 86.36956787109375 86.75654602050781 87.58505249023438 84.54278564453125 
85.95091247558594 84.02444458007812 85.51091003417969 84.32038116455078 85.76713562011719 84.8539810180664 86.30182647705078 85.837890625 
58.96294403076172 57.295902252197266 58.940223693847656 58.842079162597656 56.99417495727539 59.465023040771484 59.02054214477539 58.005985260009766 
59.89491271972656 57.63811111450195 58.62851333618164 59.01171112060547 57.87558364868164 59.15488052368164 58.1453742980957 57.467838287353516 
58.321537017822266 59.579681396484375 57.71603012084961 57.80089569091797 58.58979034423828 58.563358306884766 58.66089630126953 58.19987106323242 
58.10617446899414 57.60704040527344 59.3842887878418 57.891937255859375 58.55660629272461 58.83977508544922 57.71039962768555 59.135040283203125 
59.166175842285156 57.74524688720703 57.31177520751953 58.49440002441406 58.514495849609375 58.86076736450195 59.14825439453125 57.6030387878418 
58.722145080566406 57.84815979003906 59.07126235961914 58.435935974121094 57.57932662963867 59.743934631347656 58.807071685791016 58.357025146484375 
61.06752014160156 58.233150482177734 57.29219055175781 58.20854568481445 57.32566452026367 59.83407974243164 58.42979049682617 58.420318603515625 
58.89228820800781 58.696990966796875 58.05372619628906 58.8785285949707 58.23871994018555 57.26620864868164 59.305599212646484 59.23062515258789 
58.91270446777344 58.89961624145508 57.08678436279297 58.88777542114258 58.066558837890625 58.07478332519531 59.65260696411133 59.46015930175781 
57.508384704589844 58.57027053833008 59.134464263916016 57.83670425415039 58.035423278808594 59.79481506347656 57.73814392089844 59.22687911987305 
101.4697265625 100.25411224365234 98.39036560058594 99.08067321777344 100.76175689697266 99.17494201660156 102.13308715820312 97.9764175415039 
99.87407684326172 99.37859344482422 98.44127655029297 98.88909149169922 98.04467010498047 99.18233489990234 98.79782104492188 99.98076629638672 
98.40889739990234 98.47245025634766 97.9287338256836 98.50454711914062 98.58393859863281 98.63391876220703 99.4163818359375 97.4229736328125 
98.91117095947266 96.41110229492188 100.82032012939453 96.35110473632812 95.41999816894531 99.0907211303711 97.79821014404297 99.4276123046875 
97.98886108398438 96.76921844482422 98.10454559326172 98.44818878173828 98.1951675415039 99.68895721435547 99.70806121826172 99.67366027832031 
100.20217895507812 102.35408020019531 98.45855712890625 99.55632019042969 98.71721649169922 98.65440368652344 100.42323303222656 98.26265716552734 
97.9175033569336 97.56063842773438 99.02409362792969 95.68649291992188 98.13225555419922 97.71392059326172 100.47673797607422 100.24848175048828 
99.82294464111328 99.0265884399414 99.42240142822266 97.93030548095703 99.7154541015625 100.11312103271484 99.58163452148438 99.25360107421875 
98.35897827148438 96.61955261230469 98.9181137084961 99.02320098876953 97.90544128417969 98.60777282714844 101.02950286865234 100.54054260253906 
95.34317016601562 99.09014129638672 98.93689727783203 96.80595397949219 100.90518188476562 97.90582275390625 100.84508514404297 99.63215637207031 
49.07404708862305 48.15932846069336 47.939552307128906 48.823265075683594 47.339744567871094 49.226112365722656 48.52163314819336 48.669281005859375 
49.67414474487305 47.76454544067383 48.648193359375 47.90867233276367 48.46543884277344 48.95395278930664 47.568031311035156 49.023040771484375 
49.413536071777344 47.57139205932617 49.216064453125 47.289886474609375 48.5096321105957 48.13587188720703 48.91004943847656 49.190528869628906 
49.705345153808594 48.665374755859375 47.85763168334961 48.10095977783203 48.08700942993164 48.524993896484375 48.87641525268555 47.19456100463867 
48.61891174316406 47.59795379638672 49.172481536865234 48.4161262512207 48.62700653076172 48.62246322631836 47.24262237548828 49.01180648803711 
49.74604797363281 47.51753616333008 47.546302795410156 48.17116928100586 48.87180709838867 49.15513610839844 47.10764694213867 49.163841247558594 
49.09743881225586 46.29004669189453 49.10985565185547 47.40604782104492 47.88150405883789 48.15382385253906 47.363521575927734 48.63654327392578 
49.12521743774414 47.960575103759766 48.00640106201172 48.41775894165039 47.8804817199707 48.885345458984375 46.57001495361328 49.4835205078125 
49.04025650024414 48.605857849121094 48.72307205200195 47.71414566040039 47.74009704589844 48.13974380493164 48.89606475830078 48.185184478759766 
50.242496490478516 48.34630584716797 47.36207962036133 48.2760009765625 47.25795364379883 49.06310272216797 47.847904205322266 48.84627151489258 
67.83929443359375 68.49830627441406 68.7383041381836 68.76509094238281 68.76866912841797 65.41683197021484 69.05248260498047 73.05558776855469 
67.89183807373047 66.8721923828125 68.75052642822266 67.06915283203125 68.54576110839844 68.53177642822266 68.31321716308594 68.20393371582031 
68.4106216430664 68.06531524658203 68.53673553466797 69.22710418701172 68.766845703125 68.92205047607422 68.32249450683594 68.51385498046875 
68.01372528076172 67.83062744140625 68.72509002685547 68.64527893066406 69.71190643310547 69.6563491821289 68.19731140136719 70.61161804199219 
67.7520980834961 68.16178894042969 67.29740905761719 67.80025482177734 68.0423355102539 68.28447723388672 68.12866973876953 68.18118286132812 
69.2542724609375 68.97750091552734 67.42991638183594 68.88182067871094 69.3884506225586 69.4758071899414 67.172607421875 69.80857849121094 
69.29129791259766 68.6915512084961 67.83606719970703 69.2143325805664 69.00163269042969 67.75542449951172 68.3420181274414 69.1890869140625 
68.77340698242188 67.77417755126953 69.22966766357422 69.14335632324219 67.13011169433594 68.95807647705078 68.22470092773438 69.32256317138672 
67.56237030029297 68.0251235961914 68.55347442626953 69.05919647216797 69.6698226928711 69.33968353271484 68.33372497558594 71.14169311523438 
67.32637023925781 68.41004943847656 68.16732788085938 69.0249252319336 68.56998443603516 68.65440368652344 68.83689880371094 70.14694213867188 
63.43747329711914 61.615840911865234 64.87677001953125 63.379295349121094 62.23868942260742 63.77251052856445 60.59471893310547 63.06227111816406 
63.01299285888672 62.26505661010742 63.25203323364258 61.90700912475586 63.45568084716797 62.626399993896484 62.933536529541016 63.27552032470703 
62.18377685546875 59.786624908447266 61.51030349731445 63.732704162597656 61.804161071777344 63.80031967163086 63.63206481933594 62.16755294799805 
62.96211242675781 63.355838775634766 63.10108947753906 61.75724792480469 62.824161529541016 61.94790267944336 63.305118560791016 63.29420852661133 
62.28627014160156 59.700225830078125 63.92720031738281 63.39616012573242 61.58649444580078 63.91891098022461 62.29715347290039 63.506431579589844 
63.87577438354492 62.62543869018555 62.461761474609375 63.361568450927734 61.84137725830078 63.73894500732422 62.63452911376953 63.017024993896484 
63.43164825439453 63.05369567871094 61.81062316894531 63.56438446044922 61.41475296020508 62.23884963989258 61.3388786315918 64.41004943847656 
62.63395309448242 63.52560043334961 63.965694427490234 62.67622375488281 63.81584167480469 63.45820617675781 61.54969787597656 64.07855987548828 
63.36579132080078 61.93244934082031 62.75632095336914 63.04915237426758 61.50291061401367 63.354942321777344 63.00627136230469 61.32579040527344 
62.24342346191406 63.17011260986328 62.347999572753906 62.91676712036133 63.15327835083008 60.7889289855957 62.69510269165039 62.015201568603516 
86.90630340576172 86.20178985595703 90.0208969116211 86.20243072509766 89.8006362915039 87.90383911132812 86.35350036621094 88.91398620605469 
85.94544219970703 85.74479675292969 86.21737670898438 88.49772644042969 87.3222427368164 85.00157165527344 87.09391784667969 87.06079864501953 
86.33241271972656 85.97270202636719 86.77037048339844 87.4450912475586 88.75615692138672 87.89987182617188 88.48995208740234 90.09078216552734 
85.99158477783203 85.77216339111328 88.1918716430664 86.17747497558594 87.467041015625 86.19721221923828 89.17676544189453 87.37359619140625 
87.86739349365234 87.23465728759766 86.12147521972656 87.41980743408203 85.52828979492188 87.10230255126953 88.8736343383789 85.9053726196289 
88.80278778076172 86.9134750366211 85.33219146728516 84.95254516601562 86.61180877685547 89.48636627197266 88.46556854248047 85.74896240234375 
87.29350280761719 85.91382598876953 84.2311019897461 87.61548614501953 88.78848266601562 86.59664154052734 84.64307403564453 86.75881958007812 
85.08153533935547 88.72201538085938 87.14300537109375 85.43382263183594 86.61993408203125 88.13568115234375 88.03968048095703 87.87494659423828 
88.45539093017578 88.48876953125 85.62345886230469 83.31171417236328 87.97731018066406 88.4684829711914 88.32777404785156 85.329345703125 
87.89311981201172 89.80115509033203 86.8918685913086 84.687744140625 88.06790161132812 89.35382080078125 86.90105438232422 83.94662475585938 
53.012577056884766 54.24518585205078 53.69615936279297 52.68262481689453 53.81792068481445 52.424766540527344 54.29811096191406 53.99532699584961 
53.83929443359375 53.65475082397461 53.33375930786133 53.47071838378906 53.338401794433594 53.34035110473633 52.92678451538086 52.68239974975586 
53.251487731933594 53.47145462036133 53.13359832763672 54.37491226196289 53.752830505371094 53.50700759887695 52.855072021484375 53.180992126464844 
52.30819320678711 51.94956970214844 53.87171173095703 52.83011245727539 53.576385498046875 53.32102584838867 53.282527923583984 53.87923049926758 
53.42348861694336 53.66694259643555 52.369022369384766 53.351905822753906 53.45830535888672 53.041664123535156 53.508575439453125 52.977760314941406 
54.6346549987793 53.608673095703125 53.69692611694336 54.326942443847656 52.8487663269043 52.89052963256836 52.260353088378906 53.42256164550781 
53.826560974121094 53.763553619384766 52.88819122314453 52.984798431396484 53.2031364440918 52.90185546875 53.74272155761719 53.51676940917969 
53.65251159667969 52.53392028808594 53.01327896118164 53.180606842041016 52.91088104248047 52.96819305419922 53.073760986328125 53.134334564208984 
53.7342414855957 53.63132858276367 52.100929260253906 53.21753692626953 54.10313415527344 54.04220962524414 53.65727996826172 52.55196762084961 
52.80585479736328 52.502464294433594 52.432254791259766 53.33478546142578 52.83244705200195 53.31398391723633 53.30140686035156 53.20105743408203 
46.91145706176758 46.02249526977539 45.957088470458984 46.231712341308594 46.42015838623047 46.20163345336914 46.73350524902344 46.49033737182617 
49.47359848022461 46.831871032714844 46.69139099121094 46.72687911987305 46.66704177856445 46.45065689086914 46.15212631225586 47.12918472290039 
46.778560638427734 46.12972640991211 45.995487213134766 47.15750503540039 45.70230484008789 47.54665756225586 45.622432708740234 47.334049224853516 
46.68876647949219 47.459102630615234 46.239009857177734 45.9238395690918 45.80473709106445 46.345760345458984 46.36431884765625 47.06195068359375 
46.54576110839844 47.039520263671875 45.75958251953125 46.77065658569336 46.3438720703125 47.59241485595703 46.179168701171875 47.55759811401367 
45.59756851196289 46.90892791748047 46.531105041503906 46.54326248168945 47.74332809448242 46.70854568481445 46.97292709350586 46.59852981567383 
47.279808044433594 45.43254470825195 47.49971389770508 46.39289474487305 46.46255874633789 46.70105743408203 46.8007698059082 46.79084777832031 
47.81254577636719 45.8507194519043 46.81596755981445 46.368064880371094 46.801025390625 46.06355285644531 46.671871185302734 46.93824005126953 
47.84745788574219 46.0203857421875 47.06991958618164 46.70131301879883 45.84588623046875 47.453758239746094 46.67718505859375 45.987457275390625 
46.03071975708008 47.555198669433594 45.83375930786133 47.16659164428711 45.48329544067383 47.28246307373047 45.973087310791016 46.8171501159668 
40.6743049621582 38.96742248535156 40.179935455322266 39.571807861328125 40.51065444946289 39.99321746826172 39.3158073425293 40.1638069152832 
38.922401428222656 40.32662582397461 40.46355056762695 40.255455017089844 40.06758499145508 39.276832580566406 40.28153610229492 40.16569519042969 
39.590240478515625 39.73904037475586 39.69878387451172 39.76620864868164 38.65795135498047 40.413822174072266 40.31260681152344 40.19647979736328 
39.46758270263672 39.689823150634766 39.56745529174805 39.45219039916992 39.29216003417969 38.525184631347656 39.61164855957031 39.751007080078125 
39.48320007324219 39.743839263916016 39.71379089355469 39.868160247802734 39.2883186340332 39.752254486083984 39.57990264892578 38.99427032470703 
39.6860466003418 38.945152282714844 39.8043212890625 40.08729553222656 40.0843505859375 39.922080993652344 39.1492805480957 40.27897644042969 
39.47724914550781 40.5623664855957 40.64265441894531 40.2259521484375 39.217918395996094 39.20547103881836 40.684417724609375 40.49427032470703 
39.05926513671875 39.58393478393555 39.83567810058594 39.60444641113281 39.032737731933594 40.353057861328125 40.07379150390625 40.07417678833008 
39.47132873535156 39.91891098022461 40.11305618286133 39.306495666503906 39.117919921875 40.427520751953125 40.26166534423828 40.14767837524414 
39.33168029785156 40.03705596923828 39.32156753540039 39.71945571899414 40.47779083251953 40.25961685180664 39.617313385009766 38.98748779296875 
38.5181770324707 37.361759185791016 37.51724624633789 36.92483139038086 38.080448150634766 37.26787185668945 37.958656311035156 37.87142562866211 
39.57855987548828 36.69094467163086 36.36262512207031 37.37491226196289 37.73788833618164 37.80204772949219 37.46761703491211 37.645057678222656 
39.611488342285156 37.287166595458984 37.9536018371582 37.93299102783203 37.8818244934082 37.63750457763672 37.2979850769043 37.89100646972656 
38.2710075378418 36.704734802246094 37.779422760009766 38.1096305847168 37.91721725463867 37.07747268676758 37.220672607421875 36.52342224121094 
38.24528121948242 37.939231872558594 37.92067337036133 37.80953598022461 37.17728042602539 37.65110397338867 36.76105499267578 37.994529724121094 
39.27510452270508 37.353759765625 37.434974670410156 38.04083251953125 38.09952163696289 37.76777648925781 37.908607482910156 37.68134307861328 
40.05916976928711 37.78169631958008 37.63385772705078 37.032958984375 36.38409423828125 38.06294250488281 38.27305603027344 37.884063720703125 
38.55487823486328 37.400543212890625 37.54083251953125 36.959136962890625 36.856224060058594 37.016929626464844 37.94963073730469 37.89561462402344 
39.39139175415039 37.57427215576172 37.613441467285156 37.138816833496094 37.29897689819336 38.01091384887695 37.90857696533203 37.68783950805664 
38.04380798339844 37.507102966308594 36.95676803588867 36.46246337890625 36.650177001953125 37.746559143066406 37.93600082397461 36.976417541503906 
60.222721099853516 60.21110534667969 60.22547149658203 62.202369689941406 60.3171501159668 62.32748794555664 61.001792907714844 61.3658561706543 
62.27494430541992 61.15097427368164 59.63996887207031 61.326175689697266 59.18143844604492 60.69513702392578 62.01094436645508 61.79225540161133 
61.58607864379883 61.218528747558594 61.07382583618164 61.136287689208984 60.48521423339844 60.29087829589844 59.524864196777344 60.812095642089844 
60.53395080566406 59.53171157836914 59.413761138916016 62.119041442871094 61.018463134765625 61.147552490234375 60.973182678222656 61.25142288208008 
60.92144012451172 60.74518585205078 60.255615234375 60.426910400390625 61.104705810546875 61.450592041015625 61.711551666259766 60.31987380981445 
60.80486297607422 61.204063415527344 60.89091110229492 61.04595184326172 61.01744079589844 60.57878494262695 60.5546875 61.362945556640625 
61.95027160644531 60.248863220214844 61.33331298828125 60.137664794921875 60.06060791015625 60.55980682373047 62.3895378112793 59.45955276489258 
60.792030334472656 60.98188781738281 59.83817672729492 61.747135162353516 59.38889694213867 61.21478271484375 60.576416015625 61.04079818725586 
60.549537658691406 60.806270599365234 59.219329833984375 60.41222381591797 60.991233825683594 60.30051040649414 60.959903717041016 61.00646209716797 
61.16649627685547 60.79353713989258 61.43699264526367 60.8191032409668 60.8043212890625 60.43180847167969 60.541568756103516 61.689823150634766 
62.5761604309082 60.235870361328125 62.08524703979492 61.453792572021484 62.36479949951172 61.959903717041016 61.610687255859375 61.907135009765625 
61.704158782958984 60.70492935180664 62.69411087036133 63.02339172363281 60.467552185058594 62.674049377441406 60.744319915771484 62.43382263183594 
61.94230270385742 61.73350524902344 59.9455680847168 62.21718215942383 61.158592224121094 62.10454559326172 60.596160888671875 61.94063949584961 
60.802207946777344 61.30992126464844 62.22963333129883 62.80553436279297 60.712894439697266 62.317054748535156 61.454559326171875 61.43059158325195 
60.44144058227539 62.18483352661133 60.599361419677734 60.20649719238281 60.96102523803711 61.23225784301758 60.62080001831055 63.13443374633789 
61.707679748535156 60.266334533691406 61.99363327026367 61.42851257324219 61.49110412597656 61.65206527709961 61.397281646728516 61.46976089477539 
61.399105072021484 62.1952018737793 61.8317756652832 61.93791961669922 61.09030532836914 61.969024658203125 60.82908630371094 62.17216110229492 
61.792640686035156 58.25151824951172 62.85356903076172 61.145694732666016 60.02057647705078 61.176063537597656 61.71648025512695 61.587711334228516 
62.14060974121094 60.93171310424805 61.360958099365234 61.2770881652832 63.176544189453125 60.584510803222656 61.08995056152344 60.800865173339844 
61.89468765258789 60.08448028564453 61.276126861572266 61.39712142944336 60.18956756591797 61.853023529052734 62.20655822753906 61.914398193359375 
54.549598693847656 55.38371276855469 54.40147018432617 54.04111862182617 53.92268753051758 54.03094482421875 53.89744186401367 53.961856842041016 
55.5590705871582 53.73516845703125 55.67679977416992 54.979679107666016 54.80188751220703 54.424705505371094 53.609920501708984 54.34944152832031 
54.548255920410156 54.446529388427734 54.08992004394531 55.29008102416992 55.29129409790039 54.06399917602539 55.19753646850586 54.408992767333984 
54.4826545715332 51.95948791503906 53.467262268066406 53.78169631958008 54.202239990234375 53.98064041137695 54.112640380859375 53.812896728515625 
56.58268737792969 55.33340835571289 54.86918258666992 53.5241584777832 54.69472122192383 55.39491271972656 55.167999267578125 55.01772689819336 
58.46531295776367 54.68153762817383 54.04431915283203 54.82825469970703 55.25465774536133 55.14700698852539 54.7503662109375 53.68396759033203 
54.60870361328125 54.0447998046875 54.40156936645508 55.30156707763672 55.241249084472656 54.852352142333984 55.06476974487305 53.685279846191406 
56.02742385864258 52.87295913696289 53.4238395690918 53.521183013916016 53.56857681274414 53.27833557128906 54.149600982666016 53.55446243286133 
55.35398483276367 55.246238708496094 55.1366081237793 54.67887878417969 55.44607925415039 54.86582565307617 54.57900619506836 53.631072998046875 
54.472896575927734 54.78035354614258 54.4031982421875 53.99923324584961 55.51155090332031 54.791358947753906 54.96876907348633 55.14851379394531 
50.79999923706055 51.671871185302734 51.21721649169922 51.35513687133789 50.19033432006836 50.27756881713867 51.332672119140625 51.47417449951172 
50.644256591796875 49.762752532958984 51.74528121948242 51.474815368652344 51.39616012573242 50.83715057373047 49.824832916259766 51.628929138183594 
50.816287994384766 51.804161071777344 51.349952697753906 51.380287170410156 50.2402229309082 50.78713607788086 49.646846771240234 51.23334503173828 
49.84864044189453 51.828609466552734 51.19388961791992 51.04643249511719 49.93507385253906 51.114784240722656 51.363040924072266 51.36528015136719 
50.80607986450195 49.81990432739258 51.8818244934082 51.61967849731445 51.258750915527344 50.4417610168457 50.64729690551758 51.60639953613281 
50.03897476196289 51.651519775390625 51.22390365600586 49.85923385620117 50.212318420410156 50.94899368286133 51.58835220336914 50.621726989746094 
50.34028625488281 50.110145568847656 51.43983840942383 49.77289581298828 51.166080474853516 50.06163024902344 51.351070404052734 51.28790283203125 
53.30604934692383 49.996734619140625 51.81923294067383 50.62492752075195 50.11724853515625 50.20848083496094 52.152000427246094 51.14806365966797 
50.88383865356445 49.97328186035156 50.46259307861328 51.996768951416016 51.24614334106445 50.843231201171875 49.52092742919922 51.83225631713867 
49.790367126464844 51.25094223022461 51.3322868347168 51.039424896240234 49.678367614746094 51.1409912109375 51.36249542236328 50.29616165161133 
54.26380920410156 54.68483352661133 54.57727813720703 55.3671989440918 55.043521881103516 54.99871826171875 56.53478240966797 55.84624099731445 
55.29945755004883 54.56809616088867 54.33827209472656 54.66553497314453 55.232383728027344 54.74403381347656 56.117919921875 54.49612808227539 
55.99420928955078 55.2407341003418 54.6952018737793 53.57551956176758 54.96076965332031 55.1064338684082 54.951839447021484 56.70675277709961 
54.34479904174805 54.481632232666016 54.37807846069336 54.635807037353516 54.865150451660156 54.67919921875 54.9903678894043 56.12140655517578 
55.57459259033203 55.12268829345703 55.84953689575195 54.35081481933594 54.941505432128906 54.82835388183594 54.810302734375 52.70848083496094 
54.881248474121094 55.739105224609375 55.634849548339844 56.188350677490234 55.35468673706055 54.600318908691406 54.4312629699707 55.28742218017578 
54.58550262451172 54.75008010864258 54.43280029296875 54.17580795288086 55.16553497314453 55.84681701660156 55.73680114746094 56.016929626464844 
53.86627197265625 54.63056182861328 55.364192962646484 55.30803298950195 54.54198455810547 56.270206451416016 55.292030334472656 55.04179382324219 
55.74105453491211 55.87491226196289 55.5164794921875 53.69046401977539 53.92095947265625 55.27356719970703 55.40275192260742 55.506622314453125 
54.79452896118164 55.009857177734375 54.74678421020508 55.1484489440918 55.059104919433594 54.633663177490234 55.696414947509766 55.496097564697266 
45.23129653930664 45.340736389160156 43.742431640625 44.596832275390625 45.52297592163086 43.461280822753906 45.259552001953125 45.363136291503906 
45.71968078613281 45.26483154296875 45.544864654541016 44.244449615478516 45.940513610839844 45.06694412231445 44.89827346801758 45.978111267089844 
46.11043167114258 44.857696533203125 44.453857421875 45.17782211303711 44.998817443847656 44.42879867553711 45.84128189086914 44.84988784790039 
46.56159973144531 45.589569091796875 45.777374267578125 44.562049865722656 46.03059387207031 45.54732894897461 45.355934143066406 45.98556900024414 
46.142974853515625 45.38054275512695 43.95654296875 45.44460678100586 45.27305603027344 44.61747360229492 45.35628890991211 45.09801483154297 
46.21702575683594 45.5621452331543 44.47964859008789 45.18928146362305 45.41270446777344 44.37993621826172 45.49001693725586 45.25564956665039 
47.193599700927734 44.706111907958984 45.985694885253906 45.13564682006836 45.12451171875 45.89958572387695 44.74515151977539 45.46675109863281 
47.54857635498047 44.1214714050293 45.28496170043945 45.66854476928711 44.186302185058594 45.648704528808594 45.6525764465332 43.717472076416016 
47.08528137207031 44.13267135620117 45.26076889038086 44.41027069091797 44.20943832397461 45.31849670410156 45.65206527709961 44.071678161621094 
45.611839294433594 45.55235290527344 44.14534378051758 45.22361755371094 45.51504135131836 44.30857467651367 45.80595016479492 45.44416046142578 
49.91766357421875 50.074432373046875 48.47488021850586 50.49375915527344 50.2193603515625 49.73641586303711 49.03500747680664 51.125022888183594 
49.28422546386719 49.847713470458984 48.64863967895508 50.48064041137695 49.465633392333984 49.14847946166992 50.057857513427734 50.76176071166992 
49.87724685668945 50.158302307128906 48.37887954711914 50.14700698852539 49.00553512573242 48.85283279418945 50.19753646850586 49.93622589111328 
48.80995178222656 49.76736068725586 49.153568267822266 49.862911224365234 49.286495208740234 50.404415130615234 50.480926513671875 48.83910369873047 
49.618465423583984 48.84415817260742 48.86329650878906 49.753089904785156 50.324798583984375 49.375328063964844 50.17961502075195 50.71833419799805 
49.83612823486328 50.434913635253906 49.98060989379883 47.976417541503906 50.96607971191406 50.55027389526367 49.900672912597656 49.538719177246094 
50.42764663696289 49.399166107177734 48.63401412963867 50.303489685058594 50.024288177490234 49.22687911987305 49.818016052246094 50.4699821472168 
50.41881561279297 48.941505432128906 48.66787338256836 50.51017761230469 49.27062225341797 49.922752380371094 49.60950469970703 50.01465606689453 
49.87849426269531 50.150081634521484 48.60166549682617 50.4703369140625 48.44780731201172 49.04313659667969 49.94384002685547 50.31817626953125 
48.83500671386719 49.3133430480957 49.073665618896484 49.7391357421875 50.33321762084961 49.18812942504883 50.30335998535156 50.508705139160156 
59.98992156982422 58.45167922973633 56.47324752807617 57.20934295654297 56.87705612182617 58.470272064208984 56.71110534667969 57.90492630004883 
56.76620864868164 56.96860885620117 57.77008056640625 56.2743034362793 57.67094421386719 57.063072204589844 58.560447692871094 58.61705780029297 
57.71971130371094 56.69395065307617 57.785953521728516 56.55449676513672 57.684959411621094 58.1781120300293 57.54899215698242 56.830718994140625 
58.02924728393555 56.85276794433594 56.646209716796875 57.99817657470703 57.72867202758789 56.709983825683594 56.32720184326172 58.7806396484375 
58.27948760986328 57.017024993896484 56.79344177246094 57.5431022644043 58.44563293457031 57.56639862060547 57.33820724487305 58.47382354736328 
57.52928161621094 55.90991973876953 56.48467254638672 58.51558303833008 58.10627365112305 56.585662841796875 56.98428726196289 57.77446365356445 
57.837791442871094 55.25676727294922 57.038368225097656 56.5994873046875 57.01795196533203 56.67887878417969 58.35148620605469 56.96476745605469 
57.864990234375 57.19939041137695 55.7520637512207 57.48649597167969 58.712127685546875 57.40332794189453 56.920318603515625 57.5335693359375 
57.596832275390625 58.023040771484375 56.8238410949707 57.09856033325195 57.96476745605469 57.05731201171875 56.6357421875 57.488990783691406 
58.670654296875 58.57235336303711 57.58790588378906 56.6789436340332 57.963199615478516 57.35007858276367 57.04316711425781 56.591007232666016 
40.83238220214844 41.04489517211914 40.6162223815918 41.13740921020508 41.82863998413086 41.815391540527344 41.57756805419922 40.42601776123047 
41.45532989501953 40.93977737426758 41.34822463989258 40.714752197265625 40.020286560058594 40.678367614746094 40.63443374633789 40.028446197509766 
42.47126388549805 41.09356689453125 40.35811233520508 39.8177604675293 40.23564910888672 40.8133430480957 40.63993453979492 40.30121612548828 
41.38332748413086 41.598846435546875 41.12131118774414 41.44432067871094 40.67919921875 41.48921585083008 40.836097717285156 39.971134185791016 
41.189857482910156 41.3823356628418 41.23001480102539 41.955806732177734 40.74803161621094 41.56105422973633 41.24198532104492 40.26249694824219 
41.28995132446289 41.03104019165039 40.613502502441406 40.80720138549805 39.94499206542969 39.53007888793945 40.34889602661133 40.53683090209961 
41.58134460449219 41.83113479614258 41.727935791015625 41.22895812988281 39.587615966796875 40.21699142456055 41.41657638549805 40.55100631713867 
41.55302429199219 41.21094512939453 40.978721618652344 40.407840728759766 39.968318939208984 40.58281707763672 40.38790512084961 40.57126235961914 
41.47804641723633 41.89535903930664 41.68195343017578 41.068321228027344 40.20275115966797 41.06687927246094 40.82585525512695 40.67817687988281 
41.43952178955078 41.1038703918457 39.57475280761719 41.12723159790039 40.26192092895508 40.70489501953125 40.37855911254883 40.26988983154297 
128.19171142578125 131.69158935546875 131.49224853515625 130.8784942626953 128.80581665039062 128.8101806640625 130.17478942871094 131.7281951904297 
35.78569412231445 33.935550689697266 34.23078536987305 33.55596923828125 34.290496826171875 33.670623779296875 33.95404815673828 33.457054138183594 
129.33013916015625 129.02316284179688 128.3741455078125 127.54144287109375 130.4943389892578 130.45660400390625 129.29119873046875 129.06393432617188 
38.311614990234375 34.270782470703125 34.46636962890625 33.933502197265625 33.945247650146484 34.017887115478516 34.38246536254883 35.021854400634766 
127.60575866699219 126.569091796875 128.27920532226562 128.87213134765625 129.20742797851562 133.28652954101562 130.2445068359375 129.9890594482422 
37.20841598510742 34.17478561401367 33.979488372802734 33.297889709472656 34.005985260009766 34.652095794677734 34.61212921142578 34.58486557006836 
128.27401733398438 131.76669311523438 129.8778533935547 130.24038696289062 128.72589111328125 131.61549377441406 128.48809814453125 129.13107299804688 
38.31043243408203 34.50908660888672 34.53948974609375 33.96265411376953 34.506046295166016 33.786399841308594 34.22844696044922 33.66227340698242 
130.08253479003906 127.16989135742188 130.07212829589844 128.76300048828125 130.5433349609375 134.46546936035156 129.59344482421875 127.5215072631836 
37.70457458496094 34.3185920715332 33.839073181152344 33.663326263427734 33.402400970458984 33.604705810546875 33.9233283996582 34.03456115722656 
127.25132751464844 128.7528076171875 129.7967987060547 128.2308807373047 127.61510467529297 128.10806274414062 128.61672973632812 129.41046142578125 
36.41846466064453 33.741119384765625 34.24457550048828 33.53126525878906 34.20140838623047 33.58816146850586 34.148929595947266 33.44755172729492 
129.8446044921875 130.68553161621094 127.98384094238281 129.79136657714844 128.19920349121094 129.64918518066406 129.67945861816406 127.9681625366211 
36.5148811340332 34.18057632446289 34.39827346801758 34.611934661865234 34.051841735839844 34.45881652832031 33.520225524902344 34.48588943481445 
128.01011657714844 128.98236083984375 131.48439025878906 129.46791076660156 133.77874755859375 127.76592254638672 128.7400360107422 128.544677734375 
36.67375946044922 34.83491134643555 34.617374420166016 34.70943832397461 33.81238555908203 34.43475341796875 33.54470443725586 34.32796859741211 
129.7210235595703 129.7553253173828 130.0002899169922 127.73987579345703 129.0482177734375 129.65164184570312 130.36282348632812 128.2142333984375 
36.70479965209961 34.633697509765625 34.45257568359375 34.70985412597656 34.742942810058594 34.32950210571289 33.65193557739258 34.261566162109375 
130.08172607421875 127.6743392944336 130.2696990966797 126.06304168701172 130.84410095214844 134.55657958984375 128.47254943847656 125.89580535888672 
36.48611068725586 34.029823303222656 33.58860778808594 33.78841781616211 33.46342468261719 34.1497917175293 33.99398422241211 34.13350296020508 
46.088191986083984 44.41999816894531 45.339168548583984 45.87363052368164 44.39043045043945 46.00070571899414 45.476768493652344 44.88179016113281 
47.4884147644043 45.96255874633789 45.11238479614258 45.68476867675781 45.51331329345703 44.76358413696289 46.343265533447266 45.53184127807617 
46.31593704223633 45.386783599853516 44.82380676269531 46.13808059692383 44.73811340332031 44.45414352416992 45.967071533203125 44.67443084716797 
45.92601776123047 45.62358474731445 43.64944076538086 46.202720642089844 45.582847595214844 45.45391845703125 46.337982177734375 44.56022262573242 
45.668128967285156 46.14966583251953 44.76787185668945 45.5098876953125 45.83763122558594 44.77753448486328 45.75920104980469 45.51388931274414 
46.573184967041016 44.40195083618164 45.76345443725586 45.56963348388672 44.7782096862793 46.101951599121094 45.55110549926758 45.60976028442383 
47.67340850830078 45.00143814086914 45.26652908325195 46.193729400634766 44.61151885986328 45.58988952636719 45.75676727294922 44.637088775634766 
47.146305084228516 45.26339340209961 45.67145538330078 45.87606430053711 45.31129455566406 45.648895263671875 45.480926513671875 45.81062316894531 
48.2421760559082 45.702911376953125 45.81388854980469 44.86396789550781 46.18431854248047 44.95315170288086 45.37740707397461 46.03433609008789 
47.055328369140625 45.85513687133789 44.936256408691406 45.08844757080078 45.48783874511719 45.65836715698242 44.96665573120117 44.725311279296875 
56.21775817871094 54.40595245361328 55.046783447265625 54.37571334838867 54.772254943847656 54.95683288574219 55.13737487792969 56.15484619140625 
56.73231887817383 55.69676971435547 55.43638229370117 54.349632263183594 54.36198425292969 54.059391021728516 54.906463623046875 55.24076843261719 
55.303775787353516 54.73871994018555 53.950111389160156 54.11404800415039 54.42319869995117 54.7789421081543 54.414913177490234 55.38230514526367 
56.937313079833984 56.01270294189453 55.84012985229492 55.40016174316406 56.45977783203125 55.64467239379883 55.21430587768555 54.75680160522461 
56.986881256103516 55.50896072387695 56.61520004272461 54.423423767089844 54.453983306884766 54.78732681274414 54.37027359008789 54.59174346923828 
55.51046371459961 56.61881637573242 54.51136016845703 56.18735885620117 56.0810546875 55.54576110839844 54.28249740600586 54.84044647216797 
57.173824310302734 55.55855941772461 55.832481384277344 56.20934295654297 55.341888427734375 54.597408294677734 54.539424896240234 54.219425201416016 
56.20355224609375 54.0299186706543 56.0013427734375 55.26454544067383 54.082977294921875 54.28451156616211 54.18707275390625 55.05958557128906 
56.053470611572266 55.85433578491211 55.12604904174805 54.735233306884766 54.787166595458984 54.30854415893555 55.14726257324219 55.62598419189453 
56.11929702758789 54.2022705078125 54.840065002441406 55.3864631652832 55.864768981933594 56.85734558105469 55.240478515625 56.19062423706055 
43.743934631347656 43.171390533447266 42.47417449951172 42.621726989746094 42.88150405883789 43.59199905395508 43.45558547973633 42.294273376464844 
43.381568908691406 42.204959869384766 43.47139358520508 43.727169036865234 43.55763244628906 41.6420783996582 42.7685432434082 42.95644760131836 
44.86796951293945 41.722110748291016 41.77724838256836 42.6569938659668 43.118080139160156 43.17718505859375 43.52403259277344 42.94825744628906 
44.27008056640625 42.51808166503906 42.48720169067383 42.954368591308594 44.051422119140625 43.35033416748047 43.390846252441406 42.46928024291992 
42.91872024536133 43.548927307128906 43.48508834838867 42.521888732910156 42.54502487182617 43.37513732910156 43.307552337646484 43.72832107543945 
45.86272048950195 42.648704528808594 43.231361389160156 44.027809143066406 42.99241638183594 41.967552185058594 41.656959533691406 43.35513687133789 
43.52431869506836 42.83871841430664 42.56265640258789 42.58768081665039 42.650047302246094 43.40281677246094 44.116416931152344 43.40963363647461 
45.15052795410156 43.64003372192383 41.89616012573242 42.55500793457031 42.53065490722656 43.6690559387207 43.85897445678711 42.640926361083984 
42.488224029541016 43.0898551940918 43.10492706298828 43.73017501831055 43.150081634521484 42.650753021240234 43.429534912109375 43.78665542602539 
43.68822479248047 43.63942337036133 42.354305267333984 42.442848205566406 42.330528259277344 43.399742126464844 43.93427276611328 43.27833557128906 
43.5997428894043 40.78704071044922 41.07680130004883 41.657344818115234 41.991390228271484 42.38771057128906 43.0832633972168 41.28752136230469 
42.93423843383789 42.84956741333008 42.345951080322266 41.64761734008789 41.490272521972656 41.73215866088867 42.27926254272461 41.65577697753906 
42.142784118652344 41.606815338134766 42.14006423950195 42.20912170410156 42.66672134399414 42.32646560668945 41.338687896728516 41.93324661254883 
42.5654411315918 42.35209655761719 41.97865676879883 42.494815826416016 41.569087982177734 41.38719940185547 41.053951263427734 42.363040924072266 
42.56787109375 41.515262603759766 42.46601486206055 42.569183349609375 41.934078216552734 41.106529235839844 41.38966369628906 42.2369270324707 
42.83216094970703 42.49497604370117 42.561248779296875 42.0211181640625 41.13539123535156 40.488990783691406 41.8001594543457 42.24220657348633 
42.62873458862305 41.51612854003906 42.94851303100586 42.28575897216797 41.08927917480469 41.5428466796875 42.068702697753906 42.03926467895508 
43.00815963745117 42.69721603393555 42.4054069519043 40.630401611328125 41.94492721557617 41.4005126953125 41.67283248901367 42.0912971496582 
43.30121612548828 42.89049530029297 42.08454513549805 42.20479965209961 41.7545280456543 41.35724639892578 41.39788818359375 42.388126373291016 
42.92220687866211 41.36000061035156 42.69033432006836 42.01273727416992 41.729087829589844 42.105918884277344 42.168479919433594 42.710174560546875 
46.87686538696289 44.834049224853516 45.647071838378906 46.03443145751953 45.59513473510742 46.94364929199219 44.83260726928711 44.97657775878906 
45.04326248168945 45.9093132019043 45.670753479003906 45.123329162597656 45.18921661376953 46.11404800415039 45.92860794067383 46.504608154296875 
46.85443115234375 45.505374908447266 45.89244842529297 46.64531326293945 46.07833480834961 46.384735107421875 44.99484634399414 46.163360595703125 
46.36137771606445 44.8804817199707 46.22355270385742 45.75948715209961 45.74067306518555 46.81804656982422 45.167999267578125 45.031009674072266 
45.72828674316406 46.25641632080078 44.300926208496094 46.31465530395508 46.392032623291016 45.58415985107422 46.07583999633789 45.12556838989258 
46.28633499145508 46.06073760986328 45.250144958496094 46.926849365234375 44.69878387451172 46.69571304321289 45.874271392822266 45.82896041870117 
45.931392669677734 44.92998504638672 46.45561599731445 45.131935119628906 46.23507308959961 46.400543212890625 45.87139129638672 45.70880126953125 
45.156288146972656 45.93967819213867 45.87968063354492 45.727264404296875 44.843040466308594 45.04787063598633 46.599998474121094 46.172096252441406 
46.418880462646484 45.04265594482422 46.181983947753906 45.5489616394043 46.36252975463867 45.8897590637207 46.09324645996094 46.21353530883789 
45.383392333984375 46.808990478515625 45.96518325805664 46.32185745239258 45.895294189453125 45.58745574951172 46.72854232788086 45.043521881103516 
56.401119232177734 56.210880279541016 55.92790222167969 55.48284912109375 54.90652847290039 54.82156753540039 55.11376190185547 55.831390380859375 
55.83046340942383 56.011905670166016 55.119361877441406 55.66352081298828 54.90265655517578 55.289215087890625 56.33020782470703 55.91747283935547 
55.319393157958984 54.785247802734375 54.926143646240234 54.59408187866211 55.3089599609375 56.230079650878906 56.07779312133789 56.138526916503906 
55.00668716430664 54.964481353759766 55.01081466674805 55.23788833618164 56.2790412902832 54.814369201660156 56.64336013793945 56.339393615722656 
56.3704948425293 56.16864013671875 55.67164611816406 55.181182861328125 54.38963317871094 53.529056549072266 54.98854446411133 55.71363067626953 
57.81071853637695 55.41593551635742 54.26134490966797 54.4703369140625 54.59126281738281 54.65776062011719 55.49359893798828 55.78956985473633 
55.45280075073242 56.81455993652344 56.703582763671875 54.19206237792969 55.44377517700195 54.57340621948242 54.608062744140625 54.94627380371094 
56.51881790161133 55.7762565612793 56.08595275878906 54.917022705078125 54.8015022277832 55.13782501220703 55.586368560791016 55.366207122802734 
56.253089904785156 55.317440032958984 57.382049560546875 54.92668914794922 54.67548751831055 55.08137512207031 55.548095703125 55.00377655029297 
58.69180679321289 56.36886215209961 55.17728042602539 56.46851348876953 56.12236785888672 54.4101448059082 54.94611358642578 54.31625747680664 
62.42700958251953 62.057472229003906 61.694976806640625 62.39689636230469 60.64886474609375 61.66972732543945 62.68755340576172 62.87148666381836 
60.70585632324219 60.44240188598633 62.15795135498047 62.88127899169922 60.02544021606445 62.467742919921875 61.20697784423828 62.67497634887695 
62.32067108154297 61.19136047363281 61.60649490356445 62.65475082397461 61.5186882019043 62.01561737060547 61.72614288330078 59.478912353515625 
61.84406280517578 62.2749137878418 60.926719665527344 62.188385009765625 60.85353469848633 61.34143829345703 61.805503845214844 62.46700668334961 
60.41196823120117 61.0524787902832 61.33206558227539 61.51808166503906 62.01804733276367 62.34822463989258 61.534175872802734 62.11692810058594 
61.93891143798828 62.515201568603516 61.965087890625 62.33055877685547 61.81840133666992 61.794464111328125 62.32156753540039 59.92803192138672 
61.43260955810547 62.66739273071289 60.206111907958984 62.45119857788086 60.190208435058594 61.90662384033203 59.2655029296875 61.31792068481445 
62.32390213012695 60.57619094848633 61.84102249145508 61.6921272277832 60.83910369873047 58.458465576171875 63.336769104003906 62.00361633300781 
61.89273452758789 59.85590362548828 61.4574089050293 62.3265266418457 61.39769744873047 60.28815841674805 61.17225646972656 62.33407974243164 
61.932159423828125 61.36588668823242 61.447425842285156 61.21161651611328 62.25923156738281 61.216094970703125 61.503936767578125 60.52096176147461 
63.399295806884766 62.013343811035156 62.300865173339844 60.025760650634766 62.185054779052734 61.416255950927734 62.07891082763672 61.61724853515625 
62.80339050292969 60.29644775390625 62.26518249511719 61.98931121826172 61.712703704833984 62.57718276977539 61.162750244140625 61.94054412841797 
62.41596984863281 59.032928466796875 61.07564926147461 60.47455978393555 62.07148742675781 62.6176643371582 61.15520095825195 62.08867263793945 
62.887550354003906 59.919776916503906 62.51996612548828 61.71753692626953 60.353023529052734 62.111488342285156 61.21161651611328 60.8040657043457 
61.119327545166016 61.82495880126953 61.67657470703125 60.924320220947266 60.8199348449707 62.34473419189453 61.231231689453125 61.34364700317383 
61.275230407714844 61.90089416503906 61.61318588256836 62.457088470458984 61.23299026489258 61.7762565612793 60.60038375854492 61.68191909790039 
61.53587341308594 61.37081527709961 61.774879455566406 62.76889419555664 61.413089752197266 62.441856384277344 60.97772979736328 61.787841796875 
60.99990463256836 62.270782470703125 61.78713607788086 61.680992126464844 62.23292922973633 61.105247497558594 61.64761734008789 60.72502517700195 
63.16038513183594 61.33375930786133 61.63043212890625 60.832672119140625 62.29302215576172 62.058624267578125 60.196224212646484 62.605377197265625 
61.1890869140625 61.919105529785156 61.604190826416016 60.95820617675781 61.156673431396484 62.179649353027344 60.86076736450195 61.834815979003906 
34.597408294677734 33.264705657958984 33.84883117675781 33.16883087158203 33.90800094604492 33.314430236816406 33.442142486572266 33.331905364990234 
35.045921325683594 34.216670989990234 33.144927978515625 33.70876693725586 34.08550262451172 33.77734375 33.311073303222656 33.619232177734375 
34.087486267089844 34.16262435913086 33.847774505615234 34.16758346557617 34.108673095703125 33.911903381347656 34.284095764160156 34.515968322753906 
34.3482551574707 34.03065490722656 34.48255920410156 34.22297668457031 34.010623931884766 33.99571228027344 33.5463981628418 33.96806335449219 
37.489952087402344 33.00761413574219 34.007808685302734 34.27542495727539 34.08844757080078 33.95673751831055 34.12675094604492 34.447776794433594 
35.93183898925781 33.84143829345703 34.27449417114258 33.62083053588867 33.73420715332031 33.37910461425781 33.89433670043945 34.43075180053711 
35.27801513671875 34.14262390136719 34.59529495239258 33.71027374267578 33.90876770019531 33.719390869140625 33.98259353637695 33.690433502197266 
34.80275344848633 33.51491165161133 34.32255935668945 33.63180923461914 33.909217834472656 33.602081298828125 33.76704025268555 34.14595031738281 
37.45475387573242 34.398624420166016 34.215614318847656 33.82592010498047 34.22441482543945 33.42348861694336 33.77609634399414 33.700801849365234 
35.938175201416016 34.13343811035156 33.85935974121094 34.089664459228516 33.55177688598633 33.63932800292969 33.814273834228516 34.01241683959961 
44.56313705444336 43.12345504760742 43.652992248535156 44.859073638916016 43.48524856567383 43.776126861572266 44.83420944213867 43.43052673339844 
44.10319900512695 44.136959075927734 43.488800048828125 44.28803253173828 44.208927154541016 43.2125129699707 43.2911376953125 44.50009536743164 
44.161888122558594 43.575199127197266 43.38249588012695 44.827903747558594 43.729248046875 43.63167953491211 44.82444763183594 43.632606506347656 
43.14214324951172 43.98393630981445 44.030208587646484 43.25155258178711 43.98371124267578 44.68672180175781 43.513824462890625 44.099361419677734 
44.6866569519043 43.436161041259766 44.41007995605469 43.77791976928711 43.57292938232422 44.984832763671875 43.772159576416016 43.94374465942383 
43.95334243774414 44.82767868041992 43.75116729736328 43.90217590332031 44.84259033203125 43.51513671875 43.926239013671875 44.650848388671875 
44.607391357421875 44.33216094970703 43.21692657470703 44.40224075317383 44.310302734375 43.057918548583984 44.705535888671875 44.37625503540039 
43.95657730102539 44.1280632019043 43.4477424621582 44.03200149536133 44.14195251464844 43.43270492553711 44.272830963134766 44.09648132324219 
43.76787185668945 44.6517448425293 43.38713455200195 44.248863220214844 44.70035171508789 43.37027359008789 43.9791374206543 44.48044967651367 
43.37171173095703 44.51676940917969 44.2108154296875 42.456417083740234 44.686622619628906 44.3337287902832 43.22627258300781 44.62633514404297 
65.22415924072266 63.46614456176758 65.52950286865234 64.06368255615234 63.52431869506836 65.2325439453125 65.8226547241211 64.95257568359375 
63.70755386352539 65.39676666259766 67.12166595458984 66.05120086669922 64.43689727783203 63.30998229980469 66.37561798095703 66.27123260498047 
65.23741149902344 64.10269165039062 63.11219024658203 64.8097915649414 64.21017456054688 65.57440185546875 66.28765106201172 66.51449584960938 
65.77613067626953 64.04342651367188 63.6383056640625 65.89500427246094 63.899009704589844 63.87539291381836 65.14895629882812 66.49651336669922 
64.24393463134766 63.67958450317383 66.66893005371094 65.8155517578125 64.6659164428711 65.25897979736328 65.46953582763672 66.4447021484375 
64.55232238769531 63.54444885253906 63.502079010009766 65.57170867919922 66.5191650390625 65.69776153564453 63.762943267822266 65.86576080322266 
65.19209289550781 63.604190826416016 65.18681335449219 64.66547393798828 62.53798294067383 64.91426849365234 65.3177261352539 64.4464340209961 
64.03174591064453 63.75609588623047 65.83356475830078 63.90576171875 64.94620513916016 64.99209594726562 65.76850891113281 64.38499450683594 
64.34909057617188 63.50262451171875 64.36153411865234 64.58438110351562 65.34508514404297 65.50294494628906 63.677345275878906 63.74371337890625 
63.875648498535156 65.13919830322266 64.15090942382812 63.50899124145508 64.59324645996094 64.77401733398438 63.663326263427734 67.5830078125 
41.69744110107422 38.261695861816406 38.481502532958984 38.29462432861328 38.310462951660156 37.528446197509766 39.106143951416016 38.44963073730469 
39.464351654052734 38.05052947998047 37.472225189208984 38.384864807128906 38.79715347290039 38.623680114746094 38.667327880859375 38.98342514038086 
40.741729736328125 37.69782257080078 38.63129425048828 37.73993682861328 38.21897506713867 38.363521575927734 38.73980712890625 38.95606231689453 
40.01567840576172 38.618526458740234 38.22636795043945 38.62947082519531 38.44902420043945 38.322078704833984 37.76515197753906 39.73596954345703 
39.9285774230957 38.50611114501953 38.099552154541016 37.52489471435547 38.11715316772461 39.11286544799805 38.36115264892578 38.702945709228516 
39.57340621948242 38.884735107421875 37.93180847167969 39.10780715942383 38.62313461303711 38.472991943359375 38.69033432006836 38.77897644042969 
39.61395263671875 39.040096282958984 39.28950500488281 38.93040084838867 38.4205436706543 38.349246978759766 38.58454513549805 38.223487854003906 
41.250431060791016 38.69411087036133 38.69180679321289 38.30441665649414 37.93199920654297 37.897281646728516 39.021087646484375 39.700382232666016 
40.2042236328125 38.151615142822266 38.56553649902344 38.49763107299805 38.58464050292969 38.10006332397461 38.67500686645508 39.0700798034668 
41.038272857666016 38.16115188598633 38.304542541503906 38.721153259277344 38.44169616699219 38.549983978271484 37.40764617919922 39.89440155029297 
36.73030471801758 36.721153259277344 37.04220962524414 36.73004913330078 36.370079040527344 35.5318717956543 36.94054412841797 37.00559997558594 
37.142398834228516 36.077632904052734 36.343040466308594 35.721214294433594 36.729854583740234 36.623905181884766 36.249534606933594 37.40422439575195 
37.140384674072266 36.360191345214844 36.483551025390625 35.84832000732422 37.21110534667969 36.617408752441406 36.79411315917969 37.088287353515625 
38.117408752441406 35.76860809326172 36.96403121948242 36.824737548828125 36.32233428955078 37.19990539550781 36.459007263183594 36.89913558959961 
36.501953125 35.59494400024414 37.12019348144531 36.91913604736328 36.733150482177734 36.726497650146484 35.825313568115234 36.712703704833984 
39.23440170288086 35.914398193359375 37.09475326538086 36.65475082397461 36.77372741699219 36.9516487121582 36.83827209472656 36.853153228759766 
36.69004821777344 36.372737884521484 36.503360748291016 36.757728576660156 36.2105598449707 37.06787109375 36.70550537109375 36.918880462646484 
37.27369689941406 35.75718307495117 36.48585510253906 35.98342514038086 36.90198516845703 36.74991989135742 36.32041549682617 37.21305465698242 
36.11452865600586 36.5863037109375 36.3111686706543 35.82467269897461 36.59097671508789 35.68489456176758 37.05628967285156 36.80518341064453 
38.10918426513672 36.099552154541016 36.69715118408203 35.78268814086914 37.14716720581055 36.881343841552734 36.53036880493164 36.9686393737793 
103.67318725585938 103.95938873291016 102.43993377685547 104.20130920410156 103.24332427978516 103.25353240966797 103.204833984375 103.58182525634766 
102.78601837158203 101.45884704589844 103.16697692871094 105.52009582519531 103.73875427246094 102.37052917480469 104.99446105957031 103.55068969726562 
102.11721801757812 104.91324615478516 102.81683349609375 103.53011322021484 103.8267822265625 104.94902038574219 103.1899185180664 103.31501007080078 
100.84009552001953 101.99030303955078 106.6665267944336 101.30265808105469 103.55615997314453 104.33596801757812 105.99581146240234 101.93328094482422 
102.5713882446289 103.68716430664062 105.4964828491211 105.17266845703125 101.30499267578125 105.06995391845703 103.82166290283203 102.86434936523438 
102.3076171875 101.05763244628906 105.05833435058594 103.73363494873047 101.28044891357422 105.2391357421875 102.19884490966797 103.40812683105469 
101.46002960205078 103.28950500488281 101.91763305664062 104.59884643554688 103.86224365234375 100.91574096679688 103.07341003417969 98.71126556396484 
103.80857849121094 104.83116912841797 101.53199768066406 101.86083221435547 104.34591674804688 103.38787078857422 101.93360137939453 102.58364868164062 
102.09149169921875 102.49481964111328 101.91053009033203 104.55510711669922 103.85308837890625 102.30265808105469 106.05510711669922 101.40306854248047 
103.20963287353516 102.74224090576172 102.23583984375 102.41251373291016 104.06448364257812 105.08918762207031 103.6251220703125 105.90191650390625 
69.1678695678711 66.99715423583984 67.56400299072266 66.89507293701172 68.10797119140625 68.10150146484375 67.97945404052734 69.60115051269531 
67.83168029785156 65.69782257080078 67.1960678100586 67.69302368164062 67.7923812866211 67.63097381591797 67.70159912109375 68.99651336669922 
67.39119720458984 68.21478271484375 67.38848114013672 68.18838500976562 67.22716522216797 67.90790557861328 67.73442840576172 68.0465316772461 
67.24658966064453 66.49120330810547 68.02333068847656 66.10054779052734 67.5849609375 68.37567901611328 68.42189025878906 71.82563018798828 
67.22077178955078 67.21491241455078 67.42422485351562 67.28668975830078 67.92720031738281 67.5564193725586 68.93110656738281 68.49811553955078 
68.80646514892578 65.47798156738281 67.27350616455078 67.82015991210938 64.85564422607422 68.11955261230469 68.38307189941406 70.32809448242188 
67.77565002441406 67.2965087890625 66.67951965332031 68.00131225585938 67.22531127929688 67.92495727539062 67.91609954833984 70.46109008789062 
68.66329956054688 66.69036865234375 67.56253051757812 66.76569366455078 67.7603530883789 68.29964447021484 68.08662414550781 69.54684448242188 
67.3853759765625 67.19529724121094 67.66687774658203 66.27734375 68.04621124267578 68.34153747558594 68.01420593261719 68.40137481689453 
66.59750366210938 66.6903076171875 65.83740997314453 67.01660919189453 66.41535949707031 68.0414047241211 68.127197265625 70.67648315429688 
65.02505493164062 63.49699020385742 66.05843353271484 65.12445068359375 63.12268829345703 64.62105560302734 65.28630065917969 63.70259094238281 
66.31641387939453 63.79072189331055 63.838783264160156 65.84796905517578 64.43555450439453 63.445953369140625 66.4175033569336 65.75363159179688 
63.35228729248047 65.12252807617188 65.10924530029297 64.20130920410156 64.23177337646484 63.595489501953125 64.69779205322266 65.38540649414062 
64.0946273803711 60.87897491455078 64.08380889892578 66.90118408203125 65.32617950439453 64.05766296386719 66.24345397949219 65.51209259033203 
64.2007064819336 64.79049682617188 62.84748840332031 63.35446548461914 66.20963287353516 65.56607818603516 64.98377227783203 65.68057250976562 
65.44409942626953 63.63974380493164 63.79955291748047 64.1021728515625 63.30553436279297 66.20492553710938 66.05760192871094 64.15030670166016 
63.86467361450195 65.95692443847656 65.0218276977539 63.061920166015625 64.35782623291016 61.056766510009766 66.70716857910156 67.17161560058594 
65.50233459472656 63.843231201171875 64.12911987304688 61.29792022705078 63.257633209228516 64.39615631103516 64.27385711669922 65.51696014404297 
64.04713439941406 64.48576354980469 62.99692916870117 65.47724914550781 64.5836181640625 63.55209732055664 65.2176284790039 65.23945617675781 
62.0797119140625 65.26461029052734 63.86649703979492 62.580257415771484 65.32780456542969 63.40595245361328 63.05811309814453 65.37120056152344 
32.986656188964844 32.87267303466797 32.59920120239258 33.02131271362305 32.8232307434082 32.81350326538086 32.79270553588867 32.72032165527344 
35.26124954223633 32.78086471557617 31.976032257080078 32.35174560546875 32.38240051269531 33.28656005859375 32.677696228027344 33.6223030090332 
34.05587387084961 32.39686584472656 32.963775634765625 32.98451232910156 32.00492858886719 32.64556884765625 32.57948684692383 32.59145736694336 
33.742462158203125 32.51551818847656 32.06345748901367 32.758880615234375 32.99177551269531 32.96575927734375 32.32966232299805 33.373600006103516 
36.76559829711914 32.014591217041016 32.705535888671875 32.87251281738281 33.00764846801758 32.06438446044922 32.263519287109375 32.69926452636719 
34.1300163269043 32.57884979248047 32.89235305786133 31.99292755126953 31.87331199645996 32.67808151245117 32.326847076416016 33.22111892700195 
35.345855712890625 32.15251159667969 32.95478439331055 32.415584564208984 33.01839828491211 32.49494552612305 32.91107177734375 33.16694259643555 
35.64140701293945 33.35366439819336 32.559425354003906 32.74371337890625 32.8988151550293 33.37849426269531 32.9205436706543 33.301055908203125 
32.69910430908203 32.16569519042969 32.99875259399414 32.29087829589844 32.799102783203125 32.45270538330078 32.993377685546875 32.88524627685547 
34.80918502807617 32.1016960144043 32.34880065917969 32.54912185668945 32.98339080810547 32.29894256591797 33.368064880371094 32.87382507324219 
56.06576156616211 55.14668655395508 55.470848083496094 55.3583984375 55.937408447265625 56.203617095947266 55.876991271972656 57.163841247558594 
57.00601577758789 57.233280181884766 57.11520004272461 56.17580795288086 56.60713577270508 55.48160171508789 55.097599029541016 55.83631896972656 
55.82134246826172 54.96870422363281 55.652801513671875 56.13257598876953 56.56972885131836 54.67216110229492 56.169376373291016 58.30204772949219 
56.833824157714844 56.711360931396484 56.4496955871582 56.58924865722656 56.13923263549805 57.309120178222656 56.01683044433594 55.59385681152344 
57.5332145690918 56.31062316894531 56.29033660888672 55.18975830078125 55.12704086303711 55.293983459472656 55.56003189086914 55.963871002197266 
56.627296447753906 55.53193664550781 55.27347183227539 55.523231506347656 55.54508972167969 56.146366119384766 56.69209671020508 57.73632049560547 
58.395809173583984 57.16921615600586 56.22438430786133 55.63452911376953 55.16048049926758 55.41641616821289 55.60236740112305 56.183902740478516 
55.7407341003418 55.16166305541992 55.85673522949219 56.385440826416016 55.32649612426758 55.86025619506836 56.26339340209961 56.873313903808594 
56.128639221191406 56.40697479248047 56.83036804199219 56.81510543823242 56.1978874206543 57.41379165649414 56.222145080566406 55.61667251586914 
57.81129455566406 57.326847076416016 56.218238830566406 54.89692687988281 55.12656021118164 55.49919891357422 55.112510681152344 55.83903884887695 
43.9700813293457 43.924129486083984 43.46092987060547 44.334110260009766 44.53254318237305 43.53753662109375 43.70188903808594 45.06620788574219 
44.43711853027344 43.280670166015625 44.42425537109375 44.59734344482422 43.2336311340332 44.311744689941406 44.87750244140625 43.26918411254883 
44.3818244934082 44.50543975830078 43.92790222167969 43.302398681640625 44.36918258666992 44.52073669433594 44.2841911315918 43.32831954956055 
44.644287109375 43.91414260864258 44.13235092163086 43.34726333618164 44.43801498413086 44.88560104370117 43.38179016113281 44.31110382080078 
44.60176086425781 44.41600036621094 43.08662414550781 43.64883041381836 44.67107009887695 43.74911880493164 43.30636978149414 44.110015869140625 
44.349342346191406 43.95948791503906 43.663902282714844 44.19606399536133 43.136993408203125 43.98051071166992 44.7592658996582 44.181854248046875 
44.57913589477539 44.23680114746094 44.600704193115234 43.513343811035156 43.15225601196289 43.62294387817383 44.1596794128418 44.33488082885742 
45.00822448730469 44.110111236572266 44.513214111328125 43.87353515625 43.30668640136719 44.169281005859375 44.537025451660156 43.2874870300293 
45.1071662902832 44.63507080078125 44.10895919799805 43.30156707763672 43.941280364990234 43.94015884399414 44.006656646728516 43.52739334106445 
46.467166900634766 44.49299240112305 44.78803253173828 43.569664001464844 44.091583251953125 44.73187255859375 43.83961486816406 43.36159896850586 
60.91436767578125 60.88284683227539 59.110145568847656 59.88844680786133 61.86652755737305 60.795902252197266 61.210689544677734 61.28473663330078 
60.07404708862305 59.834049224853516 61.02793502807617 60.263614654541016 60.796321868896484 59.93171310424805 61.68668746948242 60.03343963623047 
61.21977615356445 60.2243537902832 61.78799819946289 59.57769775390625 59.12246322631836 60.2685432434082 60.651039123535156 61.53859329223633 
60.14303970336914 60.629150390625 59.9719352722168 60.19331359863281 61.09417724609375 59.553279876708984 61.14780807495117 60.37353515625 
60.72643280029297 60.762142181396484 61.29395294189453 61.22758483886719 60.90902328491211 59.85776138305664 60.8276481628418 60.034400939941406 
60.812095642089844 57.7391357421875 60.73980712890625 59.93904113769531 62.34422302246094 61.320960998535156 61.2347526550293 61.49308776855469 
60.47382354736328 61.60044860839844 60.934814453125 60.72902297973633 60.820960998535156 60.77948760986328 61.00070571899414 60.52019119262695 
61.267520904541016 60.59036636352539 60.18012619018555 60.533729553222656 59.677345275878906 61.97740936279297 60.934879302978516 60.60927963256836 
61.697086334228516 60.43212890625 61.052833557128906 60.57542419433594 61.428958892822266 61.15449523925781 61.01206588745117 60.14393615722656 
61.25190353393555 59.99049758911133 59.85606384277344 60.34489440917969 61.444095611572266 59.65980911254883 61.580352783203125 59.81123352050781 
36.7283821105957 36.52703857421875 36.75609588623047 36.59404754638672 36.711456298828125 35.436927795410156 36.71593475341797 36.6901741027832 
35.99766540527344 35.62643051147461 36.61692810058594 36.71571350097656 35.885215759277344 36.62713623046875 36.38934326171875 36.58099365234375 
37.12633514404297 36.09843063354492 35.4699821472168 36.77376174926758 36.70188903808594 36.361534118652344 35.967647552490234 35.512001037597656 
37.40572738647461 36.339073181152344 35.688255310058594 37.00032043457031 36.79654312133789 36.80742263793945 36.262046813964844 36.86867141723633 
37.23331069946289 36.34012985229492 36.654144287109375 36.374942779541016 36.611392974853516 36.14761734008789 36.462432861328125 35.721343994140625 
36.49456024169922 35.708351135253906 36.70316696166992 36.173439025878906 35.43907165527344 36.752288818359375 36.87036895751953 36.31126403808594 
37.07980728149414 36.67827224731445 36.96886444091797 36.07072067260742 35.492000579833984 36.87478256225586 36.56790542602539 36.09795379638672 
36.92399978637695 36.53068923950195 36.45820617675781 36.680606842041016 36.25779342651367 36.982208251953125 36.86102294921875 36.810142517089844 
40.07392120361328 35.84415817260742 35.467041015625 36.08415985107422 36.534271240234375 35.58595275878906 35.6874885559082 36.54489517211914 
37.62297439575195 36.779998779296875 35.77484893798828 36.851871490478516 36.59676742553711 36.72902297973633 35.873023986816406 36.65398406982422 
45.7371826171875 46.279296875 45.62489700317383 46.93580627441406 46.14067077636719 47.26630401611328 46.31862258911133 46.26607894897461 
45.50044631958008 46.19558334350586 46.19308853149414 46.656097412109375 46.74176025390625 46.20851135253906 46.31740951538086 46.56256103515625 
46.62214279174805 46.63516616821289 46.31916809082031 46.85513687133789 46.48844909667969 46.032737731933594 46.394046783447266 46.5302734375 
45.79391860961914 46.69504165649414 46.54908752441406 46.36275100708008 46.47449493408203 46.430049896240234 46.57747268676758 46.83158493041992 
47.49155044555664 46.16009521484375 46.63017654418945 46.9051513671875 46.49113464355469 46.61280059814453 46.31238555908203 47.180416107177734 
46.98767852783203 46.31430435180664 46.296897888183594 46.504417419433594 46.57683181762695 47.52751922607422 45.7564811706543 47.0412483215332 
48.569087982177734 46.14384078979492 46.88444900512695 45.93155288696289 46.90732955932617 45.94553756713867 46.67424011230469 46.041568756103516 
47.257568359375 45.58012771606445 47.19366455078125 45.546783447265625 46.96227264404297 45.635902404785156 46.19468688964844 45.5032958984375 
46.822113037109375 46.04908752441406 46.605918884277344 46.14883041381836 45.86412811279297 45.6761589050293 47.01308822631836 45.621761322021484 
47.38723373413086 46.05219268798828 46.94278335571289 45.334110260009766 47.065311431884766 45.411617279052734 46.52124786376953 45.68783950805664 
59.837440490722656 57.64060974121094 58.49225616455078 56.481056213378906 58.775455474853516 58.120094299316406 60.47331237792969 58.39718246459961 
61.09471893310547 58.42144012451172 59.245697021484375 58.70627212524414 57.52019119262695 60.182464599609375 59.394622802734375 58.461280822753906 
57.852577209472656 57.82262420654297 59.794654846191406 58.399967193603516 59.11606216430664 59.750335693359375 58.99097442626953 58.668609619140625 
58.90086364746094 58.421791076660156 58.744544982910156 59.2806396484375 57.91484832763672 58.14787292480469 60.28105545043945 58.27382278442383 
60.11443328857422 59.14281463623047 56.83299255371094 58.69011306762695 60.136512756347656 57.67558288574219 58.77641677856445 59.55295944213867 
60.22777557373047 59.68540954589844 59.68940734863281 59.58108901977539 58.04191970825195 57.87948989868164 59.46051025390625 58.80307388305664 
59.311424255371094 58.209537506103516 59.604000091552734 59.40425491333008 57.92787170410156 58.56963348388672 59.96681594848633 60.045536041259766 
59.51657485961914 57.543968200683594 59.00371170043945 59.45225524902344 57.99513626098633 59.20387268066406 59.63292694091797 58.2525749206543 
59.144737243652344 59.73571014404297 58.05177688598633 57.870304107666016 57.02684783935547 59.39174270629883 58.962337493896484 58.22428894042969 
60.313663482666016 58.41971206665039 58.26047897338867 59.90390396118164 58.375423431396484 59.60176086425781 57.421024322509766 58.283294677734375 
72.6431655883789 74.79743957519531 72.17501068115234 72.99161529541016 72.2594223022461 72.44483184814453 73.60447692871094 74.65702056884766 
72.58790588378906 72.52339172363281 73.23478698730469 72.69158172607422 73.29682922363281 72.46316528320312 74.0679702758789 75.12137603759766 
74.3704605102539 73.07801818847656 71.62659454345703 73.38963317871094 73.50870513916016 72.98847961425781 73.49906921386719 73.7864990234375 
73.41075134277344 70.55811309814453 72.43084716796875 72.76541137695312 73.90265655517578 73.0893783569336 74.45158386230469 74.19203186035156 
72.87657928466797 70.22054290771484 73.08560180664062 73.26822662353516 74.17964935302734 71.08399963378906 72.64774322509766 75.2306900024414 
73.39667510986328 72.9534683227539 73.81017303466797 74.53836822509766 73.27302551269531 73.07324981689453 72.4518051147461 74.36787414550781 
73.77670288085938 71.38130950927734 72.40393829345703 74.22057342529297 73.3832015991211 73.04332733154297 72.44841766357422 74.95670318603516 
73.1316146850586 72.05372619628906 76.00851440429688 72.48925018310547 71.9458236694336 73.24214172363281 73.29353332519531 73.78275299072266 
73.74470520019531 71.1720962524414 73.11612701416016 72.43020629882812 74.17616271972656 72.6909408569336 73.99436950683594 75.1956787109375 
72.89424133300781 75.18498992919922 73.42002868652344 72.04656219482422 73.41980743408203 72.9300765991211 73.53536224365234 72.76675415039062 
55.457759857177734 55.10396957397461 55.13452911376953 54.73516845703125 53.387489318847656 54.68592071533203 53.96915054321289 53.83766555786133 
54.40848159790039 54.60393524169922 54.942047119140625 55.05116653442383 54.74009704589844 53.66592025756836 55.791358947753906 55.30806350708008 
54.306209564208984 53.178688049316406 53.513248443603516 53.80204772949219 54.1583366394043 53.608863830566406 54.107872009277344 55.05049514770508 
55.579105377197266 53.63587188720703 54.03055953979492 53.712928771972656 54.771488189697266 54.27471923828125 55.51862335205078 55.18611145019531 
55.444862365722656 53.172767639160156 53.69734573364258 54.07059097290039 54.21424102783203 54.625247955322266 54.3612174987793 55.66070556640625 
55.27017593383789 54.104766845703125 54.87123107910156 55.25212860107422 54.67887878417969 53.835487365722656 54.14796829223633 53.49302291870117 
56.2039680480957 54.650657653808594 54.3197135925293 55.117374420166016 54.2061767578125 54.93929672241211 54.378814697265625 55.00614547729492 
55.26508712768555 53.33193588256836 55.57340621948242 55.050655364990234 55.126625061035156 55.09526443481445 54.320289611816406 54.27391815185547 
55.7059211730957 54.291648864746094 54.37334442138672 53.01228713989258 54.912193298339844 53.8803825378418 54.37123107910156 55.445472717285156 
55.814910888671875 54.47235107421875 55.65875244140625 55.47372817993164 53.94326400756836 53.44105529785156 53.77948760986328 53.68902587890625 
66.54169464111328 65.19996643066406 66.02499389648438 65.61542510986328 65.61737823486328 65.61257934570312 65.80364990234375 68.02633666992188 
66.33328247070312 67.34041595458984 66.2845458984375 66.28985595703125 67.22310638427734 66.77273559570312 67.3667221069336 68.48252868652344 
66.25193786621094 65.7429428100586 64.97596740722656 66.7081298828125 66.68809509277344 67.1546859741211 67.30636596679688 67.29417419433594 
65.80508422851562 66.519775390625 66.85657501220703 66.9557113647461 66.92998504638672 66.70829010009766 65.64627075195312 68.07907104492188 
65.56547546386719 66.84105682373047 66.32991790771484 67.62322998046875 67.3509750366211 66.95782470703125 67.52838134765625 68.6104965209961 
65.76060485839844 64.32530975341797 67.61504364013672 67.66429138183594 67.06441497802734 67.70751953125 67.54560089111328 67.92066955566406 
65.42127990722656 67.05699157714844 65.94009399414062 67.49625396728516 66.08777618408203 67.58029174804688 67.0772476196289 66.77168273925781 
66.0863037109375 65.51776123046875 66.56687927246094 64.88409423828125 66.94656372070312 67.78825378417969 67.4049301147461 72.42054748535156 
66.47865295410156 66.34236907958984 67.21161651611328 67.61532592773438 67.63241577148438 67.44992065429688 67.45967864990234 68.06412506103516 
66.48883056640625 65.97901153564453 66.11196899414062 66.36358642578125 67.25353240966797 67.45030212402344 67.70764923095703 68.74336242675781 
51.43385696411133 52.2825927734375 52.61532974243164 51.77977752685547 52.74070358276367 52.48979187011719 51.36787033081055 51.500064849853516 
52.08396911621094 50.39324951171875 51.872161865234375 52.796321868896484 52.32726287841797 52.427391052246094 52.1976318359375 51.14976119995117 
52.51718521118164 51.42230224609375 52.658016204833984 52.54499053955078 52.31964874267578 52.942848205566406 52.37519836425781 50.930049896240234 
53.57865524291992 52.367584228515625 52.5184326171875 52.339134216308594 52.67593765258789 52.11868667602539 51.53366470336914 50.67007827758789 
52.98284912109375 51.05718231201172 51.14940643310547 52.29951858520508 52.03459167480469 52.97132873535156 52.184478759765625 51.381473541259766 
52.91856002807617 51.28646469116211 52.121376037597656 50.87519836425781 51.40691375732422 52.4128303527832 52.43769454956055 52.38489532470703 
52.72265625 51.876094818115234 51.511329650878906 50.79619216918945 52.58367919921875 52.551422119140625 52.48188781738281 52.11983871459961 
53.128353118896484 51.50009536743164 51.18096160888672 51.55830383300781 52.61769485473633 51.84012985229492 53.18483352661133 52.56880187988281 
52.696128845214844 50.70064163208008 53.17737579345703 52.26988983154297 52.327423095703125 51.24409484863281 51.85219192504883 52.225215911865234 
52.52153778076172 50.977569580078125 51.380638122558594 51.51347351074219 51.52867126464844 53.28998565673828 52.751102447509766 52.556095123291016 
71.75360107421875 72.0992660522461 72.60610961914062 73.28972625732422 71.4681625366211 72.24665832519531 71.69286346435547 73.33497619628906 
72.46578979492188 71.09152221679688 69.2291488647461 71.57081604003906 72.76793670654297 73.39775848388672 70.56432342529297 72.86000061035156 
74.19932556152344 73.84217834472656 72.4183349609375 71.31024169921875 71.89459228515625 72.50006103515625 71.24473571777344 72.44659423828125 
72.16278076171875 71.60643005371094 74.54150390625 74.75667572021484 70.82701110839844 71.54051208496094 72.5664291381836 73.4020767211914 
71.54684448242188 71.65740966796875 72.74240112304688 74.74505615234375 73.28406524658203 71.88630676269531 72.25721740722656 74.56707000732422 
73.09347534179688 71.57257843017578 73.49971008300781 71.3733139038086 72.1990737915039 73.47782135009766 73.2569580078125 72.37248229980469 
72.13465881347656 72.37583923339844 69.8084487915039 71.10253143310547 68.44652557373047 72.6918716430664 73.20579528808594 73.30553436279297 
73.46233367919922 71.7594223022461 70.9566421508789 71.58102416992188 68.29548645019531 72.73062133789062 73.2913589477539 72.5799331665039 
73.0382080078125 69.03561401367188 72.6928939819336 71.8177261352539 70.98384094238281 72.15462493896484 73.50377655029297 73.99148559570312 
71.4915542602539 72.12841796875 71.92931365966797 72.98489379882812 73.1263656616211 71.05030059814453 71.5660171508789 73.55503845214844 
73.9862060546875 72.8205795288086 73.54022216796875 75.42960357666016 71.69757080078125 72.4224624633789 74.07673645019531 73.64908599853516 
72.24578857421875 73.51030731201172 73.50873565673828 72.9966049194336 69.80496215820312 75.0453109741211 71.90499114990234 74.2320327758789 
72.49104309082031 70.77616119384766 75.41763305664062 74.12355041503906 73.185791015625 72.42765045166016 75.19554901123047 72.37312316894531 
73.12556457519531 72.67657470703125 74.24553680419922 74.60838317871094 72.83932495117188 74.9610595703125 74.18326568603516 72.43199920654297 
73.41827392578125 73.14064025878906 73.73881530761719 72.89119720458984 71.13836669921875 73.88992309570312 74.5052490234375 72.9334716796875 
72.29609680175781 71.38044738769531 74.26547241210938 71.34259033203125 73.22684478759766 73.7422103881836 74.96669006347656 73.8177261352539 
74.01538848876953 73.5442886352539 73.346435546875 71.88153839111328 73.83631896972656 73.92803192138672 73.53667449951172 74.93500518798828 
73.5789794921875 71.9767074584961 73.50605010986328 73.51423645019531 72.14105224609375 71.93807983398438 73.98973083496094 73.89756774902344 
72.28710174560547 74.021728515625 72.18109130859375 73.49072265625 72.84009552001953 74.08326721191406 73.99846649169922 72.6344985961914 
73.98973083496094 76.4076156616211 72.09343719482422 73.34230041503906 73.70956420898438 71.2459487915039 73.3421401977539 75.55228424072266 
35.170143127441406 33.80390548706055 34.208065032958984 34.72431945800781 33.80614471435547 34.20284652709961 33.930721282958984 34.339168548583984 
37.182430267333984 34.170753479003906 33.16828918457031 34.17923355102539 33.3056640625 34.109249114990234 33.71897506713867 34.13462448120117 
36.459999084472656 34.71420669555664 34.705440521240234 34.40243148803711 33.880897521972656 34.4725456237793 33.345054626464844 34.54719924926758 
38.3590087890625 33.543968200683594 34.15852737426758 34.055519104003906 34.20377731323242 33.929664611816406 34.291969299316406 34.16908645629883 
37.43571090698242 34.27094268798828 33.49692916870117 34.08787155151367 34.37513732910156 34.531776428222656 34.16640090942383 34.427486419677734 
36.091712951660156 34.132545471191406 34.003360748291016 33.06470489501953 34.215614318847656 33.518592834472656 34.23683166503906 33.85673522949219 
36.50611114501953 33.625919342041016 34.196224212646484 33.547550201416016 33.594398498535156 32.89039993286133 34.042144775390625 33.48915100097656 
37.30508804321289 34.26345443725586 33.136287689208984 34.00668716430664 34.05305480957031 34.28960037231445 34.31852722167969 34.200416564941406 
36.372352600097656 33.66553497314453 34.14326477050781 34.54121780395508 34.40755081176758 34.797279357910156 34.43500900268555 34.82112121582031 
36.36323165893555 34.17686462402344 34.509246826171875 34.30083084106445 34.22883224487305 33.76115036010742 34.671905517578125 33.97724914550781 
71.55366516113281 72.60860443115234 68.81295776367188 71.02604675292969 68.86930847167969 71.93507385253906 70.66588592529297 71.76143646240234 
70.24976348876953 70.39014434814453 71.59468841552734 72.36051177978516 71.40435028076172 69.68863677978516 70.74143981933594 70.8806381225586 
69.42652893066406 71.15071868896484 70.05683135986328 71.0363540649414 69.0448989868164 70.74249267578125 69.04937744140625 73.53923034667969 
70.67046356201172 69.9415054321289 69.77740478515625 71.0288314819336 71.19782257080078 70.53517150878906 71.86630249023438 69.70326232910156 
70.06060791015625 70.50243377685547 70.08454132080078 70.8969955444336 71.09292602539062 70.67356872558594 70.53929901123047 71.04239654541016 
69.64966583251953 70.08844757080078 68.58563232421875 71.11817932128906 71.08329772949219 71.07625579833984 70.77597045898438 73.66502380371094 
72.45769500732422 70.83321380615234 70.36515045166016 70.77107238769531 71.78076934814453 71.4020767211914 70.50169372558594 70.85327911376953 
71.94636535644531 70.62908935546875 71.70889282226562 70.90528106689453 73.18585968017578 70.56358337402344 71.41961669921875 70.74739074707031 
72.323486328125 72.33030700683594 69.96441650390625 70.84476470947266 69.08966064453125 71.0346908569336 70.26838684082031 72.48038482666016 
70.37680053710938 69.47904205322266 70.84015655517578 70.41846466064453 70.71478271484375 70.9372787475586 70.07555389404297 73.82406616210938 
124.00409698486328 127.40393829345703 127.38441467285156 126.91849517822266 126.0098876953125 131.58489990234375 124.71619415283203 126.65184020996094 
37.97417449951172 34.65644836425781 35.046302795410156 35.02230453491211 35.45747375488281 34.796897888183594 35.21651077270508 34.619327545166016 
123.4398422241211 129.89187622070312 128.61004638671875 126.78217315673828 126.64185333251953 124.38925170898438 128.15151977539062 127.74793243408203 
38.9760627746582 34.923648834228516 34.75126266479492 35.303489685058594 35.0261116027832 35.37577438354492 34.97603225708008 35.441280364990234 
124.5140151977539 126.88572692871094 124.46566772460938 125.80387115478516 126.65074920654297 126.29065704345703 125.70079803466797 124.98441314697266 
40.19331359863281 34.580318450927734 35.258304595947266 34.277278900146484 34.57484817504883 34.60406494140625 35.17830276489258 34.76704025268555 
125.52684783935547 123.16876983642578 125.34457397460938 128.61785888671875 124.87088012695312 124.9421157836914 125.80150604248047 128.97544860839844 
37.405216217041016 35.05263900756836 35.00815963745117 34.08736038208008 35.002689361572266 35.45052719116211 34.61542510986328 35.23497772216797 
124.41295623779297 128.63821411132812 127.21510314941406 127.26876831054688 125.81734466552734 124.29180908203125 125.52710723876953 126.05532836914062 
38.1541748046875 34.58848190307617 34.460960388183594 35.16179275512695 35.20947265625 35.28044891357422 35.41001510620117 34.823360443115234 
126.08627319335938 125.59728240966797 127.03398132324219 124.09375762939453 126.17830657958984 126.8875503540039 125.25708770751953 125.49276733398438 
37.59676742553711 35.44572830200195 35.400447845458984 34.525535583496094 35.25571060180664 34.28470230102539 34.99430465698242 34.3623046875 
124.42249298095703 127.78889465332031 125.45523071289062 128.36988830566406 127.96294403076172 126.67263793945312 126.52681732177734 123.72994995117188 
39.64051055908203 36.127166748046875 34.86182403564453 35.62351989746094 34.56867218017578 34.80796813964844 34.92134475708008 35.60131072998047 
124.40745544433594 128.13760375976562 128.41407775878906 126.85174560546875 127.40489959716797 125.5994873046875 126.2481918334961 125.060546875 
37.37356948852539 35.53792190551758 35.1945915222168 34.204254150390625 34.81951904296875 35.03459167480469 35.41891098022461 35.48390579223633 
126.61436462402344 126.53929901123047 125.82208251953125 125.1995849609375 131.78163146972656 126.64832305908203 130.5638427734375 125.07266998291016 
37.74611282348633 34.8818244934082 34.80489730834961 35.40585708618164 34.814208984375 35.51126480102539 35.139488220214844 35.50444793701172 
124.8490219116211 125.77958679199219 126.78959655761719 126.38642883300781 128.26451110839844 127.18256378173828 125.74134063720703 127.5506591796875 
38.49318313598633 34.70646286010742 35.07609558105469 34.72364807128906 34.708160400390625 34.853790283203125 35.098304748535156 35.807071685791016 
68.61468505859375 69.84444427490234 68.65010833740234 69.4459228515625 68.82105255126953 68.44790649414062 68.32550048828125 69.65353393554688 
68.42444610595703 67.24918365478516 68.11360168457031 67.12326049804688 68.2772445678711 68.19439697265625 68.32982635498047 70.83232116699219 
68.37769317626953 67.21942138671875 68.4518051147461 68.34636688232422 67.96749114990234 68.68099212646484 69.00345611572266 72.27609252929688 
70.01715087890625 68.50569915771484 69.961181640625 69.75516510009766 70.36054229736328 69.42428588867188 69.66831970214844 71.49382019042969 
68.21929931640625 69.5788803100586 68.15708923339844 68.41532897949219 68.22438049316406 68.44355010986328 68.19395446777344 69.74703979492188 
67.74444580078125 67.5192642211914 68.60326385498047 67.77168273925781 68.0475845336914 68.0123519897461 67.79827117919922 69.00921630859375 
70.13382720947266 71.74848175048828 70.23225402832031 69.30985260009766 69.20764923095703 68.8927001953125 67.12134552001953 69.08191680908203 
68.79759979248047 69.83184051513672 68.45388793945312 69.39328002929688 68.10374450683594 68.96380615234375 68.47686767578125 70.02339172363281 
68.6197738647461 67.14419555664062 68.84770965576172 67.36077117919922 69.45948791503906 69.81766510009766 70.4224624633789 72.39628601074219 
69.5615005493164 67.44847869873047 69.4774398803711 68.64361572265625 68.99369812011719 68.72217559814453 69.04361724853516 71.39411163330078 
46.13520050048828 43.722686767578125 45.77484893798828 45.5951042175293 45.42515182495117 46.123008728027344 44.72118377685547 45.62947082519531 
45.38515090942383 45.75721740722656 45.51619338989258 45.12860870361328 45.93452835083008 45.328033447265625 44.89100646972656 46.31740951538086 
49.314208984375 44.824256896972656 46.242496490478516 45.436065673828125 44.91574478149414 46.02297592163086 44.75737762451172 44.696510314941406 
47.35859298706055 44.874046325683594 44.27558517456055 46.048606872558594 45.20876693725586 46.03721618652344 44.913631439208984 45.56073760986328 
45.277950286865234 45.5313606262207 45.80604934692383 44.66793441772461 45.93222427368164 45.20867156982422 45.567649841308594 46.55625534057617 
47.08790588378906 45.73497772216797 45.12451171875 45.17958450317383 45.05344009399414 44.7624626159668 45.95043182373047 44.577728271484375 
46.693023681640625 45.49763107299805 45.03260803222656 45.95964813232422 44.96598434448242 45.09328079223633 46.707679748535156 44.96771240234375 
44.968544006347656 45.3831672668457 46.47030258178711 44.567710876464844 45.5536003112793 45.5865592956543 44.58099365234375 46.27692794799805 
46.67715072631836 45.05315017700195 45.710304260253906 44.43376159667969 45.29520034790039 45.7784309387207 44.71846389770508 45.439937591552734 
45.14121627807617 45.13532638549805 44.3372802734375 44.94489669799805 43.917823791503906 45.0340461730957 45.33340835571289 45.887489318847656 
56.675201416015625 54.68191909790039 56.591392517089844 55.8851203918457 55.14169692993164 55.27782440185547 55.40310287475586 56.21779251098633 
55.41404724121094 55.933921813964844 56.43920135498047 55.323455810546875 56.74755096435547 55.484928131103516 54.83900833129883 55.429344177246094 
56.207679748535156 56.10028839111328 55.35830307006836 54.379905700683594 54.144161224365234 54.435550689697266 55.22470474243164 57.15359878540039 
54.99894332885742 55.0747184753418 55.25791931152344 56.88393783569336 56.49283218383789 55.550079345703125 55.55596923828125 55.040897369384766 
55.780479431152344 56.042110443115234 56.67977523803711 55.746849060058594 55.756351470947266 55.0689582824707 54.783809661865234 56.07900619506836 
55.83363342285156 55.865055084228516 55.96140670776367 56.45481491088867 54.27804946899414 56.45600128173828 55.03526306152344 55.45587158203125 
55.748863220214844 56.74019241333008 54.0181770324707 54.977439880371094 55.778465270996094 56.26531219482422 55.59622573852539 57.46867370605469 
55.37843322753906 55.19948959350586 55.366432189941406 56.99599838256836 56.29056167602539 56.01679992675781 55.13510513305664 55.48992156982422 
56.60927963256836 56.30604934692383 55.51155090332031 54.80179214477539 54.328033447265625 54.377952575683594 55.14275360107422 56.146942138671875 
55.35347366333008 56.48828887939453 56.28239822387695 54.937374114990234 56.17923355102539 54.55276870727539 54.663265228271484 55.662174224853516 
56.06742477416992 54.308353424072266 54.44441604614258 53.782657623291016 53.54908752441406 54.19811248779297 54.3702392578125 55.060768127441406 
55.83180618286133 53.17862319946289 55.78140640258789 55.65180969238281 55.4796142578125 55.74358367919922 54.45769500732422 56.11110305786133 
55.41193771362305 54.554561614990234 54.7355842590332 54.31110382080078 55.804481506347656 55.35001754760742 53.35513687133789 55.505088806152344 
54.439903259277344 54.279296875 54.25872039794922 54.543006896972656 52.224544525146484 54.502079010009766 55.972225189208984 55.29292678833008 
55.86671829223633 55.729793548583984 55.793697357177734 55.37152099609375 55.62249755859375 55.938880920410156 55.76816177368164 55.10598373413086 
55.75132751464844 53.36886215209961 54.06419372558594 54.34220886230469 54.509185791015625 54.478271484375 54.23548889160156 55.39763259887695 
56.1646728515625 54.39494323730469 54.55891036987305 54.82992172241211 54.434112548828125 55.59324645996094 55.35295867919922 53.745086669921875 
56.533470153808594 54.967105865478516 52.604095458984375 55.8919677734375 55.56556701660156 55.11100769042969 55.722816467285156 53.99100875854492 
56.3175048828125 55.548831939697266 55.22761535644531 55.49795150756836 54.26723098754883 55.75689697265625 55.4785270690918 55.347679138183594 
56.411678314208984 56.02521514892578 54.608543395996094 53.487648010253906 55.57270431518555 55.86249542236328 55.97516632080078 54.72016143798828 
36.542240142822266 35.80227279663086 36.41721725463867 36.152320861816406 35.563297271728516 36.56291198730469 35.82243347167969 36.37116622924805 
38.7674560546875 36.06729507446289 36.64662551879883 36.12758255004883 36.43113708496094 36.518272399902344 35.907711029052734 35.5162239074707 
38.34342575073242 35.39097595214844 35.97532653808594 35.95484924316406 36.34345626831055 36.32463836669922 35.766273498535156 36.21923065185547 
36.3884162902832 36.25142288208008 36.3263053894043 36.473087310791016 35.78351974487305 35.6049919128418 36.14863967895508 35.8172492980957 
37.24105453491211 36.1866569519043 35.591617584228516 35.59990310668945 36.02934265136719 35.785057067871094 35.44099044799805 35.98495864868164 
37.14467239379883 35.89632034301758 36.48227310180664 35.73775863647461 36.075775146484375 35.0458869934082 36.577919006347656 36.51299285888672 
37.77628707885742 36.32467269897461 35.16166305541992 36.300254821777344 36.30332946777344 35.85113525390625 36.3111686706543 36.19075012207031 
38.27958297729492 35.820030212402344 36.052127838134766 35.657310485839844 36.47868728637695 36.32876968383789 36.11644744873047 36.427486419677734 
37.054527282714844 36.224544525146484 35.89798355102539 35.92764663696289 35.49884796142578 36.15750503540039 36.423648834228516 36.338401794433594 
38.35446548461914 35.73126220703125 36.12227249145508 35.35843276977539 35.38886260986328 36.14303970336914 35.93199920654297 36.36262512207031 
74.49625396728516 75.24358367919922 74.54438018798828 75.93657684326172 73.1361312866211 76.80630493164062 75.45049285888672 77.15599822998047 
75.88419342041016 73.61682891845703 78.4217300415039 76.0379867553711 77.35270690917969 74.87334442138672 75.33030700683594 75.27625274658203 
74.33792114257812 77.14288330078125 73.86089324951172 76.0179214477539 73.36495971679688 76.14054107666016 75.9425277709961 76.66108703613281 
75.44828796386719 76.2488021850586 76.46758270263672 76.21282958984375 74.65955352783203 77.51302337646484 74.67606353759766 76.20377349853516 
74.28825378417969 74.7138900756836 75.08866882324219 76.66438293457031 75.03683471679688 76.08419036865234 73.82396697998047 76.92092895507812 
75.43328094482422 76.20956420898438 76.43113708496094 75.9359359741211 77.84210968017578 74.92610931396484 75.93283081054688 75.47238159179688 
74.53702545166016 76.87407684326172 75.52425384521484 75.84841918945312 73.0535659790039 77.16492462158203 75.61603546142578 76.53702545166016 
74.34489440917969 75.00377655029297 75.47929382324219 73.6534423828125 76.80095672607422 73.91107177734375 76.53929901123047 75.91840362548828 
74.40665435791016 76.71743774414062 75.11331176757812 74.76979064941406 75.03158569335938 75.9527359008789 75.70480346679688 75.43682861328125 
74.97769927978516 75.59324645996094 75.50755310058594 75.74479675292969 74.64070129394531 75.05216217041016 75.07673645019531 75.28368377685547 
50.36703872680664 49.89120101928711 49.989952087402344 48.706687927246094 50.44300842285156 49.98463821411133 48.87321472167969 49.27747344970703 
50.9068489074707 48.456512451171875 50.560096740722656 50.370399475097656 48.86636734008789 49.42416000366211 50.20614242553711 48.67289733886719 
51.374305725097656 49.995582580566406 49.469024658203125 49.15411376953125 50.27052688598633 49.017024993896484 49.605377197265625 49.63715362548828 
50.03334426879883 49.804542541503906 48.70649719238281 49.97420883178711 50.218048095703125 49.03276824951172 49.74870300292969 50.23286437988281 
51.378273010253906 50.11171340942383 49.97043228149414 48.71036911010742 50.71238327026367 49.88422393798828 48.642112731933594 48.4989128112793 
50.38595199584961 49.734336853027344 49.19865417480469 49.87539291381836 50.190208435058594 48.665504455566406 49.997920989990234 50.17148971557617 
49.99504089355469 48.75136184692383 49.74086380004883 48.607967376708984 49.42166519165039 48.26563262939453 48.37955093383789 50.0582389831543 
50.520606994628906 48.9911994934082 49.883262634277344 49.403072357177734 49.22566223144531 49.8785285949707 49.99385452270508 47.726783752441406 
51.19843292236328 49.47417449951172 49.73107147216797 50.10291290283203 49.38710403442383 48.56742477416992 50.201087951660156 49.685054779052734 
48.86182403564453 49.9705924987793 50.34822463989258 48.6479377746582 50.769920349121094 50.08649444580078 49.48057556152344 48.5333137512207 
47.19059371948242 46.005985260009766 47.052703857421875 45.820159912109375 45.78665542602539 45.81760025024414 46.71059036254883 45.8623046875 
47.91923141479492 46.630592346191406 45.543617248535156 47.02956771850586 46.58099365234375 47.3007698059082 46.68787384033203 47.013790130615234 
47.22822570800781 46.316864013671875 47.12611389160156 46.68067169189453 47.55731201171875 46.72470474243164 46.93766403198242 46.4568977355957 
46.1492805480957 47.453887939453125 45.62041473388672 46.1115837097168 46.38604736328125 47.18617630004883 46.21184158325195 46.974369049072266 
46.79529571533203 47.23632049560547 46.273441314697266 47.338783264160156 46.20576095581055 47.25904083251953 46.72636795043945 46.257694244384766 
46.39779281616211 46.78112030029297 46.5140495300293 47.481502532958984 45.69318389892578 47.192447662353516 46.405662536621094 47.4552001953125 
46.282142639160156 47.198848724365234 45.772830963134766 47.50694274902344 46.08473587036133 47.318336486816406 46.249568939208984 47.55180740356445 
47.30867385864258 46.500160217285156 45.99039840698242 47.483009338378906 45.93280029296875 47.18531036376953 46.217247009277344 47.44953536987305 
47.3067512512207 45.980926513671875 47.262176513671875 46.289886474609375 47.28585433959961 46.13759994506836 46.68048095703125 46.4218864440918 
46.924896240234375 46.88886260986328 46.55491256713867 46.90739059448242 46.551551818847656 47.14713668823242 46.317054748535156 47.400577545166016 
59.44784164428711 60.78569412231445 58.570465087890625 59.66963195800781 60.28435134887695 58.432830810546875 60.05587387084961 59.9477424621582 
59.55228805541992 60.92607879638672 58.343841552734375 59.66966247558594 58.548641204833984 59.034881591796875 59.818878173828125 60.78630447387695 
60.940608978271484 61.08124923706055 59.5898551940918 60.33475112915039 58.77881622314453 59.44131088256836 60.09577560424805 59.18678283691406 
58.970401763916016 60.01414489746094 58.70732879638672 58.48739242553711 60.133663177490234 60.276702880859375 58.14012908935547 60.88355255126953 
57.76323318481445 58.83145523071289 60.109249114990234 58.88172912597656 58.75129699707031 60.47990417480469 58.76723098754883 60.52137756347656 
60.27715301513672 58.56105422973633 58.74143981933594 60.5417594909668 59.70841598510742 58.42975997924805 61.36102294921875 60.28755187988281 
59.33843231201172 60.117950439453125 58.538814544677734 59.292545318603516 59.4567985534668 59.13782501220703 59.94518280029297 61.02851104736328 
61.07183837890625 59.55827331542969 59.11423873901367 60.8043212890625 58.517887115478516 59.324256896972656 60.13683319091797 59.93910217285156 
59.559295654296875 60.43532943725586 58.495967864990234 59.33808135986328 60.036991119384766 59.15248107910156 59.6992301940918 62.285919189453125 
60.650142669677734 57.8771858215332 58.371585845947266 59.583072662353516 60.38566589355469 58.271583557128906 59.56742477416992 62.12403106689453 
124.32998657226562 127.59843444824219 128.99667358398438 127.29548645019531 127.17945861816406 127.74435424804688 126.04710388183594 127.90589141845703 
33.78956985473633 31.96886444091797 31.46963119506836 30.928064346313477 31.732736587524414 31.71686363220215 31.674272537231445 123.1803207397461 
124.91388702392578 129.1654052734375 129.6847686767578 123.3280029296875 126.18035125732422 129.66329956054688 125.86908721923828 127.38800048828125 
35.98640060424805 31.30940818786621 31.502208709716797 31.63350486755371 30.751583099365234 31.62575912475586 31.611328125 123.68627166748047 
124.8108139038086 129.34092712402344 125.00505828857422 128.21653747558594 128.30047607421875 127.45494079589844 125.12598419189453 125.15219116210938 
34.859840393066406 31.32966423034668 31.434335708618164 31.224416732788086 31.437152862548828 31.364896774291992 31.86832046508789 121.90054321289062 
125.64873504638672 126.9488296508789 127.68758392333984 128.2025909423828 126.42406463623047 124.54940795898438 124.75433349609375 128.07186889648438 
35.12838363647461 31.386207580566406 31.545984268188477 31.166400909423828 31.57529640197754 31.26291275024414 31.76652717590332 122.51302337646484 
124.43609619140625 127.74041748046875 127.66697692871094 125.61116790771484 124.5752944946289 127.6917724609375 130.23916625976562 126.01494598388672 
36.355743408203125 31.870304107666016 31.68435287475586 31.31564712524414 30.583711624145508 31.706592559814453 31.649887084960938 124.5960922241211 
122.5565414428711 125.6434555053711 123.36163330078125 127.01961517333984 124.85731506347656 126.60652923583984 121.99724578857422 128.0592041015625 
33.84739303588867 31.60985565185547 31.68182373046875 31.512287139892578 30.818784713745117 31.867359161376953 31.451040267944336 120.68153381347656 
125.4398422241211 126.80387115478516 126.59907531738281 125.11459350585938 125.32396697998047 127.32227325439453 127.71507263183594 128.9626922607422 
34.2367057800293 31.519519805908203 31.77516746520996 31.287839889526367 31.334016799926758 31.359712600708008 30.964031219482422 124.83065795898438 
125.60086059570312 125.58319854736328 127.15644836425781 128.79779052734375 128.2626190185547 130.43923950195312 125.76927947998047 127.27597045898438 
34.33763122558594 31.695552825927734 31.365312576293945 31.620031356811523 31.654399871826172 30.923519134521484 30.741952896118164 121.76866912841797 
126.52310180664062 127.01417541503906 122.18576049804688 126.4266586303711 127.14905548095703 127.06018829345703 126.92908477783203 125.76054382324219 
33.38710403442383 31.571487426757812 31.553119659423828 31.089183807373047 31.394208908081055 31.668352127075195 30.839519500732422 123.02889251708984 
124.31919860839844 127.24649810791016 126.8974380493164 125.8160629272461 127.45372772216797 127.39766693115234 127.65878295898438 126.14157104492188 
34.606048583984375 31.528959274291992 31.303264617919922 31.26416015625 31.56483268737793 30.86617660522461 32.021888732910156 123.61587524414062 
46.236671447753906 44.962528228759766 45.63603210449219 45.22972869873047 45.07737731933594 45.47651290893555 44.92835235595703 45.242366790771484 
46.51824188232422 44.15584182739258 44.86726379394531 45.361663818359375 45.951454162597656 43.99375915527344 44.960609436035156 45.687904357910156 
46.930206298828125 44.36771011352539 45.23596954345703 44.87065505981445 44.088993072509766 45.45606231689453 45.117183685302734 44.343326568603516 
45.96086502075195 44.984031677246094 44.51136016845703 45.12604904174805 44.271873474121094 45.638465881347656 44.99369430541992 44.37897491455078 
45.35715103149414 46.03446578979492 44.42559814453125 44.76486587524414 45.69196701049805 44.92496109008789 44.64588928222656 46.050880432128906 
45.155967712402344 45.487422943115234 44.123294830322266 45.02921676635742 45.7426872253418 44.16908645629883 45.14716720581055 45.76310348510742 
46.297183990478516 43.4683837890625 45.83145523071289 43.8768310546875 44.12313461303711 45.72828674316406 45.164703369140625 44.441856384277344 
47.66457748413086 44.32368087768555 45.646400451660156 44.515201568603516 44.316734313964844 45.53968048095703 45.38035202026367 44.236576080322266 
44.93718338012695 45.238304138183594 45.31305694580078 44.5120964050293 45.10774230957031 45.29052734375 44.12063980102539 45.356224060058594 
47.55411148071289 45.41392135620117 45.21811294555664 44.33232116699219 45.85539245605469 45.08483123779297 44.95289611816406 45.80771255493164 
108.65135955810547 107.99635314941406 109.1944351196289 110.92310333251953 107.96514892578125 110.1527328491211 105.83187103271484 109.70508575439453 
31.426143646240234 28.6342716217041 28.51430320739746 29.007999420166016 28.736576080322266 28.77382469177246 175.6255340576172 167.7058868408203 
109.60905456542969 108.11309051513672 109.1144027709961 109.33039855957031 108.20259094238281 108.75545501708984 110.6684799194336 109.81660461425781 
30.531551361083984 28.62486457824707 28.5666561126709 29.027488708496094 29.034591674804688 28.7423038482666 171.6584930419922 167.69517517089844 
108.50393676757812 106.52143859863281 111.6794204711914 111.87305450439453 107.83744049072266 109.63001251220703 109.54713439941406 110.39871978759766 
31.892223358154297 28.548959732055664 29.09212875366211 28.708192825317383 28.126079559326172 28.16281509399414 179.6947479248047 175.6810302734375 
110.26582336425781 109.32367706298828 112.26882934570312 109.3104019165039 106.28050994873047 108.67302703857422 113.37052917480469 110.43113708496094 
32.2591667175293 28.892255783081055 29.163135528564453 28.688800811767578 28.250656127929688 28.547264099121094 175.65699768066406 167.6878662109375 
109.74217224121094 106.15913391113281 109.57734680175781 114.36732482910156 109.12105560302734 109.65737915039062 106.901123046875 111.23900604248047 
31.309728622436523 28.967615127563477 29.229503631591797 28.83897590637207 28.568735122680664 28.332544326782227 175.63491821289062 167.70530700683594 
107.55843353271484 108.45094299316406 107.80188751220703 111.1725082397461 110.33631896972656 108.07421112060547 109.87830352783203 112.34492492675781 
31.55913543701172 29.065536499023438 28.50819206237793 28.30473518371582 28.607776641845703 28.646495819091797 179.667236328125 167.66061401367188 
108.88457489013672 108.53644561767578 109.0968017578125 108.58236694335938 108.6435546875 109.4768295288086 109.39302062988281 106.78050994873047 
31.833599090576172 28.985759735107422 28.247360229492188 28.210176467895508 28.186880111694336 28.880287170410156 175.64320373535156 167.6670684814453 
109.59120178222656 111.20409393310547 108.79046630859375 110.2161636352539 111.10944366455078 108.7874526977539 109.93628692626953 108.22969818115234 
30.028703689575195 28.663328170776367 28.135711669921875 28.200223922729492 28.803136825561523 29.040639877319336 175.63734436035156 167.67050170898438 
109.5606689453125 106.30732727050781 112.4810562133789 110.38854217529297 106.5917739868164 107.67558288574219 113.1978530883789 108.27699279785156 
33.350303649902344 29.64803123474121 28.55116844177246 28.884319305419922 29.00275230407715 28.889503479003906 175.6525421142578 167.67523193359375 
111.08998107910156 111.53523254394531 108.25065612792969 110.899169921875 107.96985626220703 109.53616333007812 108.7715835571289 110.54752349853516 
32.20454406738281 28.778879165649414 28.630144119262695 28.339136123657227 28.548351287841797 28.55504035949707 175.65267944335938 171.68063354492188 
70.29084777832031 71.76214599609375 72.2437744140625 72.33452606201172 70.33116912841797 71.05500793457031 70.94646453857422 67.93280029296875 
70.40547180175781 69.21295928955078 70.77897644042969 71.30912017822266 71.83360290527344 71.58499145507812 70.24307250976562 72.5638427734375 
69.79446411132812 70.6612777709961 71.11686706542969 69.62889862060547 72.98576354980469 71.49174499511719 71.27606201171875 71.6794204711914 
71.2574691772461 69.64979553222656 71.36434936523438 70.87750244140625 70.61219024658203 71.53846740722656 71.40067291259766 71.04450988769531 
70.97737884521484 70.89826965332031 70.4052505493164 69.06594848632812 71.25062561035156 70.15068817138672 71.44979095458984 72.51251220703125 
71.19296264648438 69.26399993896484 69.87283325195312 69.96009826660156 70.92189025878906 71.41824340820312 70.80912017822266 72.3022689819336 
70.60262298583984 68.93334197998047 70.20441436767578 67.8868179321289 73.21139526367188 69.46358489990234 70.76274871826172 71.11369323730469 
69.8616943359375 70.57052612304688 71.08137512207031 69.59423828125 70.20217895507812 68.66326141357422 70.29961395263672 68.92924499511719 
71.31654357910156 70.13951873779297 72.65017700195312 71.21782684326172 70.70508575439453 70.22319793701172 71.14192199707031 69.7562255859375 
70.19647979736328 69.58719635009766 72.86688232421875 70.3285140991211 71.55340576171875 70.28518676757812 70.02828979492188 71.42463684082031 
128.76051330566406 128.3671112060547 128.77474975585938 130.85250854492188 130.67417907714844 130.07772827148438 127.6536636352539 129.0873260498047 
38.049598693847656 35.36975860595703 36.23855972290039 35.34579086303711 35.997535705566406 35.779518127441406 35.99494552612305 36.69353485107422 
128.0286407470703 128.39315795898438 130.47238159179688 130.8585968017578 130.68601989746094 129.42291259765625 129.85641479492188 128.8828125 
38.10895919799805 35.855648040771484 35.67103958129883 35.32108688354492 35.820064544677734 35.733665466308594 36.34918212890625 36.1616325378418 
128.232421875 130.9431610107422 128.8936004638672 129.0444793701172 129.61021423339844 132.42457580566406 128.30160522460938 128.7598419189453 
37.379615783691406 35.84524917602539 36.527809143066406 35.65116882324219 36.006526947021484 36.17308807373047 35.27043151855469 35.62928009033203 
130.59408569335938 129.57781982421875 128.89564514160156 128.13253784179688 130.92576599121094 129.49215698242188 128.84121704101562 128.19903564453125 
39.097503662109375 35.873409271240234 35.66707229614258 35.95558547973633 35.28281784057617 35.73683166503906 35.03583908081055 35.741825103759766 
129.63551330566406 130.16908264160156 128.05926513671875 128.8799285888672 132.84451293945312 128.53890991210938 128.75308227539062 131.84434509277344 
38.37891387939453 36.1451530456543 35.97798538208008 35.99542236328125 35.60121536254883 35.87091064453125 36.210750579833984 36.337310791015625 
125.9582748413086 131.28390502929688 130.07052612304688 130.5397491455078 127.99974060058594 129.05056762695312 130.97975158691406 129.7667236328125 
38.13206481933594 35.963905334472656 36.4587516784668 35.57244873046875 35.92300796508789 34.659393310546875 35.9403190612793 35.53801727294922 
127.46131134033203 130.0013427734375 129.10931396484375 129.2876434326172 134.58399963378906 129.93228149414062 127.92562866210938 127.98480224609375 
38.86947250366211 35.300350189208984 35.758689880371094 35.4081916809082 36.04969787597656 35.600128173828125 36.12361526489258 36.02268981933594 
129.0866241455078 128.88803100585938 129.4252471923828 130.26002502441406 128.6457977294922 130.06201171875 128.53587341308594 128.62838745117188 
37.89324951171875 35.42214584350586 36.06233596801758 35.453983306884766 35.0497932434082 35.9881591796875 36.386592864990234 35.96550369262695 
128.8618621826172 129.2974090576172 126.7705307006836 130.00973510742188 130.78665161132812 130.22662353515625 133.09225463867188 126.8326416015625 
39.62214279174805 36.308414459228516 36.13238525390625 35.87635040283203 36.2105598449707 35.7737922668457 35.96790313720703 35.96220779418945 
127.54991912841797 130.24652099609375 131.2494659423828 130.47311401367188 127.31120300292969 129.35107421875 132.80572509765625 130.33660888671875 
39.503841400146484 35.61705780029297 36.3851203918457 35.640350341796875 36.564544677734375 36.3961296081543 35.77395248413086 36.33852767944336 
41.032222747802734 40.77302551269531 41.057247161865234 41.159584045410156 39.635009765625 39.77280044555664 40.92204666137695 41.400577545166016 
41.9126091003418 40.23952102661133 39.91276931762695 40.169952392578125 39.76716613769531 40.51241683959961 40.17884826660156 40.774593353271484 
44.21286392211914 39.734718322753906 39.33331298828125 41.076416015625 41.26995086669922 41.194400787353516 40.18019104003906 41.51955032348633 
41.22825622558594 40.21903991699219 40.312225341796875 40.30428695678711 40.341182708740234 39.93110275268555 40.298561096191406 40.76607894897461 
41.35327911376953 40.330078125 40.49523162841797 40.40339279174805 39.951297760009766 40.57183837890625 40.58697509765625 41.13747024536133 
42.82320022583008 41.04438400268555 40.667232513427734 40.89059066772461 40.71760177612305 41.17318344116211 40.577823638916016 42.05228805541992 
41.610782623291016 40.04800033569336 40.17939376831055 40.00175857543945 39.10569763183594 40.099422454833984 41.092063903808594 41.24016189575195 
42.221343994140625 39.257503509521484 39.262271881103516 40.72092819213867 39.882080078125 40.75398254394531 40.861183166503906 41.12688064575195 
41.83929443359375 40.27775955200195 40.515071868896484 40.66553497314453 40.955230712890625 41.104190826416016 40.5536003112793 42.01270294189453 
41.35811233520508 41.06790542602539 41.04972839355469 41.218143463134766 40.677215576171875 39.708351135253906 39.41926574707031 39.7704963684082 
63.270015716552734 60.779296875 61.99078369140625 62.31660842895508 61.278846740722656 61.365726470947266 61.4277458190918 62.18463897705078 
62.517311096191406 62.7770881652832 60.9804801940918 61.680545806884766 60.32806396484375 62.22028732299805 63.093631744384766 61.35123062133789 
62.11568069458008 61.218753814697266 62.292640686035156 62.087745666503906 61.53996658325195 61.9257926940918 61.83756637573242 61.79289627075195 
61.82815933227539 63.00649642944336 61.03462219238281 62.022335052490234 60.13792037963867 60.9183349609375 63.10345458984375 60.67116928100586 
62.59641647338867 60.86467361450195 62.24854278564453 61.734527587890625 60.38115310668945 61.91136169433594 61.20256042480469 61.40524673461914 
61.33308792114258 61.0926399230957 62.18697738647461 62.182430267333984 61.8304328918457 61.836097717285156 62.26755142211914 61.28636932373047 
61.62287902832031 61.40662384033203 62.00864028930664 61.033409118652344 61.43366241455078 61.89619064331055 61.57516860961914 61.5766716003418 
60.911808013916016 60.40879821777344 60.846622467041016 62.7856330871582 61.18191909790039 61.95872116088867 61.69891357421875 62.683040618896484 
61.62326431274414 62.54646301269531 60.76841735839844 62.401248931884766 62.0838737487793 61.3744010925293 62.2737922668457 61.7479362487793 
60.78358459472656 62.18230438232422 60.58342361450195 62.755008697509766 62.16611099243164 60.112545013427734 61.965118408203125 61.742977142333984 
50.93532943725586 49.60502243041992 49.57231903076172 48.23788833618164 48.77635192871094 48.45328140258789 50.35270309448242 49.77062225341797 
50.27123260498047 47.310081481933594 46.924095153808594 50.22428894042969 48.847103118896484 49.236385345458984 48.9417610168457 48.76630401611328 
51.063167572021484 49.35660934448242 49.19196701049805 50.23881530761719 48.84048080444336 46.905086517333984 49.699615478515625 48.52342224121094 
50.37712097167969 48.99750518798828 48.365440368652344 47.63337707519531 48.06364822387695 48.556129455566406 49.144447326660156 48.38959884643555 
51.296382904052734 49.47209548950195 48.47296142578125 50.70655822753906 49.07235336303711 48.933921813964844 48.92873764038086 48.82102584838867 
51.05926513671875 48.0175666809082 46.77257537841797 49.168670654296875 48.181087493896484 48.54732894897461 48.91446304321289 49.732479095458984 
49.89641571044922 48.20793533325195 49.90342330932617 48.80944061279297 49.59516906738281 49.476318359375 48.72502517700195 48.3897590637207 
50.6888313293457 49.390785217285156 48.74256134033203 48.1901741027832 50.063167572021484 47.12953567504883 47.802207946777344 48.44153594970703 
52.607200622558594 49.94297790527344 49.40911865234375 48.5596809387207 48.482398986816406 48.366878509521484 50.629150390625 49.13510513305664 
50.49679946899414 49.41727828979492 49.3092155456543 49.1778564453125 50.12073516845703 48.95414352416992 48.595584869384766 49.00239944458008 
112.6956787109375 117.33695983886719 112.37942504882812 112.66400146484375 113.86332702636719 113.266845703125 113.9678726196289 116.75609588623047 
58.8021125793457 46.28249740600586 38.58540725708008 38.35529708862305 38.448158264160156 38.06140899658203 37.99177551269531 38.52159881591797 
109.85475158691406 112.276611328125 111.85846710205078 111.89485168457031 109.81507110595703 112.7619857788086 114.25289916992188 113.98054504394531 
54.0425910949707 41.15849685668945 38.43180847167969 38.893375396728516 37.987422943115234 38.56070327758789 38.240543365478516 37.92399978637695 
113.19174194335938 115.15424346923828 112.86515045166016 116.70681762695312 113.85155487060547 115.1475830078125 114.56845092773438 113.55945587158203 
52.328895568847656 44.13727951049805 36.745887756347656 39.10067367553711 38.897281646728516 38.514366149902344 38.21807861328125 38.1258544921875 
111.14691162109375 110.97017669677734 114.30524444580078 116.02342224121094 112.2158432006836 112.81852722167969 110.99673461914062 114.70480346679688 
52.492000579833984 41.1044807434082 38.60095977783203 38.915550231933594 38.218017578125 38.75686264038086 38.490238189697266 37.9442253112793 
109.64329528808594 114.6176986694336 111.70508575439453 116.16035461425781 113.2609634399414 112.27043151855469 113.79901123046875 112.67788696289062 
52.32182312011719 42.05382537841797 37.935935974121094 37.55414581298828 38.13596725463867 38.59721755981445 38.60646438598633 38.4857292175293 
113.07750701904297 114.15078735351562 116.43961334228516 113.15190124511719 111.70719909667969 112.7874526977539 112.80294036865234 111.87513732910156 
51.79286575317383 43.28035354614258 38.44153594970703 38.414817810058594 37.83523178100586 37.683712005615234 39.02841567993164 37.842559814453125 
111.04402923583984 111.64886474609375 113.08284759521484 112.35529327392578 113.26134490966797 114.32780456542969 111.83229064941406 111.9125747680664 
54.0211181640625 41.7655029296875 37.598655700683594 38.68854522705078 38.92816162109375 38.865089416503906 38.419105529785156 38.603294372558594 
112.27062225341797 114.50870513916016 111.45222473144531 118.39241790771484 113.80467224121094 112.91795349121094 113.86163330078125 112.227294921875 
52.49980926513672 41.720767974853516 37.8175048828125 38.73155212402344 38.11638259887695 38.78374481201172 38.615135192871094 38.775455474853516 
112.80941009521484 113.64339447021484 114.86563110351562 108.91292572021484 116.23554992675781 114.06166076660156 111.41737365722656 114.47862243652344 
54.063968658447266 45.127681732177734 38.5687370300293 38.99107360839844 38.86249542236328 38.40108871459961 38.70012664794922 38.293216705322266 
112.46383666992188 112.84249877929688 113.66432189941406 114.4590072631836 114.14460754394531 116.15404510498047 112.8905258178711 111.29523468017578 
52.29951858520508 41.823646545410156 37.84316635131836 37.27590560913086 39.077632904052734 38.92047882080078 38.5994873046875 38.279327392578125 
51.48380661010742 47.042015075683594 47.393760681152344 48.626625061035156 46.92591857910156 48.42649459838867 47.56140899658203 47.355167388916016 
41.285343170166016 37.736576080322266 36.60198211669922 39.060672760009766 38.187679290771484 38.50201416015625 37.84940719604492 38.29609680175781 
50.316993713378906 45.71686553955078 47.70857620239258 48.20716857910156 47.706111907958984 48.8633918762207 47.830623626708984 48.94163131713867 
40.679744720458984 38.03801727294922 37.77974319458008 38.133697509765625 37.754432678222656 38.14912033081055 38.0662727355957 37.32633590698242 
50.86191940307617 46.90358352661133 48.0994873046875 47.746337890625 47.46700668334961 48.66368103027344 47.69625473022461 48.78364944458008 
39.95964813232422 37.92937469482422 37.892608642578125 37.34284973144531 36.99689483642578 38.353153228759766 37.68739318847656 37.908287048339844 
48.43753433227539 47.9403190612793 48.03728103637695 47.777950286865234 48.820064544677734 47.56758499145508 48.73436737060547 47.60678482055664 
39.940673828125 37.43600082397461 38.53750228881836 38.24700927734375 38.01036834716797 37.304161071777344 37.96614456176758 38.64921569824219 
49.75519943237305 47.71235275268555 49.193729400634766 48.10313415527344 48.23721694946289 47.52819061279297 47.915584564208984 47.450401306152344 
42.122398376464844 38.49628829956055 38.585697174072266 37.793697357177734 38.02006530761719 37.532318115234375 38.73417663574219 38.720863342285156 
51.440673828125 45.924095153808594 47.95084762573242 48.5667839050293 47.91328048706055 47.358558654785156 48.00617599487305 48.958465576171875 
40.16854476928711 37.50953674316406 36.992191314697266 38.54512023925781 38.00505447387695 38.314945220947266 37.857887268066406 38.31257629394531 
52.6778564453125 47.222496032714844 47.50559997558594 48.274784088134766 47.06092834472656 48.071136474609375 47.67164611816406 48.11600112915039 
39.78211212158203 37.19753646850586 38.812992095947266 38.85004806518555 37.62895965576172 38.113216400146484 37.80995178222656 38.57427215576172 
50.939456939697266 47.32950210571289 47.401920318603516 47.21200180053711 47.89440155029297 48.15660858154297 47.650367736816406 49.86995315551758 
39.8737907409668 37.58313751220703 37.630592346191406 37.14156723022461 38.10649490356445 38.18739318847656 38.21596908569336 38.52873611450195 
49.720191955566406 47.63568115234375 47.192832946777344 48.01599884033203 48.4536018371582 47.54838562011719 49.31292724609375 47.652225494384766 
39.43814468383789 38.15039825439453 38.3524169921875 37.91775894165039 37.90937423706055 37.73334503173828 38.14976119995117 37.13391876220703 
49.088897705078125 45.854305267333984 47.60790252685547 48.46080017089844 47.02873611450195 47.448768615722656 48.39091110229492 47.54671859741211 
39.99862289428711 38.12550354003906 37.3870735168457 37.9766731262207 37.755489349365234 37.60713577270508 38.25414276123047 38.70934295654297 
79.20345306396484 77.63091278076172 79.26236724853516 77.99043273925781 79.90531158447266 77.3977279663086 77.71660614013672 77.05744171142578 
39.059871673583984 35.7110710144043 35.29158401489258 35.691871643066406 35.94438552856445 35.34316635131836 34.69619369506836 35.55974578857422 
77.54806518554688 79.35942077636719 78.13024139404297 79.46883392333984 79.89523315429688 75.98473358154297 81.8104019165039 77.69264221191406 
37.599327087402344 34.504608154296875 35.07254409790039 35.22956848144531 34.828575134277344 35.694305419921875 34.8521614074707 35.84035110473633 
77.44310760498047 80.2257308959961 77.42797088623047 77.7988510131836 77.72211456298828 78.30268859863281 78.14297485351562 75.89328002929688 
40.0219841003418 35.620574951171875 36.102272033691406 35.33814239501953 35.62255859375 35.896095275878906 34.672096252441406 35.30192184448242 
80.38758087158203 78.30643463134766 77.89606475830078 78.2014389038086 78.60688018798828 78.4497299194336 77.4158706665039 79.72665405273438 
36.79955291748047 35.34492874145508 35.80815887451172 35.39161682128906 35.392704010009766 35.93840026855469 35.508033752441406 35.34617614746094 
78.34867095947266 80.01577758789062 80.21590423583984 76.61158752441406 78.73846435546875 76.96835327148438 79.45024108886719 78.05411529541016 
38.617374420166016 35.34668731689453 34.6822395324707 35.89497756958008 35.75049591064453 34.965824127197266 35.17327880859375 34.90041732788086 
78.83993530273438 79.97286224365234 81.26882934570312 75.37356567382812 79.0955810546875 75.84044647216797 79.72061157226562 77.63740539550781 
38.08281707763672 35.29942321777344 35.86489486694336 35.44623947143555 35.241729736328125 35.2174072265625 35.5898551940918 34.95334243774414 
77.68083190917969 77.8785629272461 77.50505828857422 80.25846099853516 77.6211166381836 78.68240356445312 82.32978820800781 77.76191711425781 
38.47830581665039 35.38585662841797 34.608577728271484 35.28643035888672 35.03916931152344 35.76755142211914 35.852256774902344 35.361183166503906 
76.9448013305664 76.93254089355469 77.59728240966797 78.94265747070312 76.73104095458984 79.90262603759766 77.73641967773438 79.0433578491211 
37.621822357177734 35.445919036865234 35.2496337890625 36.036705017089844 35.491615295410156 35.25004959106445 35.991905212402344 35.70640182495117 
78.50434875488281 78.7874526977539 78.47539520263672 77.1710433959961 76.9632339477539 76.91629028320312 80.18946838378906 76.87276458740234 
37.12627029418945 35.64854431152344 35.578590393066406 35.670528411865234 35.82252883911133 35.381439208984375 35.611263275146484 34.72844696044922 
77.9039077758789 79.10594940185547 77.6778564453125 77.39897918701172 77.25193786621094 79.32479858398438 78.65650939941406 79.15811157226562 
38.70390319824219 35.81923294067383 35.01318359375 35.140289306640625 35.170623779296875 35.75203323364258 34.66329574584961 35.661407470703125 
69.69513702392578 68.82720184326172 71.16349029541016 70.37977600097656 71.40790557861328 70.68243408203125 69.76806640625 68.87181091308594 
69.90332794189453 68.01654052734375 70.01136016845703 69.43186950683594 71.5426254272461 67.77667236328125 71.41046142578125 72.19273376464844 
70.40553283691406 71.68716430664062 70.15984344482422 71.76726531982422 70.0545883178711 69.71046447753906 70.10275268554688 72.90831756591797 
71.21961975097656 72.01747131347656 72.06716918945312 69.93309020996094 69.73407745361328 70.61990356445312 71.15929412841797 72.77513885498047 
69.83052825927734 69.6803207397461 71.01606750488281 71.60099029541016 70.75059509277344 70.92876434326172 70.5317153930664 70.59446716308594 
70.15145874023438 71.78921508789062 69.44290924072266 70.57647705078125 69.5937271118164 69.71151733398438 70.61577606201172 73.13414764404297 
70.14918518066406 68.6659164428711 72.2195816040039 70.1677474975586 71.77667236328125 69.54096221923828 70.27104187011719 69.78431701660156 
69.52393341064453 69.46678161621094 69.83132934570312 70.62528228759766 69.83740997314453 70.94332885742188 69.13126373291016 73.21638488769531 
68.70845031738281 70.09085083007812 68.63247680664062 69.79698944091797 71.59257507324219 70.73462677001953 70.3704605102539 69.98162841796875 
69.48486328125 68.88227081298828 70.01798248291016 70.08636474609375 70.29853057861328 70.21974182128906 70.59516906738281 69.82233428955078 
46.37648010253906 45.19446563720703 45.66080093383789 44.68851089477539 44.760318756103516 45.339744567871094 44.31244659423828 45.361473083496094 
45.715614318847656 45.68960189819336 44.31897735595703 45.27302551269531 45.51615905761719 44.40208053588867 45.58076858520508 45.36211013793945 
46.625633239746094 45.76019287109375 45.04064178466797 45.196510314941406 45.79520034790039 44.833919525146484 45.3458251953125 45.4384651184082 
46.89379119873047 44.50873565673828 44.239585876464844 45.705535888671875 44.776031494140625 44.346622467041016 45.90848159790039 44.62326431274414 
44.63747024536133 45.24006271362305 46.123809814453125 44.327327728271484 44.78041458129883 45.76473617553711 44.510398864746094 46.02614212036133 
45.756446838378906 45.45606231689453 44.774559020996094 45.19318389892578 45.077056884765625 45.24531173706055 45.00368118286133 44.835262298583984 
45.67881774902344 44.53132629394531 44.13337707519531 45.60812759399414 44.71603012084961 44.69676971435547 46.09811019897461 44.553279876708984 
46.4535026550293 45.72911834716797 45.43840026855469 45.603553771972656 45.70512008666992 44.32575988769531 45.3205451965332 45.48748779296875 
45.507774353027344 45.150718688964844 45.41775894165039 45.284000396728516 44.255775451660156 45.726497650146484 44.72582244873047 44.396766662597656 
45.578369140625 45.201534271240234 45.22857666015625 45.73283386230469 44.75971221923828 45.73292922973633 45.47081756591797 44.530975341796875 
86.46198272705078 86.95331573486328 87.2468490600586 86.67081451416016 87.26604461669922 86.98617553710938 87.80944061279297 86.44451141357422 
85.85453033447266 87.6308822631836 86.25552368164062 87.73356628417969 87.60623931884766 87.70307159423828 87.49190521240234 84.62332916259766 
85.33123016357422 86.54102325439453 89.02505493164062 84.85865783691406 86.22611236572266 86.81417846679688 89.82089233398438 85.23993682861328 
87.08409881591797 87.48127746582031 86.47206115722656 85.7966079711914 86.66345977783203 87.53414154052734 87.0348129272461 88.73216247558594 
86.5447006225586 85.40729522705078 85.97241973876953 86.91622161865234 88.00466918945312 87.10761260986328 84.85132598876953 87.99298858642578 
86.65644836425781 83.57638549804688 84.74630737304688 86.95756530761719 88.75990295410156 86.90962982177734 86.58732604980469 84.77283477783203 
85.17513275146484 87.31581115722656 87.30099487304688 87.11532592773438 86.75743865966797 86.12617492675781 87.66627502441406 87.86640167236328 
85.2305908203125 85.39116668701172 84.41117095947266 88.89644622802734 88.7159652709961 84.63145446777344 86.66899108886719 88.32514953613281 
85.55667114257812 88.57929229736328 87.59423828125 86.69439697265625 86.11090850830078 85.37664031982422 88.70748901367188 86.45999908447266 
86.88086700439453 86.18246459960938 83.7639389038086 88.22262573242188 87.38492584228516 86.17657470703125 87.31970977783203 86.36895751953125 
43.76185607910156 42.177345275878906 42.546783447265625 43.6187858581543 43.56691360473633 42.353919982910156 42.99184036254883 43.73139190673828 
43.922271728515625 43.09212875366211 41.798526763916016 42.56342315673828 43.81603240966797 42.74607849121094 42.26768112182617 41.985313415527344 
44.033470153808594 41.73750305175781 43.015968322753906 43.85580825805664 43.2270393371582 42.09958267211914 42.57215881347656 43.49699020385742 
43.35932922363281 42.794944763183594 42.765281677246094 42.525150299072266 41.51615905761719 42.66115188598633 43.4516487121582 43.65059280395508 
43.93910217285156 42.69046401977539 42.20889663696289 41.63955307006836 43.81264114379883 43.686527252197266 42.56243133544922 42.639678955078125 
43.38041687011719 43.5777587890625 43.07475280761719 42.38240051269531 43.43315124511719 43.58358383178711 42.13510513305664 42.74070358276367 
43.686527252197266 43.62419128417969 42.669761657714844 42.5494384765625 43.521854400634766 43.809566497802734 42.480350494384766 42.303585052490234 
43.57673645019531 42.750911712646484 42.0002555847168 42.37120056152344 43.22489547729492 43.155296325683594 42.909217834472656 42.176353454589844 
43.278465270996094 42.40534210205078 41.91775894165039 42.54787063598633 42.23215866088867 42.70230484008789 43.863136291503906 43.268096923828125 
43.03993606567383 42.20560073852539 43.11164855957031 43.435935974121094 43.12822341918945 42.16495895385742 42.61820983886719 43.64316940307617 
61.30278396606445 59.02912139892578 59.554176330566406 62.38582229614258 59.36195373535156 61.235904693603516 59.666656494140625 61.59337615966797 
60.64508819580078 60.11686325073242 61.106529235839844 59.04073715209961 61.13961410522461 60.54444885253906 59.95935821533203 59.203617095947266 
60.665313720703125 60.45862579345703 58.97715377807617 61.90361785888672 60.010337829589844 60.81711959838867 60.62934494018555 60.60515213012695 
61.158016204833984 60.167999267578125 60.16873550415039 61.27628707885742 59.12815856933594 60.41254425048828 60.97865676879883 61.05766296386719 
60.96540832519531 58.91971206665039 60.542240142822266 61.125057220458984 60.00582504272461 61.409568786621094 59.393310546875 60.48115158081055 
61.059776306152344 59.638526916503906 60.61427307128906 60.80886459350586 59.29475021362305 60.136417388916016 60.588768005371094 62.158016204833984 
60.22185516357422 59.362464904785156 61.73721694946289 60.580894470214844 60.74729537963867 61.15897750854492 60.005184173583984 59.7479362487793 
61.79804611206055 61.26131057739258 59.00320053100586 61.19615936279297 58.587806701660156 59.231136322021484 61.974815368652344 60.52582550048828 
59.341758728027344 62.01715087890625 59.21750259399414 60.80803298950195 60.51241683959961 59.81123352050781 58.61004638671875 60.30739212036133 
60.49177551269531 60.096641540527344 59.52656173706055 59.41680145263672 59.978145599365234 61.54326248168945 59.70383834838867 62.5588493347168 
52.77337646484375 52.09660720825195 52.389183044433594 52.35878372192383 53.22719955444336 53.127105712890625 53.46873474121094 53.5082893371582 
54.11443328857422 53.56886291503906 54.22083282470703 52.28742218017578 52.54064178466797 53.55039978027344 53.4785270690918 53.713504791259766 
54.621246337890625 51.83494567871094 52.51891326904297 53.98393630981445 53.124481201171875 53.3389778137207 53.266849517822266 53.021278381347656 
53.74252700805664 51.17433547973633 53.993377685546875 53.28761672973633 53.32009506225586 53.422847747802734 53.01824188232422 52.23148727416992 
52.791839599609375 52.47068786621094 52.13577651977539 52.24214553833008 52.556671142578125 53.62086486816406 52.92950439453125 52.96035385131836 
51.901695251464844 52.625118255615234 53.29987335205078 53.34739303588867 52.882816314697266 53.64556884765625 53.62035369873047 53.353214263916016 
54.21788787841797 53.20502471923828 53.63488006591797 53.314910888671875 53.16774368286133 53.41267013549805 54.13123321533203 53.239681243896484 
53.5107536315918 53.372032165527344 54.130401611328125 51.84953689575195 54.089088439941406 52.536033630371094 53.23807907104492 53.66096115112305 
53.22230529785156 52.880897521972656 52.90505599975586 52.644832611083984 53.16592025756836 53.34950256347656 51.77686309814453 53.1610221862793 
53.3230094909668 51.72492980957031 51.876705169677734 52.52163314819336 53.40671920776367 53.15862274169922 53.2022705078125 53.45888137817383 
51.21049499511719 50.99967956542969 49.867454528808594 50.47817611694336 50.413761138916016 51.654945373535156 50.893409729003906 50.43084716796875 
52.09577560424805 50.590816497802734 50.229087829589844 50.099552154541016 51.739295959472656 49.97488021850586 51.33036804199219 50.16281509399414 
50.393409729003906 50.926944732666016 50.69011306762695 51.18352127075195 49.93628692626953 50.751041412353516 51.104576110839844 50.005760192871094 
51.18531036376953 50.0731201171875 51.19116973876953 50.57868957519531 49.818302154541016 50.60780715942383 51.13897705078125 50.884544372558594 
49.771873474121094 51.13692855834961 50.86403274536133 49.87257766723633 50.07718276977539 50.03635025024414 51.05827331542969 50.98828887939453 
51.67385482788086 50.65043258666992 51.62169647216797 50.947265625 50.97731018066406 50.15657424926758 50.6693115234375 51.145023345947266 
50.953216552734375 49.23382568359375 50.85475158691406 50.88908767700195 51.06681442260742 50.2968635559082 50.137535095214844 51.257598876953125 
51.0346565246582 49.94112014770508 50.61609649658203 49.94527816772461 50.82329559326172 50.98320007324219 51.038753509521484 50.78889465332031 
51.270912170410156 51.764705657958984 51.17497634887695 48.66352081298828 50.884063720703125 50.90195083618164 51.361087799072266 51.141822814941406 
50.8678092956543 50.44838333129883 49.77302551269531 51.37299346923828 50.5906867980957 51.39632034301758 51.684959411621094 51.18364715576172 
104.22335815429688 107.3311996459961 104.76716613769531 105.78396606445312 104.09977722167969 105.58493041992188 103.6912612915039 103.93436431884766 
37.795711517333984 34.812416076660156 33.47359848022461 33.67107009887695 33.221153259277344 33.66227340698242 33.41823959350586 33.70912170410156 
105.32672119140625 109.6409912109375 106.82697296142578 106.42950439453125 105.67801666259766 106.20976257324219 100.8388442993164 105.8786849975586 
38.62259292602539 33.447486877441406 34.23699188232422 33.537601470947266 33.14476776123047 33.77862548828125 34.32307052612305 33.403743743896484 
103.38896179199219 102.40332794189453 104.828125 105.58214569091797 104.47711944580078 106.11622619628906 104.35135650634766 105.68083190917969 
35.6231689453125 33.71363067626953 33.14806365966797 34.10416030883789 33.370849609375 33.782718658447266 33.00102233886719 33.786014556884766 
104.1737289428711 103.9516830444336 105.89593505859375 105.4516830444336 102.47062683105469 103.18073272705078 105.60646057128906 103.81696319580078 
37.30713653564453 33.58729553222656 33.60403060913086 34.0832633972168 33.19247817993164 34.501792907714844 33.11318588256836 33.94985580444336 
105.1833267211914 105.30502319335938 105.4044189453125 104.86662292480469 103.46057891845703 104.03449249267578 103.82137298583984 105.27378845214844 
36.64006423950195 33.65804672241211 33.47187042236328 33.720001220703125 33.455841064453125 33.410560607910156 33.62211227416992 33.69241714477539 
102.29561614990234 105.92876434326172 105.56476593017578 104.21504211425781 102.83702087402344 109.62016296386719 106.79039764404297 106.40422058105469 
35.64188766479492 33.48332977294922 34.05984115600586 33.04022216796875 34.33039855957031 33.25459289550781 34.03673553466797 33.322078704833984 
108.48249816894531 101.9441909790039 104.67609405517578 104.9131851196289 103.1283187866211 106.71990203857422 103.36819458007812 105.47481536865234 
36.62684631347656 33.799137115478516 34.23027038574219 34.1644172668457 34.16553497314453 34.15542221069336 34.09360122680664 34.34220886230469 
103.99574279785156 102.17766571044922 103.60371398925781 104.50054168701172 105.0656967163086 106.55158233642578 105.23999786376953 104.83030700683594 
35.71420669555664 33.63209533691406 33.936641693115234 33.39731216430664 34.11299133300781 33.21343994140625 32.80720138549805 33.585121154785156 
103.56559753417969 105.81961822509766 105.21222686767578 104.78668975830078 105.40847778320312 106.54576110839844 104.42835235595703 104.83529663085938 
35.38832092285156 33.63840103149414 33.92131042480469 32.98972702026367 33.55235290527344 33.22380828857422 33.77891159057617 33.4771842956543 
103.64227294921875 103.225341796875 103.64835357666016 106.94338989257812 104.98809814453125 107.15379333496094 104.49609375 106.93631744384766 
35.60793685913086 33.43718338012695 33.68646240234375 33.532222747802734 33.63577651977539 33.55753707885742 33.77167892456055 33.73155212402344 
48.07155227661133 47.1926383972168 47.688289642333984 47.08755111694336 49.029151916503906 47.7922248840332 48.17283248901367 48.014686584472656 
49.1673583984375 46.857025146484375 47.33097457885742 47.14003372192383 48.26892852783203 47.534942626953125 48.94105529785156 47.60598373413086 
48.42067337036133 48.39680099487305 47.065120697021484 47.42371368408203 47.537086486816406 48.09715270996094 48.20140838623047 47.18611145019531 
47.99033737182617 46.351776123046875 46.61756896972656 48.66787338256836 46.77315139770508 48.331966400146484 47.06643295288086 48.651424407958984 
49.258975982666016 47.21945571899414 47.40803146362305 47.31827163696289 48.195777893066406 46.69203186035156 49.14591979980469 47.13078308105469 
49.05427169799805 48.078880310058594 47.275550842285156 47.438880920410156 47.65657424926758 48.12409591674805 48.270111083984375 47.0252799987793 
47.32262420654297 46.39382553100586 46.658782958984375 48.40915298461914 46.53190231323242 48.14531326293945 46.679134368896484 48.79081726074219 
48.0928955078125 46.394657135009766 47.25075149536133 48.21593475341797 46.5549430847168 49.16214370727539 47.01580810546875 48.818782806396484 
50.25996780395508 47.69145584106445 47.7413444519043 47.38751983642578 47.789886474609375 48.51670455932617 46.63916778564453 48.78755187988281 
49.20982360839844 47.821311950683594 47.505855560302734 48.033599853515625 48.070335388183594 46.98735809326172 48.1196174621582 47.89993667602539 
12.151712417602539 11.241791725158691 11.23465633392334 11.236639976501465 11.216095924377441 11.103232383728027 11.113951683044434 11.107808113098145 
11.085503578186035 11.129664421081543 11.178079605102539 11.168671607971191 11.135871887207031 11.111647605895996 11.13929557800293 11.169343948364258 
11.172256469726562 11.11894416809082 11.107328414916992 11.11513614654541 11.11616039276123 11.108672142028809 11.185279846191406 11.201279640197754 
11.05247974395752 11.071136474609375 11.101759910583496 11.152480125427246 11.196640014648438 11.20355224609375 11.134176254272461 11.11513614654541 
11.105600357055664 11.113471984863281 11.137791633605957 11.159232139587402 11.121343612670898 11.104767799377441 11.106816291809082 11.118111610412598 
11.076512336730957 11.109663963317871 11.106080055236816 11.114015579223633 11.121088027954102 11.191264152526855 11.136832237243652 11.107711791992188 
11.08995246887207 11.099040031433105 11.118911743164062 11.116928100585938 11.122079849243164 11.234016418457031 11.286879539489746 11.297504425048828 
11.072928428649902 11.085023880004883 11.121567726135254 11.099007606506348 11.19257640838623 11.154656410217285 11.156959533691406 11.161824226379395 
11.121919631958008 11.125280380249023 11.121952056884766 11.11193561553955 11.12656021118164 11.117759704589844 11.133983612060547 11.183487892150879 
11.129055976867676 11.095423698425293 11.105376243591309 11.091936111450195 11.216863632202148 11.233663558959961 11.268575668334961 11.167903900146484 
16.64396858215332 16.5830078125 16.587039947509766 16.83171272277832 16.701311111450195 16.57913589477539 16.54195213317871 16.896671295166016 
16.712032318115234 16.769983291625977 17.292448043823242 16.763103485107422 16.594335556030273 16.718143463134766 17.12588882446289 16.706079483032227 
16.59574317932129 16.584192276000977 17.068639755249023 16.72649574279785 16.652095794677734 16.542400360107422 16.711488723754883 16.58755111694336 
16.70911979675293 16.738176345825195 16.8023681640625 16.644704818725586 16.626976013183594 16.643199920654297 16.898527145385742 16.704832077026367 
16.780128479003906 16.92697525024414 16.812095642089844 16.63465690612793 16.55036735534668 17.011999130249023 17.000064849853516 16.702367782592773 
17.071136474609375 17.111488342285156 16.83910369873047 16.757055282592773 16.663328170776367 17.103103637695312 16.929088592529297 16.7675838470459 
17.029184341430664 16.962047576904297 16.912639617919922 16.681407928466797 16.642431259155273 16.91391944885254 16.856576919555664 16.653823852539062 
17.092479705810547 17.068031311035156 16.99283218383789 16.66636848449707 16.74028778076172 16.863807678222656 16.638080596923828 16.554208755493164 
17.141952514648438 16.67888069152832 16.587615966796875 16.802303314208984 16.855743408203125 16.63849639892578 16.62233543395996 16.625568389892578 
16.983552932739258 16.82271957397461 16.775264739990234 16.696895599365234 16.907743453979492 16.739295959472656 16.750688552856445 16.60736083984375 
41.783905029296875 38.93638229370117 39.4167366027832 39.413726806640625 39.4257926940918 39.11750411987305 38.81587219238281 38.936065673828125 
39.11974334716797 39.030399322509766 39.50534439086914 39.78704071044922 38.376319885253906 39.21353530883789 39.41958236694336 39.44918441772461 
39.84348678588867 38.5560302734375 38.26531219482422 39.75664138793945 38.65520095825195 39.42115020751953 39.41292953491211 39.14988708496094 
40.22323226928711 38.87648010253906 38.65254211425781 39.354942321777344 39.15411376953125 38.05091094970703 39.6822395324707 39.759742736816406 
40.56351852416992 38.049888610839844 39.657630920410156 39.49270248413086 39.439456939697266 39.35612869262695 38.86899185180664 39.051937103271484 
39.523681640625 39.57350540161133 39.56367874145508 39.471649169921875 38.907135009765625 39.40550231933594 38.89446258544922 39.30329513549805 
40.62857437133789 38.40342330932617 38.212799072265625 39.161888122558594 39.45404815673828 39.686561584472656 39.39692687988281 39.17878341674805 
40.96092987060547 38.685184478759766 39.009151458740234 38.48515319824219 39.080833435058594 38.385887145996094 39.6611213684082 39.677791595458984 
41.4956169128418 38.31955337524414 39.89014434814453 39.04169464111328 38.73516845703125 39.25449752807617 38.573760986328125 38.89564895629883 
42.106719970703125 39.83497619628906 38.39622497558594 39.20588684082031 38.8702392578125 39.01555252075195 39.067230224609375 38.45062255859375 
93.95126342773438 94.44294738769531 93.46173095703125 92.06073760986328 92.46431732177734 91.70336151123047 94.11984252929688 92.79933166503906 
63.233760833740234 64.97731018066406 62.74649429321289 62.542816162109375 62.34400177001953 62.4285774230957 63.07891082763672 61.70982360839844 
93.58480072021484 93.17984008789062 91.24761962890625 90.9202880859375 94.29353332519531 93.79347229003906 92.02787017822266 95.27350616455078 
63.0266227722168 63.536128997802734 62.704063415527344 62.7072639465332 63.32601547241211 61.55177688598633 63.25689697265625 61.150142669677734 
92.35369873046875 91.26918029785156 92.57913970947266 91.65433502197266 90.57017517089844 93.58182525634766 93.27766418457031 94.3993911743164 
65.23081970214844 61.968353271484375 62.88265609741211 62.83107376098633 63.62540817260742 61.51091384887695 62.547454833984375 61.281150817871094 
92.16569519042969 94.47494506835938 91.15196990966797 94.67676544189453 92.63228607177734 92.7475814819336 92.17520141601562 93.55001831054688 
63.05673599243164 59.53878402709961 61.58406448364258 62.6181755065918 59.698974609375 63.41900634765625 61.5145263671875 63.45328140258789 
94.54985809326172 91.5770263671875 94.65731048583984 92.65196990966797 93.56339263916016 92.51398468017578 92.54345703125 91.9362564086914 
62.79228973388672 63.3205451965332 61.36918258666992 63.55436706542969 61.024478912353516 63.119873046875 61.28643035888672 62.958560943603516 
92.51686096191406 91.51881408691406 94.95021057128906 93.01200103759766 92.54441833496094 94.9000015258789 91.23750305175781 89.42825317382812 
63.956031799316406 62.72566223144531 62.100128173828125 63.66070556640625 61.28838348388672 64.00899505615234 61.85212707519531 61.1907844543457 
92.17945861816406 93.0558090209961 92.53929901123047 95.32112121582031 91.53721618652344 89.27072143554688 90.41539001464844 96.1978530883789 
63.15091323852539 63.08396911621094 61.891902923583984 62.95951843261719 61.31760025024414 61.846336364746094 62.56332778930664 64.78886413574219 
93.60050964355469 90.31919860839844 93.84105682373047 91.14998626708984 93.04329681396484 93.49372863769531 94.12153625488281 93.5508804321289 
62.901119232177734 62.953697204589844 62.53091049194336 62.30995178222656 62.174686431884766 63.11920166015625 61.62870407104492 62.632606506347656 
93.58009338378906 92.22230529785156 91.30818939208984 89.53590393066406 95.2922592163086 92.69308471679688 92.63177490234375 92.429443359375 
63.9785270690918 61.1060791015625 61.30985641479492 61.75632095336914 63.7770881652832 61.260257720947266 63.67728042602539 61.994110107421875 
92.93622589111328 92.30169677734375 94.50121307373047 93.81919860839844 92.12537384033203 96.33222198486328 94.08509063720703 91.9662094116211 
63.2918701171875 63.12745666503906 61.79062271118164 61.863006591796875 61.764320373535156 63.6162223815918 61.39302444458008 64.00470733642578 
128.84422302246094 129.26380920410156 127.15385437011719 131.3047637939453 127.81097412109375 129.0150146484375 132.59666442871094 129.82301330566406 
63.60111999511719 63.05561447143555 63.81321716308594 61.52275085449219 62.75564956665039 61.282657623291016 63.72380828857422 63.55567932128906 
129.00076293945312 130.55577087402344 131.23849487304688 127.65679931640625 130.04409790039062 130.38552856445312 129.5955810546875 131.13229370117188 
62.774784088134766 61.87587356567383 61.115455627441406 63.663265228271484 60.77967834472656 61.95948791503906 62.403072357177734 62.88166427612305 
128.30636596679688 129.63792419433594 129.12416076660156 131.92311096191406 130.51528930664062 136.49606323242188 128.991455078125 132.00611877441406 
62.616127014160156 62.257633209228516 63.402496337890625 60.957313537597656 63.30335998535156 61.55420684814453 63.66908645629883 62.72175979614258 
128.40541076660156 127.83654022216797 132.02540588378906 136.18832397460938 127.7544937133789 128.5957794189453 128.41661071777344 129.7106170654297 
62.85683059692383 61.87686538696289 62.046241760253906 62.537662506103516 59.09369659423828 59.53667068481445 61.38054275512695 63.96860885620117 
132.46278381347656 131.2994842529297 129.4681854248047 128.23887634277344 132.86569213867188 130.42230224609375 129.756103515625 131.53042602539062 
63.92924880981445 62.143550872802734 63.08019256591797 62.889793395996094 61.203041076660156 63.04323196411133 61.83964920043945 63.08051300048828 
130.12591552734375 133.88204956054688 131.11497497558594 131.7659454345703 128.54998779296875 128.58560180664062 128.2646026611328 132.33558654785156 
62.620574951171875 63.09587097167969 62.71443176269531 61.55897521972656 63.256736755371094 61.33363342285156 62.6703987121582 60.81305694580078 
130.16134643554688 130.4917449951172 130.08380126953125 129.60797119140625 128.1565704345703 129.78099060058594 132.6612091064453 130.38394165039062 
62.28646469116211 61.91932678222656 63.82451248168945 59.965248107910156 61.7852783203125 61.01327896118164 63.77334213256836 61.312767028808594 
130.82850646972656 127.41766357421875 130.93084716796875 130.29209899902344 130.50962829589844 127.62748718261719 127.81520080566406 130.13267517089844 
62.542335510253906 61.04489517211914 61.91622543334961 60.0997428894043 63.239009857177734 62.17084884643555 62.08540725708008 61.452415466308594 
128.59312438964844 128.58592224121094 129.98233032226562 129.6728057861328 127.10006713867188 130.56793212890625 125.81625366210938 129.2942352294922 
62.99292755126953 62.38982391357422 62.731712341308594 60.68646240234375 63.61369705200195 62.499168395996094 62.754302978515625 63.00515365600586 
130.35299682617188 129.2449951171875 129.11062622070312 128.9041290283203 128.72653198242188 128.1532745361328 129.71311950683594 131.5283203125 
63.44441604614258 61.29209518432617 63.7006721496582 63.552223205566406 61.60950469970703 61.27427291870117 61.145118713378906 63.825408935546875 
106.25750732421875 104.89612579345703 106.40553283691406 105.95619201660156 110.25997161865234 106.1875228881836 105.67436981201172 104.37741088867188 
52.840511322021484 30.275039672851562 30.576223373413086 30.102815628051758 30.766111373901367 30.593120574951172 29.876895904541016 30.42665672302246 
106.3565444946289 106.58191680908203 107.19462585449219 106.56425476074219 107.93958282470703 105.1349105834961 101.72819519042969 108.72560119628906 
45.00409698486328 29.73072052001953 30.137344360351562 31.002336502075195 30.556703567504883 30.51203155517578 30.5914249420166 30.800960540771484 
103.7225570678711 108.21782684326172 103.97129821777344 104.78047943115234 107.14979553222656 105.73551940917969 108.96054077148438 107.33808135986328 
45.12361526489258 29.791488647460938 30.209184646606445 30.415071487426758 30.41267204284668 29.69817543029785 30.349472045898438 31.14886474609375 
105.22454071044922 105.1588134765625 106.8306884765625 105.15955352783203 107.69602966308594 103.20915222167969 103.45238494873047 104.84403228759766 
45.24835205078125 30.181087493896484 29.934751510620117 30.426368713378906 30.455904006958008 30.271135330200195 30.01465606689453 30.653087615966797 
104.46195220947266 110.6349105834961 102.50157165527344 107.92617797851562 105.87158203125 109.25676727294922 105.32182312011719 108.22525024414062 
44.98070526123047 29.53183937072754 29.78892707824707 30.108383178710938 30.037567138671875 30.196575164794922 30.618528366088867 30.70966339111328 
105.12499237060547 107.3207015991211 104.82988739013672 108.04073333740234 105.5802230834961 107.03715515136719 105.77833557128906 105.25279998779297 
45.704254150390625 30.377471923828125 30.48761558532715 29.91414451599121 30.353696823120117 30.743488311767578 30.330463409423828 29.982751846313477 
106.75628662109375 106.46685028076172 109.5709457397461 106.59839630126953 105.98345947265625 108.48355102539062 106.09388732910156 107.92179107666016 
45.03593444824219 29.594528198242188 30.798240661621094 30.325599670410156 30.338048934936523 29.835647583007812 30.817567825317383 30.934175491333008 
103.85244750976562 107.40930938720703 105.81507110595703 108.1767349243164 106.16563415527344 105.92755126953125 106.86579132080078 106.67100524902344 
45.21052932739258 30.153600692749023 30.672351837158203 29.825759887695312 30.06332778930664 30.6296329498291 30.448575973510742 30.272544860839844 
103.45699310302734 108.6246109008789 104.67766571044922 104.24050903320312 103.6124496459961 107.80201721191406 104.5442886352539 109.33590698242188 
44.992671966552734 30.156864166259766 30.634431838989258 30.201343536376953 30.24006462097168 30.980607986450195 30.57516860961914 30.403167724609375 
105.50685119628906 105.58700561523438 110.02333068847656 105.81641387939453 105.74041748046875 106.70899200439453 106.61705780029297 106.51660919189453 
45.02921676635742 30.085920333862305 30.780288696289062 29.647584915161133 30.170303344726562 30.24457550048828 30.22220802307129 30.120927810668945 
73.5835189819336 71.15596771240234 72.65507507324219 73.78886413574219 73.00962829589844 71.01356506347656 213.78390502929688 205.89231872558594 
73.90809631347656 71.49852752685547 72.74934387207031 72.61373138427734 70.94268798828125 72.82009887695312 197.70777893066406 189.90086364746094 
71.43939208984375 70.07552337646484 71.3609619140625 70.58927917480469 72.85081481933594 72.26246643066406 201.83599853515625 197.88748168945312 
72.32672119140625 71.7674560546875 71.75609588623047 72.01331329345703 72.49459075927734 73.30016326904297 217.77574157714844 210.00160217285156 
70.56297302246094 72.90243530273438 71.88150024414062 71.3969955444336 72.34524536132812 71.13798522949219 221.80873107910156 205.9869384765625 
72.67798614501953 72.21647644042969 71.03202819824219 72.41133117675781 71.3919677734375 73.6924819946289 225.74581909179688 177.87881469726562 
72.23497772216797 72.49462127685547 71.9722900390625 71.63676452636719 71.84684753417969 72.13600158691406 237.82989501953125 201.8962860107422 
72.95804595947266 71.4070053100586 71.85692596435547 70.4781723022461 73.01481628417969 70.67231750488281 213.78274536132812 201.94419860839844 
72.39350128173828 71.9268798828125 72.23772430419922 72.62150573730469 70.06515502929688 72.2739486694336 217.80316162109375 193.97024536132812 
71.3908462524414 71.91129302978516 71.30931091308594 72.9250259399414 71.48143768310547 72.86182403564453 206.38246154785156 194.17750549316406 
117.97920227050781 115.94595336914062 117.46588897705078 119.01407623291016 113.7547836303711 117.22930908203125 115.86032104492188 117.06355285644531 
45.142303466796875 41.56924819946289 42.67852783203125 43.086238861083984 43.08259201049805 42.87171173095703 42.09423828125 42.91904067993164 
117.54886627197266 116.05977630615234 119.66560363769531 118.662109375 117.11014556884766 118.5068130493164 116.20166778564453 116.2608642578125 
44.727294921875 43.117855072021484 43.859710693359375 42.842750549316406 41.67555236816406 41.734657287597656 43.54380798339844 43.05027389526367 
116.50102233886719 115.0182113647461 115.98512268066406 118.12815856933594 116.97151947021484 120.80111694335938 116.37904357910156 114.12844848632812 
45.32620620727539 43.92911911010742 43.38275146484375 42.262367248535156 43.178497314453125 43.56880187988281 43.43337631225586 42.200801849365234 
116.95926666259766 115.6497573852539 115.87474822998047 113.74409484863281 115.3604507446289 118.5183334350586 117.27645111083984 115.71705627441406 
44.84288024902344 43.41129684448242 42.87971115112305 42.85820770263672 42.95024108886719 42.955360412597656 43.81990432739258 42.75267028808594 
115.87459564208984 115.66166687011719 114.01165008544922 120.09667205810547 117.30032348632812 117.4378890991211 119.9441909790039 117.56403350830078 
46.92438507080078 43.6800651550293 43.1668815612793 41.98214340209961 42.11609649658203 42.9984016418457 43.766239166259766 42.33305740356445 
117.30345916748047 115.08048248291016 117.12226867675781 119.29603576660156 116.81465911865234 117.64044952392578 116.85529327392578 114.1542739868164 
44.50892639160156 43.671966552734375 43.98444747924805 42.39487838745117 42.82806396484375 43.31747055053711 43.605247497558594 41.573150634765625 
117.89043426513672 116.16146850585938 119.59065246582031 116.3834228515625 113.93949127197266 120.51225280761719 118.33580780029297 115.44064331054688 
47.35113525390625 42.794368743896484 42.38297653198242 42.76172637939453 43.17670440673828 43.853153228759766 43.312095642089844 42.25539016723633 
118.14521789550781 115.99622344970703 119.80912017822266 119.51165008544922 113.1049575805664 118.84796905517578 115.4439697265625 118.41919708251953 
45.55241775512695 42.655967712402344 43.17510223388672 42.45779037475586 42.9601936340332 43.874656677246094 43.52809524536133 42.433502197265625 
117.2640609741211 116.05353546142578 116.46707153320312 116.90755462646484 116.32006072998047 119.093505859375 116.2195816040039 116.99609375 
44.71219253540039 42.266273498535156 44.034976959228516 43.5557746887207 42.08835220336914 43.085601806640625 43.79004669189453 43.812862396240234 
116.36319732666016 118.8790054321289 118.14147186279297 117.29974365234375 116.93769836425781 115.56553649902344 116.05308532714844 120.4151382446289 
44.84988784790039 42.17862319946289 42.98041534423828 43.611968994140625 43.790496826171875 42.090335845947266 43.20761489868164 43.64051055908203 
96.12854766845703 94.36246490478516 94.62451171875 94.49014282226562 92.23619079589844 95.10265350341797 96.29219055175781 93.94908905029297 
48.124385833740234 46.40528106689453 45.51087951660156 46.83366394042969 45.86288070678711 46.324222564697266 46.38246536254883 45.684959411621094 
96.32300567626953 97.28256225585938 94.8695068359375 94.72166442871094 97.49337768554688 96.1674575805664 94.9566421508789 94.79267120361328 
48.83635330200195 44.55507278442383 46.4936637878418 44.9521598815918 45.64995193481445 46.14076614379883 46.02463912963867 46.195518493652344 
94.56511688232422 93.87149047851562 93.47417449951172 95.25750732421875 95.82189178466797 95.66659545898438 93.76726531982422 95.21644592285156 
48.60550308227539 45.5030403137207 46.91632080078125 45.600704193115234 46.31679916381836 46.50947189331055 46.18048095703125 45.71894454956055 
95.17049407958984 93.74797058105469 95.89295959472656 95.76908874511719 93.4869155883789 97.66473388671875 95.7416000366211 96.25635528564453 
47.28547286987305 46.1297607421875 46.532958984375 45.15708923339844 46.891136169433594 46.13782501220703 46.39807891845703 46.87833786010742 
93.21529388427734 95.95401763916016 96.1720962524414 94.46524810791016 95.2635498046875 96.47017669677734 95.5987548828125 93.87055969238281 
47.19340896606445 45.26988983154297 44.418209075927734 46.05574417114258 46.62947082519531 45.250144958496094 47.28355026245117 46.2191047668457 
93.91334533691406 92.74668884277344 95.81334686279297 93.84329223632812 95.4448013305664 96.03868865966797 94.74626922607422 94.32713317871094 
48.65187072753906 46.280609130859375 45.73936080932617 45.436065673828125 46.70742416381836 45.43027114868164 46.319007873535156 46.56889724731445 
95.9205093383789 92.99715423583984 94.34451293945312 96.50582122802734 95.87798309326172 93.68614196777344 96.82089233398438 95.0552978515625 
48.739009857177734 45.676513671875 46.77766418457031 44.720481872558594 46.174625396728516 46.49327850341797 45.44441604614258 47.17427062988281 
93.81648254394531 92.76265716552734 97.491455078125 93.07520294189453 94.7174072265625 96.91177368164062 94.5033950805664 93.7738265991211 
48.39827346801758 46.25417709350586 46.92969512939453 46.57129669189453 46.70006561279297 45.209503173828125 47.01932907104492 46.393375396728516 
95.75635528564453 95.7603530883789 93.0002212524414 96.23926544189453 94.08377838134766 92.81721496582031 94.90412902832031 96.17139434814453 
47.93379211425781 46.44675064086914 47.11260986328125 45.78531265258789 45.723297119140625 45.880863189697266 46.517791748046875 45.670143127441406 
96.38262176513672 96.91324615478516 95.01628875732422 93.43180847167969 95.23677062988281 90.49625396728516 94.7911376953125 96.59033966064453 
48.2657585144043 46.56959915161133 45.42732620239258 46.663265228271484 46.52511978149414 46.589054107666016 46.866878509521484 46.43904113769531 
80.88550567626953 77.29475402832031 81.63455963134766 80.04662322998047 80.29183959960938 82.71705627441406 81.79837036132812 78.89167785644531 
38.34342575073242 38.88496017456055 39.672481536865234 39.157920837402344 38.77305603027344 39.263328552246094 38.814815521240234 38.19670486450195 
80.72370910644531 79.90809631347656 76.62140655517578 80.6568603515625 82.45862579345703 79.9664306640625 80.74781036376953 80.14720153808594 
37.38825607299805 38.050113677978516 39.11497497558594 38.324928283691406 38.22854232788086 39.766849517822266 39.55302429199219 39.36195373535156 
80.56758117675781 79.84236907958984 81.47801971435547 80.01683044433594 79.53907012939453 82.72675323486328 81.77069091796875 78.96902465820312 
38.37788772583008 39.069087982177734 39.940223693847656 39.006561279296875 39.592830657958984 39.738624572753906 39.00368118286133 39.32787322998047 
78.97679901123047 81.74681854248047 82.9751968383789 80.27305603027344 78.80774688720703 77.32189178466797 79.21804809570312 81.47612762451172 
38.426719665527344 39.0816650390625 39.412288665771484 39.200992584228516 38.96604919433594 39.117759704589844 38.72438430786133 38.34515380859375 
81.59622192382812 78.95391845703125 81.65369415283203 81.51840209960938 79.0630111694336 82.0340805053711 82.63772583007812 80.85430145263672 
37.77587127685547 37.31398391723633 39.54934310913086 39.61414337158203 39.73881530761719 39.78815841674805 38.70774459838867 39.112449645996094 
79.75228881835938 84.55299377441406 81.00418853759766 76.29942321777344 81.05187225341797 80.42829132080078 78.998046875 82.53385925292969 
37.83500671386719 39.29353713989258 39.29129409790039 38.604095458984375 38.45132827758789 38.708961486816406 39.274879455566406 39.450111389160156 
81.65020751953125 79.27945709228516 82.15471649169922 80.4073257446289 79.35234832763672 78.25894165039062 81.46864318847656 79.28022766113281 
37.97702407836914 37.60508728027344 39.84489440917969 38.52675247192383 38.9705924987793 39.482975006103516 39.29564666748047 39.07846450805664 
79.8763198852539 78.54550170898438 82.1648941040039 79.83731079101562 80.87065887451172 82.3917465209961 80.21481323242188 79.28313446044922 
38.564640045166016 38.35276794433594 39.00352096557617 38.853599548339844 39.223838806152344 38.70431900024414 37.98169708251953 37.73295974731445 
80.5687026977539 82.86691284179688 79.06230163574219 79.3154525756836 81.27273559570312 80.01152038574219 79.20182037353516 83.70451354980469 
37.70006561279297 39.569313049316406 39.87305450439453 39.64531326293945 39.466400146484375 39.02819061279297 39.335166931152344 39.25833511352539 
80.54364776611328 80.22608184814453 81.57186889648438 80.93280029296875 77.70323181152344 81.07193756103516 77.9505615234375 79.96192169189453 
38.402015686035156 38.1354866027832 39.872222900390625 39.7243537902832 38.86470413208008 39.69647979736328 39.324798583984375 39.07583999633789 
127.70934295654297 126.91836547851562 124.96028900146484 127.07286071777344 129.59910583496094 128.04502868652344 129.97410583496094 128.285888671875 
43.688926696777344 42.978431701660156 43.279937744140625 43.60310363769531 42.8326416015625 42.65427017211914 43.21993637084961 43.34364700317383 
125.2204818725586 126.9427490234375 127.98607635498047 129.99136352539062 126.31190490722656 128.25672912597656 127.7252197265625 128.669921875 
43.71539306640625 42.78358459472656 43.939552307128906 42.124961853027344 42.98979187011719 42.22480010986328 43.17184066772461 43.98588943481445 
125.8031005859375 125.77017974853516 128.92247009277344 127.4590072631836 131.3026885986328 127.41410827636719 127.58819580078125 128.3525390625 
44.53731155395508 42.567359924316406 43.09648132324219 43.81184005737305 42.256256103515625 42.259521484375 42.6011848449707 42.79324722290039 
127.74393463134766 133.4369659423828 128.2662353515625 127.25103759765625 126.5512924194336 128.5070037841797 127.67964935302734 128.99253845214844 
47.08505630493164 41.790462493896484 41.8105583190918 42.936737060546875 43.5832633972168 42.5327033996582 42.624351501464844 42.640159606933594 
126.4967041015625 130.2225341796875 131.07212829589844 133.1865234375 129.056640625 126.7655029296875 125.76972961425781 128.26409912109375 
45.076351165771484 43.64044952392578 42.22038269042969 42.15292739868164 42.67955017089844 43.29209518432617 43.68172836303711 42.633663177490234 
125.93270111083984 126.37689971923828 131.2927703857422 124.69929504394531 127.04544067382812 127.91795349121094 127.87097930908203 127.28787231445312 
44.65039825439453 42.324798583984375 43.64156723022461 43.083168029785156 42.11100769042969 42.856414794921875 43.912513732910156 43.408287048339844 
127.17257690429688 126.95053100585938 133.953125 127.76451110839844 131.9385986328125 127.3671646118164 127.27932739257812 127.98108673095703 
43.77840042114258 43.26339340209961 43.834590911865234 43.39228820800781 42.376991271972656 43.34678268432617 43.85580825805664 43.16048049926758 
126.6304931640625 129.19651794433594 130.4121551513672 128.4874267578125 128.24896240234375 128.0399627685547 128.96592712402344 129.316162109375 
45.03532791137695 42.19318389892578 42.57961654663086 43.54438400268555 43.96713638305664 42.71039962768555 42.83647918701172 43.214111328125 
127.03228759765625 128.053466796875 127.04518127441406 128.0761260986328 127.67151641845703 130.20326232910156 128.5398406982422 128.40489196777344 
45.964576721191406 43.331520080566406 42.585025787353516 42.963871002197266 43.71478271484375 43.50348663330078 42.356224060058594 42.1058235168457 
127.69302368164062 127.29491424560547 130.32354736328125 129.02333068847656 128.5867156982422 123.01948547363281 126.45740509033203 128.09449768066406 
44.83299255371094 41.513248443603516 43.1201286315918 43.5623664855957 42.90377426147461 42.50579071044922 42.44236755371094 43.07081604003906 
111.91574096679688 113.83171081542969 114.63040161132812 113.42221069335938 114.17375946044922 112.2017593383789 111.14844512939453 112.12127685546875 
41.441280364990234 37.13398361206055 37.686561584472656 37.05449676513672 36.04499053955078 37.51881790161133 37.64720153808594 37.51491165161133 
112.19158172607422 113.16860961914062 110.39132690429688 114.75308990478516 114.04227447509766 113.97257232666016 114.87702178955078 114.38371276855469 
39.32972717285156 37.37753677368164 37.84678268432617 38.34739303588867 38.02105712890625 37.82681655883789 37.774208068847656 37.86656188964844 
112.14873504638672 114.25363159179688 115.47087860107422 112.72393798828125 114.73133087158203 113.17174530029297 112.92752075195312 112.42594909667969 
40.255008697509766 37.79372787475586 37.168128967285156 37.60838317871094 36.94102478027344 37.85228729248047 37.80192184448242 37.626014709472656 
112.42467498779297 110.4362564086914 114.56320190429688 110.39494323730469 114.87500762939453 114.70893096923828 113.64262390136719 115.03343963623047 
42.15785598754883 37.258079528808594 37.6321907043457 36.99856185913086 38.01081466674805 38.07632064819336 37.79404830932617 37.92220687866211 
116.5031967163086 114.33065795898438 112.23369598388672 116.55939483642578 113.61376190185547 114.26588439941406 109.98390197753906 116.65907287597656 
40.65718460083008 37.98044967651367 37.80223846435547 37.5142707824707 37.537086486816406 36.408512115478516 38.520320892333984 37.66291046142578 
114.56665802001953 111.67314910888672 115.32870483398438 115.09337615966797 116.13993835449219 114.67779541015625 113.95740509033203 114.95753479003906 
39.496864318847656 37.258689880371094 38.128353118896484 36.801856994628906 37.55984115600586 37.39744186401367 37.878177642822266 37.658302307128906 
116.11052703857422 115.1761245727539 115.065185546875 115.26316833496094 108.71295928955078 114.60985565185547 113.48172760009766 112.84063720703125 
43.19830322265625 38.19232177734375 37.334686279296875 37.303199768066406 37.406368255615234 37.038272857666016 38.17206573486328 37.82041549682617 
114.18828582763672 114.70515441894531 111.95410919189453 117.6495361328125 113.95807647705078 118.05427551269531 113.2708511352539 112.912353515625 
42.81631851196289 37.031776428222656 37.86102294921875 37.699710845947266 37.019615173339844 37.073631286621094 38.08524703979492 38.25177764892578 
112.22322845458984 114.91305541992188 112.47663879394531 114.19725036621094 117.80048370361328 113.3713607788086 114.43628692626953 113.34044647216797 
40.299041748046875 37.551937103271484 37.285057067871094 38.15475082397461 37.6596794128418 37.62966537475586 37.921024322509766 37.625919342041016 
114.13680267333984 117.91423797607422 115.11148834228516 113.66304016113281 118.96857452392578 112.85212707519531 116.47808074951172 112.55177307128906 
39.7243537902832 37.89507293701172 37.65449523925781 37.7852783203125 37.55673599243164 37.391361236572266 38.30508804321289 38.499263763427734 
93.44780731201172 91.8457260131836 88.57174682617188 91.63568115234375 89.83744049072266 93.37728118896484 90.40281677246094 90.96627044677734 
47.47993469238281 45.1761589050293 42.93280029296875 43.381534576416016 45.70716857910156 44.148895263671875 44.28956985473633 44.66716766357422 
90.57049560546875 89.15679931640625 90.88925170898438 90.4557113647461 90.59526062011719 90.70496368408203 90.12678527832031 91.36768341064453 
47.628414154052734 44.84492874145508 45.47603225708008 43.72604751586914 44.48316955566406 45.4846076965332 44.126976013183594 44.03590393066406 
91.84294128417969 90.80883026123047 89.57788848876953 93.18022155761719 89.67533111572266 89.79622650146484 90.81206512451172 90.20985412597656 
47.4285774230957 44.935585021972656 45.39292907714844 44.396385192871094 44.79679870605469 45.57062530517578 43.27360153198242 44.36729431152344 
89.11196899414062 92.0215072631836 90.80486297607422 91.5700454711914 92.4483871459961 88.11888122558594 91.92733001708984 94.16867065429688 
48.02374267578125 44.120704650878906 45.47769546508789 44.54470443725586 44.68479919433594 45.31769561767578 45.51206588745117 44.40486526489258 
90.49411010742188 90.27094268798828 90.11033630371094 93.64956665039062 89.58863830566406 89.8469467163086 91.8736343383789 89.35382080078125 
49.32128143310547 44.3296012878418 45.96761703491211 45.041473388671875 44.49251174926758 45.706111907958984 43.89481735229492 43.65622329711914 
91.18550109863281 88.52041625976562 92.3904037475586 89.6178207397461 91.57628631591797 90.28157043457031 87.4319076538086 92.59436798095703 
46.71503829956055 44.47126388549805 45.68163299560547 44.83222579956055 44.691680908203125 46.15715026855469 44.29353713989258 43.822113037109375 
88.9570541381836 91.23677062988281 91.68899536132812 89.80233764648438 91.79545593261719 90.75084686279297 90.42460632324219 90.86332702636719 
46.03868865966797 44.293792724609375 44.709312438964844 45.459232330322266 44.658206939697266 43.967262268066406 44.85878372192383 44.07088088989258 
91.73670196533203 88.72547149658203 90.22418975830078 92.59359741210938 90.51622772216797 91.94505310058594 89.73577880859375 90.99247741699219 
47.16134262084961 43.98739242553711 45.44963073730469 44.322654724121094 44.814239501953125 45.08534240722656 45.06361770629883 44.34492874145508 
91.43965148925781 89.37260437011719 92.84265899658203 90.32173156738281 91.03584289550781 92.35382080078125 88.92422485351562 92.09673309326172 
46.93075180053711 43.07747268676758 44.203006744384766 45.232608795166016 43.94960021972656 44.729312896728516 45.66387176513672 44.121822357177734 
88.86809539794922 91.6909408569336 90.86323547363281 91.73292541503906 90.86998748779297 90.0680923461914 91.21916961669922 91.59497833251953 
47.14787292480469 43.546302795410156 44.76473617553711 45.33536148071289 43.90403366088867 44.70073699951172 45.24911880493164 44.26144027709961 
110.96339416503906 109.75567626953125 116.83833312988281 112.94348907470703 111.94342041015625 115.09683227539062 113.36790466308594 112.39775848388672 
74.70755004882812 74.04991912841797 72.42483520507812 73.1196517944336 75.0231704711914 73.71456146240234 73.53241729736328 72.1563491821289 
109.73734283447266 113.19058990478516 109.22188568115234 118.41190338134766 112.87529754638672 111.30992126464844 113.12124633789062 111.48649597167969 
73.73081970214844 71.25446319580078 73.78803253173828 71.57510375976562 73.23174285888672 69.81136322021484 75.1844482421875 72.51382446289062 
114.61885070800781 112.16671752929688 113.63689422607422 113.8523178100586 107.83036804199219 112.91203308105469 111.08566284179688 112.793212890625 
73.59728240966797 72.5738525390625 72.39411163330078 74.81353759765625 71.95152282714844 73.51446533203125 75.11622619628906 72.54704284667969 
110.54847717285156 112.78508758544922 109.53887939453125 113.44489288330078 108.84175872802734 112.37510681152344 115.98477172851562 110.7589111328125 
72.82466888427734 72.31014251708984 75.58841705322266 73.78550720214844 71.99126434326172 70.07430267333984 74.21532440185547 73.87110137939453 
111.22191619873047 111.79325103759766 112.28102111816406 108.42649841308594 111.36115264892578 111.60623931884766 112.95721435546875 113.5697250366211 
72.65436553955078 72.92205047607422 71.72096252441406 74.63894653320312 72.09932708740234 72.78546905517578 74.46562957763672 74.07068634033203 
111.69891357421875 110.9711685180664 109.81430053710938 113.41280364990234 112.72627258300781 114.01554870605469 111.6157455444336 112.87510681152344 
72.24105834960938 74.89481353759766 76.0219497680664 73.6659164428711 72.64227294921875 73.4881591796875 72.48162841796875 74.10963439941406 
111.52323150634766 108.91964721679688 115.71542358398438 112.9909439086914 114.05286407470703 112.2066879272461 111.38921356201172 112.2037124633789 
72.19900512695312 73.66499328613281 75.57279968261719 73.95629119873047 73.25609588623047 76.79170989990234 73.4043197631836 72.91007995605469 
110.31603240966797 112.25007629394531 112.01958465576172 108.4037094116211 115.32128143310547 112.0448989868164 109.83942413330078 111.75593566894531 
74.79881286621094 72.38563537597656 75.13890838623047 74.42723083496094 71.97650909423828 75.3523178100586 74.64403533935547 72.90172576904297 
110.36271667480469 112.81231689453125 109.43318176269531 113.79344177246094 112.9849624633789 110.71443176269531 113.55990600585938 111.72972869873047 
74.66393280029297 73.8614730834961 70.9804458618164 74.89600372314453 71.25247955322266 74.89628601074219 73.19264221191406 73.45868682861328 
110.53952026367188 112.28489685058594 112.52700805664062 112.6176986694336 114.34416198730469 108.600830078125 113.55763244628906 111.0439682006836 
74.83734130859375 76.7306900024414 72.50953674316406 72.63504028320312 73.11167907714844 74.64134216308594 72.47702026367188 73.53193664550781 
107.97203063964844 111.45635223388672 108.21417236328125 113.40592193603516 109.5564193725586 110.64979553222656 110.13849639892578 109.68831634521484 
50.15884780883789 47.36640167236328 46.94553756713867 47.90188980102539 46.6624641418457 46.96588897705078 47.24720001220703 48.219425201416016 
111.28406524658203 109.8941421508789 109.91107177734375 108.96521759033203 112.27670288085938 111.73712158203125 111.42060852050781 109.91871643066406 
51.03206253051758 48.569183349609375 47.55311965942383 47.2825927734375 46.828033447265625 47.64223861694336 47.23062515258789 47.503265380859375 
108.55769348144531 110.64825439453125 113.2771224975586 106.39395141601562 110.61885070800781 110.14390563964844 112.00281524658203 107.17593383789062 
49.823551177978516 47.49097442626953 48.117088317871094 47.51180648803711 48.29520034790039 47.33552169799805 48.4815673828125 46.74435043334961 
111.14492797851562 111.39478302001953 112.52198028564453 106.9649887084961 111.11676788330078 113.8521957397461 110.86188507080078 109.30067443847656 
49.520286560058594 46.93596649169922 48.62883377075195 47.067073822021484 49.12131118774414 46.902496337890625 48.39753723144531 47.23417663574219 
107.19808197021484 109.63983917236328 111.28876495361328 112.14435577392578 109.35542297363281 110.05414581298828 110.3691177368164 114.33570861816406 
52.6313591003418 47.060062408447266 48.83977508544922 47.07948684692383 47.56694412231445 47.08019256591797 47.9752311706543 46.5153923034668 
108.93360137939453 108.6174087524414 113.38921356201172 113.60594940185547 111.74479675292969 106.60310363769531 109.54815673828125 116.90694427490234 
51.002113342285156 46.75481414794922 48.781856536865234 46.60790252685547 47.61561584472656 48.252769470214844 48.04982376098633 48.19136047363281 
110.72038269042969 111.0538558959961 108.53308868408203 113.47398376464844 111.21603393554688 111.93619537353516 109.81068420410156 107.48191833496094 
50.64521789550781 46.51945495605469 46.961055755615234 47.1352653503418 48.20934295654297 46.21571350097656 46.86489486694336 47.86995315551758 
109.9468765258789 109.91580963134766 110.52438354492188 113.52767944335938 113.53539276123047 112.24012756347656 107.33446502685547 109.21395111083984 
49.80489730834961 47.360992431640625 46.23295974731445 47.69337463378906 48.44831848144531 47.348575592041016 47.05811309814453 47.14806365966797 
111.22064208984375 111.47904205322266 109.22303771972656 108.39318084716797 111.70953369140625 110.5153579711914 109.50867462158203 110.86589050292969 
49.61299133300781 47.14166259765625 47.490753173828125 46.7591667175293 47.53424072265625 47.68150329589844 47.449153900146484 48.318721771240234 
111.9312973022461 109.30764770507812 110.15379333496094 111.76044464111328 105.98834991455078 109.91414642333984 109.80572509765625 111.58515167236328 
50.0233268737793 47.407615661621094 46.99545669555664 48.05766296386719 47.56051254272461 48.52511978149414 47.85990524291992 47.213470458984375 
124.63231658935547 127.98089599609375 127.65817260742188 127.96281433105469 128.01596069335938 126.29286193847656 124.1561279296875 129.84268188476562 
57.410945892333984 56.664161682128906 55.52889633178711 55.28384017944336 54.621185302734375 56.54240036010742 56.09084701538086 53.74012756347656 
125.6033935546875 126.43926239013672 126.08048248291016 124.0775375366211 127.54803466796875 125.43536376953125 127.42431640625 123.92144012451172 
57.29897689819336 53.574302673339844 56.77916717529297 55.521663665771484 56.09564971923828 55.74528121948242 54.757598876953125 56.32704162597656 
125.37257385253906 130.6607666015625 125.56092834472656 126.5475845336914 123.24540710449219 129.6663360595703 123.09718322753906 125.79830169677734 
57.40607833862305 55.24079895019531 56.26316833496094 56.620094299316406 55.48896026611328 55.62998580932617 55.41785430908203 52.71993637084961 
124.13481903076172 129.57469177246094 124.0376968383789 125.3373794555664 126.9189453125 126.71520233154297 127.048095703125 124.5412826538086 
58.0016975402832 56.00611114501953 54.14611053466797 54.999488830566406 56.814239501953125 56.41187286376953 56.93619155883789 55.63811111450195 
123.94707489013672 127.38288116455078 124.87254333496094 129.67001342773438 123.82176208496094 124.99104309082031 123.4032974243164 127.27142333984375 
57.9257926940918 54.271968841552734 55.68297576904297 54.89430236816406 55.15651321411133 54.81587219238281 54.49331283569336 55.95926284790039 
126.30150604248047 128.16685485839844 126.89593505859375 124.89775848388672 126.10572814941406 127.00579071044922 125.33273315429688 125.13190460205078 
56.88729476928711 53.93580627441406 55.664608001708984 54.48003387451172 56.02265548706055 55.60620880126953 55.69926452636719 54.76841735839844 
124.75759887695312 124.27999877929688 122.5763168334961 127.62384033203125 127.38687896728516 127.29065704345703 121.00768280029297 126.58531188964844 
58.69660949707031 55.08806228637695 55.04924774169922 53.540767669677734 54.98348617553711 54.83967971801758 55.09718322753906 54.74787139892578 
124.65769958496094 126.15110778808594 127.28118133544922 131.26512145996094 127.42607879638672 124.27689361572266 127.24111938476562 126.24147033691406 
56.818145751953125 54.557342529296875 54.76015853881836 54.276641845703125 55.43513488769531 52.623294830322266 55.73206329345703 55.8449592590332 
124.49772644042969 125.64466857910156 127.38748931884766 127.6983642578125 130.02911376953125 129.5791015625 125.15574645996094 127.07603454589844 
56.53305435180664 55.0335693359375 55.480960845947266 55.27974319458008 54.7369270324707 56.442081451416016 56.514366149902344 56.54780960083008 
125.3276138305664 127.18156433105469 127.0923843383789 127.08649444580078 126.65980529785156 129.98719787597656 129.79270935058594 122.823486328125 
56.82275390625 52.44255828857422 55.59980773925781 55.60307312011719 54.37443161010742 56.030174255371094 55.47091293334961 55.57868957519531 
64.97811126708984 66.5579833984375 68.11942291259766 66.8322525024414 66.70281219482422 65.85836791992188 67.10896301269531 66.05046081542969 
66.70626831054688 66.81228637695312 66.21782684326172 64.80508422851562 65.92562866210938 66.95359802246094 66.2259521484375 66.92720031738281 
66.314208984375 66.965087890625 67.06719970703125 65.57782745361328 67.22473907470703 67.38288116455078 67.24188995361328 68.30435180664062 
65.60975646972656 65.92534637451172 65.80406188964844 66.52864074707031 66.02703857421875 66.85507202148438 66.42415618896484 67.87411499023438 
66.81603240966797 68.30303955078125 67.23225402832031 67.4524154663086 66.96243286132812 66.67027282714844 67.45062255859375 66.29830169677734 
65.26544189453125 66.84754943847656 67.863037109375 67.48947143554688 68.32796478271484 65.71414184570312 67.1275863647461 67.36121368408203 
65.41519927978516 65.37273406982422 66.53270721435547 67.20057678222656 66.93218994140625 67.77164459228516 67.03327941894531 67.8930892944336 
65.83936309814453 66.1490249633789 66.05712127685547 66.54361724853516 66.47747039794922 65.87967681884766 66.7293472290039 67.93081665039062 
65.99161529541016 65.33372497558594 66.72940826416016 67.54019165039062 67.82527923583984 67.22406768798828 65.94576263427734 68.48889923095703 
65.97634887695312 66.90835571289062 66.47987365722656 66.73632049560547 67.72764587402344 66.06710052490234 67.30070495605469 68.28345489501953 
87.21842956542969 87.9658203125 85.61299133300781 82.7386245727539 86.02703857421875 87.34832000732422 87.71929931640625 85.6640625 
47.491615295410156 42.9865608215332 44.738433837890625 44.332542419433594 44.731807708740234 44.867679595947266 45.378753662109375 44.88159942626953 
87.37920379638672 87.91532897949219 87.17414093017578 85.67411041259766 85.64067077636719 86.28125 88.47357177734375 87.29334259033203 
46.262176513671875 45.83305740356445 44.597984313964844 45.03363037109375 45.13872146606445 46.26732635498047 44.897918701171875 44.32624053955078 
88.30006408691406 84.7886734008789 86.88534545898438 86.8536605834961 86.07020568847656 85.79071807861328 87.12371063232422 88.110595703125 
47.07651138305664 44.687744140625 45.81193542480469 44.79347229003906 44.77439880371094 45.2762565612793 46.32089614868164 45.18608093261719 
87.08729553222656 84.19996643066406 83.86061096191406 85.65328216552734 86.5940170288086 87.26313781738281 87.91449737548828 88.54566192626953 
45.990848541259766 44.81401443481445 44.71110534667969 44.61328125 45.28825759887695 44.93695831298828 44.53535842895508 45.062496185302734 
87.40560150146484 87.77225494384766 84.4415054321289 85.83010864257812 85.79337310791016 85.92566680908203 85.84909057617188 87.25529479980469 
46.549537658691406 45.208927154541016 45.90528106689453 44.43417739868164 44.390655517578125 46.57487869262695 45.42268753051758 44.61888122558594 
87.57161712646484 86.24329376220703 84.90080261230469 86.40156555175781 86.14982604980469 85.67996978759766 84.5288314819336 85.42976379394531 
49.1126708984375 44.483585357666016 44.33033752441406 45.873695373535156 45.816383361816406 45.257694244384766 43.80499267578125 46.09743881225586 
85.56825256347656 85.32319641113281 85.85689544677734 87.72246551513672 87.44096374511719 87.46937561035156 86.37420654296875 87.34877014160156 
47.66115188598633 45.53363037109375 44.47001647949219 44.40563201904297 45.77964782714844 45.8458251953125 45.72982406616211 45.34150314331055 
86.65609741210938 86.22003173828125 85.16838073730469 84.0202865600586 86.6760025024414 87.57295989990234 85.50240325927734 85.38912200927734 
47.94764709472656 45.43164825439453 44.661376953125 44.9667854309082 45.5552978515625 44.45814514160156 45.180416107177734 44.95238494873047 
87.55340576171875 86.72473907470703 87.94425964355469 88.69728088378906 87.0118408203125 83.14733123779297 85.9411849975586 85.26802825927734 
47.1440315246582 44.47520065307617 44.2479362487793 46.52796936035156 44.695648193359375 44.62998580932617 45.616127014160156 44.62006378173828 
89.3653793334961 88.85708618164062 85.52851104736328 86.17577362060547 87.71625518798828 89.39520263671875 86.56409454345703 86.82844543457031 
48.442176818847656 44.68611145019531 45.191200256347656 43.905696868896484 43.687232971191406 45.560096740722656 45.633567810058594 45.35276794433594 
102.94198608398438 102.38082885742188 105.08354949951172 104.2570571899414 105.8104019165039 103.9949722290039 102.41075134277344 100.47068786621094 
60.06367874145508 46.30403137207031 39.59961700439453 40.81430435180664 40.42099380493164 40.45283126831055 40.73174285888672 39.827457427978516 
103.18364715576172 103.89071655273438 100.78761291503906 102.55359649658203 102.95276641845703 102.66377258300781 104.22191619873047 101.50291442871094 
54.99523162841797 44.20771026611328 38.839935302734375 40.801151275634766 40.52412796020508 39.29948806762695 40.448638916015625 40.844703674316406 
103.99747467041016 103.39260864257812 103.57788848876953 105.19551849365234 101.49180603027344 107.58274841308594 104.73811340332031 104.63481903076172 
56.94521713256836 44.71712112426758 40.39664077758789 40.62543869018555 40.83305740356445 40.723968505859375 39.60918426513672 40.844512939453125 
105.2218246459961 102.58819580078125 103.23363494873047 104.14361572265625 104.15977478027344 103.57984161376953 101.97491455078125 103.29904174804688 
51.29872131347656 45.472225189208984 40.35763168334961 40.4733772277832 39.68492889404297 40.73455810546875 40.52326583862305 40.36982345581055 
103.96812438964844 108.08739471435547 102.91769409179688 102.08258819580078 101.76454162597656 102.0384292602539 102.9382095336914 104.12963104248047 
53.129791259765625 46.37868881225586 40.00092697143555 40.401729583740234 40.316673278808594 40.56099319458008 40.67814254760742 40.8392333984375 
104.13763427734375 104.04508972167969 101.7833251953125 103.43023681640625 100.4020767211914 107.21126556396484 103.10454559326172 105.15888214111328 
53.1736946105957 46.55046463012695 40.83174514770508 39.83670425415039 40.55583953857422 40.88035202026367 39.9694709777832 40.99273681640625 
104.52953338623047 102.34515380859375 102.9073257446289 104.2050552368164 104.4249267578125 102.47840118408203 102.46406555175781 106.87324523925781 
51.941951751708984 46.253761291503906 40.33695983886719 40.898048400878906 40.19596862792969 40.781375885009766 40.9785270690918 41.274784088134766 
102.56537628173828 103.18406677246094 103.24703979492188 105.32758331298828 104.37391662597656 103.48320007324219 105.6355209350586 103.25708770751953 
54.87311935424805 45.80704116821289 40.58768081665039 40.595455169677734 40.74473571777344 39.31916809082031 40.77529525756836 40.86457443237305 
103.2007064819336 104.0597152709961 104.41433715820312 105.41814422607422 102.20162963867188 101.01238250732422 101.51875305175781 102.26611328125 
54.49814224243164 44.766014099121094 40.382049560546875 40.330718994140625 39.649375915527344 39.54652786254883 39.69718551635742 38.92380905151367 
104.55014038085938 101.97484588623047 102.66194915771484 104.17212677001953 104.98582458496094 103.2999038696289 103.68115234375 105.92908477783203 
53.12575912475586 46.6976318359375 40.65430450439453 40.724449157714844 40.0250244140625 41.127201080322266 40.870975494384766 39.50511932373047 
81.41043090820312 81.09228515625 79.09859466552734 80.76099395751953 82.70467376708984 81.41094207763672 80.57030487060547 81.89888000488281 
37.95500946044922 36.228065490722656 36.24739074707031 35.66620635986328 36.633087158203125 36.096351623535156 36.178558349609375 35.07011032104492 
82.29126739501953 80.59107208251953 78.87020874023438 79.36483001708984 80.95613098144531 79.78144073486328 81.96793365478516 82.3598403930664 
38.0261116027832 36.06499099731445 35.786014556884766 35.0164794921875 35.986785888671875 36.025089263916016 35.315521240234375 36.1003532409668 
82.49238586425781 81.65398406982422 80.24681854248047 81.19487762451172 79.55638122558594 81.75548553466797 81.10822296142578 79.58799743652344 
37.45151901245117 35.32707214355469 36.253822326660156 35.884193420410156 35.634239196777344 36.43356704711914 35.712928771972656 36.14713668823242 
82.9874267578125 82.28521728515625 80.32582092285156 80.4898910522461 82.1723861694336 81.21955108642578 80.2408676147461 79.22748565673828 
39.93667221069336 36.24537658691406 35.47417449951172 35.72902297973633 36.16636657714844 35.64271926879883 36.07401657104492 35.283775329589844 
82.71981048583984 76.86160278320312 80.49375915527344 81.92924499511719 81.21437072753906 79.74636840820312 80.2988510131836 82.63235473632812 
38.5247688293457 35.691070556640625 36.096832275390625 36.176414489746094 36.02854537963867 35.78473663330078 35.19504165649414 36.052223205566406 
80.0173110961914 79.65574645996094 85.31887817382812 80.18915557861328 78.73942565917969 81.92591857910156 80.94451141357422 79.87506866455078 
38.22505569458008 35.71625518798828 36.02252960205078 35.397727966308594 36.23215866088867 36.11119842529297 36.4567985534668 36.57942581176758 
81.3752670288086 81.71279907226562 80.38706970214844 80.6204833984375 82.42447662353516 81.39852905273438 76.41142272949219 84.45654296875 
38.3671989440918 36.32601547241211 36.01824188232422 36.08243179321289 36.198368072509766 35.779937744140625 36.27222442626953 35.342079162597656 
79.76841735839844 79.81622314453125 82.28572845458984 81.9335708618164 79.00511932373047 81.00224304199219 81.57373046875 79.86736297607422 
39.18697738647461 35.847198486328125 36.14255905151367 35.92319869995117 36.04528045654297 34.93564987182617 35.77312088012695 36.3455696105957 
79.61097717285156 81.73571014404297 80.2613754272461 80.2543716430664 80.95728302001953 81.68099212646484 81.68572998046875 79.70146942138672 
39.378047943115234 35.58998489379883 35.2479362487793 35.42937469482422 36.20889663696289 35.68067169189453 36.25654220581055 35.60073471069336 
80.36054229736328 79.15760040283203 81.22806549072266 80.4853744506836 80.52070617675781 83.04828643798828 80.33821105957031 80.45257568359375 
37.85232162475586 36.25948715209961 36.571231842041016 36.400543212890625 35.66566467285156 36.378719329833984 35.680992126464844 36.02025604248047 
71.1418228149414 70.36406707763672 70.14217376708984 68.86505889892578 69.4092788696289 69.74272155761719 70.42947387695312 70.17513275146484 
39.68019104003906 37.23430252075195 37.25574493408203 36.625919342041016 36.417633056640625 37.646942138671875 37.238014221191406 36.77104187011719 
71.74012756347656 71.3064956665039 70.61878204345703 70.76777648925781 70.5230712890625 70.19609832763672 70.23340606689453 70.74752044677734 
40.21603012084961 37.439361572265625 37.542240142822266 37.079166412353516 37.5332145690918 37.350494384765625 37.45811080932617 37.37907028198242 
70.94239807128906 70.1824951171875 70.567138671875 70.62662506103516 70.3334732055664 68.2430419921875 70.00281524658203 69.87760162353516 
39.310302734375 37.14806365966797 37.570430755615234 37.57628631591797 37.468894958496094 37.065216064453125 35.9815673828125 37.57823944091797 
71.6502685546875 71.64409637451172 72.56732940673828 71.46403503417969 71.6694107055664 70.42899322509766 70.84659576416016 69.93001556396484 
40.113407135009766 36.52547073364258 37.674110412597656 37.37456130981445 37.41932678222656 36.965599060058594 37.419681549072266 37.74585723876953 
72.23673248291016 68.5606689453125 71.0917739868164 71.6527328491211 71.77225494384766 71.43158721923828 70.84953308105469 71.21405029296875 
39.15507125854492 36.56671905517578 36.14838409423828 36.9486083984375 37.10416030883789 37.42585754394531 37.648033142089844 37.546974182128906 
71.355712890625 69.69916534423828 70.78854370117188 70.27954864501953 69.71785736083984 70.68000030517578 70.47430419921875 70.29087829589844 
40.50115203857422 36.34467315673828 37.62937545776367 37.35897445678711 36.7344970703125 36.652801513671875 37.70783996582031 37.699520111083984 
71.25631713867188 71.94812774658203 71.170654296875 70.89376068115234 71.142333984375 68.91561889648438 71.59571075439453 68.39891052246094 
39.048702239990234 37.02732849121094 37.23174285888672 36.305118560791016 37.1781120300293 36.96713638305664 37.22911834716797 37.68899154663086 
69.73474884033203 70.70758056640625 70.1012191772461 69.93059539794922 70.8721923828125 70.55718231201172 70.34649658203125 70.04930877685547 
39.13836669921875 37.586334228515625 37.50889587402344 36.8059196472168 35.932769775390625 37.79423904418945 37.331390380859375 37.16457748413086 
70.50563049316406 69.56438446044922 69.37181091308594 70.2656021118164 70.316162109375 70.40672302246094 70.52114868164062 70.26306915283203 
40.257118225097656 37.078590393066406 36.95945739746094 37.194976806640625 37.645729064941406 37.25859069824219 37.54054260253906 36.68783950805664 
71.05455780029297 71.31062316894531 72.44246673583984 71.7264633178711 71.32947540283203 70.15414428710938 70.68160247802734 69.43087768554688 
39.70003128051758 36.655391693115234 37.526527404785156 36.754398345947266 36.42911911010742 37.294593811035156 37.4541130065918 37.141502380371094 
72.03794860839844 71.9062728881836 71.82998657226562 70.26461029052734 72.0630111694336 71.90108489990234 71.17686462402344 71.59027099609375 
34.56937789916992 31.201631546020508 30.255615234375 30.7194881439209 30.623071670532227 31.09823989868164 30.407583236694336 31.10198402404785 
71.83577728271484 72.34556579589844 71.8157730102539 71.60342407226562 69.96476745605469 71.49263763427734 70.83206176757812 70.3663330078125 
36.656734466552734 30.795936584472656 30.828447341918945 31.042144775390625 31.182592391967773 30.24710464477539 30.286815643310547 31.448287963867188 
72.05104064941406 71.4783706665039 68.32470703125 72.59839630126953 72.75347137451172 70.88835144042969 70.37120056152344 69.63910675048828 
33.75312042236328 31.15894317626953 30.348127365112305 30.461023330688477 31.31443214416504 30.858623504638672 30.789888381958008 31.373727798461914 
69.87369537353516 70.04854583740234 69.68860626220703 68.53132629394531 70.29673767089844 68.60140991210938 71.3328628540039 70.65420532226562 
33.950721740722656 30.49964714050293 30.8538875579834 31.27872085571289 31.052127838134766 31.119295120239258 31.472288131713867 30.564640045166016 
70.85846710205078 67.69622039794922 71.20140838623047 71.26217651367188 70.21548461914062 70.92221069335938 69.17683410644531 71.18748474121094 
32.33513641357422 31.08768081665039 30.286048889160156 31.159456253051758 30.909503936767578 30.652320861816406 31.529855728149414 31.25632095336914 
71.00125122070312 70.78396606445312 70.54454040527344 70.61917114257812 71.11273956298828 70.39622497558594 70.05632019042969 70.02092742919922 
34.07680130004883 31.070335388183594 30.17625617980957 31.207199096679688 31.346271514892578 30.34681510925293 30.447904586791992 31.409791946411133 
72.00486755371094 70.15586853027344 72.49664306640625 72.3748779296875 72.11007690429688 71.85987091064453 69.72752380371094 71.29971313476562 
33.60358428955078 31.93731117248535 30.813087463378906 30.756959915161133 30.92095947265625 31.264543533325195 30.909664154052734 30.8654727935791 
72.02137756347656 72.1589126586914 70.23094177246094 71.41535949707031 72.31552124023438 70.06361389160156 70.4896011352539 70.38400268554688 
33.230079650878906 30.906848907470703 30.614015579223633 31.151391983032227 31.169248580932617 30.810367584228516 30.721311569213867 30.96931266784668 
72.08790588378906 71.49459075927734 69.53446197509766 73.82841491699219 71.91165161132812 71.67420959472656 71.64073944091797 70.93427276611328 
33.71664047241211 30.807680130004883 30.72547149658203 31.445663452148438 30.846975326538086 30.807552337646484 31.21878433227539 31.00511932373047 
71.39276885986328 70.72793579101562 73.31497955322266 71.81068420410156 72.00895690917969 69.46601867675781 72.03401947021484 71.93920135498047 
34.48783874511719 30.73801612854004 30.45510482788086 31.260639190673828 30.895103454589844 31.093791961669922 31.462080001831055 30.522367477416992 
72.96669006347656 73.95378875732422 74.7092514038086 73.8038101196289 71.71868896484375 73.15769958496094 72.24237060546875 74.55353546142578 
59.68252944946289 58.231712341308594 59.328895568847656 56.307071685791016 60.47612762451172 58.376609802246094 59.21977615356445 59.63315200805664 
73.13260650634766 72.39590454101562 74.01923370361328 72.23442840576172 75.50947570800781 73.04863739013672 72.98563385009766 73.20105743408203 
59.940223693847656 59.96099090576172 59.218753814697266 57.96531295776367 58.9186897277832 60.96035385131836 59.28422546386719 58.55750274658203 
74.30377960205078 75.41907501220703 72.58668518066406 71.75820922851562 71.25545501708984 72.96675109863281 74.3364486694336 73.77686309814453 
59.77772903442383 59.46963119506836 60.05129623413086 58.075103759765625 58.6512336730957 58.93711853027344 61.42195129394531 58.43564987182617 
74.27164459228516 70.27299499511719 72.07746887207031 69.11055755615234 72.27263641357422 69.55068969726562 73.659423828125 74.65033721923828 
60.37286376953125 58.156288146972656 58.84294509887695 57.412353515625 55.8480339050293 60.23798370361328 58.743839263916016 58.84348678588867 
74.3424301147461 73.12210845947266 71.63878631591797 71.44096374511719 70.75395202636719 73.24240112304688 74.72236633300781 74.25222778320312 
61.13075256347656 59.1258544921875 58.251712799072266 58.96089553833008 59.623104095458984 59.60976028442383 58.246559143066406 58.47600173950195 
73.3984603881836 71.89724731445312 72.00809478759766 72.7165756225586 74.06934356689453 74.58380889892578 73.90921783447266 72.67180633544922 
59.853153228759766 59.40208053588867 59.82022476196289 55.45987319946289 58.33385467529297 59.00358581542969 60.658782958984375 58.94230270385742 
74.36985778808594 73.39363098144531 73.23075103759766 72.5890884399414 70.54486083984375 72.51910400390625 69.82978820800781 75.53753662109375 
59.452510833740234 60.08598327636719 58.45939254760742 58.044063568115234 58.3559684753418 58.00035095214844 61.27347183227539 58.200382232666016 
73.90678405761719 73.10806274414062 69.70249938964844 72.14873504638672 72.07606506347656 73.3521957397461 75.42556762695312 73.67158508300781 
59.13052749633789 58.51795196533203 58.79142379760742 60.268577575683594 58.810943603515625 58.48604965209961 59.098846435546875 61.077823638916016 
73.75520324707031 72.04370880126953 72.18118286132812 72.82067108154297 73.55404663085938 71.70066833496094 74.0087661743164 72.83731079101562 
59.4576301574707 59.68988800048828 58.31052780151367 59.199615478515625 59.991519927978516 58.5847053527832 58.99763107299805 58.54595184326172 
74.4846420288086 72.06022644042969 72.64009857177734 72.355712890625 73.74361419677734 72.6325454711914 74.18182373046875 72.71631622314453 
59.96041488647461 59.650081634521484 58.21343994140625 58.878944396972656 60.2982063293457 59.04403305053711 55.82905578613281 58.06972885131836 
104.621826171875 103.11952209472656 102.57023620605469 103.44483184814453 105.8232650756836 103.02105712890625 109.39036560058594 104.88803100585938 
46.14700698852539 43.38025665283203 44.410369873046875 44.59926223754883 42.81206512451172 44.20326232910156 45.06345748901367 43.70905685424805 
103.0549087524414 102.71660614013672 106.59510040283203 103.46797180175781 108.17155456542969 103.97993469238281 106.29341125488281 104.51516723632812 
46.51740646362305 43.48582458496094 44.52947235107422 45.15683364868164 44.35619354248047 44.487327575683594 45.082942962646484 44.38051223754883 
104.28495788574219 104.90092468261719 106.18608093261719 105.95491027832031 104.72233581542969 105.35910034179688 101.01353454589844 103.84223937988281 
46.13731384277344 43.480289459228516 44.38643264770508 45.0777587890625 44.48819351196289 44.455841064453125 45.21855926513672 43.74892807006836 
104.6401596069336 101.4919662475586 104.58528137207031 104.79977416992188 105.97977447509766 104.57936096191406 106.12640380859375 105.7204818725586 
44.77027130126953 45.18009567260742 44.454368591308594 43.68467330932617 44.56425476074219 44.6701774597168 43.84809494018555 44.40281677246094 
105.20941162109375 105.12179565429688 104.52178955078125 106.15644836425781 103.52210998535156 105.36748504638672 105.56256103515625 104.80022430419922 
46.27619171142578 45.157569885253906 43.49158477783203 43.76380920410156 44.372318267822266 44.12022399902344 44.21731185913086 44.20707321166992 
104.87577819824219 105.48534393310547 102.61238098144531 105.28543853759766 102.84729766845703 103.53990173339844 105.31724548339844 103.60566711425781 
47.48160171508789 43.56934356689453 44.13142395019531 44.92812728881836 43.81305694580078 44.09795379638672 45.21887969970703 43.92067337036133 
103.57023620605469 102.92991638183594 103.05919647216797 104.96489715576172 103.40013122558594 106.43180847167969 103.11846160888672 107.3802261352539 
46.93513488769531 44.22694396972656 45.08278274536133 44.82780838012695 43.88809585571289 45.096031188964844 44.69196701049805 43.37820816040039 
105.46806335449219 106.1385269165039 103.96749114990234 104.98652648925781 104.82073974609375 102.15129852294922 103.70800018310547 105.69519805908203 
45.9279670715332 44.93113708496094 44.13670349121094 44.03193664550781 44.562400817871094 44.2413444519043 43.260318756103516 44.053951263427734 
105.79615783691406 104.53465270996094 107.79376220703125 104.97328186035156 105.09951782226562 102.3485107421875 105.671875 104.22630310058594 
47.125152587890625 44.79999923706055 44.24419021606445 43.83635330200195 44.92291259765625 43.640289306640625 44.69590377807617 45.405311584472656 
105.91254425048828 104.01232147216797 104.35823822021484 104.34441375732422 105.41072082519531 101.17865753173828 105.71699523925781 104.56566619873047 
48.2512321472168 43.97919845581055 43.58531188964844 45.30003356933594 44.4376335144043 42.77241516113281 44.8787841796875 44.9567985534668 
97.2992935180664 95.70105743408203 95.52953338623047 96.43968200683594 94.58102416992188 97.19487762451172 91.65251159667969 93.9879379272461 
49.79328155517578 45.777950286865234 46.63539123535156 45.60713577270508 45.926910400390625 47.04857635498047 45.903072357177734 47.09065628051758 
96.6212158203125 96.0244140625 95.64816284179688 98.93366241455078 96.57794952392578 98.43891143798828 95.87964630126953 96.3100814819336 
48.85504150390625 46.21763229370117 47.879390716552734 45.74531173706055 45.80815887451172 46.82057571411133 46.245662689208984 46.70800018310547 
96.2930908203125 95.78518676757812 95.32233428955078 92.91584014892578 94.4005126953125 93.77494049072266 95.7195816040039 97.6200942993164 
49.53859329223633 46.421630859375 48.07120132446289 45.948768615722656 47.25987243652344 45.39321517944336 46.606624603271484 47.48396682739258 
95.84534454345703 96.1012191772461 96.0426254272461 94.6079330444336 96.85014343261719 96.54835510253906 97.34925079345703 96.89395141601562 
48.679744720458984 46.73807907104492 45.33830261230469 48.20444869995117 46.256736755371094 45.564544677734375 45.27132797241211 46.98348617553711 
96.23149108886719 94.5489273071289 95.80620574951172 97.77334594726562 97.06041717529297 95.85206604003906 95.44322967529297 97.408447265625 
49.250144958496094 46.9310417175293 46.372161865234375 46.26044845581055 45.5937614440918 46.616737365722656 45.938209533691406 47.263519287109375 
96.84320068359375 95.9846420288086 94.53606414794922 97.30989074707031 94.02454376220703 96.39766693115234 97.90191650390625 97.19990539550781 
48.789310455322266 45.27888107299805 46.70854568481445 47.04857635498047 46.121280670166016 47.52985763549805 46.432735443115234 47.714176177978516 
93.40518188476562 97.40348815917969 96.3348159790039 96.84941101074219 96.57936096191406 95.30550384521484 96.91395568847656 98.06204986572266 
47.74428939819336 46.14799880981445 45.535072326660156 46.16739273071289 45.11356735229492 45.718528747558594 46.655521392822266 47.769248962402344 
96.83084869384766 97.67183685302734 94.74163055419922 95.15229034423828 97.9781723022461 94.063232421875 93.6111068725586 98.54342651367188 
49.374176025390625 45.53420639038086 46.21171188354492 45.318721771240234 46.84377670288086 45.95782470703125 46.357505798339844 47.293888092041016 
96.05677032470703 98.10521697998047 97.4439697265625 96.67759704589844 95.44054412841797 94.6509780883789 100.83123016357422 96.5505599975586 
48.78812789916992 46.579681396484375 46.24812698364258 47.752193450927734 45.5533447265625 46.80806350708008 46.41603088378906 47.102622985839844 
96.20950317382812 93.35807800292969 96.53936004638672 96.30963134765625 96.58799743652344 95.08796691894531 97.41327667236328 95.88361358642578 
48.15363311767578 47.41392135620117 45.92710494995117 47.860321044921875 45.43119812011719 46.9694709777832 47.06137466430664 46.61558532714844 
126.84764862060547 128.1274871826172 130.27577209472656 126.13139343261719 127.18067169189453 125.16140747070312 128.47222900390625 128.27366638183594 
57.23798370361328 56.074913024902344 56.93590545654297 57.48972702026367 56.344993591308594 57.975006103515625 57.64352035522461 56.2677116394043 
128.50210571289062 125.9375991821289 128.47718811035156 124.27442932128906 125.73747253417969 128.96112060546875 127.1460189819336 127.13977813720703 
57.54115295410156 56.62681579589844 56.56380844116211 55.26835250854492 56.56086349487305 58.12460708618164 56.49359893798828 56.83331298828125 
126.74765014648438 129.41094970703125 128.47923278808594 128.12367248535156 128.2808380126953 125.67401885986328 128.7000274658203 128.3243865966797 
58.52000045776367 56.62614440917969 55.555999755859375 56.52668762207031 55.77289581298828 55.872703552246094 55.81670379638672 56.17302322387695 
122.67990112304688 126.10115051269531 126.88809967041016 127.91986846923828 126.66307067871094 127.49820709228516 123.03865814208984 126.04444885253906 
57.66972732543945 56.87692642211914 57.49923324584961 56.20012664794922 58.01398468017578 56.84374237060547 55.8383674621582 56.06876754760742 
123.96307373046875 126.5403823852539 126.8782730102539 126.67407989501953 127.68924713134766 128.14019775390625 127.12191772460938 128.62918090820312 
57.90204620361328 57.22732925415039 57.66534423828125 57.4233283996582 54.915775299072266 53.94496154785156 57.27715301513672 56.46294403076172 
125.17001342773438 127.68463897705078 126.53590393066406 126.9571533203125 128.74520874023438 132.88409423828125 126.44374084472656 126.00847625732422 
58.61772918701172 55.46278381347656 55.43590545654297 55.50092697143555 55.747615814208984 56.37583923339844 56.58950424194336 57.08816146850586 
125.01404571533203 128.5755157470703 126.58918762207031 124.14022064208984 126.87177276611328 132.2526397705078 128.75840759277344 129.77276611328125 
58.00191879272461 58.15497589111328 56.14041519165039 56.34467315673828 56.13043212890625 55.24310302734375 56.12160110473633 56.287391662597656 
126.36803436279297 129.7928924560547 127.93309020996094 126.99366760253906 128.14002990722656 125.60050964355469 128.5866241455078 127.99724578857422 
58.60851287841797 54.872161865234375 58.101375579833984 57.26444625854492 56.70217514038086 55.97020721435547 55.62355041503906 56.768577575683594 
125.00281524658203 130.94483947753906 131.59449768066406 126.62185668945312 126.96717071533203 125.1190414428711 127.41075134277344 127.6909408569336 
59.57817459106445 58.69740676879883 55.675296783447266 53.176639556884766 55.50115203857422 56.173152923583984 56.05974578857422 56.20217514038086 
124.57657623291016 128.8853759765625 126.95712280273438 129.22610473632812 128.69894409179688 128.33856201171875 124.73133087158203 124.11427307128906 
57.56051254272461 56.14995193481445 56.99980926513672 55.57596969604492 57.883262634277344 57.451904296875 56.521854400634766 56.553375244140625 
74.9830093383789 74.10124969482422 74.0334701538086 74.10896301269531 72.2422103881836 77.36921691894531 74.74736022949219 75.82659149169922 
75.92044830322266 76.05792236328125 75.50553894042969 72.84512329101562 75.22614288330078 72.12806701660156 74.45001220703125 76.28594970703125 
73.30681610107422 75.58857727050781 74.83907318115234 76.39328002929688 74.83164978027344 73.2633285522461 75.19398498535156 74.37213134765625 
74.26377868652344 75.85769653320312 75.57612609863281 73.41097259521484 73.95158386230469 73.83302307128906 74.91939544677734 76.52425384521484 
76.0025634765625 74.88307189941406 73.90777587890625 76.25660705566406 73.14265441894531 74.93180847167969 74.05689239501953 73.6536636352539 
74.14313507080078 76.72390747070312 75.24803161621094 73.86434936523438 75.2126693725586 75.3115234375 76.93484497070312 74.37071990966797 
74.36262512207031 74.3815689086914 75.56969451904297 74.73062133789062 77.15618896484375 75.03065490722656 76.0257568359375 73.17628479003906 
74.63292694091797 74.2393569946289 74.79328155517578 73.10441589355469 74.87551879882812 76.2852783203125 74.66473388671875 75.79955291748047 
73.52124786376953 75.82540893554688 75.0414047241211 75.90924835205078 75.25161743164062 76.46182250976562 74.74713897705078 70.42406463623047 
73.59788513183594 74.71024322509766 74.71040344238281 73.01641845703125 75.20652770996094 73.15042877197266 75.63581085205078 75.93587493896484 
110.39139556884766 110.64771270751953 108.59510040283203 111.25852966308594 108.55427551269531 109.14985656738281 108.9185562133789 111.5196762084961 
42.51420974731445 41.37635040283203 41.91779327392578 41.80428695678711 42.091583251953125 42.41721725463867 41.947391510009766 40.41846466064453 
108.45350646972656 111.35871887207031 107.77865600585938 110.6180191040039 106.8384017944336 110.63577270507812 110.91820526123047 110.45439910888672 
44.507137298583984 40.088191986083984 40.85171127319336 40.974815368652344 41.16844940185547 41.127777099609375 41.858943939208984 41.9837760925293 
111.63139343261719 109.29625701904297 109.88236999511719 111.0323486328125 109.86544036865234 109.42022705078125 108.37017822265625 110.78112030029297 
43.21503829956055 41.30534362792969 41.78121566772461 41.99763107299805 41.61824035644531 42.374271392822266 40.69561767578125 42.043678283691406 
109.26432037353516 108.6121597290039 111.14937591552734 106.98121643066406 109.55328369140625 108.35958099365234 112.10111999511719 106.77417755126953 
42.66230392456055 41.78947067260742 41.77996826171875 41.279937744140625 41.42918395996094 40.50377655029297 40.382110595703125 41.20025634765625 
109.83929443359375 108.11222076416016 109.40569305419922 109.09142303466797 111.92144012451172 108.93804931640625 110.85065460205078 107.90003204345703 
45.06752014160156 41.97123336791992 41.710689544677734 40.6096305847168 41.109825134277344 41.27123260498047 41.37324905395508 41.4087028503418 
110.04438018798828 113.47187042236328 109.49420928955078 108.28717041015625 107.49148559570312 110.53353881835938 108.72589111328125 111.6530532836914 
42.84572982788086 41.65427017211914 41.51718521118164 40.87763214111328 40.40281677246094 40.6409912109375 41.36463928222656 41.94255828857422 
107.63753509521484 109.20845031738281 114.62937927246094 109.72505950927734 109.563232421875 108.94854736328125 110.34137725830078 105.78953552246094 
43.678558349609375 40.7823371887207 40.54380798339844 41.410911560058594 40.76383972167969 40.93404769897461 41.59596633911133 41.87641525268555 
109.80838775634766 107.9004135131836 106.85494232177734 111.1674575805664 107.136962890625 111.11634826660156 111.18860626220703 107.55366516113281 
45.00553512573242 41.497920989990234 42.05686569213867 40.341793060302734 41.70127868652344 40.91215896606445 41.221534729003906 40.70111846923828 
107.98902130126953 108.4656982421875 108.03587341308594 112.1526107788086 110.87548828125 110.71897888183594 108.81251525878906 109.4959716796875 
42.95577621459961 41.507999420166016 40.89424133300781 40.81564712524414 41.013118743896484 41.986366271972656 41.35004806518555 42.179710388183594 
110.7520980834961 108.48809814453125 110.81913757324219 108.88310241699219 108.50396728515625 109.18637084960938 110.67088317871094 110.66934204101562 
43.49398422241211 40.8513298034668 41.52851104736328 41.425662994384766 40.82534408569336 41.08803176879883 40.57913589477539 42.02016067504883 
114.83766174316406 118.22681427001953 113.74765014648438 117.6251220703125 115.59542083740234 112.51551818847656 117.65241241455078 116.79849243164062 
61.90950393676758 42.253150939941406 36.04569625854492 36.65622329711914 35.551902770996094 35.714271545410156 35.91263961791992 35.56582260131836 
115.80723571777344 113.93836975097656 115.12592315673828 112.93456268310547 117.48162841796875 117.76982116699219 116.62889862060547 118.06816101074219 
56.7410888671875 40.24991989135742 35.7501106262207 36.07948684692383 35.607521057128906 36.20662307739258 35.58393478393555 35.623966217041016 
114.0348129272461 116.2694091796875 115.95744323730469 115.50685119628906 117.93548583984375 120.7061767578125 114.66403198242188 117.20377349853516 
56.717376708984375 43.37334442138672 35.54159927368164 35.428096771240234 35.586177825927734 36.270240783691406 35.725982666015625 36.48064041137695 
114.3835220336914 117.4500503540039 117.23212432861328 116.09305572509766 115.32383728027344 115.5830078125 115.40735626220703 115.58911895751953 
57.22390365600586 40.23459243774414 36.02272033691406 36.13929748535156 35.922080993652344 36.13721466064453 35.32729721069336 36.38777542114258 
115.8644790649414 118.52928161621094 116.08918762207031 114.57923126220703 116.94681549072266 117.0265884399414 115.480224609375 119.60800170898438 
56.9147834777832 40.03376007080078 35.021087646484375 35.843936920166016 35.922847747802734 35.52035140991211 35.22246551513672 35.96025466918945 
116.47955322265625 118.21564483642578 115.24054718017578 116.10348510742188 113.06175994873047 115.69353485107422 116.68927764892578 115.9172134399414 
57.104705810546875 43.02409744262695 35.89411163330078 36.2163200378418 35.588958740234375 36.067649841308594 36.70556640625 35.96025466918945 
116.8180160522461 117.59487915039062 115.97792053222656 113.9513931274414 116.31270599365234 114.79759979248047 116.2384033203125 119.93023681640625 
56.483551025390625 39.973758697509766 35.58995056152344 35.162879943847656 36.1209602355957 35.8177604675293 36.36048126220703 36.26959991455078 
115.0631332397461 115.23677062988281 115.86029052734375 115.5448989868164 115.09891510009766 117.09110260009766 113.67378997802734 117.62493133544922 
56.74208068847656 42.67900848388672 36.014625549316406 36.24323272705078 35.480926513671875 36.40876770019531 36.08969497680664 35.89168167114258 
117.26073455810547 114.44924926757812 119.76627349853516 116.07564544677734 112.75350189208984 117.50694274902344 117.23683166503906 115.35155487060547 
57.77190399169922 42.709983825683594 35.12153625488281 35.94764709472656 36.360225677490234 36.453086853027344 36.16620635986328 35.5338249206543 
115.10147094726562 115.73350524902344 113.10284423828125 116.16748809814453 115.21001434326172 113.14604949951172 116.6171875 116.43804931640625 
54.87798309326172 39.11123275756836 36.044193267822266 36.53263854980469 35.6644172668457 35.37324905395508 36.35356903076172 35.50624084472656 
111.73554992675781 112.80262756347656 114.59667205810547 111.29939270019531 119.36624145507812 112.56572723388672 113.90345764160156 113.36521911621094 
48.87779235839844 46.106624603271484 46.48643112182617 47.77280044555664 48.33769607543945 47.49795150756836 48.22361755371094 46.99750518798828 
113.9471664428711 110.3121566772461 112.59273529052734 112.4610595703125 113.48041534423828 111.69245147705078 112.98397064208984 112.08096313476562 
50.853153228759766 46.78585433959961 48.41708755493164 46.65456008911133 47.359710693359375 46.68172836303711 48.69027328491211 47.2723503112793 
112.1688003540039 111.6063003540039 110.60800170898438 113.2040023803711 111.68892669677734 113.86361694335938 112.34588623046875 112.06646728515625 
49.276031494140625 47.63148880004883 48.674049377441406 46.76812744140625 48.52524948120117 46.97907257080078 48.32447814941406 47.93116760253906 
112.72006225585938 114.16368103027344 112.98892974853516 113.56585693359375 113.68812561035156 115.13619232177734 110.92623901367188 113.49359893798828 
50.211360931396484 48.29548645019531 46.55302429199219 47.3485107421875 47.01555252075195 48.247520446777344 47.36076736450195 48.53839874267578 
113.79698944091797 114.89116668701172 112.76860809326172 113.64086151123047 113.37709045410156 109.78025817871094 113.03775787353516 115.5937271118164 
50.053375244140625 47.939422607421875 47.11503982543945 48.16630554199219 47.01123046875 48.4068489074707 46.579071044921875 48.50521469116211 
109.4865951538086 111.64595031738281 118.7933120727539 111.75580596923828 115.91133117675781 112.38499450683594 112.29993438720703 112.77865600585938 
49.67683029174805 47.27065658569336 47.78192138671875 47.20870590209961 48.48796844482422 47.839134216308594 46.980960845947266 47.823551177978516 
112.96015930175781 110.73490905761719 113.3397445678711 112.38706970214844 112.38665771484375 112.1055679321289 111.54013061523438 113.83113861083984 
50.355873107910156 48.4615364074707 46.70684814453125 48.65788650512695 46.78102493286133 48.317665100097656 47.20694351196289 48.52163314819336 
113.1124496459961 110.30105590820312 113.17449951171875 111.8325424194336 112.62979125976562 110.13394927978516 113.15353393554688 114.79436492919922 
49.44732666015625 48.29609680175781 46.123199462890625 48.366111755371094 46.84947204589844 47.30659103393555 46.98963165283203 48.389183044433594 
111.77814483642578 113.56639862060547 112.38566589355469 112.64940643310547 116.82755279541016 113.30723571777344 111.94054412841797 112.9571533203125 
49.06233596801758 48.085601806640625 48.62790298461914 46.66400146484375 47.14691162109375 46.53299331665039 48.10172653198242 45.85222244262695 
112.36000061035156 112.78253173828125 112.35580444335938 113.26947021484375 111.95894622802734 111.85779571533203 112.4915542602539 110.52642822265625 
49.75263977050781 46.429630279541016 46.665855407714844 46.26515197753906 48.52979278564453 47.11695861816406 47.569313049316406 46.51375961303711 
127.36198425292969 127.18045043945312 127.38361358642578 128.3374786376953 128.45516967773438 130.29763793945312 131.9701690673828 126.56118774414062 
31.27084732055664 29.472383499145508 28.795616149902344 28.643327713012695 28.865535736083984 29.385759353637695 29.132991790771484 28.742143630981445 
126.71135711669922 129.0248565673828 127.10816192626953 131.15660095214844 129.54112243652344 129.21157836914062 128.45433044433594 127.46240234375 
32.67833709716797 29.41142463684082 28.793088912963867 29.2357120513916 29.939903259277344 29.21331214904785 28.6231689453125 28.678560256958008 
126.51651000976562 125.61609649658203 129.38645935058594 129.68707275390625 128.9222412109375 125.69171142578125 128.14419555664062 129.30224609375 
33.32819366455078 29.03875160217285 29.12371253967285 28.738367080688477 28.772735595703125 28.706207275390625 28.42131233215332 29.131839752197266 
127.94739532470703 130.27906799316406 129.95852661132812 129.03709411621094 128.93128967285156 127.98860931396484 129.5392303466797 128.93247985839844 
32.08195114135742 29.173280715942383 28.83955192565918 29.520416259765625 29.03219223022461 28.9050235748291 28.946367263793945 29.678592681884766 
127.90828704833984 133.1682891845703 127.91468811035156 127.02086639404297 128.50941467285156 129.70863342285156 130.10873413085938 129.6357421875 
31.905439376831055 29.417888641357422 29.31056022644043 29.0281925201416 28.810815811157227 29.001567840576172 29.80940818786621 29.422367095947266 
127.01443481445312 129.26243591308594 127.17676544189453 125.45481872558594 128.6177215576172 134.1194305419922 127.0250244140625 126.56463623046875 
32.14003372192383 29.654464721679688 28.957792282104492 29.291776657104492 29.17571258544922 29.00374412536621 29.012128829956055 29.491424560546875 
127.01155090332031 129.11865234375 127.8123550415039 129.4745330810547 129.63299560546875 129.62013244628906 129.36758422851562 125.41859436035156 
31.5402889251709 29.189952850341797 28.798368453979492 28.643232345581055 28.855520248413086 29.070560455322266 28.907392501831055 28.77734375 
125.26604461669922 128.29525756835938 128.88790893554688 129.41305541992188 128.1407928466797 129.08551025390625 128.91448974609375 129.06687927246094 
32.453311920166016 29.359392166137695 28.748960494995117 29.04150390625 29.20524787902832 29.09110450744629 28.82655906677246 28.714336395263672 
126.6231689453125 130.1129608154297 129.69139099121094 130.27980041503906 126.67721557617188 128.5115509033203 127.42620849609375 129.559814453125 
31.327007293701172 29.436607360839844 29.185056686401367 29.089984893798828 28.678943634033203 28.596351623535156 28.712448120117188 29.611839294433594 
128.102783203125 129.3705291748047 130.02450561523438 126.62102508544922 127.8680648803711 128.24188232421875 129.45152282714844 129.73379516601562 
32.39567947387695 29.33577537536621 29.172607421875 29.834335327148438 29.053312301635742 28.84876823425293 28.748319625854492 28.234783172607422 
112.61727905273438 116.58128356933594 117.36294555664062 117.62860870361328 117.85753631591797 115.47734069824219 112.29216003417969 116.12973022460938 
46.84294509887695 42.63404846191406 42.439903259277344 43.41551971435547 43.865760803222656 43.515838623046875 42.36511993408203 42.73494338989258 
116.28688049316406 114.93603515625 117.55677032470703 115.82780456542969 111.96636962890625 114.90886688232422 116.08550262451172 113.48802947998047 
45.78358459472656 42.60451126098633 42.561153411865234 43.518497467041016 44.235774993896484 42.70569610595703 41.715232849121094 43.40553665161133 
115.46051025390625 114.99820709228516 115.59552001953125 116.7323226928711 116.98274993896484 117.08089447021484 115.43795013427734 115.33548736572266 
45.394142150878906 43.961952209472656 42.57360076904297 42.65635299682617 43.72643280029297 43.85859298706055 42.56844711303711 42.7289924621582 
116.18736267089844 114.29750061035156 116.64546966552734 116.45894622802734 113.81251525878906 115.51983642578125 116.17212677001953 110.88800048828125 
45.95414352416992 43.00902557373047 43.851966857910156 42.826271057128906 42.677982330322266 42.76918411254883 43.86579132080078 43.9780158996582 
114.06784057617188 116.45027160644531 114.69852447509766 116.16191864013672 115.63922882080078 118.7220458984375 116.3416976928711 117.49890899658203 
45.58230209350586 42.822975158691406 44.05043029785156 43.541439056396484 41.84511947631836 42.30624008178711 43.51260757446289 43.624576568603516 
115.1608657836914 121.22249603271484 114.08537292480469 114.5083236694336 115.70800018310547 115.76287841796875 114.56617736816406 113.19116973876953 
46.234718322753906 43.1486701965332 42.708961486816406 43.24550247192383 44.05299377441406 43.17875289916992 42.860321044921875 43.686302185058594 
115.32514953613281 115.82816314697266 116.68876647949219 114.22525024414062 115.30012512207031 115.3570556640625 111.42002868652344 115.54316711425781 
45.719425201416016 42.8059196472168 43.152191162109375 42.7817268371582 44.08003234863281 42.1044807434082 42.285343170166016 42.97792053222656 
115.58102416992188 113.2405776977539 118.38915252685547 113.96688079833984 115.57241821289062 115.22438049316406 114.64777374267578 115.85091400146484 
43.98918533325195 42.96681594848633 43.51830291748047 43.95577621459961 43.21760177612305 42.666622161865234 43.47795104980469 43.928768157958984 
115.357666015625 112.51532745361328 115.98246765136719 116.78034973144531 116.70790100097656 114.86051177978516 115.14717102050781 116.1430435180664 
44.141822814941406 43.35747146606445 43.23494338989258 43.805633544921875 42.87846374511719 42.365055084228516 42.55491256713867 44.16300964355469 
116.00748443603516 114.70540618896484 121.5362548828125 115.13257598876953 113.50252532958984 116.89884948730469 117.5824966430664 116.33894348144531 
45.78643035888672 42.69289779663086 42.78566360473633 42.785953521728516 43.99910354614258 43.85203170776367 42.40537643432617 42.7861442565918 
65.14332580566406 64.17139434814453 62.35990524291992 64.55999755859375 62.697792053222656 65.10050964355469 65.79199981689453 64.43949127197266 
63.2215690612793 64.17091369628906 60.75715255737305 64.12105560302734 64.96566772460938 63.0164794921875 65.06256103515625 66.16297912597656 
64.0354232788086 63.84841537475586 64.02054595947266 65.59769439697266 63.06227111816406 64.15116882324219 64.87484741210938 63.62700653076172 
64.67327880859375 64.57023620605469 63.58252716064453 64.92002868652344 65.03068542480469 62.783905029296875 64.56864166259766 65.52550506591797 
64.76620483398438 64.18994903564453 60.56070327758789 63.71993637084961 64.46546936035156 63.73503875732422 65.29158020019531 66.20579528808594 
64.24921417236328 64.21695709228516 64.09622192382812 65.8057632446289 65.94976043701172 63.64156723022461 65.28729248046875 66.52912139892578 
65.02079772949219 62.993919372558594 63.4153938293457 63.95993423461914 64.44457244873047 63.57827377319336 63.72166442871094 65.47305297851562 
63.878143310546875 63.47264099121094 64.05903625488281 63.89923095703125 65.09891510009766 64.50911712646484 63.934017181396484 65.3531494140625 
65.0440673828125 63.7665901184082 62.3111686706543 64.8438720703125 62.81536102294922 63.11161422729492 65.5926742553711 64.70118713378906 
64.96656036376953 63.664894104003906 63.63391876220703 64.76441955566406 63.60432052612305 62.9422721862793 64.85536193847656 66.0926742553711 
115.31702423095703 116.45123291015625 118.07673645019531 114.59756469726562 115.174560546875 113.56364440917969 114.42598724365234 117.58592224121094 
58.67398452758789 56.5582389831543 57.38959884643555 56.90809631347656 55.4442253112793 54.91321563720703 56.26188659667969 56.51500701904297 
116.71769714355469 118.09939575195312 114.66556549072266 115.8958740234375 116.9534683227539 115.84156799316406 114.7143325805664 116.40582275390625 
57.66096115112305 56.6479377746582 58.01347351074219 54.81711959838867 57.35609436035156 56.6071662902832 55.30374526977539 56.085086822509766 
116.19331359863281 114.91571044921875 121.43743896484375 115.929443359375 112.42806243896484 117.24508666992188 116.71324920654297 114.64950561523438 
59.09574508666992 56.26873779296875 55.08595275878906 56.46752166748047 58.056095123291016 57.20732879638672 56.826656341552734 56.393310546875 
117.7423324584961 115.24278259277344 123.0841293334961 115.91497802734375 117.39667510986328 120.08943939208984 115.78514862060547 115.61795043945312 
57.49747085571289 56.25993728637695 57.019168853759766 57.804161071777344 56.81321716308594 55.48723220825195 54.95635223388672 56.219871520996094 
117.89376068115234 117.59503936767578 117.70435333251953 117.73651123046875 116.169921875 115.02857971191406 116.62812805175781 117.93231964111328 
58.15574264526367 55.291038513183594 57.3144645690918 56.34812927246094 55.72608184814453 55.39750289916992 55.346656799316406 56.53228759765625 
115.56877136230469 118.74591827392578 115.1341781616211 118.93606567382812 114.76019287109375 115.92591857910156 117.26214599609375 116.66649627685547 
57.92835235595703 57.59881591796875 56.388031005859375 55.73164749145508 55.675262451171875 56.485633850097656 56.46531295776367 58.51398468017578 
116.06060791015625 116.79724884033203 116.46934509277344 115.66639709472656 119.07542419433594 116.70838165283203 114.5874252319336 117.50291442871094 
58.114688873291016 55.602718353271484 55.32547378540039 55.961055755615234 56.641502380371094 57.46672058105469 56.53535842895508 57.443199157714844 
115.39718627929688 118.21929931640625 114.21392059326172 120.9571533203125 116.33599853515625 117.66419219970703 119.74559783935547 115.83020782470703 
58.38185501098633 55.78758239746094 53.38713455200195 55.22560119628906 55.682430267333984 56.00678253173828 57.11600112915039 57.906558990478516 
117.59117126464844 113.25462341308594 116.93344116210938 115.89250946044922 116.23699188232422 116.18544006347656 115.23958587646484 117.38233947753906 
57.85532760620117 53.80799865722656 56.90732955932617 55.57673645019531 55.60697555541992 56.51884841918945 56.753726959228516 55.02191925048828 
116.86038208007812 116.54329681396484 116.12156677246094 114.65177917480469 115.73535919189453 116.6954574584961 116.53190612792969 119.3980484008789 
57.34297561645508 57.15296173095703 55.54547119140625 55.34483337402344 55.95907211303711 56.59689712524414 56.414527893066406 58.6176643371582 
64.96451568603516 66.25161743164062 65.99382019042969 66.30079650878906 66.20809936523438 64.52761840820312 62.91459274291992 66.6928939819336 
65.22710418701172 66.15660858154297 65.42070770263672 65.20591735839844 64.18863677978516 64.97792053222656 64.31017303466797 66.86521911621094 
65.01913452148438 64.02790069580078 65.6578598022461 66.16835021972656 65.12857818603516 65.09980773925781 64.69468688964844 65.26675415039062 
64.74044799804688 64.3070068359375 66.07209777832031 65.21161651611328 66.42985534667969 64.41776275634766 64.44550323486328 65.32774353027344 
63.52463912963867 65.87094116210938 64.36720275878906 65.62226867675781 62.985599517822266 65.37052917480469 65.64720153808594 64.43766021728516 
65.6041259765625 63.20387268066406 65.75151824951172 65.58163452148438 65.50943756103516 64.96195220947266 64.40767669677734 63.51824188232422 
63.79609680175781 64.63561248779297 64.4804458618164 64.12671661376953 63.64556884765625 64.75491333007812 64.6385269165039 63.96521759033203 
63.372928619384766 64.67705535888672 65.87760162353516 64.37430572509766 64.35244750976562 64.04771423339844 65.19203186035156 64.91075134277344 
65.36438751220703 65.59270477294922 65.06559753417969 64.52566528320312 65.41299438476562 65.78441619873047 66.31084442138672 63.90467071533203 
66.68742370605469 64.2278060913086 65.33174133300781 64.53392028808594 64.90083312988281 65.3880615234375 65.8722915649414 66.48915100097656 
106.58649444580078 107.85769653320312 108.00201416015625 106.40035247802734 108.54364776611328 106.8410873413086 108.74492645263672 105.45136260986328 
35.83369445800781 33.54048156738281 33.915103912353516 33.416961669921875 33.82291030883789 33.403839111328125 34.1530876159668 33.3201904296875 
107.94473266601562 108.60508728027344 108.54815673828125 106.66636657714844 108.87052917480469 107.3921890258789 106.3502426147461 104.66374206542969 
36.797569274902344 34.26051330566406 33.293087005615234 34.048030853271484 33.72083282470703 33.40412902832031 33.4337272644043 34.10688018798828 
106.81206512451172 105.79126739501953 109.41036987304688 106.49833679199219 109.17680358886719 106.41014099121094 109.09343719482422 104.26287841796875 
36.58671951293945 33.422401428222656 33.90099334716797 33.735328674316406 34.182945251464844 33.691551208496094 33.797950744628906 33.99488067626953 
106.58432006835938 107.52153778076172 108.91958618164062 106.16636657714844 108.78288269042969 107.44982147216797 109.51187133789062 107.86905670166016 
36.609375 33.71699142456055 33.084510803222656 33.87353515625 33.12883377075195 33.49177551269531 33.07215881347656 34.22665786743164 
107.32252502441406 106.082275390625 109.15420532226562 106.11996459960938 110.76112365722656 107.34355163574219 110.82959747314453 106.12812805175781 
37.85808181762695 34.5689582824707 34.04115295410156 34.000640869140625 33.94038391113281 33.82124710083008 34.213951110839844 33.53180694580078 
106.84611511230469 106.91670227050781 109.23308563232422 106.84982299804688 109.0232925415039 105.94671630859375 109.34899139404297 107.03900909423828 
37.44905471801758 33.8955192565918 33.87478256225586 34.19059371948242 34.09062576293945 34.139102935791016 33.959136962890625 34.181121826171875 
109.5203857421875 106.43488311767578 110.52973175048828 105.92598724365234 109.23340606689453 111.41529846191406 106.48770904541016 108.6088638305664 
36.78838348388672 33.811038970947266 33.98112106323242 34.26649475097656 33.2474250793457 33.859073638916016 34.173728942871094 33.88819122314453 
108.11497497558594 106.46112060546875 106.169921875 106.63932800292969 110.12989044189453 105.74147033691406 109.09923553466797 107.33612823486328 
37.6192626953125 33.64656066894531 33.24409484863281 33.857025146484375 33.194305419921875 33.97945785522461 33.210079193115234 34.303871154785156 
107.9480972290039 107.15020751953125 108.72624206542969 108.01058959960938 107.65711975097656 106.68883514404297 106.33293151855469 111.97331237792969 
35.161441802978516 33.871360778808594 33.974910736083984 32.976158142089844 34.21500778198242 34.12428665161133 33.946624755859375 34.2237434387207 
108.17938995361328 107.32377624511719 108.25788879394531 105.94483184814453 107.25369262695312 111.28562927246094 107.14627075195312 107.45455932617188 
37.416831970214844 33.80847930908203 34.39030456542969 33.2479362487793 34.313568115234375 33.380577087402344 33.944862365722656 33.5665283203125 
116.44384002685547 118.95507049560547 117.41072082519531 117.07599639892578 116.87820434570312 114.7168960571289 121.05500793457031 118.4389419555664 
42.915870666503906 41.74300765991211 35.50678253173828 35.625823974609375 35.84444808959961 35.98060989379883 35.38140869140625 36.1416015625 
116.83360290527344 118.39753723144531 118.81868743896484 115.16172790527344 117.21206665039062 119.761474609375 117.20511627197266 117.0647964477539 
45.30003356933594 40.947200775146484 35.24435043334961 35.34067153930664 34.90371322631836 35.75987243652344 35.67116928100586 36.38876724243164 
115.94854736328125 119.25872039794922 118.38301086425781 116.37065887451172 119.22383880615234 117.42809295654297 118.95299530029297 117.84636688232422 
42.829376220703125 39.771968841552734 35.14646530151367 35.813377380371094 35.289886474609375 35.82076644897461 35.88691329956055 35.13052749633789 
113.31094360351562 118.9570541381836 117.87667083740234 117.11376190185547 117.27257537841797 118.29612731933594 118.775390625 118.13126373291016 
47.84560012817383 44.11280059814453 34.3851203918457 36.032352447509766 35.61520004272461 35.8633918762207 35.82896041870117 36.12745666503906 
118.38278198242188 116.73020935058594 118.06829071044922 119.02735900878906 118.35295867919922 117.10918426513672 118.8400650024414 118.50931549072266 
45.82771301269531 40.60006332397461 35.593055725097656 35.85065460205078 34.64972686767578 35.47180938720703 35.8493766784668 35.1769905090332 
115.44140625 114.15497589111328 121.29353332519531 117.80726623535156 114.53852844238281 118.48697662353516 118.6069107055664 117.30912017822266 
42.12883377075195 41.44585418701172 35.08137512207031 35.372928619384766 35.99174499511719 35.228416442871094 36.06662368774414 36.133663177490234 
118.1467514038086 116.46272277832031 119.79481506347656 120.04617309570312 115.49251556396484 118.766845703125 115.3864974975586 120.86876678466797 
42.42582321166992 41.69753646850586 35.315425872802734 35.12947082519531 35.583648681640625 35.856449127197266 35.625022888183594 36.227264404296875 
116.13836669921875 114.21788787841797 120.16659545898438 118.24409484863281 114.9916763305664 118.9832992553711 119.2286376953125 115.87139129638672 
42.24806213378906 41.73286437988281 35.603328704833984 35.09977722167969 35.33513641357422 35.79836654663086 35.48332977294922 35.227264404296875 
117.04045104980469 119.67779541015625 118.27091217041016 116.32835388183594 116.16748809814453 118.25138854980469 117.50819396972656 117.65122985839844 
45.42995071411133 41.500640869140625 35.272735595703125 34.84310531616211 35.868961334228516 35.43180847167969 36.183902740478516 35.70716857910156 
116.35935974121094 116.56172943115234 114.54595184326172 118.99942779541016 118.57965087890625 116.2344970703125 120.3683853149414 119.10601806640625 
46.428321838378906 48.289344787597656 35.106143951416016 34.967071533203125 35.646240234375 35.640960693359375 36.045982360839844 35.828670501708984 
129.69923400878906 129.77740478515625 129.19276428222656 127.5502700805664 130.45237731933594 130.32044982910156 128.17103576660156 128.19996643066406 
33.162879943847656 31.72649574279785 30.857311248779297 31.937055587768555 31.402847290039062 31.478431701660156 31.476959228515625 31.059200286865234 
127.97923278808594 128.2887725830078 131.99903869628906 128.53907775878906 130.6228790283203 130.16390991210938 130.3956756591797 128.19346618652344 
33.650047302246094 31.282976150512695 30.475008010864258 31.22153663635254 31.00067138671875 31.440767288208008 31.502912521362305 31.123424530029297 
126.88848114013672 130.87522888183594 130.3423309326172 129.14845275878906 129.09823608398438 127.3084487915039 128.180419921875 128.63961791992188 
34.24671936035156 31.501632690429688 31.410335540771484 31.776927947998047 31.677663803100586 30.80121612548828 31.983840942382812 31.743072509765625 
128.98509216308594 129.3310089111328 128.74517822265625 127.08505249023438 129.64968872070312 129.50621032714844 129.04652404785156 129.1682586669922 
33.55427169799805 31.49558448791504 31.651647567749023 30.98886489868164 31.514272689819336 31.79852867126465 31.22332763671875 31.89900779724121 
127.1942367553711 130.60345458984375 129.96713256835938 131.78428649902344 127.82633972167969 130.06732177734375 126.22319793701172 130.0287628173828 
36.39004898071289 32.523616790771484 30.85580825805664 31.49839973449707 31.03603172302246 31.405376434326172 31.56345558166504 31.544639587402344 
129.09423828125 131.06979370117188 132.72694396972656 129.8533477783203 128.059326171875 128.83676147460938 129.5715789794922 130.5045166015625 
36.48419189453125 31.733728408813477 31.402111053466797 31.569055557250977 31.024063110351562 31.51171112060547 31.729503631591797 31.312192916870117 
129.11257934570312 130.2643585205078 129.39830017089844 130.00047302246094 130.82850646972656 129.1639404296875 129.07066345214844 128.3904266357422 
33.129310607910156 31.385087966918945 31.839872360229492 31.759199142456055 31.249759674072266 31.201919555664062 31.263872146606445 31.000383377075195 
126.29180908203125 129.5246124267578 129.70999145507812 130.77154541015625 130.2224578857422 129.0647735595703 130.20909118652344 129.89990234375 
34.890079498291016 31.240896224975586 31.856800079345703 31.411008834838867 30.770496368408203 31.96201515197754 31.119775772094727 31.503360748291016 
127.69551849365234 128.63270568847656 129.93753051757812 130.58755493164062 129.176513671875 131.26931762695312 131.60240173339844 128.7665557861328 
33.239009857177734 31.293792724609375 31.688480377197266 31.33350372314453 31.787872314453125 31.780704498291016 31.1549129486084 31.886943817138672 
128.0807647705078 129.9470977783203 126.5383071899414 131.65469360351562 130.5535430908203 129.12457275390625 130.73583984375 130.90243530273438 
34.897857666015625 31.24928092956543 31.74127960205078 30.491872787475586 31.940479278564453 31.797439575195312 31.170015335083008 31.762432098388672 
58.062625885009766 58.02364730834961 58.807647705078125 55.96428680419922 54.463584899902344 57.48393630981445 58.696224212646484 58.10291290283203 
58.73283386230469 57.855167388916016 57.737857818603516 57.25120162963867 57.58403015136719 56.81321716308594 57.63510513305664 57.283775329589844 
57.92335891723633 57.435455322265625 58.53193664550781 56.609375 57.390174865722656 56.23388671875 58.18796920776367 57.69664001464844 
58.78937530517578 56.31903839111328 57.41088104248047 57.152095794677734 57.834590911865234 58.05033493041992 57.32563018798828 56.455360412597656 
58.62521743774414 58.092769622802734 55.95315170288086 56.551422119140625 58.161888122558594 57.69615936279297 58.20064163208008 57.17683029174805 
58.720863342285156 58.73833465576172 56.07158279418945 56.402366638183594 57.9422721862793 58.183807373046875 58.222721099853516 57.147647857666016 
57.6734733581543 56.94063949584961 57.04790496826172 56.782081604003906 57.935489654541016 58.690433502197266 57.33961486816406 56.68608093261719 
58.32051086425781 57.263648986816406 56.1776008605957 57.797889709472656 58.050209045410156 57.580318450927734 56.381568908691406 57.003902435302734 
56.873504638671875 56.907230377197266 58.02220916748047 58.387454986572266 56.43017578125 57.06342315673828 57.56175994873047 58.06310272216797 
57.604801177978516 56.05635070800781 57.76892852783203 57.466304779052734 58.46771240234375 57.317054748535156 56.845951080322266 57.8642578125 
108.6448974609375 111.7673568725586 111.63033294677734 108.91219329833984 110.25564575195312 113.80703735351562 111.4494400024414 110.3901138305664 
68.8177261352539 50.46275329589844 46.534400939941406 47.10630416870117 46.40544128417969 47.0272331237793 46.0885124206543 46.6945915222168 
111.24176025390625 107.45728302001953 112.09734344482422 107.99158477783203 110.9716796875 110.330078125 110.98783874511719 113.62934112548828 
68.21337890625 52.523807525634766 47.3721923828125 46.71510314941406 46.063072204589844 45.749473571777344 46.64713668823242 46.11721420288086 
110.2906265258789 108.55923461914062 110.39692687988281 110.6251220703125 112.61135864257812 110.3479995727539 111.4448013305664 110.31951904296875 
68.8986587524414 51.669151306152344 46.98444747924805 46.24415969848633 47.24399948120117 45.9788818359375 47.31635284423828 46.370849609375 
110.15795135498047 111.24636840820312 111.31609344482422 111.93315124511719 108.96208190917969 110.82412719726562 108.87820434570312 114.54370880126953 
68.24671936035156 49.72796630859375 47.84889602661133 45.720062255859375 47.13151931762695 46.91414260864258 46.550689697265625 47.306880950927734 
108.90774536132812 112.37490844726562 110.1079330444336 111.29119873046875 109.84038543701172 110.7581787109375 109.34992218017578 110.82637023925781 
69.02783966064453 49.625118255615234 47.13616180419922 45.99244689941406 46.27756881713867 47.96201705932617 45.89891052246094 47.71868896484375 
108.53517150878906 109.78943634033203 114.29590606689453 110.95945739746094 113.13142395019531 106.83065795898438 111.43289947509766 111.07542419433594 
65.8497314453125 52.06489562988281 46.89606475830078 46.34019088745117 46.66284942626953 46.03830337524414 47.42784118652344 46.09123229980469 
110.3710708618164 106.97769927978516 112.98947143554688 112.7523193359375 114.16073608398438 108.74384307861328 109.93328094482422 110.57008361816406 
71.24966430664062 53.07555389404297 46.36345672607422 47.34454345703125 47.01270294189453 46.90227127075195 46.300350189208984 47.3919677734375 
109.5816650390625 111.01062774658203 108.5030746459961 110.78761291503906 111.35257720947266 110.31449890136719 110.27897644042969 110.21171569824219 
65.75318145751953 51.00099182128906 44.98908615112305 47.005088806152344 46.959007263183594 46.10496139526367 46.016639709472656 47.05548858642578 
109.37030029296875 109.86029052734375 110.59046173095703 109.70182037353516 110.82975769042969 112.71875 110.49734497070312 110.43011474609375 
68.82825469970703 52.917057037353516 45.820030212402344 46.405601501464844 46.63894271850586 46.49292755126953 45.99238586425781 45.87263870239258 
109.74486541748047 113.52198028564453 109.87731170654297 111.73699188232422 109.7610855102539 110.94499206542969 111.37967681884766 109.60208129882812 
67.94102478027344 50.375328063964844 47.181983947753906 45.926944732666016 47.29257583618164 46.98233413696289 46.052513122558594 47.76019287109375 
76.84521484375 76.94258880615234 74.57952117919922 75.78982543945312 75.21475219726562 76.0442886352539 76.64444732666016 77.32364654541016 
35.015968322753906 31.288095474243164 30.62566375732422 31.140256881713867 30.792800903320312 30.389856338500977 31.171680450439453 30.827327728271484 
76.80879974365234 72.78694152832031 77.95161437988281 76.79961395263672 78.94898986816406 76.16793823242188 78.17362976074219 77.20633697509766 
33.043678283691406 30.52284812927246 31.02297592163086 30.301599502563477 30.923776626586914 31.06003189086914 30.6362247467041 30.663679122924805 
78.617919921875 75.00531005859375 78.12258911132812 74.37328338623047 76.78050994873047 77.87273406982422 76.43299102783203 77.01484680175781 
32.27145767211914 30.97318458557129 30.315519332885742 30.263263702392578 30.94384002685547 30.659488677978516 30.822368621826172 31.193344116210938 
76.6513900756836 79.20035552978516 76.25273895263672 76.55462646484375 76.8655014038086 76.4908447265625 77.6971206665039 76.80255889892578 
33.16041564941406 30.869312286376953 30.338720321655273 30.794143676757812 30.738271713256836 31.211872100830078 30.710784912109375 30.50115203857422 
79.32099151611328 75.03401947021484 76.03228759765625 76.11705780029297 73.33494567871094 78.2323226928711 75.35078430175781 78.59862518310547 
33.89254379272461 30.99519920349121 30.69443130493164 30.372671127319336 30.772960662841797 31.218463897705078 30.75916862487793 30.853248596191406 
75.18482971191406 78.25724792480469 76.78912353515625 80.91136169433594 75.7894058227539 77.02191925048828 75.42908477783203 78.13043212890625 
33.97711944580078 30.919679641723633 30.51888084411621 30.53011131286621 30.222816467285156 31.061887741088867 30.7410888671875 30.409343719482422 
77.1879653930664 80.50809478759766 76.97942352294922 74.24285125732422 74.93244934082031 73.5223388671875 76.69142150878906 76.29580688476562 
33.5269775390625 30.61542320251465 30.714048385620117 31.131168365478516 30.662656784057617 30.088159561157227 29.70537567138672 30.978784561157227 
76.53075408935547 76.74457550048828 74.9483871459961 78.47039794921875 75.67922973632812 78.47795104980469 76.08799743652344 78.96377563476562 
33.00249481201172 30.81692886352539 30.382400512695312 31.094335556030273 30.758752822875977 30.43552017211914 30.993759155273438 30.447967529296875 
76.34368133544922 76.44060516357422 74.99935913085938 75.32406616210938 78.68335723876953 75.32806396484375 76.12828826904297 76.93421173095703 
34.5549430847168 30.616416931152344 30.790048599243164 31.212608337402344 30.570720672607422 30.40412712097168 30.809823989868164 30.41049575805664 
77.0895004272461 75.13555145263672 75.71075439453125 77.94096374511719 75.46479797363281 79.07417297363281 76.57862091064453 81.77510070800781 
34.0327033996582 31.015104293823242 30.469696044921875 30.30873680114746 30.78825569152832 30.747455596923828 30.28995132446289 30.614591598510742 
81.5627212524414 80.13152313232422 81.12156677246094 83.4455337524414 81.56979370117188 76.78956604003906 81.33590698242188 81.62188720703125 
56.43203353881836 54.227455139160156 54.28876876831055 53.9351692199707 53.64672088623047 54.79724884033203 55.13926315307617 55.190494537353516 
82.10835266113281 79.32454681396484 81.44076538085938 82.45881652832031 81.68447875976562 80.7396469116211 81.19283294677734 81.17308807373047 
56.637184143066406 54.42243194580078 54.36252975463867 53.700321197509766 54.761470794677734 54.388126373291016 54.95430374145508 55.69811248779297 
82.42979431152344 83.06822204589844 81.2740478515625 78.77005004882812 80.96217346191406 83.56285095214844 79.78470611572266 81.06022644042969 
56.454654693603516 52.88313674926758 55.236480712890625 56.82169723510742 55.60166549682617 56.24931335449219 56.63788986206055 53.439903259277344 
82.35155487060547 79.66604614257812 80.82105255126953 82.71311950683594 80.87798309326172 80.81097412109375 79.05206298828125 82.17295837402344 
57.069664001464844 53.39798355102539 55.00761413574219 56.866336822509766 54.080894470214844 53.537567138671875 56.59379196166992 55.684478759765625 
82.92797088623047 81.53196716308594 80.695068359375 81.08233642578125 79.8309097290039 81.81423950195312 81.02867126464844 79.56758117675781 
57.37865447998047 55.43907165527344 56.23740768432617 54.97030258178711 55.532833099365234 54.50896072387695 56.684574127197266 54.682559967041016 
83.66185760498047 81.13906860351562 79.8854751586914 79.4991683959961 81.41609954833984 81.09004974365234 81.22284698486328 84.91734313964844 
55.8507194519043 54.335968017578125 53.67302322387695 54.40617752075195 55.88518524169922 55.53615951538086 52.213951110839844 55.950016021728516 
82.8987808227539 81.02761840820312 76.91209411621094 81.72118377685547 81.63705444335938 79.09337615966797 81.79177856445312 83.838623046875 
57.10902404785156 54.791358947753906 54.446495056152344 54.50339126586914 54.843902587890625 54.9444465637207 54.54851150512695 54.45859146118164 
82.74396514892578 81.35104370117188 80.48467254638672 80.32777404785156 82.45584106445312 82.26911926269531 80.68412780761719 81.5723876953125 
55.77766418457031 53.285247802734375 53.77500915527344 54.94345474243164 55.60918426513672 56.18368148803711 55.408897399902344 56.37977600097656 
81.94691467285156 79.7630386352539 79.21331024169922 81.3524169921875 79.9513931274414 82.0199966430664 83.58710479736328 83.58233642578125 
56.949920654296875 55.58582305908203 54.71574401855469 54.40547180175781 52.96198272705078 56.46604919433594 56.38636779785156 54.179744720458984 
79.99078369140625 81.84534454345703 84.56745910644531 81.31529235839844 80.70304107666016 80.52787017822266 82.108642578125 80.08265686035156 
59.55369567871094 55.87513732910156 55.77167892456055 56.14217758178711 55.899967193603516 55.74345779418945 55.62713623046875 54.24844741821289 
60.68134307861328 60.19619369506836 61.79663848876953 62.45232009887695 60.20649719238281 61.66387176513672 60.74576187133789 62.135135650634766 
61.65577697753906 60.61964797973633 61.01910400390625 61.687808990478516 60.37251281738281 60.897216796875 60.02707290649414 62.07392120361328 
60.76675033569336 59.27654266357422 62.00028610229492 60.86841583251953 60.70937728881836 60.287681579589844 61.8746223449707 60.824127197265625 
60.28291320800781 60.37577438354492 60.60713577270508 61.1605110168457 60.80694580078125 60.9634895324707 60.81622314453125 61.66553497314453 
60.53129577636719 60.093441009521484 62.16921615600586 61.031070709228516 61.393089294433594 61.41267013549805 61.32710266113281 60.85660934448242 
60.78540802001953 61.38764953613281 61.78847885131836 61.675777435302734 61.724159240722656 60.591583251953125 61.00262451171875 59.5041618347168 
60.48844909667969 60.768096923828125 61.70764923095703 62.117408752441406 60.02070236206055 61.818145751953125 60.64051055908203 61.63228988647461 
61.718910217285156 60.55692672729492 61.847808837890625 61.478271484375 61.54163360595703 61.9024658203125 60.53452682495117 60.292545318603516 
60.888671875 59.590110778808594 63.33699035644531 62.053375244140625 59.995201110839844 61.56230545043945 60.410240173339844 61.88585662841797 
61.28803253173828 60.73187255859375 61.5780143737793 60.497215270996094 61.69084930419922 60.97980880737305 60.80976104736328 60.5296630859375 
115.74188995361328 110.56336212158203 112.970947265625 112.6632308959961 111.04627227783203 111.64466857910156 112.25564575195312 113.70912170410156 
68.66703796386719 51.85625457763672 47.95449447631836 49.432640075683594 47.38111877441406 49.338592529296875 48.480255126953125 49.97196960449219 
113.887939453125 111.40569305419922 116.53209686279297 114.3957748413086 113.70851135253906 112.58393859863281 115.0002212524414 114.9257583618164 
67.85721588134766 51.517982482910156 47.2342414855957 48.31564712524414 48.94095993041992 47.613311767578125 50.02191925048828 49.28041458129883 
114.04908752441406 113.07357025146484 114.61497497558594 114.08819580078125 112.02067565917969 116.51526641845703 114.15894317626953 113.14240264892578 
67.84320068359375 51.49331283569336 47.39324951171875 48.4222412109375 49.376895904541016 48.0643196105957 48.43471908569336 48.84124755859375 
112.88566589355469 109.84233856201172 111.99798583984375 113.45584106445312 112.2649917602539 114.90057373046875 112.66828918457031 112.74275207519531 
68.07389068603516 51.63740921020508 49.50739288330078 48.06675338745117 48.85446548461914 49.11257553100586 47.84815979003906 50.49091339111328 
112.32217407226562 114.14031982421875 113.64399719238281 111.87359619140625 117.48873901367188 114.24771118164062 113.55062103271484 112.33881378173828 
67.87097930908203 51.12972640991211 48.87513732910156 47.737823486328125 48.063968658447266 47.47897720336914 49.39926528930664 48.19241714477539 
113.8012466430664 118.12496185302734 113.61103820800781 113.74674987792969 112.54131317138672 113.92185974121094 112.67171478271484 113.65945434570312 
67.84774780273438 51.000511169433594 48.37062454223633 48.270206451416016 49.993473052978516 48.36822509765625 48.553855895996094 48.76787185668945 
112.09404754638672 114.59974670410156 116.75039672851562 113.35478210449219 111.86051177978516 111.60797119140625 117.73436737060547 113.38956451416016 
69.02425384521484 55.758750915527344 48.13478469848633 49.40467071533203 47.04764938354492 49.62905502319336 48.899009704589844 48.91151809692383 
112.41190338134766 111.380126953125 113.88188934326172 113.35664367675781 109.21087646484375 115.52777862548828 115.1593246459961 111.84611511230469 
67.86156463623047 50.980255126953125 47.83884811401367 48.49846267700195 49.6033935546875 47.96380615234375 50.470401763916016 49.159584045410156 
109.94989013671875 114.20630645751953 113.24937438964844 114.11641693115234 114.7080307006836 109.50093078613281 115.814208984375 114.19696044921875 
67.86870574951172 51.016353607177734 49.00681686401367 47.50729751586914 47.92588806152344 47.674400329589844 49.99235153198242 49.182430267333984 
113.6583023071289 111.53939056396484 115.68377685546875 113.45040130615234 113.47503662109375 114.43206024169922 114.17788696289062 114.75542449951172 
68.31053161621094 51.18988800048828 47.884769439697266 49.04902267456055 48.45008087158203 47.722816467285156 49.55945587158203 48.79484939575195 
102.98905944824219 99.02374267578125 102.31619262695312 100.26764678955078 101.1805419921875 102.3638687133789 100.34729766845703 102.23683166503906 
60.85820770263672 47.485313415527344 40.51833724975586 40.764129638671875 40.483585357666016 40.63238525390625 41.304222106933594 41.33407974243164 
101.15814208984375 100.62483215332031 101.30818939208984 100.8144302368164 101.4655990600586 100.91990661621094 105.04828643798828 100.92716979980469 
58.486751556396484 47.8092155456543 41.643585205078125 41.663841247558594 41.842079162597656 40.70163345336914 42.10009765625 40.140289306640625 
103.16873931884766 101.16397094726562 103.9188461303711 99.9501724243164 101.71842956542969 103.31814575195312 101.75494384765625 102.80242919921875 
61.30614471435547 47.491455078125 41.80438232421875 41.97660827636719 40.5032958984375 41.5810546875 42.1201286315918 41.7696647644043 
102.10246276855469 103.62588500976562 101.10447692871094 100.53324890136719 100.27107238769531 101.43830108642578 103.18310546875 103.00418853759766 
59.17264175415039 47.29753494262695 41.050079345703125 41.309505462646484 41.689247131347656 40.835968017578125 41.716705322265625 41.42086410522461 
102.1928939819336 102.97881317138672 103.7061767578125 101.0344009399414 102.46367645263672 101.36914825439453 101.0341796875 103.6141128540039 
58.17951965332031 47.313472747802734 40.61635208129883 40.62259292602539 40.5846061706543 40.555809020996094 41.25775909423828 41.558494567871094 
101.99702453613281 100.44502258300781 102.09382629394531 100.89202880859375 105.61917114257812 101.8812484741211 99.89955139160156 102.55734252929688 
61.50815963745117 48.31321716308594 40.507423400878906 41.071712493896484 40.377601623535156 40.746177673339844 41.35603332519531 40.543617248535156 
102.42918395996094 100.7528305053711 101.8617935180664 101.24237060546875 102.461181640625 102.02867126464844 102.9865951538086 101.00220489501953 
60.48137664794922 47.31119918823242 39.73311996459961 40.34431838989258 41.14495849609375 41.29449462890625 40.291263580322266 40.737152099609375 
102.67203521728516 102.21593475341797 101.82569885253906 102.24278259277344 101.55728149414062 103.21878051757812 102.07545471191406 102.58834838867188 
58.39382553100586 46.81964874267578 40.19478225708008 40.87968063354492 40.66310501098633 41.152095794677734 40.51331329345703 41.54118347167969 
102.51302337646484 102.84742736816406 101.96371459960938 102.06444549560547 101.68534088134766 102.56348419189453 102.91110229492188 100.79984283447266 
60.77804946899414 43.680606842041016 41.432289123535156 41.656673431396484 41.266048431396484 40.7492790222168 41.833473205566406 41.0794563293457 
102.58448028564453 102.36502075195312 100.9106216430664 105.0157470703125 101.50931549072266 100.51859283447266 98.89584350585938 100.67091369628906 
72.39376068115234 45.1646728515625 40.4185905456543 41.737152099609375 41.716670989990234 41.8342399597168 40.919551849365234 41.63142395019531 
87.86659240722656 85.23715209960938 84.94290924072266 86.86637115478516 87.8123550415039 85.60880279541016 82.34185791015625 87.45584106445312 
51.86163330078125 48.863136291503906 47.9299201965332 49.39072036743164 50.985408782958984 50.949214935302734 50.25459289550781 50.45097732543945 
87.77180480957031 86.59990692138672 86.58364868164062 86.2922592163086 86.77811431884766 84.88966369628906 85.7741470336914 85.876220703125 
52.86345672607422 49.49193572998047 50.54822540283203 49.81718444824219 49.658687591552734 50.06768035888672 50.89708709716797 50.2542724609375 
86.52783966064453 87.46685028076172 85.80035400390625 88.36822509765625 87.52185821533203 83.96633911132812 85.7992935180664 84.84185791015625 
51.17571258544922 50.95808029174805 50.45475387573242 49.0118408203125 51.34070587158203 50.80723190307617 49.955265045166016 49.53676986694336 
85.9999008178711 87.04918670654297 89.66092681884766 86.24671936035156 84.74578857421875 85.82598114013672 86.0811538696289 85.0284194946289 
51.95232009887695 50.27027130126953 49.001216888427734 51.00374221801758 50.324031829833984 49.158111572265625 51.16611099243164 50.540958404541016 
86.82134246826172 84.78966522216797 85.18761444091797 88.77168273925781 88.72831726074219 83.56124877929688 85.48473358154297 85.25472259521484 
52.29600143432617 50.19011306762695 50.95014572143555 50.0843505859375 50.06835174560547 51.133216857910156 50.475040435791016 49.391422271728516 
86.54354858398438 87.46707153320312 88.72796630859375 86.81830596923828 84.0222396850586 87.04422760009766 87.2583999633789 86.7636489868164 
52.618431091308594 50.06697463989258 50.10566329956055 51.08377456665039 50.06377410888672 47.712799072265625 50.64003372192383 49.60966491699219 
85.59120178222656 84.9109115600586 87.33229064941406 85.51773071289062 84.68316650390625 85.68937683105469 86.45152282714844 87.60336303710938 
51.967105865478516 50.73660659790039 49.924190521240234 49.29417419433594 51.59481430053711 49.94755172729492 50.15475082397461 49.96886444091797 
86.40019226074219 83.60835266113281 85.81478118896484 88.32335662841797 86.72198486328125 83.72988891601562 84.68736267089844 85.12973022460938 
49.90700912475586 50.890689849853516 50.26230239868164 49.45008087158203 50.98067092895508 50.38175964355469 47.73014450073242 51.792415618896484 
87.00038146972656 87.41046142578125 87.35049438476562 86.81407928466797 84.55292510986328 85.39888000488281 86.08819580078125 85.7760009765625 
52.17660903930664 49.62575912475586 51.08243179321289 50.04393768310547 49.66844940185547 51.059871673583984 50.38844680786133 47.63740921020508 
85.1539535522461 83.60499572753906 85.32758331298828 84.8006362915039 86.31375885009766 83.98841857910156 86.91913604736328 89.94764709472656 
52.593406677246094 49.914241790771484 51.34259033203125 50.45635223388672 49.400447845458984 51.06230545043945 50.72723388671875 49.524513244628906 
45.3326416015625 46.197601318359375 46.083648681640625 45.67599868774414 46.8012809753418 44.936161041259766 46.6445426940918 46.08492660522461 
47.02054214477539 45.02409744262695 46.14748764038086 46.490142822265625 45.33216094970703 45.89654541015625 44.82227325439453 46.3317756652832 
46.337791442871094 46.63667297363281 45.57078552246094 45.40556716918945 46.62134552001953 45.25664138793945 46.741825103759766 45.5865592956543 
46.49184036254883 46.26710510253906 45.26464080810547 46.61286544799805 45.71641540527344 46.239871978759766 45.93964767456055 46.06758499145508 
45.51571273803711 46.66569519042969 45.87123107910156 46.18937683105469 46.155006408691406 45.57212829589844 45.66892623901367 45.49827194213867 
47.04652786254883 46.1514892578125 45.08736038208008 46.72127914428711 45.675838470458984 46.18431854248047 46.60166549682617 46.44166564941406 
46.042686462402344 46.75020980834961 45.097503662109375 46.31155014038086 46.597408294677734 46.00307083129883 45.89574432373047 45.4376335144043 
46.423519134521484 46.45635223388672 44.82444763183594 45.35023880004883 46.56041717529297 44.98847961425781 46.38150405883789 46.217472076416016 
47.31321716308594 45.56159973144531 46.75872039794922 45.312767028808594 45.874176025390625 46.464542388916016 45.15702438354492 45.804542541503906 
46.20755386352539 46.58700942993164 45.23072052001953 46.220481872558594 46.854305267333984 45.23542404174805 46.98060989379883 45.31292724609375 
82.3314208984375 81.3986587524414 82.19657897949219 83.84540557861328 86.14051055908203 81.06585693359375 83.29920196533203 85.81763458251953 
82.68873596191406 83.9135971069336 85.66825866699219 83.30662536621094 83.29036712646484 82.28704071044922 82.15328216552734 83.87321472167969 
83.79058837890625 84.29293060302734 83.31068420410156 83.29203033447266 82.70416259765625 83.77452850341797 83.79039764404297 83.5351333618164 
82.8331527709961 83.43055725097656 82.85913848876953 82.50825500488281 82.96185302734375 83.91769409179688 83.3115234375 83.64701080322266 
84.45305633544922 83.44815826416016 81.66454315185547 82.83808135986328 83.79094696044922 83.89379119873047 81.28559875488281 84.17545318603516 
81.42928314208984 81.98889923095703 81.99030303955078 82.5742416381836 83.49555206298828 81.07904052734375 82.88662719726562 83.8868179321289 
81.39446258544922 83.14752197265625 82.71148681640625 82.18006134033203 83.95820617675781 82.86077117919922 83.81696319580078 81.60844421386719 
84.72345733642578 84.26956939697266 83.04454040527344 85.21289825439453 83.56448364257812 81.85612487792969 83.0203857421875 85.78575897216797 
82.32931518554688 81.5466537475586 83.05538940429688 82.75491333007812 81.80118560791016 82.47523498535156 84.06633758544922 83.47516632080078 
81.73955535888672 82.95247650146484 83.49040222167969 81.3823013305664 82.65516662597656 84.2972183227539 83.57603454589844 81.17699432373047 
51.839359283447266 51.67171096801758 52.05971145629883 51.971614837646484 51.72419357299805 50.329471588134766 50.884033203125 51.56745529174805 
51.64342498779297 49.77328109741211 52.57926559448242 52.19670486450195 51.70016098022461 50.9101448059082 50.62108612060547 52.05820846557617 
52.13199996948242 51.316192626953125 50.3487663269043 51.01696014404297 52.0048942565918 52.08639907836914 51.112640380859375 51.28492736816406 
52.70723342895508 51.88470458984375 51.46051025390625 49.928096771240234 51.4365119934082 51.98992156982422 51.704254150390625 51.41263961791992 
51.19305419921875 52.00815963745117 51.48233413696289 51.376991271972656 50.980289459228516 50.58940887451172 52.07427215576172 51.20230484008789 
52.57331085205078 51.34681701660156 51.089630126953125 50.495487213134766 52.40742492675781 51.95036697387695 51.49862289428711 51.53200149536133 
52.257057189941406 51.94454574584961 51.81062316894531 51.45686340332031 50.100128173828125 51.79983901977539 49.76095962524414 51.62956619262695 
52.45087814331055 51.77961730957031 51.95702362060547 50.84902572631836 51.544830322265625 50.43689727783203 50.9219856262207 52.0351676940918 
51.48495864868164 50.99375915527344 50.44211196899414 51.196414947509766 50.907806396484375 52.46342468261719 51.638816833496094 51.426910400390625 
51.92607879638672 51.42726516723633 51.37968063354492 50.765567779541016 50.40876770019531 52.274208068847656 51.95926284790039 52.153377532958984 
101.82275390625 101.5726089477539 103.33334350585938 101.55398559570312 103.93548583984375 103.5298843383789 103.20684814453125 100.5982437133789 
57.28086471557617 49.725406646728516 43.636287689208984 44.914974212646484 44.982017517089844 44.0918083190918 43.95792007446289 45.30819320678711 
102.50157165527344 104.20387268066406 101.16368103027344 100.81670379638672 101.2768325805664 103.69395446777344 103.64185333251953 100.61023712158203 
56.3851203918457 50.34172821044922 43.4681282043457 44.33545684814453 45.12739181518555 44.88284683227539 44.39379119873047 45.55622482299805 
100.11344146728516 103.42057800292969 102.98512268066406 102.0568618774414 103.13734436035156 106.6337890625 101.95503997802734 101.2845458984375 
55.556671142578125 50.6629753112793 44.16889572143555 43.42732620239258 43.772926330566406 45.06233596801758 44.50825500488281 45.86137771606445 
100.5323486328125 101.26473236083984 102.3753890991211 102.9642562866211 103.9879379272461 101.0040283203125 102.09715270996094 99.47907257080078 
53.590431213378906 47.0079345703125 44.77116775512695 45.38163375854492 45.20198440551758 44.94704055786133 45.83910369873047 45.01523208618164 
103.19257354736328 104.47974395751953 101.12163543701172 102.48320007324219 102.33229064941406 103.51225280761719 101.86428833007812 100.9307861328125 
59.277408599853516 49.763519287109375 43.30857467651367 44.41689682006836 45.26153564453125 45.040382385253906 45.26249694824219 45.82316970825195 
101.71046447753906 102.68617248535156 103.57500457763672 102.72246551513672 104.24691009521484 103.41251373291016 102.05852508544922 99.96240234375 
50.73548889160156 50.220767974853516 44.688385009765625 45.759681701660156 44.92678451538086 44.28656005859375 45.40937423706055 45.276222229003906 
102.16812896728516 100.7574691772461 103.34899139404297 98.15792083740234 101.84076690673828 97.88813018798828 102.92390441894531 103.11865234375 
54.778465270996094 50.20060729980469 43.50175857543945 44.92975997924805 44.90681457519531 45.37843322753906 45.153343200683594 45.768001556396484 
104.20162963867188 102.4117431640625 102.59552001953125 103.4079360961914 104.27967834472656 102.07052612304688 101.63343811035156 100.4194564819336 
56.000030517578125 48.67203140258789 44.34550476074219 45.4365119934082 44.762271881103516 43.92758560180664 45.11103820800781 45.632320404052734 
100.90182495117188 101.47840118408203 102.33094024658203 100.23814392089844 106.63977813720703 101.46038055419922 101.15894317626953 101.74976348876953 
60.774654388427734 50.8026237487793 44.44918441772461 45.26976013183594 44.8256950378418 44.70640182495117 45.06371307373047 45.65340805053711 
101.96691131591797 103.04962921142578 102.38582611083984 102.46403503417969 102.49382019042969 103.09923553466797 100.6437759399414 100.5713882446289 
56.96742248535156 50.63667297363281 44.45004653930664 44.97907257080078 44.34230422973633 44.92921447753906 45.245887756347656 44.89535903930664 
100.4808349609375 101.25238037109375 101.11558532714844 102.98908996582031 100.61542510986328 101.14927673339844 101.37184143066406 98.26505279541016 
31.178720474243164 27.823040008544922 27.71993637084961 27.952224731445312 27.505407333374023 27.365663528442383 27.161855697631836 27.214048385620117 
101.34515380859375 100.45247650146484 101.2933120727539 99.26435089111328 99.23133087158203 101.41731262207031 99.17842864990234 100.54863739013672 
28.311264038085938 27.785247802734375 27.215007781982422 27.391040802001953 27.164735794067383 27.063007354736328 27.047744750976562 27.36899185180664 
100.63037109375 102.15872192382812 101.13116455078125 102.3891830444336 103.32665252685547 98.74723052978516 100.80684661865234 98.59603118896484 
29.575424194335938 27.859264373779297 27.41584014892578 26.986047744750977 27.67545509338379 27.174144744873047 27.173215866088867 27.229055404663086 
102.15692901611328 99.80860900878906 101.7903060913086 101.62643432617188 99.29446411132812 101.46176147460938 100.023681640625 100.7628173828125 
30.810144424438477 27.549951553344727 27.160032272338867 27.106496810913086 27.042911529541016 27.209280014038086 27.219871520996094 27.339935302734375 
100.92185974121094 102.27027130126953 102.29500579833984 100.48722839355469 99.76403045654297 99.34349060058594 100.69833374023438 101.59203338623047 
30.846176147460938 27.817920684814453 27.543872833251953 27.314847946166992 27.161184310913086 27.313663482666016 27.64214324951172 27.257280349731445 
100.79170989990234 98.94729614257812 101.59158325195312 101.43958282470703 99.75532531738281 101.38297271728516 96.77664184570312 100.9335708618164 
30.54457664489746 27.50579261779785 27.501184463500977 28.2063045501709 27.463104248046875 27.660480499267578 27.80624008178711 27.57823944091797 
99.84230041503906 101.90697479248047 101.45433807373047 103.35628509521484 101.71775817871094 100.31417846679688 101.07270050048828 100.13081359863281 
29.361663818359375 27.743423461914062 27.27689552307129 27.26038360595703 27.623519897460938 27.233951568603516 27.15158462524414 26.961984634399414 
101.55811309814453 100.06387329101562 101.63033294677734 102.03622436523438 98.34601593017578 98.91273498535156 98.74681854248047 98.34598541259766 
30.98041534423828 27.66499137878418 27.16499137878418 27.099903106689453 26.784799575805664 27.315231323242188 27.42483139038086 27.855327606201172 
101.8900146484375 102.0492172241211 99.79910278320312 102.26297760009766 102.5692138671875 101.87907409667969 100.77964782714844 100.71552276611328 
31.390016555786133 27.585311889648438 27.349824905395508 27.128704071044922 26.99603271484375 27.04310417175293 27.157983779907227 27.07027244567871 
99.4599380493164 99.6651840209961 101.6740493774414 99.18521881103516 100.78646087646484 98.73926544189453 100.59200286865234 101.11721801757812 
29.25200080871582 27.819616317749023 27.505247116088867 27.293760299682617 27.379423141479492 27.37628746032715 26.78972816467285 27.473600387573242 
128.4058837890625 133.75692749023438 127.9002914428711 128.64556884765625 131.55728149414062 128.59347534179688 131.08937072753906 130.0741424560547 
50.822113037109375 49.47536087036133 50.70083236694336 49.70694351196289 50.47148895263672 51.36707305908203 51.06422424316406 50.40147018432617 
128.69879150390625 130.06454467773438 129.03155517578125 129.60415649414062 131.18873596191406 131.71664428710938 131.4938201904297 130.15379333496094 
53.69065475463867 49.37507247924805 48.71500778198242 52.10563278198242 51.213279724121094 49.914432525634766 50.22217559814453 51.982975006103516 
128.3967742919922 127.64947509765625 126.26252746582031 128.28871154785156 129.1279754638672 131.24765014648438 125.9648666381836 131.2362518310547 
50.782047271728516 49.583038330078125 51.30192184448242 51.050655364990234 50.19939041137695 51.53558349609375 51.459999084472656 50.5300178527832 
128.0853729248047 129.08700561523438 129.36534118652344 129.8851776123047 127.83052825927734 129.4008331298828 131.01683044433594 127.80022430419922 
52.68988800048828 50.99964904785156 49.682559967041016 51.73561477661133 51.159934997558594 50.872833251953125 49.58867263793945 52.21443176269531 
126.35040283203125 129.16432189941406 132.03269958496094 126.90089416503906 131.4244842529297 127.35574340820312 129.10333251953125 133.92860412597656 
53.20742416381836 49.961151123046875 51.47779083251953 50.07990264892578 50.876670837402344 49.35142517089844 49.8823356628418 51.35673522949219 
127.84233856201172 128.90255737304688 128.82322692871094 131.83958435058594 130.7012481689453 136.09695434570312 126.97885131835938 128.5152587890625 
52.64912033081055 50.35468673706055 49.99292755126953 50.328094482421875 50.936702728271484 49.72275161743164 50.40435028076172 51.078208923339844 
131.5391082763672 133.05718994140625 128.92518615722656 128.88739013671875 125.76297760009766 130.22560119628906 134.66851806640625 131.09814453125 
51.13411331176758 50.83871841430664 49.93302536010742 50.8125114440918 49.62192153930664 50.95561599731445 50.25859069824219 51.48543930053711 
129.0433349609375 129.28684997558594 133.05410766601562 129.2733154296875 129.96397399902344 128.31283569335938 128.7593536376953 131.74473571777344 
52.86492919921875 51.07545471191406 50.54908752441406 50.53683090209961 51.336639404296875 51.506622314453125 50.24998474121094 51.38227081298828 
127.29955291748047 131.04412841796875 128.439453125 132.75167846679688 127.44873809814453 129.2178192138672 129.5009307861328 130.0800323486328 
50.470176696777344 51.615135192871094 51.405887603759766 50.94403076171875 49.78083038330078 51.37257766723633 51.421470642089844 50.46073532104492 
127.93516540527344 126.4579849243164 128.70947265625 128.35116577148438 128.97727966308594 132.57151794433594 130.8573455810547 129.2870330810547 
53.22982406616211 49.99827194213867 51.55254364013672 50.83145523071289 50.63113784790039 50.37596893310547 50.964576721191406 49.950401306152344 
90.10956573486328 87.162109375 91.92985534667969 91.73670196533203 92.68240356445312 90.42153930664062 92.0664291381836 87.56658935546875 
49.06982421875 46.95510482788086 48.3427848815918 47.4681282043457 48.26358413696289 47.017696380615234 48.54790496826172 47.079551696777344 
91.1809310913086 90.28396606445312 88.74015808105469 91.00303649902344 90.6013412475586 92.88992309570312 87.66095733642578 92.1655044555664 
49.7874870300293 46.54447937011719 47.12015914916992 47.85078430175781 47.85068893432617 48.01580810546875 47.19478225708008 48.527008056640625 
90.72412872314453 89.28617858886719 88.22077178955078 91.19542694091797 90.88179016113281 91.53679656982422 90.06559753417969 90.99375915527344 
48.6162223815918 47.558528900146484 47.063072204589844 46.53424072265625 46.94784164428711 47.95382308959961 46.691585540771484 48.251487731933594 
91.96141052246094 91.45356750488281 92.2748794555664 90.22147369384766 90.42601776123047 91.68732452392578 89.47945404052734 90.7828140258789 
49.71049499511719 47.30112075805664 47.93040084838867 47.62179183959961 47.05244827270508 47.181312561035156 48.36956787109375 46.935935974121094 
89.8854751586914 90.1527328491211 91.39945220947266 91.85334777832031 88.49561309814453 89.50115203857422 91.57215881347656 90.93801879882812 
48.500736236572266 47.99763107299805 47.09135818481445 48.181087493896484 46.91596984863281 47.176353454589844 47.4475212097168 47.59542465209961 
91.1965103149414 89.21759796142578 89.32752227783203 92.34003448486328 90.2303695678711 94.21437072753906 88.68089294433594 89.56979370117188 
48.95158386230469 48.25263977050781 46.88502502441406 48.92348861694336 46.83571243286133 48.09382247924805 46.9447021484375 47.540672302246094 
91.79766082763672 88.2856674194336 91.54937744140625 90.85321807861328 90.56147003173828 90.28793334960938 89.35772705078125 89.2366714477539 
50.03327941894531 47.752288818359375 47.332000732421875 46.716670989990234 46.26454544067383 47.5382080078125 47.04070281982422 47.44460678100586 
92.0313949584961 86.66342163085938 91.1982421875 92.09814453125 90.3021469116211 88.85408020019531 90.90787506103516 90.02732849121094 
50.25321578979492 47.06220626831055 48.20124816894531 46.90678405761719 46.23817443847656 47.512672424316406 48.003902435302734 46.73295974731445 
91.00582122802734 89.36396789550781 90.385986328125 89.3499526977539 90.89068603515625 90.59008026123047 93.61644744873047 88.96768188476562 
51.44623947143555 47.33692932128906 47.877662658691406 47.065887451171875 48.108577728271484 47.45881652832031 48.78915023803711 47.37180709838867 
90.56438446044922 91.61126708984375 90.04793548583984 88.55926513671875 93.18697357177734 91.22550201416016 92.02076721191406 91.26089477539062 
51.627777099609375 46.975425720214844 47.45564651489258 46.171424865722656 48.72796630859375 46.4582405090332 48.263328552246094 47.01887893676758 
72.26761627197266 71.4130859375 72.61593627929688 69.75718688964844 72.48175811767578 71.03462219238281 71.75750732421875 70.39683532714844 
72.27574157714844 72.30268859863281 72.25043487548828 71.32256317138672 72.53568267822266 72.45801544189453 70.00157165527344 73.54879760742188 
71.6246109008789 72.63270568847656 71.6377944946289 72.73193359375 72.04889678955078 69.7735366821289 74.38480377197266 71.4468765258789 
71.80860900878906 72.17871856689453 71.04966735839844 71.77545928955078 71.05206298828125 73.29081726074219 71.00611114501953 71.61990356445312 
73.4573745727539 72.84687805175781 71.1948471069336 71.53225708007812 71.94406127929688 70.87958526611328 71.19683074951172 73.3437728881836 
71.54370880126953 71.04528045654297 71.50764465332031 71.86000061035156 70.2257308959961 70.949951171875 72.69337463378906 73.73625946044922 
70.53289794921875 71.46002960205078 71.84931182861328 71.28173065185547 71.40716552734375 71.48153686523438 72.1910400390625 70.65309143066406 
71.19142150878906 71.22745513916016 70.05967712402344 71.56483459472656 71.8005142211914 71.15385437011719 72.72643280029297 72.95356750488281 
70.41970825195312 70.32614135742188 71.52185821533203 70.29049682617188 71.2781753540039 72.99251556396484 72.14189147949219 70.97747039794922 
69.96975708007812 70.56070709228516 70.74406433105469 71.79673767089844 69.72089385986328 72.3967056274414 71.28633880615234 74.35564422607422 
117.38118743896484 120.97535705566406 119.16976165771484 119.99164581298828 118.04806518554688 117.34451293945312 119.55113220214844 118.45513916015625 
40.1993293762207 35.45686340332031 36.533599853515625 35.77961730957031 35.580257415771484 35.1360969543457 35.77155303955078 35.82691192626953 
116.44668579101562 117.96927642822266 119.33798217773438 117.85855865478516 117.57612609863281 117.84671783447266 117.4500503540039 116.99775695800781 
38.12464141845703 36.43628692626953 36.09423828125 36.056671142578125 34.87104034423828 35.38908767700195 36.188926696777344 35.45552062988281 
118.2056655883789 117.10265350341797 118.56009674072266 119.51248168945312 117.05379486083984 118.37133026123047 120.33586883544922 117.72025299072266 
39.4977912902832 36.11663818359375 35.65852737426758 36.63235092163086 36.17990493774414 36.24991989135742 35.124481201171875 36.83238220214844 
118.05107116699219 118.34623718261719 116.53158569335938 121.41500854492188 117.44076538085938 115.62409973144531 121.50198364257812 115.33776092529297 
38.5728645324707 36.06099319458008 35.321983337402344 35.739070892333984 34.89945602416992 35.697471618652344 35.41436767578125 36.27833557128906 
114.44153594970703 122.64876556396484 118.03628540039062 119.86700439453125 122.21929931640625 114.65875244140625 120.33993530273438 119.94271850585938 
37.85919952392578 36.01481628417969 35.277854919433594 35.90873718261719 35.184574127197266 36.647552490234375 36.39411163330078 35.5797119140625 
118.17155456542969 117.94198608398438 119.0311050415039 120.51679992675781 118.86637115478516 116.96018981933594 124.20598602294922 121.2326431274414 
38.37980651855469 35.84783935546875 36.54841613769531 36.39936065673828 36.093505859375 36.030784606933594 35.87583923339844 36.11891174316406 
115.11692810058594 121.8782730102539 119.53324890136719 115.2613754272461 124.09667205810547 119.13206481933594 117.38835144042969 119.6707534790039 
39.59241485595703 36.08214569091797 35.96758270263672 35.5491828918457 36.48534393310547 36.042686462402344 35.739200592041016 34.76425552368164 
119.21139526367188 119.2332763671875 123.03775787353516 117.62249755859375 119.56278228759766 119.4497299194336 118.0164794921875 120.01439666748047 
40.59244918823242 36.557151794433594 35.913185119628906 35.478782653808594 36.57014465332031 35.43782424926758 35.898719787597656 35.364479064941406 
117.4399642944336 119.83631896972656 119.75196838378906 122.07389068603516 118.10323333740234 119.57373046875 120.70003509521484 117.85135650634766 
38.460384368896484 35.604286193847656 35.704158782958984 36.6802864074707 36.179134368896484 36.18422317504883 36.12214279174805 36.24291229248047 
116.8411865234375 119.07737731933594 120.70777893066406 115.92031860351562 118.23388671875 116.2128677368164 118.62041473388672 118.9836196899414 
39.197662353515625 35.89833450317383 36.53055953979492 36.30451202392578 36.27385711669922 36.03023910522461 36.8322868347168 35.79180908203125 
107.3094711303711 103.61456298828125 103.84384155273438 104.98201751708984 106.19049835205078 105.09539031982422 103.91606140136719 105.66985321044922 
52.15216064453125 46.734622955322266 46.30607986450195 47.33113479614258 46.38959884643555 46.68796920776367 47.75360107421875 46.47644805908203 
102.72380828857422 102.7224349975586 104.1849594116211 104.70259094238281 103.87423706054688 106.58697509765625 104.87267303466797 106.000732421875 
51.40537643432617 46.956512451171875 46.737056732177734 46.75065612792969 47.917057037353516 47.24428939819336 46.87343978881836 47.45552062988281 
103.05884552001953 106.44940948486328 105.58112335205078 103.35523223876953 103.21561431884766 104.85625457763672 103.9952621459961 109.91244506835938 
48.932159423828125 45.905696868896484 47.87334442138672 47.13974380493164 46.28086471557617 46.365535736083984 47.1497917175293 46.34134292602539 
102.6731185913086 107.34288024902344 105.52384185791016 104.98844909667969 106.82351684570312 102.30764770507812 104.77299499511719 105.14966583251953 
49.19792175292969 46.48195266723633 46.23440170288086 47.26726531982422 46.35193634033203 46.8111686706543 47.64227294921875 46.2957763671875 
105.85830688476562 102.67526245117188 103.7801284790039 105.01177978515625 105.35794830322266 103.36409759521484 105.57427215576172 106.4302749633789 
49.20764923095703 46.040191650390625 46.910526275634766 47.99772644042969 46.42182540893555 47.37420654296875 46.92268753051758 46.440704345703125 
104.86211395263672 103.33014678955078 105.27760314941406 103.96819305419922 104.64717102050781 105.3333740234375 104.5946273803711 104.50566101074219 
48.99494552612305 46.5134391784668 47.0777587890625 47.16048049926758 47.01036834716797 48.62278366088867 46.465728759765625 47.048030853271484 
105.8806381225586 104.43952178955078 105.67587280273438 103.23139190673828 103.39631652832031 101.34998321533203 104.31244659423828 104.62992095947266 
51.12025451660156 45.650753021240234 48.22492980957031 46.358463287353516 45.37420654296875 45.144222259521484 46.48259353637695 46.954368591308594 
106.51107025146484 105.68118286132812 108.6552963256836 104.50019073486328 105.73545837402344 103.8058853149414 105.2372817993164 105.42137908935547 
50.84761428833008 47.03459167480469 46.40719985961914 46.275936126708984 47.69839859008789 46.66694259643555 46.941375732421875 47.63459014892578 
103.02732849121094 105.24188995361328 106.0189437866211 103.31648254394531 105.93071746826172 104.96294403076172 105.70787048339844 102.8736343383789 
48.36726379394531 46.753440856933594 46.158912658691406 46.64166259765625 47.26134490966797 46.06246566772461 47.3950080871582 47.9469108581543 
103.9817886352539 104.615966796875 106.04319763183594 105.25116729736328 105.9398422241211 104.24172973632812 105.87248229980469 104.85842895507812 
50.051422119140625 46.63273620605469 46.672447204589844 48.2534065246582 47.13894271850586 47.77881622314453 46.322593688964844 46.77577590942383 
103.40617370605469 99.0926742553711 103.72096252441406 101.76627349853516 102.86093139648438 104.6308822631836 104.09193420410156 104.05868530273438 
45.94655990600586 44.78316879272461 44.55094528198242 43.96665573120117 44.31488037109375 45.179039001464844 44.18864059448242 45.41708755493164 
101.01990509033203 103.45065307617188 105.3569564819336 103.07545471191406 104.60022735595703 104.42662048339844 103.95964813232422 100.55398559570312 
47.0219841003418 45.34543991088867 44.13801574707031 44.79558563232422 44.98329544067383 44.036865234375 45.501121520996094 45.15875244140625 
103.80496215820312 103.51551818847656 103.48115539550781 103.27964782714844 104.38006591796875 103.02281951904297 104.08000183105469 106.76371002197266 
46.663936614990234 45.61212921142578 44.010719299316406 44.27248001098633 45.60044860839844 44.03705596923828 44.110591888427734 45.516319274902344 
104.37785339355469 104.59510040283203 103.8436508178711 103.88700866699219 103.61660766601562 101.66009521484375 99.62438201904297 103.97920227050781 
45.39424133300781 44.69343948364258 45.279361724853516 43.640926361083984 45.02467346191406 45.251617431640625 43.586944580078125 45.00697708129883 
103.7808609008789 102.94940948486328 102.2757797241211 99.517822265625 106.32838439941406 101.61084747314453 103.07625579833984 103.64125061035156 
46.72959899902344 44.42892837524414 45.51628875732422 43.70671844482422 44.748382568359375 45.402496337890625 43.78406524658203 44.7459831237793 
102.78873443603516 102.07494354248047 105.94377899169922 101.45740509033203 106.58048248291016 104.5738525390625 105.31747436523438 102.80400085449219 
48.44307327270508 44.42287826538086 44.70927810668945 45.25235366821289 43.32291030883789 44.94102478027344 45.271873474121094 43.887489318847656 
101.87779235839844 106.91567993164062 103.9578857421875 102.10425567626953 105.72509002685547 103.90035247802734 103.67327880859375 101.04073333740234 
46.44572830200195 44.836063385009766 44.41958236694336 45.49599838256836 44.301246643066406 44.70889663696289 45.580928802490234 44.0731201171875 
104.59795379638672 102.50656127929688 102.79395294189453 104.92364501953125 105.10006713867188 102.74256134033203 105.31404876708984 102.78998565673828 
46.449344635009766 43.58393478393555 44.42851257324219 44.55964660644531 44.19148635864258 45.07535934448242 44.43088150024414 43.88185501098633 
103.89910125732422 101.74342346191406 101.0282211303711 101.91423797607422 102.35091400146484 105.86131286621094 102.73865509033203 105.908447265625 
46.133056640625 45.37267303466797 43.893856048583984 45.19116973876953 45.30227279663086 43.998783111572266 45.610721588134766 45.10131072998047 
101.0335693359375 103.0 100.95503997802734 103.02262115478516 103.12828826904297 103.94432067871094 104.41868591308594 103.27391815185547 
47.74505615234375 44.01651382446289 44.64796829223633 45.54742431640625 43.78956985473633 45.04627227783203 45.61119842529297 44.02579116821289 
103.75917053222656 105.08704376220703 102.8597412109375 104.69542694091797 105.52406311035156 105.59785461425781 106.05433654785156 105.4521255493164 
43.31497573852539 39.415199279785156 39.406463623046875 39.35871887207031 38.939456939697266 39.212223052978516 38.81727981567383 39.3836784362793 
105.78809356689453 104.47747039794922 101.9051513671875 103.85635375976562 104.8987808227539 104.83564758300781 109.77996826171875 104.09820556640625 
41.07561492919922 38.655967712402344 39.02614212036133 39.46371078491211 39.038753509521484 39.858943939208984 39.015968322753906 40.33795166015625 
104.50563049316406 106.74713897705078 104.57491302490234 105.45702362060547 102.6638412475586 103.82774353027344 103.98457336425781 104.35667419433594 
41.81510543823242 39.340065002441406 39.574527740478516 39.30166244506836 38.65139389038086 38.560672760009766 39.659358978271484 39.82447814941406 
104.36454772949219 103.86978912353516 103.74886322021484 105.4981460571289 104.2007064819336 106.3674545288086 105.73725128173828 105.6297607421875 
41.931583404541016 40.06003189086914 39.94473648071289 40.04332733154297 40.07497787475586 39.58710479736328 39.71811294555664 39.91657638549805 
103.37232208251953 106.37420654296875 104.96701049804688 105.67932891845703 104.7405776977539 106.92803192138672 105.12303924560547 105.38524627685547 
41.56809616088867 39.31884765625 40.15331268310547 40.00806427001953 40.09036636352539 40.1143684387207 39.29414367675781 39.19587326049805 
103.68822479248047 105.87299346923828 103.87849426269531 105.94182586669922 105.61170959472656 104.84761810302734 106.28800201416016 108.63410949707031 
41.31135940551758 40.042686462402344 40.05615997314453 40.20943832397461 38.892513275146484 40.15446472167969 40.317665100097656 40.04764938354492 
102.90806579589844 107.23081970214844 106.0923843383789 102.18736267089844 104.2438735961914 105.31721496582031 105.80828857421875 106.75577545166016 
42.88496017456055 39.620033264160156 38.64704132080078 38.851871490478516 40.09628677368164 40.32831954956055 40.085758209228516 39.3131217956543 
106.81190490722656 105.02422332763672 105.74966430664062 103.80902099609375 103.98758697509766 100.68057250976562 104.76473236083984 105.78915405273438 
42.28937530517578 40.1841926574707 39.312896728515625 40.260223388671875 40.38633728027344 39.72502517700195 40.22963333129883 38.99168014526367 
103.9271011352539 104.02178955078125 105.25273895263672 105.10991668701172 109.6058578491211 105.05296325683594 106.7952651977539 105.50892639160156 
40.603904724121094 38.38742446899414 39.82160186767578 39.66134262084961 38.96464157104492 40.24284744262695 40.17776107788086 40.32489776611328 
106.01094055175781 102.86204528808594 105.5032958984375 105.029052734375 105.97830200195312 105.23881530761719 105.51538848876953 102.30665588378906 
43.1993293762207 39.852542877197266 39.25475311279297 40.34348678588867 39.517921447753906 40.12879943847656 40.434593200683594 40.229854583740234 
119.6289291381836 121.22672271728516 121.50761413574219 117.60320281982422 122.70352172851562 121.68816375732422 123.7122573852539 121.07929229736328 
58.484161376953125 43.80255889892578 35.4730224609375 36.236385345458984 36.8089599609375 36.02492904663086 36.0437126159668 34.9659538269043 
116.39910125732422 120.8674545288086 120.2900161743164 121.18505859375 119.787841796875 119.81446075439453 121.32921600341797 120.16617584228516 
62.73993682861328 43.36812973022461 35.9884147644043 36.15974426269531 35.373504638671875 36.00175857543945 35.519710540771484 36.40671920776367 
117.20960235595703 117.23379516601562 123.04486083984375 121.74134063720703 120.42704010009766 121.71875 119.59683227539062 119.401123046875 
58.95974349975586 42.541343688964844 35.17728042602539 36.11529541015625 35.82121658325195 35.2619514465332 36.75993728637695 35.70528030395508 
118.18768310546875 122.00387573242188 119.66636657714844 122.71692657470703 118.37561798095703 117.51721954345703 121.36358642578125 122.68080139160156 
61.27132797241211 43.25795364379883 35.912353515625 35.73548889160156 36.50748825073242 36.25571060180664 36.20819091796875 36.49244689941406 
120.19535827636719 121.1773452758789 120.30604553222656 120.22252655029297 121.75523376464844 121.2742691040039 120.51414489746094 120.15507507324219 
60.916446685791016 43.232032775878906 35.3263053894043 35.797569274902344 35.551841735839844 36.147518157958984 36.2889289855957 36.32310485839844 
118.29942321777344 122.74569702148438 119.27654266357422 119.98979187011719 122.0277099609375 119.53663635253906 117.03334045410156 121.16806030273438 
61.5447998046875 42.735870361328125 35.14553451538086 36.012001037597656 36.02751922607422 36.293983459472656 36.762367248535156 36.555904388427734 
119.53401947021484 122.7916488647461 120.8406753540039 120.42457580566406 121.53414154052734 121.51219177246094 119.86793518066406 119.57638549804688 
63.28681564331055 43.21241760253906 35.7806396484375 36.00700759887695 36.6110725402832 36.597694396972656 36.32912063598633 36.250240325927734 
120.5412826538086 119.04905700683594 119.79641723632812 121.01983642578125 119.03011322021484 121.28092956542969 119.3381118774414 121.37020874023438 
60.8328971862793 42.951393127441406 35.8131217956543 36.19068908691406 35.74483108520508 36.49923324584961 35.674560546875 36.540321350097656 
120.55961608886719 121.13526153564453 119.76306915283203 122.01980590820312 120.86351776123047 120.90326690673828 124.0789794921875 124.18940734863281 
61.40428924560547 43.686527252197266 35.626625061035156 36.281856536865234 36.192161560058594 36.71900939941406 35.75414276123047 36.38518524169922 
120.22428894042969 119.3642578125 121.15177917480469 120.66403198242188 117.39523315429688 124.17171478271484 121.66022491455078 118.33590698242188 
61.45872116088867 42.593345642089844 35.7496337890625 35.424705505371094 36.53779220581055 36.633182525634766 36.41689682006836 36.33420944213867 
51.64336013793945 51.131614685058594 51.31158447265625 53.31097412109375 52.820255279541016 52.65145492553711 52.33327865600586 51.34259033203125 
52.301151275634766 51.53891372680664 51.29148864746094 51.45769500732422 53.428287506103516 53.0417594909668 52.77097702026367 53.29935836791992 
52.15449523925781 51.512542724609375 50.72355270385742 52.60451126098633 52.08643341064453 53.37113571166992 52.86374282836914 52.29043197631836 
51.58278274536133 52.6993293762207 52.79955291748047 52.54051208496094 52.854976654052734 51.576576232910156 51.0775032043457 52.08697509765625 
52.64761734008789 51.985023498535156 52.240478515625 51.68422317504883 51.12211227416992 52.02796936035156 53.00012969970703 52.800193786621094 
51.77833557128906 51.17593765258789 52.787967681884766 52.34339141845703 53.468990325927734 52.203041076660156 52.12636947631836 52.59382247924805 
52.70207977294922 52.556480407714844 52.015968322753906 51.9486083984375 51.34969711303711 52.37855911254883 51.78550338745117 53.184959411621094 
52.77203369140625 52.705406188964844 52.1945915222168 51.37241744995117 51.91001510620117 52.270015716552734 52.597984313964844 52.077152252197266 
53.05180740356445 52.9692497253418 52.51785659790039 52.31603240966797 51.36640167236328 51.80838394165039 52.358497619628906 52.46681594848633 
52.01331329345703 51.173439025878906 52.25795364379883 51.69027328491211 51.00457763671875 52.756736755371094 52.71414566040039 53.06438446044922 
66.07209777832031 65.13200378417969 65.10025787353516 64.2221450805664 63.99919891357422 65.7231674194336 65.32441711425781 64.37094116210938 
64.01299285888672 64.70848083496094 64.95027160644531 64.91734313964844 63.339393615722656 63.29337692260742 66.47372436523438 65.85027313232422 
63.64847946166992 65.49276733398438 61.41263961791992 63.41990280151367 65.6146240234375 65.07862091064453 66.10380554199219 64.14972686767578 
64.50959777832031 65.50825500488281 64.7265625 64.94627380371094 64.6204833984375 65.05741119384766 65.49951934814453 65.00418853759766 
64.95410919189453 64.52003479003906 63.97651290893555 65.30592346191406 65.76290893554688 64.09126281738281 65.1764144897461 65.2940444946289 
65.19635009765625 64.78486633300781 63.834625244140625 63.95372772216797 64.60848236083984 63.65449523925781 64.868896484375 64.42620849609375 
64.92431640625 65.51241302490234 63.43449783325195 63.605377197265625 64.87388610839844 64.4701156616211 64.47126770019531 64.01251220703125 
64.50032043457031 64.89075469970703 64.14041900634766 64.01062774658203 64.30928039550781 64.33439636230469 63.4686393737793 66.76812744140625 
65.115234375 63.6426887512207 64.0909423828125 64.22953796386719 65.32742309570312 65.1464614868164 65.57135772705078 64.19900512695312 
67.30249786376953 64.80255889892578 64.28431701660156 65.1911392211914 65.12380981445312 65.73446655273438 64.61177825927734 64.3985595703125 
113.93679809570312 114.84710693359375 114.39273834228516 114.00784301757812 115.59961700439453 113.27378845214844 111.28105926513672 115.64080047607422 
47.22771072387695 42.43849563598633 42.21366500854492 41.94182586669922 43.456607818603516 42.51852798461914 43.9835205078125 43.39491271972656 
114.57798767089844 110.52572631835938 115.06396484375 112.69657897949219 113.61968231201172 114.10050964355469 113.99759674072266 114.72537231445312 
46.88876724243164 43.052032470703125 43.983070373535156 42.854305267333984 42.26758575439453 42.83638381958008 43.61177444458008 44.55353546142578 
115.20719909667969 112.76319885253906 114.20822143554688 114.50672149658203 112.35199737548828 115.04908752441406 113.04307556152344 113.1556167602539 
46.65894317626953 42.287872314453125 43.15190505981445 43.77532958984375 42.100128173828125 41.41116714477539 42.97238540649414 42.995487213134766 
114.32412719726562 112.63801574707031 116.76294708251953 115.40553283691406 114.34076690673828 116.4948501586914 114.43798065185547 117.8634262084961 
45.81052780151367 43.0032958984375 42.80659103393555 43.89369583129883 42.20355224609375 41.67225646972656 42.700992584228516 43.57984161376953 
113.37574768066406 114.32630157470703 110.8737564086914 117.76544189453125 115.78793334960938 111.81270599365234 120.37907409667969 113.44473266601562 
45.48262405395508 42.80819320678711 42.38643264770508 42.30876922607422 43.319969177246094 43.827327728271484 42.53984069824219 42.92873764038086 
112.84076690673828 111.13740539550781 112.48665618896484 116.37094116210938 113.49005126953125 111.53180694580078 113.7772445678711 113.2784652709961 
46.19046401977539 42.41292953491211 43.02819061279297 43.91513442993164 43.46416091918945 41.52975845336914 42.596256256103516 43.23606491088867 
112.90380859375 112.6928939819336 114.1256332397461 114.82704162597656 115.11599731445312 112.48982238769531 113.55235290527344 113.6902084350586 
44.36995315551758 43.1978874206543 44.01123046875 43.7224006652832 42.55356979370117 42.77167892456055 43.85433578491211 43.786048889160156 
116.49286651611328 114.8821792602539 112.801025390625 114.60476684570312 111.77641296386719 114.35580444335938 113.83631896972656 112.48441314697266 
45.46275329589844 43.538753509521484 44.37200164794922 42.90467071533203 42.60063934326172 43.65647888183594 44.34870529174805 43.45171356201172 
115.12083435058594 115.22630310058594 113.69580841064453 113.14393615722656 113.54134368896484 112.85094451904297 113.09398651123047 112.39801788330078 
44.472286224365234 42.88911819458008 42.18342590332031 43.21916961669922 44.275840759277344 44.03878402709961 42.16726303100586 43.11840057373047 
112.75762939453125 113.06377410888672 113.29334259033203 111.98054504394531 111.84454345703125 114.8391342163086 112.5283203125 113.13353729248047 
44.585662841796875 43.01839828491211 43.52864074707031 43.602657318115234 42.33011245727539 42.18163299560547 42.35171127319336 43.028961181640625 
113.94815826416016 115.5836181640625 118.48384094238281 111.45458984375 119.6846694946289 118.17542266845703 114.8554916381836 115.99517059326172 
33.01865768432617 32.95475387573242 33.225120544433594 33.40214538574219 32.99532699584961 33.89497756958008 33.29484939575195 33.24105453491211 
116.01996612548828 115.39520263671875 114.44659423828125 117.40672302246094 116.66448211669922 116.57990264892578 114.62882995605469 116.58793640136719 
34.45382308959961 33.037696838378906 33.532161712646484 33.25279998779297 33.69635009765625 33.208030700683594 33.81737518310547 33.31635284423828 
115.49174499511719 115.39373016357422 113.63225555419922 117.2053451538086 116.86399841308594 115.68729400634766 116.99052429199219 115.18498992919922 
35.13411331176758 32.6033935546875 33.717567443847656 33.111167907714844 33.884033203125 33.274879455566406 33.466304779052734 33.0285758972168 
119.54383850097656 115.8150405883789 115.66473388671875 116.28662109375 117.59200286865234 116.60601806640625 118.1839370727539 115.75004577636719 
33.38467025756836 33.34735870361328 33.851646423339844 33.818145751953125 33.80720138549805 33.53327941894531 33.732608795166016 33.2325439453125 
114.56969451904297 114.97129821777344 116.93836975097656 115.05561828613281 118.23583984375 117.76233673095703 115.38739013671875 119.26351928710938 
34.765567779541016 33.24147033691406 32.852352142333984 33.18159866333008 33.131038665771484 33.4881591796875 33.2880973815918 33.6313591003418 
113.42425537109375 117.37977600097656 116.31094360351562 116.47945404052734 115.53731536865234 115.73273468017578 113.61689758300781 115.41859436035156 
33.58803176879883 33.227745056152344 33.75183868408203 33.331520080566406 33.78771209716797 33.23334503173828 33.59369659423828 33.00678253173828 
114.53695678710938 115.94214630126953 119.55903625488281 118.34601593017578 117.53314971923828 115.56070709228516 115.0322265625 117.09871673583984 
33.04579162597656 33.34569549560547 33.50534439086914 33.64761734008789 33.96281433105469 33.77174377441406 33.905887603759766 33.90038299560547 
116.11840057373047 115.0374755859375 117.94454193115234 117.89981079101562 115.887939453125 116.46630096435547 117.7448959350586 117.4512939453125 
33.148414611816406 33.29606246948242 33.77385711669922 33.952510833740234 33.64857482910156 33.75990295410156 33.60710525512695 33.6478385925293 
115.66339111328125 119.28582763671875 116.24966430664062 112.774658203125 118.578369140625 116.73529815673828 114.71510314941406 122.1404800415039 
33.17817687988281 33.146785736083984 33.26316833496094 33.40188980102539 33.34640121459961 33.490081787109375 33.35996627807617 32.952606201171875 
114.52204895019531 117.38931274414062 117.72716522216797 117.7640609741211 117.5580825805664 115.43446350097656 113.22415924072266 114.92095947265625 
33.202816009521484 33.476993560791016 33.90313720703125 33.65116882324219 33.843326568603516 33.48067092895508 33.85385513305664 33.542625427246094 
50.852638244628906 47.646080017089844 48.40284729003906 48.953697204589844 46.62422561645508 49.5052490234375 48.45238494873047 49.205055236816406 
44.995391845703125 40.739105224609375 41.21923065185547 42.3502082824707 42.060447692871094 42.19724655151367 41.766849517822266 42.37129592895508 
50.36588668823242 46.03913497924805 48.21414566040039 49.097633361816406 47.82646560668945 49.95075225830078 48.20323181152344 49.14198303222656 
45.784446716308594 41.118465423583984 41.88838577270508 41.70652770996094 41.424766540527344 42.30886459350586 42.87782287597656 42.47350311279297 
50.10508728027344 49.372161865234375 47.78755187988281 49.65139389038086 47.943424224853516 48.05759811401367 48.52521514892578 48.86249542236328 
45.75913619995117 41.475582122802734 41.6396484375 41.853599548339844 41.703392028808594 41.97635269165039 42.89263916015625 42.27580642700195 
50.23174285888672 48.999263763427734 48.545921325683594 48.4700813293457 47.97740936279297 48.75459289550781 48.493568420410156 47.538368225097656 
45.009857177734375 42.179168701171875 41.26134490966797 41.36467361450195 41.52316665649414 42.33174514770508 42.62144088745117 41.984031677246094 
50.783233642578125 46.85945510864258 47.67084884643555 48.58687973022461 48.4881591796875 47.8553581237793 48.66960144042969 48.28960037231445 
45.84912109375 43.28412628173828 43.340606689453125 42.702110290527344 41.6844482421875 41.272640228271484 42.04966354370117 41.842655181884766 
49.585792541503906 48.46137619018555 48.25190353393555 48.26825714111328 48.45417785644531 48.78432083129883 47.582977294921875 48.839073181152344 
44.742401123046875 41.759361267089844 43.00348663330078 42.828609466552734 41.25727844238281 41.36652755737305 40.642913818359375 41.64495849609375 
49.575294494628906 49.095489501953125 47.970272064208984 49.11763381958008 47.66611099243164 48.17692947387695 48.45625686645508 49.00617599487305 
44.19446563720703 41.868831634521484 42.178497314453125 43.20665740966797 42.696449279785156 40.5959358215332 43.03219223022461 41.43699264526367 
52.816097259521484 48.33030319213867 48.787841796875 47.91788864135742 49.39478302001953 48.468448638916016 48.886112213134766 48.130977630615234 
43.50019073486328 41.242401123046875 41.8289909362793 42.60518264770508 41.522464752197266 42.06310272216797 43.83363342285156 43.88444900512695 
50.44784164428711 46.24803161621094 47.595489501953125 49.348384857177734 47.82524871826172 49.67862319946289 47.96323013305664 47.61520004272461 
45.189918518066406 42.26668930053711 43.14643096923828 42.775390625 41.710174560546875 42.8328971862793 42.78633499145508 42.03843307495117 
50.16172790527344 48.43948745727539 47.789695739746094 48.4183349609375 48.72243118286133 47.45296096801758 48.54838562011719 48.43734359741211 
44.896671295166016 41.81020736694336 41.59356689453125 41.90614318847656 41.65513610839844 40.83919906616211 43.565696716308594 43.043521881103516 
103.10829162597656 102.67059326171875 99.54297637939453 105.09107208251953 102.74755096435547 102.71190643310547 104.84134674072266 104.64524841308594 
36.65459060668945 34.200958251953125 34.54387283325195 34.64451217651367 34.88582229614258 34.495361328125 34.498687744140625 34.011775970458984 
102.53123474121094 106.55187225341797 101.52998352050781 102.66944122314453 98.95999908447266 105.77436828613281 102.62095642089844 102.5610580444336 
36.912479400634766 34.705631256103516 34.22275161743164 34.447872161865234 34.7880973815918 34.68707275390625 34.72883224487305 33.97724914550781 
103.85670471191406 103.93046569824219 100.84451293945312 101.77881622314453 100.90780639648438 104.24451446533203 102.4889907836914 106.72230529785156 
37.06572723388672 34.834049224853516 34.99542236328125 34.459617614746094 34.368446350097656 34.33155059814453 34.62972640991211 34.05539321899414 
105.12572479248047 102.9801254272461 101.06476593017578 103.54156494140625 102.98223876953125 105.45308685302734 102.03734588623047 106.79363250732422 
35.756126403808594 33.954017639160156 34.6479377746582 34.209312438964844 34.49212646484375 33.89219284057617 33.993343353271484 34.0662727355957 
102.99561309814453 103.8960952758789 104.6131820678711 105.04752349853516 101.61695861816406 102.899169921875 102.23312377929688 104.43977355957031 
35.81644821166992 34.14588928222656 33.99033737182617 34.179969787597656 34.54556655883789 34.64595031738281 33.73148727416992 34.31238555908203 
104.52706909179688 103.32093048095703 103.4071044921875 103.87238311767578 105.0370864868164 105.95763397216797 102.50364685058594 102.9968032836914 
36.089569091796875 34.576961517333984 34.74051284790039 34.4567985534668 34.09846496582031 34.67724609375 34.662750244140625 34.86067199707031 
104.2286376953125 103.37062072753906 103.86370849609375 104.70735931396484 105.21923065185547 101.05465698242188 102.6871337890625 102.60578918457031 
36.21430587768555 34.45782470703125 33.789310455322266 34.33574295043945 33.678497314453125 34.57932662963867 34.30486297607422 34.709022521972656 
101.71097564697266 104.48556518554688 105.29827117919922 102.6322250366211 104.37142181396484 105.46607971191406 103.23417663574219 101.54057312011719 
37.5524787902832 34.113121032714844 33.99641418457031 34.54512023925781 33.7184944152832 34.59260940551758 33.72828674316406 34.45939254760742 
103.86243438720703 103.0021743774414 104.04310607910156 102.8307876586914 103.43856048583984 104.84031677246094 105.2011489868164 102.92265319824219 
37.05744171142578 34.78499221801758 34.336448669433594 34.37472152709961 33.72518539428711 34.60736083984375 34.719966888427734 34.30080032348633 
103.28822326660156 100.96249389648438 100.6533432006836 102.73216247558594 102.47020721435547 103.19709014892578 102.84652709960938 106.73721313476562 
36.10889434814453 34.34291076660156 34.6822395324707 34.636959075927734 34.55027389526367 34.40342330932617 34.35414505004883 34.393280029296875 
61.70636749267578 62.09983825683594 61.30825424194336 62.550750732421875 63.00035095214844 61.779327392578125 61.298336029052734 61.446014404296875 
62.60063934326172 60.50236892700195 61.979103088378906 61.270111083984375 62.725345611572266 62.66012954711914 61.926910400390625 63.08339309692383 
63.29542541503906 62.00979232788086 62.48489761352539 62.61820983886719 61.220577239990234 62.96672058105469 62.6544303894043 61.38614273071289 
61.82227325439453 62.704158782958984 61.63875198364258 62.790016174316406 62.54278564453125 61.31206512451172 62.07289505004883 61.571136474609375 
61.901248931884766 62.913536071777344 62.149505615234375 62.67299270629883 60.87507247924805 61.48713684082031 62.208030700683594 62.05331039428711 
61.8809928894043 60.92380905151367 61.89116668701172 61.72275161743164 61.38995361328125 62.28521728515625 61.98175811767578 61.40873718261719 
62.192832946777344 61.541439056396484 60.702239990234375 61.26230239868164 62.753055572509766 63.83951950073242 63.64089584350586 61.70220947265625 
62.67884826660156 62.0145263671875 61.80335998535156 62.56227111816406 61.72627258300781 61.551937103271484 62.82118225097656 62.658878326416016 
63.07487869262695 61.18150329589844 62.41273498535156 61.50627136230469 62.28022384643555 62.003360748291016 61.55459213256836 63.111934661865234 
63.2334098815918 62.037696838378906 62.00028610229492 62.599327087402344 61.39686584472656 62.59667205810547 62.529598236083984 61.25856018066406 
109.26569366455078 108.2224349975586 111.66400146484375 111.55567932128906 107.54950714111328 109.8345947265625 109.92253112792969 109.34870147705078 
56.26780700683594 53.021759033203125 56.073665618896484 55.76454544067383 55.33881759643555 55.605281829833984 54.609344482421875 56.316734313964844 
109.40528106689453 105.22627258300781 110.86614227294922 110.89628601074219 111.47593688964844 106.59855651855469 109.93891143798828 110.77574157714844 
55.53324890136719 54.69388961791992 54.64012908935547 54.22681427001953 54.51318359375 53.989505767822266 53.721343994140625 54.27881622314453 
109.49276733398438 110.7044448852539 111.26982116699219 107.47154998779297 110.46332550048828 112.70428466796875 109.33229064941406 108.47917175292969 
55.66873550415039 55.63078308105469 55.22166442871094 55.1646728515625 54.92639923095703 54.432830810546875 55.24371337890625 53.22857666015625 
110.06269073486328 111.28201293945312 109.76764678955078 108.63324737548828 110.19353485107422 112.3954849243164 108.29740905761719 109.81427001953125 
56.26502227783203 53.79244613647461 53.94899368286133 53.59564971923828 54.21046447753906 53.899105072021484 55.3548469543457 55.025535583496094 
107.8371810913086 111.0513916015625 111.662109375 108.00406646728516 108.44982147216797 113.50550079345703 111.63775634765625 106.97734069824219 
56.047550201416016 53.83647918701172 55.87299346923828 55.16892623901367 55.402366638183594 55.722591400146484 53.3985595703125 56.67030334472656 
108.87369537353516 109.42594909667969 111.96112060546875 106.35030364990234 109.7685775756836 110.2892837524414 108.77830505371094 109.66105651855469 
57.096031188964844 54.77695846557617 56.13631820678711 53.94281768798828 55.53696060180664 53.812286376953125 54.61820983886719 56.353759765625 
109.07852935791016 111.43449401855469 109.87769317626953 108.83321380615234 109.44780731201172 110.25881958007812 106.8006362915039 109.39949035644531 
54.65081787109375 53.98236846923828 54.118656158447266 54.471073150634766 54.92156982421875 53.59894561767578 55.17168045043945 55.66307067871094 
109.88674926757812 105.96125030517578 113.47948455810547 110.7410888671875 110.02291107177734 107.7353286743164 110.02547454833984 108.49394989013672 
56.41596984863281 55.65097427368164 55.082366943359375 55.493377685546875 55.61084747314453 55.50147247314453 53.43247985839844 56.042816162109375 
110.1251220703125 111.30815887451172 110.64527893066406 108.91299438476562 111.06781005859375 110.24838256835938 108.44950103759766 108.51219177246094 
56.508609771728516 52.90719985961914 56.290016174316406 55.6973762512207 55.295169830322266 55.425697326660156 55.02937698364258 56.65327835083008 
108.46784210205078 110.71702575683594 110.90374755859375 108.79170989990234 110.19229125976562 108.29821014404297 108.45791625976562 110.00902557373047 
56.73411178588867 53.85219192504883 54.52249526977539 52.20640182495117 55.174720764160156 54.25004959106445 55.53007888793945 55.71184158325195 
81.8304672241211 84.04255676269531 84.26652526855469 84.62335968017578 83.74066925048828 83.85590362548828 81.90399932861328 83.2936019897461 
35.77334213256836 32.71510314941406 32.96207809448242 33.07148742675781 32.115840911865234 32.73331069946289 32.789119720458984 32.82556915283203 
83.35718536376953 80.73088073730469 84.94124603271484 86.53526306152344 84.17449951171875 84.15779113769531 84.30364990234375 81.89641571044922 
35.637760162353516 32.75155258178711 32.44668960571289 32.964927673339844 32.476863861083984 32.10540771484375 32.45248031616211 32.81059265136719 
83.15878295898438 85.31865692138672 82.55462646484375 81.04198455810547 84.5261459350586 84.97952270507812 86.73401641845703 81.7899169921875 
37.93183898925781 32.579776763916016 32.83628845214844 33.02560043334961 32.94131088256836 32.70521545410156 33.057823181152344 32.78646469116211 
85.29058837890625 82.93267059326172 82.1884765625 82.33309173583984 84.0040283203125 85.62483215332031 84.5646743774414 83.52899169921875 
36.68239974975586 32.48227310180664 32.81478500366211 32.921409606933594 32.30006408691406 32.685630798339844 32.55379104614258 32.980350494384766 
84.49161529541016 84.8763198852539 82.87216186523438 81.28217315673828 83.50895690917969 84.87423706054688 85.56924438476562 82.92758178710938 
35.72623825073242 32.627296447753906 32.523807525634766 32.46063995361328 32.87392044067383 32.88111877441406 33.25279998779297 32.43689727783203 
82.20633697509766 83.45651245117188 82.69324493408203 85.94009399414062 84.02217864990234 83.79177856445312 84.81702423095703 84.18544006347656 
34.32844924926758 33.11337661743164 33.10201644897461 33.11830520629883 32.78870391845703 33.215423583984375 32.78230285644531 33.154720306396484 
84.39360046386719 83.85065460205078 81.3114242553711 81.89421081542969 82.10118103027344 84.47164916992188 86.25981140136719 82.636962890625 
35.693214416503906 32.96316909790039 32.13689422607422 32.22550582885742 32.38479995727539 32.68608093261719 32.25120162963867 32.731422424316406 
84.4557113647461 82.00326538085938 83.37942504882812 81.8075180053711 82.2429428100586 84.10636901855469 84.8592300415039 85.48489379882812 
36.392478942871094 32.942623138427734 32.84483337402344 32.6943359375 32.33193588256836 32.32915115356445 32.313568115234375 32.384639739990234 
84.8545913696289 84.47510528564453 84.84579467773438 85.02674865722656 83.29529571533203 83.5083236694336 81.63593292236328 81.69856262207031 
34.67871856689453 32.4266242980957 32.2740478515625 32.113502502441406 32.49456024169922 32.457664489746094 32.46992111206055 32.38876724243164 
83.02505493164062 84.27792358398438 83.0269775390625 85.20035552978516 81.35049438476562 85.43036651611328 86.19805145263672 80.13865661621094 
35.36656188964844 32.81187057495117 32.057952880859375 32.71603012084961 32.43254470825195 32.82640075683594 32.247520446777344 33.000545501708984 
74.54137420654297 75.63081359863281 71.92326354980469 73.974365234375 71.88246154785156 75.70326232910156 73.68994903564453 74.62684631347656 
73.31382751464844 73.65795135498047 71.79933166503906 75.21065521240234 72.32230377197266 75.46553802490234 74.47065734863281 75.13910675048828 
73.31056213378906 73.06969451904297 74.06822204589844 73.2507553100586 74.78025817871094 74.47388458251953 72.71087646484375 75.34272003173828 
73.59913635253906 72.06448364257812 75.2423324584961 72.17212677001953 73.06527709960938 74.28630065917969 74.3490219116211 75.52009582519531 
73.72819519042969 72.75865936279297 75.11817932128906 74.4606704711914 73.41088104248047 74.23980712890625 73.31526184082031 74.9228515625 
72.70178985595703 74.17772674560547 74.44445037841797 74.66822052001953 74.480224609375 74.8554916381836 73.7795181274414 72.77222442626953 
73.02537536621094 74.69602966308594 72.02783966064453 76.34870147705078 73.05244445800781 74.2070083618164 73.24508666992188 73.74201965332031 
74.1990737915039 73.60307312011719 73.37478637695312 74.31670379638672 75.2933120727539 72.70915222167969 74.30038452148438 74.40812683105469 
75.65481567382812 74.16617584228516 75.6467514038086 73.35382080078125 72.93782043457031 73.47138977050781 73.79859161376953 74.7462387084961 
73.0599365234375 72.5921630859375 73.22029113769531 73.710205078125 71.66105651855469 74.82179260253906 73.20333099365234 75.04914855957031 
86.33634948730469 89.21289825439453 85.72268676757812 85.01837158203125 87.88304138183594 87.86793518066406 85.99282836914062 84.79779052734375 
57.97999954223633 44.125728607177734 37.26428985595703 37.739070892333984 36.86198425292969 37.68368148803711 37.83523178100586 38.10588836669922 
87.45231628417969 88.53587341308594 85.86573028564453 86.35887908935547 88.12815856933594 88.90406036376953 88.21548461914062 83.95145416259766 
58.062686920166016 43.31654357910156 37.867454528808594 37.241249084472656 37.784385681152344 37.091678619384766 37.5145263671875 37.81340789794922 
85.78192138671875 86.3873291015625 87.91741180419922 87.46326446533203 86.8358383178711 87.33740997314453 86.24806213378906 85.24205017089844 
57.980224609375 44.13836669921875 36.564449310302734 37.01510238647461 37.63596725463867 37.204734802246094 37.77107238769531 37.602783203125 
88.07353973388672 86.37583923339844 85.90815734863281 85.82745361328125 87.72688293457031 87.73846435546875 88.26656341552734 87.72710418701172 
57.92387390136719 43.221343994140625 36.36275100708008 37.76918411254883 36.897342681884766 37.36867141723633 37.08732986450195 36.7907829284668 
85.37184143066406 82.74169921875 85.74454498291016 86.68246459960938 88.77378845214844 85.32892608642578 88.07273864746094 87.7232666015625 
58.05023956298828 44.18534469604492 36.69792175292969 36.81167984008789 36.196449279785156 37.747520446777344 37.5909423828125 37.831966400146484 
85.9016342163086 86.5549087524414 87.07087707519531 88.25218963623047 88.14002990722656 87.49622344970703 86.80790710449219 86.40211486816406 
58.106815338134766 44.214271545410156 36.7239990234375 36.60678482055664 37.615360260009766 37.87692642211914 37.8873291015625 37.91932678222656 
87.9909439086914 88.4090576171875 85.07734680175781 86.02114868164062 84.74950408935547 88.34489440917969 88.19065856933594 83.99359893798828 
57.91462326049805 43.56880187988281 37.772544860839844 37.925376892089844 37.6644172668457 37.232704162597656 37.59065628051758 38.168033599853516 
87.17842864990234 84.26716613769531 86.66041564941406 87.333984375 85.14566040039062 86.65734100341797 87.63215637207031 89.5591049194336 
58.03084945678711 44.379329681396484 37.32851028442383 37.00147247314453 37.50716781616211 37.873985290527344 37.12156677246094 37.75145721435547 
87.6455078125 88.0726089477539 87.28438568115234 85.67772674560547 84.58460998535156 87.36457824707031 89.88082885742188 88.56195068359375 
57.98918533325195 43.42060852050781 37.78937530517578 37.283870697021484 38.12483215332031 36.88246536254883 37.72982406616211 37.87763214111328 
86.07078552246094 87.23155212402344 89.22553253173828 86.85008239746094 84.67862701416016 86.81462097167969 86.7194595336914 87.12445068359375 
58.11296081542969 43.18204879760742 37.49977493286133 37.94889450073242 37.752288818359375 37.934654235839844 37.21161651611328 36.73174285888672 
67.2576675415039 67.48521423339844 66.41986846923828 62.56060791015625 66.91478729248047 66.54557037353516 62.90745544433594 68.58236694335938 
57.25983810424805 53.125823974609375 54.86991882324219 55.234336853027344 54.8460807800293 55.02531051635742 55.23980712890625 55.24358367919922 
67.13046264648438 68.27155303955078 68.36521911621094 65.26416015625 66.12710571289062 67.35469055175781 66.17081451416016 66.57027435302734 
55.97315216064453 56.578529357910156 54.07843017578125 55.88243103027344 55.43449783325195 54.46758270263672 56.4857292175293 55.88819122314453 
68.68096160888672 66.52796936035156 62.66227340698242 68.91180419921875 68.5091552734375 67.05184173583984 66.04268646240234 67.31692504882812 
58.2322883605957 53.62223815917969 55.37936019897461 52.49593734741211 55.57408142089844 55.38467025756836 54.2762565612793 55.72297668457031 
67.01347351074219 65.0898208618164 68.62064361572266 68.35529327392578 67.51315307617188 66.46915435791016 66.92639923095703 68.2081298828125 
55.856990814208984 52.550880432128906 55.3579216003418 54.99622344970703 55.66828918457031 55.630367279052734 54.09743881225586 56.38105773925781 
68.72566223144531 68.21263885498047 67.09516906738281 66.72684478759766 67.84480285644531 64.89606475830078 66.4814682006836 66.39350128173828 
58.09920120239258 54.001953125 54.9587516784668 55.24825668334961 54.50844955444336 56.86764907836914 53.7894401550293 55.97283172607422 
68.11344146728516 66.92736053466797 66.01254272460938 67.45069122314453 67.60771179199219 66.52355194091797 65.82864379882812 66.47138977050781 
57.10784149169922 55.07564926147461 55.88956832885742 53.69734573364258 54.963294982910156 55.304832458496094 54.755550384521484 55.21446228027344 
68.67469024658203 64.1905288696289 67.3344955444336 66.05628967285156 65.47984313964844 66.65491485595703 66.90354919433594 65.48560333251953 
56.89440155029297 53.655521392822266 55.14944076538086 54.72796630859375 55.70991897583008 55.4310417175293 56.10403060913086 56.15779113769531 
67.09712219238281 65.93504333496094 66.0113296508789 67.32742309570312 68.6833267211914 68.77497863769531 66.58306884765625 66.04460906982422 
57.06524658203125 53.25404739379883 55.34035110473633 56.100990295410156 55.686302185058594 55.719200134277344 54.92892837524414 53.87974548339844 
68.3821792602539 66.74486541748047 66.35206604003906 67.59977722167969 67.5143051147461 66.68498992919922 65.46883392333984 67.06192016601562 
58.59823989868164 54.66038513183594 56.663230895996094 56.23222351074219 55.874046325683594 55.58726501464844 54.5524787902832 56.12611389160156 
65.94780731201172 65.7076187133789 67.68624114990234 66.35491180419922 65.57244873046875 67.7508773803711 67.05177307128906 65.91900634765625 
57.221439361572266 52.625022888183594 55.68489456176758 55.8403205871582 55.47350311279297 54.57440185546875 56.119136810302734 56.63836669921875 
79.54812622070312 76.95420837402344 76.7261734008789 76.8249282836914 77.46733093261719 78.19014739990234 77.45008087158203 76.8802261352539 
50.187774658203125 46.3416633605957 45.63536071777344 46.99420928955078 45.90524673461914 46.4249267578125 47.07603073120117 45.511295318603516 
78.0979232788086 77.21331024169922 77.82422637939453 75.85215759277344 77.11689758300781 78.55888366699219 77.36723327636719 78.71161651611328 
49.66582489013672 45.84688186645508 46.17084884643555 46.61382293701172 46.2790412902832 45.9824333190918 45.70809555053711 46.86115264892578 
77.97952270507812 75.88019561767578 78.4900131225586 76.43974304199219 76.5376968383789 77.25312042236328 75.63890838623047 78.4521255493164 
50.52470397949219 45.47328186035156 47.044158935546875 46.39379119873047 47.040897369384766 45.39116668701172 46.16320037841797 47.093406677246094 
80.65811157226562 76.99696350097656 78.3536605834961 76.8686752319336 75.90480041503906 78.21017456054688 77.08796691894531 75.29459381103516 
48.22895812988281 47.94937515258789 45.45500946044922 46.22959899902344 46.828704833984375 46.5186882019043 45.604705810546875 45.29452896118164 
79.16349029541016 75.79151916503906 75.75984191894531 75.75110626220703 77.78121948242188 77.31171417236328 77.94608306884766 77.64611053466797 
48.651615142822266 45.62160110473633 47.14147186279297 46.07737731933594 45.82352066040039 46.574623107910156 45.8502082824707 45.575233459472656 
78.2305908203125 77.06297302246094 77.09833526611328 75.96125030517578 78.67830657958984 76.58112335205078 76.7831039428711 76.80274963378906 
49.68928146362305 45.56915283203125 45.71779251098633 47.58403015136719 45.93062210083008 46.981632232666016 45.7913932800293 46.82697677612305 
78.21568298339844 75.68323516845703 76.35359954833984 77.43180847167969 75.9372787475586 74.10985565185547 77.5018539428711 77.2805404663086 
48.90787124633789 45.96870422363281 46.991966247558594 45.51715087890625 46.8535041809082 45.95420837402344 44.928287506103516 47.964481353759766 
76.0420150756836 76.21001434326172 76.70899200439453 78.14403533935547 77.62614440917969 77.51628875732422 76.48505401611328 77.51286315917969 
51.66950225830078 45.884254455566406 45.805728912353516 46.91923141479492 45.98320007324219 46.56800079345703 46.82457733154297 46.18761444091797 
75.6493148803711 78.66825866699219 74.41075134277344 78.20285034179688 76.75859069824219 78.63619232177734 76.78489685058594 77.41027069091797 
49.47955322265625 45.56697463989258 45.286590576171875 46.700958251953125 46.20579147338867 47.29404830932617 46.03696060180664 47.06969451904297 
79.03727722167969 76.92259216308594 76.52095794677734 75.26627349853516 77.62249755859375 76.13513946533203 78.52470397949219 76.03257751464844 
50.432926177978516 45.99955368041992 46.829856872558594 46.83977508544922 45.86582565307617 47.02259063720703 45.93983840942383 45.319007873535156 
97.70358276367188 99.5054702758789 97.38211059570312 98.18486022949219 96.88025665283203 97.5440673828125 98.1032943725586 96.6220474243164 
46.8996467590332 43.921600341796875 45.16764831542969 45.718177795410156 44.22169494628906 45.29801559448242 45.30160140991211 44.18627166748047 
98.39363098144531 100.85327911376953 100.297119140625 99.50953674316406 99.84278106689453 99.03033447265625 101.22396850585938 100.56604766845703 
48.191104888916016 44.15180969238281 45.363040924072266 46.38217544555664 44.31039810180664 45.01820755004883 45.90166473388672 44.31875228881836 
97.06505584716797 98.27101135253906 95.69932556152344 100.55980682373047 96.9062728881836 97.3223648071289 98.07520294189453 96.99740600585938 
47.444671630859375 45.340511322021484 45.36275100708008 46.10121536254883 44.7193603515625 45.24278259277344 45.82620620727539 44.305503845214844 
99.30582427978516 100.52857971191406 98.52572631835938 101.04195404052734 98.63542175292969 100.01423645019531 100.42377471923828 98.98521423339844 
47.8955192565918 45.65990447998047 45.21267318725586 46.051326751708984 44.73091125488281 45.34425735473633 44.52169418334961 44.30601501464844 
97.72089385986328 96.7732162475586 96.04998779296875 98.9485092163086 98.47401428222656 99.31990051269531 98.49247741699219 98.95417785644531 
46.811649322509766 45.05321502685547 44.308929443359375 43.97001647949219 44.46227264404297 45.58601760864258 45.65340805053711 44.66940689086914 
98.95439910888672 100.5742416381836 98.74454498291016 100.082275390625 100.79612731933594 98.14534759521484 100.93917083740234 98.92979431152344 
46.92438507080078 44.4463996887207 45.1080322265625 45.71836853027344 44.53315353393555 46.0148811340332 45.557952880859375 45.208065032958984 
97.5621109008789 100.49212646484375 99.82653045654297 98.90579223632812 100.19184112548828 98.90914916992188 99.74822235107422 100.20124816894531 
45.371009826660156 44.98534393310547 44.596641540527344 44.56972885131836 45.92281723022461 44.09782409667969 44.371551513671875 45.62803268432617 
98.79779052734375 99.03923034667969 97.7105941772461 97.59667205810547 99.31673431396484 98.77609252929688 99.7537612915039 97.96288299560547 
47.37507247924805 44.50515365600586 45.71238327026367 45.61318588256836 44.731040954589844 46.03247833251953 45.58787155151367 45.188255310058594 
100.03654479980469 99.2871322631836 100.86326599121094 99.20320129394531 98.89513397216797 100.02806091308594 95.88719940185547 101.26252746582031 
46.14131164550781 44.50940704345703 45.38035202026367 44.1952018737793 43.747230529785156 45.86131286621094 44.66534423828125 44.9931526184082 
97.64876556396484 98.8716812133789 96.48313903808594 98.61583709716797 98.60160064697266 97.47196960449219 100.73113250732422 99.03715515136719 
47.10704040527344 45.09113693237305 45.87376022338867 43.618751525878906 44.91936111450195 45.89801788330078 44.614654541015625 44.94025421142578 
118.73177337646484 119.97532653808594 121.10073852539062 118.50569915771484 118.45769500732422 123.32809448242188 116.27839660644531 121.30828857421875 
59.82432174682617 56.12723159790039 57.00028610229492 56.90755081176758 57.91209411621094 58.17299270629883 56.771968841552734 57.59686279296875 
117.93904113769531 121.68822479248047 118.39459228515625 121.0289306640625 120.49049377441406 120.94461059570312 119.5469741821289 116.766845703125 
58.506080627441406 57.30259323120117 58.75302505493164 57.50495910644531 56.59571075439453 57.48348617553711 57.199710845947266 59.405216217041016 
118.82649230957031 117.5730209350586 125.07430267333984 121.33516693115234 114.93158721923828 120.80118560791016 117.28844451904297 118.0176010131836 
58.71971130371094 58.31043243408203 58.59151840209961 58.60067367553711 57.37027359008789 57.75302505493164 58.55168151855469 58.233375549316406 
118.71475219726562 119.09235382080078 120.81951904296875 119.32428741455078 119.51548767089844 119.32211303710938 118.17558288574219 121.49407958984375 
58.86345672607422 56.35414505004883 57.00342559814453 56.51737594604492 57.46470260620117 58.698272705078125 58.27715301513672 57.29084777832031 
118.96275329589844 118.159423828125 121.5199966430664 122.78864288330078 121.45356750488281 119.26678466796875 120.15840148925781 119.77699279785156 
58.83513641357422 58.00646209716797 59.85289764404297 57.17695999145508 55.348575592041016 56.61945724487305 58.1952018737793 58.919681549072266 
118.18876647949219 117.45833587646484 118.85369873046875 117.06428527832031 118.39244842529297 115.9393310546875 118.81494140625 119.94044494628906 
57.96371078491211 56.11471939086914 57.7940788269043 58.33273696899414 58.517887115478516 57.382911682128906 56.33440017700195 57.581153869628906 
118.6308822631836 118.15666961669922 118.18605041503906 120.70377349853516 117.26886749267578 120.3358383178711 121.94416046142578 121.01628875732422 
59.65446472167969 56.387454986572266 57.3507194519043 56.65193557739258 57.03392028808594 58.07350540161133 58.993953704833984 57.741153717041016 
117.93183898925781 121.4777603149414 117.98774719238281 119.35577392578125 118.09391784667969 119.51618957519531 121.74575805664062 119.7471694946289 
59.519649505615234 58.03424072265625 58.965728759765625 58.198814392089844 56.76067352294922 57.53868865966797 58.768192291259766 56.411582946777344 
118.8631362915039 115.49849700927734 122.45286560058594 119.88870239257812 121.11532592773438 119.05375671386719 117.1779556274414 122.52227020263672 
59.14604949951172 58.6195182800293 57.7573127746582 56.551902770996094 56.86912155151367 57.600894927978516 57.80742263793945 58.963775634765625 
118.12812805175781 115.34870147705078 123.20982360839844 119.25852966308594 118.64383697509766 120.41295623779297 117.73766326904297 119.5231704711914 
58.22166442871094 57.58367919921875 58.39430236816406 58.24991989135742 57.16454315185547 56.63017654418945 57.785728454589844 59.00729751586914 
111.9955825805664 109.79267120361328 110.50665283203125 108.62493133544922 113.0116195678711 111.90764617919922 109.21347045898438 110.58403015136719 
46.923614501953125 42.830078125 43.37923049926758 43.011966705322266 42.72012710571289 43.426815032958984 44.52275085449219 43.34751892089844 
111.39065551757812 110.6009292602539 109.75823974609375 110.8946533203125 109.37635040283203 110.91161346435547 110.71343994140625 110.01996612548828 
46.406463623046875 43.0115852355957 43.99283218383789 41.84726333618164 43.38963317871094 43.52355194091797 43.90137481689453 43.760353088378906 
113.13072204589844 111.69452667236328 109.00032043457031 110.40223693847656 109.5396499633789 115.49238586425781 111.86608123779297 107.77983856201172 
46.09027099609375 43.28025436401367 42.803680419921875 42.48387145996094 43.38569641113281 44.4271354675293 44.4716796875 42.69171142578125 
109.78050994873047 109.10428619384766 110.92912292480469 108.4334716796875 112.66448211669922 106.3694076538086 113.40191650390625 110.63660430908203 
45.996097564697266 44.40140914916992 44.324832916259766 42.6258544921875 43.34515380859375 43.297279357910156 43.64777755737305 42.88041687011719 
108.34419250488281 112.74937438964844 110.21619415283203 110.29071807861328 109.87193298339844 112.05104064941406 112.33805084228516 108.93116760253906 
46.833152770996094 43.26300811767578 43.41980743408203 43.52396774291992 44.41727828979492 43.47689437866211 42.023040771484375 43.4354248046875 
112.21881866455078 111.16598510742188 113.9994888305664 110.9747543334961 110.23318481445312 111.43961334228516 112.33081817626953 109.06755065917969 
44.788543701171875 42.71299362182617 43.1014404296875 44.7694091796875 44.02851104736328 41.699649810791016 43.144447326660156 43.4315185546875 
111.3267822265625 110.90512084960938 109.53695678710938 110.66963195800781 110.80172729492188 111.18080139160156 109.72086334228516 110.96195220947266 
46.64652633666992 42.540321350097656 43.37948989868164 44.47129440307617 43.17875289916992 43.346561431884766 43.88460922241211 43.02937698364258 
110.9865951538086 109.42374420166016 110.62761688232422 110.36978912353516 109.11331176757812 110.34867095947266 109.86239624023438 112.37561798095703 
45.13187026977539 43.21235275268555 42.22556686401367 43.2696647644043 44.01990509033203 42.87980651855469 44.26300811767578 43.48316955566406 
108.23484802246094 111.68547058105469 111.36601257324219 112.3551025390625 108.95404815673828 109.93478393554688 110.84425354003906 112.8061752319336 
46.8256950378418 42.91360092163086 43.67379379272461 42.89059066772461 43.83769607543945 44.22092819213867 42.9766731262207 43.25136184692383 
108.15129852294922 108.16706848144531 110.79583740234375 109.0709457397461 111.39183807373047 110.80684661865234 108.61885070800781 108.22694396972656 
45.046817779541016 43.373985290527344 44.248191833496094 43.83065414428711 42.502113342285156 42.847808837890625 43.3636474609375 42.95977783203125 
54.98543930053711 53.59782409667969 54.8359375 53.95811080932617 53.69305419921875 53.55411148071289 53.86323165893555 54.194942474365234 
54.73487854003906 55.06131362915039 54.39779281616211 54.44761657714844 55.005313873291016 54.09494400024414 55.41689682006836 54.903297424316406 
54.93907165527344 54.61705780029297 55.10831832885742 53.57139205932617 52.7474250793457 54.68467330932617 54.14476776123047 53.76822280883789 
55.54608154296875 55.32060623168945 54.372928619384766 54.318782806396484 53.315582275390625 54.47020721435547 53.73807907104492 53.566463470458984 
54.17203140258789 54.96736145019531 54.79676818847656 54.57030487060547 53.449440002441406 53.45484924316406 55.104671478271484 55.4268798828125 
53.01424026489258 53.241214752197266 53.342689514160156 53.687904357910156 53.74201583862305 53.67331314086914 53.48767852783203 53.67059326171875 
54.94121551513672 53.98329544067383 55.78335952758789 55.04899215698242 55.14787292480469 54.773983001708984 53.87644958496094 54.21699142456055 
55.31379318237305 53.681888580322266 55.35696029663086 54.56905746459961 54.687583923339844 54.197471618652344 53.32854461669922 54.72748947143555 
55.13907241821289 51.82896041870117 53.428287506103516 53.39494323730469 53.2542724609375 53.80815887451172 53.45014572143555 53.62051010131836 
54.823326110839844 55.038944244384766 54.00137710571289 54.673439025878906 54.05683135986328 53.166015625 53.37593460083008 54.10771179199219 
100.97711944580078 97.05203247070312 102.3496322631836 96.93548583984375 100.62617492675781 101.51315307617188 98.88419342041016 99.89385223388672 
61.39625549316406 36.589759826660156 28.155935287475586 28.55392074584961 28.293439865112305 29.394912719726562 29.13590431213379 28.8656005859375 
100.98185729980469 100.20547485351562 102.80883026123047 102.24575805664062 102.50540924072266 99.98979187011719 97.82498931884766 100.9384994506836 
55.60451126098633 36.17881774902344 27.745344161987305 28.289567947387695 28.71107292175293 28.821760177612305 28.579904556274414 28.590560913085938 
99.74050903320312 97.3614730834961 99.96745300292969 100.36547088623047 98.29174041748047 101.32249450683594 98.85740661621094 100.14173126220703 
53.18073654174805 36.548545837402344 27.750944137573242 28.457120895385742 28.74131202697754 28.615455627441406 28.888896942138672 28.64860725402832 
99.42473602294922 100.23875427246094 98.65318298339844 101.21202850341797 99.12384033203125 101.1619873046875 99.90438079833984 99.45337677001953 
54.75791931152344 33.1416015625 28.059616088867188 28.73798370361328 29.034591674804688 28.765888214111328 28.6759033203125 28.446239471435547 
98.9444808959961 100.63504028320312 99.90930938720703 99.48941040039062 100.65347290039062 98.91744232177734 101.36412811279297 99.43382263183594 
61.708961486816406 36.5404167175293 28.393280029296875 29.04400062561035 29.312671661376953 28.70083236694336 28.601247787475586 28.72812843322754 
100.59539031982422 101.36466979980469 99.56364440917969 99.21619415283203 100.90409851074219 99.33888244628906 100.46153259277344 98.56829071044922 
55.30944061279297 36.89811325073242 28.362464904785156 29.113536834716797 28.653600692749023 28.660064697265625 28.300512313842773 28.655967712402344 
100.41798400878906 97.99763488769531 101.31107330322266 98.31110382080078 100.32134246826172 100.66006469726562 99.35628509521484 101.35897827148438 
61.36000061035156 36.96723175048828 28.06492805480957 28.459840774536133 28.597503662109375 28.58639907836914 28.217151641845703 28.153120040893555 
100.19270324707031 97.97417449951172 101.3504638671875 100.27289581298828 98.15676879882812 99.4296646118164 98.27808380126953 99.85887908935547 
55.078208923339844 36.38991928100586 27.940927505493164 28.666912078857422 29.151615142822266 28.78291130065918 28.635744094848633 28.28678321838379 
99.54198455810547 100.75590515136719 99.53997039794922 100.20499420166016 100.75599670410156 99.6960678100586 100.40179443359375 99.3340835571289 
55.416927337646484 36.323326110839844 28.365280151367188 29.170272827148438 28.462560653686523 28.58687973022461 28.527135848999023 28.698495864868164 
101.30547332763672 97.06256103515625 101.96614074707031 98.02371215820312 100.75984191894531 100.92733001708984 99.42768096923828 100.35673522949219 
54.90214538574219 36.90163040161133 27.685440063476562 29.120351791381836 28.675840377807617 28.53126335144043 28.422624588012695 28.504640579223633 
116.15062713623047 115.49407958984375 116.68150329589844 115.29427337646484 118.72144317626953 116.86089324951172 114.35906982421875 114.99411010742188 
58.22883224487305 43.2325439453125 36.58822250366211 36.62828826904297 36.244510650634766 36.452449798583984 36.283775329589844 36.357086181640625 
116.18876647949219 116.70832061767578 116.4287338256836 116.79830169677734 120.15193939208984 116.22876739501953 116.934814453125 114.55705261230469 
58.40816116333008 43.23369598388672 35.73619079589844 35.616127014160156 36.75734329223633 36.611328125 36.0753288269043 36.128353118896484 
115.0495376586914 115.49231719970703 116.11615753173828 114.90013122558594 111.99292755126953 116.5098876953125 117.08185577392578 116.58175659179688 
61.82720184326172 51.13657760620117 36.394046783447266 35.83388900756836 36.29612731933594 35.74652862548828 36.57497787475586 36.85615921020508 
117.26486206054688 116.7660140991211 115.41801452636719 116.16041564941406 115.2643814086914 116.06979370117188 117.06626892089844 117.01468658447266 
56.11174392700195 47.33504104614258 36.292545318603516 36.36092758178711 36.54719924926758 36.54719924926758 36.5096321105957 36.58099365234375 
115.74147033691406 115.55411529541016 114.70307159423828 116.69347381591797 112.04755401611328 120.47484588623047 116.1455078125 113.78988647460938 
74.84194946289062 46.67686462402344 35.67536163330078 36.430686950683594 36.08118438720703 36.46566390991211 36.02764892578125 36.5781135559082 
113.53421020507812 116.72492980957031 117.19676971435547 116.87769317626953 118.34086608886719 115.92623901367188 114.93011474609375 117.90070343017578 
57.60572814941406 58.245887756347656 35.64918518066406 35.40300750732422 36.44675064086914 36.39740753173828 36.64825439453125 35.7665901184082 
116.00774383544922 115.30178833007812 116.0032958984375 115.7161636352539 116.697021484375 118.34941101074219 116.72380828857422 115.18614196777344 
52.511775970458984 58.38854217529297 35.480735778808594 35.79155349731445 36.38652801513672 36.26182556152344 36.61881637573242 36.90483093261719 
115.6343002319336 118.46665954589844 117.21529388427734 115.04729461669922 115.79513549804688 116.30086517333984 114.05961608886719 119.98159790039062 
52.06924819946289 50.09443283081055 36.593631744384766 36.509857177734375 36.55788803100586 36.42390441894531 36.757728576660156 36.8757438659668 
116.31766510009766 115.3446044921875 118.26976013183594 116.42361450195312 111.84806060791016 120.96749114990234 117.44844818115234 113.9742431640625 
60.31961441040039 50.20070266723633 35.44790267944336 36.832096099853516 36.14860916137695 36.970977783203125 35.73267364501953 36.77494430541992 
116.57075500488281 115.79177856445312 115.9774398803711 114.32867431640625 117.50537872314453 116.62012481689453 118.21622467041016 116.21820831298828 
53.204830169677734 50.16252899169922 35.222591400146484 36.726593017578125 36.635009765625 36.666751861572266 36.04844665527344 36.0346565246582 
60.59449768066406 61.476863861083984 60.21558380126953 60.86159896850586 60.08108901977539 60.77036666870117 60.34672164916992 60.42777633666992 
59.6357421875 61.078208923339844 60.23369598388672 60.20915222167969 60.726593017578125 60.04512023925781 60.67059326171875 60.92550277709961 
60.121055603027344 59.4854736328125 61.850975036621094 58.98428726196289 61.80495834350586 61.118431091308594 60.62809753417969 59.52592086791992 
61.00707244873047 61.01696014404297 60.980960845947266 60.87740707397461 60.14828872680664 60.029151916503906 60.69456100463867 61.86764907836914 
60.18694305419922 61.53692626953125 61.048606872558594 60.758785247802734 60.92335891723633 60.46223831176758 61.26505661010742 60.01456069946289 
61.48767852783203 61.27824020385742 59.92812728881836 60.72041702270508 61.1446418762207 59.245567321777344 60.000606536865234 61.22137451171875 
59.584129333496094 58.21443176269531 60.50435256958008 60.24671936035156 61.10675048828125 63.48339080810547 60.93510437011719 59.799072265625 
59.51766586303711 59.528446197509766 61.851966857910156 61.787681579589844 60.487552642822266 61.01212692260742 59.74943923950195 60.66169738769531 
62.144256591796875 59.11625671386719 61.74649429321289 61.86608123779297 59.5978889465332 60.71955108642578 59.81350326538086 61.188385009765625 
60.604671478271484 60.572608947753906 61.15977478027344 60.76688003540039 61.0010871887207 61.66454315185547 61.08198547363281 59.783935546875 
66.0289306640625 66.06175994873047 67.15740966796875 68.2551040649414 67.69136047363281 66.81305694580078 67.16899108886719 66.63855743408203 
67.21043395996094 68.26060485839844 67.83238220214844 68.62786865234375 68.58844757080078 68.19967651367188 67.84172821044922 68.16067504882812 
67.80937957763672 67.4263687133789 65.3292465209961 67.73004913330078 67.85155487060547 66.5980453491211 68.1460189819336 69.53718566894531 
68.11065673828125 66.7327651977539 66.24825286865234 65.89046478271484 68.28781127929688 68.57212829589844 68.6717758178711 68.44818878173828 
67.16678619384766 67.84223937988281 64.69920349121094 68.42066955566406 68.01542663574219 67.17628479003906 65.9450912475586 66.30419158935547 
67.76387023925781 65.79942321777344 69.2185287475586 68.8371810913086 67.4332504272461 68.81670379638672 68.05007934570312 67.95193481445312 
65.9978256225586 66.7741470336914 66.04278564453125 67.45756530761719 67.23721313476562 64.07516479492188 66.79183959960938 68.4302749633789 
69.61587524414062 63.2751350402832 66.41728210449219 66.91465759277344 67.07062530517578 66.89810943603516 67.59910583496094 67.78377532958984 
69.06031799316406 67.98611450195312 66.66854095458984 66.72176361083984 66.6217269897461 67.6951675415039 67.07392120361328 67.83548736572266 
66.1145248413086 66.49769592285156 67.32259368896484 68.72589111328125 68.15907287597656 68.31078338623047 68.19283294677734 68.12406158447266 
65.16655731201172 64.41725158691406 63.7242546081543 65.3881607055664 64.52198028564453 65.0591049194336 64.20169830322266 63.990848541259766 
66.89529418945312 64.2946548461914 64.65161895751953 64.9125747680664 65.69213104248047 64.40898895263672 63.99327850341797 64.44646453857422 
63.893089294433594 64.05209350585938 66.49545288085938 65.48445129394531 65.16770935058594 64.49427032470703 64.4254379272461 65.1088638305664 
63.36547088623047 63.74620819091797 64.1514892578125 63.92367935180664 63.19014358520508 65.68726348876953 66.37894439697266 65.15929412841797 
64.00701141357422 65.70294189453125 64.74018859863281 64.77228546142578 64.19174194335938 65.02566528320312 65.26703643798828 65.25904083251953 
64.4109115600586 63.404415130615234 63.491294860839844 65.85273742675781 65.1830062866211 64.79468536376953 64.12889862060547 65.14739227294922 
65.23033905029297 64.95247650146484 63.31254577636719 65.00096130371094 64.69728088378906 63.93907165527344 64.36300659179688 65.99311828613281 
65.34992218017578 61.81305694580078 64.35078430175781 65.07491302490234 64.37548828125 63.582271575927734 65.40876770019531 64.14889526367188 
66.25068664550781 62.543582916259766 64.78803253173828 65.1343002319336 64.8515853881836 63.86492919921875 64.57411193847656 65.20623779296875 
63.80585479736328 65.3449935913086 65.31043243408203 64.78937530517578 63.83772659301758 64.08013153076172 65.13897705078125 65.19526672363281 
36.73487854003906 34.68463897705078 35.7704963684082 35.34521484375 35.025665283203125 35.29734420776367 35.23926544189453 35.850528717041016 
37.09814453125 35.198944091796875 34.9620475769043 35.25507354736328 35.878177642822266 35.44124984741211 35.19776153564453 34.87324905395508 
36.99379348754883 35.19091033935547 34.5816650390625 34.83212661743164 35.1710090637207 35.534305572509766 35.10646438598633 35.18598556518555 
36.83363342285156 35.40480041503906 34.73641586303711 34.751583099365234 35.5115852355957 35.359710693359375 34.53257751464844 35.76822280883789 
36.48668670654297 35.21043014526367 35.59385681152344 34.55820846557617 35.0230712890625 34.88140869140625 35.162559509277344 34.3955192565918 
36.6385612487793 34.19209671020508 34.68374252319336 35.684417724609375 35.17475128173828 35.0898551940918 35.5813102722168 35.714111328125 
36.87859344482422 35.494686126708984 34.828128814697266 35.28883361816406 34.75833511352539 35.71459197998047 35.42793655395508 35.45296096801758 
35.63475036621094 34.15951919555664 35.32463836669922 34.60393524169922 35.034305572509766 35.132896423339844 35.699710845947266 35.42652893066406 
36.823486328125 35.02537536621094 34.93366241455078 35.42959976196289 35.49532699584961 35.05315017700195 35.67695999145508 35.620670318603516 
36.02582550048828 35.14396667480469 34.843841552734375 34.745792388916016 34.70659255981445 35.3798713684082 34.76998519897461 35.855873107910156 
67.88365173339844 66.30508422851562 68.19849395751953 66.98028564453125 68.10809326171875 68.12809753417969 68.55782318115234 68.61824035644531 
67.47216033935547 67.8271713256836 68.50572967529297 65.83132934570312 68.07923126220703 68.8760986328125 68.32796478271484 67.88505554199219 
67.43859100341797 67.9750747680664 66.49846649169922 67.65593719482422 66.87602996826172 67.70172882080078 68.21279907226562 68.70531463623047 
66.20326232910156 67.57574462890625 67.69376373291016 66.0597152709961 68.05328369140625 67.77977752685547 68.56317138671875 69.29612731933594 
67.40214538574219 67.54761505126953 66.65875244140625 68.52617645263672 66.4590072631836 67.93270111083984 66.8637466430664 70.51222229003906 
67.41139221191406 64.75401306152344 67.48822021484375 67.93254089355469 68.12834930419922 67.3213119506836 68.10320281982422 68.72640228271484 
66.28851318359375 66.87987518310547 65.50982666015625 67.52124786376953 66.64729309082031 67.1812515258789 67.1671371459961 65.87152099609375 
67.62425231933594 67.11869049072266 66.68870544433594 67.2278060913086 65.77613067626953 68.1812515258789 67.19276428222656 65.49683380126953 
65.92256164550781 67.49954986572266 67.46902465820312 64.98313903808594 68.71846771240234 65.76566314697266 68.08902740478516 69.40573120117188 
68.29830169677734 65.74713897705078 67.99231719970703 68.37602996826172 67.58147430419922 67.35388946533203 67.34038543701172 71.50089263916016 
130.69017028808594 130.3360595703125 130.76141357421875 128.62570190429688 128.41769409179688 130.05250549316406 130.44557189941406 129.02525329589844 
88.49961853027344 57.648319244384766 55.73731231689453 54.29248046875 56.816864013671875 56.797950744628906 55.36640167236328 55.619102478027344 
127.7350082397461 130.29991149902344 129.46170043945312 129.84323120117188 130.44912719726562 130.88185119628906 127.35801696777344 127.00457763671875 
91.73423767089844 58.33891296386719 55.78995132446289 56.09270477294922 56.47273635864258 54.80934524536133 56.00697708129883 56.40118408203125 
127.70995330810547 128.6730194091797 130.2313232421875 128.11395263671875 131.5399932861328 129.14874267578125 130.1983642578125 130.93399047851562 
88.504638671875 59.641441345214844 56.45964813232422 56.431968688964844 56.07068634033203 57.16339111328125 56.34748840332031 56.12521743774414 
128.51942443847656 130.28236389160156 129.48687744140625 126.69427490234375 132.17401123046875 132.4758758544922 131.2677764892578 130.1234588623047 
86.74658966064453 60.789791107177734 55.66057586669922 55.18137741088867 57.220481872558594 56.874366760253906 56.567710876464844 56.09823989868164 
127.85939025878906 128.50384521484375 126.33650970458984 131.7360382080078 131.01654052734375 131.61244201660156 129.8560028076172 127.61190032958984 
89.8440933227539 58.92428970336914 56.928897857666016 55.29657745361328 55.572383880615234 56.654014587402344 51.88643264770508 57.45372772216797 
128.74099731445312 129.93568420410156 129.27880859375 131.4837188720703 128.31280517578125 130.93731689453125 128.24700927734375 130.6287078857422 
87.36054229736328 59.32076644897461 56.430686950683594 56.173343658447266 54.74275207519531 57.49545669555664 56.360862731933594 55.12623977661133 
128.88665771484375 129.4501495361328 129.8354949951172 128.6724090576172 133.5267791748047 129.5397491455078 133.7975616455078 128.92921447753906 
86.91506958007812 59.13875198364258 55.264671325683594 55.03123092651367 54.490238189697266 54.04326248168945 54.843231201171875 55.252384185791016 
130.42112731933594 131.3717498779297 131.8865203857422 129.74777221679688 128.8651885986328 131.3835906982422 128.69757080078125 130.82518005371094 
89.37126159667969 57.798240661621094 54.91769790649414 54.796382904052734 53.85996627807617 54.90537643432617 55.81903839111328 55.39814376831055 
128.72409057617188 128.31240844726562 130.33033752441406 130.59884643554688 128.99853515625 130.5610809326172 128.12042236328125 129.57257080078125 
90.25698852539062 61.30207824707031 56.34681701660156 56.53667068481445 55.54767990112305 57.94441604614258 56.4315185546875 55.89753723144531 
129.44204711914062 135.94058227539062 127.08882904052734 128.55113220214844 130.08323669433594 129.7295379638672 134.38304138183594 129.70620727539062 
89.8523178100586 58.9005126953125 52.98147201538086 53.9705924987793 55.509727478027344 55.16729736328125 54.981502532958984 54.59142303466797 
85.16748809814453 84.53395080566406 81.68409729003906 82.29334259033203 85.35574340820312 84.69084930419922 83.27581024169922 84.33302307128906 
58.199806213378906 43.46790313720703 37.63593673706055 37.96879959106445 37.13689422607422 37.94182586669922 37.4081916809082 38.60870361328125 
85.09407806396484 83.01465606689453 82.53833770751953 82.06377410888672 82.3786849975586 83.34841918945312 82.96441650390625 83.06988525390625 
58.12905502319336 43.9031982421875 37.62223815917969 38.01955032348633 37.05388641357422 36.546142578125 38.02169418334961 38.69068908691406 
84.1909408569336 83.904541015625 83.98531341552734 83.76976013183594 82.9178237915039 82.07481384277344 83.29058837890625 84.72351837158203 
58.604862213134766 44.067264556884766 37.3554573059082 37.957984924316406 37.073760986328125 38.245216369628906 38.40630340576172 38.65206527709961 
82.81712341308594 84.94812774658203 84.05411529541016 80.16633605957031 83.16460418701172 86.70006561279297 85.94355010986328 82.75475311279297 
58.21887969970703 42.531105041503906 37.6262092590332 38.644927978515625 38.41267013549805 38.42176055908203 38.173439025878906 38.14908981323242 
82.92105865478516 85.21135711669922 84.05203247070312 81.56777954101562 85.14470672607422 85.70764923095703 84.7393569946289 86.79414367675781 
58.126976013183594 42.63340759277344 37.73664093017578 38.18755340576172 38.14271926879883 38.3647346496582 37.76643371582031 37.99884796142578 
85.4942398071289 83.87763214111328 82.2784652709961 82.45062255859375 82.81574249267578 85.12870025634766 85.24524688720703 85.8252182006836 
58.07891082763672 43.2360954284668 37.55161666870117 37.970176696777344 38.03535842895508 37.271392822265625 37.988609313964844 38.3271369934082 
82.37097930908203 78.90601348876953 84.0167007446289 84.82892608642578 83.23616027832031 86.38771057128906 84.39759826660156 80.33958435058594 
58.19744110107422 43.09843063354492 37.805824279785156 38.13296127319336 37.78780746459961 36.73721694946289 38.35395050048828 38.399105072021484 
84.42486572265625 82.76921844482422 84.36428833007812 84.11366271972656 84.28307342529297 82.3361587524414 82.60243225097656 83.64927673339844 
58.231937408447266 42.76185607910156 37.658687591552734 38.38188934326172 38.176544189453125 37.92047882080078 38.0399055480957 37.6541748046875 
82.60928344726562 84.04185485839844 83.82077026367188 83.97718048095703 86.03119659423828 84.87142181396484 79.52729797363281 83.6899185180664 
58.2841911315918 43.19081497192383 37.67193603515625 38.59446334838867 37.96342468261719 37.602081298828125 36.67900848388672 36.838016510009766 
84.23843383789062 86.84992218017578 85.47376251220703 85.2155532836914 81.66556549072266 85.01020812988281 85.83404541015625 83.84355163574219 
57.994014739990234 42.84681701660156 37.54198455810547 37.33020782470703 37.213951110839844 38.70905685424805 38.49977493286133 38.301246643066406 
127.34031677246094 128.88983154296875 127.31394958496094 129.3011474609375 128.6143341064453 128.50784301757812 128.55616760253906 127.43606567382812 
62.8633918762207 45.259681701660156 40.3996467590332 40.0959358215332 40.403358459472656 39.720672607421875 38.94355010986328 39.551231384277344 
129.0831298828125 129.06903076171875 130.27818298339844 131.54281616210938 129.13034057617188 128.29574584960938 128.26214599609375 128.95408630371094 
59.521854400634766 46.246463775634766 39.79158401489258 39.66668701171875 39.963104248046875 39.974464416503906 40.097023010253906 39.69209671020508 
126.19395446777344 125.26127624511719 127.72077178955078 129.33261108398438 129.35008239746094 125.3243179321289 127.69344329833984 132.54290771484375 
59.9601936340332 46.72431945800781 39.52470397949219 39.742431640625 40.11628723144531 39.698177337646484 39.93987274169922 39.89763259887695 
125.62493133544922 128.63052368164062 127.64173126220703 128.23583984375 126.62281799316406 128.3219451904297 131.58102416992188 129.7288360595703 
59.6525764465332 42.508480072021484 38.73263931274414 40.46684646606445 40.284481048583984 40.38790512084961 40.42777633666992 38.92870330810547 
126.21532440185547 130.19241333007812 128.74307250976562 127.77027130126953 128.48927307128906 124.83174133300781 129.74546813964844 132.202392578125 
60.03535842895508 46.4804801940918 39.08992004394531 40.22166442871094 38.87091064453125 40.0781135559082 40.97760009765625 39.743839263916016 
128.4122314453125 128.28652954101562 131.15830993652344 130.15008544921875 130.13938903808594 129.074462890625 128.1541748046875 128.76441955566406 
74.96752166748047 44.027809143066406 39.673248291015625 40.40668869018555 40.21414566040039 40.30384063720703 40.326271057128906 39.73651123046875 
127.81734466552734 127.81948852539062 132.31228637695312 126.69273376464844 127.92301177978516 129.07203674316406 129.27078247070312 131.4376678466797 
58.509822845458984 46.000064849853516 38.40342330932617 40.23942565917969 40.27648162841797 40.6998405456543 40.435264587402344 38.941505432128906 
125.98553466796875 128.38230895996094 127.44220733642578 127.36150360107422 129.02047729492188 128.72271728515625 130.68124389648438 128.6709442138672 
59.19091033935547 46.08195114135742 39.91561508178711 39.90486526489258 40.04470443725586 39.3895378112793 40.300479888916016 40.30051040649414 
126.19795227050781 127.22102355957031 128.41690063476562 128.99856567382812 126.66111755371094 128.5720977783203 131.58560180664062 127.79539489746094 
60.43324661254883 46.41411209106445 38.098175048828125 40.459007263183594 40.251712799072266 39.51968002319336 40.21027374267578 40.163936614990234 
125.78688049316406 131.57212829589844 128.57449340820312 131.2557373046875 126.81171417236328 127.58489227294922 128.12489318847656 128.53964233398438 
59.6082878112793 42.499393463134766 38.86278533935547 40.47663879394531 40.43308639526367 40.43318557739258 40.4854736328125 39.44620895385742 
51.004737854003906 49.135040283203125 50.42473602294922 50.275455474853516 51.210113525390625 51.34912109375 50.97894287109375 51.45926284790039 
50.75721740722656 50.021854400634766 51.07628631591797 50.62355041503906 51.9760627746582 51.410465240478516 50.814430236816406 50.4496955871582 
49.87772750854492 51.42860794067383 51.187103271484375 50.69113540649414 50.49516677856445 50.10838317871094 51.1701774597168 51.58883285522461 
50.720191955566406 50.13199996948242 51.0577278137207 51.53334426879883 51.61820983886719 51.41743850708008 51.870304107666016 51.40486526489258 
50.74998474121094 51.24812698364258 51.120384216308594 51.369407653808594 50.47020721435547 50.64905548095703 51.34419250488281 51.639137268066406 
51.803871154785156 51.41328048706055 50.971519470214844 49.8961296081543 51.300865173339844 49.55897521972656 51.53411102294922 51.06844711303711 
52.17692947387695 51.43734359741211 51.47846221923828 50.80742263793945 50.532161712646484 51.66844940185547 51.591007232666016 51.358497619628906 
51.6445426940918 50.43708801269531 50.17705535888672 51.60870361328125 50.52646255493164 52.00038528442383 51.36454391479492 50.33273696899414 
51.34262466430664 48.924415588378906 51.336734771728516 51.37539291381836 51.64739227294922 51.13347244262695 50.65078353881836 49.74515151977539 
51.36707305908203 49.80729675292969 51.087615966796875 51.814945220947266 49.85478210449219 50.76172637939453 50.377567291259766 50.295326232910156 
126.46902465820312 130.17974853515625 128.91949462890625 132.22268676757812 124.25619506835938 127.54105377197266 128.70521545410156 128.79629516601562 
56.93859100341797 48.231998443603516 42.561344146728516 40.857696533203125 40.982398986816406 42.6181755065918 42.55331039428711 41.78144073486328 
127.88262176513672 124.1434555053711 130.63023376464844 128.1995849609375 128.589599609375 128.26707458496094 127.36870574951172 131.36904907226562 
55.8098258972168 48.09199905395508 41.38585662841797 41.89664077758789 42.27644729614258 43.058048248291016 41.46076965332031 42.663360595703125 
126.64816284179688 127.74121856689453 129.86550903320312 129.99501037597656 128.21629333496094 128.44940185546875 127.70047760009766 128.4578857421875 
57.498878479003906 47.79091262817383 42.2322883605957 41.460289001464844 41.4238395690918 42.396095275878906 42.41804885864258 42.2130241394043 
127.15913391113281 128.7025604248047 126.2903060913086 127.7874526977539 128.99407958984375 129.3480987548828 128.53439331054688 128.67401123046875 
56.76825714111328 48.40633773803711 41.5081901550293 42.835487365722656 41.671295166015625 42.567134857177734 41.570465087890625 41.6357421875 
128.27366638183594 127.58067321777344 128.6083526611328 127.40169525146484 125.82374572753906 131.93174743652344 126.32841491699219 128.10275268554688 
58.480289459228516 47.38947296142578 39.914337158203125 42.28227233886719 41.68409729003906 41.2760009765625 41.82227325439453 41.969886779785156 
127.91542053222656 128.94281005859375 127.24310302734375 127.66767883300781 127.4507827758789 129.25254821777344 128.8137969970703 126.42784118652344 
58.79606246948242 49.40086364746094 40.928897857666016 42.80307388305664 41.5261116027832 42.23004913330078 42.00896072387695 41.84377670288086 
126.6776351928711 127.23401641845703 126.79475402832031 128.09744262695312 127.93881225585938 128.4712677001953 130.65306091308594 127.27021026611328 
56.80380630493164 47.843265533447266 42.46355056762695 42.07583999633789 41.15875244140625 41.14527893066406 42.03724670410156 42.27859115600586 
125.6114273071289 128.51353454589844 128.332763671875 127.19725036621094 127.36358642578125 128.41209411621094 133.76934814453125 129.2560577392578 
57.021663665771484 46.401248931884766 40.08537673950195 42.53196716308594 41.439456939697266 40.348480224609375 41.81526565551758 42.36918258666992 
125.95410919189453 129.59619140625 128.99285888671875 133.4400634765625 125.12416076660156 127.63785552978516 127.63148498535156 128.56793212890625 
58.77004623413086 46.158241271972656 41.24486541748047 41.123008728027344 42.239681243896484 42.1058235168457 41.459041595458984 42.22304153442383 
125.94035339355469 124.54930877685547 127.49072265625 128.65516662597656 127.95849609375 124.7669448852539 127.53968048095703 131.81082153320312 
57.103553771972656 48.10300827026367 41.57545471191406 42.696800231933594 41.416961669921875 42.253822326660156 41.971839904785156 41.81417465209961 
57.44566345214844 57.000511169433594 57.0118408203125 55.767616271972656 55.57440185546875 56.79033660888672 58.127681732177734 56.207584381103516 
56.66032028198242 56.5931510925293 55.26396942138672 56.732479095458984 57.05215835571289 57.15798568725586 55.901119232177734 55.89823913574219 
57.535552978515625 55.18979263305664 55.745121002197266 56.870880126953125 57.48633575439453 57.16070556640625 55.89164733886719 55.274017333984375 
57.11270523071289 57.14652633666992 56.20102310180664 55.4202880859375 56.03984069824219 57.68195343017578 57.13132858276367 56.01116943359375 
56.49862289428711 56.86521530151367 56.566688537597656 56.69852828979492 55.02924728393555 56.087520599365234 56.931968688964844 57.405216217041016 
56.814369201660156 55.61507034301758 55.41414260864258 55.03203201293945 55.84428787231445 57.88835144042969 55.97225570678711 56.363807678222656 
58.38115310668945 58.061153411865234 56.36336135864258 56.005088806152344 56.90195083618164 56.52009582519531 57.67340850830078 55.63955307006836 
57.730369567871094 56.84492874145508 55.96662521362305 56.97452926635742 57.01753616333008 56.165374755859375 55.79743957519531 56.48179244995117 
57.691200256347656 57.02918243408203 55.7691535949707 56.75743865966797 57.19081497192383 56.45119857788086 56.53571319580078 56.19776153564453 
56.28291320800781 55.82659149169922 56.492576599121094 56.78553771972656 57.48556900024414 55.69731140136719 55.896446228027344 56.29151916503906 
60.56825637817383 61.75743865966797 61.400062561035156 62.158817291259766 62.408512115478516 61.37846374511719 61.546783447265625 60.928993225097656 
60.723358154296875 61.85123062133789 63.1187858581543 60.162208557128906 62.41987228393555 60.877662658691406 61.966880798339844 61.11164855957031 
61.55625534057617 60.95065689086914 62.04844665527344 62.0392951965332 61.468353271484375 61.83097457885742 60.88848114013672 61.79500961303711 
62.397857666015625 60.77094268798828 62.18588638305664 60.73788833618164 62.034400939941406 61.10460662841797 61.428958892822266 60.8430061340332 
62.138816833496094 60.965248107910156 61.07155227661133 60.574462890625 62.81660842895508 60.77558517456055 60.92678451538086 60.97203063964844 
61.41347122192383 61.267295837402344 61.20057678222656 61.49484634399414 60.654048919677734 61.112735748291016 61.121952056884766 62.3856315612793 
61.135135650634766 62.139808654785156 61.97516632080078 61.68601608276367 61.14022445678711 61.32204818725586 61.588417053222656 62.87625503540039 
61.93382263183594 60.38444900512695 60.22697448730469 63.29622268676758 62.68025588989258 60.868255615234375 62.35004806518555 60.89344024658203 
60.911006927490234 60.25894546508789 61.13100814819336 61.37116622924805 61.60111999511719 62.93916702270508 61.441471099853516 61.15052795410156 
60.76678466796875 61.63872146606445 60.52336120605469 62.9005126953125 61.200096130371094 62.14457702636719 61.19343948364258 62.204097747802734 
44.879966735839844 43.51875305175781 45.99350357055664 44.92121505737305 44.9251823425293 45.57177734375 44.847904205322266 46.184513092041016 
45.24428939819336 44.82441711425781 45.925697326660156 44.6426887512207 45.56233596801758 45.54307174682617 45.69420623779297 46.03055953979492 
45.137664794921875 44.51772689819336 45.81647872924805 45.08198547363281 45.65840148925781 45.81740951538086 45.279232025146484 46.15987014770508 
46.22252655029297 45.24537658691406 45.449886322021484 45.27312088012695 45.443328857421875 44.74614334106445 45.93695831298828 45.06524658203125 
45.97577667236328 45.776512145996094 45.565921783447266 46.3592643737793 45.46364974975586 45.44160079956055 45.6800651550293 44.73215866088867 
45.41328048706055 44.85424041748047 46.144222259521484 44.434783935546875 44.97782516479492 45.48393630981445 45.120704650878906 45.500511169433594 
46.391361236572266 44.8474235534668 45.12403106689453 46.084224700927734 44.50592041015625 46.24252700805664 44.915584564208984 45.687583923339844 
44.6605110168457 45.28950500488281 45.62688064575195 45.18880081176758 45.3900146484375 44.46255874633789 45.60723114013672 44.86393737792969 
44.72915267944336 45.00700759887695 45.65116882324219 44.64665603637695 45.16169738769531 44.76790237426758 45.79568099975586 44.845088958740234 
44.818241119384766 45.335166931152344 45.53411102294922 45.061119079589844 45.135807037353516 44.4150390625 45.898399353027344 45.03327941894531 
48.878177642822266 47.389854431152344 48.27046585083008 47.552513122558594 48.59913635253906 47.27519989013672 48.92816162109375 47.583518981933594 
49.07267379760742 48.43203353881836 48.55302429199219 48.08310317993164 48.23583984375 47.21308898925781 48.70163345336914 49.112735748291016 
48.594783782958984 48.2369270324707 48.110206604003906 48.69686508178711 47.55094528198242 48.67715072631836 47.414241790771484 47.49718475341797 
49.51270294189453 47.3994255065918 48.58844757080078 47.055137634277344 49.31926345825195 47.5274543762207 48.53849411010742 49.89161682128906 
49.532737731933594 48.05868911743164 48.132545471191406 48.01398468017578 47.838687896728516 49.28623962402344 46.95356750488281 49.58844757080078 
48.69468688964844 48.693790435791016 46.825950622558594 49.150142669677734 47.879520416259766 48.32912063598633 48.84822463989258 48.868736267089844 
47.29340744018555 48.573726654052734 47.63488006591797 47.3422737121582 46.69468688964844 48.48467254638672 48.452030181884766 48.381473541259766 
48.35830307006836 48.005470275878906 47.91388702392578 47.71673583984375 48.828033447265625 47.61635208129883 47.40198516845703 48.22943878173828 
49.371070861816406 47.96985626220703 48.64883041381836 48.507774353027344 48.05984115600586 48.88457489013672 47.19510269165039 47.830238342285156 
47.91999816894531 47.56304168701172 47.56819152832031 48.292510986328125 46.232032775878906 48.8337287902832 48.368160247802734 48.1677131652832 
99.96867370605469 102.4454116821289 98.15401458740234 100.46326446533203 99.72943878173828 100.50975799560547 100.86380767822266 96.91683197021484 
48.797054290771484 35.95872116088867 30.646207809448242 30.293216705322266 31.235456466674805 31.374080657958984 30.722591400146484 31.0864315032959 
99.50540924072266 100.68755340576172 100.30620574951172 100.65907287597656 99.78089904785156 102.79408264160156 100.47026824951172 99.63715362548828 
48.54111862182617 35.992000579833984 30.1125431060791 31.056703567504883 31.265600204467773 31.330175399780273 31.508991241455078 31.11097526550293 
99.44947052001953 99.12601470947266 102.65753936767578 99.2080307006836 99.9626235961914 99.74275207519531 99.2070083618164 100.33920288085938 
48.61695861816406 36.093536376953125 30.731647491455078 31.17900848388672 30.64476776123047 31.214847564697266 31.355743408203125 31.274751663208008 
97.72499084472656 99.36553955078125 100.15337371826172 97.5716781616211 101.23600006103516 97.729248046875 98.53337860107422 101.844482421875 
48.55081558227539 36.08595275878906 30.831327438354492 30.367263793945312 31.553024291992188 31.345727920532227 30.88982391357422 31.463327407836914 
100.78265380859375 101.51446533203125 99.96431732177734 100.33209228515625 100.65216064453125 99.64028930664062 100.34489440917969 99.04195404052734 
48.55369567871094 35.96031951904297 30.45699119567871 31.021760940551758 31.36739158630371 30.583711624145508 31.399808883666992 31.676959991455078 
99.67910766601562 101.57081604003906 99.27021026611328 99.98774719238281 102.1416015625 98.06912231445312 100.32288360595703 97.63241577148438 
48.5118408203125 35.92841720581055 30.64259147644043 30.639999389648438 31.183712005615234 31.270015716552734 31.281152725219727 31.398271560668945 
100.34754943847656 103.41011047363281 97.72156524658203 100.9000015258789 99.22486114501953 101.4711685180664 100.5617904663086 99.72755432128906 
48.65484619140625 35.716224670410156 30.684640884399414 31.38876724243164 31.04902458190918 30.538911819458008 31.32271957397461 31.549407958984375 
100.56259155273438 101.75609588623047 102.897216796875 100.75603485107422 98.80684661865234 100.56633758544922 100.8157730102539 99.32854461669922 
48.594337463378906 35.96723175048828 30.708480834960938 31.62895965576172 31.493247985839844 30.611391067504883 31.02364730834961 31.35820770263672 
99.7979507446289 98.56867218017578 99.23693084716797 99.1135025024414 97.97001647949219 100.09439849853516 98.80111694335938 98.73766326904297 
49.23628616333008 35.49327850341797 30.087583541870117 31.347776412963867 30.981887817382812 31.352800369262695 31.39401626586914 31.00320053100586 
97.3966064453125 98.74771118164062 102.1437759399414 98.4361572265625 99.62012481689453 101.55763244628906 97.93449401855469 100.01353454589844 
52.497825622558594 35.894622802734375 30.456640243530273 30.642112731933594 30.951040267944336 30.715871810913086 31.14908790588379 31.258848190307617 
107.24531555175781 109.17900848388672 106.51644897460938 112.08793640136719 108.55554962158203 110.4229736328125 106.90022277832031 110.07852935791016 
38.14102554321289 36.32720184326172 36.31139373779297 35.2979850769043 36.32454299926758 36.29020690917969 36.62790298461914 36.56694412231445 
109.41919708251953 110.47254180908203 107.6666259765625 109.29692840576172 111.26297760009766 108.32835388183594 107.56829071044922 110.46691131591797 
39.337120056152344 35.867679595947266 36.44976043701172 36.01433563232422 36.805118560791016 35.83852767944336 36.562049865722656 36.44793701171875 
107.82489776611328 107.46371459960938 108.29545593261719 110.24079895019531 109.34783935546875 108.58889770507812 107.6412124633789 110.92707061767578 
38.3771858215332 36.013118743896484 36.74099349975586 35.890079498291016 35.61084747314453 36.32316970825195 36.517024993896484 36.17523193359375 
108.14717102050781 108.03206634521484 109.40380859375 110.14249420166016 108.21846771240234 110.10768127441406 107.27510070800781 109.39497375488281 
37.745216369628906 36.50697708129883 36.402366638183594 36.4150390625 36.05215835571289 35.918975830078125 36.50944137573242 36.25094223022461 
106.46182250976562 108.29590606689453 111.85440063476562 108.87760162353516 108.5202865600586 110.05677032470703 109.25385284423828 108.33961486816406 
39.21376037597656 36.40281677246094 36.71039962768555 36.30140686035156 35.58540725708008 36.44908905029297 36.2479362487793 35.800384521484375 
109.17625427246094 107.2872314453125 112.26134490966797 110.89395141601562 107.87296295166016 110.46896362304688 109.18547058105469 108.5014419555664 
39.11763381958008 36.773441314697266 35.76435089111328 36.623199462890625 36.44902420043945 36.37731170654297 36.44153594970703 35.8770866394043 
110.14784240722656 107.6052474975586 109.4263687133789 107.32313537597656 107.87062072753906 112.14189147949219 110.10182189941406 108.93164825439453 
39.099552154541016 36.09718322753906 36.67302322387695 36.45849609375 36.579105377197266 35.574462890625 35.52732849121094 36.299808502197266 
108.25532531738281 108.53587341308594 108.54930877685547 109.08102416992188 106.60800170898438 108.266845703125 107.52812957763672 110.27561950683594 
38.654720306396484 36.17417526245117 36.498783111572266 36.199134826660156 36.70479965209961 35.74835205078125 36.60831832885742 36.503360748291016 
109.68192291259766 108.4271011352539 109.47756958007812 110.26374053955078 106.76338958740234 108.76547241210938 110.6824951171875 109.25276947021484 
39.58095932006836 35.69731140136719 36.3974723815918 36.21971130371094 36.75852966308594 36.26108932495117 35.98912048339844 35.82080078125 
109.06905364990234 106.57328033447266 108.61436462402344 109.49811553955078 110.44902038574219 106.80521392822266 109.57810974121094 110.20956420898438 
39.53587341308594 36.43552017211914 36.15296173095703 36.72172927856445 36.528255462646484 36.473758697509766 36.5813102722168 35.91718292236328 
65.65535736083984 66.93869018554688 65.08946990966797 66.58191680908203 66.35199737548828 66.75619506835938 66.19955444335938 67.57872009277344 
67.49273681640625 65.86857604980469 65.8562240600586 65.9221420288086 66.74179077148438 66.78905487060547 66.7883529663086 67.07151794433594 
65.32994842529297 66.37516784667969 66.1732177734375 66.19709014892578 66.6207046508789 65.68070220947266 67.01980590820312 67.18236541748047 
66.57295989990234 65.48806762695312 67.50617980957031 65.57660675048828 66.2266845703125 65.65869140625 65.9435806274414 67.29631805419922 
66.6457290649414 66.83382415771484 65.71705627441406 66.02454376220703 65.73430633544922 66.24771118164062 66.75379180908203 67.77894592285156 
65.77855682373047 64.64217376708984 66.09830474853516 67.44790649414062 66.95670318603516 67.42015838623047 67.48332977294922 67.57872009277344 
66.58198547363281 66.5184326171875 66.1806411743164 65.7959976196289 66.56575775146484 66.24553680419922 66.93049621582031 67.46080017089844 
65.34732818603516 67.21190643310547 67.12799835205078 66.62815856933594 67.4417953491211 65.58966064453125 65.9082260131836 66.34928131103516 
67.22713470458984 66.29241943359375 67.34569549560547 66.9361572265625 64.53298950195312 65.80924987792969 66.00851440429688 64.35244750976562 
65.22621154785156 66.83273315429688 65.11293029785156 66.25981140136719 66.0645751953125 66.56031799316406 67.06694030761719 67.88070678710938 
113.78607940673828 112.1710433959961 111.29548645019531 113.40774536132812 113.37030029296875 113.45270538330078 114.38457489013672 111.26131439208984 
61.812320709228516 49.237247467041016 45.053184509277344 44.111968994140625 43.815040588378906 45.52377700805664 44.76182556152344 44.627872467041016 
112.17385864257812 108.12252807617188 112.63238525390625 111.55267333984375 111.60221099853516 111.32444763183594 113.90995025634766 112.86486053466797 
61.15206527709961 49.330047607421875 44.26115036010742 43.9747200012207 44.808319091796875 43.786624908447266 44.59846496582031 46.356990814208984 
111.79084777832031 112.7357406616211 109.21788787841797 110.30342102050781 112.40486145019531 112.4320297241211 112.07405090332031 112.66143798828125 
64.74646759033203 49.29238510131836 44.10700988769531 45.904510498046875 44.7476806640625 44.5997428894043 45.79804611206055 44.77119827270508 
112.45680236816406 110.57698822021484 111.17190551757812 110.74771118164062 114.9985580444336 112.5140151977539 114.86726379394531 112.61695861816406 
61.17939376831055 49.86342239379883 45.3737907409668 44.0918083190918 44.59312057495117 45.49625778198242 44.046302795410156 44.77033615112305 
112.51187133789062 112.29132843017578 113.32441711425781 113.11542510986328 115.59222412109375 114.87865447998047 112.88003540039062 110.7940444946289 
61.35615921020508 49.874942779541016 43.97340774536133 44.82614517211914 44.443233489990234 44.350624084472656 44.32339096069336 44.38848114013672 
109.38569641113281 111.05705261230469 112.05696105957031 115.28937530517578 113.08460998535156 112.78166198730469 113.51023864746094 110.7949447631836 
61.16377639770508 48.99737548828125 43.96035385131836 45.49311828613281 44.14883041381836 44.69139099121094 45.562049865722656 44.693824768066406 
112.10425567626953 111.30086517333984 114.72364807128906 113.00172424316406 111.86815643310547 109.98047637939453 112.46678161621094 111.59916687011719 
61.177791595458984 50.56198501586914 45.14739227294922 44.24275207519531 45.735328674316406 44.36876678466797 44.73494338989258 46.00239944458008 
110.68025970458984 111.39459228515625 113.33798217773438 112.74070739746094 112.51728057861328 115.81005096435547 111.77088165283203 110.1778564453125 
65.00233459472656 50.199520111083984 42.7476806640625 43.77849578857422 44.39798355102539 44.295135498046875 44.650943756103516 45.085567474365234 
112.34146881103516 113.82659149169922 110.06159973144531 112.50745391845703 110.96678161621094 110.8205795288086 113.6440658569336 108.73945617675781 
61.27369689941406 48.757118225097656 43.55152130126953 44.37519836425781 44.572959899902344 44.779937744140625 44.55052947998047 45.43622589111328 
110.49635314941406 111.72835540771484 114.59436798095703 112.88937377929688 111.35775756835938 114.33827209472656 113.3180160522461 113.97718048095703 
61.443904876708984 53.03420639038086 43.145599365234375 43.62489700317383 44.85468673706055 45.53667068481445 44.002464294433594 45.25193786621094 
63.280609130859375 62.294464111328125 63.59209442138672 62.61231994628906 61.77372741699219 62.861473083496094 61.07484817504883 64.15846252441406 
62.557952880859375 65.10761260986328 64.15100860595703 62.2902717590332 63.677345275878906 63.7020149230957 61.9488639831543 63.99382400512695 
62.4475212097168 63.037601470947266 62.76899337768555 63.92063903808594 62.68819046020508 60.42524719238281 62.77008056640625 63.02278518676758 
62.142112731933594 65.05039978027344 63.99875259399414 61.5489616394043 63.895713806152344 63.18022537231445 61.31177520751953 63.34735870361328 
63.15862274169922 62.58028793334961 61.52540969848633 64.34662628173828 62.948734283447266 62.43046569824219 62.58137512207031 61.605953216552734 
61.7823371887207 61.39023971557617 62.04569625854492 63.82681655883789 62.241920471191406 62.11539077758789 63.81190490722656 63.40748977661133 
63.05984115600586 62.87744140625 61.7977294921875 63.52537536621094 63.169761657714844 63.065025329589844 62.752193450927734 61.57270431518555 
62.51481628417969 62.47353744506836 63.523712158203125 61.53968048095703 62.5882568359375 63.94121551513672 61.708927154541016 64.02473449707031 
62.68806457519531 64.01881408691406 62.468448638916016 62.60960006713867 62.742591857910156 61.723934173583984 65.55696105957031 63.722110748291016 
63.66281509399414 62.60870361328125 62.86934280395508 62.53577423095703 61.97398376464844 63.11859130859375 62.258174896240234 61.52239990234375 
44.4186897277832 41.30793762207031 43.17068862915039 42.39744186401367 43.02668762207031 42.85142517089844 43.17350387573242 44.51824188232422 
43.71772766113281 43.87059020996094 43.186622619628906 41.951263427734375 42.50947189331055 43.005470275878906 43.01001739501953 44.436065673828125 
44.45132827758789 41.43199920654297 42.91542434692383 43.12160110473633 42.66998291015625 43.496734619140625 43.91142272949219 44.1703987121582 
44.71702575683594 42.445343017578125 43.00716781616211 42.911678314208984 43.85139083862305 41.88681411743164 43.638526916503906 43.101280212402344 
44.117279052734375 43.00931167602539 42.77667236328125 43.088897705078125 43.156097412109375 43.7644157409668 43.56790542602539 43.09990310668945 
45.22675323486328 42.5437126159668 42.90582275390625 43.50070571899414 43.086143493652344 42.241886138916016 43.97417449951172 43.88412857055664 
45.501953125 43.01007843017578 42.3570556640625 42.72995376586914 42.983551025390625 43.89187240600586 42.8449592590332 42.134464263916016 
47.73126220703125 42.15043258666992 43.45964813232422 43.15363311767578 43.609153747558594 43.99513626098633 43.490272521972656 43.21039962768555 
43.625694274902344 42.92655944824219 43.34483337402344 43.40591812133789 43.649600982666016 42.45577621459961 41.82783889770508 43.669151306152344 
44.013729095458984 42.85513687133789 42.86240005493164 42.87267303466797 43.490081787109375 43.89779281616211 43.41011047363281 43.01340866088867 
40.3089599609375 40.15536117553711 40.078529357910156 39.75027084350586 39.099456787109375 39.403358459472656 40.4832649230957 40.24460983276367 
41.24195098876953 39.87120056152344 39.92803192138672 39.990848541259766 40.09455871582031 40.12873458862305 39.88131332397461 39.97417449951172 
40.73030471801758 40.11663818359375 39.90848159790039 39.819583892822266 38.90460968017578 40.63014221191406 40.529537200927734 40.371456146240234 
40.67919921875 40.09622573852539 40.4600944519043 40.8642578125 40.153377532958984 40.6860466003418 39.50483322143555 40.74726486206055 
40.85171127319336 40.26755142211914 40.72492980957031 40.52675247192383 39.753761291503906 39.52227020263672 40.394432067871094 40.65097427368164 
41.10243225097656 39.10105514526367 39.58473587036133 38.87702560424805 40.08892822265625 39.657310485839844 39.197601318359375 40.28297424316406 
40.55516815185547 38.93939208984375 39.51958465576172 39.00076675415039 39.897727966308594 39.89254379272461 40.106143951416016 39.666561126708984 
41.231937408447266 39.587646484375 39.117313385009766 39.374176025390625 39.06409454345703 39.00387191772461 38.90137481689453 40.32166290283203 
41.25507354736328 39.870975494384766 40.08854293823242 40.25743865966797 40.12656021118164 38.818912506103516 40.43791961669922 40.36991882324219 
39.94617462158203 39.35491180419922 38.95414352416992 39.50726318359375 40.24435043334961 40.29830551147461 39.96012878417969 39.25107192993164 
82.41836547851562 79.34886169433594 79.57443237304688 80.27311706542969 78.14157104492188 80.85504150390625 80.41510772705078 79.41126251220703 
39.55641555786133 39.81817626953125 39.76038360595703 39.64495849609375 39.95792007446289 39.70444869995117 39.63008117675781 39.7567024230957 
80.53715515136719 79.68605041503906 79.36994934082031 79.99235534667969 80.55337524414062 80.51261138916016 80.5704345703125 79.18147277832031 
42.655521392822266 40.12035369873047 39.8535041809082 39.894561767578125 40.01424026489258 40.16614532470703 40.0918083190918 39.49164962768555 
83.21097564697266 80.04985809326172 79.6435546875 80.12496185302734 78.36895751953125 77.60157012939453 79.14640045166016 80.63353729248047 
42.718017578125 39.83715057373047 39.97407913208008 39.804161071777344 39.83001708984375 39.65983963012695 39.58550262451172 40.448638916015625 
82.16770935058594 78.76227569580078 77.8051528930664 79.279296875 79.95958709716797 80.5535659790039 78.43920135498047 81.24050903320312 
42.67385482788086 39.99020767211914 39.73107147216797 39.94598388671875 40.17107009887695 40.265472412109375 39.727359771728516 40.121246337890625 
79.0577621459961 77.89456176757812 80.62137603759766 79.31600189208984 81.77436828613281 80.34786987304688 79.23385620117188 80.56108856201172 
43.22892761230469 40.650367736816406 40.48575973510742 39.28732681274414 39.58143997192383 39.551456451416016 40.02284622192383 40.347137451171875 
80.48381042480469 78.21145629882812 81.02941131591797 77.38473510742188 80.11990356445312 81.32860565185547 78.82051086425781 81.8354263305664 
42.03472137451172 40.36867141723633 40.643646240234375 40.332000732421875 39.36588668823242 38.92559814453125 40.36345672607422 40.611328125 
80.97465515136719 81.44758605957031 79.51795196533203 80.0902099609375 81.0282211303711 80.42390441894531 80.29923248291016 80.02995300292969 
43.050880432128906 39.655391693115234 39.32233428955078 40.25222396850586 40.77590560913086 40.123329162597656 40.29743957519531 39.87123107910156 
79.13990020751953 80.78224182128906 81.9948501586914 79.65257263183594 82.69744110107422 76.64476776123047 79.03523254394531 81.10643005371094 
43.81391906738281 40.563934326171875 40.57401657104492 39.368350982666016 40.622718811035156 39.42873764038086 39.99772644042969 40.464576721191406 
79.47936248779297 81.38323211669922 80.21027374267578 80.59894561767578 82.49088287353516 80.1803207397461 78.6786880493164 75.6902084350586 
43.16096115112305 40.59427261352539 40.564064025878906 39.12409591674805 40.81033706665039 39.95449447631836 40.15167999267578 40.39286422729492 
81.57990264892578 79.80537414550781 78.31686401367188 79.90259552001953 78.3631362915039 80.78684997558594 80.15727996826172 79.69817352294922 
43.490177154541016 38.97830581665039 39.649505615234375 40.48124694824219 40.607425689697266 40.652992248535156 39.79119873046875 40.53859329223633 
116.4312973022461 118.34246063232422 118.5607681274414 118.75305938720703 117.88829040527344 120.5857925415039 120.28275299072266 119.0564193725586 
117.54576110839844 116.18086242675781 120.17024230957031 117.29682922363281 117.5617904663086 122.74063873291016 117.36988830566406 121.77110290527344 
115.49641418457031 122.26598358154297 118.33353424072266 118.8702392578125 121.23734283447266 121.23353576660156 124.14694213867188 119.15837097167969 
118.4236831665039 117.84870147705078 118.06169891357422 123.23411560058594 116.8054428100586 122.4563217163086 119.94780731201172 115.24444580078125 
118.4769287109375 117.53807830810547 116.42076873779297 121.22223663330078 116.56140899658203 121.67158508300781 120.44163513183594 119.10966491699219 
118.90486145019531 118.31574249267578 118.37276458740234 120.44940948486328 119.07459259033203 121.9287338256836 120.19337463378906 116.80489349365234 
118.9144287109375 118.16063690185547 115.81037139892578 120.3367691040039 118.63426971435547 121.57727813720703 120.90879821777344 120.95744323730469 
118.82854461669922 118.13529968261719 119.844482421875 119.05363464355469 118.22086334228516 124.37980651855469 122.81439971923828 118.2682876586914 
118.28534698486328 120.73689270019531 118.06082916259766 118.94751739501953 118.80486297607422 120.56761932373047 119.5547866821289 118.19036865234375 
119.12274932861328 119.97750091552734 119.23197174072266 123.404541015625 118.0732192993164 120.6297607421875 120.79017639160156 114.54640197753906 
125.7880630493164 125.2787857055664 130.25030517578125 125.45823669433594 125.30089569091797 126.48662567138672 128.1372833251953 127.52006530761719 
55.46662521362305 54.73161697387695 54.25872039794922 55.73139190673828 53.86396789550781 55.27827072143555 54.389217376708984 53.93360137939453 
125.1312026977539 126.02301025390625 126.66681671142578 128.02735900878906 130.24569702148438 126.18006134033203 128.374267578125 124.53196716308594 
56.17446517944336 54.896575927734375 55.10345458984375 55.047584533691406 54.287841796875 53.312320709228516 55.11689758300781 55.000606536865234 
126.54646301269531 127.11519622802734 131.42745971679688 127.22608184814453 127.83200073242188 125.0502700805664 127.91795349121094 127.44927978515625 
56.62736129760742 53.004127502441406 54.46089553833008 54.342529296875 53.466976165771484 54.00851058959961 53.19939041137695 54.2632942199707 
125.61516571044922 126.10470581054688 127.64335632324219 123.15727996826172 125.83516693115234 127.43154907226562 127.3977279663086 124.38995361328125 
54.730430603027344 53.65055847167969 55.365055084228516 54.51308822631836 53.732383728027344 54.02444839477539 54.30652618408203 55.19398498535156 
127.31430053710938 131.52598571777344 126.31609344482422 127.1324462890625 124.04937744140625 126.6395492553711 124.65203094482422 126.5948486328125 
55.37731170654297 54.82572937011719 55.046878814697266 54.982208251953125 52.550846099853516 53.91507339477539 54.77632141113281 54.465057373046875 
124.76681518554688 128.04515075683594 130.1477813720703 123.62140655517578 126.21270751953125 123.6488037109375 126.19197082519531 126.55680084228516 
54.38995361328125 54.9054069519043 54.988094329833984 54.67724609375 54.41526412963867 52.46780776977539 55.40204620361328 54.122657775878906 
125.27037048339844 126.21209716796875 127.02828979492188 125.54524993896484 123.14566040039062 128.11436462402344 129.00582885742188 128.62106323242188 
56.15951919555664 52.11881637573242 55.18860626220703 54.10140609741211 54.107200622558594 54.0700798034668 53.96080017089844 53.6511344909668 
124.63097381591797 126.8597412109375 126.63801574707031 129.66006469726562 125.66809844970703 127.64412689208984 126.20140838623047 127.9480972290039 
56.71718215942383 53.0832633972168 54.09193420410156 55.16678237915039 54.61257553100586 54.34921646118164 54.64486312866211 54.38102340698242 
125.71449279785156 126.31954956054688 125.68585968017578 131.1468505859375 123.04454040527344 125.12649536132812 124.78288269042969 128.72457885742188 
55.223873138427734 53.486366271972656 53.58047866821289 54.40291213989258 53.40460968017578 53.376319885253906 53.30985641479492 53.27132797241211 
125.46524810791016 127.45369720458984 125.8486099243164 127.31782531738281 127.91232299804688 126.48393249511719 128.6974334716797 122.83529663085938 
56.13625717163086 52.58931350708008 55.18396759033203 54.56816101074219 54.98137664794922 54.260223388671875 53.871009826660156 54.44044876098633 
65.12348937988281 62.94825744628906 65.01801300048828 63.96335983276367 63.04767990112305 64.75360107421875 64.25961303710938 63.26668930053711 
64.6009292602539 63.06310272216797 63.07798385620117 63.30710220336914 64.29507446289062 64.44547271728516 62.59737777709961 64.31539154052734 
63.996639251708984 64.65503692626953 62.17852783203125 64.00921630859375 63.94512176513672 63.840065002441406 64.0318374633789 63.174720764160156 
64.61619567871094 64.61395263671875 62.380767822265625 64.62342071533203 65.15862274169922 62.68288040161133 63.91929626464844 63.459327697753906 
64.93830108642578 63.67808151245117 63.44780731201172 64.15862274169922 63.40227127075195 62.49951934814453 64.15074920654297 63.821441650390625 
65.63247680664062 63.8164176940918 62.12428665161133 64.47494506835938 62.632511138916016 65.6734390258789 64.80191802978516 62.99625778198242 
65.25379180908203 64.10889434814453 62.3573112487793 64.5429458618164 60.74345779418945 64.29161834716797 63.55503845214844 64.40013122558594 
62.84297561645508 65.1756820678711 64.40499114990234 63.572574615478516 64.15058898925781 63.426143646240234 63.460575103759766 64.66572570800781 
64.95692443847656 63.3922233581543 64.27030181884766 63.536094665527344 62.92595291137695 64.30194854736328 63.57436752319336 63.73004913330078 
63.878623962402344 64.11897277832031 63.44268798828125 62.70649719238281 64.47567749023438 63.60416030883789 63.4692497253418 64.4483871459961 
99.06492614746094 99.25138854980469 101.7982406616211 100.12540435791016 100.775390625 98.13935852050781 103.7762222290039 99.43891143798828 
56.668094635009766 41.15465545654297 34.350624084472656 34.412288665771484 34.535518646240234 34.03443145751953 34.40902328491211 34.78771209716797 
102.5308837890625 100.49465942382812 99.91251373291016 99.97398376464844 98.78253173828125 100.14332580566406 100.24227142333984 100.01651000976562 
52.38579177856445 38.71267318725586 33.719425201416016 33.84214401245117 33.875518798828125 34.4431037902832 34.58339309692383 35.33603286743164 
100.38966369628906 102.48713684082031 101.95532989501953 102.17916870117188 103.29481506347656 98.76051330566406 101.26691436767578 100.4567642211914 
51.81523132324219 39.00521469116211 33.890113830566406 33.59968185424805 34.51020812988281 35.14575958251953 34.04377746582031 34.9453125 
102.0538558959961 102.87398529052734 100.02851104736328 101.4095687866211 98.89427185058594 101.90188598632812 101.9850845336914 102.5722885131836 
52.07164764404297 38.70499038696289 34.27315139770508 35.17020797729492 34.31612777709961 33.512577056884766 33.63459014892578 34.89177703857422 
101.39161682128906 100.95398712158203 101.67974090576172 100.91712188720703 101.44099426269531 98.48576354980469 104.11670684814453 101.96476745605469 
51.986080169677734 38.2281608581543 34.03104019165039 34.20521545410156 34.6195182800293 34.70800018310547 34.779422760009766 34.37836837768555 
102.07526397705078 102.8503646850586 102.9669418334961 101.39987182617188 101.181884765625 100.47081756591797 101.5540771484375 104.03091430664062 
56.43155288696289 41.436641693115234 33.36819076538086 34.70934295654297 34.52841567993164 33.63865661621094 34.6242561340332 34.36083221435547 
101.62057495117188 103.404541015625 101.80960083007812 102.26972961425781 100.33145904541016 101.97369384765625 102.78495788574219 102.88041687011719 
51.91465759277344 38.08473587036133 32.868831634521484 34.74127960205078 34.00735855102539 34.52732849121094 33.884544372558594 34.77775955200195 
101.31033325195312 102.23513793945312 102.4288330078125 100.61714935302734 102.31517028808594 104.43609619140625 103.61830139160156 101.12825775146484 
51.81590270996094 38.20927810668945 33.026241302490234 34.14121627807617 34.53958511352539 34.75244903564453 34.64521789550781 34.541534423828125 
102.86326599121094 101.65087890625 102.27145385742188 100.02057647705078 100.32169342041016 102.70124816894531 102.43804931640625 103.78479766845703 
51.84864044189453 38.29315185546875 33.33456039428711 34.202335357666016 35.03852844238281 34.248382568359375 34.76220703125 34.862335205078125 
103.2343978881836 106.5417251586914 101.29395294189453 100.33305358886719 99.28604888916016 99.1884765625 99.8045425415039 98.96790313720703 
51.90969467163086 38.30275344848633 33.323585510253906 34.75743865966797 34.706817626953125 34.01555252075195 34.36764907836914 34.78726577758789 
90.07405090332031 92.60591888427734 88.61993408203125 90.89401245117188 95.93138885498047 92.31158447265625 91.14415740966797 92.44092559814453 
41.06047821044922 37.106624603271484 36.615169525146484 36.130462646484375 36.881473541259766 36.96134567260742 36.94668960571289 36.35728073120117 
90.58902740478516 88.51651000976562 93.11507415771484 90.82073974609375 92.83849334716797 90.71826934814453 93.39891052246094 88.21568298339844 
39.17033767700195 36.356544494628906 36.95734405517578 37.013824462890625 36.723934173583984 36.23302459716797 35.31795120239258 36.352638244628906 
89.09193420410156 88.72866821289062 91.77999877929688 90.87619018554688 92.85590362548828 90.38246154785156 90.54541015625 89.70950317382812 
39.852481842041016 36.31564712524414 36.261375427246094 35.952510833740234 36.71750259399414 36.83638381958008 36.104095458984375 37.148353576660156 
91.1118392944336 92.20585632324219 92.03330993652344 90.3953628540039 92.4534683227539 93.76761627197266 90.01324462890625 91.00870513916016 
39.472129821777344 36.71577453613281 36.40233612060547 36.515262603759766 35.50035095214844 36.289249420166016 36.85612869262695 36.590782165527344 
92.45398712158203 89.73958587646484 93.16278076171875 91.33695983886719 90.29695892333984 91.6628189086914 92.35903930664062 92.19951629638672 
40.01411056518555 37.080928802490234 36.66755294799805 36.291839599609375 36.91081619262695 36.68880081176758 36.67660903930664 36.01212692260742 
89.17129516601562 92.60173034667969 91.54508972167969 91.24988555908203 88.8875503540039 88.10514831542969 92.33875274658203 91.45359802246094 
39.1921272277832 36.540863037109375 36.519649505615234 35.945438385009766 36.97715377807617 36.83443069458008 37.045406341552734 36.391902923583984 
91.77820587158203 91.73152160644531 87.59363555908203 91.90863800048828 90.48255920410156 92.818115234375 91.16387176513672 93.97212982177734 
37.805152893066406 36.71763229370117 36.25414276123047 36.5912971496582 36.067264556884766 37.20006561279297 36.82368087768555 36.71267318725586 
90.75202941894531 89.16633605957031 89.79436492919922 90.75279998779297 92.07734680175781 90.52729797363281 91.92691040039062 91.57193756103516 
40.4317741394043 37.077247619628906 35.93590545654297 36.80332946777344 37.580352783203125 36.94998550415039 36.0623664855957 36.53724670410156 
90.93011474609375 90.55693054199219 89.83309173583984 93.10205078125 90.10963439941406 95.19315338134766 90.91609954833984 87.2663345336914 
39.682945251464844 36.49110412597656 35.58259201049805 36.175167083740234 36.962528228759766 36.106910705566406 35.73699188232422 36.5437126159668 
88.92854309082031 93.92108917236328 90.77641296386719 91.4266586303711 91.80111694335938 93.72908782958984 89.12505340576172 89.53158569335938 
38.87788772583008 36.670753479003906 36.93427276611328 36.55215835571289 36.58812713623047 36.79747009277344 36.315391540527344 36.651615142822266 
86.06159973144531 84.65711975097656 83.53247833251953 85.53059387207031 86.13024139404297 85.8888931274414 86.75993347167969 88.45286560058594 
42.133056640625 38.891456604003906 38.942848205566406 38.88227081298828 38.505279541015625 38.78937530517578 38.83171081542969 37.71129608154297 
86.84444427490234 86.96300506591797 85.14236450195312 84.46361541748047 88.8061752319336 87.42768096923828 86.33618927001953 85.6869125366211 
40.2573127746582 38.64336013793945 39.167903900146484 38.482017517089844 38.619102478027344 39.11600112915039 39.13087844848633 38.48739242553711 
86.88038635253906 86.10150146484375 85.52400207519531 85.26083374023438 85.44300842285156 87.25440216064453 87.68211364746094 83.7754898071289 
40.761375427246094 39.1429443359375 39.25279998779297 38.820865631103516 38.26163101196289 38.639678955078125 39.05292892456055 38.20665740966797 
85.69872283935547 86.64608001708984 89.41120147705078 83.97007751464844 87.12799835205078 86.80796813964844 86.25856018066406 86.7232666015625 
40.94569778442383 39.00185775756836 38.9251823425293 38.55497741699219 38.424415588378906 39.25516891479492 38.2652473449707 39.59657669067383 
87.212158203125 87.82393646240234 88.07023620605469 86.587646484375 84.28297424316406 85.11865234375 85.00489807128906 86.42806243896484 
40.55769729614258 38.73401641845703 38.92854309082031 39.175392150878906 38.5893440246582 39.07609558105469 38.296958923339844 39.534751892089844 
88.61682891845703 85.9257583618164 86.73085021972656 85.98783874511719 87.17097473144531 85.36886596679688 85.6233901977539 86.89110565185547 
41.309024810791016 38.902305603027344 38.450721740722656 38.96076965332031 38.99350357055664 37.84588623046875 38.110782623291016 38.81718444824219 
85.92857360839844 86.64169311523438 85.50550079345703 86.3255386352539 85.70130920410156 83.20387268066406 85.95903778076172 85.9975357055664 
43.476097106933594 39.27568054199219 38.42732620239258 37.67299270629883 39.3419189453125 39.5634880065918 39.343265533447266 39.33100891113281 
87.09212493896484 85.19570922851562 84.4043197631836 84.28614044189453 85.2402572631836 85.42803192138672 85.03395080566406 86.3993911743164 
42.035648345947266 39.1426887512207 38.501407623291016 39.354942321777344 39.454593658447266 38.84099197387695 38.775230407714844 39.26847839355469 
87.78368377685547 86.8927001953125 86.8695068359375 85.40473937988281 82.00653076171875 85.32096099853516 87.14249420166016 87.51347351074219 
41.730655670166016 38.61260986328125 38.12422561645508 38.93622589111328 38.93641662597656 39.682559967041016 38.66463851928711 39.26383972167969 
84.93084716796875 84.25430297851562 85.3658218383789 88.3265609741211 83.0163803100586 88.58541107177734 87.14057922363281 89.0250244140625 
41.363712310791016 38.80201721191406 38.46588897705078 38.179039001464844 38.34374237060547 39.776161193847656 39.43974304199219 39.450687408447266 
50.874305725097656 49.98432159423828 50.873600006103516 50.31718444824219 50.33305740356445 50.74950408935547 50.53843307495117 50.960960388183594 
51.299678802490234 51.54985427856445 50.099998474121094 50.84947204589844 49.72982406616211 51.39539337158203 51.162208557128906 51.187103271484375 
50.76144027709961 50.65846252441406 51.39484786987305 51.528865814208984 49.93561553955078 50.669921875 51.770687103271484 51.756351470947266 
51.86227035522461 51.58095932006836 50.33110427856445 49.93452835083008 50.94700622558594 50.141502380371094 51.006656646728516 49.85683059692383 
52.7059211730957 50.60140609741211 50.792606353759766 49.569087982177734 51.075294494628906 51.23545455932617 50.47539138793945 50.80873489379883 
51.03267288208008 51.61084747314453 51.02684783935547 50.162208557128906 50.015167236328125 51.72662353515625 51.00620651245117 51.00076675415039 
51.42655944824219 49.75395202636719 50.67622375488281 50.24758529663086 51.156063079833984 50.926273345947266 49.6959342956543 49.999488830566406 
51.26508712768555 50.094112396240234 50.93830490112305 50.29151916503906 49.88451385498047 50.98249435424805 50.41872024536133 51.482078552246094 
54.09600067138672 51.309471130371094 49.88639831542969 50.12761688232422 49.985984802246094 51.36502456665039 50.348384857177734 51.07292938232422 
51.250816345214844 49.256256103515625 51.35820770263672 50.31660842895508 49.76947021484375 50.10559844970703 51.288639068603516 50.74755096435547 
55.54345703125 54.9793586730957 55.905887603759766 56.50300979614258 55.8304328918457 56.72108840942383 55.3125114440918 54.73846435546875 
56.630592346191406 55.83900833129883 56.23756790161133 55.1486701965332 54.85923385620117 55.369632720947266 55.18864059448242 55.77849578857422 
55.79779052734375 54.494049072265625 54.870750427246094 55.38902282714844 56.052127838134766 56.566497802734375 55.97235107421875 56.766014099121094 
55.062400817871094 55.353023529052734 56.0129280090332 57.044769287109375 56.341407775878906 55.49001693725586 55.95935821533203 54.959903717041016 
55.579776763916016 56.41727828979492 56.19139099121094 56.7061767578125 56.95743942260742 54.836830139160156 54.97987365722656 55.073055267333984 
55.946144104003906 56.59235382080078 54.638145446777344 54.9389762878418 55.030784606933594 55.64815902709961 55.91926574707031 57.08041763305664 
55.07936096191406 54.814334869384766 55.174560546875 55.31852722167969 56.224159240722656 56.04655838012695 57.201759338378906 56.71564865112305 
56.20364761352539 54.66831970214844 56.42655944824219 55.46083068847656 54.934654235839844 54.46543884277344 55.18086242675781 55.38265609741211 
57.843231201171875 56.297054290771484 56.54963302612305 55.936031341552734 54.762752532958984 54.748382568359375 54.98303985595703 55.58790588378906 
57.218143463134766 55.74300765991211 56.0695686340332 55.19728088378906 54.839935302734375 54.94847869873047 55.571006774902344 55.90729522705078 
