170.08560180664062 34.59657669067383 34.26367950439453 34.853118896484375 35.68960189819336 34.993408203125 34.75142288208008 34.91731262207031 41.520416259765625 33.86182403564453 34.4666862487793 34.557952880859375 34.259742736816406 33.95427322387695 33.88016128540039 34.17718505859375 
14.712991714477539 13.85257625579834 13.87065601348877 13.912863731384277 14.283904075622559 14.351584434509277 14.399519920349121 14.365023612976074 16.55580711364746 15.63161563873291 14.028608322143555 14.1560640335083 14.500896453857422 15.310079574584961 14.271295547485352 14.060352325439453 
40.61030578613281 33.6668815612793 34.50601577758789 35.687232971191406 92.1145248413086 33.70006561279297 34.3389778137207 36.0700798034668 41.29014587402344 33.84374237060547 34.28883361816406 34.15296173095703 34.034271240234375 33.93948745727539 34.022335052490234 34.39344024658203 
14.402239799499512 13.889920234680176 13.863327980041504 14.180831909179688 14.22815990447998 14.22441577911377 14.44057559967041 14.442943572998047 17.342239379882812 15.752479553222656 14.364031791687012 14.5513916015625 14.110272407531738 14.227487564086914 14.207551956176758 14.768768310546875 
40.78121566772461 34.21331024169922 34.15353775024414 38.45075225830078 34.517024993896484 34.54800033569336 81.33824157714844 33.84806442260742 40.73126220703125 33.90425491333008 34.085662841796875 34.0918083190918 34.137535095214844 34.37887954711914 34.30646514892578 34.152225494384766 
14.533120155334473 13.870880126953125 14.137727737426758 14.157376289367676 14.350815773010254 14.185952186584473 14.470335960388184 14.52239990234375 16.405344009399414 14.79248046875 14.29651165008545 14.061471939086914 14.1429443359375 14.464544296264648 14.485759735107422 14.604415893554688 
40.77276611328125 34.350494384765625 35.21686553955078 35.16294479370117 34.59836959838867 120.9659194946289 33.68316650390625 35.736576080322266 41.501953125 34.33929443359375 34.16524887084961 33.915870666503906 33.836158752441406 34.67427062988281 34.4664306640625 34.62588882446289 
14.513248443603516 13.886240005493164 13.946623802185059 14.33244800567627 14.477888107299805 14.451583862304688 14.313568115234375 14.3121919631958 16.535072326660156 15.16528034210205 14.386112213134766 14.240703582763672 14.153216361999512 14.288512229919434 14.413824081420898 15.308575630187988 
40.897151947021484 35.06166458129883 34.40367889404297 35.154048919677734 36.123809814453125 122.614013671875 33.673728942871094 35.71635055541992 41.63123321533203 34.25462341308594 34.25449752807617 34.0013427734375 33.90185546875 34.08448028564453 35.49318313598633 34.039424896240234 
14.46390438079834 13.889151573181152 13.895423889160156 14.232383728027344 14.383296012878418 14.513792037963867 14.21020793914795 14.24665641784668 16.718624114990234 16.001728057861328 14.208512306213379 14.666080474853516 14.14470386505127 14.465312004089355 14.160287857055664 14.094335556030273 
40.97110366821289 33.88444900512695 34.34601593017578 41.807071685791016 34.68950271606445 36.02534484863281 78.4774398803711 33.77654266357422 40.865089416503906 33.98633575439453 34.299808502197266 34.478206634521484 34.23823928833008 34.21209716796875 33.97452926635742 34.62031936645508 
14.445856094360352 13.977984428405762 14.026432037353516 13.988703727722168 14.340991973876953 14.448736190795898 14.310463905334473 14.269344329833984 15.149727821350098 15.251168251037598 14.262240409851074 14.325984001159668 14.341535568237305 14.410688400268555 14.674400329589844 14.628255844116211 
40.76572799682617 34.95859146118164 34.632896423339844 34.93209457397461 34.72662353515625 120.03065490722656 33.55344009399414 33.89097595214844 41.831871032714844 33.94112014770508 34.200416564941406 34.414913177490234 34.49699020385742 34.189247131347656 33.991519927978516 33.96646499633789 
14.45571231842041 13.877120018005371 13.954336166381836 14.147007942199707 14.156031608581543 14.33142375946045 14.389472007751465 14.21679973602295 16.349119186401367 14.922880172729492 14.450847625732422 14.070816040039062 14.148832321166992 14.629952430725098 14.923935890197754 14.421152114868164 
40.73699188232422 33.9681282043457 34.20844650268555 34.67504119873047 35.65766525268555 35.61414337158203 34.80659103393555 34.735103607177734 41.28239822387695 34.29289627075195 33.934814453125 34.047584533691406 34.210689544677734 34.07360076904297 34.07609558105469 34.55705642700195 
14.511296272277832 13.920703887939453 13.924192428588867 14.141632080078125 14.235039710998535 14.202719688415527 14.356351852416992 14.336288452148438 16.7455997467041 15.662464141845703 14.125663757324219 14.163328170776367 14.172351837158203 14.577535629272461 14.09552001953125 14.349056243896484 
40.986656188964844 34.928993225097656 35.43484878540039 34.74390411376953 35.09404754638672 35.7171516418457 35.29759979248047 34.96736145019531 41.156959533691406 33.87308883666992 34.42659378051758 34.425697326660156 35.014591217041016 34.12374496459961 33.79094314575195 33.976097106933594 
14.524319648742676 14.046976089477539 13.993311882019043 14.03763198852539 14.052800178527832 14.103424072265625 14.370528221130371 14.38697624206543 16.535648345947266 15.722432136535645 14.067328453063965 14.316384315490723 14.13424015045166 14.479743957519531 14.113792419433594 14.38758373260498 
41.060543060302734 35.17705535888672 35.13827133178711 36.16012954711914 35.06051254272461 36.189056396484375 81.57708740234375 33.72294235229492 40.70841598510742 33.84316635131836 34.09151840209961 34.26892852783203 34.54780960083008 34.08009719848633 34.35513687133789 34.01670455932617 
14.453568458557129 13.964544296264648 14.144448280334473 14.2359037399292 14.14031982421875 14.163264274597168 14.180928230285645 14.21731185913086 15.946847915649414 15.053248405456543 14.148927688598633 14.09113597869873 14.185088157653809 14.074080467224121 14.75334358215332 14.343584060668945 
38.20172882080078 23.697599411010742 23.407136917114258 24.188352584838867 24.585472106933594 24.447328567504883 24.147584915161133 39.3818244934082 31.6167049407959 24.165664672851562 24.543968200683594 23.88425636291504 25.140287399291992 24.625343322753906 24.27987289428711 24.38809585571289 
54.88288116455078 23.537248611450195 23.548479080200195 24.68467140197754 24.96131134033203 24.694976806640625 24.010879516601562 23.892831802368164 31.288192749023438 24.570207595825195 24.58483123779297 24.474559783935547 24.831743240356445 24.53183937072754 24.18060874938965 24.696287155151367 
54.87286376953125 23.49180793762207 23.491455078125 23.549503326416016 23.92838478088379 24.67043113708496 24.633056640625 24.225343704223633 31.81443214416504 24.196447372436523 24.14918327331543 24.43391990661621 24.607168197631836 24.477312088012695 24.318944931030273 24.523231506347656 
58.03267288208008 23.56051254272461 23.929887771606445 23.831775665283203 23.86777687072754 24.35875129699707 24.49001693725586 24.42323112487793 30.817792892456055 24.009599685668945 25.02239990234375 24.387712478637695 24.18329620361328 24.383455276489258 24.556224822998047 23.931488037109375 
55.972320556640625 23.51171112060547 23.529247283935547 23.547008514404297 23.862592697143555 24.31839942932129 24.277151107788086 23.943679809570312 29.724096298217773 24.21811294555664 24.605632781982422 24.089599609375 24.692256927490234 24.835487365722656 24.44051170349121 24.29292869567871 
58.058494567871094 23.547040939331055 23.72345542907715 23.80473518371582 23.838720321655273 24.580095291137695 24.980607986450195 24.735519409179688 30.706239700317383 24.18560028076172 25.13315200805664 24.327199935913086 24.271072387695312 25.696191787719727 24.525375366210938 24.17251205444336 
56.97568130493164 23.53241539001465 23.73004722595215 24.660287857055664 24.43724822998047 24.238304138183594 24.558591842651367 24.491680145263672 31.768896102905273 24.086528778076172 24.482431411743164 25.632640838623047 24.526399612426758 24.255264282226562 24.400928497314453 24.524192810058594 
66.46995544433594 23.49260711669922 23.700895309448242 23.728063583374023 23.91641616821289 24.65273666381836 24.639392852783203 24.143007278442383 28.220224380493164 24.416288375854492 24.300703048706055 24.701248168945312 24.62713623046875 24.392223358154297 24.455007553100586 24.72812843322754 
59.09990310668945 23.533119201660156 23.519071578979492 24.28041648864746 24.470687866210938 24.23628807067871 23.89788818359375 23.940383911132812 28.040800094604492 24.360511779785156 24.516672134399414 24.74553680419922 24.603776931762695 24.43027114868164 24.310495376586914 24.494047164916992 
58.070369720458984 23.545215606689453 23.554304122924805 24.45088005065918 24.642112731933594 24.202016830444336 23.87494468688965 24.160512924194336 29.321664810180664 24.157855987548828 24.801759719848633 24.51103973388672 24.405855178833008 24.528383255004883 24.6625919342041 24.468191146850586 
49.511295318603516 17.12883186340332 17.128128051757812 17.14182472229004 17.339712142944336 17.341567993164062 17.33145523071289 17.403776168823242 22.312768936157227 17.370208740234375 18.685407638549805 17.572288513183594 18.120800018310547 18.15100860595703 17.672351837158203 17.303680419921875 
32.72172927856445 17.082847595214844 17.095808029174805 17.413503646850586 17.62646484375 18.364543914794922 18.89743995666504 17.832799911499023 22.456480026245117 17.314207077026367 18.09903907775879 17.545503616333008 17.9083194732666 18.52992057800293 17.6243839263916 17.846080780029297 
33.72409439086914 17.050079345703125 17.048351287841797 17.12041664123535 17.733983993530273 17.832416534423828 17.803327560424805 17.60972785949707 23.738847732543945 17.2346248626709 18.09891128540039 17.73561668395996 17.302976608276367 17.9880313873291 17.76710319519043 17.450944900512695 
32.714111328125 17.023231506347656 17.105119705200195 17.336576461791992 17.29862403869629 17.224735260009766 17.51363182067871 17.741535186767578 25.268224716186523 17.295679092407227 17.676671981811523 17.50912094116211 17.2708797454834 18.108736038208008 17.65011215209961 17.383968353271484 
32.70924758911133 17.07379150390625 17.055456161499023 17.046783447265625 17.162752151489258 19.150527954101562 17.433055877685547 17.693599700927734 24.677568435668945 17.91417694091797 17.66422462463379 17.26995277404785 18.25324821472168 17.438688278198242 17.476863861083984 18.271392822265625 
34.79878234863281 17.034080505371094 17.100479125976562 17.28816032409668 17.275711059570312 17.270784378051758 17.443008422851562 17.559776306152344 25.029888153076172 17.482463836669922 17.496511459350586 17.356447219848633 17.867616653442383 17.74857521057129 17.316959381103516 18.353696823120117 
31.635583877563477 17.07526397705078 17.0383358001709 17.33228874206543 17.460575103759766 17.76630401611328 17.716032028198242 18.138208389282227 25.127967834472656 17.750751495361328 17.507104873657227 18.30918312072754 17.616960525512695 17.443008422851562 17.848703384399414 17.40540885925293 
32.94732666015625 17.047040939331055 17.21561622619629 17.369600296020508 17.45248031616211 17.479904174804688 17.834400177001953 17.45008087158203 25.086528778076172 17.356800079345703 17.356416702270508 17.53104019165039 17.765792846679688 18.335039138793945 17.632959365844727 17.360992431640625 
30.603008270263672 17.039968490600586 17.07529640197754 17.532703399658203 17.67407989501953 17.67193603515625 17.469087600708008 17.44646453857422 22.383424758911133 17.637184143066406 17.97439956665039 17.26108741760254 17.410079956054688 17.536928176879883 17.33184051513672 18.8374080657959 
33.72016143798828 17.051904678344727 17.03183937072754 17.21161651611328 17.398624420166016 17.373504638671875 17.479360580444336 17.884288787841797 24.446048736572266 17.46169662475586 17.411104202270508 18.026975631713867 17.405248641967773 18.18627166748047 18.298688888549805 17.464448928833008 
45.12403106689453 26.160991668701172 26.3855037689209 27.08198356628418 27.316736221313477 26.948511123657227 26.972192764282227 26.88092803955078 33.39673614501953 27.03968048095703 27.459999084472656 27.12188720703125 27.222272872924805 27.244768142700195 27.012479782104492 26.959360122680664 
54.569950103759766 26.187456130981445 26.416736602783203 27.57097625732422 27.138368606567383 27.815135955810547 27.829599380493164 26.986560821533203 36.2388801574707 26.960735321044922 27.25868797302246 27.227807998657227 27.219039916992188 27.199264526367188 27.65001678466797 27.377792358398438 
54.571617126464844 26.204832077026367 26.96976089477539 27.478687286376953 27.227519989013672 27.73798370361328 27.429664611816406 26.808671951293945 34.361534118652344 26.944128036499023 27.170560836791992 27.534591674804688 27.848447799682617 27.284448623657227 27.307552337646484 27.16796875 
55.65865707397461 26.236000061035156 26.58140754699707 26.63167953491211 27.59494400024414 27.7093448638916 27.03727912902832 27.340608596801758 35.31836700439453 26.840768814086914 27.338592529296875 27.5664005279541 28.821184158325195 27.292896270751953 27.041759490966797 27.296287536621094 
54.55731201171875 26.492128372192383 26.791519165039062 26.96233558654785 27.45897674560547 27.49884796142578 26.90239906311035 26.943967819213867 36.620094299316406 27.358367919921875 27.082271575927734 27.157663345336914 27.84636878967285 27.326208114624023 27.676511764526367 27.462751388549805 
54.5860481262207 26.183008193969727 26.421375274658203 27.679359436035156 28.160608291625977 27.108095169067383 27.437376022338867 27.404895782470703 33.77967834472656 26.88489532470703 27.09663963317871 27.72083282470703 27.571712493896484 27.833824157714844 27.3341121673584 27.04470443725586 
56.71247863769531 26.25606346130371 26.593055725097656 27.4335994720459 27.51785659790039 26.879615783691406 26.561887741088867 27.075456619262695 36.337310791015625 27.340383529663086 27.645408630371094 27.124736785888672 27.307104110717773 27.295455932617188 27.080768585205078 27.66681671142578 
56.70800018310547 26.23574447631836 26.331968307495117 26.518720626831055 27.221439361572266 26.96019172668457 27.895519256591797 27.717792510986328 37.08937454223633 26.947872161865234 27.22096061706543 27.487520217895508 27.576160430908203 27.4552001953125 27.135103225708008 27.07267189025879 
55.65903854370117 26.191936492919922 26.217695236206055 26.774944305419922 27.345312118530273 26.91084861755371 27.654207229614258 27.348127365112305 36.553279876708984 27.434656143188477 26.8786563873291 27.35919952392578 27.402624130249023 26.740543365478516 27.527103424072266 28.23196792602539 
50.41532897949219 26.614688873291016 26.699647903442383 26.809471130371094 27.743520736694336 27.60633659362793 26.99020767211914 27.180736541748047 37.90214538574219 26.60099220275879 27.301151275634766 27.231903076171875 26.990079879760742 27.667072296142578 27.46816062927246 27.28620719909668 
48.032958984375 34.36272048950195 34.996673583984375 35.84454345703125 36.08339309692383 35.56947326660156 35.20265579223633 47.41667175292969 44.342529296875 34.55945587158203 35.28022384643555 34.29507064819336 34.3427848815918 34.8256950378418 34.73545455932617 34.374752044677734 
52.40911865234375 34.08454513549805 35.76831817626953 35.59231948852539 35.60755157470703 36.031742095947266 35.84627151489258 85.98515319824219 41.519710540771484 34.51171112060547 34.79625701904297 34.38496017456055 34.75475311279297 34.800289154052734 34.432350158691406 34.95868682861328 
49.473697662353516 34.134910583496094 35.51939010620117 35.62492752075195 36.55596923828125 35.50764846801758 35.085758209228516 93.87955474853516 38.65865707397461 34.78496170043945 34.79328155517578 34.46134567260742 35.53196716308594 35.64780807495117 34.21651077270508 35.277889251708984 
50.15590286254883 34.87247848510742 36.2039680480957 35.650047302246094 35.168670654296875 35.65577697753906 35.52140808105469 36.26262283325195 40.352638244628906 34.419456481933594 34.75996780395508 34.78236770629883 34.22582244873047 34.82521438598633 34.73571014404297 34.268959045410156 
50.5711669921875 34.4958381652832 34.779327392578125 35.30553436279297 35.93561553955078 35.36048126220703 35.17737579345703 35.646240234375 42.403263092041016 34.57779312133789 34.51465606689453 34.83369445800781 34.67206573486328 34.49769592285156 35.22163009643555 35.78499221801758 
52.29199981689453 34.13081741333008 34.629695892333984 35.37321472167969 36.169185638427734 36.38787078857422 35.17363357543945 35.22419357299805 39.917823791503906 34.78348922729492 34.38627243041992 34.91007995605469 35.50080108642578 34.511390686035156 34.345279693603516 35.01152038574219 
87.11808013916016 34.20016098022461 35.66377639770508 36.376670837402344 35.22041702270508 35.99833679199219 35.9576301574707 36.41209411621094 40.133792877197266 34.67097473144531 34.4918098449707 35.884735107421875 34.11420822143555 34.32262420654297 34.831199645996094 34.55744171142578 
49.45888137817383 34.247039794921875 35.063262939453125 35.008033752441406 36.38694381713867 35.85945510864258 35.111263275146484 35.6025276184082 40.82892990112305 34.451168060302734 34.852928161621094 35.16230392456055 35.65644836425781 34.42387390136719 35.353153228759766 34.436065673828125 
47.322975158691406 34.42870330810547 35.668704986572266 35.5333137512207 35.88630294799805 35.48441696166992 35.36636734008789 35.32668685913086 41.86787033081055 34.312992095947266 34.4224967956543 34.34812927246094 34.935489654541016 34.80547332763672 34.38345718383789 35.77203369140625 
55.525054931640625 34.45884704589844 35.85491180419922 35.97190475463867 35.01718521118164 35.41747283935547 35.40687942504883 134.24537658691406 42.37343978881836 35.920833587646484 34.0511360168457 34.608768463134766 34.439231872558594 34.3936653137207 34.90323257446289 34.16624069213867 
38.142433166503906 19.182111740112305 19.32758331298828 19.41414451599121 19.655168533325195 19.763071060180664 19.901023864746094 56.058719635009766 30.056671142578125 19.6125431060791 19.730527877807617 19.68409538269043 19.489791870117188 19.572032928466797 19.62998390197754 19.589696884155273 
33.912864685058594 19.056255340576172 19.128864288330078 19.134496688842773 19.33955192565918 19.34761619567871 19.482879638671875 19.50022315979004 29.83443260192871 19.65452766418457 19.53113555908203 19.5916805267334 19.80633544921875 19.54003143310547 19.50556755065918 19.64499282836914 
35.042625427246094 19.156543731689453 19.69068717956543 19.322368621826172 19.48204803466797 19.58710479736328 19.66713523864746 19.75644874572754 27.585439682006836 20.041664123535156 20.370336532592773 20.552959442138672 20.235584259033203 20.36422348022461 20.186176300048828 20.33318328857422 
35.049312591552734 19.101856231689453 19.12544059753418 19.132064819335938 19.204416275024414 19.521440505981445 19.614431381225586 19.583168029785156 28.016735076904297 19.608671188354492 19.578975677490234 19.43657684326172 19.791072845458984 19.760032653808594 19.59667205810547 19.59440040588379 
36.05305480957031 19.0817928314209 19.136255264282227 19.20355224609375 19.815807342529297 20.206144332885742 20.333696365356445 20.30201530456543 27.578880310058594 20.678176879882812 20.221023559570312 20.497407913208008 20.517791748046875 20.74358367919922 20.679840087890625 20.1561279296875 
35.02163314819336 19.06915283203125 19.22096061706543 19.527999877929688 19.563648223876953 21.3885440826416 19.579999923706055 19.693952560424805 27.8985595703125 19.788639068603516 20.312768936157227 20.734399795532227 20.429824829101562 20.83478355407715 20.140607833862305 20.138015747070312 
35.01424026489258 19.057151794433594 19.330175399780273 19.34726333618164 19.38751983642578 19.638463973999023 19.63408088684082 19.671552658081055 28.814592361450195 19.738815307617188 19.424415588378906 19.62259292602539 19.68454360961914 19.850688934326172 19.559904098510742 20.322816848754883 
34.98476791381836 19.137983322143555 19.099103927612305 19.255935668945312 19.32035255432129 19.36409568786621 19.38479995727539 19.45974349975586 30.95782470703125 19.909439086914062 19.995359420776367 20.040864944458008 19.85580825805664 21.095359802246094 20.119104385375977 20.108064651489258 
34.99484634399414 19.096256256103516 19.1296329498291 19.193056106567383 19.238208770751953 19.2957763671875 19.473312377929688 19.476192474365234 30.15500831604004 19.929183959960938 19.985855102539062 19.8984317779541 20.162464141845703 19.85100746154785 19.89740753173828 19.87455940246582 
33.93916702270508 19.093631744384766 19.127487182617188 19.543840408325195 19.887296676635742 20.189056396484375 19.942848205566406 19.953760147094727 29.787647247314453 19.894208908081055 19.801984786987305 20.171104431152344 19.72870445251465 19.79462432861328 19.481952667236328 19.55958366394043 
53.81462478637695 33.92559814453125 34.97340774536133 35.4156494140625 35.62499237060547 35.25766372680664 35.308128356933594 40.902496337890625 42.78236770629883 34.57270431518555 35.252830505371094 35.52227020263672 35.03567886352539 34.796958923339844 34.567649841308594 34.762977600097656 
71.80499267578125 34.044193267822266 35.51283264160156 35.73878479003906 35.94316864013672 35.360416412353516 35.5120964050293 37.306209564208984 41.414432525634766 34.62627029418945 34.857791900634766 34.87206268310547 35.523136138916016 35.89539337158203 34.08863830566406 35.07222366333008 
72.68816375732422 34.00646209716797 34.7586555480957 36.497920989990234 37.035423278808594 35.60879898071289 35.3469123840332 53.48128128051758 41.652896881103516 34.41196823120117 34.84096145629883 34.87859344482422 34.71452713012695 35.10380935668945 35.73244857788086 34.71859359741211 
70.68457794189453 34.38166427612305 36.320926666259766 35.653438568115234 35.41872024536133 35.13894271850586 36.031742095947266 43.3372802734375 39.132320404052734 34.648193359375 35.48012924194336 34.74969482421875 34.98009490966797 34.95270538330078 34.805118560791016 35.13353729248047 
82.16544342041016 34.00032043457031 34.09503936767578 34.47315216064453 35.527809143066406 35.32553482055664 36.058624267578125 35.756256103515625 42.062015533447266 34.576351165771484 34.25743865966797 34.856510162353516 34.395233154296875 34.937313079833984 34.807552337646484 34.52860641479492 
69.6915512084961 34.017215728759766 35.81647872924805 34.852638244628906 36.13849639892578 35.5648307800293 35.17647933959961 35.14326477050781 41.837886810302734 34.94976043701172 34.57855987548828 34.78112030029297 34.4447021484375 34.889217376708984 34.54220962524414 35.21577453613281 
78.0469741821289 34.06070327758789 34.69686508178711 34.61577606201172 35.60454559326172 35.46543884277344 35.1195182800293 34.78428649902344 39.90963363647461 34.43510437011719 35.31852722167969 34.44758224487305 34.55744171142578 34.53398513793945 34.56355285644531 35.023521423339844 
75.83414459228516 35.31516647338867 34.76508712768555 34.7743034362793 35.828609466552734 36.5351676940918 35.949249267578125 35.35868835449219 40.78636932373047 34.721248626708984 35.170433044433594 34.51375961303711 34.771968841552734 34.44294357299805 34.73833465576172 34.92921447753906 
66.45315551757812 35.80003356933594 35.73440170288086 35.358497619628906 34.90105438232422 35.70275115966797 35.76512145996094 50.899070739746094 40.56224060058594 34.42585754394531 35.013023376464844 34.78995132446289 34.93590545654297 35.06012725830078 35.59120178222656 35.02201461791992 
69.64643096923828 34.43427276611328 35.64064025878906 35.60918426513672 35.00288009643555 35.65449523925781 36.44303894042969 53.37811279296875 39.72016143798828 34.723201751708984 34.407806396484375 34.9818229675293 34.6077766418457 34.72751998901367 35.51241683959961 36.00348663330078 
65.66191864013672 29.03264045715332 29.081279754638672 30.133087158203125 29.928255081176758 29.67807960510254 29.78175926208496 30.156736373901367 39.645408630371094 28.84102439880371 29.933887481689453 29.161151885986328 28.919551849365234 29.70863914489746 29.75779151916504 29.83932876586914 
56.168670654296875 28.468544006347656 28.388992309570312 29.079679489135742 29.044063568115234 29.437440872192383 29.478431701660156 29.053312301635742 38.807071685791016 29.14067268371582 29.965248107910156 29.692607879638672 29.270559310913086 29.697919845581055 29.510719299316406 29.83577537536621 
56.1374397277832 28.540224075317383 29.14031982421875 28.894784927368164 29.736703872680664 29.267295837402344 29.31657600402832 29.422496795654297 40.44655990600586 29.448640823364258 30.660991668701172 29.72870445251465 29.24723243713379 29.989248275756836 28.608736038208008 29.220991134643555 
58.264320373535156 28.367807388305664 28.440319061279297 29.43769645690918 29.28633689880371 29.742399215698242 29.47648048400879 29.97123146057129 39.968929290771484 30.24336051940918 29.5380802154541 29.796703338623047 29.131967544555664 28.823135375976562 29.782880783081055 29.73404884338379 
56.1280632019043 28.482688903808594 29.18262481689453 30.05116844177246 29.900863647460938 29.995071411132812 29.644607543945312 30.04924774169922 39.33001708984375 29.789215087890625 29.29145622253418 29.748960494995117 28.97315216064453 29.448287963867188 29.283327102661133 29.641759872436523 
57.1734733581543 28.780128479003906 28.94598388671875 29.3384952545166 29.394399642944336 29.866943359375 29.612607955932617 29.29100799560547 40.213504791259766 29.697919845581055 28.908512115478516 29.72083282470703 28.853343963623047 29.62620735168457 30.535903930664062 30.474592208862305 
92.85302734375 28.75142478942871 29.65567970275879 29.454143524169922 29.92265510559082 29.226816177368164 29.95529556274414 30.309280395507812 39.94355010986328 29.42083168029785 29.34556770324707 29.529279708862305 29.611328125 29.481279373168945 30.268415451049805 29.902240753173828 
55.05712127685547 28.423072814941406 29.94825553894043 29.840639114379883 30.07414436340332 29.572288513183594 29.65363121032715 30.03481674194336 37.96684646606445 29.543136596679688 30.09280014038086 29.874176025390625 29.09993553161621 29.706432342529297 29.622207641601562 29.766624450683594 
57.166751861572266 28.422624588012695 28.503360748291016 29.2093448638916 29.2478084564209 29.978303909301758 29.987743377685547 30.605215072631836 39.64988708496094 29.5402889251709 28.91551971435547 28.99955177307129 29.903135299682617 29.558879852294922 30.16547203063965 29.65558433532715 
65.22886657714844 28.3450870513916 28.491071701049805 29.0882568359375 29.21241569519043 29.862112045288086 29.819103240966797 32.316959381103516 36.90188980102539 28.895584106445312 29.494592666625977 29.74665641784668 29.686464309692383 29.361120223999023 29.90892791748047 29.343584060668945 
68.59295654296875 42.231807708740234 37.423583984375 36.51491165161133 39.74198532104492 107.19449615478516 30.539392471313477 29.868576049804688 40.4136962890625 29.881248474121094 29.612960815429688 29.683359146118164 29.924352645874023 30.28771209716797 30.41049575805664 32.59987258911133 
49.713375091552734 37.00502395629883 37.18560028076172 41.3455696105957 149.46176147460938 35.150943756103516 28.967199325561523 29.807392120361328 37.79148864746094 29.649696350097656 29.992895126342773 29.992704391479492 29.452896118164062 29.35491180419922 30.53513526916504 30.262239456176758 
49.74591827392578 39.4290885925293 37.64396667480469 45.805503845214844 53.081886291503906 39.434783935546875 36.97452926635742 37.34809494018555 38.403297424316406 29.51203155517578 29.806880950927734 30.671871185302734 30.2589111328125 30.207168579101562 29.567359924316406 30.03603172302246 
49.69465637207031 39.550174713134766 36.95808029174805 44.79564666748047 67.31523132324219 36.604671478271484 37.06809616088867 35.670623779296875 44.14012908935547 29.807008743286133 30.0795841217041 30.891712188720703 29.369983673095703 29.84828758239746 30.05855941772461 29.804224014282227 
50.77132797241211 39.071617126464844 40.55894470214844 150.67481994628906 36.88569641113281 33.48681640625 29.516000747680664 29.449119567871094 40.29999923706055 29.591264724731445 30.090272903442383 30.21459197998047 30.05583953857422 29.860416412353516 30.236095428466797 31.315488815307617 
49.64246368408203 38.5239372253418 37.81468963623047 40.78073501586914 70.30438232421875 36.86713409423828 37.51875305175781 38.02579116821289 44.29081726074219 29.780031204223633 29.644256591796875 29.744831085205078 29.81808090209961 29.938720703125 30.06483268737793 29.47235107421875 
50.74582290649414 38.0302734375 38.33158493041992 40.1157112121582 72.01878356933594 36.88608169555664 36.63398361206055 36.59177780151367 40.68019104003906 29.65180778503418 29.97395133972168 29.419584274291992 29.633888244628906 29.81865692138672 30.0262393951416 30.431808471679688 
49.73926544189453 39.61027145385742 36.855262756347656 46.855743408203125 57.04105758666992 38.03583908081055 36.505950927734375 36.516639709472656 40.378719329833984 29.661855697631836 29.42451286315918 30.320512771606445 29.507776260375977 30.003456115722656 30.099136352539062 30.36956787109375 
49.70783996582031 37.99369430541992 36.73606491088867 158.7241668701172 36.87043380737305 31.146879196166992 29.171232223510742 30.0581111907959 39.2283821105957 29.5296630859375 29.852863311767578 29.995807647705078 30.074464797973633 30.474143981933594 30.2457275390625 30.00921630859375 
49.70560073852539 38.647647857666016 38.22297668457031 40.53334426879883 74.4800033569336 36.77571105957031 36.62883377075195 34.717281341552734 39.67148971557617 29.700735092163086 29.51702308654785 29.974559783935547 30.04368019104004 30.173023223876953 30.085248947143555 29.925952911376953 
46.96700668334961 27.80316734313965 28.557376861572266 28.661312103271484 56.406463623046875 29.385696411132812 34.62275314331055 29.433504104614258 37.60432052612305 28.5581111907959 28.935264587402344 28.770784378051758 28.765535354614258 28.588640213012695 28.726303100585938 28.730783462524414 
46.043296813964844 28.563039779663086 28.653696060180664 28.809375762939453 28.792224884033203 28.618303298950195 29.453920364379883 29.835168838500977 38.46294403076172 28.42790412902832 28.83283233642578 28.602848052978516 28.771583557128906 28.250911712646484 28.682079315185547 28.86582374572754 
48.0909423828125 27.761184692382812 27.9368953704834 28.887840270996094 28.39628791809082 28.82476806640625 28.939327239990234 29.33350372314453 34.10723114013672 28.601472854614258 28.79043197631836 28.46950340270996 28.590784072875977 28.82854461669922 31.94099235534668 28.17203140258789 
45.142433166503906 28.641376495361328 28.765472412109375 28.42780876159668 28.682239532470703 28.616479873657227 29.151744842529297 29.009056091308594 36.480831146240234 28.473695755004883 28.62460708618164 29.043615341186523 28.847679138183594 28.492799758911133 28.759456634521484 28.23529624938965 
48.10291290283203 27.788288116455078 28.69036865234375 28.56707191467285 29.36307144165039 29.089920043945312 29.34342384338379 29.12771224975586 32.69446563720703 28.428863525390625 28.715391159057617 28.54534339904785 28.842239379882812 29.031391143798828 28.765024185180664 28.827999114990234 
85.95209503173828 27.776256561279297 28.018463134765625 28.268991470336914 28.496063232421875 29.47382354736328 29.233951568603516 28.793184280395508 38.440032958984375 28.402240753173828 28.42086410522461 29.03875160217285 28.678176879882812 28.445728302001953 30.96691131591797 28.394624710083008 
46.02617645263672 27.779136657714844 28.5614070892334 28.67843246459961 29.128864288330078 29.1628475189209 28.82156753540039 29.441823959350586 36.24256134033203 28.577184677124023 28.94220733642578 28.70230484008789 28.49065589904785 28.60425567626953 28.696352005004883 27.989055633544922 
43.898433685302734 28.095104217529297 28.29167938232422 29.016063690185547 29.164703369140625 28.65727996826172 29.041696548461914 41.54044723510742 36.18627166748047 28.23468780517578 29.474367141723633 28.476608276367188 28.908512115478516 28.934080123901367 28.875263214111328 28.593055725097656 
46.01113510131836 28.147808074951172 28.73801612854004 28.235071182250977 28.42006492614746 28.383520126342773 29.348960876464844 29.213600158691406 37.923744201660156 28.54115104675293 28.24095916748047 28.10483169555664 28.516223907470703 28.764799118041992 29.054975509643555 29.02511978149414 
44.96220779418945 27.776927947998047 28.870975494384766 29.280319213867188 29.393951416015625 29.167455673217773 28.588735580444336 29.225568771362305 38.56367874145508 28.430143356323242 28.143199920654297 28.545024871826172 28.554367065429688 28.5284481048584 28.846559524536133 28.410400390625 
77.6409912109375 34.18406295776367 36.14476776123047 36.45542526245117 35.29443359375 35.499393463134766 36.17500686645508 36.191871643066406 40.52163314819336 34.506752014160156 35.508033752441406 34.75360107421875 34.89564895629883 34.82691192626953 34.773502349853516 35.293182373046875 
134.3937225341797 34.43036651611328 35.10550308227539 35.394142150878906 36.736385345458984 36.65856170654297 35.234527587890625 35.90764617919922 39.8045768737793 34.51612854003906 34.631038665771484 34.84428787231445 34.624481201171875 34.86073684692383 34.75699234008789 34.984222412109375 
73.18489837646484 34.304256439208984 34.61564636230469 35.20608139038086 36.03510284423828 35.57622528076172 36.151039123535156 35.16486358642578 41.40243148803711 34.49568176269531 34.82972717285156 34.54655838012695 34.46579360961914 35.102176666259766 35.186527252197266 34.87401580810547 
71.3719711303711 34.23347091674805 34.105472564697266 35.163936614990234 35.009761810302734 34.91680145263672 34.853118896484375 35.93056106567383 41.265953063964844 34.41532897949219 34.6767692565918 35.049598693847656 34.371742248535156 34.83440017700195 34.497920989990234 34.89507293701172 
69.268798828125 35.11779022216797 34.546913146972656 35.474910736083984 35.87036895751953 35.77577590942383 34.76006317138672 34.58652877807617 41.31052780151367 35.119102478027344 34.53104019165039 34.77743911743164 34.233055114746094 35.336734771728516 34.74860763549805 34.59836959838867 
71.4062728881836 34.18409729003906 34.810272216796875 34.90547180175781 36.44851303100586 35.16409683227539 34.872032165527344 35.28054428100586 38.34624099731445 34.54643249511719 34.794334411621094 34.827232360839844 34.48585510253906 34.71072006225586 34.57551956176758 34.74406433105469 
104.98738861083984 34.74585723876953 35.3004150390625 36.20991897583008 35.9054069519043 36.034942626953125 35.27033615112305 35.455841064453125 42.22137451171875 34.51327896118164 34.67417526245117 34.45024108886719 35.78531265258789 34.57068634033203 35.00342559814453 34.66329574584961 
72.89686584472656 33.89238357543945 34.87801742553711 35.818302154541016 35.92329788208008 36.35868835449219 35.50787353515625 35.166561126708984 40.07731246948242 34.60531234741211 34.54249572753906 34.81273651123047 34.779422760009766 34.71625518798828 34.79987335205078 34.865055084228516 
70.32505798339844 34.367454528808594 35.84281539916992 36.26908874511719 34.999393463134766 35.2454719543457 36.20857620239258 36.06758499145508 38.25542449951172 34.558624267578125 35.44745635986328 34.99113464355469 34.965248107910156 34.39596939086914 34.87481689453125 34.645694732666016 
69.29618835449219 35.316158294677734 35.09212875366211 35.24262237548828 35.685054779052734 34.565025329589844 34.542816162109375 35.260128021240234 40.97296142578125 34.55686569213867 34.29142379760742 34.68601608276367 35.55235290527344 34.187232971191406 35.19472122192383 35.083553314208984 
76.58857727050781 27.072032928466797 27.35193634033203 27.2205753326416 27.982431411743164 27.648544311523438 28.235647201538086 28.048351287841797 34.22310256958008 27.775104522705078 28.777952194213867 28.32761573791504 27.753887176513672 28.031295776367188 30.34671974182129 27.570592880249023 
42.91398239135742 27.12236785888672 27.650527954101562 27.831071853637695 28.5614070892334 28.097856521606445 28.49456024169922 28.208799362182617 34.4659538269043 27.62816047668457 27.765920639038086 29.14201545715332 27.62950325012207 28.215007781982422 28.402271270751953 27.67945671081543 
41.83625411987305 27.20355224609375 27.201248168945312 27.916576385498047 28.540191650390625 28.009727478027344 28.517759323120117 28.156063079833984 34.89583969116211 28.03606414794922 28.139968872070312 28.28607940673828 28.839263916015625 27.685087203979492 27.8305606842041 28.076671600341797 
52.254974365234375 27.157119750976562 27.481216430664062 27.533119201660156 28.323583602905273 27.925983428955078 28.57107162475586 28.18739128112793 32.95561599731445 27.888416290283203 28.328832626342773 28.511295318603516 28.18467140197754 28.573152542114258 28.07360076904297 27.419008255004883 
41.89904022216797 27.147136688232422 27.508159637451172 27.521663665771484 28.387584686279297 28.29862403869629 28.23075294494629 27.78611183166504 36.423744201660156 27.61248016357422 27.436351776123047 27.58291244506836 28.421951293945312 28.580127716064453 29.515840530395508 28.78451156616211 
43.94160079956055 27.084928512573242 27.46086311340332 28.344064712524414 27.936832427978516 27.564767837524414 28.21139144897461 27.707199096679688 36.753536224365234 27.80022430419922 28.732799530029297 27.839872360229492 28.190656661987305 28.19375991821289 29.599424362182617 27.62620735168457 
40.832801818847656 27.139616012573242 28.07494354248047 28.192096710205078 28.642303466796875 28.398784637451172 27.75542449951172 28.201631546020508 35.413822174072266 27.986719131469727 28.632896423339844 27.863136291503906 27.43951988220215 28.02230453491211 28.566240310668945 29.311296463012695 
44.02460861206055 27.131135940551758 27.135967254638672 27.25609588623047 28.141088485717773 27.953311920166016 28.520191192626953 28.37139129638672 37.49158477783203 28.005184173583984 28.506175994873047 28.378400802612305 27.457088470458984 27.848928451538086 28.3286075592041 29.121440887451172 
41.863040924072266 27.077600479125977 27.339935302734375 28.712480545043945 29.211584091186523 28.542400360107422 28.245376586914062 27.8287353515625 34.70937728881836 27.837696075439453 27.86944007873535 28.054399490356445 28.291135787963867 27.575647354125977 27.512863159179688 28.546560287475586 
45.02969741821289 27.064895629882812 27.12224006652832 28.391136169433594 28.624191284179688 29.09164810180664 28.80454444885254 29.56268882751465 34.980926513671875 27.988351821899414 28.50092887878418 27.82796859741211 27.50499153137207 28.012863159179688 29.08790397644043 28.329248428344727 
48.64003372192383 34.03628921508789 35.488990783691406 35.68080139160156 35.1682243347168 34.66831970214844 35.65238571166992 35.7487678527832 39.549217224121094 34.16099166870117 34.27276611328125 35.08857727050781 34.40419387817383 34.86812973022461 34.36320114135742 34.63340759277344 
69.62694549560547 34.63606262207031 34.23731231689453 34.83420944213867 34.46207809448242 34.643680572509766 34.78995132446289 46.047393798828125 39.52025604248047 34.1734733581543 34.55887985229492 34.12803268432617 34.97257614135742 34.358848571777344 34.73148727416992 34.3930549621582 
63.33843231201172 34.32844924926758 35.60198211669922 35.21839904785156 35.13996887207031 35.47926330566406 36.08969497680664 36.6453742980957 40.444862365722656 34.452735900878906 34.783905029296875 34.589088439941406 34.359519958496094 35.11075210571289 34.382110595703125 35.022911071777344 
76.70771026611328 33.72687911987305 34.63817596435547 35.10918426513672 35.19228744506836 35.31011199951172 35.4318733215332 35.16630554199219 40.081790924072266 34.708065032958984 34.57990264892578 34.618656158447266 34.511775970458984 34.588287353515625 34.7625617980957 35.015743255615234 
64.02934265136719 33.66495895385742 34.277278900146484 36.400577545166016 35.55001449584961 35.0052490234375 35.045921325683594 35.90009689331055 39.39436721801758 34.6104621887207 34.4213752746582 34.780609130859375 35.36268615722656 35.07712173461914 34.56819152832031 34.90803146362305 
69.29132843017578 33.64662551879883 35.15769577026367 35.66908645629883 35.02115249633789 34.63536071777344 36.28412628173828 36.310462951660156 39.87046432495117 34.28105545043945 34.891265869140625 34.82710266113281 34.492862701416016 34.29609680175781 34.72633743286133 35.00044631958008 
71.7968978881836 34.48851013183594 35.2116813659668 35.27910232543945 35.019073486328125 36.01116943359375 34.96857452392578 35.10243225097656 40.72617721557617 34.50921630859375 34.22217559814453 34.48896026611328 33.98160171508789 35.169281005859375 34.400638580322266 34.76540756225586 
70.46723175048828 33.766910552978516 34.91209411621094 36.09062576293945 34.995262145996094 35.39699172973633 35.53644943237305 35.9087028503418 38.864097595214844 34.21491241455078 34.71731185913086 34.32185745239258 34.75193786621094 33.888126373291016 34.7437744140625 34.703392028808594 
72.52633666992188 34.781280517578125 34.50012969970703 34.467872619628906 35.523807525634766 36.1036491394043 34.96723175048828 55.99580764770508 38.75948715209961 34.46073532104492 34.370689392089844 35.009056091308594 34.491966247558594 34.55548858642578 35.54560089111328 34.79507064819336 
78.06729888916016 33.77897644042969 34.02329635620117 34.94841766357422 35.37392044067383 35.34540939331055 35.670753479003906 35.208641052246094 40.194366455078125 34.29872131347656 34.40816116333008 34.2663688659668 34.270687103271484 35.27369689941406 34.72198486328125 34.54278564453125 
57.69500732421875 22.41119956970215 22.510047912597656 22.71753692626953 22.695903778076172 23.100000381469727 23.655263900756836 23.400928497314453 29.814687728881836 23.200639724731445 23.416383743286133 23.52355194091797 23.099519729614258 23.402528762817383 23.364320755004883 23.664575576782227 
44.054656982421875 22.526527404785156 23.445152282714844 22.79324722290039 22.95510482788086 22.906463623046875 23.238975524902344 90.05171203613281 27.529312133789062 23.595199584960938 23.46121597290039 23.553184509277344 23.267648696899414 23.285503387451172 23.364383697509766 22.9083194732666 
48.212608337402344 22.509695053100586 22.616832733154297 22.72559928894043 22.9597110748291 22.8438720703125 22.841312408447266 23.29167938232422 31.88435173034668 23.329120635986328 23.68841552734375 23.458911895751953 23.44153594970703 23.030719757080078 23.405696868896484 23.15667152404785 
43.009185791015625 22.54105567932129 22.527488708496094 22.573503494262695 22.739103317260742 23.3832950592041 23.878400802612305 83.63116455078125 31.897472381591797 22.816160202026367 23.63724708557129 23.136863708496094 24.999168395996094 23.209888458251953 23.636703491210938 23.47382354736328 
43.97916793823242 22.468416213989258 22.826719284057617 22.861696243286133 23.012224197387695 22.906944274902344 22.943328857421875 92.48249816894531 28.68307113647461 22.987167358398438 23.783231735229492 23.261951446533203 23.353120803833008 23.264928817749023 23.366239547729492 23.465824127197266 
45.10870361328125 22.486751556396484 22.462656021118164 22.99728012084961 23.243711471557617 23.347776412963867 23.4102725982666 83.73359680175781 30.356544494628906 23.09926414489746 23.41436767578125 23.193695068359375 23.37164878845215 23.633567810058594 23.089632034301758 23.034624099731445 
45.181983947753906 22.51580810546875 22.638975143432617 22.76198387145996 22.989696502685547 23.185792922973633 23.96963119506836 91.11385345458984 31.55571174621582 23.059263229370117 23.449087142944336 23.312255859375 23.41584014892578 23.34681510925293 23.660991668701172 23.378368377685547 
70.24457550048828 22.474655151367188 22.5350399017334 25.64441680908203 23.897920608520508 23.941856384277344 23.016544342041016 22.802047729492188 28.126176834106445 23.358591079711914 23.41312026977539 23.423551559448242 23.182815551757812 23.818496704101562 22.986047744750977 23.178335189819336 
45.15536117553711 22.552255630493164 22.751264572143555 22.928607940673828 22.885408401489258 23.07030487060547 23.74880027770996 86.37152099609375 31.26710319519043 22.9704647064209 23.388160705566406 23.581439971923828 23.37139129638672 23.087711334228516 23.652416229248047 23.559743881225586 
44.05276870727539 22.535232543945312 22.918336868286133 22.948928833007812 23.85798454284668 23.13523292541504 23.50281524658203 23.787839889526367 29.1298885345459 22.98963165283203 23.514400482177734 23.05743980407715 23.909536361694336 23.401599884033203 23.295551300048828 23.671327590942383 
63.67270278930664 43.123390197753906 45.23129653930664 45.53891372680664 44.861568450927734 43.853633880615234 44.71430587768555 43.947967529296875 50.01094436645508 43.25398254394531 42.70943832397461 43.03936004638672 42.99932861328125 43.486942291259766 43.28028869628906 45.684383392333984 
66.60034942626953 44.048641204833984 45.361793518066406 44.857086181640625 44.40073776245117 45.15119934082031 45.599422454833984 44.36435317993164 49.232574462890625 43.19251251220703 42.97836685180664 43.060543060302734 43.735233306884766 42.87833786010742 43.95561599731445 43.0880012512207 
121.15302276611328 42.65840148925781 47.07040023803711 44.833377838134766 44.543296813964844 44.88943862915039 45.569793701171875 44.58860778808594 50.533729553222656 43.07619094848633 42.6701774597168 43.31862258911133 43.802207946777344 43.23222351074219 42.80476760864258 44.559776306152344 
67.65296173095703 44.340736389160156 43.6635856628418 44.88496017456055 44.1396484375 45.6278076171875 45.8155517578125 44.7259521484375 52.786399841308594 42.6671028137207 43.5082893371582 42.95478439331055 43.1610221862793 43.37971115112305 43.15974426269531 43.128353118896484 
77.05554962158203 44.534847259521484 44.66963195800781 43.87715148925781 45.90300750732422 44.741600036621094 45.028926849365234 44.078304290771484 48.95996856689453 42.79945755004883 42.88447952270508 43.12742233276367 43.37686538696289 43.40607833862305 44.59366226196289 43.36460876464844 
65.52601623535156 42.969566345214844 44.043678283691406 45.65689468383789 44.638145446777344 44.398529052734375 44.074913024902344 44.442657470703125 50.25523376464844 44.0654411315918 42.72060775756836 43.06016159057617 42.90777587890625 43.70240020751953 42.991329193115234 44.860225677490234 
63.52649688720703 43.20675277709961 43.679710388183594 43.36793518066406 46.5458869934082 44.254112243652344 44.6343994140625 45.00764846801758 50.480384826660156 43.69219207763672 43.201568603515625 42.831390380859375 43.42646408081055 42.87836837768555 42.99836730957031 43.239742279052734 
68.63279724121094 43.63008117675781 44.504638671875 44.226558685302734 45.79315185546875 44.48854446411133 43.96931076049805 44.09254455566406 48.383968353271484 42.629886627197266 43.3205451965332 43.016929626464844 42.84620666503906 43.07276916503906 43.113407135009766 43.30854415893555 
64.44131469726562 44.05104064941406 44.60566329956055 43.957183837890625 45.534400939941406 44.196895599365234 44.16841506958008 43.939937591552734 53.11004638671875 42.57187271118164 43.12531280517578 43.39433670043945 42.90591812133789 42.91084671020508 43.10163116455078 44.06617736816406 
66.59814453125 43.99177551269531 45.31283187866211 44.4576301574707 43.8765754699707 45.596832275390625 44.855934143066406 44.3798713684082 50.360958099365234 42.704254150390625 43.95926284790039 42.907840728759766 42.69475173950195 42.907135009765625 43.61929702758789 42.98284912109375 
57.79939270019531 32.006591796875 32.09782409667969 31.736064910888672 31.584863662719727 32.92985534667969 32.28278350830078 32.21673583984375 37.811614990234375 31.761215209960938 32.25209426879883 31.843679428100586 31.841535568237305 31.645536422729492 31.74630355834961 32.86006546020508 
50.54079818725586 31.404224395751953 31.70150375366211 32.3455696105957 33.83103942871094 33.358848571777344 33.24848175048828 77.05414581298828 39.04131317138672 31.678848266601562 31.863264083862305 31.5119686126709 31.78108787536621 31.758047103881836 31.767711639404297 32.25270462036133 
53.700897216796875 31.140607833862305 31.788223266601562 31.703807830810547 31.703327178955078 32.462974548339844 32.3785285949707 32.34579086303711 39.79334259033203 31.73084831237793 31.933792114257812 32.06675338745117 31.9814395904541 32.068382263183594 31.878816604614258 32.37449645996094 
44.22409439086914 31.159072875976562 31.51955223083496 32.18409729003906 32.5206413269043 32.5761604309082 33.104896545410156 32.7239990234375 38.449249267578125 31.80748748779297 32.04035186767578 31.921663284301758 31.91155242919922 32.13587188720703 31.929216384887695 32.04787063598633 
64.14873504638672 31.68592071533203 31.447040557861328 32.22768020629883 32.7138557434082 32.776126861572266 32.782432556152344 31.895103454589844 38.38479995727539 31.476543426513672 31.686687469482422 31.648895263671875 31.82326316833496 32.13113784790039 31.65692710876465 31.98044776916504 
84.00150299072266 31.101119995117188 31.838560104370117 32.428287506103516 32.9169921875 32.80160140991211 32.63731384277344 32.139808654785156 39.247230529785156 31.58246421813965 31.899328231811523 31.704639434814453 32.6212158203125 31.783039093017578 31.792320251464844 31.981952667236328 
47.38576126098633 31.807199478149414 32.000160217285156 32.98451232910156 32.46054458618164 32.30131149291992 33.450592041015625 79.10838317871094 39.50012969970703 31.566144943237305 32.02550506591797 31.901824951171875 31.950016021728516 31.718656539916992 33.17436981201172 32.35801696777344 
50.42454528808594 31.385536193847656 31.309919357299805 31.711679458618164 32.80937576293945 32.68988800048828 32.724639892578125 32.03798294067383 37.503135681152344 31.6779842376709 31.976959228515625 31.482463836669922 32.091617584228516 31.86150360107422 31.849184036254883 31.86841583251953 
48.32255935668945 31.180255889892578 32.677406311035156 32.51939010620117 32.55196762084961 33.13849639892578 32.106719970703125 91.20419311523438 40.884159088134766 31.564992904663086 31.59017562866211 31.87718391418457 31.865312576293945 31.633535385131836 31.880863189697266 31.78607940673828 
51.489471435546875 31.50774383544922 32.3388786315918 32.54703903198242 32.10358428955078 32.23641586303711 33.48534393310547 85.03997039794922 39.592063903808594 31.596576690673828 31.971967697143555 31.51193618774414 33.16339111328125 32.46588897705078 32.116798400878906 31.9835205078125 
56.189537048339844 30.570592880249023 31.691776275634766 31.52822494506836 32.25446319580078 32.257022857666016 31.838687896728516 32.54073715209961 37.0805778503418 31.621536254882812 31.457216262817383 31.543903350830078 31.03273582458496 31.14896011352539 31.123455047607422 31.137632369995117 
67.93292999267578 30.506271362304688 31.83020782470703 32.21984100341797 31.917503356933594 31.428319931030273 31.494943618774414 31.675552368164062 35.57827377319336 31.446943283081055 31.705631256103516 31.7640323638916 32.420223236083984 32.03308868408203 31.815391540527344 32.11628723144531 
73.99142456054688 30.51763153076172 31.3852481842041 31.916799545288086 32.29811096191406 31.71036720275879 31.66582489013672 31.499744415283203 37.86790466308594 31.32921600341797 31.641536712646484 31.5435848236084 31.49849510192871 31.84886360168457 31.940256118774414 31.862272262573242 
64.58003234863281 30.9703369140625 30.742143630981445 31.97110366821289 32.074462890625 31.950719833374023 32.598209381103516 31.77235221862793 38.44460678100586 31.118751525878906 31.39244842529297 31.391231536865234 31.600351333618164 31.71785545349121 31.78118324279785 31.4833927154541 
68.71206665039062 30.475200653076172 32.155296325683594 31.666847229003906 31.571104049682617 32.575584411621094 32.307552337646484 32.129791259765625 39.27763366699219 31.137344360351562 31.334880828857422 31.057056427001953 32.2916145324707 32.48067092895508 32.051422119140625 31.629056930541992 
69.77241516113281 30.813024520874023 31.470367431640625 31.714271545410156 31.76793670654297 31.879711151123047 31.382944107055664 31.655744552612305 36.27939224243164 30.976959228515625 31.404672622680664 31.395999908447266 31.543743133544922 31.62179183959961 31.538368225097656 33.242881774902344 
75.08704376220703 30.604991912841797 31.861408233642578 31.49398422241211 31.43951988220215 31.697887420654297 31.678112030029297 32.60307312011719 38.42646408081055 31.315231323242188 31.477407455444336 31.559167861938477 31.543455123901367 31.259872436523438 31.737375259399414 31.668319702148438 
71.85699462890625 31.34966468811035 31.31635284423828 32.277984619140625 31.73423957824707 31.471200942993164 31.833984375 31.82771110534668 39.82697677612305 32.032958984375 32.403263092041016 32.01891326904297 31.575679779052734 31.122848510742188 31.44246482849121 31.380640029907227 
67.67926025390625 31.36591911315918 31.467199325561523 31.980607986450195 32.148895263671875 31.5743350982666 31.086143493652344 32.54851150512695 38.065982818603516 30.91846466064453 32.95132827758789 31.470144271850586 31.60166358947754 31.681791305541992 32.055423736572266 31.877887725830078 
65.57904052734375 30.5581111907959 30.5446720123291 31.719167709350586 31.8470401763916 31.46905517578125 31.875328063964844 31.3819522857666 36.244224548339844 31.0545597076416 31.063488006591797 32.094017028808594 31.065792083740234 32.78015899658203 31.17203140258789 31.814943313598633 
60.12799835205078 26.444896697998047 25.784032821655273 25.716384887695312 26.49260711669922 26.82854461669922 26.11622428894043 26.63417625427246 33.208255767822266 26.07107162475586 27.374080657958984 26.628032684326172 26.094751358032227 26.613567352294922 26.172927856445312 26.356159210205078 
50.71331024169922 25.297855377197266 25.858591079711914 26.38185691833496 26.146656036376953 26.851455688476562 26.828767776489258 26.296831130981445 34.40809631347656 26.019935607910156 26.32464027404785 26.320127487182617 27.84739112854004 26.451936721801758 26.281055450439453 26.336576461791992 
51.79951858520508 25.729408264160156 25.83283233642578 26.005887985229492 26.59760093688965 27.057024002075195 26.385536193847656 26.59404754638672 36.676353454589844 26.151039123535156 26.035167694091797 26.25644874572754 26.661344528198242 26.785184860229492 26.450111389160156 26.422880172729492 
49.65398406982422 25.37843132019043 25.4487361907959 25.547456741333008 25.864736557006836 26.49648094177246 25.972288131713867 26.85843276977539 33.10115051269531 26.718975067138672 26.373567581176758 26.184480667114258 26.634016036987305 26.617216110229492 25.832223892211914 26.502687454223633 
53.8704948425293 25.38159942626953 26.241056442260742 26.486719131469727 26.13987159729004 25.776512145996094 26.56844711303711 26.183584213256836 35.03580856323242 26.26268768310547 26.234943389892578 26.241376876831055 26.26736068725586 28.387903213500977 26.529056549072266 26.24291229248047 
47.603519439697266 25.35443115234375 26.53379249572754 26.71731185913086 26.116064071655273 26.13759994506836 26.429983139038086 25.871103286743164 33.223968505859375 26.139455795288086 26.920480728149414 26.43471908569336 26.451904296875 26.39251136779785 26.671199798583984 26.67705535888672 
50.674686431884766 25.69526481628418 25.849376678466797 26.1231689453125 26.14182472229004 26.80246353149414 26.502431869506836 29.330495834350586 32.79033660888672 26.10425567626953 26.158111572265625 26.69411277770996 26.218048095703125 26.66441535949707 25.922975540161133 26.485023498535156 
49.66294479370117 25.590431213378906 25.70832061767578 25.737119674682617 26.004352569580078 26.213407516479492 26.250015258789062 26.116287231445312 35.72800064086914 26.233760833740234 26.31113624572754 26.729536056518555 26.300800323486328 26.584447860717773 27.563583374023438 26.294431686401367 
49.63564682006836 25.31203269958496 26.171424865722656 26.354719161987305 26.11737632751465 25.931615829467773 26.80009651184082 26.235328674316406 34.04787063598633 26.399423599243164 26.69036865234375 26.50249671936035 26.701568603515625 27.481632232666016 26.531391143798828 26.532960891723633 
51.705631256103516 25.297088623046875 25.38003158569336 25.655744552612305 25.917856216430664 27.331071853637695 26.247007369995117 26.337919235229492 33.54025650024414 26.038047790527344 26.08185577392578 26.317087173461914 26.249216079711914 26.34204864501953 26.178848266601562 26.653568267822266 
48.066593170166016 21.322975158691406 21.340639114379883 21.671615600585938 21.84502410888672 21.87558364868164 22.469247817993164 22.50022315979004 30.654720306396484 22.324735641479492 21.987424850463867 21.852928161621094 22.795488357543945 21.819936752319336 21.970783233642578 23.068992614746094 
38.70435333251953 21.375904083251953 21.46143913269043 21.593887329101562 22.68681526184082 22.409088134765625 22.284927368164062 22.031776428222656 27.397504806518555 22.012863159179688 21.749887466430664 22.167104721069336 22.270751953125 21.968544006347656 21.718080520629883 22.348735809326172 
39.709537506103516 21.336511611938477 21.750463485717773 21.786943435668945 21.792543411254883 22.296480178833008 21.88115119934082 21.790815353393555 29.96067237854004 21.93791961669922 21.87068748474121 22.543935775756836 21.80415916442871 21.829792022705078 22.871103286743164 21.75609588623047 
38.69260787963867 21.3503360748291 21.413951873779297 21.91654396057129 22.349472045898438 22.388032913208008 21.883359909057617 21.783679962158203 29.796031951904297 21.7488956451416 21.79840087890625 22.0864315032959 21.741056442260742 21.963775634765625 22.3604793548584 21.936159133911133 
39.744449615478516 21.360383987426758 21.513792037963867 21.760639190673828 22.249439239501953 22.45635223388672 22.400415420532227 22.29644775390625 27.790143966674805 22.06265640258789 21.80134391784668 21.798303604125977 22.41913604736328 21.843231201171875 22.045087814331055 22.353504180908203 
40.252864837646484 21.346527099609375 21.72876739501953 21.919424057006836 21.881824493408203 21.801727294921875 21.80022430419922 21.81657600402832 29.786239624023438 22.161312103271484 22.61942481994629 21.784032821655273 21.832063674926758 22.30406379699707 21.941696166992188 22.57823944091797 
41.79270553588867 21.340959548950195 21.479328155517578 21.64201545715332 21.62281608581543 21.912479400634766 21.907520294189453 22.207199096679688 29.27459144592285 21.819679260253906 22.384672164916992 21.93008041381836 21.816320419311523 22.772096633911133 21.751136779785156 21.883424758911133 
39.72566223144531 21.34480094909668 21.539552688598633 21.457855224609375 21.699424743652344 21.68569564819336 21.78540802001953 21.90889549255371 23.577856063842773 22.257888793945312 21.767776489257812 22.1441593170166 22.350175857543945 21.764863967895508 22.318592071533203 22.219072341918945 
39.70105743408203 21.36832046508789 21.73311996459961 21.81056022644043 21.844287872314453 21.9553279876709 21.868383407592773 22.19353675842285 30.97385597229004 21.71014404296875 22.344064712524414 22.693344116210938 21.754240036010742 22.579456329345703 22.578271865844727 21.898143768310547 
39.72857666015625 21.412799835205078 21.819232940673828 21.970048904418945 22.424928665161133 22.336383819580078 21.929920196533203 21.865760803222656 29.030559539794922 21.931232452392578 22.099071502685547 22.16646385192871 22.020671844482422 22.019807815551758 22.2772159576416 22.090015411376953 
35.922401428222656 23.100704193115234 23.137311935424805 23.994592666625977 24.470815658569336 24.120960235595703 23.74787139892578 23.670175552368164 27.30998420715332 23.566911697387695 24.025535583496094 23.906240463256836 23.870464324951172 23.516447067260742 23.79203224182129 24.194591522216797 
56.82185745239258 23.08095932006836 23.086240768432617 23.701120376586914 24.385536193847656 24.35856056213379 24.069568634033203 23.740032196044922 28.213727951049805 23.507295608520508 23.87183952331543 23.909759521484375 23.78607940673828 23.52560043334961 23.801471710205078 24.30838394165039 
43.34764862060547 23.107263565063477 23.452768325805664 23.486207962036133 23.64409637451172 23.787935256958008 24.51478385925293 24.481088638305664 26.6441593170166 23.931072235107422 23.762271881103516 23.926496505737305 23.854751586914062 23.887359619140625 23.500032424926758 24.112512588500977 
45.488319396972656 23.214208602905273 23.18716812133789 23.359840393066406 23.619264602661133 23.740415573120117 24.071264266967773 23.817344665527344 30.992992401123047 23.75391960144043 23.582080841064453 23.514432907104492 24.241151809692383 23.997760772705078 23.826496124267578 23.741823196411133 
43.36454391479492 23.147071838378906 23.107839584350586 23.412832260131836 23.42300796508789 23.592063903808594 24.607519149780273 24.37104034423828 29.23695945739746 23.708864212036133 23.846303939819336 23.523839950561523 23.788959503173828 23.812255859375 23.832447052001953 23.611263275146484 
43.3175048828125 23.149856567382812 23.511615753173828 23.60419273376465 24.475807189941406 24.432832717895508 23.87500762939453 23.758527755737305 27.82262420654297 23.482559204101562 23.91823959350586 23.88256072998047 23.889728546142578 23.56800079345703 23.539936065673828 24.071008682250977 
42.34819030761719 23.114944458007812 23.313024520874023 23.4399356842041 23.371007919311523 23.442079544067383 24.144512176513672 24.229408264160156 29.27440071105957 23.3505916595459 23.954463958740234 24.11235237121582 23.747583389282227 23.56502342224121 23.776832580566406 24.411104202270508 
42.29014587402344 23.1964168548584 23.306367874145508 23.73753547668457 24.378944396972656 24.314207077026367 23.7761287689209 23.77008056640625 26.762624740600586 23.836191177368164 23.65407943725586 23.630752563476562 23.808351516723633 23.900672912597656 23.841983795166016 24.384639739990234 
41.208351135253906 23.157184600830078 23.810016632080078 24.037567138671875 24.07097625732422 24.06230354309082 23.928159713745117 24.455135345458984 29.737503051757812 23.374719619750977 23.822463989257812 23.822559356689453 23.808223724365234 23.516096115112305 23.8338565826416 23.99603271484375 
42.24739074707031 23.14044761657715 23.20150375366211 23.38038444519043 23.569791793823242 23.906015396118164 24.507680892944336 24.03376007080078 28.56585693359375 23.53740882873535 23.987136840820312 23.799711227416992 23.704191207885742 23.574111938476562 24.029504776000977 24.05913543701172 
40.12566375732422 18.480159759521484 18.568927764892578 18.990720748901367 19.170879364013672 19.352703094482422 19.505952835083008 19.369951248168945 30.309568405151367 18.666784286499023 18.912832260131836 19.058879852294922 19.313791275024414 20.027456283569336 19.53900718688965 19.4267520904541 
32.699806213378906 18.355424880981445 18.379648208618164 18.354272842407227 18.41334342956543 18.696895599365234 18.908992767333984 18.89993667602539 26.203231811523438 19.132383346557617 19.78505516052246 19.308576583862305 19.580991744995117 19.14339256286621 18.821855545043945 18.919584274291992 
32.69916915893555 18.441343307495117 18.4036808013916 18.578176498413086 18.606304168701172 18.700319290161133 18.775840759277344 18.973983764648438 25.73369598388672 19.161760330200195 18.945119857788086 19.564992904663086 19.235071182250977 19.088031768798828 18.823360443115234 18.76470375061035 
34.80998229980469 18.37238311767578 18.38969612121582 18.45395278930664 18.672351837158203 18.920927047729492 19.165536880493164 19.18169593811035 25.992319107055664 19.422815322875977 19.806272506713867 19.18502426147461 19.13657569885254 18.837087631225586 18.80451202392578 18.942399978637695 
33.744510650634766 18.408000946044922 18.362367630004883 18.445695877075195 18.60588836669922 18.675840377807617 18.715103149414062 19.12281608581543 22.688703536987305 19.084640502929688 19.312639236450195 19.456960678100586 19.085664749145508 19.291135787963867 19.60313606262207 19.359968185424805 
33.7127685546875 18.330175399780273 18.363296508789062 18.84444808959961 18.931808471679688 18.986783981323242 19.263423919677734 19.380159378051758 27.19593620300293 19.352096557617188 18.880447387695312 19.103008270263672 18.965503692626953 19.342559814453125 19.9531192779541 20.39014434814453 
34.78112030029297 18.38185691833496 18.403039932250977 18.428768157958984 18.60745620727539 18.80454444885254 18.739648818969727 18.84320068359375 23.765119552612305 19.870399475097656 19.284832000732422 19.506559371948242 19.4683837890625 19.292287826538086 19.181472778320312 18.69443130493164 
33.79692840576172 18.373247146606445 18.39321517944336 18.429119110107422 18.82512092590332 18.71833610534668 18.782304763793945 18.8984317779541 25.192832946777344 18.85887908935547 18.49091148376465 19.764480590820312 19.52230453491211 19.936607360839844 19.47260856628418 19.214303970336914 
33.75449752807617 18.400991439819336 18.6428165435791 18.635072708129883 18.647808074951172 19.038400650024414 19.346752166748047 19.483232498168945 26.090463638305664 18.680320739746094 18.847808837890625 18.954816818237305 19.8887996673584 19.569536209106445 19.423871994018555 19.169279098510742 
32.65446472167969 18.358720779418945 18.321184158325195 18.426847457885742 18.667680740356445 18.593568801879883 18.581951141357422 18.797439575195312 22.34396743774414 19.038240432739258 19.10982322692871 19.52947235107422 19.089984893798828 18.947328567504883 18.66819190979004 18.982080459594727 
46.85987091064453 29.66771125793457 31.04537582397461 31.140064239501953 31.532896041870117 31.66441535949707 30.515167236328125 30.64019203186035 34.77280044555664 30.342208862304688 30.878080368041992 30.159488677978516 30.1713924407959 30.560447692871094 30.881568908691406 30.22649574279785 
53.25551986694336 30.14556884765625 30.334272384643555 31.515871047973633 31.1507511138916 31.090879440307617 30.685888290405273 30.9388484954834 35.49657440185547 30.64646339416504 31.527904510498047 30.39347267150879 30.253311157226562 30.092416763305664 30.567167282104492 30.5863037109375 
46.814048767089844 29.624128341674805 29.997343063354492 30.900352478027344 30.588768005371094 31.146272659301758 31.189855575561523 39.22185516357422 37.47740936279297 30.11836814880371 30.453407287597656 31.223936080932617 30.866336822509766 30.45667266845703 30.48601531982422 30.727327346801758 
47.588768005371094 30.219839096069336 30.635488510131836 30.122112274169922 30.80544090270996 30.34137535095215 30.894655227661133 31.260223388671875 35.118751525878906 30.500415802001953 30.931743621826172 30.469120025634766 30.1727352142334 30.22003173828125 30.750783920288086 30.3635196685791 
49.685150146484375 29.735776901245117 30.24742317199707 30.701215744018555 30.99852752685547 30.517152786254883 31.21766471862793 38.70198440551758 36.67273712158203 29.896448135375977 30.15577507019043 30.70569610595703 30.268735885620117 30.123903274536133 30.17670440673828 30.37295913696289 
49.68815994262695 29.57254409790039 30.021472930908203 31.030431747436523 30.517759323120117 31.33443260192871 30.69353675842285 38.59251022338867 35.77568054199219 30.333887100219727 30.501632690429688 30.779104232788086 30.89788818359375 30.273311614990234 30.31564712524414 30.428159713745117 
53.2619514465332 29.70966339111328 30.229663848876953 31.465343475341797 31.876575469970703 30.901504516601562 30.572927474975586 31.097951889038086 34.7432975769043 30.136735916137695 30.35055923461914 30.284223556518555 30.529184341430664 30.34294319152832 30.667583465576172 31.40822410583496 
46.845184326171875 30.424959182739258 30.572799682617188 30.80451202392578 30.99407958984375 30.943456649780273 30.469215393066406 30.520896911621094 35.72880172729492 30.190303802490234 30.572927474975586 30.11507225036621 30.167104721069336 30.274272918701172 30.436511993408203 30.691776275634766 
47.916831970214844 29.59270477294922 29.836383819580078 31.124223709106445 31.444704055786133 31.740575790405273 31.155935287475586 30.71708869934082 36.39664077758789 30.333023071289062 30.42348861694336 30.20275115966797 30.22515106201172 30.6048641204834 31.03990364074707 30.465120315551758 
46.84975814819336 29.661760330200195 30.133087158203125 29.937856674194336 31.04275131225586 31.23744010925293 31.28348731994629 31.506175994873047 34.09660720825195 30.349824905395508 30.34480094909668 30.60063934326172 30.173728942871094 30.19340705871582 31.11497688293457 30.708736419677734 
47.44790267944336 31.6112003326416 32.533409118652344 33.29292678833008 33.61872100830078 32.95014572143555 35.72342300415039 32.72614288330078 41.152225494384766 32.285118103027344 32.01996612548828 31.983871459960938 32.4857292175293 32.22518539428711 33.05382537841797 31.868671417236328 
51.69721603393555 31.794784545898438 32.39094543457031 33.99030303955078 32.82575988769531 33.167232513427734 32.476192474365234 85.1049575805664 38.368961334228516 32.18822479248047 31.985471725463867 32.187774658203125 32.307071685791016 32.014686584472656 32.514976501464844 32.561279296875 
57.96723175048828 31.93382453918457 32.34457778930664 32.98527908325195 32.819358825683594 32.73219299316406 33.29414367675781 106.06412506103516 40.47071838378906 32.11638259887695 32.54326248168945 32.503807067871094 32.97043228149414 32.18867111206055 32.106014251708984 32.22390365600586 
68.49983978271484 31.612287521362305 32.921504974365234 32.97270584106445 32.88956832885742 33.26444625854492 32.892608642578125 32.877601623535156 38.810176849365234 32.10435104370117 31.90323257446289 32.23097610473633 32.25350570678711 32.37830352783203 32.358272552490234 32.32044982910156 
56.86105728149414 32.7979850769043 32.939998626708984 33.244544982910156 33.10784149169922 33.299007415771484 33.29999923706055 83.36771392822266 42.192352294921875 32.02947235107422 32.36854553222656 32.51558303833008 32.4859504699707 32.266849517822266 32.30384063720703 32.756256103515625 
48.40086364746094 31.485408782958984 32.60335922241211 32.4233283996582 32.73388671875 33.282623291015625 33.11491012573242 85.92921447753906 41.28425598144531 32.03446578979492 32.26179122924805 32.40524673461914 32.29564666748047 32.13488006591797 32.293888092041016 32.025054931640625 
46.47200012207031 32.092063903808594 33.12326431274414 32.95529556274414 33.239200592041016 32.50812911987305 40.4595832824707 72.41645050048828 42.434303283691406 31.899328231811523 32.215999603271484 32.09193420410156 32.408382415771484 32.270015716552734 32.09321594238281 32.55878448486328 
54.800193786621094 31.833887100219727 34.072288513183594 34.65766525268555 32.61635208129883 32.273983001708984 32.527774810791016 90.85020446777344 40.70470428466797 32.03801727294922 32.16630554199219 32.126399993896484 32.347007751464844 32.35343933105469 32.0175666809082 32.38489532470703 
72.71282958984375 31.75324821472168 31.895360946655273 33.47462463378906 33.12464141845703 32.4648323059082 33.74787139892578 32.983070373535156 38.87507247924805 31.99718475341797 32.62464141845703 32.23168182373047 32.256126403808594 32.3087043762207 32.573150634765625 32.5417594909668 
56.92607879638672 32.16972732543945 32.112510681152344 32.50646209716797 33.48361587524414 33.76675033569336 32.87004852294922 90.04694366455078 41.39539337158203 32.15766525268555 32.517887115478516 32.524513244628906 32.378849029541016 33.63286590576172 32.5975341796875 32.99184036254883 
52.75910568237305 30.9617919921875 31.081951141357422 31.40812873840332 32.704673767089844 32.48646545410156 32.140830993652344 52.49651336669922 38.01273727416992 31.413183212280273 31.204864501953125 32.145599365234375 31.565120697021484 31.712575912475586 31.491615295410156 31.81177520751953 
49.51103973388672 31.022432327270508 31.826976776123047 32.11203384399414 32.427040100097656 31.833696365356445 102.42988586425781 53.882110595703125 39.39091110229492 31.534528732299805 31.651391983032227 31.519071578979492 31.76348876953125 31.722944259643555 31.732383728027344 32.03424072265625 
46.276832580566406 31.442720413208008 31.774240493774414 33.16252899169922 33.169952392578125 31.95075225830078 82.49180603027344 76.25145721435547 42.089088439941406 31.421184539794922 31.659744262695312 31.658815383911133 31.85321617126465 31.629440307617188 31.906047821044922 31.70707130432129 
43.147071838378906 30.908863067626953 31.14726448059082 32.081119537353516 31.69603157043457 31.86787223815918 52.90816116333008 61.69375991821289 40.203487396240234 31.47372817993164 31.668960571289062 31.79631996154785 31.70707130432129 31.801408767700195 31.692768096923828 31.704383850097656 
46.30611038208008 30.994783401489258 31.782432556152344 31.61078453063965 31.788127899169922 32.61699295043945 88.40006256103516 68.0700454711914 39.87807846069336 31.394304275512695 31.870880126953125 31.4617919921875 31.987136840820312 31.986751556396484 32.78905487060547 32.63555145263672 
48.33635330200195 31.381023406982422 31.214624404907227 31.77440071105957 32.44688034057617 32.58803176879883 82.39126586914062 30.92038345336914 39.58147048950195 31.53545570373535 31.707008361816406 31.650175094604492 31.72969627380371 31.362207412719727 32.40524673461914 31.779743194580078 
46.277313232421875 30.908191680908203 31.550752639770508 32.0043830871582 32.42057418823242 32.23865509033203 32.36463928222656 39.07600021362305 39.798336029052734 31.506784439086914 31.686399459838867 31.78441619873047 31.221248626708984 31.7675838470459 31.756351470947266 31.930208206176758 
48.306270599365234 31.26233673095703 32.008384704589844 31.776479721069336 34.11606216430664 32.45123291015625 82.39561462402344 69.4758071899414 38.71721649169922 31.513919830322266 31.62236785888672 31.849567413330078 31.51158332824707 31.782400131225586 31.568384170532227 31.344160079956055 
52.608158111572266 31.200672149658203 31.78998374938965 32.417537689208984 32.74991989135742 32.01286315917969 46.39289474487305 40.863487243652344 40.095680236816406 31.212032318115234 31.49260711669922 31.48454475402832 31.63465690612793 31.77132797241211 31.60755157470703 31.634368896484375 
48.422752380371094 31.322847366333008 31.355295181274414 31.642112731933594 31.807231903076172 32.484703063964844 82.27747344970703 67.8274917602539 39.80691146850586 31.66783905029297 31.687776565551758 31.515775680541992 31.38688087463379 31.15292739868164 32.120384216308594 32.01599884033203 
43.29238510131836 22.041824340820312 22.122623443603516 22.310272216796875 22.985151290893555 23.146944046020508 22.83910369873047 22.921920776367188 32.56924819946289 22.678911209106445 23.367456436157227 22.748863220214844 24.127424240112305 22.78099250793457 22.83776092529297 22.617855072021484 
39.11100769042969 22.068096160888672 22.48944091796875 22.835264205932617 22.84102439880371 22.90598487854004 22.565919876098633 22.768447875976562 33.59596633911133 22.797727584838867 22.931520462036133 24.476320266723633 22.89731216430664 22.724096298217773 23.11212730407715 22.954591751098633 
40.196990966796875 22.013248443603516 22.12041664123535 22.425151824951172 22.40425682067871 22.652576446533203 23.339935302734375 23.29596710205078 32.260894775390625 22.468191146850586 22.899808883666992 22.735328674316406 22.994688034057617 22.900192260742188 22.946271896362305 22.706560134887695 
45.435264587402344 22.05855941772461 22.467615127563477 22.703487396240234 22.61734390258789 22.588544845581055 22.4597110748291 23.232511520385742 32.942047119140625 22.569087982177734 23.618560791015625 22.83078384399414 22.927583694458008 23.05628776550293 23.27280044555664 22.5631046295166 
39.150718688964844 22.05504035949707 22.170080184936523 23.281631469726562 23.594783782958984 23.30886459350586 22.875871658325195 22.528608322143555 33.7092170715332 22.927648544311523 22.6409912109375 23.21001625061035 22.837919235229492 22.823776245117188 23.807167053222656 22.6759033203125 
41.26291275024414 22.0666561126709 22.13542366027832 22.08448028564453 22.512575149536133 23.256607055664062 23.5960636138916 23.342432022094727 32.41513442993164 22.72198486328125 22.836864471435547 22.52025604248047 23.48828887939453 22.665599822998047 22.506847381591797 23.322559356689453 
39.14396667480469 22.090368270874023 22.294240951538086 22.829280853271484 23.09270477294922 23.01865577697754 22.98076820373535 22.621952056884766 32.87785720825195 22.812223434448242 22.68832015991211 22.61078453063965 22.705951690673828 22.952192306518555 22.802783966064453 22.87241554260254 
40.24457550048828 22.094783782958984 22.565631866455078 23.074975967407227 23.027679443359375 22.7126407623291 22.450368881225586 23.188608169555664 31.650463104248047 22.62326431274414 22.960960388183594 22.77235221862793 23.21824073791504 22.898496627807617 22.898143768310547 22.828256607055664 
40.137569427490234 22.034271240234375 22.561439514160156 22.998367309570312 23.0281925201416 22.933631896972656 22.629568099975586 22.370559692382812 34.09519958496094 22.619583129882812 22.706687927246094 24.26051139831543 23.201536178588867 23.205440521240234 22.697856903076172 23.33590316772461 
40.15059280395508 22.04422378540039 22.145408630371094 22.149599075317383 22.254016876220703 22.94291114807129 23.560447692871094 23.23084831237793 33.74969482421875 22.635616302490234 22.635360717773438 22.39468765258789 23.028736114501953 22.614463806152344 23.005311965942383 22.71526336669922 
44.929473876953125 27.44745635986328 26.420095443725586 27.357440948486328 27.759775161743164 26.86412811279297 27.27017593383789 27.163328170776367 34.394081115722656 26.729087829589844 27.44156837463379 27.33990478515625 27.073503494262695 27.009504318237305 27.09836769104004 27.45907211303711 
45.93369674682617 26.037696838378906 26.774911880493164 27.271039962768555 26.74220848083496 27.602272033691406 27.656896591186523 128.6736602783203 37.47135925292969 26.988672256469727 27.35753631591797 27.148000717163086 27.77382469177246 26.521120071411133 26.73535919189453 27.170495986938477 
46.95782470703125 26.05526351928711 26.932384490966797 27.507488250732422 27.48454475402832 27.974496841430664 27.13164710998535 134.29592895507812 38.12879943847656 26.804224014282227 26.99180793762207 27.526016235351562 27.277727127075195 27.147199630737305 27.094623565673828 26.881183624267578 
46.99836730957031 27.06377601623535 26.895296096801758 26.249919891357422 26.91993522644043 27.64499282836914 27.236448287963867 124.00748443603516 35.23875045776367 26.93600082397461 28.52716827392578 26.84217643737793 27.38924789428711 27.34796714782715 27.204511642456055 27.23302459716797 
45.9159049987793 27.589183807373047 26.511423110961914 26.405120849609375 26.350271224975586 29.226560592651367 34.2193603515625 151.7843780517578 40.038814544677734 26.715648651123047 27.06812858581543 28.145824432373047 27.35215950012207 27.66089630126953 27.161792755126953 27.31046485900879 
46.988033294677734 28.69865608215332 26.258464813232422 27.135103225708008 27.19856071472168 27.187936782836914 107.03641510009766 28.344512939453125 39.1901741027832 27.05174446105957 27.289888381958008 26.947711944580078 27.29155158996582 26.97091293334961 27.07491111755371 27.13884735107422 
48.05039978027344 28.135007858276367 27.306304931640625 26.431232452392578 27.136991500854492 27.358495712280273 27.250783920288086 110.42294311523438 36.055809020996094 27.078367233276367 27.34236717224121 26.487775802612305 27.41801643371582 27.03116798400879 27.68876838684082 26.809247970581055 
46.99862289428711 26.61030387878418 27.37990379333496 27.548831939697266 26.441631317138672 27.378143310546875 27.309663772583008 128.04234313964844 37.95907211303711 26.85433578491211 27.4434871673584 27.22425651550293 26.74287986755371 26.966367721557617 27.28486442565918 27.400415420532227 
47.028350830078125 27.530719757080078 27.15273666381836 27.288639068603516 27.1144962310791 27.42755126953125 27.049983978271484 126.4400634765625 38.21308898925781 26.847232818603516 26.570592880249023 26.92527961730957 27.129919052124023 27.02022361755371 27.39241600036621 27.344928741455078 
47.03401565551758 26.536544799804688 27.203712463378906 27.439104080200195 27.197599411010742 27.48371124267578 27.44316864013672 148.65811157226562 37.29801559448242 27.303359985351562 27.23379135131836 26.760448455810547 30.872608184814453 27.16819190979004 27.28118324279785 27.17840003967285 
38.117183685302734 22.50828742980957 23.599231719970703 22.918367385864258 23.233184814453125 22.904512405395508 36.03376007080078 28.26531219482422 28.208223342895508 24.339231491088867 24.014272689819336 22.928224563598633 23.18342399597168 24.220352172851562 22.861759185791016 23.152128219604492 
37.11782455444336 22.521440505981445 22.835615158081055 22.872928619384766 22.867136001586914 22.96063995361328 23.539743423461914 90.22306823730469 29.770463943481445 23.05504035949707 23.105920791625977 23.45372772216797 23.21183967590332 23.387712478637695 23.15011215209961 23.37593650817871 
40.18742370605469 22.532255172729492 22.53923225402832 22.927936553955078 22.950143814086914 22.943424224853516 22.908063888549805 70.04354858398438 28.406431198120117 23.004863739013672 23.011615753173828 23.280607223510742 23.191904067993164 22.92073631286621 23.07472038269043 23.62735939025879 
36.04275131225586 22.496768951416016 23.262815475463867 23.508127212524414 23.606304168701172 23.420896530151367 23.460927963256836 76.42301177978516 28.358144760131836 23.163776397705078 22.981664657592773 23.08745574951172 23.422527313232422 23.09814453125 23.063072204589844 23.136320114135742 
40.22553634643555 22.546911239624023 23.129600524902344 23.29702377319336 23.367103576660156 23.716384887695312 23.100608825683594 85.20079803466797 29.24425506591797 23.061248779296875 23.352928161621094 22.975008010864258 22.98031997680664 23.468799591064453 23.17919921875 23.10326385498047 
34.97468948364258 22.530784606933594 22.741823196411133 23.054880142211914 22.93791961669922 23.10406494140625 23.65385627746582 80.44668579101562 30.46790313720703 22.888832092285156 23.23423957824707 23.279359817504883 23.22003173828125 23.184864044189453 23.421951293945312 23.036544799804688 
39.19027328491211 22.501440048217773 22.52057647705078 22.559743881225586 23.823328018188477 24.160287857055664 23.524768829345703 76.66259002685547 30.367584228515625 22.98726463317871 23.25222396850586 23.533920288085938 22.9816951751709 23.270751953125 23.23142433166504 23.475679397583008 
39.214622497558594 22.528352737426758 22.559263229370117 22.512928009033203 22.939552307128906 23.740800857543945 23.898656845092773 78.51538848876953 30.40083122253418 23.052576065063477 23.237056732177734 23.29292869567871 23.444543838500977 23.067487716674805 23.14908790588379 23.082752227783203 
37.04579162597656 22.5034236907959 22.802719116210938 22.73302459716797 22.84671974182129 22.813919067382812 23.578304290771484 65.29414367675781 30.252159118652344 23.09401512145996 22.904512405395508 23.11743927001953 23.405344009399414 23.551616668701172 23.203327178955078 23.053695678710938 
37.04767990112305 22.554880142211914 22.582656860351562 23.763456344604492 23.892223358154297 23.77724838256836 23.5567684173584 83.76223754882812 28.209856033325195 22.95020866394043 23.05824089050293 23.062944412231445 23.310720443725586 23.510175704956055 23.288000106811523 23.12723159790039 
42.673919677734375 23.471200942993164 23.45305633544922 23.76870346069336 24.392000198364258 24.215967178344727 23.893152236938477 50.64992141723633 30.61840057373047 24.461023330688477 24.176959991455078 23.82793617248535 24.566112518310547 24.331872940063477 24.385984420776367 24.305696487426758 
42.640159606933594 23.490367889404297 23.516128540039062 24.08892822265625 23.954912185668945 24.059616088867188 24.65340805053711 24.467103958129883 31.90652847290039 24.2030086517334 23.9136962890625 24.670719146728516 24.461503982543945 24.447328567504883 24.957727432250977 24.132831573486328 
41.611968994140625 23.55344009399414 23.477184295654297 23.555744171142578 24.527423858642578 24.634464263916016 24.51103973388672 24.120223999023438 33.204673767089844 24.14044761657715 23.848352432250977 24.50943946838379 24.582847595214844 24.218399047851562 24.16454315185547 24.255359649658203 
42.6610221862793 23.485824584960938 23.537471771240234 24.067167282104492 24.44063949584961 24.460575103759766 24.094240188598633 105.48432159423828 30.947263717651367 24.350048065185547 24.710655212402344 24.342016220092773 24.472768783569336 24.214975357055664 24.271648406982422 24.108415603637695 
41.592288970947266 23.581600189208984 23.850271224975586 24.34012794494629 24.08415985107422 24.14691162109375 24.229631423950195 24.57753562927246 32.948673248291016 24.259967803955078 24.233055114746094 24.219615936279297 24.553279876708984 24.362079620361328 24.415199279785156 24.381759643554688 
40.57769775390625 23.487520217895508 23.756479263305664 23.905088424682617 23.77289581298828 23.938783645629883 24.622751235961914 24.62371253967285 30.86016082763672 24.40230369567871 24.720735549926758 24.29302406311035 24.294912338256836 24.536991119384766 26.640928268432617 24.632640838623047 
41.59791946411133 23.53936004638672 23.67344093322754 23.765695571899414 23.83945655822754 24.14918327331543 24.8022403717041 24.755903244018555 33.27695846557617 24.114656448364258 24.233919143676758 24.84771156311035 24.342208862304688 24.01750373840332 24.460224151611328 24.66102409362793 
45.81449508666992 23.49350357055664 23.47881507873535 24.104352951049805 24.259328842163086 24.243488311767578 24.005983352661133 24.610336303710938 33.12201690673828 24.51136016845703 24.207456588745117 24.455007553100586 24.37295913696289 24.294784545898438 24.39641571044922 24.186016082763672 
40.584896087646484 23.581951141357422 23.56889533996582 24.383615493774414 24.410400390625 24.480480194091797 24.11564826965332 24.759552001953125 31.456031799316406 24.498336791992188 24.60755157470703 24.524703979492188 24.868223190307617 24.287296295166016 24.75152015686035 24.422208786010742 
40.60617446899414 23.480512619018555 23.822528839111328 23.760608673095703 23.719968795776367 24.714143753051758 24.796768188476562 26.41142463684082 36.398719787597656 24.0251522064209 24.234495162963867 24.26678466796875 24.770591735839844 24.530624389648438 24.243520736694336 25.490720748901367 
42.69615936279297 25.655872344970703 26.4932804107666 26.269439697265625 26.888704299926758 28.16080093383789 26.589984893798828 110.15087890625 38.492862701416016 26.587135314941406 26.839807510375977 27.00115203857422 26.688800811767578 26.69545555114746 26.80281639099121 26.599136352539062 
41.67955017089844 25.481311798095703 27.002784729003906 25.97088050842285 26.2490234375 26.89459228515625 34.221534729003906 116.62825775146484 37.579105377197266 26.498016357421875 26.536800384521484 26.336063385009766 26.37331199645996 26.739871978759766 26.634336471557617 26.7794246673584 
43.67571258544922 25.55379295349121 26.58723258972168 26.559072494506836 26.93564796447754 27.973247528076172 26.705440521240234 33.91952133178711 36.110111236572266 26.218463897705078 26.742591857910156 26.677600860595703 26.868896484375 26.5600643157959 26.12985610961914 26.516128540039062 
41.65193557739258 25.476032257080078 26.52444839477539 26.214143753051758 27.53036880493164 28.614656448364258 28.990463256835938 33.5313606262207 37.615230560302734 26.19638442993164 28.472511291503906 26.75606346130371 26.223968505859375 26.07436752319336 26.465599060058594 26.814048767089844 
41.63932800292969 25.488832473754883 26.278432846069336 26.372512817382812 27.326431274414062 26.725536346435547 27.349023818969727 36.723262786865234 38.293663024902344 26.36841583251953 26.356672286987305 26.208480834960938 26.431039810180664 27.074207305908203 26.7007999420166 26.524831771850586 
41.622432708740234 25.547103881835938 27.23798370361328 27.474624633789062 26.051647186279297 27.02191925048828 26.335712432861328 42.51081466674805 38.54767990112305 26.172639846801758 42.08870315551758 26.0928955078125 26.649248123168945 26.912160873413086 26.523263931274414 26.465856552124023 
41.63859176635742 26.514848709106445 26.723424911499023 26.46883201599121 26.641727447509766 26.41779136657715 27.76982307434082 26.616928100585938 36.84182357788086 26.150848388671875 26.648639678955078 26.40870475769043 28.231359481811523 26.66035270690918 26.822431564331055 26.457727432250977 
42.687713623046875 25.493663787841797 27.217567443847656 26.91584014892578 26.347423553466797 26.476703643798828 27.037887573242188 32.59968185424805 35.93116760253906 26.437183380126953 26.551712036132812 26.39504051208496 26.592191696166992 26.305856704711914 26.636768341064453 26.600608825683594 
42.67203140258789 25.519712448120117 26.69820785522461 28.521055221557617 26.237407684326172 26.25984001159668 27.00396728515625 53.99824142456055 33.19670486450195 26.384031295776367 26.826047897338867 26.733280181884766 26.698720932006836 26.808063507080078 26.76982307434082 26.612960815429688 
41.62819290161133 25.682239532470703 26.32851219177246 26.257471084594727 29.40764808654785 26.634368896484375 26.109407424926758 28.213279724121094 34.745792388916016 26.534015655517578 26.880672454833984 26.6724796295166 26.57948875427246 26.714496612548828 27.53753662109375 26.60633659362793 
32.759456634521484 21.882816314697266 21.9715518951416 22.340639114379883 22.468128204345703 22.583328247070312 22.6592960357666 22.806400299072266 32.47382354736328 23.845504760742188 22.347232818603516 22.70560073852539 22.504480361938477 22.91321563720703 22.375328063964844 22.714208602905273 
42.32649612426758 21.983488082885742 22.093568801879883 22.150880813598633 22.189823150634766 22.200063705444336 22.291744232177734 23.08697509765625 29.474912643432617 23.015647888183594 22.57151985168457 22.610271453857422 22.586336135864258 22.727296829223633 22.700576782226562 22.73206329345703 
40.23775863647461 21.967967987060547 22.002592086791992 22.080543518066406 22.09881591796875 22.115392684936523 22.994335174560547 23.145376205444336 27.395263671875 22.668991088867188 22.883840560913086 22.575328826904297 22.58367919921875 22.882591247558594 22.786367416381836 22.411327362060547 
41.229248046875 22.03049659729004 22.500288009643555 22.660287857055664 22.805984497070312 22.69215965270996 22.46396827697754 22.443679809570312 29.287263870239258 22.558015823364258 22.47942352294922 22.697216033935547 22.846752166748047 22.634048461914062 22.752256393432617 22.528095245361328 
47.1973762512207 22.053184509277344 22.16828727722168 22.925376892089844 23.11440086364746 23.06844711303711 22.64784049987793 22.411968231201172 24.599647521972656 22.96428871154785 22.66988754272461 22.725568771362305 22.671871185302734 22.93561553955078 22.52854347229004 22.705663681030273 
42.24982452392578 21.984447479248047 22.27142333984375 22.429759979248047 22.371456146240234 22.240480422973633 22.241567611694336 22.64531135559082 27.95248031616211 22.65715217590332 22.622528076171875 22.363616943359375 23.237247467041016 22.60089683532715 22.66124725341797 22.36639976501465 
41.30508804321289 22.033151626586914 22.125024795532227 22.333951950073242 23.091903686523438 23.032800674438477 22.918399810791016 22.544095993041992 30.038015365600586 22.695743560791016 22.516576766967773 22.584320068359375 23.20732879638672 22.299711227416992 22.801376342773438 22.498367309570312 
41.285919189453125 21.982847213745117 22.06492805480957 22.032703399658203 23.03875160217285 23.192575454711914 23.172191619873047 22.78937530517578 30.945280075073242 22.7574405670166 22.686304092407227 22.41324806213379 22.883359909057617 22.578847885131836 22.680288314819336 22.807903289794922 
41.32524871826172 21.995967864990234 22.00668716430664 22.838815689086914 22.93948745727539 22.76643180847168 22.649919509887695 22.38083267211914 29.268096923828125 22.7805118560791 22.79859161376953 22.631040573120117 22.81011199951172 22.50966453552246 22.63327980041504 22.54742431640625 
58.0733757019043 21.990367889404297 21.989376068115234 22.468671798706055 22.95123291015625 23.138656616210938 22.658464431762695 22.531808853149414 29.17011260986328 22.71785545349121 22.5894718170166 22.44473648071289 22.7061767578125 22.405536651611328 22.740352630615234 23.15817642211914 
29.2871036529541 18.895967483520508 18.872224807739258 18.955583572387695 19.410432815551758 19.449087142944336 19.425312042236328 19.46054458618164 28.575904846191406 19.163455963134766 19.282304763793945 19.412736892700195 19.677152633666992 19.325664520263672 19.486431121826172 19.504255294799805 
20.495359420776367 16.292095184326172 16.15603256225586 16.14124870300293 16.651615142822266 16.743040084838867 16.801664352416992 16.709888458251953 19.741600036621094 17.178943634033203 16.81884765625 16.878080368041992 16.63849639892578 17.210111618041992 16.654399871826172 16.476831436157227 
53.861087799072266 18.986879348754883 18.830528259277344 19.230688095092773 19.303295135498047 19.567712783813477 19.73017692565918 19.70150375366211 28.5001277923584 19.282560348510742 19.469791412353516 19.380287170410156 19.24355125427246 19.45929527282715 19.45631980895996 19.323104858398438 
16.6232967376709 16.320703506469727 16.642656326293945 16.6779842376709 16.544416427612305 16.506208419799805 16.462783813476562 16.75279998779297 20.264928817749023 17.094432830810547 16.350400924682617 16.5347843170166 17.475488662719727 16.718656539916992 17.155744552612305 16.69491195678711 
48.779296875 18.777631759643555 18.786975860595703 18.762144088745117 18.7508487701416 19.589183807373047 19.639263153076172 19.764320373535156 27.760351181030273 19.31884765625 19.213119506835938 19.337440490722656 19.543935775756836 19.65350341796875 19.407264709472656 19.291776657104492 
23.08880043029785 16.37295913696289 16.18390464782715 16.291648864746094 16.82655906677246 16.84739112854004 16.607391357421875 16.52627182006836 19.511648178100586 17.282943725585938 16.593631744384766 16.71820831298828 16.686111450195312 16.605632781982422 16.54876708984375 16.8255672454834 
40.37971115112305 18.827360153198242 18.833599090576172 18.970848083496094 19.50249671936035 19.617919921875 19.818527221679688 19.80281639099121 23.456735610961914 19.460832595825195 19.382944107055664 19.147327423095703 19.40550422668457 19.27689552307129 19.485151290893555 19.722272872924805 
17.227680206298828 16.35321617126465 16.123647689819336 16.210111618041992 16.43596839904785 16.40608024597168 16.334272384643555 16.364063262939453 18.740575790405273 16.88265609741211 16.91935920715332 16.744447708129883 16.942975997924805 16.60095977783203 16.645727157592773 16.706464767456055 
45.46278381347656 18.800703048706055 18.812255859375 18.777759552001953 18.992351531982422 19.12214469909668 19.28985595703125 19.409791946411133 27.87571144104004 19.2043514251709 18.99932861328125 19.3351993560791 19.33350372314453 19.419071197509766 19.40425682067871 19.60985565185547 
16.582143783569336 16.174463272094727 16.195999145507812 16.301504135131836 16.581951141357422 16.597183227539062 16.744064331054688 16.64975929260254 19.52390480041504 17.361343383789062 17.191904067993164 16.511999130249023 17.300575256347656 16.795455932617188 16.688095092773438 16.70649528503418 
53.85811233520508 18.83228874206543 18.763744354248047 18.9671688079834 19.13033676147461 19.293888092041016 19.379711151123047 19.755456924438477 28.27097511291504 19.35968017578125 19.414400100708008 19.376415252685547 19.364160537719727 19.227903366088867 19.28006362915039 19.638879776000977 
16.6529598236084 16.3687686920166 16.393760681152344 16.588159561157227 16.50147247314453 16.427072525024414 16.45155143737793 16.824960708618164 19.262399673461914 17.028671264648438 16.375104904174805 16.955839157104492 16.427104949951172 16.342592239379883 16.534912109375 16.91449546813965 
55.969600677490234 18.7805118560791 18.787071228027344 18.795007705688477 19.22800064086914 19.488895416259766 19.663583755493164 19.71552085876465 22.696128845214844 19.12041664123535 19.40345573425293 19.62268829345703 19.36684799194336 19.451583862304688 19.404735565185547 19.61065673828125 
16.54528045654297 16.2128963470459 16.21232032775879 16.3121280670166 16.60950469970703 16.643199920654297 16.789663314819336 16.707584381103516 19.374048233032227 17.108064651489258 16.304927825927734 17.30169677734375 16.597631454467773 16.778335571289062 16.485919952392578 17.038528442382812 
50.720481872558594 18.819488525390625 18.97974395751953 19.30803108215332 19.309568405151367 19.278335571289062 19.189184188842773 19.18492889404297 29.12995147705078 19.202880859375 19.75641632080078 19.316608428955078 19.552255630493164 19.383071899414062 19.478944778442383 19.902944564819336 
16.763647079467773 16.299840927124023 16.2554874420166 16.64678382873535 16.76032066345215 16.797983169555664 16.670528411865234 16.53094482421875 18.924640655517578 17.68390464782715 16.372480392456055 17.06208038330078 16.66089630126953 17.404096603393555 16.314655303955078 17.23504066467285 
41.746910095214844 18.810623168945312 18.790048599243164 19.163488388061523 19.393535614013672 20.074399948120117 19.91049575805664 65.50454711914062 25.285888671875 19.793439865112305 19.726207733154297 19.592735290527344 19.44806480407715 19.23004722595215 19.280895233154297 19.41116714477539 
16.466175079345703 16.27788734436035 16.34761619567871 16.375455856323242 16.408735275268555 16.711584091186523 16.731679916381836 16.706880569458008 19.55423927307129 17.100831985473633 16.54902458190918 17.200895309448242 17.375999450683594 17.63350486755371 16.766847610473633 16.776063919067383 
44.41952133178711 18.79747200012207 18.81564712524414 18.78486442565918 18.811264038085938 19.161823272705078 19.55081558227539 19.50841522216797 25.44259262084961 19.436704635620117 19.082975387573242 19.2126407623291 19.400800704956055 19.209280014038086 19.29657554626465 19.561983108520508 
16.746976852416992 16.2706241607666 16.154367446899414 16.383935928344727 16.73244857788086 16.78531265258789 16.822240829467773 16.55673599243164 19.495616912841797 17.506847381591797 16.66339111328125 16.6232967376709 16.454208374023438 16.392192840576172 16.51932716369629 16.769535064697266 
81.83052825927734 21.067935943603516 21.314271926879883 21.37596893310547 21.442943572998047 21.500896453857422 21.477344512939453 21.439136505126953 27.97702407836914 21.601696014404297 21.783008575439453 22.460416793823242 21.541088104248047 21.85024070739746 22.37139129638672 21.51740837097168 
37.754432678222656 21.14236831665039 21.12646484375 21.22502326965332 21.246431350708008 21.313791275024414 21.66886329650879 21.8822078704834 26.586912155151367 21.64371109008789 21.44611167907715 21.77084732055664 22.052160263061523 21.466720581054688 21.64681625366211 21.904224395751953 
35.70025634765625 21.124128341674805 21.512672424316406 21.6712646484375 21.925247192382812 21.94121551513672 21.567712783813477 21.55673599243164 30.3919677734375 21.45123291015625 21.909088134765625 21.629375457763672 21.8374080657959 22.516096115112305 21.721664428710938 21.595264434814453 
35.70697784423828 21.142688751220703 21.130271911621094 22.132287979125977 22.780031204223633 22.306175231933594 22.053855895996094 21.769311904907227 29.073631286621094 21.614112854003906 22.364255905151367 21.587072372436523 21.67523193359375 22.01171112060547 21.694303512573242 21.55878448486328 
37.739166259765625 21.15670394897461 21.16547203063965 21.12995147705078 21.17670440673828 21.468063354492188 21.49273681640625 21.580032348632812 27.034912109375 21.620895385742188 21.653919219970703 22.008352279663086 21.749088287353516 21.845504760742188 21.84716796875 21.80847930908203 
43.00947189331055 21.154943466186523 21.504959106445312 21.720352172851562 21.886463165283203 22.017919540405273 21.878143310546875 21.707839965820312 29.81395149230957 21.64371109008789 22.068607330322266 21.650175094604492 21.633216857910156 22.00649642944336 21.63759994506836 21.60223960876465 
37.79564666748047 21.138431549072266 21.14521598815918 21.473215103149414 21.572160720825195 22.281471252441406 22.36275291442871 22.37798309326172 26.19638442993164 21.570335388183594 21.435232162475586 21.47292709350586 21.938720703125 21.490623474121094 21.83616065979004 21.996063232421875 
36.71491241455078 21.16009521484375 21.345951080322266 21.92233657836914 22.07164764404297 21.706815719604492 21.929279327392578 103.20243072509766 28.114591598510742 21.465024948120117 21.707775115966797 21.7490234375 21.554655075073242 21.94812774658203 21.916799545288086 21.470176696777344 
39.92060852050781 21.142911911010742 21.144575119018555 21.401920318603516 21.543455123901367 21.526752471923828 22.180063247680664 22.23075294494629 27.73321533203125 21.664575576782227 21.761247634887695 21.4800968170166 21.936479568481445 21.77564811706543 21.5960636138916 21.792415618896484 
35.68617630004883 21.161792755126953 21.450239181518555 21.612192153930664 21.920576095581055 21.9769287109375 21.67475128173828 21.599071502685547 28.88047981262207 21.41231918334961 21.99087905883789 21.729280471801758 21.571231842041016 22.17238426208496 21.638751983642578 21.507680892944336 
41.81449508666992 25.283008575439453 25.222240447998047 25.76028823852539 25.82316780090332 26.262752532958984 26.644607543945312 26.259967803955078 30.514816284179688 25.648895263671875 26.176416397094727 26.218656539916992 26.122783660888672 25.808000564575195 25.992639541625977 26.14851188659668 
43.951904296875 25.17500877380371 26.007648468017578 26.485919952392578 26.17692756652832 25.85807991027832 25.998783111572266 81.659423828125 30.54662322998047 26.179040908813477 26.43561553955078 26.370912551879883 26.156831741333008 26.038591384887695 26.494464874267578 26.544160842895508 
82.74777221679688 25.174367904663086 26.157024383544922 26.532672882080078 26.1177921295166 25.89344024658203 26.17340850830078 26.153535842895508 31.995359420776367 25.654495239257812 26.065568923950195 25.974048614501953 26.186368942260742 25.880767822265625 26.198272705078125 26.173120498657227 
42.76188659667969 25.2457275390625 25.98851203918457 26.34943962097168 26.238815307617188 26.477888107299805 26.535776138305664 26.101152420043945 33.62022399902344 26.25040054321289 26.019615173339844 25.896352767944336 26.183263778686523 26.384639739990234 29.053184509277344 26.297183990478516 
40.7918701171875 25.164735794067383 25.201152801513672 26.497535705566406 26.661983489990234 25.971424102783203 26.66441535949707 26.72550392150879 34.449440002441406 25.667232513427734 25.82022476196289 26.204063415527344 26.179231643676758 26.090879440307617 26.53593635559082 26.31078338623047 
42.810176849365234 25.158912658691406 25.362239837646484 26.10086441040039 26.49817657470703 26.443967819213867 26.040096282958984 26.24844741821289 31.418720245361328 26.122047424316406 26.438976287841797 26.42140769958496 26.34601593017578 26.38969612121582 26.19379234313965 27.521472930908203 
43.87567901611328 25.20047950744629 25.22003173828125 25.493183135986328 26.41254425048828 26.178720474243164 25.74777603149414 26.483295440673828 31.790815353393555 26.159423828125 26.432064056396484 25.958431243896484 26.065536499023438 26.1441593170166 28.077600479125977 26.62633514404297 
41.76460647583008 25.16419219970703 26.34796714782715 26.502336502075195 26.2508487701416 26.68899154663086 26.56889533996582 42.442718505859375 32.69865417480469 26.28598403930664 26.130815505981445 26.203840255737305 26.223007202148438 26.58905601501465 26.256383895874023 26.332576751708984 
44.85286331176758 25.174240112304688 25.45088005065918 25.415136337280273 25.854400634765625 26.32080078125 25.94051170349121 26.250560760498047 32.09481430053711 26.027360916137695 26.11894416809082 26.353824615478516 26.8768310546875 26.43155288696289 26.37388801574707 26.288095474243164 
43.94355010986328 25.152000427246094 25.39027214050293 25.592735290527344 26.44633674621582 26.509183883666992 26.217952728271484 26.360671997070312 32.006561279296875 25.97715187072754 26.17420768737793 26.48067283630371 26.391904830932617 26.16160011291504 26.2642879486084 26.35055923461914 
45.1280632019043 27.255807876586914 27.428096771240234 27.297855377197266 28.646240234375 31.52556800842285 27.44063949584961 27.257408142089844 30.350688934326172 20.442432403564453 20.64803123474121 20.782207489013672 20.961536407470703 20.34681510925293 20.661855697631836 20.213695526123047 
46.249534606933594 27.14678382873535 26.353439331054688 28.340639114379883 26.413471221923828 28.46227264404297 27.3720645904541 27.384735107421875 31.361888885498047 20.828800201416016 20.992448806762695 20.318815231323242 20.287776947021484 20.22652816772461 20.449087142944336 20.410688400268555 
46.24576187133789 28.2423038482666 28.54355239868164 27.306432723999023 28.55411148071289 28.281055450439453 27.34832000732422 27.502975463867188 31.242687225341797 20.592863082885742 20.83737564086914 20.29327964782715 20.77302360534668 20.15724754333496 20.27686309814453 20.35651206970215 
48.36172866821289 27.151935577392578 28.469951629638672 27.322656631469727 27.469823837280273 28.38844871520996 28.410783767700195 28.419776916503906 30.926015853881836 20.601152420043945 20.98601531982422 20.197311401367188 20.201887130737305 20.3720645904541 20.255647659301758 20.41878318786621 
46.278465270996094 27.192256927490234 27.336576461791992 27.33897590637207 26.441375732421875 29.37388801574707 28.460224151611328 27.46575927734375 30.78099250793457 20.304832458496094 20.997087478637695 20.183935165405273 20.257631301879883 20.580480575561523 20.551584243774414 20.761695861816406 
43.08380889892578 27.185855865478516 28.443775177001953 27.342784881591797 26.439104080200195 28.40265655517578 27.470111846923828 29.408863067626953 31.33852767944336 20.606592178344727 20.66316795349121 20.54025650024414 20.214143753051758 20.37299156188965 20.353471755981445 20.497472763061523 
48.4323844909668 27.133440017700195 27.351104736328125 30.518463134765625 27.491519927978516 28.37238311767578 27.423871994018555 27.26585578918457 34.70822525024414 20.23040008544922 20.431455612182617 20.87740707397461 20.755199432373047 20.871871948242188 20.354463577270508 20.331167221069336 
48.37254333496094 27.18137550354004 29.431711196899414 26.516191482543945 28.403295516967773 28.320768356323242 28.395360946655273 30.563711166381836 31.300512313842773 20.688735961914062 20.80031967163086 20.77769660949707 20.254112243652344 20.227903366088867 20.885215759277344 20.3056640625 
47.304927825927734 27.192319869995117 27.40230369567871 28.414112091064453 28.376384735107422 28.41587257385254 27.563615798950195 27.303455352783203 26.40483283996582 20.718751907348633 20.68681526184082 20.89311981201172 20.348960876464844 20.228416442871094 20.31065559387207 20.237472534179688 
47.2729606628418 27.19491195678711 27.41116714477539 27.34000015258789 27.374784469604492 28.430688858032227 27.32931137084961 27.428415298461914 30.27952003479004 20.241600036621094 20.33660888671875 20.380704879760742 20.737056732177734 20.806848526000977 20.939712524414062 20.353599548339844 
38.99484634399414 20.035743713378906 20.030784606933594 20.2620792388916 20.3822078704834 20.376928329467773 20.329023361206055 20.27724838256836 29.62508773803711 21.091552734375 20.76473617553711 20.649023056030273 20.763071060180664 20.575103759765625 20.97113609313965 21.039840698242188 
39.007328033447266 20.056703567504883 20.148479461669922 20.161088943481445 20.68956756591797 20.864063262939453 20.84764862060547 20.777311325073242 25.2893123626709 21.047264099121094 21.022016525268555 20.836063385009766 20.46428871154785 20.5316162109375 20.67046356201172 20.691455841064453 
38.99964904785156 20.062816619873047 20.12201690673828 20.27574348449707 20.33523178100586 20.532896041870117 20.739999771118164 20.50752067565918 30.263551712036133 20.450912475585938 20.782432556152344 20.39967918395996 20.558368682861328 20.961599349975586 21.049375534057617 20.808799743652344 
37.96412658691406 19.939136505126953 20.028127670288086 19.981855392456055 20.052799224853516 20.04595184326172 20.153663635253906 20.346527099609375 22.508256912231445 22.14236831665039 21.37331199645996 20.679584503173828 20.545215606689453 20.55718421936035 20.670623779296875 20.791168212890625 
38.964481353759766 20.023775100708008 20.291391372680664 20.35148811340332 20.63711929321289 21.42425537109375 20.631263732910156 20.369216918945312 30.877023696899414 20.665151596069336 20.52275276184082 20.956928253173828 21.04819107055664 21.241823196411133 21.371135711669922 20.79350471496582 
39.033119201660156 19.986719131469727 21.590015411376953 19.97555160522461 20.089855194091797 20.338272094726562 20.365535736083984 20.417280197143555 29.28937530517578 20.480735778808594 20.336383819580078 20.53152084350586 20.777759552001953 20.79203224182129 21.192415237426758 21.758432388305664 
39.048927307128906 20.04707145690918 20.042591094970703 20.353984832763672 20.50476837158203 20.629535675048828 20.794591903686523 20.722400665283203 27.75551986694336 20.653024673461914 20.65558433532715 21.275680541992188 20.37830352783203 20.540512084960938 20.74787139892578 20.754751205444336 
37.99824142456055 20.076032638549805 20.063072204589844 20.161823272705078 20.288671493530273 20.370975494384766 20.394624710083008 20.45382308959961 28.52035140991211 20.441791534423828 20.660160064697266 20.539743423461914 20.771360397338867 21.318912506103516 21.174463272094727 20.829599380493164 
38.00230407714844 20.076704025268555 20.011167526245117 20.087360382080078 20.33020782470703 20.261856079101562 20.31839942932129 20.321792602539062 27.389408111572266 20.834463119506836 20.736255645751953 20.34886360168457 20.9869441986084 21.086624145507812 21.378080368041992 20.832096099853516 
38.00815963745117 19.99737548828125 20.06719970703125 20.210975646972656 20.21036720275879 20.309791564941406 20.62588882446289 20.484128952026367 30.68195152282715 20.57596778869629 21.07356834411621 21.811744689941406 20.727231979370117 20.838239669799805 20.455904006958008 20.65443229675293 
42.94464111328125 22.896543502807617 22.277664184570312 22.12918472290039 22.397920608520508 23.072864532470703 22.035551071166992 72.23680114746094 31.68943977355957 22.11516761779785 22.155744552612305 22.084543228149414 22.436864852905273 22.077823638916016 22.116640090942383 22.493824005126953 
47.09622573852539 23.18943977355957 22.337888717651367 22.05449676513672 22.998144149780273 22.225791931152344 120.12422180175781 23.183456420898438 31.801536560058594 22.097919464111328 22.59209632873535 21.993471145629883 22.646080017089844 22.326112747192383 22.141311645507812 22.672319412231445 
48.182334899902344 22.0545597076416 22.38332748413086 22.180927276611328 22.83251190185547 24.12860870361328 23.63667106628418 83.498046875 27.67737579345703 22.64303970336914 21.887807846069336 21.914464950561523 22.381759643554688 21.862720489501953 22.51795196533203 22.15692710876465 
45.028385162353516 22.032224655151367 22.308448791503906 22.6691837310791 27.109567642211914 23.017343521118164 28.163328170776367 71.2459487915039 32.230751037597656 21.876480102539062 22.364704132080078 22.443391799926758 22.395456314086914 22.26633644104004 22.03241539001465 22.417184829711914 
46.09913635253906 22.131263732910156 22.382688522338867 22.103647232055664 22.960479736328125 22.312320709228516 23.015424728393555 63.768192291259766 29.787391662597656 21.919679641723633 22.01103973388672 22.343360900878906 21.928640365600586 22.117279052734375 22.757951736450195 21.960384368896484 
46.0750732421875 23.14179229736328 22.40438461303711 22.27564811706543 23.161439895629883 23.203615188598633 95.64739227294922 22.23103904724121 29.848384857177734 22.462047576904297 22.083776473999023 22.085119247436523 22.37286376953125 21.81964874267578 22.592384338378906 22.307327270507812 
46.07235336303711 22.055360794067383 22.09516716003418 22.280799865722656 22.842592239379883 23.349695205688477 25.768800735473633 92.57596588134766 32.76982498168945 22.120704650878906 22.18489646911621 22.097471237182617 22.486431121826172 21.902143478393555 24.931167602539062 21.985408782958984 
46.039424896240234 22.082752227783203 22.431039810180664 22.02851104736328 22.03455924987793 23.924575805664062 24.160480499267578 83.8832015991211 29.513919830322266 22.235872268676758 22.18956756591797 22.144319534301758 22.202463150024414 22.176895141601562 22.372127532958984 22.056127548217773 
48.173728942871094 22.037439346313477 22.13484764099121 22.110368728637695 22.017663955688477 23.029600143432617 24.74220848083496 84.32972717285156 27.421951293945312 22.162912368774414 22.21958351135254 22.220224380493164 21.910463333129883 22.564319610595703 21.998239517211914 22.131839752197266 
45.04742431640625 22.03900718688965 22.33670425415039 22.340991973876953 22.396320343017578 22.708383560180664 22.99990463256836 83.9307861328125 30.37696075439453 21.91257667541504 21.914335250854492 22.224767684936523 22.05743980407715 22.060287475585938 22.390911102294922 22.086559295654297 
48.742401123046875 26.233919143676758 26.347999572753906 26.374176025390625 26.90073585510254 27.486591339111328 43.69375991821289 31.492319107055664 37.04655838012695 26.429439544677734 26.65433692932129 26.625024795532227 26.82102394104004 27.160703659057617 27.281055450439453 26.899072647094727 
44.65407943725586 26.584735870361328 27.04128074645996 27.02467155456543 27.956512451171875 27.59507179260254 26.97007942199707 27.294368743896484 36.21305465698242 26.99452781677246 26.201183319091797 26.272991180419922 26.58086395263672 26.993120193481445 30.186975479125977 27.138656616210938 
50.929630279541016 26.061344146728516 26.15376091003418 26.39468765258789 27.14771270751953 26.842079162597656 27.292383193969727 27.373823165893555 35.461856842041016 27.618976593017578 26.92518424987793 27.21718406677246 27.1856632232666 26.69183921813965 27.12486457824707 27.121919631958008 
46.8138542175293 26.197023391723633 26.283584594726562 27.17967987060547 27.159103393554688 27.054624557495117 27.896127700805664 89.61689758300781 33.75718307495117 26.729055404663086 27.00387191772461 27.625471115112305 26.949535369873047 26.837791442871094 27.166624069213867 27.03308868408203 
43.64380645751953 26.17078399658203 26.482879638671875 26.904159545898438 26.78291130065918 26.783967971801758 27.228960037231445 26.785600662231445 35.021728515625 26.95123291015625 26.92736053466797 26.292224884033203 26.293312072753906 26.71900749206543 27.080703735351562 29.7455997467041 
44.623966217041016 26.763456344604492 26.491840362548828 27.6243839263916 28.015071868896484 27.143936157226562 27.0350399017334 88.38406372070312 35.629249572753906 27.43065643310547 28.11689567565918 27.11408042907715 27.03443145751953 26.698591232299805 26.653728485107422 27.052831649780273 
43.5118408203125 26.133119583129883 26.941471099853516 27.03094482421875 26.907264709472656 26.79427146911621 27.48371124267578 26.905376434326172 34.41814422607422 27.085344314575195 27.26790428161621 27.078271865844727 26.496063232421875 26.53875160217285 26.80284881591797 26.966304779052734 
43.63724899291992 26.167680740356445 26.610912322998047 26.364608764648438 26.8687686920166 27.16739273071289 26.674816131591797 27.021663665771484 34.38220977783203 26.458431243896484 26.78233528137207 26.626720428466797 27.077503204345703 27.09916877746582 27.537567138671875 27.14201545715332 
44.646881103515625 26.109600067138672 26.067167282104492 26.09401512145996 26.958240509033203 26.621536254882812 26.92038345336914 86.2906265258789 34.78569412231445 26.490751266479492 26.43471908569336 26.64044761657715 27.163040161132812 29.814783096313477 27.1942081451416 26.86345672607422 
45.72127914428711 26.115392684936523 26.206527709960938 26.269023895263672 27.4138240814209 27.00998306274414 26.84614372253418 27.424575805664062 36.60636901855469 26.97158432006836 26.990400314331055 26.96393585205078 26.54857635498047 27.12771224975586 27.309247970581055 26.53545570373535 
40.3111686706543 23.96019172668457 24.02355194091797 23.93328094482422 24.346336364746094 24.71686363220215 24.61417579650879 24.33203125 33.062625885009766 24.839872360229492 24.681535720825195 24.14419174194336 25.186752319335938 24.93292808532715 24.867904663085938 24.444032669067383 
49.74390411376953 23.858720779418945 24.111360549926758 25.105567932128906 24.703807830810547 24.296255111694336 24.25116729736328 116.33657836914062 31.358591079711914 24.48067283630371 25.085535049438477 24.781408309936523 24.776704788208008 24.797344207763672 24.9237117767334 24.694751739501953 
43.38479995727539 23.964927673339844 24.216064453125 24.423551559448242 24.315200805664062 24.604671478271484 25.180255889892578 108.60733032226562 28.790464401245117 25.173471450805664 24.8287353515625 24.66912078857422 25.025503158569336 25.37980842590332 24.810527801513672 24.75209617614746 
46.523712158203125 23.855520248413086 24.02182388305664 24.47760009765625 24.991615295410156 25.031295776367188 24.44256019592285 24.56937599182129 32.68783950805664 24.568159103393555 24.99510383605957 24.77110481262207 24.89628791809082 25.066112518310547 24.85456085205078 24.870847702026367 
56.01724624633789 24.036832809448242 24.195775985717773 24.44879913330078 24.473472595214844 24.937952041625977 25.352127075195312 25.138591766357422 33.74390411376953 24.575647354125977 24.456768035888672 24.90083122253418 24.722335815429688 25.000864028930664 24.76438331604004 24.961055755615234 
46.53523254394531 23.933151245117188 24.284255981445312 24.322208404541016 24.282751083374023 24.15385627746582 25.28054428100586 118.50224304199219 29.442623138427734 24.68387222290039 25.122623443603516 24.682464599609375 24.583839416503906 24.844192504882812 24.990400314331055 24.6200008392334 
45.525184631347656 23.806976318359375 24.118976593017578 24.1562557220459 24.17977523803711 24.184192657470703 24.514976501464844 24.4017276763916 30.951295852661133 24.919679641723633 24.905248641967773 25.266368865966797 24.791648864746094 25.404991149902344 24.807872772216797 24.48531150817871 
42.37200164794922 23.86150360107422 24.565919876098633 24.73263931274414 24.76406478881836 24.38934326171875 24.181631088256836 24.732608795166016 32.093536376953125 24.581439971923828 24.801664352416992 24.770751953125 25.375999450683594 24.82428741455078 24.8308162689209 24.76460838317871 
45.51875305175781 23.85919952392578 23.877887725830078 24.024192810058594 24.748544692993164 24.341983795166016 84.1049575805664 23.970624923706055 30.03868865966797 24.568288803100586 25.34364891052246 24.80179214477539 24.580223083496094 24.660768508911133 25.119775772094727 24.842336654663086 
45.504032135009766 23.823232650756836 24.06118392944336 24.262208938598633 24.332735061645508 25.04092788696289 24.954975128173828 118.94416046142578 29.46531105041504 25.061023712158203 24.459775924682617 24.71798324584961 24.892671585083008 24.955839157104492 24.53865623474121 26.005151748657227 
74.10457611083984 39.583614349365234 42.03683090209961 41.94192123413086 41.21369552612305 41.10281753540039 48.624385833740234 41.14806365966797 47.76707077026367 39.63004684448242 40.672672271728516 40.79340744018555 39.86886215209961 39.892478942871094 40.06390380859375 39.73769760131836 
75.13043212890625 41.90118408203125 42.27503967285156 41.51878356933594 40.943233489990234 40.8568000793457 42.215328216552734 41.524513244628906 47.235809326171875 40.04515075683594 40.82342529296875 40.01667022705078 39.90467071533203 39.68124771118164 40.532798767089844 40.41984176635742 
69.87062072753906 39.57379150390625 40.202239990234375 40.22380828857422 40.78364944458008 41.09891128540039 42.4315185546875 42.24534225463867 47.37299346923828 39.916446685791016 40.082271575927734 39.976478576660156 39.64771270751953 40.13363265991211 40.20755386352539 39.81350326538086 
70.95577239990234 40.31622314453125 41.47148895263672 41.13750457763672 41.69776153564453 41.90643310546875 40.880287170410156 40.78851318359375 46.829952239990234 40.000640869140625 39.988929748535156 40.42534255981445 39.92041778564453 41.24544143676758 40.998016357421875 41.12223815917969 
62.55744171142578 40.35715103149414 40.641151428222656 40.659934997558594 41.89174270629883 42.60774230957031 42.007137298583984 41.716670989990234 48.80758285522461 39.818016052246094 40.38336181640625 40.146942138671875 39.8785285949707 39.788639068603516 40.0524787902832 39.98191833496094 
73.85327911376953 39.36000061035156 42.01580810546875 41.99657440185547 41.34931182861328 42.291934967041016 41.54633712768555 40.927711486816406 46.72883224487305 40.37571334838867 39.92095947265625 39.76396942138672 39.76249694824219 40.298561096191406 41.49852752685547 41.37033462524414 
78.16242980957031 40.23539352416992 41.32243347167969 42.565311431884766 42.33763122558594 41.78972625732422 41.51753616333008 41.28883361816406 46.83091354370117 39.91708755493164 39.9087028503418 39.90809631347656 39.88265609741211 40.49369430541992 40.824607849121094 40.41676712036133 
79.2010269165039 40.15129470825195 41.21641540527344 42.10569763183594 41.11180877685547 41.40089416503906 40.86275100708008 41.00425720214844 49.08563232421875 39.650657653808594 39.80489730834961 40.796512603759766 40.604190826416016 39.94598388671875 40.251007080078125 39.722625732421875 
68.61190032958984 40.353633880615234 42.95228958129883 42.6319694519043 42.183616638183594 41.06083297729492 41.53913497924805 42.077056884765625 46.37993621826172 39.810142517089844 39.80271911621094 39.607295989990234 40.18796920776367 40.51094436645508 40.673248291015625 40.269248962402344 
71.98079681396484 39.97225570678711 40.640350341796875 41.53200149536133 40.7841911315918 41.6868782043457 41.1288948059082 42.17452621459961 49.75244903564453 39.96905517578125 40.40217590332031 40.141727447509766 40.03615951538086 39.827232360839844 40.107200622558594 39.8779182434082 
58.288352966308594 18.24028778076172 15.716927528381348 15.860832214355469 16.038463592529297 16.258560180664062 16.28835105895996 16.243167877197266 21.925439834594727 16.425535202026367 16.264480590820312 16.059328079223633 15.899871826171875 15.89305591583252 16.37696075439453 16.01763153076172 
31.608192443847656 15.755583763122559 15.732959747314453 15.820608139038086 15.914527893066406 16.23209571838379 16.35487937927246 16.35103988647461 23.798112869262695 15.853919982910156 16.46556854248047 16.317663192749023 16.1376953125 16.707679748535156 16.19856071472168 16.70524787902832 
29.510496139526367 15.726176261901855 15.887711524963379 15.943615913391113 16.032032012939453 16.016992568969727 16.00067138671875 16.412832260131836 24.47158432006836 16.513599395751953 16.193151473999023 16.401824951171875 16.393600463867188 16.301279067993164 16.999967575073242 16.058752059936523 
30.56377601623535 15.720128059387207 15.750911712646484 15.817855834960938 16.03603172302246 16.0696964263916 16.0830078125 16.389728546142578 24.677919387817383 16.737567901611328 16.1296329498291 15.947872161865234 16.636159896850586 16.088191986083984 15.969632148742676 15.874367713928223 
30.57267189025879 15.734687805175781 15.736703872680664 15.911295890808105 16.00422477722168 15.989376068115234 15.980223655700684 16.04911994934082 25.1312313079834 16.445280075073242 16.21753692626953 16.563520431518555 16.689599990844727 16.240543365478516 17.098175048828125 16.074783325195312 
30.579391479492188 15.752960205078125 15.764575958251953 15.761504173278809 16.03740882873535 16.048479080200195 16.41200065612793 16.499807357788086 24.806367874145508 16.07472038269043 16.95577621459961 15.898015975952148 15.893088340759277 16.28268814086914 16.0798397064209 15.930432319641113 
30.52943992614746 15.681440353393555 15.691583633422852 15.82748794555664 16.02191925048828 16.471424102783203 16.109792709350586 16.219072341918945 25.26540756225586 15.89577579498291 17.14179229736328 15.94275188446045 16.501663208007812 16.734079360961914 16.23151969909668 16.895360946655273 
29.48054313659668 16.631616592407227 15.709343910217285 15.846464157104492 15.898207664489746 15.846048355102539 15.891584396362305 16.017887115478516 28.453664779663086 16.26803207397461 16.941280364990234 16.36079978942871 17.252607345581055 15.877344131469727 16.461631774902344 16.413856506347656 
30.571807861328125 15.783424377441406 15.763711929321289 15.95849609375 15.91436767578125 15.946016311645508 16.116287231445312 16.200607299804688 24.707935333251953 15.976448059082031 16.157215118408203 16.546335220336914 16.047199249267578 16.649215698242188 15.866239547729492 16.49171257019043 
62.07084655761719 15.72214412689209 15.838399887084961 15.930975914001465 16.163328170776367 16.032928466796875 16.14409637451172 16.219295501708984 22.419647216796875 16.599647521972656 16.189823150634766 16.018016815185547 17.28495979309082 15.909791946411133 16.77097511291504 16.105056762695312 
44.734046936035156 28.624319076538086 28.998815536499023 30.319360733032227 30.018016815185547 30.23276710510254 29.675039291381836 29.63270378112793 34.57302474975586 29.07734489440918 29.309375762939453 28.865631103515625 28.972576141357422 28.89072036743164 29.186847686767578 29.16876792907715 
56.202880859375 28.51113510131836 28.458335876464844 29.6081600189209 29.64156723022461 29.783231735229492 30.08518409729004 90.74185943603516 37.74790573120117 28.903839111328125 29.074560165405273 29.334688186645508 28.866687774658203 30.28054428100586 29.134784698486328 29.32259178161621 
40.358367919921875 28.503679275512695 28.66521644592285 29.295743942260742 29.28598403930664 30.11065673828125 29.488384246826172 79.65737915039062 35.15635299682617 28.944448471069336 29.050399780273438 28.650047302246094 28.943424224853516 29.079647064208984 28.754335403442383 29.549503326416016 
56.13216018676758 28.46028709411621 29.417152404785156 29.921056747436523 29.545759201049805 29.394943237304688 29.271039962768555 93.1295394897461 35.78313446044922 28.920703887939453 29.510047912597656 29.1362247467041 29.59075164794922 29.133472442626953 29.23369598388672 28.829120635986328 
48.7657585144043 28.436992645263672 29.3341121673584 29.442655563354492 29.857440948486328 29.402816772460938 29.09823989868164 61.82851028442383 36.682464599609375 29.007904052734375 29.153888702392578 29.25507164001465 29.26041603088379 28.83580780029297 28.986591339111328 29.47977638244629 
67.66729736328125 28.804607391357422 28.68022346496582 29.466079711914062 29.609119415283203 29.37606430053711 29.297983169555664 84.39724731445312 36.48249435424805 28.748191833496094 28.785600662231445 29.23731231689453 28.893247604370117 29.044448852539062 30.00249671936035 30.05299186706543 
59.268096923828125 28.51308822631836 28.544160842895508 29.128864288330078 28.997663497924805 29.03094482421875 30.115232467651367 85.15801239013672 35.2127685546875 29.03068733215332 29.477855682373047 29.13052749633789 29.14031982421875 29.28246307373047 28.80531120300293 29.48543930053711 
42.51740646362305 28.571008682250977 29.228864669799805 29.46291160583496 30.029407501220703 29.371231079101562 97.54678344726562 28.458112716674805 36.39468765258789 28.947904586791992 29.186975479125977 29.250112533569336 28.8852481842041 29.00009536743164 29.161151885986328 29.27782440185547 
54.967071533203125 28.510112762451172 28.592544555664062 29.12835121154785 29.181663513183594 30.089824676513672 29.416128158569336 99.1812515258789 37.71913528442383 29.037567138671875 29.215423583984375 29.328384399414062 29.299360275268555 29.286399841308594 29.06368064880371 29.38115119934082 
57.26870346069336 28.50931167602539 28.65033531188965 28.8022403717041 29.004640579223633 30.246015548706055 29.89148712158203 96.68345642089844 36.68732833862305 28.904159545898438 28.849504470825195 28.856128692626953 29.13667106628418 28.827007293701172 29.33420753479004 29.19331169128418 
66.25465393066406 36.88703918457031 32.62956619262695 32.72972869873047 38.824928283691406 148.67152404785156 24.4946231842041 24.63520050048828 38.54249572753906 25.532320022583008 25.68979263305664 25.58470344543457 25.58051109313965 26.98681640625 25.73744010925293 25.663423538208008 
49.47987365722656 31.770336151123047 32.562110900878906 35.029632568359375 142.51846313476562 33.90675354003906 30.315359115600586 24.915552139282227 35.74873733520508 25.310720443725586 26.226112365722656 25.500703811645508 25.763519287109375 25.43222427368164 25.66543960571289 25.883840560913086 
48.3704948425293 31.683456420898438 32.69657516479492 33.67622375488281 151.1136932373047 31.619264602661133 27.978303909301758 24.642047882080078 38.62870407104492 25.586912155151367 25.602367401123047 27.00271987915039 25.670303344726562 25.674495697021484 25.628000259399414 25.63715171813965 
48.39740753173828 31.918975830078125 34.674625396728516 36.62364959716797 154.3462371826172 32.60905456542969 25.628704071044922 24.686847686767578 39.20956802368164 25.79439926147461 26.01215934753418 26.269023895263672 25.52467155456543 25.597183227539062 25.86684799194336 26.555391311645508 
50.524864196777344 31.589248657226562 33.72195053100586 32.619998931884766 145.88726806640625 31.656896591186523 30.38425636291504 24.776416778564453 36.5695686340332 25.429664611816406 25.810304641723633 25.89651107788086 25.551904678344727 25.518144607543945 26.585920333862305 25.44767951965332 
48.41049575805664 31.658687591552734 32.89888000488281 34.59075164794922 127.98883056640625 32.7295036315918 32.54652786254883 25.595008850097656 37.830848693847656 25.3538875579834 25.730815887451172 26.23244857788086 25.858463287353516 25.792064666748047 25.70707130432129 25.678592681884766 
48.395713806152344 31.605375289916992 34.09590530395508 33.480289459228516 135.2887725830078 34.77299118041992 31.61859130859375 24.648799896240234 36.359519958496094 25.34079933166504 25.431007385253906 25.618335723876953 26.123615264892578 25.74608039855957 25.918048858642578 26.045215606689453 
49.45808029174805 31.651424407958984 33.731361389160156 33.64390563964844 126.00163269042969 32.67091369628906 32.59193420410156 25.232736587524414 36.63859176635742 25.787647247314453 25.598655700683594 25.66339111328125 25.777984619140625 26.030271530151367 25.683584213256836 25.784704208374023 
48.40528106689453 32.802398681640625 32.60508728027344 32.728031158447266 110.00032043457031 31.679519653320312 32.818241119384766 32.59785461425781 38.563167572021484 25.75142478942871 25.862911224365234 25.5996150970459 25.784639358520508 26.004671096801758 25.927743911743164 25.709375381469727 
48.42259216308594 31.850431442260742 33.560062408447266 33.69334411621094 165.80213928222656 32.631072998046875 25.124191284179688 25.62272071838379 39.448638916015625 26.528575897216797 25.682464599609375 25.530624389648438 26.417919158935547 25.946399688720703 25.64905548095703 25.80191993713379 
28.91971206665039 17.187456130981445 16.93231964111328 17.01702308654785 17.03049659729004 50.921024322509766 37.789119720458984 17.081375122070312 28.149824142456055 17.51433563232422 18.698976516723633 17.68262481689453 17.528352737426758 17.67897605895996 17.60166358947754 17.335615158081055 
33.127105712890625 16.97542381286621 17.00726318359375 17.064895629882812 17.118175506591797 17.31939125061035 17.81808090209961 18.08380889892578 31.3623046875 17.646240234375 17.979232788085938 17.311359405517578 18.20307159423828 17.837984085083008 17.42019271850586 17.786176681518555 
34.18620681762695 17.06118392944336 17.045120239257812 17.022239685058594 17.36844825744629 17.703359603881836 17.712127685546875 17.565248489379883 23.38502311706543 17.761503219604492 17.342912673950195 18.05513572692871 17.543231964111328 17.636640548706055 18.29644775390625 17.887327194213867 
36.26764678955078 17.022815704345703 17.155519485473633 17.218271255493164 17.322208404541016 17.725439071655273 17.571807861328125 17.5666561126709 24.63065528869629 17.309951782226562 17.875455856323242 17.872255325317383 17.254751205444336 17.610431671142578 17.576927185058594 17.622623443603516 
38.37744140625 16.979839324951172 17.033567428588867 17.053951263427734 17.23139190673828 17.41119956970215 17.60323143005371 17.755231857299805 24.756864547729492 18.11884880065918 17.927391052246094 17.598495483398438 17.489791870117188 17.842784881591797 17.423295974731445 17.684831619262695 
32.04713439941406 17.00217628479004 16.971967697143555 17.049184799194336 17.50873565673828 17.858623504638672 17.98454475402832 17.632160186767578 24.326080322265625 17.713247299194336 17.864255905151367 17.920671463012695 17.654367446899414 17.43267250061035 17.9749755859375 17.54729652404785 
36.290496826171875 17.043840408325195 17.051231384277344 17.486495971679688 17.6409912109375 17.66339111328125 17.60361671447754 17.701215744018555 23.94259262084961 18.16979217529297 17.22870445251465 19.01958465576172 17.688032150268555 17.248992919921875 17.65932846069336 17.72323226928711 
33.15216064453125 17.03772735595703 17.224000930786133 17.49452781677246 17.6298885345459 17.420799255371094 17.513792037963867 17.421215057373047 25.919679641723633 17.75017547607422 17.738399505615234 17.515840530395508 17.59667205810547 17.404415130615234 17.9783992767334 17.58902359008789 
35.19782257080078 17.034143447875977 17.255775451660156 17.593631744384766 17.727935791015625 17.81385612487793 17.65705680847168 17.316608428955078 24.506847381591797 17.491008758544922 17.738719940185547 17.934911727905273 17.2609920501709 17.855968475341797 17.783552169799805 17.55366325378418 
34.11500930786133 17.005727767944336 17.215839385986328 17.34422492980957 17.32761573791504 17.41219139099121 17.440832138061523 17.566591262817383 23.532447814941406 17.501184463500977 18.147615432739258 17.9171199798584 17.279104232788086 18.475711822509766 17.662303924560547 17.407583236694336 
48.066017150878906 24.062528610229492 25.27168083190918 24.609024047851562 24.844575881958008 24.235328674316406 17.753952026367188 16.156639099121094 28.712928771972656 17.556352615356445 17.051776885986328 16.599103927612305 16.53126335144043 17.261119842529297 16.763776779174805 17.02351951599121 
43.834014892578125 25.079647064208984 24.23321533203125 28.434463500976562 26.27622413635254 24.246816635131836 24.202880859375 22.27280044555664 26.429824829101562 16.431167602539062 16.530431747436523 16.4138240814209 17.268768310546875 16.380128860473633 17.294944763183594 16.398399353027344 
43.7841911315918 24.08220863342285 27.339487075805664 25.273056030273438 24.21331214904785 24.2346248626709 25.224319458007812 16.84671974182129 26.065568923950195 16.394271850585938 17.239967346191406 16.40403175354004 16.46201515197754 16.88595199584961 17.20569610595703 16.350271224975586 
42.7375373840332 24.063968658447266 25.285152435302734 26.371904373168945 24.184480667114258 24.20070457458496 24.1997127532959 18.012704849243164 26.801311492919922 16.84012794494629 16.386592864990234 16.91983985900879 16.60406494140625 17.096351623535156 16.498432159423828 17.327648162841797 
43.814273834228516 24.042911529541016 25.30396842956543 25.301088333129883 24.158432006835938 24.209632873535156 24.202495574951172 16.714656829833984 26.291519165039062 16.91289520263672 16.373119354248047 17.349855422973633 16.343168258666992 17.471647262573242 16.50160026550293 17.104703903198242 
43.83216094970703 24.04627227783203 24.215967178344727 24.23174476623535 24.227008819580078 24.216991424560547 24.20787239074707 17.920352935791016 26.85366439819336 16.976224899291992 16.4354248046875 16.9003849029541 16.70947265625 16.988767623901367 16.472576141357422 17.0231990814209 
43.820640563964844 24.05824089050293 27.366207122802734 25.24185562133789 27.391904830932617 25.2455997467041 25.223039627075195 20.062847137451172 27.77564811706543 16.94915199279785 16.348575592041016 17.074176788330078 16.384319305419922 17.330623626708984 17.187807083129883 17.03593635559082 
42.75920104980469 24.070112228393555 25.258527755737305 25.266496658325195 24.271392822265625 24.1977596282959 24.234272003173828 16.788896560668945 28.113920211791992 16.655616760253906 16.92633628845215 16.719648361206055 17.38390350341797 16.56515121459961 16.771743774414062 16.78704071044922 
41.74745559692383 24.034175872802734 25.26576042175293 24.23366355895996 24.23414421081543 24.173120498657227 24.21468734741211 26.34771156311035 27.00281524658203 16.375295639038086 16.391328811645508 16.475008010864258 16.906944274902344 16.420896530151367 17.18137550354004 16.466272354125977 
44.82262420654297 24.11884880065918 25.257631301879883 25.301759719848633 25.246719360351562 24.188928604125977 24.221696853637695 25.280672073364258 27.887584686279297 16.78656005859375 17.060800552368164 16.41935920715332 17.16307258605957 16.816415786743164 17.24870491027832 16.472511291503906 
57.983009338378906 29.95644760131836 30.69715118408203 31.641311645507812 31.492704391479492 31.698528289794922 30.56697654724121 30.689119338989258 37.96246337890625 30.713279724121094 30.245248794555664 30.399904251098633 30.520959854125977 30.780960083007812 31.452320098876953 30.790016174316406 
66.44633483886719 29.852703094482422 29.85206413269043 30.924928665161133 31.157024383544922 30.67830467224121 31.066560745239258 49.797054290771484 37.90131378173828 31.03264045715332 31.543039321899414 31.316511154174805 31.060352325439453 30.27903938293457 30.532896041870117 30.88047981262207 
61.02483367919922 30.37887954711914 30.369792938232422 30.389951705932617 30.913856506347656 32.13811111450195 31.240095138549805 38.660606384277344 37.40447998046875 30.29292869567871 30.338911056518555 30.868032455444336 31.220640182495117 30.74617576599121 30.63248062133789 30.43961524963379 
61.12470245361328 30.407039642333984 30.38502311706543 31.09868812561035 30.926687240600586 30.886207580566406 31.545984268188477 47.15135955810547 36.69420623779297 30.41644859313965 31.875648498535156 30.77552032470703 31.091392517089844 30.424928665161133 31.228256225585938 30.695903778076172 
56.934303283691406 30.87603187561035 30.955360412597656 31.27507209777832 31.04195213317871 30.733280181884766 30.605440139770508 30.991840362548828 38.8678092956543 30.54368019104004 30.90924835205078 31.096128463745117 31.487552642822266 30.135839462280273 30.549503326416016 30.66352081298828 
58.9535026550293 30.06515121459961 29.943456649780273 30.116159439086914 30.726272583007812 31.055776596069336 30.755264282226562 31.486112594604492 39.02988815307617 30.400991439819336 33.38991928100586 30.461151123046875 30.868383407592773 30.990079879760742 30.915903091430664 30.560800552368164 
59.06777572631836 29.872928619384766 30.40675163269043 30.422496795654297 30.950111389160156 30.82374382019043 31.059295654296875 30.94588851928711 37.216190338134766 31.058496475219727 30.799360275268555 30.445663452148438 31.005023956298828 31.754911422729492 30.587936401367188 31.16160011291504 
58.983455657958984 30.038623809814453 30.18876838684082 30.646623611450195 31.238399505615234 31.066463470458984 31.35500717163086 31.736064910888672 36.32783889770508 30.571807861328125 30.58425521850586 31.12931251525879 31.26335906982422 31.22310447692871 31.039648056030273 30.5231990814209 
61.04332733154297 30.331071853637695 30.676511764526367 30.858463287353516 30.758623123168945 31.578720092773438 31.03651237487793 30.998016357421875 34.462432861328125 30.377824783325195 31.069408416748047 30.497472763061523 30.54921531677246 30.671615600585938 32.879520416259766 31.401952743530273 
61.12211227416992 29.839839935302734 31.27676773071289 31.397504806518555 31.96553611755371 31.274368286132812 31.21788787841797 31.135648727416992 41.21763229370117 30.67241668701172 30.54217529296875 30.743743896484375 30.536767959594727 30.737247467041016 31.948383331298828 30.63350486755371 
112.2096939086914 39.957054138183594 38.986175537109375 39.87859344482422 40.10726547241211 38.973567962646484 87.60975646972656 31.314464569091797 42.30303955078125 31.856704711914062 32.13443374633789 32.13907241821289 32.20198440551758 32.10979080200195 129.32949829101562 121.93827056884766 
61.8223991394043 39.45884704589844 42.779232025146484 40.8265266418457 159.85641479492188 31.093088150024414 31.80054473876953 32.70528030395508 42.1091194152832 31.533472061157227 33.12851333618164 31.779743194580078 31.59929656982422 31.781152725219727 114.03145599365234 121.80089569091797 
58.61564636230469 39.230655670166016 39.80278396606445 40.03753662109375 131.29977416992188 31.063583374023438 31.096479415893555 31.481792449951172 44.13715362548828 32.255104064941406 32.32876968383789 32.12691116333008 32.293312072753906 32.25107192993164 121.60240173339844 121.99491119384766 
61.721153259277344 39.395713806152344 41.920318603515625 41.09065628051758 137.67913818359375 30.99456024169922 30.989599227905273 31.974592208862305 40.4134407043457 31.624736785888672 31.730783462524414 31.451904296875 31.677536010742188 31.700319290161133 121.67616271972656 121.80397033691406 
59.74969482421875 39.246944427490234 39.70336151123047 41.013057708740234 172.73622131347656 30.952735900878906 32.22089767456055 32.873504638671875 42.61654281616211 32.041568756103516 31.692672729492188 33.51359939575195 32.40342330932617 33.31267166137695 117.5739517211914 122.68428802490234 
58.65603256225586 39.74016189575195 42.656959533691406 41.15840148925781 147.7303009033203 31.027423858642578 32.57049560546875 32.932064056396484 40.30313491821289 31.88163185119629 31.821535110473633 31.750015258789062 31.715776443481445 31.757568359375 121.66099548339844 121.86921691894531 
57.56662368774414 39.4417610168457 43.184959411621094 39.81180953979492 173.80502319335938 31.580991744995117 31.53865623474121 32.718814849853516 47.538368225097656 31.971071243286133 32.679168701171875 32.363006591796875 32.18588638305664 33.49766540527344 121.33132934570312 121.93484497070312 
57.57468795776367 39.91798400878906 44.15388870239258 41.766624450683594 137.3402862548828 31.25823974609375 31.135263442993164 32.14022445678711 45.96031951904297 32.44675064086914 32.95167922973633 32.348575592041016 32.364990234375 32.41279983520508 113.0732192993164 122.0031967163086 
57.59804916381836 39.28752136230469 41.7704963684082 40.142784118652344 145.3185577392578 31.10848045349121 31.870559692382812 32.320640563964844 44.67059326171875 31.64860725402832 31.90777587890625 31.64873504638672 31.878976821899414 32.002113342285156 121.34083557128906 121.90560150146484 
57.64556884765625 42.49542236328125 41.27724838256836 41.965824127197266 146.6867218017578 30.975135803222656 32.16038513183594 32.489376068115234 46.6759033203125 31.86262321472168 31.954975128173828 31.81407928466797 31.914304733276367 31.856000900268555 121.6072998046875 122.01507568359375 
37.72409439086914 27.156383514404297 27.790367126464844 27.886751174926758 28.434112548828125 28.197792053222656 27.955007553100586 28.260480880737305 39.17488098144531 27.410400390625 28.49286460876465 27.99113655090332 27.873279571533203 27.68560028076172 27.235328674316406 28.38457679748535 
56.708351135253906 26.996959686279297 26.958303451538086 27.445663452148438 28.18364715576172 27.71958351135254 28.088319778442383 103.72694396972656 35.661537170410156 27.344255447387695 27.82268714904785 27.776992797851562 27.73526382446289 27.730560302734375 27.43961524963379 28.067615509033203 
46.236000061035156 27.042943954467773 27.395360946655273 28.208351135253906 27.995296478271484 27.917984008789062 28.38310432434082 109.72499084472656 34.480255126953125 27.46246337890625 28.78748893737793 27.60198402404785 27.875520706176758 27.720447540283203 28.059167861938477 27.912960052490234 
56.723777770996094 27.02249526977539 28.194591522216797 28.41516876220703 28.475967407226562 28.91449546813965 28.35196876525879 28.37615966796875 36.65603256225586 27.369152069091797 28.017215728759766 27.475967407226562 27.602880477905273 27.86841583251953 27.975807189941406 27.3832950592041 
46.368064880371094 27.12201690673828 28.333887100219727 28.26201629638672 27.911327362060547 28.114208221435547 27.760927200317383 102.95648193359375 43.38111877441406 27.232255935668945 27.61452865600586 27.51919937133789 27.454368591308594 28.240671157836914 27.661823272705078 28.722976684570312 
46.27443313598633 27.04128074645996 27.578880310058594 27.459135055541992 27.478527069091797 27.861183166503906 27.62518310546875 97.02239990234375 34.536128997802734 27.586463928222656 27.73923110961914 27.78835105895996 27.631807327270508 27.878463745117188 27.77110481262207 28.86016082763672 
48.77500915527344 27.125280380249023 27.672607421875 28.05523109436035 27.99715232849121 28.298112869262695 27.9833927154541 103.683837890625 37.117950439453125 27.757888793945312 27.567808151245117 28.360736846923828 27.57663917541504 27.510528564453125 27.769216537475586 27.874752044677734 
53.56422424316406 27.074752807617188 28.329727172851562 28.022592544555664 28.526432037353516 28.270240783691406 27.863136291503906 86.1677474975586 37.136383056640625 27.571807861328125 27.62518310546875 27.68502426147461 27.432640075683594 28.269439697265625 27.505664825439453 27.96678352355957 
52.188350677490234 27.08835220336914 27.08131217956543 27.271007537841797 27.69228744506836 27.695680618286133 28.58755111694336 109.89008331298828 37.04841613769531 27.84182357788086 27.695295333862305 27.37696075439453 28.180063247680664 27.581056594848633 28.004352569580078 27.699296951293945 
50.08572769165039 27.047935485839844 28.111263275146484 28.067039489746094 27.66067123413086 28.0894718170166 27.747968673706055 105.77996826171875 37.085025787353516 27.534143447875977 28.069856643676758 27.2172794342041 27.963104248046875 27.51100730895996 27.638208389282227 27.681888580322266 
57.96480178833008 22.907072067260742 25.272287368774414 22.133440017700195 22.098175048828125 56.747230529785156 30.53094482421875 22.12214469909668 29.697887420654297 14.177984237670898 14.290752410888672 14.381759643554688 14.191072463989258 14.827615737915039 14.937631607055664 15.028639793395996 
36.97081756591797 21.87068748474121 22.14454460144043 27.3604793548584 22.10108757019043 22.11587142944336 19.23686408996582 13.846400260925293 25.392576217651367 14.674528121948242 14.10547161102295 14.115967750549316 14.284064292907715 14.63974380493164 14.870240211486816 14.93558406829834 
35.91680145263672 21.886943817138672 22.106271743774414 27.392223358154297 22.09119987487793 22.22153663635254 18.559999465942383 13.844736099243164 25.10691261291504 14.145312309265137 14.195615768432617 14.666912078857422 14.906911849975586 14.913567543029785 14.798815727233887 14.348575592041016 
35.91392135620117 21.90947151184082 22.070880889892578 27.47551918029785 21.999839782714844 22.145471572875977 17.91744041442871 15.843775749206543 26.29350471496582 14.377823829650879 14.760383605957031 14.918463706970215 15.01699161529541 14.536479949951172 14.338047981262207 15.915807723999023 
35.91900634765625 21.883647918701172 24.21183967590332 27.363584518432617 22.13520050048828 26.409503936767578 14.442079544067383 13.859456062316895 26.355712890625 15.002367973327637 15.072256088256836 14.636672019958496 14.127776145935059 14.185440063476562 14.200160026550293 14.28774356842041 
36.98489761352539 21.890623092651367 22.085216522216797 25.367839813232422 22.03436851501465 22.124095916748047 19.830848693847656 13.852640151977539 26.57267189025879 14.990559577941895 14.602656364440918 14.181280136108398 14.165887832641602 14.207296371459961 14.401375770568848 14.68950366973877 
35.93596649169922 21.889568328857422 22.094623565673828 24.317440032958984 22.075904846191406 22.097951889038086 21.572895050048828 13.852224349975586 26.667360305786133 14.81497573852539 15.00175952911377 14.814111709594727 14.439552307128906 14.110943794250488 14.313471794128418 14.277024269104004 
35.90662384033203 22.970815658569336 22.09503936767578 25.353248596191406 21.987167358398438 22.139360427856445 20.1430721282959 13.878751754760742 25.252416610717773 15.032992362976074 14.357664108276367 14.092320442199707 14.052160263061523 14.242015838623047 14.296928405761719 14.750592231750488 
35.90748977661133 21.883039474487305 22.12611198425293 25.344736099243164 22.008960723876953 22.134719848632812 19.9835205078125 13.840160369873047 25.968639373779297 14.414112091064453 14.554240226745605 14.315839767456055 14.299039840698242 14.613792419433594 15.02342414855957 15.012063980102539 
35.934879302978516 21.884063720703125 22.100479125976562 25.36502456665039 22.02720069885254 22.0914249420166 21.00387191772461 13.86780834197998 26.226240158081055 14.834688186645508 14.85315227508545 14.198944091796875 14.15932846069336 14.138015747070312 14.397631645202637 14.754912376403809 
36.924991607666016 23.101247787475586 23.17465591430664 23.575647354125977 23.884992599487305 23.912511825561523 23.854944229125977 23.650623321533203 33.86848068237305 23.569055557250977 23.778688430786133 23.719423294067383 23.640031814575195 24.05193519592285 23.726879119873047 24.381696701049805 
40.07344055175781 23.094560623168945 23.36297607421875 23.89251136779785 24.08697509765625 23.933055877685547 23.90003204345703 23.81932830810547 32.023807525634766 23.514751434326172 23.758464813232422 23.893280029296875 23.909088134765625 23.64409637451172 23.756511688232422 23.612991333007812 
68.36112213134766 23.075584411621094 23.06755256652832 23.488128662109375 23.56287956237793 23.826175689697266 23.885440826416016 24.082656860351562 32.009952545166016 23.554208755493164 23.788415908813477 23.70502471923828 23.54591941833496 23.7379207611084 24.0949764251709 23.774688720703125 
48.48944091796875 23.074207305908203 23.08073616027832 23.381376266479492 23.414880752563477 23.661855697631836 24.52448081970215 24.3505916595459 31.53660774230957 23.73695945739746 23.45859146118164 23.723520278930664 23.600000381469727 24.247072219848633 23.97020721435547 23.737247467041016 
37.95280075073242 23.072511672973633 23.205055236816406 23.421279907226562 24.17024040222168 24.494112014770508 24.169408798217773 23.791263580322266 32.83331298828125 23.656896591186523 23.696575164794922 23.951839447021484 24.483903884887695 23.634048461914062 24.398527145385742 23.717504501342773 
39.01375961303711 23.093055725097656 23.231712341308594 23.55881690979004 24.0994873046875 24.25212860107422 23.84227180480957 23.670976638793945 28.55721664428711 23.97110366821289 23.690784454345703 23.718496322631836 23.865312576293945 23.76812744140625 23.68841552734375 23.98636817932129 
38.995262145996094 23.112415313720703 23.12335968017578 23.50150489807129 23.682432174682617 24.663232803344727 24.54854393005371 23.93756866455078 31.943456649780273 23.608863830566406 23.808223724365234 24.081695556640625 23.721952438354492 23.700223922729492 24.14841651916504 23.671871185302734 
37.956607818603516 23.07209587097168 23.04217529296875 23.480127334594727 24.504480361938477 24.682239532470703 24.284704208374023 23.741151809692383 31.168832778930664 23.689983367919922 23.949312210083008 23.90937614440918 24.068544387817383 23.573183059692383 23.711231231689453 23.91219139099121 
36.905601501464844 23.078655242919922 23.496768951416016 24.397567749023438 24.689823150634766 24.182464599609375 23.684959411621094 23.656831741333008 33.21295928955078 24.0982723236084 23.700288772583008 23.513216018676758 24.353055953979492 24.0098876953125 23.597312927246094 23.73993682861328 
37.991905212402344 23.106464385986328 23.353984832763672 23.77065658569336 23.844575881958008 24.054784774780273 23.67955207824707 23.654111862182617 29.418912887573242 23.553823471069336 24.25152015686035 23.759647369384766 23.676448822021484 23.570175170898438 23.966400146484375 23.80601692199707 
38.04092788696289 23.571584701538086 23.838943481445312 24.51593589782715 24.55084800720215 24.14556884765625 23.95395278930664 24.989856719970703 29.795808792114258 24.004127502441406 24.614591598510742 24.720287322998047 24.266624450683594 24.382720947265625 24.163904190063477 24.55187225341797 
39.122398376464844 23.542272567749023 23.819551467895508 23.862720489501953 23.893856048583984 24.509408950805664 24.591520309448242 24.435232162475586 29.06083106994629 24.244064331054688 24.02511978149414 24.31337547302246 24.383647918701172 24.616512298583984 24.21731185913086 24.150527954101562 
39.1923828125 23.49123191833496 23.511167526245117 23.79212760925293 24.383520126342773 24.69481658935547 24.613567352294922 24.0882568359375 29.85036849975586 24.192480087280273 24.283935546875 24.197248458862305 24.02182388305664 24.247488021850586 24.50147247314453 25.50601577758789 
38.115264892578125 23.56870460510254 23.543903350830078 23.86467170715332 24.406335830688477 24.585439682006836 24.142208099365234 24.00649642944336 31.172767639160156 24.179712295532227 24.335647583007812 24.52579116821289 24.47225570678711 24.04310417175293 24.55913543701172 24.735328674316406 
39.148414611816406 23.522144317626953 23.543935775756836 23.53014373779297 24.84239959716797 24.785215377807617 24.54368019104004 24.0229434967041 30.581727981567383 24.11574363708496 24.499103546142578 24.531936645507812 24.30905532836914 23.9434871673584 24.473472595214844 24.691328048706055 
38.08329772949219 23.51398468017578 23.807296752929688 24.16307258605957 23.89148712158203 23.96963119506836 24.336416244506836 24.692672729492188 34.156768798828125 24.146175384521484 24.290464401245117 25.128896713256836 24.39081573486328 23.955007553100586 24.231327056884766 24.47007942199707 
37.01683044433594 23.439231872558594 23.49648094177246 23.96793556213379 24.39174461364746 24.365503311157227 23.9703369140625 24.036352157592773 29.091552734375 24.219615936279297 24.030399322509766 24.69580841064453 24.323936462402344 24.229087829589844 24.29327964782715 24.491680145263672 
41.226593017578125 23.55628776550293 23.802751541137695 23.736703872680664 23.825536727905273 24.84764862060547 25.056896209716797 24.4998722076416 31.04252815246582 24.49660873413086 24.271263122558594 24.068256378173828 24.104480743408203 24.561376571655273 24.41747283935547 24.51411247253418 
38.05984115600586 23.498336791992188 23.47577667236328 23.691999435424805 24.78211212158203 24.91289520263672 24.509408950805664 24.046432495117188 28.896575927734375 24.06185531616211 24.48089599609375 24.077791213989258 24.288192749023438 24.332256317138672 24.30246353149414 24.413055419921875 
45.4582405090332 23.494016647338867 23.83126449584961 24.073951721191406 24.18400001525879 24.70137596130371 24.761760711669922 24.409183502197266 29.530719757080078 24.307424545288086 24.03023910522461 24.108959197998047 24.619359970092773 24.585439682006836 25.11849594116211 24.517919540405273 
44.381473541259766 28.61052894592285 29.08198356628418 30.195520401000977 30.70969581604004 30.47577667236328 30.006431579589844 37.26649475097656 36.87104034423828 29.713279724121094 29.170848846435547 30.17148780822754 29.537439346313477 29.02195167541504 29.905471801757812 29.136831283569336 
72.70652770996094 28.629024505615234 28.624319076538086 29.660640716552734 30.24732780456543 29.922304153442383 30.242944717407227 122.57276916503906 35.591487884521484 29.114656448364258 29.67852783203125 29.156383514404297 29.291391372680664 31.384607315063477 29.24006462097168 29.502592086791992 
73.73382568359375 28.53593635559082 29.914751052856445 30.25324821472168 29.576032638549805 29.939775466918945 30.196128845214844 90.24143981933594 35.919105529785156 29.262752532958984 30.01036834716797 29.37241554260254 30.476863861083984 29.806560516357422 29.336639404296875 30.46588706970215 
72.79132843017578 28.651775360107422 29.069055557250977 29.181983947753906 29.229536056518555 29.048095703125 29.705215454101562 30.708927154541016 38.038238525390625 29.40403175354004 29.06755256652832 29.7061767578125 29.06368064880371 29.23891258239746 29.980735778808594 29.19593620300293 
73.74578857421875 28.49849510192871 28.58576011657715 29.98428726196289 29.864383697509766 30.47452735900879 29.741535186767578 90.8373794555664 36.32377624511719 29.55731201171875 29.545408248901367 29.95180892944336 29.107999801635742 29.082048416137695 30.108192443847656 28.830080032348633 
73.71529388427734 28.607135772705078 28.59004783630371 29.025535583496094 29.113920211791992 29.294944763183594 30.11382484436035 29.698911666870117 38.45881652832031 29.511167526245117 29.202911376953125 29.726335525512695 29.658367156982422 29.152063369750977 29.816543579101562 29.149280548095703 
70.53987121582031 28.867328643798828 28.98860740661621 29.05548858642578 29.466848373413086 29.216960906982422 29.990079879760742 95.10233306884766 34.596126556396484 29.02851104736328 29.588544845581055 30.174495697021484 29.272287368774414 29.851072311401367 29.89344024658203 29.245983123779297 
72.6855697631836 28.517663955688477 29.73072052001953 29.532608032226562 29.989215850830078 30.326623916625977 29.6494083404541 86.2767333984375 38.22185516357422 29.118431091308594 29.615039825439453 29.066816329956055 29.868896484375 28.889408111572266 29.77961540222168 29.812000274658203 
76.85542297363281 28.52448081970215 29.86262321472168 30.315168380737305 30.595552444458008 30.800447463989258 30.288480758666992 85.27507019042969 34.838623046875 29.68604850769043 29.41756820678711 29.506975173950195 32.905662536621094 29.17465591430664 29.23593521118164 29.85830307006836 
71.60995483398438 28.557567596435547 28.87295913696289 30.366975784301758 29.624223709106445 29.7410888671875 29.33647918701172 29.216672897338867 35.000511169433594 29.03446388244629 29.260255813598633 29.087295532226562 29.72662353515625 29.15443229675293 29.16912078857422 31.362112045288086 
57.45004653930664 17.96531105041504 18.964799880981445 17.983295440673828 18.040319442749023 18.74051284790039 18.761632919311523 71.39667510986328 27.919103622436523 18.584768295288086 18.60380744934082 18.506303787231445 18.194719314575195 18.55878448486328 19.132831573486328 19.11644744873047 
34.36812973022461 17.90729522705078 17.96691131591797 18.09097671508789 18.141056060791016 18.105791091918945 18.271455764770508 18.54755210876465 28.88092803955078 18.38150405883789 18.255264282226562 18.677120208740234 18.235488891601562 18.68115234375 18.876480102539062 18.561119079589844 
33.30598449707031 17.924320220947266 17.925695419311523 17.99724769592285 18.0861759185791 18.62995147705078 18.388896942138672 18.94156837463379 24.720415115356445 19.37673568725586 19.215839385986328 18.656864166259766 18.280479431152344 18.039424896240234 18.926847457885742 19.171039581298828 
35.445377349853516 18.01398468017578 17.924575805664062 17.968351364135742 18.14569664001465 18.284351348876953 18.23468780517578 18.308128356933594 25.502368927001953 18.507551193237305 19.252832412719727 19.05776023864746 18.85094451904297 18.54115104675293 19.005088806152344 18.55606460571289 
35.381248474121094 17.94918441772461 18.110111236572266 18.287967681884766 18.416160583496094 18.889280319213867 18.980863571166992 18.866687774658203 26.904863357543945 18.922847747802734 18.231456756591797 18.41814422607422 18.936607360839844 18.813247680664062 18.3789119720459 18.148479461669922 
34.33244705200195 17.97750473022461 17.97939109802246 18.375232696533203 18.53900718688965 18.588224411010742 18.62575912475586 18.659679412841797 24.900928497314453 18.602495193481445 18.171072006225586 18.572351455688477 18.98956871032715 19.305248260498047 18.48956871032715 18.239871978759766 
35.43753433227539 17.94326400756836 18.032800674438477 18.295167922973633 18.32364845275879 18.26767921447754 18.195327758789062 18.2957763671875 25.000288009643555 18.356544494628906 18.752159118652344 18.711488723754883 19.01523208618164 18.717824935913086 18.323551177978516 18.723392486572266 
33.321502685546875 17.99305534362793 17.94598388671875 18.18067169189453 18.329856872558594 18.300064086914062 18.77529525756836 18.649599075317383 24.963743209838867 18.644384384155273 18.447040557861328 18.155263900756836 19.471744537353516 19.042112350463867 18.829696655273438 18.644895553588867 
34.3678092956543 17.956607818603516 17.950496673583984 18.037120819091797 18.36275291442871 18.3973445892334 18.415008544921875 18.402624130249023 25.33919906616211 18.975839614868164 18.719295501708984 18.5864315032959 18.217792510986328 18.6180477142334 18.901248931884766 18.78019142150879 
33.32444763183594 17.93328094482422 18.178144454956055 18.249919891357422 18.253055572509766 18.207904815673828 18.190624237060547 18.229087829589844 25.784032821655273 18.30508804321289 18.68729591369629 19.696735382080078 18.65078353881836 18.50908851623535 18.165056228637695 18.827999114990234 
40.3818244934082 29.628223419189453 29.6430721282959 30.950815200805664 30.659263610839844 30.89027214050293 67.16722869873047 29.599327087402344 37.643104553222656 30.095840454101562 29.944095611572266 30.036191940307617 31.027135848999023 30.26019287109375 30.2390079498291 30.10259246826172 
61.33356857299805 29.486591339111328 30.01203155517578 31.240800857543945 30.677024841308594 31.061119079589844 30.501728057861328 30.802175521850586 39.86172866821289 30.091167449951172 30.23526382446289 30.290111541748047 29.995359420776367 30.141952514648438 30.305376052856445 30.163040161132812 
67.69990539550781 29.573152542114258 30.29929542541504 30.60246467590332 31.145856857299805 31.601760864257812 30.72867202758789 31.18832015991211 38.95238494873047 30.065824508666992 30.25155258178711 30.222431182861328 30.02524757385254 30.124576568603516 30.584352493286133 30.424480438232422 
63.53907012939453 29.46793556213379 29.574464797973633 30.755903244018555 30.748319625854492 30.504127502441406 30.3624324798584 30.920480728149414 39.13983917236328 29.917856216430664 30.06211280822754 30.238239288330078 30.19913673400879 30.225727081298828 31.344959259033203 30.27027130126953 
63.44438552856445 29.517311096191406 29.69254493713379 30.653087615966797 30.670175552368164 30.598175048828125 30.507776260375977 30.777952194213867 38.25155258178711 30.20159912109375 30.168607711791992 30.258304595947266 30.447967529296875 29.860639572143555 30.5196475982666 30.48588752746582 
63.507328033447266 29.727712631225586 29.92585563659668 29.9998722076416 30.15657615661621 30.478271484375 30.603776931762695 30.68739128112793 38.32012939453125 30.144447326660156 29.955551147460938 30.046144485473633 30.039968490600586 30.023359298706055 30.595487594604492 30.804447174072266 
69.68195343017578 29.832799911499023 29.832223892211914 31.187583923339844 30.479839324951172 30.699392318725586 30.51785659790039 30.61248016357422 38.77632141113281 30.183135986328125 30.4467830657959 30.295007705688477 30.458528518676758 30.32316780090332 30.66102409362793 30.653440475463867 
61.34092712402344 29.516416549682617 29.66054344177246 30.43788719177246 30.36947250366211 30.691423416137695 30.52275276184082 30.54422378540039 38.148895263671875 29.901792526245117 30.367168426513672 30.736000061035156 30.259775161743164 30.226272583007812 30.69148826599121 30.45123291015625 
62.42153549194336 29.635616302490234 30.775936126708984 30.42576026916504 30.590208053588867 30.621728897094727 30.841407775878906 30.785343170166016 37.84492874145508 30.277088165283203 30.118240356445312 30.26473617553711 30.221824645996094 30.158239364624023 30.142431259155273 30.201887130737305 
41.51683044433594 30.205503463745117 30.095712661743164 30.75811195373535 30.58367919921875 31.396352767944336 30.539264678955078 30.643808364868164 37.10569763183594 30.34217643737793 30.340991973876953 30.985727310180664 30.41059112548828 30.356639862060547 30.466304779052734 30.492128372192383 
66.16284942626953 26.88662338256836 26.905696868896484 27.962432861328125 27.744991302490234 27.590496063232422 28.117664337158203 28.053312301635742 37.93977737426758 27.75823974609375 27.979135513305664 27.846527099609375 27.34377670288086 27.62598419189453 27.666080474853516 27.99590492248535 
52.52272033691406 26.923967361450195 27.263647079467773 27.255456924438477 27.901504516601562 27.638944625854492 28.738271713256836 28.28348731994629 36.73497772216797 27.31715202331543 27.617664337158203 28.078880310058594 27.759328842163086 27.527135848999023 27.821760177612305 28.50054359436035 
54.55526351928711 26.912607192993164 27.035167694091797 27.373727798461914 27.815519332885742 27.64899253845215 28.640960693359375 28.224416732788086 35.834720611572266 28.058687210083008 27.701120376586914 28.692575454711914 27.670719146728516 27.897695541381836 27.518400192260742 28.04185676574707 
55.6451530456543 26.932191848754883 27.01532745361328 27.287168502807617 28.035104751586914 27.702655792236328 27.821504592895508 28.186304092407227 34.35007858276367 27.845855712890625 27.82454490661621 27.31705665588379 28.36307144165039 27.60870361328125 27.545888900756836 29.286943435668945 
57.78092956542969 26.9289608001709 27.546079635620117 27.957887649536133 27.531776428222656 28.50377655029297 27.93382453918457 102.9046401977539 38.02143859863281 27.496320724487305 27.490304946899414 27.984031677246094 28.12495994567871 27.66431999206543 27.972415924072266 28.459232330322266 
55.68742370605469 26.922367095947266 27.336639404296875 27.286975860595703 28.203968048095703 27.687551498413086 28.31977653503418 27.760160446166992 35.09331130981445 27.761503219604492 27.43516731262207 27.796384811401367 28.513408660888672 27.42176055908203 27.735776901245117 28.769119262695312 
59.844608306884766 26.960927963256836 26.945247650146484 27.285280227661133 28.26495933532715 28.548063278198242 28.323936462402344 28.511775970458984 35.310081481933594 27.500032424926758 27.85126495361328 28.442272186279297 27.55673599243164 27.603071212768555 27.73347282409668 28.380416870117188 
55.69308853149414 26.96463966369629 27.2007999420166 27.539648056030273 27.85251235961914 27.720895767211914 28.246463775634766 82.72249603271484 37.36275100708008 27.80361557006836 28.3220157623291 27.398303985595703 27.890207290649414 27.371551513671875 28.188447952270508 27.46281623840332 
59.86531066894531 26.918752670288086 28.201568603515625 28.600543975830078 27.997535705566406 28.27039909362793 27.69113540649414 29.520959854125977 37.334815979003906 27.830303192138672 27.12268829345703 27.641151428222656 28.317535400390625 27.784832000732422 27.739295959472656 28.3437442779541 
57.72265625 26.970016479492188 27.059328079223633 27.22256088256836 27.329151153564453 27.544288635253906 28.109567642211914 100.155517578125 38.57107162475586 27.730783462524414 28.06015968322754 27.358591079711914 27.692096710205078 28.536895751953125 27.986879348754883 27.732032775878906 
60.517696380615234 29.899904251098633 30.695711135864258 30.41164779663086 31.198015213012695 31.76300811767578 31.562047958374023 32.04185485839844 38.36707305908203 30.231584548950195 30.945247650146484 31.364320755004883 30.922239303588867 30.461088180541992 30.741119384765625 31.10416030883789 
52.1484489440918 29.836671829223633 29.89251136779785 30.607295989990234 31.936927795410156 31.73311996459961 30.974079132080078 32.25289535522461 34.306304931640625 30.792512893676758 30.557056427001953 30.270368576049805 30.46486473083496 31.087648391723633 32.937950134277344 30.505632400512695 
52.066017150878906 29.80841636657715 30.0098876953125 31.48758316040039 31.14182472229004 31.609472274780273 31.485631942749023 30.864416122436523 42.899391174316406 30.3123836517334 30.464223861694336 31.490079879760742 31.266752243041992 31.22345542907715 31.327743530273438 30.833759307861328 
51.04083251953125 30.413408279418945 30.385696411132812 30.478208541870117 30.67046356201172 31.10361671447754 30.97702407836914 34.70982360839844 34.991455078125 30.380800247192383 31.00409507751465 32.16873550415039 30.143295288085938 30.562911987304688 30.940832138061523 30.334976196289062 
49.960384368896484 29.8239688873291 30.631071090698242 31.34668731689453 31.588159561157227 31.0447998046875 31.64614486694336 31.136159896850586 38.64316940307617 30.603551864624023 31.24166488647461 30.797855377197266 30.376256942749023 30.486783981323242 31.630495071411133 31.003103256225586 
52.044063568115234 30.03571128845215 30.433120727539062 30.269119262695312 31.055295944213867 31.8538875579834 30.81804847717285 31.06572723388672 40.461246490478516 30.571584701538086 30.857952117919922 31.176416397094727 31.089599609375 31.133312225341797 30.597919464111328 30.544416427612305 
58.32704162597656 30.64918327331543 30.84899139404297 30.419647216796875 30.654815673828125 31.444576263427734 31.13497543334961 31.497440338134766 37.574462890625 30.33238410949707 30.791200637817383 31.058656692504883 30.895263671875 30.439104080200195 30.839168548583984 30.989599227905273 
47.84182357788086 30.271711349487305 30.300352096557617 30.761856079101562 31.15283203125 31.131391525268555 31.44380760192871 31.46531105041504 35.42985534667969 30.787872314453125 30.689983367919922 30.780031204223633 30.24367904663086 30.390464782714844 30.973440170288086 30.536191940307617 
52.06572723388672 29.825088500976562 30.305023193359375 31.00713539123535 30.55606460571289 31.303455352783203 31.311296463012695 31.595455169677734 33.3076171875 30.893312454223633 30.076480865478516 30.39027214050293 30.631711959838867 31.04300880432129 30.43097686767578 30.49772834777832 
51.0107536315918 29.825439453125 30.18604850769043 31.280864715576172 31.74064064025879 31.57040023803711 31.481407165527344 31.2096004486084 35.99308776855469 31.01728057861328 30.68329620361328 30.767520904541016 30.971328735351562 30.979007720947266 31.08835220336914 30.561599731445312 
51.62694549560547 25.187679290771484 25.272640228271484 25.629215240478516 25.469823837280273 26.119680404663086 26.15760040283203 25.70025634765625 32.73952102661133 26.081439971923828 26.700159072875977 26.03593635559082 25.97782325744629 26.4749755859375 26.006879806518555 25.989919662475586 
43.19878387451172 25.217023849487305 25.794687271118164 25.8305606842041 25.394399642944336 25.91814422607422 26.205984115600586 26.001056671142578 33.48179244995117 26.343488693237305 26.044832229614258 27.179424285888672 26.066560745239258 25.757152557373047 26.66579246520996 25.963359832763672 
42.37472152709961 25.058176040649414 25.083391189575195 26.19603157043457 26.686399459838867 26.257408142089844 26.05254364013672 26.4300479888916 32.64662551879883 25.868736267089844 26.77769660949707 26.174943923950195 26.106847763061523 26.058656692504883 27.581024169921875 26.495168685913086 
42.156192779541016 25.042560577392578 25.0482234954834 25.45587158203125 26.295135498046875 25.999488830566406 26.409664154052734 26.629440307617188 32.440799713134766 25.80601692199707 26.32192039489746 26.171648025512695 25.941247940063477 26.39459228515625 26.26483154296875 26.244287490844727 
43.16156768798828 25.152063369750977 25.67731285095215 25.76255989074707 25.864032745361328 26.71446418762207 26.49715232849121 25.720767974853516 34.30217742919922 25.89731216430664 26.05561637878418 26.045312881469727 26.119583129882812 26.126752853393555 26.166240692138672 26.294048309326172 
46.36783981323242 25.046592712402344 25.548416137695312 25.80614471435547 25.511775970458984 26.52943992614746 26.564191818237305 26.58367919921875 31.408096313476562 25.761247634887695 26.414655685424805 26.161951065063477 26.070335388183594 26.11712074279785 25.992448806762695 25.977088928222656 
42.15097427368164 25.07923126220703 25.358623504638672 25.5515193939209 26.459487915039062 26.287967681884766 25.67740821838379 26.373247146606445 33.24940872192383 25.800703048706055 25.96780776977539 26.411487579345703 26.239423751831055 25.886016845703125 26.094751358032227 26.247360229492188 
44.23827362060547 25.072864532470703 25.227359771728516 25.944927215576172 25.71129608154297 25.542848587036133 25.963552474975586 26.358848571777344 31.498592376708984 25.747520446777344 26.085792541503906 28.348224639892578 26.04627227783203 25.49260711669922 25.55945587158203 26.315135955810547 
44.0041618347168 25.034175872802734 25.061792373657227 25.435007095336914 25.35980796813965 25.834272384643555 26.042272567749023 25.984447479248047 33.1453742980957 25.730880737304688 25.829504013061523 26.524736404418945 26.2478084564209 25.963680267333984 26.25574493408203 26.333280563354492 
43.1965446472168 25.04924774169922 25.153343200683594 26.243167877197266 26.246335983276367 25.724895477294922 26.07334327697754 26.355968475341797 34.70003128051758 25.760704040527344 26.216352462768555 26.163679122924805 25.952512741088867 25.83625602722168 25.940000534057617 25.849567413330078 
54.2578239440918 33.36073684692383 35.036705017089844 34.57878494262695 34.883392333984375 35.082271575927734 35.37587356567383 59.16396713256836 39.159454345703125 33.957088470458984 34.174560546875 34.331199645996094 34.03209686279297 34.4666862487793 34.232513427734375 35.89555358886719 
59.51350402832031 33.27167892456055 34.68377685546875 34.76732635498047 34.64009475708008 34.8787841796875 34.496158599853516 35.34716796875 41.51536178588867 34.13539123535156 34.37859344482422 34.038238525390625 34.42768096923828 34.26569747924805 34.043487548828125 34.19011306762695 
63.00227355957031 33.26192092895508 33.268863677978516 34.53868865966797 35.298336029052734 34.601280212402344 34.06499099731445 35.4859504699707 40.56025695800781 34.58531188964844 34.13945770263672 33.82902526855469 34.52096176147461 34.039615631103516 34.398624420166016 34.70435333251953 
59.58335876464844 33.425662994384766 33.40607833862305 34.17881774902344 34.26192092895508 34.960289001464844 34.990623474121094 45.778751373291016 39.7213134765625 33.860416412353516 34.23686218261719 33.97417449951172 33.97536087036133 34.1635856628418 34.09203338623047 34.300865173339844 
56.445919036865234 33.32508850097656 35.052127838134766 35.662559509277344 34.756446838378906 34.46633529663086 34.65750503540039 51.61062240600586 40.47830581665039 34.03977584838867 34.091712951660156 34.13158416748047 34.337406158447266 34.91779327392578 34.046817779541016 34.432064056396484 
56.70582580566406 33.365440368652344 34.74211120605469 35.67756652832031 34.80524826049805 34.70265579223633 34.775550842285156 36.032257080078125 39.71033477783203 33.83760070800781 33.83705520629883 34.35657501220703 34.312416076660156 33.7586555480957 34.34579086303711 34.07980728149414 
54.324737548828125 33.82182312011719 33.84569549560547 34.569217681884766 34.76716613769531 35.4815673828125 35.06505584716797 51.83305740356445 39.81718444824219 33.80361557006836 34.574337005615234 33.78428649902344 35.29475021362305 33.7861442565918 34.679744720458984 34.95084762573242 
102.58953857421875 33.33760070800781 34.36083221435547 34.84892654418945 35.054752349853516 34.475582122802734 35.30527877807617 34.49369430541992 42.56950378417969 34.05750274658203 34.38467025756836 35.549537658691406 34.0015983581543 34.69084930419922 34.41939163208008 33.95683288574219 
52.4736328125 33.282752990722656 34.7756462097168 35.08860778808594 34.735198974609375 34.59056091308594 34.606590270996094 54.247840881347656 41.491233825683594 33.95471954345703 33.981502532958984 34.59382247924805 34.027008056640625 34.34080123901367 34.31884765625 34.47817611694336 
54.58406448364258 33.252479553222656 33.2902717590332 35.483360290527344 35.0366096496582 34.58758544921875 34.87372970581055 35.19833755493164 42.89859390258789 33.7509765625 33.975425720214844 34.39596939086914 35.81974411010742 33.997440338134766 34.83686447143555 34.63840103149414 
48.094017028808594 24.336896896362305 24.52672004699707 25.156063079833984 26.50281524658203 25.59040069580078 25.934911727905273 25.26028823852539 28.129056930541992 25.183584213256836 25.030336380004883 25.148927688598633 24.809343338012695 25.16067123413086 24.780672073364258 24.910079956054688 
39.70345687866211 26.028352737426758 24.70262336730957 25.416128158569336 25.177440643310547 25.320127487182617 27.166976928710938 76.1651840209961 31.205184936523438 24.740352630615234 24.58367919921875 24.88630485534668 24.822847366333008 26.379680633544922 24.572959899902344 24.78758430480957 
47.006561279296875 24.323360443115234 24.444896697998047 28.001375198364258 24.53286361694336 26.061248779296875 25.457984924316406 86.54300689697266 34.04159927368164 24.775808334350586 24.967327117919922 24.78044891357422 24.685855865478516 24.820768356323242 24.83247947692871 24.793376922607422 
42.798526763916016 25.397184371948242 26.001279830932617 25.198848724365234 25.232576370239258 24.79372787475586 26.372352600097656 94.22662353515625 33.49484634399414 24.659584045410156 25.123552322387695 25.20195198059082 24.790239334106445 24.905344009399414 26.05846405029297 24.9800968170166 
39.67561721801758 25.392576217651367 24.356992721557617 24.833951950073242 25.085695266723633 25.714303970336914 25.421951293945312 103.1250228881836 31.441055297851562 24.67180824279785 24.63158416748047 24.855392456054688 24.739519119262695 24.869855880737305 24.6560001373291 24.95734405517578 
39.644351959228516 25.032480239868164 24.88412857055664 24.994911193847656 25.104576110839844 25.699392318725586 27.750335693359375 81.61756896972656 31.44723129272461 24.657791137695312 24.69696044921875 24.97609519958496 24.851551055908203 24.73593521118164 24.970624923706055 24.69977569580078 
39.70547103881836 25.343807220458984 25.012928009033203 25.358272552490234 25.09596824645996 25.65247917175293 26.847679138183594 92.20918273925781 31.975072860717773 24.802400588989258 24.712703704833984 24.79631996154785 24.819520950317383 24.975008010864258 24.838687896728516 24.86457633972168 
45.92457580566406 25.418336868286133 24.71504020690918 25.28963279724121 25.226015090942383 26.661760330200195 90.03936004638672 27.635839462280273 32.359745025634766 24.660768508911133 24.58425521850586 25.14841651916504 24.763999938964844 24.651935577392578 25.004608154296875 24.772127151489258 
39.667232513427734 26.044832229614258 25.166048049926758 25.169023513793945 25.192319869995117 25.158592224121094 65.72911834716797 45.92649459838867 32.789344787597656 24.52787208557129 24.639551162719727 24.900896072387695 24.942655563354492 24.83888053894043 24.891008377075195 25.24233627319336 
39.6157112121582 25.225311279296875 25.300447463989258 25.561279296875 24.77996826171875 24.84867286682129 26.52003288269043 86.14009857177734 32.82012939453125 24.746496200561523 24.886367797851562 24.78767967224121 24.71388816833496 24.6429443359375 24.81545639038086 24.633760452270508 
38.71206283569336 24.10688018798828 24.192319869995117 25.059711456298828 25.510047912597656 25.27801513671875 24.641311645507812 74.57100677490234 35.46527862548828 24.748031616210938 25.141952514648438 25.983583450317383 25.092159271240234 25.007648468017578 24.634784698486328 25.119136810302734 
74.36927795410156 24.1231689453125 24.309375762939453 25.263328552246094 25.421695709228516 24.70185661315918 24.51215934753418 24.687519073486328 32.533504486083984 24.886079788208008 25.06787109375 26.98633575439453 24.783519744873047 24.971040725708008 25.042112350463867 25.65113639831543 
47.067840576171875 24.143583297729492 24.62371253967285 24.72662353515625 24.501920700073242 25.28646469116211 25.341087341308594 24.973472595214844 30.602367401123047 25.161663055419922 24.875455856323242 24.441631317138672 25.091712951660156 25.56937599182129 25.162399291992188 24.998783111572266 
48.14825439453125 24.109407424926758 24.43788719177246 24.27724838256836 24.316831588745117 25.68364715576172 25.545120239257812 24.751264572143555 32.468894958496094 25.074016571044922 24.80352020263672 25.961055755615234 25.172096252441406 24.893503189086914 25.20400047302246 25.112672805786133 
47.06476974487305 24.113279342651367 24.64531135559082 24.670879364013672 24.697343826293945 24.79929542541504 24.774015426635742 24.757600784301758 34.02665710449219 24.691360473632812 25.240768432617188 25.105663299560547 25.542688369750977 25.28665542602539 24.84364891052246 24.931392669677734 
43.957889556884766 24.148351669311523 24.441280364990234 24.38617515563965 24.32099151611328 24.749183654785156 25.651456832885742 24.984159469604492 35.26812744140625 24.94153594970703 25.053728103637695 24.83500862121582 25.394784927368164 25.057632446289062 25.095359802246094 24.916479110717773 
48.086273193359375 24.132768630981445 24.49123191833496 24.50204849243164 24.63804817199707 24.970687866210938 25.163360595703125 24.890079498291016 31.516672134399414 24.745376586914062 25.457120895385742 26.357696533203125 24.709888458251953 24.728607177734375 24.997407913208008 25.368864059448242 
42.853759765625 24.14143943786621 24.4652156829834 24.311391830444336 24.6014404296875 25.376544952392578 25.398048400878906 24.725088119506836 31.062015533447266 24.74323272705078 25.177888870239258 26.198976516723633 24.928287506103516 25.02911949157715 25.18137550354004 24.934335708618164 
48.12883377075195 24.09929656982422 24.115455627441406 24.171167373657227 24.272319793701172 24.77350425720215 24.850847244262695 24.83171272277832 31.415071487426758 24.89731216430664 25.397727966308594 24.94371223449707 25.25107192993164 25.215904235839844 25.37660789489746 25.363872528076172 
42.85388946533203 24.350847244262695 24.696575164794922 24.756511688232422 24.70217514038086 24.915008544921875 25.436704635620117 25.429088592529297 29.877887725830078 24.93609619140625 25.20569610595703 25.053152084350586 24.902463912963867 25.01763153076172 25.228544235229492 25.200511932373047 
51.75068664550781 28.4649600982666 29.054719924926758 29.081920623779297 28.87379264831543 29.62063980102539 29.80294418334961 89.08688354492188 33.77907180786133 29.43791961669922 29.620864868164062 29.795808792114258 29.137407302856445 29.214048385620117 29.994783401489258 29.02511978149414 
50.71100616455078 28.432640075683594 28.79635238647461 29.1942081451416 29.51206398010254 30.06559944152832 30.464576721191406 36.487518310546875 37.39267349243164 29.621023178100586 29.02444839477539 30.10041618347168 29.312320709228516 29.758176803588867 29.740480422973633 28.927743911743164 
49.691200256347656 29.20275115966797 29.615615844726562 30.137088775634766 29.970783233642578 29.954784393310547 29.90131187438965 29.895263671875 35.37500762939453 29.33283233642578 29.417888641357422 29.281919479370117 29.945632934570312 29.889631271362305 29.3022403717041 29.898752212524414 
105.43778991699219 28.79769515991211 29.0380802154541 30.164512634277344 30.270463943481445 30.040159225463867 29.83545684814453 30.276384353637695 36.847137451171875 30.17932891845703 29.528255462646484 29.00809669494629 30.0383358001709 29.296703338623047 29.155616760253906 29.42144012451172 
47.553184509277344 28.655136108398438 29.23027229309082 28.984575271606445 28.980159759521484 29.177471160888672 29.909088134765625 29.82032012939453 34.01628875732422 29.085983276367188 29.991008758544922 29.127328872680664 29.812992095947266 29.279775619506836 29.126911163330078 29.957120895385742 
48.66239929199219 29.075424194335938 29.333471298217773 29.475391387939453 29.612319946289062 29.73103904724121 29.842432022094727 29.467199325561523 35.46284866333008 29.001184463500977 29.775968551635742 29.393407821655273 30.04934310913086 29.411264419555664 29.366016387939453 29.967008590698242 
47.56880187988281 28.909664154052734 28.898975372314453 29.48841667175293 29.478975296020508 29.079519271850586 29.511648178100586 33.8263053894043 37.953025817871094 29.210432052612305 28.90617561340332 29.524192810058594 29.130176544189453 29.552127838134766 29.468128204345703 29.32089614868164 
80.17740631103516 28.465728759765625 28.924448013305664 30.4036808013916 30.82204818725586 30.219839096069336 29.643295288085938 30.129472732543945 37.3171501159668 29.5098876953125 29.007808685302734 30.185951232910156 30.259807586669922 29.571903228759766 30.216384887695312 29.206815719604492 
47.585086822509766 28.96544075012207 28.973791122436523 30.283199310302734 30.004255294799805 30.137983322143555 29.813472747802734 30.34636878967285 35.24473571777344 29.013792037963867 29.461856842041016 28.879423141479492 28.892223358154297 31.582847595214844 28.924959182739258 29.79792022705078 
48.66579055786133 28.490751266479492 28.57030487060547 29.613632202148438 29.22559928894043 29.38185691833496 29.5980167388916 29.698400497436523 35.66239929199219 29.093599319458008 29.773279190063477 29.62281608581543 29.082975387573242 29.788127899169922 28.803455352783203 29.702016830444336 
36.13065719604492 15.278207778930664 14.209280014038086 14.225184440612793 14.310976028442383 14.341343879699707 14.384991645812988 14.680159568786621 24.923616409301758 14.764608383178711 15.110848426818848 15.112064361572266 14.380319595336914 14.394240379333496 14.443327903747559 15.050239562988281 
29.834688186645508 14.257792472839355 14.265055656433105 14.356160163879395 14.40236759185791 14.566304206848145 14.455424308776855 14.455615997314453 20.349855422973633 14.686047554016113 14.390432357788086 14.767359733581543 14.718303680419922 15.170368194580078 14.72537612915039 14.36854362487793 
29.884607315063477 14.238080024719238 14.355680465698242 14.473376274108887 14.464991569519043 14.715935707092285 14.833824157714844 14.972288131713867 19.08460807800293 14.625696182250977 14.739232063293457 14.432512283325195 15.095071792602539 14.639328002929688 14.454496383666992 14.886848449707031 
29.85526466369629 14.289888381958008 14.248703956604004 14.261823654174805 14.464096069335938 14.501055717468262 14.616576194763184 14.605759620666504 20.587200164794922 14.639871597290039 14.437088012695312 14.441920280456543 15.205951690673828 14.797760009765625 14.546688079833984 14.45792007446289 
30.937152862548828 14.240320205688477 14.246912002563477 14.45680046081543 14.480447769165039 14.49948787689209 14.544544219970703 14.54748821258545 19.298175811767578 15.122464179992676 15.240544319152832 14.575648307800293 14.385248184204102 14.559776306152344 14.41859245300293 15.07801628112793 
29.842239379882812 14.282079696655273 14.25603199005127 14.27302360534668 14.565471649169922 14.678400039672852 14.598688125610352 14.659456253051758 19.540512084960938 14.492128372192383 14.745920181274414 15.065216064453125 15.36195182800293 14.425375938415527 14.593888282775879 14.885024070739746 
29.884191513061523 14.265631675720215 14.30016040802002 14.426591873168945 14.575008392333984 14.443967819213867 14.460000038146973 14.513952255249023 20.11961555480957 15.02950382232666 14.95088005065918 14.717568397521973 14.64031982421875 14.4999361038208 14.511648178100586 15.017184257507324 
30.87286376953125 14.2576322555542 14.223967552185059 14.264351844787598 14.410719871520996 14.460288047790527 14.394047737121582 14.438495635986328 18.117952346801758 15.271200180053711 14.759712219238281 14.339743614196777 14.56009578704834 14.667296409606934 15.467967987060547 14.783424377441406 
30.91632080078125 14.2740478515625 14.654239654541016 14.331999778747559 14.425727844238281 14.472895622253418 14.455967903137207 14.506464004516602 18.86739158630371 14.495776176452637 14.542464256286621 14.456512451171875 15.061759948730469 14.873215675354004 14.634623527526855 14.364640235900879 
30.88435173034668 14.258624076843262 14.229023933410645 14.459168434143066 14.673151969909668 14.824640274047852 14.635071754455566 14.582271575927734 23.591455459594727 15.162400245666504 14.374879837036133 14.423616409301758 14.950528144836426 15.187007904052734 14.679264068603516 14.376447677612305 
47.533470153808594 30.46566390991211 31.219200134277344 32.14992141723633 31.768543243408203 31.222911834716797 31.3176326751709 31.293439865112305 39.001888275146484 30.86751937866211 31.504480361938477 31.495840072631836 31.7608642578125 31.122175216674805 30.926015853881836 30.885696411132812 
50.773502349853516 30.379552841186523 30.428800582885742 31.802143096923828 32.169151306152344 31.490591049194336 31.139232635498047 31.90332794189453 39.36991882324219 31.452768325805664 32.32908630371094 32.47539138793945 31.267135620117188 31.357088088989258 31.27244758605957 31.688575744628906 
50.61174392700195 30.340160369873047 31.475967407226562 31.994943618774414 32.18080139160156 31.372224807739258 32.046302795410156 34.53955078125 39.79430389404297 30.902111053466797 31.48963165283203 32.26911926269531 31.708703994750977 31.001760482788086 30.993440628051758 30.971519470214844 
51.685054779052734 30.372608184814453 30.7857608795166 31.567808151245117 30.984159469604492 31.957279205322266 31.782272338867188 31.19593620300293 36.25747299194336 30.80953598022461 31.443328857421875 31.645919799804688 32.222145080566406 32.14595031738281 30.910303115844727 31.070751190185547 
97.87200164794922 30.343231201171875 31.002527236938477 31.97110366821289 32.393760681152344 31.617536544799805 31.1527042388916 31.87993621826172 37.532798767089844 31.167007446289062 30.89673614501953 31.506912231445312 32.02908706665039 32.100833892822266 31.206623077392578 31.922496795654297 
48.47817611694336 30.387840270996094 31.775423049926758 31.608928680419922 31.224960327148438 31.926816940307617 31.821088790893555 85.43981170654297 36.238590240478516 31.095487594604492 30.958112716674805 32.898529052734375 31.04332733154297 31.853952407836914 32.004608154296875 31.218399047851562 
47.48390579223633 30.352672576904297 30.99350357055664 31.583839416503906 32.30534362792969 32.019775390625 31.710880279541016 44.321537017822266 36.491329193115234 30.79267120361328 30.847455978393555 31.2324161529541 32.20252990722656 32.01180648803711 31.828384399414062 31.057376861572266 
49.556190490722656 30.347936630249023 30.380992889404297 31.65894317626953 32.81568145751953 32.11190414428711 32.20412826538086 31.729055404663086 39.13462448120117 31.428064346313477 31.846336364746094 31.974336624145508 32.03376007080078 31.4685115814209 31.118207931518555 31.030784606933594 
51.88070297241211 30.38412857055664 30.917184829711914 31.33647918701172 31.299488067626953 31.486719131469727 32.19411087036133 31.960479736328125 37.783329010009766 31.15763282775879 31.914976119995117 31.9704647064209 32.07564926147461 31.196575164794922 31.139328002929688 31.443008422851562 
57.142208099365234 31.096927642822266 31.475711822509766 32.191551208496094 31.57369613647461 32.008544921875 31.612415313720703 31.652320861816406 38.677406311035156 32.50223922729492 31.670623779296875 31.12735939025879 30.944223403930664 30.85024070739746 31.122655868530273 32.45840072631836 
43.78412628173828 39.42505645751953 39.80192184448242 49.76652908325195 71.14883422851562 37.34016036987305 37.2718391418457 38.20124816894531 47.4251823425293 37.36329650878906 37.68601608276367 38.045631408691406 37.530494689941406 37.96054458618164 37.50761413574219 37.61088180541992 
14.900511741638184 14.26358413696289 14.33568000793457 14.458911895751953 14.392607688903809 14.362591743469238 14.393376350402832 14.381343841552734 17.578176498413086 15.501343727111816 14.71555233001709 14.250144004821777 14.21350383758545 14.454943656921387 14.981632232666016 15.278752326965332 
56.30793762207031 37.24067306518555 37.914878845214844 38.55875015258789 39.29916763305664 39.1058235168457 39.094112396240234 38.75849533081055 44.81110382080078 37.48908615112305 37.5167350769043 37.713375091552734 37.57721710205078 38.155487060546875 37.535072326660156 37.43619155883789 
14.733728408813477 14.131360054016113 14.12451171875 14.1461763381958 14.411520004272461 14.466496467590332 14.544832229614258 15.688896179199219 15.466976165771484 15.459744453430176 14.590463638305664 14.436127662658691 14.420991897583008 14.71945571899414 14.462623596191406 14.500415802001953 
46.99420928955078 39.501182556152344 38.23545455932617 56.500511169433594 37.743839263916016 37.743873596191406 38.728702545166016 39.081600189208984 45.93686294555664 37.60761642456055 37.27974319458008 37.65324783325195 37.41609573364258 37.46355056762695 37.25196838378906 37.49737548828125 
17.708127975463867 14.100607872009277 14.106399536132812 14.392928123474121 14.640352249145508 14.735072135925293 14.389920234680176 14.428319931030273 15.654687881469727 15.428768157958984 15.307711601257324 14.477760314941406 14.217120170593262 14.702688217163086 14.538528442382812 15.003583908081055 
47.9051513671875 37.1038703918457 38.29337692260742 67.12547302246094 37.757568359375 37.72284698486328 38.797950744628906 38.53055953979492 43.66774368286133 37.24480056762695 37.68659210205078 37.36275100708008 37.88022232055664 37.501121520996094 37.5129280090332 37.656063079833984 
15.444352149963379 14.249216079711914 14.211711883544922 14.366047859191895 14.358943939208984 14.492575645446777 14.540512084960938 15.707967758178711 17.02662467956543 16.229631423950195 14.580415725708008 14.851391792297363 14.477952003479004 15.115296363830566 14.362272262573242 14.305279731750488 
47.9881591796875 38.301185607910156 38.486656188964844 59.349151611328125 37.59695816040039 37.4567985534668 38.50563049316406 38.35468673706055 45.86975860595703 37.423519134521484 37.504127502441406 37.533504486083984 38.31507110595703 37.91852951049805 37.381343841552734 37.459232330322266 
14.861663818359375 14.12060832977295 14.337599754333496 14.31935977935791 14.339520454406738 14.35427188873291 14.559712409973145 14.508031845092773 16.857440948486328 14.766112327575684 14.876543998718262 15.497983932495117 15.00499153137207 14.606143951416016 14.59062385559082 14.504544258117676 
46.83446502685547 37.06643295288086 38.48931121826172 64.91065979003906 37.37686538696289 38.34230422973633 37.88681411743164 37.979679107666016 44.14992141723633 37.689056396484375 37.893375396728516 37.56422424316406 37.72844696044922 37.30064010620117 37.83660888671875 37.53478240966797 
14.740256309509277 14.110272407531738 14.078368186950684 14.22755241394043 14.25318431854248 14.280608177185059 14.483967781066895 14.486271858215332 16.58515167236328 15.5032320022583 14.737407684326172 14.273920059204102 14.345279693603516 14.823552131652832 15.286463737487793 14.851679801940918 
43.85446548461914 39.54560089111328 38.954078674316406 60.74323272705078 37.934783935546875 38.42988967895508 37.97635269165039 38.062015533447266 44.22800064086914 37.22230529785156 37.67830276489258 37.52975845336914 38.1014404296875 37.6640625 38.48291015625 37.50057601928711 
14.691264152526855 14.090847969055176 14.1079683303833 14.297311782836914 14.34118366241455 14.282591819763184 14.324992179870605 14.302176475524902 14.674880027770996 15.491744041442871 14.715295791625977 14.438655853271484 14.293120384216309 14.375040054321289 14.987680435180664 15.111871719360352 
43.717281341552734 37.13865661621094 37.79158401489258 44.52799987792969 37.98223876953125 37.67388916015625 38.27151870727539 38.81779098510742 44.9317741394043 37.46736145019531 37.760990142822266 37.7305908203125 38.281280517578125 37.42131042480469 37.44233703613281 37.828670501708984 
14.812224388122559 14.147775650024414 14.247936248779297 14.246208190917969 14.257951736450195 14.223615646362305 14.435456275939941 14.459903717041016 17.024160385131836 15.365280151367188 14.924799919128418 15.028063774108887 14.801152229309082 14.224160194396973 14.587743759155273 14.449952125549316 
47.042240142822266 37.34067153930664 38.22719955444336 63.64656066894531 37.45987319946289 37.604766845703125 38.26643371582031 38.74252700805664 46.373313903808594 37.325439453125 38.00339126586914 37.60287857055664 37.655521392822266 37.654239654541016 37.51590347290039 37.53500747680664 
14.771679878234863 14.16211223602295 14.301247596740723 14.5665283203125 14.31430435180664 14.27462387084961 14.32800006866455 14.319840431213379 17.56265640258789 14.922240257263184 14.699968338012695 14.940671920776367 14.978912353515625 14.657055854797363 14.556768417358398 14.620256423950195 
45.935550689697266 37.32089614868164 38.96656036376953 64.02921295166016 37.444000244140625 38.510494232177734 39.49987030029297 39.41331100463867 44.580318450927734 37.7217903137207 37.64739227294922 37.64908981323242 37.98704147338867 37.42550277709961 37.72188949584961 37.419776916503906 
14.946656227111816 14.117695808410645 14.117055892944336 14.150848388671875 14.527615547180176 14.510944366455078 14.341695785522461 14.498784065246582 17.648256301879883 15.815936088562012 14.848959922790527 14.243807792663574 14.351296424865723 14.332032203674316 15.076128005981445 14.77945613861084 
50.4505615234375 29.84272003173828 29.205568313598633 28.98761558532715 30.43731117248535 29.48636817932129 29.649471282958984 113.07295989990234 40.32844924926758 29.080127716064453 29.52569580078125 29.122655868530273 29.90652847290039 29.434751510620117 29.88332748413086 29.52128028869629 
51.165374755859375 28.585376739501953 28.82195281982422 29.78950309753418 30.870399475097656 29.358335494995117 34.10927963256836 74.52867126464844 40.386592864990234 29.625503540039062 29.64246368408203 29.606048583984375 29.16579246520996 29.684064865112305 31.6777286529541 28.794591903686523 
51.400543212890625 29.682815551757812 28.780223846435547 30.095327377319336 29.92006492614746 29.831104278564453 102.17161560058594 36.2894401550293 41.315425872802734 29.533376693725586 29.215776443481445 30.139968872070312 29.85264015197754 29.373600006103516 29.725120544433594 29.201696395874023 
54.49884796142578 28.534847259521484 28.617216110229492 28.982431411743164 30.539295196533203 30.42915153503418 92.02732849121094 43.85136032104492 36.10233688354492 29.60051155090332 28.81609535217285 30.09174346923828 29.25609588623047 30.39472007751465 29.598207473754883 30.18195152282715 
53.27971267700195 28.55120086669922 29.64067268371582 30.07356834411621 30.314847946166992 30.6144962310791 94.25679779052734 39.73497772216797 35.06399917602539 28.999711990356445 29.458528518676758 29.24291229248047 31.98886489868164 29.14588737487793 29.65839958190918 29.93471908569336 
52.51164627075195 28.78668785095215 29.050048828125 29.0097599029541 30.00931167602539 29.568063735961914 104.02652740478516 39.403263092041016 35.316768646240234 28.98297691345215 30.90729522705078 29.6212158203125 29.645631790161133 29.95929527282715 29.086944580078125 30.368288040161133 
54.533470153808594 29.429183959960938 28.696191787719727 28.989856719970703 29.47977638244629 29.110944747924805 102.59542083740234 29.131296157836914 36.16764831542969 29.609439849853516 29.028095245361328 29.928543090820312 29.61020851135254 29.117599487304688 29.9967041015625 29.067392349243164 
52.462974548339844 28.59343910217285 30.133663177490234 29.653663635253906 30.928224563598633 29.42438316345215 93.66860961914062 45.756256103515625 38.65727996826172 29.46793556213379 29.98956871032715 29.47305679321289 30.435935974121094 29.997888565063477 29.091360092163086 30.21721649169922 
43.0208625793457 29.448959350585938 29.80988883972168 29.749631881713867 29.63327980041504 29.262624740600586 29.6362247467041 135.9190673828125 38.63923263549805 30.24470329284668 29.379167556762695 29.90233612060547 29.21001625061035 29.63884735107422 29.068767547607422 30.1059513092041 
44.34444808959961 28.508832931518555 28.661312103271484 29.797311782836914 29.6092472076416 30.63360023498535 30.11903953552246 95.11052703857422 39.799903869628906 30.254432678222656 29.535327911376953 30.154592514038086 28.820863723754883 29.779104232788086 29.62009620666504 28.921951293945312 
57.32463836669922 28.440767288208008 29.40675163269043 31.388320922851562 109.4840316772461 28.402847290039062 51.515647888183594 20.28223991394043 34.015743255615234 19.827743530273438 20.255104064941406 20.31270408630371 20.61667251586914 19.98624038696289 19.96451187133789 19.874656677246094 
45.89289474487305 31.46553611755371 28.43199920654297 31.56243133544922 28.432159423828125 29.54819107055664 28.40822410583496 28.48624038696289 29.816511154174805 20.312095642089844 20.32899284362793 21.015487670898438 19.867551803588867 20.101280212402344 19.995647430419922 19.813535690307617 
45.836544036865234 30.480255126953125 28.40825653076172 31.581727981567383 28.410175323486328 29.574111938476562 28.559680938720703 28.333919525146484 31.632064819335938 19.550111770629883 19.732351303100586 19.460224151611328 19.503360748291016 19.670015335083008 19.74460792541504 20.221120834350586 
45.86601638793945 29.43401527404785 29.414464950561523 30.532575607299805 28.43939208984375 29.47235107421875 31.633056640625 28.42131233215332 30.470239639282227 19.90460777282715 20.29007911682129 20.07529640197754 20.61257553100586 20.042463302612305 19.99292755126953 20.012704849243164 
45.884830474853516 28.29657554626465 29.537023544311523 31.56662368774414 28.332799911499023 29.543935775756836 28.411359786987305 28.495040893554688 28.764127731323242 20.04243278503418 20.302688598632812 20.579679489135742 20.421024322509766 20.326656341552734 20.77916717529297 20.089248657226562 
46.89363098144531 28.412384033203125 28.431039810180664 32.653472900390625 28.37343978881836 29.50374412536621 29.442367553710938 28.440704345703125 32.16505432128906 19.41276741027832 19.732864379882812 19.58153533935547 19.638431549072266 19.626239776611328 19.720224380493164 20.102720260620117 
45.919681549072266 31.46326446533203 28.406431198120117 31.596864700317383 28.42144012451172 29.479167938232422 28.46224021911621 28.404544830322266 31.5928955078125 19.630367279052734 19.760704040527344 19.76710319519043 19.61724853515625 19.4550724029541 19.648544311523438 19.49955177307129 
45.872161865234375 28.342527389526367 29.469951629638672 30.525920867919922 28.47292709350586 29.42937660217285 29.50943946838379 28.4434871673584 34.04323196411133 20.036800384521484 20.414783477783203 20.851072311401367 20.380640029907227 20.08380889892578 20.407520294189453 20.10358428955078 
45.86531066894531 35.714847564697266 29.477792739868164 28.414560317993164 28.404191970825195 34.807456970214844 28.419200897216797 28.411935806274414 32.043521881103516 20.280736923217773 20.450687408447266 20.36016082763672 20.137920379638672 20.797536849975586 20.080991744995117 19.893184661865234 
45.81520080566406 31.333248138427734 29.732608795166016 32.62428665161133 28.388832092285156 30.364160537719727 29.68739128112793 28.427936553955078 32.71318435668945 19.48476791381836 19.63327980041504 19.599519729614258 20.194944381713867 19.668031692504883 19.471839904785156 19.67363166809082 
42.73392105102539 28.23414421081543 28.289535522460938 28.658016204833984 29.915935516357422 39.77231979370117 28.581247329711914 29.064960479736328 36.173343658447266 28.600831985473633 29.097631454467773 28.625375747680664 29.057920455932617 29.15862464904785 28.768672943115234 28.99395179748535 
43.606910705566406 28.15273666381836 29.465280532836914 29.383487701416016 29.912128448486328 30.256383895874023 29.807071685791016 117.23785400390625 37.8370246887207 28.990304946899414 28.968799591064453 28.836896896362305 29.053184509277344 28.743967056274414 29.1760311126709 28.791135787963867 
42.596736907958984 28.199615478515625 28.866432189941406 29.133024215698242 29.383264541625977 29.13711929321289 29.230112075805664 108.10636901855469 35.44451141357422 28.877824783325195 29.331199645996094 28.62403106689453 29.218687057495117 28.68160057067871 28.82758331298828 29.378015518188477 
44.62108612060547 28.11996841430664 28.424800872802734 28.993024826049805 30.0118408203125 29.647232055664062 29.416927337646484 109.24527740478516 37.57699203491211 29.250463485717773 28.777599334716797 28.814176559448242 29.26255989074707 28.935487747192383 30.490591049194336 29.307903289794922 
44.77104187011719 28.15727996826172 28.57254409790039 28.76896095275879 29.91312026977539 29.976991653442383 30.11827278137207 124.78694152832031 36.958526611328125 29.010944366455078 28.906784057617188 28.787839889526367 29.170719146728516 28.675264358520508 29.132352828979492 28.916927337646484 
77.28390502929688 28.23103904724121 28.74627113342285 29.574464797973633 29.145248413085938 29.331424713134766 28.955039978027344 129.410400390625 36.54102325439453 29.315967559814453 28.496959686279297 29.294559478759766 29.202495574951172 28.416608810424805 29.184640884399414 28.806495666503906 
42.58291244506836 28.169279098510742 29.765823364257812 29.17500877380371 29.701631546020508 29.13350486755371 28.88479995727539 112.56227111816406 37.54198455810547 28.947328567504883 28.822975158691406 28.785823822021484 28.49750328063965 28.862560272216797 31.49260711669922 28.57561683654785 
42.74339294433594 28.061920166015625 28.67910385131836 28.97724723815918 28.85798454284668 29.111072540283203 29.089311599731445 111.1046371459961 38.772159576416016 28.707807540893555 29.100223541259766 28.781728744506836 29.243711471557617 28.731231689453125 29.013824462890625 29.2423038482666 
45.741695404052734 28.078784942626953 28.06924819946289 28.989152908325195 29.026208877563477 28.836063385009766 29.147424697875977 112.30076599121094 35.65795135498047 28.86476707458496 29.326879501342773 28.72051239013672 29.155744552612305 28.690528869628906 28.720991134643555 28.99180793762207 
44.70057678222656 28.170976638793945 28.968032836914062 28.884416580200195 28.75129508972168 29.927936553955078 29.277280807495117 108.544189453125 36.92723083496094 28.96518325805664 29.04969596862793 28.755903244018555 29.514720916748047 28.870399475097656 29.304576873779297 29.16489601135254 
35.117183685302734 21.709312438964844 21.667104721069336 21.984447479248047 22.106752395629883 22.773088455200195 23.29078483581543 29.083967208862305 27.166656494140625 22.69843292236328 22.313823699951172 22.268735885620117 22.31279945373535 22.32931137084961 22.32489585876465 22.35171127319336 
32.97760009765625 21.69481658935547 21.725183486938477 21.993471145629883 21.952831268310547 22.68160057067871 22.764223098754883 113.83769226074219 26.572959899902344 22.280832290649414 22.324447631835938 22.087488174438477 22.267263412475586 22.31612777709961 22.46780776977539 22.074111938476562 
35.088191986083984 21.66592025756836 22.15894317626953 22.267040252685547 22.23993682861328 22.297664642333984 22.345792770385742 108.13126373291016 27.862560272216797 22.282495498657227 22.50873565673828 22.386079788208008 23.1114559173584 22.24038314819336 22.21878433227539 22.41414451599121 
35.11110305786133 21.710079193115234 21.839712142944336 22.461280822753906 22.500831604003906 22.54319953918457 22.427200317382812 95.10562896728516 27.89504051208496 22.16307258605957 22.261280059814453 22.58118438720703 22.168991088867188 22.39334487915039 22.278911590576172 22.353471755981445 
36.176639556884766 21.64112091064453 21.71548843383789 21.84534454345703 22.207935333251953 22.351551055908203 23.090368270874023 123.61465454101562 26.78860855102539 23.843551635742188 22.39366340637207 22.275360107421875 22.266624450683594 22.405696868896484 22.291391372680664 22.30975914001465 
34.09795379638672 21.745376586914062 21.858976364135742 22.414592742919922 22.505887985229492 22.377151489257812 22.275711059570312 108.25968170166016 29.771072387695312 22.131839752197266 22.04300880432129 22.53398323059082 22.697856903076172 22.31443214416504 22.615520477294922 22.355327606201172 
38.33001708984375 21.750431060791016 22.200000762939453 22.256927490234375 22.301151275634766 22.31635284423828 22.226943969726562 126.97187042236328 29.385120391845703 22.109088897705078 22.504480361938477 22.2840633392334 22.2542724609375 23.445472717285156 22.179424285888672 22.518688201904297 
34.08992004394531 21.71366310119629 21.72540855407715 21.963584899902344 22.172544479370117 22.867551803588867 23.187776565551758 112.62643432617188 28.500864028930664 22.205055236816406 22.281503677368164 22.188671112060547 22.333824157714844 22.203231811523438 22.290496826171875 22.359167098999023 
36.144447326660156 21.73414421081543 21.717119216918945 21.724288940429688 22.155519485473633 22.787168502807617 23.207616806030273 96.02483367919922 27.280864715576172 22.237951278686523 22.281696319580078 22.31043243408203 22.36569595336914 22.311616897583008 22.41481590270996 22.221439361572266 
34.020511627197266 21.736576080322266 21.72198486328125 21.960960388183594 22.481983184814453 22.465856552124023 22.183807373046875 117.60562896728516 28.081951141357422 22.296384811401367 22.283935546875 22.69887924194336 22.230783462524414 23.57801628112793 22.24950408935547 22.398719787597656 
32.65705490112305 18.276704788208008 17.83692741394043 17.933088302612305 18.021888732910156 17.889728546142578 19.03455924987793 22.187423706054688 32.440673828125 17.171648025512695 17.50726318359375 17.400672912597656 17.120800018310547 18.273344039916992 17.722400665283203 17.417375564575195 
32.64409637451172 17.238271713256836 17.890464782714844 17.901439666748047 19.020671844482422 17.903520584106445 17.879743576049805 18.928287506103516 25.17919921875 17.139392852783203 18.322303771972656 17.533824920654297 17.842079162597656 17.856351852416992 17.558719635009766 17.19980812072754 
32.62675094604492 17.233856201171875 17.886816024780273 18.171968460083008 19.943647384643555 17.793760299682617 18.877567291259766 18.857023239135742 25.165119171142578 17.1759033203125 17.744895935058594 17.93177604675293 17.167200088500977 18.357248306274414 17.55523109436035 17.434207916259766 
32.66672134399414 17.23379135131836 17.823488235473633 17.908607482910156 17.902528762817383 17.870431900024414 18.21116828918457 18.929664611816406 25.595487594604492 17.914560317993164 17.90108871459961 17.195615768432617 18.107200622558594 17.6396484375 17.168031692504883 18.043840408325195 
32.635902404785156 17.24064064025879 17.896799087524414 17.911136627197266 19.00636863708496 17.94812774658203 18.048927307128906 19.19081687927246 26.235872268676758 17.378976821899414 17.492767333984375 17.583263397216797 17.159072875976562 18.015647888183594 17.556640625 17.20102310180664 
32.658592224121094 17.20150375366211 18.03718376159668 17.87740707397461 18.909984588623047 17.93987274169922 17.85500717163086 18.861343383789062 25.408607482910156 17.323583602905273 17.744287490844727 17.204288482666016 17.147775650024414 17.489343643188477 17.196128845214844 17.21651268005371 
32.658145904541016 17.2227840423584 17.858623504638672 18.18662452697754 17.881183624267578 17.857311248779297 18.895488739013672 18.811328887939453 24.258079528808594 17.575551986694336 17.433088302612305 17.216703414916992 18.30633544921875 17.61417579650879 17.194944381713867 17.801183700561523 
32.67862319946289 17.192224502563477 17.847551345825195 17.91584014892578 19.969696044921875 17.886272430419922 17.92540740966797 19.063199996948242 22.971519470214844 17.1395206451416 17.77516746520996 17.608095169067383 17.051807403564453 18.043807983398438 17.29961585998535 17.5798397064209 
33.696319580078125 17.221120834350586 17.88969612121582 18.067840576171875 17.877727508544922 19.03209686279297 17.93414306640625 19.979232788085938 24.31318473815918 17.49590492248535 17.233856201171875 17.88140869140625 17.38515281677246 17.5993595123291 17.544095993041992 17.192384719848633 
32.669952392578125 17.21379280090332 17.876352310180664 17.938623428344727 20.820415496826172 18.060447692871094 17.98054313659668 19.02457618713379 24.864063262939453 17.11417579650879 17.164512634277344 17.547359466552734 17.21356773376465 17.853376388549805 17.258752822875977 17.63599967956543 
51.905982971191406 35.78041458129883 34.708030700683594 35.205055236816406 35.93251037597656 35.40140914916992 76.58329772949219 28.229503631591797 39.29520034790039 29.358720779418945 28.9849910736084 31.436416625976562 29.543807983398438 30.38153648376465 29.485088348388672 29.790687561035156 
53.988990783691406 34.733726501464844 35.805633544921875 36.44694519042969 62.8138542175293 52.240543365478516 35.67055892944336 34.77987289428711 41.53334426879883 29.558496475219727 29.142559051513672 29.718463897705078 28.96134376525879 29.75052833557129 29.092927932739258 30.07868766784668 
55.002079010009766 34.925537109375 36.364864349365234 35.256927490234375 54.89334487915039 60.609920501708984 35.74332809448242 35.61897659301758 37.96614456176758 29.621952056884766 29.451135635375977 29.905088424682617 29.154560089111328 29.81772804260254 28.86934471130371 28.8176326751709 
51.88505554199219 34.86320114135742 36.06035232543945 41.75187301635742 92.85113525390625 35.294559478759766 34.884544372558594 36.47593688964844 44.25775909423828 29.36016082763672 29.2706241607666 29.50079917907715 29.097536087036133 29.946239471435547 29.108383178710938 30.445472717285156 
57.105472564697266 34.929473876953125 35.69993591308594 35.741790771484375 96.01264190673828 35.31196975708008 35.27836990356445 35.84688186645508 40.47216033935547 28.977983474731445 29.401567459106445 29.81772804260254 29.36739158630371 29.84102439880371 29.495040893554688 29.69487953186035 
52.91622543334961 34.76841735839844 35.80192184448242 34.7325439453125 71.90512084960938 60.45644760131836 34.69353485107422 34.984703063964844 42.78492736816406 28.7457275390625 28.738048553466797 29.308927536010742 29.318880081176758 29.588672637939453 29.33888053894043 29.779935836791992 
53.953983306884766 34.7946891784668 36.10371017456055 35.668575286865234 63.341888427734375 50.27881622314453 35.49248123168945 35.02764892578125 39.897823333740234 29.543231964111328 29.611135482788086 30.15238380432129 29.432287216186523 29.833375930786133 29.164608001708984 29.576704025268555 
52.91356658935547 35.423648834228516 36.40572738647461 35.73542404174805 36.85366439819336 75.5699234008789 37.12326431274414 35.574432373046875 41.12886428833008 29.379104614257812 29.082111358642578 29.277536392211914 30.291776657104492 30.033472061157227 29.685792922973633 29.41516876220703 
53.990718841552734 34.73660659790039 36.54380798339844 37.566368103027344 93.13542175292969 34.61881637573242 34.75862503051758 34.763519287109375 40.318016052246094 29.367551803588867 29.085695266723633 29.581087112426758 29.16815948486328 29.486719131469727 29.365055084228516 29.507648468017578 
51.89360046386719 34.725791931152344 35.86025619506836 36.864959716796875 51.883201599121094 64.63267517089844 35.139198303222656 35.80031967163086 39.61654281616211 29.39148712158203 29.23923110961914 29.372032165527344 30.00281524658203 30.03775978088379 29.570592880249023 29.707168579101562 
49.88560104370117 31.66054344177246 32.661983489990234 85.38780975341797 48.08700942993164 36.772159576416016 32.6910400390625 33.03071975708008 36.03190231323242 24.980960845947266 25.23004722595215 25.37775993347168 25.557952880859375 25.131328582763672 25.24448013305664 25.430240631103516 
53.02899169921875 31.718624114990234 32.584224700927734 136.06790161132812 32.05712127685547 32.61391830444336 25.410911560058594 29.972896575927734 36.572574615478516 24.863807678222656 25.10527992248535 25.09939193725586 25.486303329467773 25.278079986572266 25.205631256103516 25.23049545288086 
54.11008071899414 32.706817626953125 32.68873596191406 146.00067138671875 32.55855941772461 32.08793640136719 24.733503341674805 25.324832916259766 35.961952209472656 25.098880767822266 25.371519088745117 25.198144912719727 25.278175354003906 25.31782341003418 25.217792510986328 25.371456146240234 
54.134944915771484 32.634239196777344 36.89120101928711 137.08029174804688 32.02220916748047 32.537025451660156 25.831199645996094 29.332416534423828 37.44416046142578 25.213119506835938 25.25279998779297 25.118560791015625 25.295711517333984 26.297792434692383 25.239295959472656 25.1845760345459 
53.06915283203125 32.696224212646484 33.12748718261719 142.5142059326172 32.49478530883789 32.71238327026367 25.709823608398438 25.292896270751953 35.79564666748047 25.11644744873047 25.701248168945312 25.466655731201172 25.326879501342773 25.372800827026367 25.23734474182129 25.260000228881836 
53.05660629272461 31.64009666442871 33.967742919921875 32.44569778442383 126.04316711425781 33.61167907714844 25.217792510986328 24.711423873901367 36.7248649597168 25.0100154876709 25.09231948852539 25.068191528320312 25.37398338317871 25.01068878173828 25.00057601928711 25.010047912597656 
51.99264144897461 31.663455963134766 33.63276672363281 120.3638687133789 32.042816162109375 33.0536003112793 28.927104949951172 24.671199798583984 33.19532775878906 25.024160385131836 25.03673553466797 25.039552688598633 24.977888107299805 25.342144012451172 25.03740882873535 25.26198387145996 
51.954559326171875 31.709856033325195 34.028926849365234 110.5165786743164 58.35116958618164 32.47657775878906 24.978912353515625 25.453632354736328 35.847904205322266 25.044160842895508 25.49625587463379 25.616640090942383 25.119840621948242 25.18239974975586 25.416288375854492 25.543264389038086 
54.138816833496094 32.70140838623047 33.62966537475586 141.91139221191406 32.55411148071289 32.503841400146484 24.400127410888672 24.673887252807617 35.93929672241211 24.88991928100586 24.99884796142578 24.984447479248047 25.14566421508789 25.521343231201172 25.153440475463867 25.25779151916504 
54.12518310546875 32.657630920410156 35.3737907409668 149.62095642089844 32.601470947265625 25.03811264038086 24.430015563964844 26.40505599975586 34.93500900268555 25.1212158203125 25.21820831298828 25.245567321777344 25.322463989257812 25.28646469116211 25.167999267578125 25.43462371826172 
37.97001647949219 21.696287155151367 21.83078384399414 22.643455505371094 22.527584075927734 127.05689239501953 21.712736129760742 22.042591094970703 27.868255615234375 22.61417579650879 22.766464233398438 22.61622428894043 22.683679580688477 23.020416259765625 22.214496612548828 22.888416290283203 
42.23392105102539 21.724096298217773 21.77948760986328 21.977888107299805 21.997312545776367 22.821504592895508 22.905471801757812 22.85424041748047 29.133056640625 22.91116714477539 22.393024444580078 22.94259262084961 22.37775993347168 22.973440170288086 22.590368270874023 22.582975387573242 
41.16716766357422 21.726560592651367 21.73574447631836 22.359071731567383 22.528352737426758 22.483200073242188 22.498655319213867 22.163711547851562 29.877887725830078 22.218048095703125 23.506752014160156 22.317920684814453 22.743328094482422 23.227615356445312 22.428672790527344 22.975135803222656 
43.29065704345703 21.747520446777344 21.837663650512695 22.650495529174805 22.880512237548828 22.92937660217285 22.82326316833496 22.47648048400879 29.264223098754883 22.73366355895996 23.36739158630371 22.53152084350586 22.74166488647461 22.48124885559082 22.936992645263672 22.51580810546875 
42.24176025390625 21.72991943359375 22.284223556518555 22.55251121520996 22.56710433959961 22.53603172302246 22.535167694091797 22.228063583374023 29.35491180419922 22.636415481567383 23.254112243652344 22.862688064575195 22.659231185913086 22.996448516845703 22.591520309448242 22.310047149658203 
42.22367858886719 21.786592483520508 22.126432418823242 22.331520080566406 22.47043228149414 22.607040405273438 22.316320419311523 22.23971176147461 31.03219223022461 22.535903930664062 22.453983306884766 22.7607364654541 22.917631149291992 22.260448455810547 23.356159210205078 22.52604866027832 
43.30006408691406 21.694271087646484 21.656063079833984 22.069664001464844 22.01251220703125 22.06243133544922 22.034751892089844 21.965503692626953 29.175743103027344 22.57891273498535 22.450111389160156 23.042591094970703 23.15990447998047 22.350784301757812 22.92176055908203 23.185440063476562 
41.17497634887695 21.782848358154297 21.844127655029297 21.99945640563965 22.029407501220703 22.041311264038086 22.13862419128418 22.683008193969727 30.597248077392578 22.84105682373047 22.51251220703125 22.989280700683594 22.446975708007812 23.469247817993164 22.306400299072266 22.81692886352539 
43.309024810791016 21.746976852416992 21.964096069335938 21.970495223999023 21.986112594604492 21.92176055908203 22.059648513793945 22.64169692993164 28.071712493896484 22.999839782714844 22.40630340576172 22.444095611572266 22.683391571044922 22.75062370300293 22.790559768676758 22.47657585144043 
42.219520568847656 21.736736297607422 22.015424728393555 22.110912322998047 22.33260726928711 22.262048721313477 22.111648559570312 22.64214324951172 29.41315269470215 22.33670425415039 22.743167877197266 22.275104522705078 22.956287384033203 22.73846435546875 22.399904251098633 23.199199676513672 
47.573665618896484 23.536544799804688 23.854496002197266 24.166431427001953 24.115264892578125 23.92255973815918 24.670976638793945 92.92291259765625 29.0513916015625 23.86182403564453 23.83184051513672 23.716064453125 23.620351791381836 23.898143768310547 24.06870460510254 24.128480911254883 
41.33321762084961 23.229312896728516 23.207712173461914 23.39958381652832 23.69481658935547 23.690624237060547 23.91414451599121 91.7547836303711 28.623424530029297 23.8986873626709 23.968191146850586 23.86150360107422 24.226240158081055 23.95359992980957 23.926847457885742 23.812288284301758 
42.39446258544922 23.314111709594727 23.47123146057129 23.528287887573242 23.60188865661621 24.513856887817383 24.43471908569336 103.6371841430664 29.236448287963867 23.808576583862305 23.959903717041016 23.812095642089844 23.65216064453125 23.910655975341797 23.869279861450195 23.93120002746582 
40.28656005859375 23.227584838867188 23.52764892578125 23.86944007873535 24.281728744506836 24.452255249023438 24.392927169799805 91.22525024414062 36.68889617919922 23.689727783203125 24.867712020874023 24.810272216796875 23.79363250732422 23.91529655456543 23.798208236694336 24.420799255371094 
63.36857604980469 23.30121612548828 23.3505916595459 23.56175994873047 24.689247131347656 24.856191635131836 24.319551467895508 90.85030364990234 30.96633529663086 23.790624618530273 23.842784881591797 23.78108787536621 24.15657615661621 23.963232040405273 23.73641586303711 23.91449546813965 
40.27167892456055 23.352672576904297 24.004255294799805 23.991424560546875 23.995744705200195 23.801471710205078 23.77987289428711 77.3985595703125 31.635936737060547 23.75606346130371 23.699615478515625 23.770015716552734 24.43951988220215 23.81760025024414 24.013824462890625 23.692031860351562 
41.342079162597656 23.35628890991211 23.25833511352539 23.667232513427734 24.700191497802734 24.59222412109375 24.006431579589844 112.3569564819336 28.626399993896484 23.95884895324707 23.852256774902344 23.83977508544922 24.016511917114258 23.97996711730957 23.88198471069336 24.66214370727539 
39.17484664916992 23.279136657714844 23.79814338684082 24.051424026489258 24.076383590698242 24.536319732666016 24.82761573791504 77.88098907470703 30.82815933227539 24.060319900512695 23.737951278686523 23.85148811340332 23.708160400390625 24.10848045349121 23.837343215942383 23.93382453918457 
41.3612174987793 23.354047775268555 23.3853759765625 23.640159606933594 24.485055923461914 24.8885440826416 24.585472106933594 92.71539306640625 29.13145637512207 24.048383712768555 23.77142333984375 23.890111923217773 23.849279403686523 25.36617660522461 23.851295471191406 24.343135833740234 
40.289310455322266 23.297216415405273 23.634111404418945 23.776063919067383 23.836000442504883 24.44371223449707 24.70832061767578 96.50748443603516 30.739295959472656 23.999008178710938 23.770751953125 23.68035125732422 23.778688430786133 23.99283218383789 23.88479995727539 23.856159210205078 
26.106304168701172 18.713823318481445 18.805471420288086 19.11859130859375 19.113216400146484 19.059072494506836 19.095264434814453 19.160255432128906 26.813888549804688 19.124000549316406 19.988128662109375 19.11347198486328 19.186304092407227 19.475391387939453 19.468544006347656 19.327455520629883 
26.448320388793945 15.271648406982422 15.237824440002441 15.657119750976562 15.7258882522583 15.830944061279297 15.748255729675293 15.729632377624512 18.78940773010254 16.654943466186523 16.038272857666016 15.545087814331055 16.276287078857422 15.731424331665039 15.68387222290039 16.414432525634766 
48.59715270996094 18.665184020996094 18.719968795776367 19.165023803710938 19.501792907714844 19.596128463745117 19.47760009765625 19.514240264892578 24.719776153564453 19.77779197692871 19.273984909057617 19.534143447875977 19.646751403808594 19.351072311401367 19.125696182250977 19.621183395385742 
15.626208305358887 15.324288368225098 15.312895774841309 15.2807035446167 15.625247955322266 15.910592079162598 16.111167907714844 15.83084774017334 17.308639526367188 16.067264556884766 15.685728073120117 15.491776466369629 15.548255920410156 15.713408470153809 15.492735862731934 15.771231651306152 
37.54217529296875 18.7030086517334 18.71945571899414 19.126495361328125 19.168352127075195 19.491167068481445 19.529695510864258 19.664159774780273 24.003583908081055 19.211807250976562 19.32192039489746 19.534879684448242 19.355968475341797 19.196063995361328 19.284191131591797 19.098527908325195 
18.484800338745117 15.347295761108398 15.353599548339844 15.359583854675293 15.610336303710938 15.719039916992188 15.738783836364746 15.71776008605957 20.402368545532227 16.123807907104492 15.874624252319336 15.863327980041504 16.21494483947754 15.857919692993164 15.563679695129395 16.502975463867188 
49.65340805053711 18.6562557220459 18.818143844604492 18.962432861328125 19.053407669067383 19.02934455871582 19.132831573486328 19.118303298950195 26.433408737182617 19.166208267211914 19.35001564025879 19.103551864624023 19.231647491455078 19.414400100708008 19.03107261657715 19.167104721069336 
18.925952911376953 15.312735557556152 15.300800323486328 15.616991996765137 15.73971176147461 15.721471786499023 15.58409595489502 15.572064399719238 19.427488327026367 16.5416316986084 15.363871574401855 15.484064102172852 16.155744552612305 15.393216133117676 16.00841522216797 16.238943099975586 
47.7116813659668 18.65238380432129 18.819711685180664 19.305728912353516 19.43337631225586 19.44940757751465 19.406047821044922 19.687904357910156 23.79840087890625 19.872671127319336 19.410783767700195 19.482112884521484 19.48454475402832 19.187328338623047 19.36345672607422 19.400192260742188 
16.654144287109375 15.358816146850586 15.452927589416504 15.438783645629883 15.468544006347656 15.502400398254395 15.490431785583496 15.55014419555664 19.421184539794922 16.083967208862305 15.81167984008789 15.487168312072754 16.124351501464844 15.71020793914795 15.516096115112305 15.704704284667969 
49.660064697265625 18.686912536621094 18.84966468811035 19.333791732788086 19.529407501220703 19.44803237915039 19.527584075927734 19.643327713012695 25.911808013916016 19.21708869934082 19.016191482543945 19.09644889831543 19.278335571289062 19.319583892822266 19.418655395507812 19.37887954711914 
19.66783905029297 15.391743659973145 15.373023986816406 15.337183952331543 15.36729621887207 15.45907211303711 15.575679779052734 16.039104461669922 20.534847259521484 16.17487907409668 15.389408111572266 16.375520706176758 15.50767993927002 15.478240013122559 16.204736709594727 15.64419174194336 
46.64400100708008 18.670015335083008 18.653343200683594 18.868192672729492 18.974367141723633 19.0216007232666 19.1375675201416 19.257951736450195 29.322816848754883 19.091520309448242 19.184383392333984 18.830400466918945 19.524351119995117 19.259584426879883 19.538463592529297 19.595136642456055 
15.842432022094727 15.332127571105957 15.300800323486328 15.32975959777832 15.573280334472656 15.590880393981934 15.59603214263916 15.744256019592285 19.27123260498047 16.7030086517334 16.386943817138672 15.363327980041504 15.705280303955078 16.25881576538086 15.45299243927002 15.911935806274414 
45.80326461791992 18.691936492919922 18.914400100708008 19.172832489013672 19.107648849487305 19.112384796142578 19.131744384765625 19.14691162109375 26.773344039916992 19.351839065551758 19.03603172302246 19.30512046813965 19.368864059448242 19.296672821044922 19.329952239990234 19.14569664001465 
16.84988784790039 15.298015594482422 15.286208152770996 15.30726432800293 15.66652774810791 15.67465591430664 15.731679916381836 15.89583969116211 21.5316162109375 16.023584365844727 15.803744316101074 16.39414405822754 15.411264419555664 15.64089584350586 16.52355194091797 15.511039733886719 
48.601600646972656 18.64508819580078 18.68716812133789 18.740352630615234 19.29587173461914 19.364288330078125 19.45097541809082 19.699392318725586 26.181568145751953 19.255199432373047 19.592063903808594 19.445663452148438 19.066688537597656 19.203872680664062 19.265600204467773 19.20035171508789 
22.097503662109375 15.309439659118652 15.248479843139648 15.461471557617188 15.734496116638184 15.91641616821289 15.818816184997559 15.541919708251953 20.288959503173828 16.59267234802246 15.541248321533203 15.927807807922363 16.055072784423828 15.911968231201172 15.888192176818848 16.167327880859375 
49.65251159667969 18.601375579833984 18.639232635498047 18.71891212463379 18.994304656982422 19.21548843383789 19.18502426147461 19.187744140625 28.9902400970459 19.463104248046875 19.30735969543457 19.255903244018555 19.016000747680664 19.222143173217773 19.35798454284668 19.537824630737305 
15.778656005859375 15.408927917480469 15.398303985595703 15.45798397064209 15.365216255187988 15.2957124710083 15.564767837524414 15.773216247558594 18.40982437133789 16.584287643432617 15.779007911682129 15.945440292358398 16.89446449279785 15.816608428955078 16.429471969604492 15.679200172424316 
78.2240982055664 21.007104873657227 20.97545623779297 22.149696350097656 21.104095458984375 21.171039581298828 21.389408111572266 158.49168395996094 26.461088180541992 20.231264114379883 20.293855667114258 20.69196891784668 20.726688385009766 20.84377670288086 20.812543869018555 20.155744552612305 
39.81155014038086 23.69593620300293 19.99216079711914 20.086719512939453 22.10812759399414 19.98240089416504 22.23423957824707 20.017696380615234 28.1812801361084 20.038240432739258 20.06208038330078 20.281856536865234 20.338111877441406 20.36604881286621 20.777568817138672 20.62259292602539 
36.66825485229492 22.637727737426758 20.003135681152344 19.995967864990234 20.02774429321289 21.20025634765625 22.013343811035156 20.1592960357666 27.494495391845703 20.176191329956055 20.219743728637695 20.674560546875 20.646240234375 20.62723159790039 20.667648315429688 20.162015914916992 
37.72060775756836 25.827104568481445 19.951135635375977 20.072256088256836 20.036672592163086 20.007999420166016 21.113887786865234 20.989023208618164 27.878047943115234 20.520479202270508 20.726144790649414 20.457088470458984 20.175743103027344 20.49567985534668 20.24095916748047 20.109088897705078 
36.66236877441406 24.793439865112305 20.006656646728516 19.957151412963867 19.958208084106445 21.077247619628906 20.048288345336914 21.082687377929688 25.168127059936523 20.748319625854492 21.431615829467773 20.185216903686523 24.284639358520508 20.05344009399414 20.42176055908203 20.379072189331055 
37.710208892822266 24.7893123626709 19.960063934326172 19.993408203125 20.798431396484375 21.1562557220459 21.897247314453125 23.051807403564453 25.07676887512207 21.12761688232422 20.22707176208496 20.139135360717773 20.11302375793457 20.127904891967773 20.265472412109375 20.143840789794922 
46.162559509277344 23.685855865478516 20.001407623291016 20.09107208251953 20.004383087158203 20.15500831604004 22.25209617614746 21.070016860961914 27.8887996673584 20.449344635009766 20.81635284423828 20.773536682128906 20.08345603942871 19.947999954223633 20.16217613220215 20.086271286010742 
37.74342346191406 25.83340835571289 20.112096786499023 19.92051124572754 21.109792709350586 20.2589111328125 22.098079681396484 22.178207397460938 28.427648544311523 20.257568359375 20.62063980102539 20.61039924621582 21.815296173095703 20.928607940673828 20.08755111694336 20.24300765991211 
37.72412872314453 21.611167907714844 21.17318344116211 19.983327865600586 21.170015335083008 22.172128677368164 22.004287719726562 22.04159927368164 24.884735107421875 20.40937614440918 20.09014320373535 20.56675148010254 21.018112182617188 20.32854461669922 20.165632247924805 20.153663635253906 
36.66691207885742 21.604671478271484 21.01068878173828 20.13599967956543 23.148351669311523 19.976383209228516 20.08460807800293 21.018335342407227 26.883520126342773 20.141408920288086 20.321504592895508 20.169567108154297 20.10985565185547 20.199424743652344 20.481504440307617 20.536287307739258 
33.85456085205078 25.35443115234375 26.267520904541016 25.95792007446289 41.10697555541992 25.88742446899414 26.095775604248047 26.018367767333984 29.88604736328125 25.95916748046875 25.954336166381836 25.744064331054688 26.09164810180664 26.004287719726562 25.493919372558594 26.258399963378906 
15.904831886291504 15.461471557617188 15.477855682373047 15.583776473999023 15.688735961914062 15.588831901550293 15.979455947875977 16.075040817260742 17.28668785095215 15.628095626831055 16.815488815307617 15.456031799316406 15.48310375213623 15.962752342224121 15.785247802734375 16.509695053100586 
33.77449417114258 25.398847579956055 25.75775909423828 26.06048011779785 26.769983291625977 26.17375946044922 26.266239166259766 26.66147232055664 30.409215927124023 25.813312530517578 26.163040161132812 25.970048904418945 25.93948745727539 25.939552307128906 25.557376861572266 26.18499183654785 
15.96339225769043 15.4782075881958 15.38038444519043 15.627360343933105 15.683839797973633 15.694047927856445 15.536255836486816 15.853919982910156 18.35024070739746 15.492863655090332 16.596288681030273 15.67199993133545 15.840255737304688 16.04035186767578 15.886207580566406 16.11417579650879 
32.83078384399414 25.787839889526367 26.393760681152344 26.417760848999023 26.10963249206543 26.529279708862305 72.42797088623047 25.691680908203125 29.760896682739258 25.696672439575195 25.984607696533203 25.900863647460938 25.652992248535156 26.086944580078125 25.931455612182617 25.792192459106445 
15.884767532348633 15.526495933532715 15.470879554748535 15.82857608795166 15.649791717529297 15.723711967468262 16.046016693115234 16.076608657836914 17.985984802246094 15.488736152648926 15.987903594970703 16.05743980407715 15.771679878234863 16.253408432006836 15.966048240661621 16.568191528320312 
33.97760009765625 25.629056930541992 25.47804832458496 25.95996856689453 25.94313621520996 26.39628791809082 26.180992126464844 26.508512496948242 30.2674560546875 26.00374412536621 26.08995246887207 25.829631805419922 25.75382423400879 25.769023895263672 25.879680633544922 25.95097541809082 
15.84886360168457 15.45315170288086 15.420767784118652 15.405152320861816 15.411423683166504 15.424960136413574 15.944512367248535 15.896896362304688 18.651935577392578 15.547391891479492 16.694591522216797 15.712672233581543 16.090431213378906 15.974016189575195 15.996735572814941 15.665696144104004 
32.928897857666016 25.66339111328125 26.202880859375 26.02796745300293 26.138656616210938 26.230432510375977 58.615360260009766 25.788799285888672 30.259071350097656 25.803359985351562 26.05116844177246 25.849472045898438 26.409791946411133 26.397663116455078 25.91980743408203 26.232576370239258 
15.932415962219238 15.483936309814453 15.45206356048584 15.472224235534668 15.557056427001953 15.584671974182129 15.555808067321777 15.610143661499023 18.666400909423828 15.49891185760498 15.568191528320312 16.17865562438965 15.90982437133789 16.1079044342041 15.942560195922852 16.32156753540039 
33.952449798583984 25.36841583251953 25.808000564575195 25.839487075805664 26.267072677612305 26.726144790649414 26.21833610534668 26.304288864135742 30.8209285736084 25.939584732055664 25.981088638305664 25.92732810974121 25.863264083862305 25.898080825805664 26.11177635192871 26.03046417236328 
15.770400047302246 15.431391716003418 15.3951997756958 15.794303894042969 16.006847381591797 16.097055435180664 15.88259220123291 15.624608039855957 19.302080154418945 15.723551750183105 15.551712036132812 15.522784233093262 16.11724853515625 15.704704284667969 15.419743537902832 16.283872604370117 
33.95097732543945 25.585599899291992 26.77939224243164 26.829727172851562 26.717824935913086 26.482559204101562 56.521663665771484 25.652799606323242 29.642559051513672 26.14476776123047 25.793920516967773 25.757631301879883 25.989856719970703 26.29052734375 25.887775421142578 26.2063045501709 
15.918272018432617 15.392895698547363 15.414560317993164 15.576895713806152 15.545280456542969 15.447615623474121 15.743776321411133 16.057727813720703 18.677183151245117 15.443103790283203 15.870880126953125 16.280736923217773 15.825471878051758 15.936256408691406 16.53206443786621 15.95417594909668 
39.12543869018555 25.37366485595703 25.7906551361084 26.714271545410156 26.414880752563477 26.475072860717773 26.7608642578125 26.25539207458496 28.85091209411621 25.847999572753906 25.94803237915039 25.851871490478516 25.87353515625 25.868383407592773 25.718687057495117 26.058015823364258 
15.857824325561523 15.417407989501953 15.350784301757812 15.519295692443848 15.663935661315918 15.669792175292969 15.453920364379883 15.5664644241333 18.443296432495117 15.71174430847168 15.449407577514648 16.62531280517578 15.66864013671875 16.823135375976562 15.516736030578613 16.3055362701416 
33.890689849853516 25.750463485717773 25.740768432617188 26.070144653320312 26.086336135864258 26.193727493286133 59.101566314697266 25.626239776611328 32.418209075927734 25.93401527404785 26.23628807067871 25.99772834777832 26.12726402282715 25.88025665283203 26.09846305847168 26.083616256713867 
15.891776084899902 15.44707202911377 15.33955192565918 15.350815773010254 15.641728401184082 15.82265567779541 15.6496000289917 15.753824234008789 18.827104568481445 15.473823547363281 15.629216194152832 15.597824096679688 15.613120079040527 16.03990364074707 16.19388771057129 15.767616271972656 
34.92723083496094 26.143295288085938 26.427711486816406 26.302528381347656 26.324480056762695 26.74892807006836 26.054208755493164 26.400224685668945 31.18342399597168 25.88812828063965 25.7040958404541 25.637664794921875 26.010623931884766 25.792640686035156 25.63667106628418 25.768096923828125 
15.878175735473633 15.482399940490723 15.425888061523438 15.476767539978027 15.43388843536377 15.413439750671387 15.640735626220703 15.65494441986084 16.279552459716797 15.550751686096191 16.193727493286133 15.491328239440918 15.606304168701172 16.15283203125 15.856736183166504 16.319168090820312 
48.34553527832031 30.043712615966797 29.962112426757812 31.159072875976562 31.724639892578125 31.356224060058594 30.573440551757812 30.82316780090332 39.81631851196289 30.55072021484375 31.575712203979492 31.209823608398438 31.07436752319336 30.977792739868164 31.3308162689209 31.779775619506836 
65.85977935791016 30.344703674316406 30.436864852905273 31.504127502441406 31.77903938293457 31.355424880981445 31.58185577392578 31.63158416748047 37.86163330078125 30.560768127441406 31.17215919494629 31.381439208984375 30.39619255065918 30.84022331237793 31.2893123626709 31.65135955810547 
82.6693115234375 30.152191162109375 30.617279052734375 31.632511138916016 32.00361633300781 30.876415252685547 30.52444839477539 31.14476776123047 38.86787033081055 31.47145652770996 31.798688888549805 30.31737518310547 30.849536895751953 31.62713623046875 31.547359466552734 31.137855529785156 
62.70297622680664 30.006431579589844 30.461727142333984 31.872928619384766 31.512928009033203 31.360864639282227 31.22515106201172 31.502944946289062 38.46140670776367 30.652000427246094 31.264192581176758 31.35513687133789 30.617952346801758 30.782367706298828 31.569055557250977 32.04051208496094 
77.67120361328125 29.982816696166992 30.623680114746094 30.537023544311523 31.723295211791992 31.29782485961914 31.504608154296875 32.065311431884766 34.91097640991211 30.529888153076172 31.60063934326172 31.53980827331543 30.8341121673584 30.568256378173828 31.555999755859375 31.526592254638672 
61.924705505371094 30.291391372680664 30.51705551147461 31.556095123291016 30.79852867126465 30.885215759277344 30.6997127532959 31.063232421875 37.984928131103516 30.46828842163086 31.115520477294922 31.526559829711914 31.466432571411133 30.48316764831543 30.83635139465332 31.664127349853516 
63.99311828613281 29.98899269104004 30.595136642456055 30.89958381652832 30.91391944885254 30.84979248046875 31.94108772277832 32.1333122253418 38.28425598144531 30.982879638671875 31.71686363220215 30.438304901123047 30.693023681640625 30.83673667907715 31.156864166259766 31.145631790161133 
66.92118072509766 30.44483184814453 30.74345588684082 30.5548152923584 31.410463333129883 31.421567916870117 31.05939292907715 80.63705444335938 38.33417510986328 31.46988868713379 30.58188819885254 30.8637752532959 31.784896850585938 31.68239974975586 31.747583389282227 31.176000595092773 
61.646240234375 30.031360626220703 31.954816818237305 31.42633628845215 31.320575714111328 30.8374080657959 30.793119430541992 31.28995132446289 37.33967971801758 31.23561668395996 31.210111618041992 30.81510353088379 31.098655700683594 31.50054359436035 31.47222328186035 31.912063598632812 
62.7628173828125 29.99273681640625 30.669408798217773 31.412288665771484 31.267744064331055 30.88275146484375 31.808256149291992 31.218944549560547 41.16444778442383 31.370208740234375 31.719615936279297 31.201183319091797 31.06399917602539 31.357248306274414 31.581632614135742 31.660831451416016 
59.8737907409668 37.607486724853516 38.35686492919922 39.02019119262695 58.666656494140625 48.250431060791016 38.03334426879883 38.354881286621094 43.610687255859375 37.606048583984375 37.93961715698242 38.225440979003906 37.820926666259766 37.94009780883789 37.797054290771484 37.617313385009766 
16.8439998626709 16.32771110534668 16.358816146850586 16.38262367248535 16.973600387573242 17.34454345703125 17.40323257446289 17.438495635986328 26.953216552734375 16.377792358398438 16.35196876525879 17.648319244384766 16.976543426513672 16.888704299926758 17.319839477539062 17.040191650390625 
48.15919876098633 38.961246490478516 39.54185485839844 121.4781723022461 37.65760040283203 37.70627212524414 38.87452697753906 38.687744140625 45.70512008666992 37.920352935791016 37.63270568847656 38.48873519897461 37.59001541137695 38.61894226074219 37.56409454345703 37.76252746582031 
16.774463653564453 16.315744400024414 16.6342716217041 17.024736404418945 17.054399490356445 16.821632385253906 16.70102310180664 16.67545509338379 26.825599670410156 16.353248596191406 16.360864639282227 16.6727352142334 16.871456146240234 16.931903839111328 16.710464477539062 16.750591278076172 
49.2435188293457 38.694366455078125 38.47983932495117 39.64604949951172 50.82883071899414 38.30579376220703 38.85087966918945 39.877281188964844 44.29276657104492 37.778175354003906 37.820831298828125 37.77766418457031 38.46646499633789 37.700958251953125 38.40534210205078 37.54905700683594 
16.953407287597656 16.308576583862305 16.7825927734375 16.652511596679688 16.74028778076172 16.8832950592041 16.804384231567383 16.834495544433594 26.68160057067871 16.409439086914062 16.332000732421875 16.822784423828125 16.5581111907959 17.216480255126953 16.672895431518555 17.34649658203125 
51.50873565673828 38.39775848388672 39.723873138427734 39.59600067138672 44.528480529785156 38.562049865722656 38.635009765625 40.159969329833984 46.29600143432617 37.51491165161133 37.98051071166992 37.542144775390625 37.69033432006836 37.80863952636719 38.17292785644531 37.601566314697266 
16.822111129760742 16.352224349975586 16.30793571472168 16.496288299560547 16.5118408203125 16.925695419311523 16.882816314697266 17.148096084594727 23.09212875366211 16.48297691345215 16.282751083374023 17.048351287841797 16.610336303710938 16.645824432373047 16.93062400817871 16.805856704711914 
51.23664093017578 37.97359848022461 39.92335891723633 39.75465774536133 39.58406448364258 39.28499221801758 39.11689758300781 40.76505661010742 45.268672943115234 37.80390548706055 37.91516876220703 37.82179260253906 38.426815032958984 38.36809539794922 37.755550384521484 37.65456008911133 
16.810016632080078 16.510143280029297 16.552223205566406 16.603744506835938 16.668607711791992 16.74790382385254 16.679616928100586 16.96713638305664 22.475872039794922 16.43609619140625 16.40662384033203 16.829376220703125 16.99942398071289 17.132160186767578 16.64905548095703 17.082111358642578 
50.50851058959961 37.61555099487305 40.00931167602539 39.922943115234375 49.770912170410156 38.089759826660156 39.006752014160156 39.20550537109375 46.122047424316406 37.89567947387695 37.8573112487793 37.98912048339844 37.65184020996094 37.760990142822266 37.815040588378906 37.970272064208984 
16.832416534423828 16.318880081176758 16.604032516479492 16.721248626708984 16.741600036621094 17.014751434326172 16.828895568847656 16.691200256347656 26.18320083618164 16.37513542175293 16.476863861083984 16.69308853149414 16.607967376708984 16.982080459594727 16.60089683532715 17.165664672851562 
50.32419204711914 37.39503860473633 38.79123306274414 38.94198226928711 49.10879898071289 38.39401626586914 39.626625061035156 40.25001525878906 44.953887939453125 37.83980941772461 37.55503845214844 38.40681457519531 38.27094268798828 37.49193572998047 37.87702560424805 37.60259246826172 
16.796159744262695 16.391136169433594 16.298431396484375 16.781055450439453 16.6246395111084 16.546560287475586 16.787296295166016 16.76198387145996 25.543807983398438 16.329408645629883 16.399967193603516 16.867904663085938 16.9454402923584 17.856895446777344 16.770431518554688 17.276479721069336 
53.56547164916992 37.719871520996094 38.8171501159668 38.47932815551758 54.343711853027344 37.70364761352539 39.26688003540039 39.83523178100586 43.72687911987305 37.63935852050781 37.48828887939453 37.77987289428711 37.752254486083984 37.99331283569336 37.739681243896484 38.06604766845703 
16.830303192138672 16.306304931640625 16.33932876586914 16.639936447143555 16.81046485900879 16.922815322875977 16.854175567626953 16.86252784729004 27.212608337402344 16.38515281677246 16.377216339111328 17.713632583618164 16.794496536254883 16.957151412963867 17.351743698120117 16.788223266601562 
43.9422721862793 38.038177490234375 39.90505599975586 39.45036697387695 39.63020706176758 38.79702377319336 39.5522575378418 40.30985641479492 44.71052932739258 38.16582489013672 37.74863815307617 38.80179214477539 37.95974349975586 37.792545318603516 37.578304290771484 37.83760070800781 
16.830720901489258 16.27235221862793 16.383743286132812 16.926528930664062 17.057952880859375 17.13724708557129 17.196224212646484 16.951295852661133 26.533536911010742 16.410015106201172 16.5216007232666 16.877119064331055 16.606496810913086 17.322975158691406 16.661376953125 17.16988754272461 
49.36383819580078 37.632606506347656 40.39324951171875 61.09590530395508 38.204769134521484 40.08473587036133 39.843326568603516 40.556705474853516 46.0880012512207 37.90361785888672 37.55548858642578 38.1767692565918 37.697566986083984 37.96847915649414 37.87081527709961 38.19446563720703 
16.780704498291016 16.35865592956543 16.367904663085938 16.907424926757812 16.91846466064453 17.068031311035156 17.094303131103516 17.012224197387695 23.003551483154297 16.48316764831543 16.34649658203125 16.916255950927734 16.614944458007812 17.499807357788086 16.72015953063965 17.5251522064209 
36.77449417114258 17.696640014648438 17.775007247924805 17.775936126708984 18.058624267578125 18.238239288330078 18.246463775634766 18.315584182739258 24.761791229248047 18.319616317749023 18.975360870361328 18.613887786865234 19.311904907226562 18.625503540039062 18.463104248046875 18.211360931396484 
35.80553436279297 17.79961585998535 18.03558349609375 18.319711685180664 18.29167938232422 18.225055694580078 18.0817928314209 18.052064895629883 26.735519409179688 18.810943603515625 18.326751708984375 18.538719177246094 18.457439422607422 19.07801628112793 18.66454315185547 18.457536697387695 
39.9752311706543 17.8275203704834 17.856672286987305 18.066495895385742 18.122783660888672 18.045055389404297 18.122400283813477 18.205759048461914 25.79408073425293 18.173696517944336 18.44611167907715 18.867136001586914 18.465343475341797 18.327775955200195 19.019519805908203 18.895872116088867 
36.80217742919922 17.820831298828125 17.845792770385742 17.908607482910156 18.109600067138672 18.488128662109375 18.507808685302734 18.55446434020996 25.665184020996094 18.63817596435547 18.695392608642578 18.359392166137695 18.344160079956055 18.41619110107422 19.034751892089844 18.532928466796875 
34.74428939819336 17.848831176757812 17.834239959716797 17.836671829223633 18.1180477142334 18.122112274169922 18.455167770385742 18.447423934936523 23.95702362060547 19.0316162109375 18.456863403320312 18.60326385498047 18.268735885620117 19.017759323120117 18.69740867614746 18.27788734436035 
36.780513763427734 17.804767608642578 17.856576919555664 17.90243148803711 18.045503616333008 18.35411262512207 18.410367965698242 18.423871994018555 25.064895629882812 18.735456466674805 18.714815139770508 18.370975494384766 18.19379234313965 18.52751922607422 18.96816062927246 18.717056274414062 
36.85091018676758 17.77801513671875 17.8090877532959 18.14476776123047 18.115327835083008 18.812095642089844 18.686304092407227 18.608959197998047 25.84320068359375 18.563264846801758 18.339263916015625 18.298879623413086 19.50912094116211 19.016895294189453 18.70639991760254 18.55219268798828 
41.02588653564453 17.854591369628906 17.859743118286133 17.86614418029785 18.089183807373047 18.147872924804688 18.66339111328125 18.623647689819336 25.058847427368164 18.737951278686523 18.388383865356445 18.363136291503906 18.287839889526367 18.836320877075195 18.531904220581055 18.331071853637695 
36.8394889831543 17.81622314453125 17.856191635131836 17.990079879760742 18.053119659423828 18.226303100585938 18.115264892578125 18.172639846801758 26.22812843322754 18.421600341796875 18.941728591918945 18.510591506958008 18.240352630615234 18.18979263305664 18.684864044189453 19.54422378540039 
36.79964828491211 17.836448669433594 17.888351440429688 17.88096046447754 18.0250244140625 18.180063247680664 18.46985626220703 18.585920333862305 26.580448150634766 18.467744827270508 18.55779266357422 18.14905548095703 19.138303756713867 18.9019832611084 18.74790382385254 18.6265926361084 
55.14790344238281 29.782527923583984 29.819007873535156 32.010337829589844 30.567136764526367 30.463743209838867 31.37936019897461 38.349151611328125 40.78169631958008 30.1778564453125 30.87539291381836 30.821056365966797 31.003999710083008 30.466976165771484 30.137184143066406 30.584192276000977 
46.67363357543945 29.65996742248535 30.524864196777344 30.45142364501953 30.27382469177246 30.979520797729492 30.703359603881836 43.24687957763672 35.92911911010742 29.947391510009766 30.82863998413086 31.120319366455078 29.9169921875 30.303552627563477 30.680511474609375 30.750560760498047 
47.66825485229492 29.688032150268555 30.754335403442383 30.729568481445312 31.4749755859375 31.004575729370117 31.145376205444336 48.931488037109375 37.65212631225586 30.442272186279297 30.825855255126953 30.94175910949707 30.255008697509766 30.291872024536133 30.70262336730957 30.803455352783203 
47.756065368652344 29.669408798217773 31.715360641479492 31.45631980895996 31.227455139160156 31.47110366821289 31.4333438873291 35.03452682495117 38.53900909423828 30.577823638916016 30.749536514282227 30.460832595825195 30.495168685913086 32.42591857910156 30.43769645690918 30.729312896728516 
46.635520935058594 29.700191497802734 29.972959518432617 30.316448211669922 30.90755271911621 30.97750473022461 30.978944778442383 48.95257568359375 39.66435241699219 30.120256423950195 30.398048400878906 31.360639572143555 31.18172836303711 30.72960090637207 30.527263641357422 30.85852813720703 
46.702110290527344 30.138975143432617 30.36182403564453 31.234111785888672 30.681055068969727 32.03996658325195 30.606624603271484 47.49177551269531 40.03852844238281 30.70412826538086 30.169471740722656 30.69183921813965 30.67043113708496 30.237503051757812 30.17203140258789 30.968095779418945 
50.89091110229492 29.64192008972168 30.673280715942383 30.747455596923828 30.838911056518555 30.687999725341797 31.411455154418945 59.081214904785156 38.68220901489258 30.081920623779297 30.799488067626953 30.806943893432617 31.11087989807129 30.16783905029297 30.698240280151367 30.772703170776367 
47.72480010986328 30.073728561401367 30.408960342407227 30.774879455566406 30.99884796142578 31.498592376708984 30.41744041442871 55.742401123046875 38.474143981933594 29.85817527770996 30.2259521484375 30.98963165283203 30.56540870666504 30.32579231262207 30.271583557128906 30.663583755493164 
46.72739028930664 29.847776412963867 30.320703506469727 30.254528045654297 30.189023971557617 32.103294372558594 32.26937484741211 42.2259521484375 39.235294342041016 30.71366310119629 30.261247634887695 30.327775955200195 31.355295181274414 31.023712158203125 30.896032333374023 30.52092742919922 
46.646175384521484 29.645376205444336 31.38528060913086 31.20636749267578 31.538719177246094 31.731231689453125 30.951679229736328 46.428897857666016 39.389984130859375 30.57414436340332 30.587007522583008 30.63542366027832 30.5166072845459 30.78963279724121 31.014400482177734 30.335359573364258 
32.994720458984375 18.642080307006836 18.91334342956543 18.993375778198242 19.329919815063477 19.343103408813477 19.403488159179688 50.68000030517578 26.491840362548828 19.623136520385742 19.86579132080078 19.553983688354492 19.488672256469727 19.411968231201172 19.3110408782959 19.307424545288086 
31.904863357543945 18.604480743408203 18.61555290222168 18.646591186523438 18.803680419921875 19.045312881469727 19.027679443359375 18.99964714050293 26.095903396606445 20.37049674987793 19.55286407470703 20.521984100341797 19.742464065551758 19.803680419921875 20.29840087890625 19.835264205932617 
39.265953063964844 18.572832107543945 18.578208923339844 18.646751403808594 18.79484748840332 19.354591369628906 19.49123191833496 19.27680015563965 25.386816024780273 19.4451847076416 19.807392120361328 19.07391929626465 19.250015258789062 20.057695388793945 19.434240341186523 19.577119827270508 
31.952735900878906 18.629119873046875 18.613344192504883 18.67344093322754 18.630592346191406 19.040672302246094 19.220544815063477 19.187711715698242 26.38128089904785 19.624000549316406 19.869600296020508 19.379295349121094 19.39731216430664 18.9484806060791 19.055391311645508 19.151744842529297 
30.9215030670166 18.583711624145508 18.609695434570312 19.459264755249023 19.860063552856445 19.857440948486328 19.788671493530273 19.73072052001953 22.999391555786133 19.251359939575195 19.216672897338867 19.920543670654297 19.46556854248047 20.277088165283203 19.582048416137695 19.895423889160156 
31.949920654296875 18.6046085357666 18.83670425415039 18.95792007446289 19.109792709350586 19.09539222717285 19.12054443359375 19.11756706237793 27.965120315551758 19.38319969177246 19.245088577270508 19.022048950195312 19.08291244506836 19.112192153930664 19.236255645751953 19.860576629638672 
31.92812728881836 18.583839416503906 18.701311111450195 18.925024032592773 18.8687686920166 18.913087844848633 19.075136184692383 19.049535751342773 26.68435287475586 19.3156795501709 19.534080505371094 19.738271713256836 20.5164794921875 19.6494083404541 19.145631790161133 19.138080596923828 
31.967552185058594 18.618240356445312 18.60527992248535 18.66422462463379 18.670623779296875 18.99660873413086 19.033119201660156 19.15999984741211 26.319007873535156 19.499103546142578 19.134048461914062 20.473119735717773 19.724639892578125 19.724000930786133 19.650239944458008 19.63657569885254 
31.940351486206055 18.544448852539062 18.616735458374023 18.69126319885254 19.213695526123047 19.173696517944336 19.160640716552734 19.25632095336914 26.186464309692383 19.515968322753906 19.63360023498535 19.400672912597656 19.189760208129883 18.953407287597656 19.09334373474121 19.255264282226562 
31.900224685668945 18.589887619018555 18.611391067504883 18.55939292907715 18.767616271972656 18.793920516967773 19.485088348388672 19.295007705688477 25.077951431274414 19.841951370239258 19.0231990814209 19.404767990112305 19.329631805419922 19.03990364074707 19.065568923950195 19.199743270874023 
29.300703048706055 17.609952926635742 17.850528717041016 17.85696029663086 17.864736557006836 18.276639938354492 18.599712371826172 50.05411148071289 24.227840423583984 18.50796890258789 18.474239349365234 18.158912658691406 17.8723201751709 18.41561508178711 18.681119918823242 18.487295150756836 
17.95382308959961 17.725759506225586 17.710655212402344 17.707679748535156 17.775968551635742 18.166400909423828 18.19932746887207 18.31270408630371 20.5382080078125 18.007680892944336 18.351551055908203 18.283552169799805 18.161663055419922 18.00169563293457 18.680192947387695 18.663103103637695 
58.62470245361328 17.57904052734375 17.78428840637207 18.242624282836914 18.444639205932617 18.15875244140625 18.23468780517578 18.132095336914062 22.091808319091797 18.139360427856445 19.06732749938965 18.487327575683594 18.477792739868164 18.303775787353516 17.99238395690918 18.321184158325195 
18.648000717163086 17.879743576049805 18.12838363647461 18.5467529296875 18.58176040649414 18.403583526611328 18.112064361572266 18.02604866027832 20.89743995666504 18.13580894470215 18.398624420166016 17.990400314331055 17.93142318725586 18.282880783081055 18.352352142333984 18.554304122924805 
60.76697540283203 17.609952926635742 17.635616302490234 17.628896713256836 18.069120407104492 17.94611167907715 18.029727935791016 18.115808486938477 22.78188705444336 18.253599166870117 18.19286346435547 18.193439483642578 18.421855926513672 18.537248611450195 18.17078399658203 17.928863525390625 
18.126911163330078 17.810623168945312 18.029184341430664 18.097759246826172 18.317663192749023 18.351680755615234 18.3919677734375 18.2891845703125 20.257343292236328 18.475263595581055 18.184192657470703 17.774751663208008 18.618303298950195 18.515104293823242 18.19481658935547 17.821727752685547 
59.70121765136719 17.554943084716797 17.79782485961914 18.34048080444336 18.452991485595703 18.50694465637207 18.89017677307129 18.4586238861084 24.59926414489746 18.823808670043945 18.680063247680664 18.220447540283203 18.22822380065918 17.940031051635742 18.62166404724121 18.41644859313965 
17.95929527282715 17.64089584350586 17.693151473999023 17.749439239501953 17.770143508911133 17.78963279724121 17.80259132385254 18.16364860534668 20.687807083129883 18.339296340942383 18.366336822509766 18.193056106567383 17.776992797851562 18.79257583618164 18.430496215820312 18.14691162109375 
65.99910736083984 17.553632736206055 17.583839416503906 17.76527976989746 17.78963279724121 18.028671264648438 18.107776641845703 18.264799118041992 23.332672119140625 18.031904220581055 18.997695922851562 18.577247619628906 18.538848876953125 18.107807159423828 17.7838077545166 18.09564781188965 
17.95952033996582 17.878528594970703 18.407455444335938 18.718656539916992 18.38857650756836 18.118879318237305 17.96201515197754 17.91974449157715 19.3571834564209 18.617631912231445 18.560800552368164 18.451744079589844 17.813247680664062 18.416799545288086 18.65158462524414 18.15203285217285 
62.80815887451172 17.594079971313477 17.620256423950195 17.70636749267578 17.741119384765625 17.84828758239746 18.313119888305664 18.417951583862305 23.28211212158203 18.23436737060547 17.941984176635742 18.03545570373535 18.55241584777832 18.274431228637695 18.122943878173828 17.91916847229004 
18.31920051574707 17.815807342529297 17.86534309387207 17.89801597595215 18.532703399658203 18.71788787841797 18.47724723815918 18.203168869018555 21.00611114501953 18.56537628173828 17.79737663269043 17.933216094970703 18.93552017211914 18.155263900756836 17.878368377685547 17.841663360595703 
60.78028869628906 17.599775314331055 17.620351791381836 17.58892822265625 17.844192504882812 18.308992385864258 18.370527267456055 18.470367431640625 22.335039138793945 18.20956802368164 18.221824645996094 19.060863494873047 18.58233642578125 18.30646324157715 18.029951095581055 17.968128204345703 
18.4467830657959 18.273151397705078 18.104127883911133 18.432575225830078 18.44118309020996 18.289344787597656 18.26278305053711 17.947391510009766 20.579551696777344 18.129695892333984 18.370336532592773 18.01024055480957 18.065919876098633 17.86319923400879 18.695423126220703 18.59129524230957 
63.8950080871582 17.578815460205078 17.777408599853516 18.04070472717285 18.0152645111084 18.025728225708008 18.192256927490234 18.601024627685547 22.40492820739746 18.434783935546875 18.47609519958496 17.83011245727539 17.721343994140625 18.636064529418945 18.261375427246094 17.925823211669922 
17.582368850708008 17.54956817626953 17.956064224243164 18.37696075439453 18.536352157592773 18.658464431762695 18.85260772705078 18.705535888671875 20.33024024963379 17.93769645690918 18.39833641052246 18.613759994506836 18.120864868164062 17.97203254699707 18.033184051513672 18.559904098510742 
43.986656188964844 17.574207305908203 17.761856079101562 17.83475112915039 18.03843116760254 18.007360458374023 17.967039108276367 74.01769256591797 23.988191604614258 18.429439544677734 18.41651153564453 18.29372787475586 17.89401626586914 19.309120178222656 18.41913604736328 18.535615921020508 
17.90297508239746 17.73686408996582 17.701696395874023 17.684255599975586 17.765823364257812 17.849599838256836 17.80384063720703 17.857919692993164 20.41561508178711 18.4017276763916 18.100383758544922 17.867647171020508 17.89401626586914 18.734848022460938 18.6343994140625 18.14633560180664 
58.6426887512207 17.566944122314453 17.618976593017578 17.82374382019043 18.019775390625 18.462080001831055 18.379039764404297 18.316991806030273 21.189311981201172 18.4300479888916 18.167903900146484 17.844032287597656 17.902080535888672 19.526399612426758 18.578271865844727 18.505311965942383 
17.79523277282715 17.61814308166504 17.584447860717773 17.834720611572266 18.015392303466797 18.106624603271484 18.359392166137695 18.45132827758789 21.657407760620117 18.30873680114746 18.207487106323242 17.905855178833008 18.286720275878906 18.136863708496094 17.86444854736328 18.38265609741211 
40.31545639038086 16.74345588684082 16.731103897094727 17.096576690673828 17.382015228271484 17.37718391418457 17.38163185119629 17.272607803344727 24.444639205932617 17.451839447021484 17.31385612487793 17.755840301513672 17.47750473022461 17.004512786865234 17.669504165649414 17.26755142211914 
16.952608108520508 16.81782341003418 17.030559539794922 17.4135684967041 17.541183471679688 17.360288619995117 17.15020751953125 17.17203140258789 19.94041633605957 17.752511978149414 16.96988868713379 17.961599349975586 17.411455154418945 17.45916748046875 17.76896095275879 17.36319923400879 
50.897953033447266 16.71321678161621 16.766815185546875 17.165088653564453 17.017663955688477 17.046016693115234 17.074207305908203 17.208032608032227 23.840511322021484 17.117919921875 17.85353660583496 17.33350372314453 16.96771240234375 17.856191635131836 17.333152770996094 17.14860725402832 
17.109760284423828 17.169631958007812 17.23196792602539 17.169023513793945 17.07209587097168 17.047359466552734 17.32316780090332 17.311487197875977 19.926048278808594 18.412864685058594 17.288192749023438 17.668447494506836 17.724639892578125 17.299711227416992 16.959360122680664 17.00668716430664 
40.351680755615234 16.7007999420166 16.954336166381836 17.164735794067383 17.288000106811523 17.235807418823242 17.342527389526367 72.12598419189453 25.142112731933594 17.55459213256836 17.25868797302246 17.0578556060791 17.225215911865234 17.198944091796875 17.519519805908203 17.309568405151367 
16.99772834777832 16.805503845214844 17.01036834716797 17.150943756103516 17.17228889465332 17.492448806762695 17.446399688720703 17.426496505737305 20.57334327697754 18.21718406677246 17.77084732055664 17.38444709777832 17.03228759765625 17.151968002319336 17.004255294799805 17.4901123046875 
42.48310470581055 16.72140884399414 16.839839935302734 16.833568572998047 17.348575592041016 17.36569595336914 17.583904266357422 68.15484619140625 24.945087432861328 17.314271926879883 17.077760696411133 18.001056671142578 17.46771240234375 17.033056259155273 18.58198356628418 17.342208862304688 
17.07766342163086 16.84659194946289 17.031328201293945 17.297151565551758 17.662752151489258 17.775903701782227 17.744352340698242 17.19660758972168 19.490175247192383 17.34115219116211 17.324480056762695 17.2903995513916 17.01215934753418 17.05504035949707 17.27769660949707 17.21878433227539 
39.28364944458008 16.75155258178711 16.684799194335938 16.78428840637207 17.040447235107422 17.348127365112305 17.399263381958008 86.8439712524414 23.578271865844727 17.438495635986328 17.096736907958984 17.39311981201172 17.035551071166992 17.672544479370117 17.189472198486328 17.393632888793945 
17.15932846069336 16.964832305908203 16.954368591308594 16.935775756835938 16.948671340942383 16.956512451171875 17.22831916809082 17.24995231628418 19.97420883178711 17.40492820739746 18.01590347290039 17.259328842163086 17.078815460205078 17.426912307739258 17.24083137512207 16.916288375854492 
44.64665603637695 16.785215377807617 16.806848526000977 16.998271942138672 17.197471618652344 17.387840270996094 17.408639907836914 17.464384078979492 21.891584396362305 17.602079391479492 17.185760498046875 17.16748809814453 17.59008026123047 17.064992904663086 17.61712074279785 17.787776947021484 
16.973695755004883 16.818912506103516 16.94816017150879 16.994239807128906 17.400224685668945 17.60972785949707 17.542688369750977 17.344736099243164 19.737375259399414 17.668607711791992 16.940895080566406 17.013696670532227 17.283584594726562 17.050304412841797 17.877567291259766 17.292255401611328 
40.35126495361328 16.721120834350586 16.824064254760742 17.17795181274414 17.27257537841797 17.22947120666504 17.256351470947266 17.168224334716797 24.526687622070312 17.52617645263672 17.074975967407227 17.558879852294922 17.480384826660156 17.000768661499023 17.629024505615234 17.365568161010742 
16.99135971069336 16.84886360168457 17.049440383911133 17.353439331054688 17.468544006347656 17.506559371948242 17.287647247314453 17.178112030029297 20.01958465576172 17.883840560913086 16.97542381286621 17.980735778808594 17.427072525024414 17.40460777282715 17.798080444335938 17.357791900634766 
46.73388671875 16.79439926147461 16.878463745117188 17.20240020751953 17.160480499267578 17.109088897705078 17.09014320373535 17.428512573242188 21.53727912902832 17.836095809936523 17.32601547241211 17.062623977661133 17.07529640197754 17.086591720581055 17.54742431640625 17.305952072143555 
16.962656021118164 16.85161590576172 17.0 17.104991912841797 17.227519989013672 17.307327270507812 17.29267120361328 17.12646484375 16.702112197875977 17.908287048339844 17.33545684814453 17.034975051879883 17.105056762695312 17.041311264038086 17.58448028564453 17.311552047729492 
45.647743225097656 16.712095260620117 16.744159698486328 17.182720184326172 17.251007080078125 17.530080795288086 17.45996856689453 17.23017692565918 22.13680076599121 17.06870460510254 17.832191467285156 17.350208282470703 17.188480377197266 17.860607147216797 17.17967987060547 17.745664596557617 
17.034496307373047 17.055904388427734 17.23004722595215 17.081823348999023 17.0248966217041 16.97577667236328 17.156095504760742 17.269760131835938 19.492544174194336 17.207359313964844 17.52783966064453 17.416223526000977 17.10848045349121 17.682880401611328 17.417024612426758 17.010719299316406 
60.782718658447266 16.79987144470215 16.72470474243164 17.127775192260742 17.13248062133789 17.209247589111328 17.48566436767578 17.406784057617188 22.90070343017578 17.684415817260742 17.359424591064453 17.109472274780273 17.550336837768555 17.064064025878906 17.09721565246582 17.545087814331055 
16.949951171875 16.754240036010742 17.002527236938477 17.114784240722656 17.109952926635742 17.135488510131836 17.139936447143555 17.014463424682617 20.13164710998535 17.841632843017578 17.236255645751953 17.716768264770508 17.33683204650879 17.119871139526367 17.160512924194336 17.073408126831055 
45.35513687133789 21.71785545349121 21.8035831451416 22.4083194732666 22.377023696899414 22.556255340576172 22.35193634033203 65.95228576660156 26.228864669799805 22.295072555541992 22.02787208557129 22.23801612854004 22.37958335876465 22.090208053588867 22.357152938842773 22.36511993408203 
16.91606330871582 16.753408432006836 17.079679489135742 17.289119720458984 17.27791976928711 19.38991928100586 212.4542694091797 16.578304290771484 21.757471084594727 16.972639083862305 18.127840042114258 17.114431381225586 86.11824035644531 116.20182037353516 108.27996826171875 92.27849578857422 
33.94684982299805 21.530303955078125 21.769407272338867 96.27152252197266 21.6691837310791 21.711328506469727 21.927263259887695 63.85897445678711 26.167007446289062 22.39516830444336 22.00543975830078 22.29852867126465 22.135616302490234 22.24457550048828 22.42969512939453 22.144575119018555 
16.96988868713379 16.765888214111328 16.763103485107422 16.746623992919922 16.900415420532227 22.577760696411133 209.2322235107422 16.5731201171875 21.60518455505371 17.372928619384766 16.85817527770996 17.62233543395996 84.0506591796875 131.315673828125 124.2481918334961 92.26726531982422 
31.916799545288086 21.594175338745117 21.67616081237793 101.45964813232422 21.65395164489746 21.67206382751465 21.766143798828125 55.807456970214844 26.229248046875 22.02003288269043 22.321504592895508 22.119104385375977 22.28505516052246 22.330528259277344 22.43609619140625 22.357887268066406 
17.00752067565918 16.667423248291016 16.797279357910156 16.814207077026367 17.197311401367188 17.454912185668945 205.11228942871094 16.58620834350586 21.743488311767578 16.89379119873047 18.210912704467773 17.221664428710938 86.5469741821289 132.2580108642578 107.957763671875 92.2471694946289 
33.00678253173828 21.66441535949707 21.736448287963867 96.0689926147461 21.727807998657227 21.660640716552734 22.038719177246094 57.458335876464844 26.543872833251953 22.2508487701416 21.992000579833984 22.238399505615234 22.499296188354492 22.035968780517578 22.121536254882812 22.51590347290039 
16.874975204467773 16.676416397094727 16.937408447265625 17.231584548950195 17.34662437438965 21.730464935302734 198.42044067382812 16.56118392944336 22.17673683166504 17.383840560913086 17.46281623840332 16.81113624572754 77.80735778808594 132.30303955078125 118.33837127685547 92.2418212890625 
28.830175399780273 21.737375259399414 22.115615844726562 53.6115837097168 29.397695541381836 21.808767318725586 116.71234893798828 21.61248016357422 25.9117431640625 22.386655807495117 22.21958351135254 22.41801643371582 22.329439163208008 21.872127532958984 22.451072692871094 22.11039924621582 
16.955360412597656 16.732959747314453 16.788448333740234 17.095712661743164 21.465791702270508 16.74355125427246 198.50994873046875 16.586271286010742 19.48431968688965 17.541088104248047 17.20217514038086 17.591264724731445 81.11856079101562 140.27743530273438 124.25353240966797 92.21670532226562 
30.846208572387695 21.77459144592285 22.066816329956055 100.9151382446289 21.6746883392334 21.667680740356445 21.77359962463379 53.605918884277344 26.4932804107666 22.299488067626953 22.017087936401367 22.257631301879883 22.047231674194336 22.42905616760254 22.536672592163086 22.079296112060547 
16.960575103759766 16.772064208984375 16.798336029052734 16.823680877685547 16.812959671020508 21.577184677124023 205.9450225830078 16.554304122924805 21.460031509399414 17.645952224731445 17.25155258178711 16.81920051574707 84.2507553100586 140.21224975585938 124.26953887939453 92.2609634399414 
31.955520629882812 21.58131217956543 22.160064697265625 98.85001373291016 21.63689613342285 21.683456420898438 21.960960388183594 53.40208053588867 27.02070426940918 22.117631912231445 22.029407501220703 22.131744384765625 22.37107276916504 22.265056610107422 22.331775665283203 22.103296279907227 
17.26688003540039 16.81430435180664 16.99616050720215 17.125215530395508 17.156095504760742 17.01523208618164 205.65000915527344 16.604320526123047 22.535072326660156 17.18796730041504 17.269664764404297 16.928895950317383 85.66473388671875 132.21119689941406 116.30121612548828 92.28803253173828 
30.849567413330078 21.572351455688477 21.90496063232422 79.22959899902344 21.666400909423828 114.7958755493164 21.639263153076172 21.813663482666016 27.577760696411133 22.505952835083008 22.648000717163086 22.357440948486328 22.327680587768555 22.02137565612793 22.442720413208008 22.113567352294922 
17.019487380981445 16.879167556762695 16.95452880859375 17.1046085357666 18.08348846435547 17.822847366333008 210.13229370117188 16.56118392944336 21.480384826660156 17.49955177307129 16.97100830078125 17.769088745117188 78.72284698486328 124.22819519042969 139.9409942626953 92.25023651123047 
27.664928436279297 21.603647232055664 21.696704864501953 190.65081787109375 21.665407180786133 21.71660804748535 22.093631744384766 22.26630401611328 26.896896362304688 22.17318344116211 22.017248153686523 22.486560821533203 22.11087989807129 22.332447052001953 22.312063217163086 22.705759048461914 
16.969152450561523 16.74985694885254 16.844736099243164 17.26425552368164 28.087936401367188 206.9687042236328 16.548992156982422 16.775583267211914 22.22483253479004 17.635007858276367 17.347328186035156 17.738208770751953 86.86617279052734 131.95571899414062 101.281982421875 92.29283142089844 
30.848703384399414 21.73526382446289 22.206783294677734 94.49372863769531 21.632287979125977 21.997472763061523 22.151615142822266 51.92396926879883 25.74118423461914 22.558303833007812 22.377952575683594 22.264928817749023 22.423776626586914 22.692607879638672 22.046112060546875 22.35321617126465 
17.052160263061523 16.692672729492188 16.8558406829834 17.141311645507812 17.236543655395508 19.727264404296875 205.2485809326172 16.632991790771484 21.077472686767578 17.347776412963867 16.919584274291992 17.515071868896484 83.71501159667969 148.77218627929688 132.19139099121094 92.19097900390625 
50.03558349609375 31.487455368041992 32.748321533203125 32.43174362182617 32.54617691040039 101.81439971923828 31.375328063964844 32.13603210449219 36.21376037597656 31.828895568847656 31.867584228515625 31.966432571411133 31.884031295776367 31.883071899414062 32.01612854003906 31.910720825195312 
50.324161529541016 37.53779220581055 31.336416244506836 32.00774383544922 32.770240783691406 32.25584030151367 31.822528839111328 32.05820846557617 39.48313522338867 32.217342376708984 32.06959915161133 31.742656707763672 32.109375 31.728288650512695 31.930240631103516 31.995391845703125 
49.23196792602539 32.95977783203125 33.02182388305664 32.366878509521484 31.888959884643555 32.34844970703125 33.266334533691406 38.09395217895508 39.20751953125 32.0305290222168 33.10435104370117 32.10406494140625 32.86431884765625 32.00099182128906 31.969791412353516 32.11427307128906 
48.193729400634766 31.653215408325195 31.960704803466797 32.68742370605469 33.626590728759766 32.961952209472656 32.270751953125 33.189697265625 43.14908981323242 32.32275390625 32.009281158447266 32.238433837890625 33.351585388183594 32.44220733642578 32.17023849487305 32.448638916015625 
52.40147018432617 35.5030403137207 31.66592025756836 31.555456161499023 32.999969482421875 32.6561279296875 33.100032806396484 32.575679779052734 37.79667282104492 32.258270263671875 32.12374496459961 32.01113510131836 33.03420639038086 31.72185516357422 31.971839904785156 31.937984466552734 
52.4505615234375 36.51414489746094 31.457664489746094 33.19638442993164 32.67327880859375 32.45792007446289 33.115936279296875 32.8353271484375 40.09811019897461 32.23551940917969 32.07350540161133 32.341854095458984 32.21878433227539 32.46857452392578 32.53782272338867 32.322017669677734 
57.63840103149414 32.355712890625 31.82815933227539 32.5074577331543 32.490814208984375 32.35417556762695 32.783905029296875 32.633087158203125 39.68703842163086 32.683135986328125 33.00505447387695 32.892799377441406 32.989601135253906 31.835264205932617 32.246273040771484 33.25551986694336 
52.39311981201172 32.12675094604492 32.681854248046875 33.05558395385742 32.591712951660156 32.79337692260742 33.19232177734375 32.469696044921875 39.142784118652344 32.16239929199219 32.54822540283203 32.61209487915039 32.51145553588867 32.889312744140625 32.729408264160156 32.45296096801758 
52.465633392333984 35.421600341796875 31.62073516845703 33.36025619506836 32.62732696533203 32.370174407958984 32.919681549072266 33.26841735839844 38.22560119628906 32.683231353759766 33.02880096435547 33.027584075927734 32.97110366821289 32.58156967163086 32.9752311706543 32.57347106933594 
50.321632385253906 34.396480560302734 31.66796875 32.696224212646484 33.33756637573242 33.42153549194336 32.894657135009766 33.04064178466797 36.01939010620117 31.791135787963867 31.95747184753418 32.02812957763672 32.905662536621094 33.24585723876953 31.91980743408203 32.03023910522461 
47.44579315185547 30.53424072265625 21.3372802734375 21.347776412963867 21.668479919433594 21.720224380493164 22.466655731201172 22.73664093017578 30.05939292907715 21.83452796936035 23.080575942993164 21.936767578125 22.298816680908203 21.786752700805664 22.030656814575195 21.98851203918457 
48.390113830566406 21.4685115814209 21.82815933227539 21.936704635620117 21.9202880859375 21.983455657958984 22.044416427612305 22.415231704711914 31.590208053588867 21.72675132751465 21.961856842041016 22.070688247680664 21.80905532836914 22.200288772583008 22.23263931274414 22.088191986083984 
39.999488830566406 21.438207626342773 21.440671920776367 21.60531234741211 21.843008041381836 21.87353515625 22.4770565032959 22.752416610717773 29.520544052124023 21.921920776367188 21.879776000976562 22.039520263671875 23.66223907470703 21.891359329223633 22.264095306396484 21.876480102539062 
39.97391891479492 21.41142463684082 25.07196807861328 21.55072021484375 21.58220863342285 21.956735610961914 22.376800537109375 22.673952102661133 31.5581111907959 21.75984001159668 21.642431259155273 22.51795196533203 21.8973445892334 21.735519409179688 22.744384765625 21.741823196411133 
39.94627380371094 21.443904876708984 21.822528839111328 21.999616622924805 22.430784225463867 22.491743087768555 22.25881576538086 21.843040466308594 30.83216094970703 22.067232131958008 21.768287658691406 22.04364776611328 22.141183853149414 22.031679153442383 22.23321533203125 21.95471954345703 
36.82179260253906 21.44758415222168 21.475936889648438 22.122047424316406 22.077791213989258 22.1048641204834 22.15760040283203 21.93052864074707 29.23664093017578 21.71855926513672 22.044607162475586 21.704639434814453 21.831552505493164 22.081567764282227 22.153440475463867 21.916831970214844 
40.2191047668457 21.45564842224121 21.465984344482422 22.003360748291016 22.1693115234375 22.3023681640625 22.266752243041992 22.27395248413086 29.99123191833496 21.77382469177246 21.9616641998291 22.630687713623047 21.868032455444336 21.856000900268555 22.769184112548828 21.84966468811035 
39.94784164428711 21.390239715576172 21.795616149902344 21.9484806060791 22.281375885009766 22.238079071044922 21.983903884887695 21.8242244720459 31.85683250427246 21.90662384033203 21.87731170654297 22.27884864807129 21.958112716674805 21.897375106811523 22.199487686157227 21.890047073364258 
37.87615966796875 21.413888931274414 21.80726432800293 22.15328025817871 22.141664505004883 22.151168823242188 21.82646369934082 23.159488677978516 27.25529670715332 21.89740753173828 22.357152938842773 22.013856887817383 21.833152770996094 22.18390464782715 22.12735939025879 21.845855712890625 
37.91923141479492 21.491840362548828 22.06399917602539 22.212448120117188 22.28643226623535 22.279935836791992 22.210432052612305 21.969728469848633 25.275999069213867 21.899744033813477 21.951520919799805 21.804767608642578 22.050783157348633 21.821407318115234 22.265247344970703 21.854368209838867 
91.88972473144531 49.39622497558594 49.82118225097656 32.02345657348633 32.18073654174805 32.69587326049805 50.052799224853516 31.594207763671875 47.20131301879883 50.5687370300293 93.99590301513672 46.22694396972656 53.48988723754883 32.72252655029297 37.7374382019043 31.86992073059082 
38.499488830566406 31.131616592407227 31.43231964111328 31.681791305541992 34.45484924316406 32.22582244873047 55.966495513916016 43.577537536621094 47.17193603515625 50.60176086425781 95.00595092773438 45.13075256347656 54.14851379394531 32.0852165222168 40.43356704711914 32.645408630371094 
38.351806640625 31.123136520385742 33.09689712524414 32.51375961303711 43.60335922241211 34.3950080871582 31.974815368652344 32.093441009521484 43.241695404052734 49.564449310302734 95.02333068847656 42.02467346191406 49.470977783203125 31.711231231689453 41.49174499511719 32.905887603759766 
40.39913558959961 31.189599990844727 31.48633575439453 32.984256744384766 33.86854553222656 32.59059143066406 49.97721481323242 32.70662307739258 47.86640167236328 49.4832649230957 91.83430480957031 43.77769470214844 48.204769134521484 33.007904052734375 32.90796661376953 32.67638397216797 
41.210880279541016 31.043071746826172 31.80134391784668 32.04079818725586 31.914335250854492 35.870784759521484 38.77939224243164 31.687807083129883 46.21152114868164 49.6082878112793 97.14332580566406 46.6317138671875 51.20579147338867 32.74256134033203 36.06284713745117 33.073089599609375 
42.07542419433594 31.049152374267578 31.716447830200195 34.35811233520508 31.880895614624023 64.32367706298828 31.579999923706055 43.02604675292969 48.89033508300781 49.569087982177734 101.77552032470703 58.076446533203125 55.40060806274414 32.78371047973633 43.243648529052734 32.86665725708008 
41.159358978271484 32.06937789916992 32.588863372802734 32.727169036865234 35.60406494140625 32.2655029296875 61.89363098144531 40.62006378173828 47.048065185546875 50.5816650390625 100.05305480957031 47.42979049682617 49.54617691040039 32.635520935058594 40.07654571533203 33.25273513793945 
38.385440826416016 31.130399703979492 31.738752365112305 32.66748809814453 39.455135345458984 65.48262023925781 48.08515167236328 31.394271850585938 48.10176086425781 49.42387390136719 96.074462890625 45.91408157348633 51.56905746459961 31.484447479248047 43.27113723754883 31.928415298461914 
39.4317741394043 31.131935119628906 31.190399169921875 32.01881790161133 32.33552169799805 32.44790267944336 44.58448028564453 31.661792755126953 47.77452850341797 50.55686569213867 90.72700500488281 46.911678314208984 53.07408142089844 32.25414276123047 40.586177825927734 32.58403015136719 
40.4005126953125 31.5710391998291 31.607391357421875 34.67542266845703 32.93315124511719 57.57516860961914 31.28188705444336 45.056705474853516 47.239871978759766 50.53113555908203 95.02896118164062 40.15635299682617 47.465599060058594 32.711647033691406 40.66624069213867 32.04172897338867 
32.023681640625 20.486560821533203 20.57756805419922 21.122783660888672 54.29148864746094 23.812768936157227 20.64214324951172 20.812448501586914 29.744192123413086 21.804607391357422 21.295583724975586 21.213056564331055 21.269311904907227 21.45180892944336 21.610015869140625 21.720640182495117 
37.08988952636719 20.59343910217285 20.87446403503418 21.1680965423584 21.46259117126465 21.266847610473633 21.44278335571289 105.42790222167969 25.857311248779297 21.936735153198242 21.3088321685791 21.020000457763672 21.60063934326172 21.9335994720459 21.48966407775879 21.23731231689453 
38.140159606933594 20.53968048095703 20.57062339782715 20.618431091308594 20.974271774291992 20.985631942749023 21.03775978088379 20.926368713378906 30.29167938232422 21.572063446044922 21.8255672454834 21.091360092163086 21.306304931640625 21.049087524414062 21.38060760498047 21.855775833129883 
38.09872055053711 20.57859230041504 20.60358428955078 21.06870460510254 21.24140739440918 21.294208526611328 21.114208221435547 21.180288314819336 33.211326599121094 21.547103881835938 20.924448013305664 21.10691261291504 21.35321617126465 21.557504653930664 21.712255477905273 21.44540786743164 
40.19772720336914 20.583616256713867 20.5251522064209 20.54422378540039 20.675296783447266 20.683359146118164 20.76723289489746 20.845600128173828 29.593727111816406 20.866464614868164 21.714879989624023 21.76438331604004 21.493759155273438 21.26416015625 21.23334312438965 21.370176315307617 
38.085086822509766 20.584543228149414 21.007007598876953 21.2523193359375 21.319616317749023 21.386367797851562 21.352863311767578 95.3809585571289 30.423648834228516 21.126367568969727 21.17145538330078 21.44713592529297 21.19379234313965 22.391616821289062 21.231199264526367 21.06377601623535 
39.233856201171875 20.606496810913086 20.620159149169922 20.624927520751953 20.74563217163086 20.779359817504883 20.889503479003906 21.010080337524414 29.948959350585938 21.144128799438477 21.44620704650879 21.76678466796875 21.518272399902344 21.213151931762695 21.17616081237793 20.923423767089844 
38.088768005371094 20.617216110229492 20.612096786499023 20.782400131225586 20.79350471496582 21.23302459716797 21.853759765625 102.11382293701172 25.359167098999023 22.170591354370117 21.55523109436035 20.953344345092773 21.289215087890625 21.778560638427734 21.699647903442383 21.306047439575195 
55.98371124267578 20.574752807617188 20.73459243774414 20.755359649658203 21.064767837524414 21.12291145324707 21.259967803955078 21.178495407104492 30.096607208251953 21.971967697143555 21.003807067871094 20.908767700195312 21.691776275634766 21.67203140258789 21.819904327392578 21.400224685668945 
37.061153411865234 20.592416763305664 20.73472023010254 20.787872314453125 20.859647750854492 20.866239547729492 20.73219108581543 20.702335357666016 30.196096420288086 21.537471771240234 21.030719757080078 21.491872787475586 21.51081657409668 21.020095825195312 21.335744857788086 21.99715232849121 
39.011680603027344 24.01558494567871 24.459360122680664 24.561920166015625 24.599327087402344 24.883039474487305 25.13043212890625 38.09622573852539 33.160255432128906 24.813888549804688 26.645183563232422 26.249183654785156 24.8786563873291 24.449087142944336 24.950559616088867 24.98201560974121 
53.88185501098633 24.15555191040039 24.812448501586914 24.965599060058594 24.834720611572266 24.52444839477539 25.345855712890625 25.336639404296875 29.220928192138672 24.97052764892578 25.15532875061035 25.057952880859375 24.74812889099121 24.67523193359375 25.225311279296875 25.03673553466797 
58.06748962402344 24.14339256286621 24.588191986083984 24.542207717895508 24.51318359375 25.29974365234375 25.453344345092773 25.00044822692871 33.19750213623047 24.842208862304688 24.769695281982422 25.339872360229492 24.81488037109375 25.266496658325195 24.950464248657227 25.21388816833496 
54.876094818115234 24.188255310058594 24.520320892333984 24.643360137939453 24.61065673828125 24.578271865844727 24.824960708618164 25.112607955932617 39.6715202331543 25.0118408203125 24.983327865600586 25.72163200378418 24.949344635009766 24.815519332885742 24.972896575927734 25.09503936767578 
48.013248443603516 24.155744552612305 24.58915138244629 25.22643280029297 25.281055450439453 24.919456481933594 25.021440505981445 65.37430572509766 33.1102409362793 24.77065658569336 24.86582374572754 25.28505516052246 26.90083122253418 24.728416442871094 24.505632400512695 25.07036781311035 
49.046592712402344 24.084640502929688 24.161855697631836 24.701663970947266 25.38422393798828 25.385887145996094 24.794944763183594 25.14067268371582 34.55510330200195 24.955551147460938 24.552703857421875 24.808095932006836 24.86809539794922 25.13747215270996 25.127775192260742 24.96611213684082 
54.93155288696289 24.149280548095703 24.77827262878418 25.00432014465332 24.991455078125 24.569984436035156 24.953632354736328 25.079072952270508 35.68761444091797 25.04537582397461 25.21219253540039 26.884191513061523 24.765792846679688 24.61382484436035 26.03887939453125 25.24015998840332 
50.11155319213867 24.119583129882812 24.198816299438477 25.105152130126953 25.17500877380371 24.848896026611328 24.531232833862305 25.335391998291016 36.00009536743164 24.52851104736328 25.406463623046875 25.162303924560547 25.207231521606445 25.041215896606445 24.981983184814453 24.93529510498047 
47.56140899658203 24.270240783691406 24.236543655395508 24.738399505615234 24.616960525512695 24.62575912475586 25.179712295532227 25.144031524658203 34.31235122680664 24.871999740600586 24.753664016723633 24.832191467285156 25.062271118164062 25.050016403198242 25.122528076171875 24.951744079589844 
50.75503921508789 24.231935501098633 24.918752670288086 24.730655670166016 24.8089599609375 25.34623908996582 25.397056579589844 24.900352478027344 37.506561279296875 24.594751358032227 25.009151458740234 25.258848190307617 25.090688705444336 24.88742446899414 24.97555160522461 25.01932716369629 
59.171199798583984 25.094240188598633 25.423871994018555 25.60095977783203 25.616479873657227 25.648927688598633 25.90006446838379 25.938175201416016 31.678943634033203 26.105791091918945 25.720703125 26.12326431274414 26.34009552001953 25.874975204467773 26.405344009399414 25.832927703857422 
41.270782470703125 24.992095947265625 25.323392868041992 25.808992385864258 25.542783737182617 26.492544174194336 26.44611167907715 26.395904541015625 33.54604721069336 25.482271194458008 26.043359756469727 26.04591941833496 26.170207977294922 26.00217628479004 26.323680877685547 26.052288055419922 
43.90476989746094 25.09779167175293 25.523168563842773 25.82899284362793 25.782943725585938 25.70025634765625 26.114784240722656 26.96054458618164 34.2283821105957 25.60927963256836 26.30121612548828 26.03798484802246 26.2324161529541 26.30246353149414 26.112960815429688 26.12224006652832 
41.22428894042969 25.051584243774414 25.06924819946289 26.08905601501465 25.861087799072266 25.879072189331055 26.553407669067383 26.215360641479492 32.47401428222656 25.57030487060547 25.936288833618164 26.052032470703125 26.295072555541992 25.91097640991211 25.720256805419922 26.073888778686523 
40.196510314941406 25.074975967407227 25.06982421875 25.15158462524414 25.83286476135254 26.294879913330078 25.930879592895508 25.51558494567871 31.053760528564453 25.8603515625 26.35430335998535 26.157855987548828 25.538848876953125 25.860319137573242 26.172639846801758 26.323455810546875 
45.707008361816406 25.027008056640625 25.35990333557129 26.44611167907715 25.525312423706055 25.918048858642578 26.28665542602539 25.898271560668945 32.39267349243164 25.774751663208008 26.204511642456055 25.754592895507812 25.8504638671875 26.005279541015625 26.00886344909668 26.10736083984375 
47.804927825927734 25.033632278442383 25.038015365600586 25.606239318847656 25.84272003173828 25.734752655029297 26.03276824951172 28.143648147583008 32.04905700683594 25.895967483520508 26.215999603271484 25.74950408935547 26.188255310058594 26.04159927368164 26.330080032348633 26.04947280883789 
42.309024810791016 25.027679443359375 25.0532169342041 26.029216766357422 26.178335189819336 25.84998321533203 26.342144012451172 26.82908821105957 32.533470153808594 25.440479278564453 25.940671920776367 25.91801643371582 25.940031051635742 26.03209686279297 26.332767486572266 26.20262336730957 
42.54982376098633 24.995040893554688 25.144800186157227 25.42310333251953 26.505823135375977 26.07948875427246 25.64873504638672 26.02627182006836 32.946815490722656 26.131263732910156 25.947328567504883 26.183040618896484 25.377344131469727 26.010784149169922 26.528928756713867 25.9550724029541 
44.65510559082031 25.024991989135742 25.234272003173828 25.183456420898438 25.232255935668945 25.701311111450195 25.56275177001953 26.21958351135254 32.66515350341797 25.905088424682617 25.99728012084961 26.06800079345703 25.884767532348633 25.97270393371582 26.358463287353516 25.438880920410156 
43.12287902832031 27.8853759765625 27.836511611938477 28.450271606445312 29.06710433959961 29.403263092041016 29.246240615844727 68.40457916259766 34.8936653137207 28.31395149230957 28.7891845703125 28.229663848876953 28.4737606048584 29.816064834594727 28.81760025024414 28.127071380615234 
44.19331359863281 28.239871978759766 28.435871124267578 28.597888946533203 29.1231689453125 28.613536834716797 29.187328338623047 111.35606384277344 37.89971160888672 28.53887939453125 28.42265510559082 28.632415771484375 28.389663696289062 28.626752853393555 28.36579132080078 29.068384170532227 
43.02550506591797 27.786048889160156 29.08064079284668 28.855167388916016 29.651168823242188 29.328447341918945 29.35638427734375 117.62870025634766 37.129886627197266 29.060672760009766 28.358335494995117 28.631135940551758 28.456863403320312 28.88924789428711 28.16227149963379 29.055072784423828 
45.233089447021484 28.257568359375 28.364320755004883 28.97875213623047 29.342880249023438 28.502687454223633 29.113088607788086 113.15990447998047 35.2955207824707 28.787967681884766 28.534208297729492 28.40608024597168 28.540895462036133 29.902175903320312 28.04422378540039 29.0284481048584 
43.16988754272461 27.7957763671875 28.181856155395508 29.017663955688477 29.31817626953125 29.34262466430664 29.13871955871582 112.183837890625 35.74291229248047 28.790847778320312 28.385696411132812 30.235200881958008 28.465375900268555 28.907615661621094 28.588640213012695 28.946847915649414 
49.47596740722656 28.19878387451172 28.321151733398438 29.079008102416992 29.53424072265625 28.42406463623047 28.72319984436035 115.98812866210938 37.58515167236328 28.455263137817383 28.409215927124023 28.378015518188477 28.39251136779785 28.559680938720703 28.56105613708496 28.45622444152832 
48.30070495605469 27.836639404296875 28.340192794799805 28.819616317749023 29.15795135498047 28.4880313873291 29.190303802490234 100.2448959350586 37.66038513183594 28.171232223510742 28.1345272064209 28.485055923461914 28.695999145507812 28.411392211914062 29.937728881835938 28.534528732299805 
44.18870544433594 28.39094352722168 28.296640396118164 28.113920211791992 28.588191986083984 28.517663955688477 28.9847354888916 112.37862396240234 34.90415954589844 28.52908706665039 29.243871688842773 28.4998722076416 28.592575073242188 28.464319229125977 28.948383331298828 28.589664459228516 
43.13849639892578 28.22380828857422 28.3439998626709 28.384384155273438 29.46544075012207 28.846271514892578 29.039487838745117 108.4599380493164 37.03324890136719 28.276992797851562 28.4749755859375 29.353376388549805 28.659456253051758 28.707136154174805 28.31782341003418 28.547391891479492 
42.13078308105469 28.667007446289062 29.154016494750977 28.727296829223633 28.98467254638672 28.39017677307129 28.73961639404297 73.85750579833984 40.54985427856445 28.161983489990234 28.72915267944336 28.275999069213867 29.023807525634766 28.620351791381836 29.096160888671875 28.741056442260742 
28.44806480407715 21.670719146728516 22.468191146850586 22.551551818847656 22.57049560546875 22.476608276367188 81.55484771728516 120.8790054321289 26.521696090698242 22.37900733947754 22.20502471923828 22.415327072143555 22.521984100341797 22.828767776489258 22.150400161743164 23.405120849609375 
16.375743865966797 15.675359725952148 15.690591812133789 15.958656311035156 16.177343368530273 16.336288452148438 16.073631286621094 16.024736404418945 17.51478385925293 16.357376098632812 15.973983764648438 15.797727584838867 15.864800453186035 16.38617515563965 16.031295776367188 16.056320190429688 
53.668479919433594 21.68227195739746 21.660383224487305 22.174848556518555 22.048032760620117 22.19046401977539 22.22047996520996 22.34115219116211 26.63814353942871 22.521120071411133 22.16454315185547 22.51759910583496 22.762432098388672 22.587072372436523 22.511072158813477 22.707008361816406 
16.195552825927734 15.691360473632812 15.865568161010742 16.05721664428711 16.09814453125 15.975168228149414 15.896415710449219 15.99561595916748 17.188159942626953 16.389087677001953 15.966976165771484 16.04252815246582 15.916383743286133 16.65203285217285 15.851072311401367 16.32624053955078 
48.72662353515625 21.781471252441406 21.664480209350586 22.047744750976562 22.33955192565918 22.316864013671875 22.37004852294922 63.69664001464844 26.85126495361328 22.133344650268555 22.033376693725586 22.463680267333984 22.086559295654297 22.548736572265625 22.26598358154297 22.604223251342773 
16.270591735839844 15.775456428527832 15.704575538635254 15.780799865722656 16.038240432739258 16.218656539916992 16.311967849731445 16.177440643310547 18.372831344604492 17.132095336914062 16.398048400878906 15.86508846282959 16.361087799072266 15.847455978393555 16.37593650817871 16.06153678894043 
53.67744064331055 21.72323226928711 21.7871036529541 22.30361557006836 22.60483169555664 22.76032066345215 22.6430721282959 71.10713958740234 26.51692771911621 22.09903907775879 22.474016189575195 22.86240005493164 22.1744327545166 22.559743881225586 22.343168258666992 22.624319076538086 
16.29635238647461 15.812383651733398 15.716992378234863 15.827391624450684 15.869152069091797 16.059072494506836 16.145952224731445 15.994912147521973 18.06707191467285 16.57734489440918 15.902560234069824 16.700416564941406 15.77286434173584 16.424224853515625 16.089248657226562 16.045568466186523 
51.86070251464844 21.6823673248291 21.701919555664062 22.82454490661621 23.029600143432617 22.94166374206543 22.847679138183594 22.33340835571289 26.0020809173584 22.5482234954834 22.063871383666992 22.31999969482422 22.427391052246094 22.39936065673828 22.535743713378906 22.310304641723633 
16.596607208251953 15.71667194366455 15.944416046142578 15.840959548950195 15.88742446899414 15.89635181427002 16.105215072631836 16.04863929748535 15.64345645904541 16.462688446044922 15.962719917297363 16.102975845336914 16.31439971923828 16.11836814880371 16.43292808532715 16.174528121948242 
46.61366271972656 21.888671875 22.38412857055664 22.791776657104492 23.0316162109375 22.71446418762207 22.295072555541992 35.97865676879883 23.821407318115234 22.22208023071289 22.456928253173828 22.17897605895996 22.709312438964844 22.44806480407715 22.321632385253906 22.748287200927734 
16.326080322265625 15.72652816772461 15.678751945495605 16.070175170898438 16.16806411743164 16.143840789794922 16.098623275756836 16.07792091369629 18.19113540649414 16.58025550842285 16.12099266052246 16.09343910217285 16.417152404785156 15.98806381225586 16.772960662841797 15.842720031738281 
51.779457092285156 21.712799072265625 21.766176223754883 21.913503646850586 22.726015090942383 22.638687133789062 22.81657600402832 63.062625885009766 24.62620735168457 22.709760665893555 22.04787254333496 22.152063369750977 22.14112091064453 22.04969596862793 22.472095489501953 22.5482234954834 
16.342208862304688 15.770303726196289 15.863455772399902 16.09110450744629 15.939135551452637 15.901663780212402 15.936063766479492 16.397119522094727 18.410207748413086 17.306720733642578 15.997344017028809 16.876384735107422 16.061920166015625 16.31158447265625 16.083904266357422 16.09107208251953 
51.61734390258789 21.698463439941406 22.153791427612305 22.185152053833008 22.22230339050293 22.18659210205078 22.276384353637695 22.224576950073242 26.479839324951172 23.212064743041992 22.509279251098633 22.283679962158203 22.32918357849121 22.595903396606445 22.09619140625 22.827808380126953 
16.32851219177246 15.6909761428833 15.68899154663086 15.868032455444336 15.912896156311035 16.200576782226562 16.046527862548828 15.992192268371582 18.132352828979492 16.257888793945312 16.378400802612305 15.76262378692627 15.775520324707031 16.05401611328125 15.966752052307129 16.395584106445312 
55.80352020263672 21.737247467041016 21.925567626953125 22.41321563720703 22.899839401245117 23.075519561767578 22.84681510925293 62.468448638916016 26.84774398803711 22.388704299926758 22.13849639892578 22.41315269470215 22.66908836364746 22.33420753479004 22.521343231201172 22.411136627197266 
16.290464401245117 15.72441577911377 15.815423965454102 16.143423080444336 15.945535659790039 15.974176406860352 16.10358428955078 16.356128692626953 18.420671463012695 16.284032821655273 16.394304275512695 16.297983169555664 16.469343185424805 15.825407981872559 16.725696563720703 15.828096389770508 
51.69657516479492 21.675071716308594 21.69900894165039 21.87718391418457 22.675935745239258 22.756736755371094 22.746400833129883 71.38009643554688 26.04876708984375 22.540416717529297 22.33286476135254 22.34547233581543 22.247648239135742 22.625696182250977 22.331680297851562 22.255136489868164 
16.198976516723633 15.75267219543457 15.817215919494629 15.787455558776855 15.81545639038086 15.803104400634766 15.845600128173828 16.02822494506836 17.843456268310547 16.521791458129883 15.996447563171387 16.287328720092773 16.30009651184082 16.069568634033203 16.516864776611328 15.893183708190918 
60.3007698059082 26.550304412841797 26.574975967407227 28.074687957763672 27.31510353088379 27.38140869140625 116.95123291015625 26.59427261352539 32.1627197265625 27.080032348632812 27.064287185668945 27.27836799621582 27.27519989013672 27.10223960876465 27.721664428710938 27.2490234375 
55.254337310791016 26.59561538696289 26.862688064575195 27.0218563079834 27.387840270996094 27.542591094970703 27.611135482788086 27.20732879638672 32.15852737426758 26.934911727905273 27.511072158813477 27.33407974243164 27.090112686157227 27.0263671875 27.334720611572266 27.71388816833496 
55.16022491455078 26.65180778503418 26.804960250854492 26.912736892700195 27.532447814941406 27.15817642211914 27.62460708618164 27.227840423583984 34.19247817993164 26.873600006103516 26.883968353271484 26.931232452392578 26.88969612121582 27.08412742614746 27.11017608642578 27.841215133666992 
64.57727813720703 26.70159912109375 26.91276741027832 27.72435188293457 27.482912063598633 27.577312469482422 27.508319854736328 27.413888931274414 32.8125114440918 27.024831771850586 28.126880645751953 27.399072647094727 26.868736267089844 27.22652816772461 27.05183982849121 27.228639602661133 
52.97139358520508 27.04582405090332 27.098047256469727 27.0600643157959 27.010208129882812 27.62326431274414 27.593055725097656 27.66320037841797 32.41865539550781 27.16156768798828 27.07699203491211 27.218944549560547 27.145471572875977 27.058528900146484 27.420255661010742 27.516191482543945 
54.10508728027344 26.660320281982422 26.784576416015625 27.5031681060791 27.43302345275879 28.14691162109375 27.887008666992188 27.50556755065918 34.320926666259766 27.014976501464844 27.173856735229492 26.992351531982422 27.641408920288086 26.95315170288086 27.080768585205078 27.53286361694336 
56.221214294433594 26.63257598876953 27.18134307861328 28.032543182373047 28.219039916992188 28.07619285583496 27.812480926513672 27.485536575317383 31.50124740600586 27.151647567749023 27.182016372680664 27.716575622558594 27.013216018676758 27.541215896606445 27.295167922973633 26.861055374145508 
54.140289306640625 27.057504653930664 27.163616180419922 27.026016235351562 27.743648529052734 27.888351440429688 28.054208755493164 28.07980728149414 33.76652908325195 27.087135314941406 26.983264923095703 27.018112182617188 26.964031219482422 27.07593536376953 28.177696228027344 27.484384536743164 
58.28473663330078 26.741920471191406 27.70639991760254 27.956735610961914 27.670047760009766 27.72208023071289 27.479999542236328 27.72643280029297 32.785057067871094 26.87334442138672 27.153535842895508 27.316383361816406 27.086816787719727 27.407264709472656 27.784032821655273 27.235679626464844 
56.254207611083984 26.715007781982422 27.082944869995117 27.164640426635742 27.867136001586914 27.614656448364258 27.940704345703125 28.006912231445312 32.377471923828125 27.457279205322266 27.191743850708008 27.21251106262207 26.920352935791016 27.214048385620117 27.194847106933594 27.390527725219727 
30.672895431518555 5.587647914886475 6.304671764373779 5.617280006408691 8.040448188781738 5.5800957679748535 5.9650559425354 5.597055912017822 13.401023864746094 5.597087860107422 5.579872131347656 5.568448066711426 5.587744235992432 5.583615779876709 5.641439914703369 5.66153621673584 
9.194879531860352 5.556416034698486 5.552063941955566 5.551328182220459 8.66540813446045 5.569727897644043 5.526656150817871 5.548223972320557 5.917823791503906 5.572800159454346 5.5689921379089355 5.662591934204102 5.665472030639648 5.686304092407227 5.656799793243408 5.640736103057861 
10.893024444580078 5.5543999671936035 5.555263996124268 5.544640064239502 5.5365118980407715 5.542208194732666 5.561600208282471 5.555647850036621 5.93507194519043 5.6644158363342285 5.630688190460205 5.614336013793945 5.577600002288818 5.582655906677246 5.583968162536621 5.5557122230529785 
8.697183609008789 5.566751956939697 5.570240020751953 5.573984146118164 5.575967788696289 5.525728225708008 5.539231777191162 5.5735039710998535 5.940639972686768 5.592991828918457 5.581344127655029 5.580319881439209 5.577536106109619 5.710080146789551 5.715871810913086 5.639552116394043 
8.975168228149414 5.57919979095459 5.538847923278809 5.544608116149902 5.567488193511963 5.551167964935303 5.573567867279053 5.566527843475342 5.9233598709106445 5.581567764282227 5.59555196762085 5.688992023468018 5.662176132202148 5.638591766357422 5.5963521003723145 5.614560127258301 
9.810239791870117 5.53766393661499 5.535871982574463 5.526112079620361 5.540095806121826 5.54966402053833 5.548895835876465 5.553023815155029 5.923264026641846 5.630591869354248 5.591231822967529 5.577663898468018 5.575647830963135 5.568352222442627 5.622335910797119 5.648928165435791 
10.466303825378418 5.542463779449463 5.545407772064209 5.546815872192383 5.559711933135986 5.525792121887207 5.578303813934326 5.567935943603516 5.997344017028809 5.6011199951171875 5.673727989196777 5.73689603805542 5.622464179992676 5.602399826049805 5.6023359298706055 5.620672225952148 
7.9584641456604 5.546559810638428 5.530464172363281 5.542208194732666 5.563168048858643 5.559423923492432 5.552095890045166 5.556128025054932 5.899424076080322 5.589024066925049 5.543839931488037 5.591616153717041 5.583968162536621 5.611455917358398 5.652512073516846 5.634431838989258 
24.79427146911621 5.539775848388672 5.514912128448486 5.534815788269043 5.546175956726074 5.571040153503418 5.567296028137207 5.537951946258545 5.899712085723877 5.587456226348877 5.5731201171875 5.56825590133667 5.613440036773682 5.595232009887695 5.591551780700684 5.579808235168457 
8.6942720413208 5.546463966369629 5.540895938873291 5.5563201904296875 5.549952030181885 5.5503997802734375 5.542880058288574 5.589695930480957 5.8537278175354 5.62227201461792 5.560448169708252 5.607967853546143 5.570784091949463 5.574912071228027 5.614687919616699 5.646048069000244 
11.910719871520996 7.838367938995361 7.749472141265869 7.556064128875732 7.5687360763549805 7.570271968841553 7.574592113494873 7.583648204803467 11.3220796585083 7.673727989196777 7.708992004394531 7.702400207519531 7.637279987335205 7.632319927215576 7.6211838722229 7.731935977935791 
11.653216361999512 7.566368103027344 7.582079887390137 7.571872234344482 7.56220817565918 7.580671787261963 7.977183818817139 7.604735851287842 11.455648422241211 7.670144081115723 7.647424221038818 7.632512092590332 7.629536151885986 7.74505615234375 7.733119964599609 7.726528167724609 
12.846112251281738 7.576479911804199 7.565536022186279 7.576223850250244 7.572256088256836 7.563263893127441 7.757311820983887 7.62992000579834 11.061887741088867 7.720032215118408 7.698912143707275 7.6814398765563965 7.660704135894775 7.773759841918945 7.734560012817383 7.739232063293457 
11.184000015258789 7.595359802246094 7.574431896209717 7.57257604598999 7.5647358894348145 7.560480117797852 7.583136081695557 7.5860161781311035 11.204352378845215 7.687808036804199 7.654975891113281 7.647200107574463 7.654880046844482 7.658143997192383 7.735551834106445 7.697696208953857 
10.652223587036133 7.571839809417725 7.559360027313232 7.587744235992432 7.5805439949035645 7.585951805114746 7.564159870147705 7.621664047241211 11.386591911315918 7.681151866912842 7.672255992889404 7.630623817443848 7.622560024261475 7.782271862030029 7.725535869598389 7.718111991882324 
13.173919677734375 7.619103908538818 7.567552089691162 7.5966081619262695 7.608607769012451 7.569536209106445 7.571199893951416 7.584896087646484 11.322400093078613 7.6742401123046875 7.646240234375 7.661503791809082 7.665535926818848 7.762688159942627 7.76585578918457 7.688032150268555 
11.98300838470459 7.581823825836182 7.573728084564209 7.5748162269592285 7.583360195159912 7.56928014755249 8.257887840270996 7.608160018920898 10.964703559875488 7.665311813354492 7.6910080909729 7.651519775390625 7.708384037017822 7.75926399230957 7.7203521728515625 7.6877121925354 
11.01318359375 7.569632053375244 7.581344127655029 7.579840183258057 7.577888011932373 7.591487884521484 7.568927764892578 7.5977277755737305 11.397631645202637 7.646368026733398 7.641280174255371 7.735263824462891 7.795551776885986 7.7017598152160645 7.663487911224365 7.649216175079346 
16.2259521484375 7.555103778839111 7.583295822143555 7.580448150634766 7.563615798950195 7.568448066711426 7.573408126831055 7.585824012756348 11.364543914794922 7.6596479415893555 7.75219202041626 7.738272190093994 7.71776008605957 7.648191928863525 7.662240028381348 7.6561279296875 
11.865504264831543 7.581727981567383 7.563807964324951 7.591040134429932 7.554624080657959 7.578591823577881 7.946623802185059 7.61356782913208 11.113632202148438 7.673759937286377 7.697696208953857 7.736608028411865 7.71343994140625 7.687295913696289 7.678016185760498 7.675327777862549 
22.593536376953125 17.793855667114258 18.16486358642578 18.194047927856445 18.4168643951416 18.649375915527344 18.712831497192383 18.74457550048828 27.267423629760742 18.429855346679688 18.164735794067383 18.154016494750977 18.4036808013916 19.53308868408203 18.7728328704834 18.53900718688965 
30.43289566040039 17.921215057373047 17.884319305419922 17.9005126953125 17.95903968811035 18.227455139160156 18.5468807220459 18.640159606933594 24.62860870361328 19.211328506469727 18.81862449645996 18.667455673217773 18.39472007751465 18.18000030517578 18.280479431152344 18.614303588867188 
32.52310562133789 17.897247314453125 17.927743911743164 17.9171199798584 18.29769515991211 18.539871215820312 18.568031311035156 18.621984481811523 24.654943466186523 18.284223556518555 18.754079818725586 18.563552856445312 18.63257598876953 18.199392318725586 18.51206398010254 18.43235206604004 
31.447616577148438 17.94304084777832 17.929279327392578 18.007871627807617 18.153728485107422 18.368703842163086 18.358240127563477 18.539167404174805 23.226144790649414 18.519615173339844 19.351327896118164 18.499967575073242 18.412511825561523 18.191328048706055 18.24300765991211 18.874271392822266 
31.45577621459961 17.88150405883789 17.92620849609375 17.927583694458008 18.231136322021484 18.48297691345215 18.419456481933594 18.41164779663086 23.67241668701172 18.56528091430664 18.08185577392578 18.15888023376465 19.060287475585938 19.287904739379883 18.67843246459961 18.513952255249023 
28.290592193603516 17.903039932250977 18.083648681640625 18.111360549926758 18.53923225402832 18.663040161132812 18.696447372436523 18.41971206665039 24.465919494628906 18.642847061157227 18.4036808013916 18.21721649169922 18.57686424255371 18.434207916259766 18.829408645629883 18.5164794921875 
29.310176849365234 17.87004852294922 17.880416870117188 18.151872634887695 18.50249671936035 18.59667205810547 18.6296329498291 18.643936157226562 24.355775833129883 18.654176712036133 18.565824508666992 18.47292709350586 18.19055938720703 18.218847274780273 19.39017677307129 18.897600173950195 
30.41641616821289 17.857919692993164 17.857088088989258 18.035648345947266 18.209535598754883 18.436960220336914 18.498943328857422 18.548704147338867 24.397504806518555 18.444704055786133 19.023359298706055 18.460960388183594 18.339519500732422 18.14303970336914 18.395456314086914 18.87708854675293 
30.414079666137695 17.933759689331055 17.94540786743164 18.066879272460938 18.067840576171875 18.045568466186523 18.157440185546875 18.409183502197266 24.591327667236328 18.234943389892578 18.52182388305664 18.751680374145508 18.475200653076172 18.488800048828125 18.215423583984375 18.829376220703125 
31.481727600097656 17.929471969604492 18.125856399536133 18.172319412231445 18.54537582397461 18.70649528503418 18.497631072998047 18.26790428161621 20.576799392700195 18.26950454711914 18.616992950439453 19.29974365234375 18.512895584106445 18.541536331176758 18.184864044189453 18.19753646850586 
44.40156936645508 33.5076789855957 35.37424087524414 35.043968200683594 34.3675537109375 34.673248291015625 35.106815338134766 50.375553131103516 38.54470443725586 33.23126220703125 33.79939270019531 33.559425354003906 33.120094299316406 33.191776275634766 33.37558364868164 33.2184944152832 
788.8961791992188 24.374176025390625 24.525760650634766 24.67568016052246 24.70694351196289 25.552736282348633 25.695775985717773 25.037471771240234 29.94918441772461 24.772159576416016 24.990848541259766 25.2956485748291 25.313087463378906 25.201984405517578 25.591487884521484 25.642623901367188 
55.82195281982422 33.376895904541016 34.411582946777344 34.623008728027344 34.68009567260742 34.743873596191406 47.86000061035156 42.26707077026367 42.42387390136719 33.193729400634766 33.19132614135742 33.791072845458984 33.463104248046875 33.32611083984375 33.29670333862305 33.76531219482422 
1003.6927490234375 24.29475212097168 24.34137535095215 24.54761505126953 24.802303314208984 25.60380744934082 25.028127670288086 25.205568313598633 30.62518310546875 24.824832916259766 25.077600479125977 25.25004768371582 25.365184783935547 25.551488876342773 25.546560287475586 25.311519622802734 
62.1525764465332 33.17241668701172 34.32380676269531 34.591552734375 34.75779342651367 33.99852752685547 146.4279022216797 32.96166229248047 39.67148971557617 33.10131072998047 33.858177185058594 33.337120056152344 33.77104187011719 33.43801498413086 33.32486343383789 33.76131057739258 
754.6828002929688 24.27222442626953 24.532960891723633 25.29782485961914 25.22982406616211 24.941280364990234 25.784608840942383 25.870943069458008 29.876768112182617 24.938560485839844 25.20569610595703 25.394912719726562 25.269760131835938 25.44316864013672 25.578399658203125 25.47417640686035 
59.96518325805664 34.32883071899414 34.321407318115234 34.15145492553711 34.455360412597656 43.52812957763672 80.93350219726562 48.41769790649414 39.6426887512207 33.594688415527344 32.966400146484375 33.193119049072266 33.73855972290039 33.578975677490234 33.2490234375 33.214847564697266 
788.5383911132812 24.266719818115234 24.384288787841797 25.3918399810791 25.66819190979004 25.037792205810547 25.53615951538086 25.745952606201172 29.185279846191406 24.986560821533203 25.57587242126465 25.23526382446289 25.67340850830078 25.278335571289062 25.656383514404297 25.17852783203125 
65.63603210449219 32.99372863769531 34.06819152832031 35.465248107910156 34.377601623535156 34.27872085571289 34.793697357177734 143.93190002441406 40.1828498840332 33.05926513671875 33.31660842895508 33.56796646118164 33.1005744934082 33.348350524902344 33.625633239746094 33.414398193359375 
474.29925537109375 24.276287078857422 24.421184539794922 24.504480361938477 24.919008255004883 25.708831787109375 25.164159774780273 25.130720138549805 30.188800811767578 25.473440170288086 25.433408737182617 25.1362247467041 25.039615631103516 25.208799362182617 25.478559494018555 25.241119384765625 
62.04969787597656 33.102081298828125 34.161216735839844 34.08863830566406 34.62307357788086 34.46022415161133 139.58982849121094 32.86207962036133 38.976097106933594 33.08143997192383 33.05875015258789 33.76067352294922 33.476417541503906 33.40857696533203 33.49635314941406 33.65862274169922 
787.6063232421875 24.27132797241211 24.41644859313965 24.671648025512695 25.04595184326172 25.595935821533203 25.521440505981445 24.86012840270996 28.27030372619629 25.213247299194336 25.240928649902344 25.304704666137695 25.176607131958008 25.29097557067871 27.27120018005371 25.51103973388672 
63.1952018737793 33.12220764160156 33.541568756103516 34.01395034790039 34.45625686645508 34.23865509033203 35.366912841796875 93.63273620605469 41.810302734375 33.537662506103516 33.3144645690918 33.75983810424805 33.395263671875 33.21897506713867 33.298912048339844 33.60131072998047 
782.7994995117188 24.313343048095703 24.344287872314453 24.806079864501953 25.547712326049805 25.71664047241211 25.000288009643555 25.0053768157959 29.5696964263916 24.978912353515625 25.2521915435791 25.368480682373047 25.343135833740234 25.34668731689453 25.252256393432617 25.397375106811523 
55.78345489501953 32.988319396972656 34.78803253173828 34.35670471191406 34.08687973022461 34.041343688964844 162.03199768066406 32.98380661010742 39.99990463256836 33.09532928466797 33.33103942871094 33.407230377197266 33.22876739501953 33.35808181762695 33.384063720703125 33.35561752319336 
508.84588623046875 24.464927673339844 24.869056701660156 25.083648681640625 25.082271575927734 25.550464630126953 25.70694351196289 25.41689682006836 31.059871673583984 25.31603240966797 25.751583099365234 25.157663345336914 25.265247344970703 25.228031158447266 25.017152786254883 24.93779182434082 
50.50236892700195 33.0555534362793 34.15779113769531 34.851905822753906 34.744544982910156 34.267425537109375 46.26921463012695 105.88182067871094 40.03113555908203 33.08345413208008 33.28361511230469 33.0497932434082 33.76831817626953 33.31760025024414 33.26860809326172 33.346046447753906 
1021.5081176757812 24.289600372314453 24.54751968383789 24.527360916137695 25.227231979370117 25.717695236206055 25.441024780273438 24.873855590820312 29.856735229492188 25.156095504760742 26.068864822387695 25.361408233642578 25.255615234375 25.321151733398438 25.213151931762695 25.352895736694336 
61.0814094543457 33.72102355957031 34.498687744140625 34.73100662231445 34.574432373046875 35.532161712646484 140.54319763183594 32.74870300292969 39.272865295410156 33.06905746459961 33.279361724853516 33.663360595703125 33.43734359741211 33.20329666137695 33.30710220336914 33.659358978271484 
928.6842651367188 24.27507209777832 24.354496002197266 24.76527976989746 24.672096252441406 24.83417510986328 25.483776092529297 24.850751876831055 29.595680236816406 24.927583694458008 25.00067138671875 26.93231964111328 25.28940773010254 25.55708885192871 25.446399688720703 25.277727127075195 
80.79747009277344 48.8251838684082 50.40854263305664 50.13676834106445 103.39904022216797 48.907840728759766 50.15599822998047 50.712318420410156 57.34918212890625 49.31577682495117 47.913246154785156 49.733951568603516 47.97475051879883 49.47897720336914 48.21120071411133 48.61552047729492 
394.31103515625 257.63787841796875 83.80477142333984 43.94412612915039 34.97382354736328 41.202239990234375 39.837249755859375 40.02582550048828 42.268638610839844 34.83900833129883 34.952735900878906 34.947296142578125 35.47532653808594 34.98070526123047 34.99532699584961 35.10550308227539 
71.34591674804688 49.320960998535156 51.160926818847656 49.498783111572266 51.4536018371582 49.80905532836914 51.34560012817383 49.32227325439453 55.64534378051758 48.644832611083984 48.171199798583984 48.3935661315918 48.17331314086914 47.99087905883789 48.39360046386719 48.103424072265625 
380.4670104980469 243.55416870117188 91.97859191894531 43.84697723388672 34.35676956176758 41.70800018310547 40.06572723388672 127.91177368164062 41.58147048950195 34.885311126708984 35.33574295043945 35.68646240234375 34.919647216796875 34.74675369262695 34.93356704711914 35.70073699951172 
70.24285125732422 48.0431022644043 50.45151901245117 50.293312072753906 50.54249572753906 49.264129638671875 50.46041488647461 50.64799880981445 54.15507125854492 49.677921295166016 47.76947021484375 48.68281555175781 48.71526336669922 47.902400970458984 49.12361526489258 48.82575988769531 
380.0736999511719 260.24749755859375 79.82768249511719 43.88399887084961 34.290496826171875 41.79177474975586 39.97779083251953 127.96463775634766 41.38140869140625 34.818912506103516 34.7388801574707 35.27305603027344 35.0332145690918 34.735233306884766 34.907615661621094 34.95600128173828 
70.25961303710938 51.482078552246094 50.062110900878906 50.67865753173828 49.50940704345703 51.00729751586914 49.42015838623047 50.8540153503418 54.664833068847656 48.823585510253906 47.934688568115234 49.42393493652344 48.022430419921875 48.963134765625 48.066688537597656 47.942142486572266 
372.5002746582031 48.18339157104492 232.28182983398438 79.7965087890625 34.276798248291016 45.745887756347656 39.928096771240234 43.984928131103516 41.37363052368164 34.79423904418945 35.60700988769531 35.426273345947266 35.07551956176758 34.7259521484375 35.06047821044922 36.340545654296875 
75.12726593017578 49.418846130371094 51.487648010253906 51.21254348754883 49.14931106567383 49.64659118652344 50.20124816894531 50.2308464050293 55.53571319580078 49.12886428833008 48.1602897644043 48.874080657958984 48.71718215942383 48.04412841796875 48.94268798828125 47.992286682128906 
421.3595886230469 55.08515167236328 46.95743942260742 44.01347351074219 34.33881759643555 41.848384857177734 39.850399017333984 39.96412658691406 42.644927978515625 34.68582534790039 35.995582580566406 34.91606521606445 35.164703369140625 36.58009719848633 35.22627258300781 35.0055046081543 
71.97481536865234 50.78406524658203 49.70793533325195 49.41846466064453 50.43628692626953 51.09379196166992 49.76764678955078 50.5827522277832 58.17055892944336 48.51491165161133 47.95366287231445 49.46166229248047 47.82777786254883 48.811038970947266 48.776031494140625 47.91017532348633 
384.43817138671875 255.7987823486328 79.98649597167969 43.766048431396484 34.623008728027344 41.426849365234375 40.007198333740234 127.96742248535156 41.80934524536133 34.978240966796875 35.36492919921875 35.073631286621094 35.55043029785156 34.88249588012695 34.96495819091797 34.93596649169922 
72.98572540283203 49.189537048339844 50.889793395996094 51.34880065917969 51.817569732666016 49.917823791503906 51.37392044067383 49.41680145263672 55.368255615234375 48.25689697265625 47.92927932739258 50.33635330200195 48.20694351196289 48.45395278930664 48.53353500366211 48.012481689453125 
379.4000549316406 42.37184143066406 225.3126678466797 78.65782165527344 34.156734466552734 45.90822219848633 39.94972610473633 40.02025604248047 42.06582260131836 34.656192779541016 35.03523254394531 35.09516906738281 36.260353088378906 34.79430389404297 34.82643127441406 34.88700866699219 
75.14259338378906 48.75664138793945 49.177791595458984 49.785438537597656 50.75654220581055 49.55516815185547 50.903934478759766 50.13343811035156 54.75270462036133 48.15020751953125 47.74492645263672 50.0425910949707 47.907936096191406 49.933631896972656 47.923583984375 48.14400100708008 
371.7187805175781 48.506080627441406 216.79405212402344 67.1912612915039 34.327327728271484 45.679168701171875 40.015201568603516 40.01193618774414 42.394718170166016 34.81264114379883 35.394527435302734 35.02035140991211 34.96723175048828 35.30207824707031 35.122432708740234 35.00028610229492 
73.16598510742188 49.272705078125 49.979488372802734 51.030303955078125 50.10736083984375 50.75856018066406 49.771583557128906 50.03120040893555 54.54771041870117 49.57619094848633 47.92534255981445 48.57689666748047 48.415809631347656 47.990848541259766 49.331329345703125 47.949790954589844 
376.345703125 260.1759948730469 79.46358489990234 43.97772979736328 34.35004806518555 42.145503997802734 43.53776168823242 123.99148559570312 41.51472091674805 34.64156723022461 34.80681610107422 35.34320068359375 34.9277458190918 34.842464447021484 34.959041595458984 35.09040069580078 
73.02291107177734 49.56313705444336 49.20070266723633 49.91145706176758 49.58243179321289 49.64851379394531 49.88444900512695 49.42972946166992 53.780574798583984 48.71033477783203 48.86393737792969 47.94182586669922 49.82400131225586 47.989280700683594 49.315582275390625 49.210174560546875 
371.99432373046875 41.004127502441406 223.89479064941406 76.0263671875 34.27872085571289 41.805599212646484 40.06982421875 43.99769592285156 42.1802864074707 34.728702545166016 34.63225555419922 35.21148681640625 35.19446563720703 35.40188980102539 35.35804748535156 35.03673553466797 
52.3265266418457 20.303712844848633 20.308128356933594 20.31167984008789 20.539775848388672 68.65840148925781 20.41606330871582 20.670175552368164 23.368928909301758 21.28006362915039 20.789695739746094 20.9597110748291 21.14313507080078 20.854175567626953 21.03455924987793 21.0199031829834 
14.432415962219238 13.92908763885498 13.923999786376953 14.123552322387695 14.064543724060059 14.351200103759766 14.386112213134766 14.313376426696777 15.96678352355957 14.818943977355957 14.14793586730957 14.158464431762695 14.845503807067871 14.68006420135498 14.660608291625977 14.033247947692871 
58.113311767578125 20.371807098388672 20.458208084106445 20.340927124023438 21.71548843383789 22.053504943847656 21.592639923095703 21.481855392456055 25.789344787597656 21.084447860717773 21.00169563293457 21.165760040283203 21.06831932067871 20.675039291381836 21.121824264526367 20.794208526611328 
14.450943946838379 13.992927551269531 14.184000015258789 14.220928192138672 14.191488265991211 14.228799819946289 14.232704162597656 14.253151893615723 17.320032119750977 14.789152145385742 14.474687576293945 14.083168029785156 14.167200088500977 14.648127555847168 14.908479690551758 14.788800239562988 
60.219520568847656 20.351104736328125 20.575904846191406 20.668256759643555 20.780927658081055 20.820159912109375 20.816768646240234 20.972736358642578 25.985536575317383 21.042783737182617 20.98956871032715 20.803295135498047 20.82646369934082 21.362112045288086 20.843456268310547 20.93788719177246 
14.528287887573242 14.028960227966309 13.954048156738281 14.26028823852539 14.363295555114746 14.378944396972656 14.373023986816406 14.4716157913208 14.316800117492676 14.502752304077148 14.403136253356934 15.199935913085938 14.685376167297363 14.207584381103516 14.087455749511719 14.227487564086914 
50.42720031738281 20.309856414794922 20.279327392578125 20.500511169433594 20.751712799072266 20.90729522705078 20.8288631439209 26.602783203125 26.71900749206543 20.78019142150879 20.895423889160156 20.806367874145508 20.760032653808594 21.138656616210938 21.071775436401367 20.746912002563477 
14.518879890441895 14.051136016845703 13.961407661437988 14.127360343933105 14.167167663574219 14.147968292236328 14.338879585266113 14.446080207824707 16.767616271972656 15.713888168334961 14.353280067443848 14.289376258850098 14.549056053161621 14.369695663452148 15.063103675842285 14.896991729736328 
61.220001220703125 20.33184051513672 20.321504592895508 20.413312911987305 20.98419189453125 21.211488723754883 21.1147518157959 21.17535972595215 25.086687088012695 20.79030418395996 20.911359786987305 21.000831604003906 21.287328720092773 20.892959594726562 20.921791076660156 20.86195182800293 
14.447199821472168 13.940032005310059 13.909536361694336 13.925087928771973 14.088255882263184 14.109439849853516 14.157440185546875 14.422944068908691 16.746335983276367 15.342399597167969 14.486335754394531 14.1561918258667 14.023839950561523 14.079360008239746 14.347968101501465 14.617792129516602 
60.13865661621094 20.324127197265625 20.596288681030273 20.84009552001953 20.939584732055664 20.98841667175293 20.84236717224121 20.851680755615234 27.51206398010254 20.847583770751953 21.083295822143555 20.897472381591797 20.785919189453125 20.914047241210938 21.076608657836914 20.952800750732422 
14.391936302185059 13.960384368896484 13.886655807495117 14.088800430297852 14.160223960876465 14.164223670959473 14.28268814086914 14.613439559936523 17.042591094970703 14.903264045715332 14.479455947875977 14.711423873901367 14.26262378692627 14.430047988891602 14.09340763092041 14.159903526306152 
61.26959991455078 20.280576705932617 20.6246395111084 20.970048904418945 20.91881561279297 20.97996711730957 20.75935935974121 20.80067253112793 25.51420783996582 21.017887115478516 20.95244789123535 21.460159301757812 20.743200302124023 21.336767196655273 20.795808792114258 20.7989444732666 
14.453887939453125 14.00540828704834 13.943519592285156 14.159199714660645 14.228287696838379 14.228287696838379 14.308608055114746 14.474783897399902 14.303104400634766 14.704928398132324 14.431903839111328 14.059040069580078 14.905535697937012 14.524928092956543 14.152352333068848 14.301504135131836 
48.33827209472656 20.260543823242188 20.359712600708008 20.582752227783203 20.63680076599121 20.781984329223633 44.119422912597656 20.435935974121094 25.448095321655273 21.276575088500977 20.90608024597168 20.892576217651367 21.10736083984375 20.931583404541016 20.848224639892578 21.255008697509766 
14.313504219055176 13.95638370513916 13.939104080200195 14.230560302734375 14.326111793518066 14.478816032409668 14.206399917602539 14.458304405212402 16.98476791381836 15.6046724319458 14.907679557800293 15.01369571685791 14.237792015075684 14.068127632141113 14.081503868103027 14.127039909362793 
67.548095703125 20.36204719543457 20.314048767089844 20.628000259399414 20.808671951293945 21.22822380065918 21.108640670776367 20.995744705200195 24.08950424194336 20.878559112548828 20.946016311645508 21.321887969970703 20.776287078857422 20.902496337890625 20.780479431152344 21.168703079223633 
14.37769603729248 14.004511833190918 14.094783782958984 14.099935531616211 14.022303581237793 14.028575897216797 14.156736373901367 14.406047821044922 17.681535720825195 14.428959846496582 14.33017635345459 15.200063705444336 14.729248046875 14.199808120727539 14.420384407043457 14.340191841125488 
61.21376037597656 20.28860855102539 20.750944137573242 21.04591941833496 21.420000076293945 21.28940773010254 21.14441680908203 21.18400001525879 25.212160110473633 20.909984588623047 20.876447677612305 21.113920211791992 21.05219268798828 20.78371238708496 21.209888458251953 21.06595230102539 
14.426688194274902 13.935839653015137 14.035743713378906 14.131872177124023 14.07040023803711 14.078880310058594 14.124480247497559 14.17843246459961 16.399999618530273 14.85763168334961 14.325407981872559 15.037055969238281 14.355936050415039 14.214303970336914 14.078656196594238 14.099264144897461 
103.95378875732422 38.1097297668457 39.633758544921875 39.13148880004883 39.46815872192383 39.58291244506836 39.640384674072266 40.29216003417969 45.713279724121094 38.55049514770508 38.62076950073242 39.06547164916992 38.48713684082031 38.90351867675781 38.99824142456055 38.299232482910156 
55.7110710144043 38.86943817138672 38.257537841796875 40.06585693359375 39.9901123046875 39.71321487426758 39.529632568359375 39.24591827392578 46.650272369384766 38.210079193115234 39.05196762084961 38.25190353393555 38.268638610839844 39.30160140991211 38.69075012207031 38.053951263427734 
55.818111419677734 38.066017150878906 40.312320709228516 40.15574264526367 40.800254821777344 40.95315170288086 40.25513458251953 40.048641204833984 45.09222412109375 38.02716827392578 38.818721771240234 39.313377380371094 38.483585357666016 39.045631408691406 38.366912841796875 38.380126953125 
53.77772903442383 39.553504943847656 40.494239807128906 40.462337493896484 39.70307159423828 38.75324630737305 39.93952178955078 40.415489196777344 46.05750274658203 38.65708923339844 39.49302291870117 39.370399475097656 38.32649612426758 38.4060173034668 38.908287048339844 38.36528015136719 
65.15968322753906 38.497440338134766 40.3939208984375 39.50864028930664 40.25609588623047 39.368064880371094 39.581024169921875 40.48633575439453 47.28550338745117 38.77753448486328 39.19353485107422 39.94121551513672 38.5959358215332 38.400577545166016 38.4697265625 38.524383544921875 
55.902591705322266 40.40304183959961 39.89606475830078 40.085472106933594 39.63216018676758 40.36016082763672 40.27734375 40.388671875 47.703487396240234 38.138336181640625 39.07289505004883 38.2825927734375 38.309471130371094 38.77888107299805 38.09648132324219 38.870784759521484 
55.48652648925781 38.372032165527344 40.24201583862305 39.19331359863281 39.62480163574219 40.18899154663086 39.785152435302734 39.71334457397461 46.31510543823242 38.229793548583984 38.41312026977539 38.81468963623047 38.248863220214844 38.77177429199219 40.02057647705078 39.165374755859375 
59.0145263671875 38.10745620727539 39.464927673339844 40.057247161865234 40.65420913696289 40.361793518066406 39.19331359863281 39.61017608642578 48.1525764465332 38.266719818115234 39.6148796081543 38.173439025878906 38.523040771484375 38.88470458984375 38.14140701293945 38.22355270385742 
58.00185775756836 38.110816955566406 39.92655944824219 39.85887908935547 39.99302291870117 39.363487243652344 39.69059371948242 39.87238311767578 46.567649841308594 39.13081741333008 38.36771011352539 38.37395095825195 38.8873291015625 38.36297607421875 38.44668960571289 39.20102310180664 
54.91151809692383 38.7729606628418 39.11027145385742 39.19337463378906 39.055137634277344 38.71206283569336 39.03500747680664 40.1475830078125 50.64508819580078 38.29190444946289 38.243072509765625 39.13216018676758 38.36921691894531 38.23040008544922 38.584510803222656 38.33628845214844 
56.123905181884766 35.46137619018555 34.91670227050781 35.19401550292969 35.876094818115234 103.39596557617188 33.95087814331055 42.21811294555664 39.718143463134766 34.39888000488281 34.40252685546875 34.431968688964844 34.497440338134766 34.24607849121094 34.38515090942383 34.35171127319336 
21.46553611755371 20.963008880615234 21.005727767944336 21.18854331970215 21.184864044189453 21.211328506469727 21.328128814697266 21.69148826599121 26.081567764282227 21.51215934753418 21.569503784179688 21.684288024902344 21.680992126464844 21.913503646850586 21.495296478271484 21.848064422607422 
53.62223815917969 33.927520751953125 35.96281433105469 35.13430404663086 34.95161437988281 165.60751342773438 33.952449798583984 34.76521682739258 40.689823150634766 34.50761413574219 34.522911071777344 34.1800651550293 34.147518157958984 34.20719909667969 34.21113586425781 34.25331115722656 
26.973312377929688 20.79849624633789 20.94803237915039 21.4036808013916 21.33612823486328 21.31657600402832 21.20207977294922 21.15011215209961 24.873088836669922 21.519840240478516 21.711040496826172 21.55504035949707 22.457183837890625 21.61177635192871 21.581663131713867 21.722240447998047 
41.03046417236328 34.80713653564453 34.654239654541016 34.51171112060547 195.39170837402344 33.94822311401367 34.4716796875 34.75574493408203 40.9620475769043 34.33772659301758 34.244991302490234 34.74415969848633 34.559391021728516 34.26220703125 34.29158401489258 34.395103454589844 
21.310880661010742 20.921632766723633 20.878047943115234 20.956127166748047 21.17043113708496 21.19183921813965 21.32851219177246 21.44361686706543 25.775615692138672 21.84886360168457 21.707712173461914 21.740768432617188 21.86147117614746 21.525888442993164 21.85785675048828 21.732383728027344 
41.04556655883789 34.36588668823242 35.13811111450195 35.41292953491211 196.6862030029297 33.869537353515625 33.91398239135742 34.534305572509766 41.84979248046875 34.30249786376953 35.06038284301758 34.45100784301758 34.642303466796875 34.459712982177734 34.141761779785156 34.28499221801758 
21.438495635986328 20.872928619384766 20.91302490234375 21.093631744384766 21.316415786743164 21.942848205566406 22.263103485107422 22.25129508972168 25.373760223388672 22.267391204833984 21.449504852294922 21.68783950805664 23.062047958374023 21.477664947509766 21.850528717041016 22.333663940429688 
41.00873565673828 33.916831970214844 35.35603332519531 36.190975189208984 191.7980194091797 34.03481674194336 33.947265625 35.00368118286133 40.3416633605957 34.30489730834961 34.30643081665039 35.5549430847168 34.41446304321289 34.40377426147461 34.657920837402344 34.617889404296875 
21.435232162475586 20.8504638671875 20.836959838867188 20.849504470825195 21.06889533996582 21.104352951049805 21.270368576049805 21.34444808959961 25.367712020874023 21.718719482421875 21.232511520385742 21.72812843322754 22.978527069091797 21.173887252807617 21.490047454833984 21.521791458129883 
41.07014465332031 34.021087646484375 36.000606536865234 35.6910400390625 201.79644775390625 33.86713409423828 33.864288330078125 34.86435317993164 40.781150817871094 34.46886444091797 34.84342575073242 34.36067199707031 34.78499221801758 34.287967681884766 34.45667266845703 34.62489700317383 
21.56528091430664 20.909088134765625 21.25881576538086 21.353471755981445 21.529888153076172 21.710336685180664 21.58527946472168 21.40239906311035 22.93142318725586 21.727327346801758 21.744319915771484 21.672224044799805 21.862207412719727 21.801183700561523 21.711008071899414 21.758176803588867 
41.102657318115234 34.03782272338867 35.33302307128906 35.11996841430664 195.86572265625 33.84489440917969 34.720703125 36.06553649902344 41.14873504638672 34.71161651611328 34.25532913208008 34.505374908447266 34.28611373901367 34.392032623291016 34.41030502319336 34.44358444213867 
21.570144653320312 20.841472625732422 20.8275203704834 21.033344268798828 21.092191696166992 21.23263931274414 21.30963134765625 21.424575805664062 25.619935989379883 21.787551879882812 21.208480834960938 21.706655502319336 21.710880279541016 21.402143478393555 22.056991577148438 21.611040115356445 
40.98390579223633 34.90537643432617 34.66304016113281 35.462913513183594 188.90614318847656 33.85289764404297 34.67443084716797 35.72371292114258 40.55769729614258 34.38169479370117 34.336734771728516 34.286590576171875 34.315486907958984 34.08931350708008 34.306785583496094 34.49769592285156 
21.278303146362305 20.874399185180664 21.22198486328125 21.17910385131836 21.17430305480957 21.17673683166504 21.14441680908203 21.140832901000977 24.99724769592285 21.78691291809082 21.662464141845703 22.35558319091797 21.66815948486328 21.785184860229492 22.288095474243164 21.65433692932129 
41.043487548828125 33.859519958496094 36.22297668457031 35.40403366088867 187.25372314453125 33.80271911621094 34.0470085144043 34.476097106933594 42.54108810424805 34.1984977722168 34.04848098754883 34.59856033325195 34.511966705322266 34.24755096435547 35.03606414794922 34.23183822631836 
21.60691261291504 21.034879684448242 21.503807067871094 21.69171142578125 21.387296676635742 21.67919921875 21.66873550415039 21.517311096191406 25.688512802124023 21.908735275268555 21.722688674926758 21.983903884887695 21.705408096313477 21.470815658569336 21.949344635009766 21.866111755371094 
57.79289627075195 33.80249786376953 36.59414291381836 35.6673583984375 34.999454498291016 181.7123565673828 33.838111877441406 33.93571090698242 42.00617599487305 34.266239166259766 34.75564956665039 34.4967041015625 35.071231842041016 34.67180633544922 34.014366149902344 34.274784088134766 
21.248767852783203 20.808063507080078 21.100576400756836 21.11769676208496 21.45052719116211 21.477439880371094 21.35353660583496 21.222368240356445 25.674272537231445 21.957439422607422 21.943519592285156 21.564512252807617 21.86614418029785 21.245023727416992 21.42291259765625 21.606687545776367 
37.897151947021484 30.026079177856445 30.02118492126465 30.682880401611328 30.19500732421875 181.9846649169922 29.02582359313965 29.32694435119629 37.935935974121094 29.93289566040039 29.775999069213867 29.660608291625977 29.785343170166016 29.88751983642578 29.758047103881836 29.83647918701172 
895.658935546875 25.949600219726562 26.433504104614258 26.442527770996094 27.328031539916992 27.63702392578125 26.86249542236328 26.688095092773438 32.15488052368164 26.128704071044922 26.539968490600586 26.7073917388916 26.563072204589844 26.581439971923828 26.645919799804688 26.667072296142578 
57.96217727661133 29.52956771850586 30.362592697143555 31.4333438873291 30.31110382080078 30.825855255126953 30.026975631713867 31.07734489440918 35.38355255126953 29.41913604736328 29.377151489257812 29.434879302978516 29.41548728942871 29.848031997680664 29.593408584594727 29.54787254333496 
794.9217529296875 26.18169593811035 26.297536849975586 26.372831344604492 26.746368408203125 27.446239471435547 26.910911560058594 27.135711669921875 31.93529510498047 26.272607803344727 26.335424423217773 26.631200790405273 26.820768356323242 26.65679931640625 26.497888565063477 26.817344665527344 
60.06419372558594 29.289535522460938 29.412384033203125 30.15497589111328 30.468191146850586 30.086368560791016 30.38310432434082 30.008544921875 34.356929779052734 29.430208206176758 29.751808166503906 29.83078384399414 30.552640914916992 29.36579132080078 29.771711349487305 29.697376251220703 
900.3604736328125 25.864511489868164 26.024383544921875 27.300512313842773 27.672672271728516 27.067455291748047 27.21833610534668 27.020288467407227 32.0863037109375 26.1212158203125 26.492544174194336 26.57913589477539 26.474016189575195 26.776639938354492 26.610336303710938 26.833215713500977 
60.06991958618164 29.224224090576172 30.336671829223633 29.927391052246094 29.979616165161133 30.271167755126953 30.747295379638672 30.284543991088867 33.89990234375 29.44211196899414 29.92006492614746 29.769184112548828 29.676639556884766 30.237024307250977 29.61577606201172 29.70230484008789 
805.9232788085938 25.956544876098633 25.896127700805664 26.80099105834961 26.875808715820312 27.147808074951172 27.367647171020508 26.59654426574707 31.827999114990234 26.2640323638916 26.480064392089844 26.311264038085938 26.73766326904297 26.786720275878906 26.9085750579834 26.784000396728516 
66.34662628173828 29.265567779541016 29.625919342041016 29.788799285888672 30.037439346313477 30.086111068725586 30.146623611450195 30.467487335205078 35.20832061767578 29.516767501831055 29.559551239013672 29.792831420898438 29.88083267211914 29.500383377075195 29.733440399169922 29.51411247253418 
1034.4915771484375 26.129440307617188 26.527231216430664 26.582368850708008 27.647903442382812 27.31657600402832 26.695903778076172 27.282943725585938 32.03059387207031 26.832351684570312 26.5382080078125 26.78335952758789 26.61609649658203 26.43654441833496 26.614912033081055 26.717824935913086 
55.75209426879883 29.191232681274414 29.512832641601562 29.90447998046875 30.85955238342285 30.272192001342773 30.82601547241211 30.706111907958984 35.629886627197266 29.60633659362793 29.715904235839844 29.697792053222656 29.831104278564453 29.789247512817383 29.69366455078125 29.80019187927246 
994.5105590820312 25.898208618164062 26.364416122436523 26.36467170715332 26.887615203857422 27.511775970458984 26.765024185180664 27.62451171875 29.8023681640625 26.15056037902832 26.70012855529785 27.065088272094727 26.497631072998047 26.576671600341797 26.573728561401367 26.981279373168945 
56.83027267456055 29.307296752929688 29.959392547607422 29.83964729309082 30.034591674804688 30.178272247314453 31.237823486328125 30.17647933959961 35.81622314453125 29.489887237548828 29.75164794921875 29.868928909301758 29.887392044067383 29.797183990478516 29.78009605407715 29.84534454345703 
1117.2122802734375 25.864479064941406 26.02115249633789 26.24995231628418 26.40608024597168 27.160736083984375 26.733983993530273 27.750751495361328 32.26870346069336 26.189599990844727 26.635648727416992 26.241504669189453 26.3603515625 26.65350341796875 26.657440185546875 27.011295318603516 
59.01145553588867 29.256864547729492 29.937984466552734 29.80556869506836 30.483903884887695 31.289888381958008 30.474943161010742 30.669376373291016 34.92486572265625 29.558208465576172 29.650623321533203 29.803359985351562 29.771936416625977 29.691776275634766 29.668895721435547 29.668127059936523 
1240.35302734375 25.944608688354492 26.008447647094727 27.07721519470215 27.183391571044922 26.748640060424805 26.910432815551758 27.31622314453125 31.74880027770996 26.219648361206055 27.014720916748047 26.601919174194336 26.570175170898438 26.827775955200195 26.558303833007812 26.776416778564453 
51.64156723022461 29.217376708984375 29.998144149780273 31.05939292907715 31.191808700561523 30.966976165771484 31.395647048950195 30.156831741333008 35.406944274902344 29.584543228149414 29.69036865234375 29.702335357666016 29.780256271362305 29.48041534423828 29.570112228393555 29.765792846679688 
989.0516357421875 25.882112503051758 26.149503707885742 26.416767120361328 26.661760330200195 26.783456802368164 27.445951461791992 27.114879608154297 31.893888473510742 26.116544723510742 26.732255935668945 26.752031326293945 26.375551223754883 26.762880325317383 26.59699249267578 26.883583068847656 
52.71903991699219 29.15667152404785 30.6592960357666 30.443296432495117 30.806880950927734 30.158079147338867 30.35251235961914 30.237600326538086 35.327327728271484 29.3002872467041 29.691680908203125 29.341567993164062 29.62188720703125 30.087263107299805 29.815872192382812 29.918975830078125 
1020.5759887695312 25.950815200805664 25.98646354675293 26.26335906982422 26.926368713378906 27.07913589477539 27.214143753051758 27.328704833984375 31.728832244873047 26.311519622802734 26.943456649780273 26.66771125793457 26.654111862182617 26.75609588623047 26.40889549255371 26.959455490112305 
59.91980743408203 27.778623580932617 28.420991897583008 28.594783782958984 29.130752563476562 29.705440521240234 29.100255966186523 29.449024200439453 33.56560134887695 28.00819206237793 27.935935974121094 28.36467170715332 28.227296829223633 27.997535705566406 28.56243133544922 28.29043197631836 
231.42649841308594 229.34083557128906 18.354368209838867 18.430816650390625 223.6888885498047 18.418336868286133 18.425151824951172 19.028095245361328 28.798015594482422 18.829408645629883 19.729183197021484 19.237632751464844 92.88931274414062 92.97325134277344 92.9993896484375 93.01046752929688 
40.79072189331055 27.609535217285156 29.626943588256836 29.433727264404297 30.939327239990234 28.6342716217041 28.371871948242188 29.30499267578125 32.926368713378906 27.957439422607422 28.0666561126709 28.583263397216797 28.028160095214844 28.297056198120117 28.234880447387695 27.93564796447754 
1098.6072998046875 18.34992027282715 18.387264251708984 18.774335861206055 18.78156852722168 18.96544075012207 19.256032943725586 19.187328338623047 29.87923240661621 19.15385627746582 20.140159606933594 19.292512893676758 92.96288299560547 92.99890899658203 92.99177551269531 92.97232055664062 
40.76211166381836 27.637920379638672 27.93075180053711 28.966432571411133 28.517791748046875 29.6582088470459 29.007104873657227 29.49065589904785 32.67942428588867 28.196256637573242 28.02582359313965 28.423168182373047 28.19593620300293 28.632768630981445 28.357664108276367 28.464479446411133 
243.1183624267578 228.41539001464844 18.37615966796875 18.388927459716797 224.21621704101562 18.360031127929688 18.394943237304688 18.64512062072754 27.887968063354492 19.167072296142578 19.477760314941406 19.3240966796875 92.90966033935547 92.98028564453125 92.9300765991211 93.00870513916016 
38.664031982421875 27.764320373535156 28.267295837402344 28.775775909423828 44.25823974609375 28.054431915283203 28.62566375732422 29.224960327148438 34.71654510498047 28.24732780456543 28.12825584411621 27.948223114013672 28.004192352294922 28.022687911987305 28.295616149902344 28.20751953125 
655.4523315429688 18.392704010009766 18.55833625793457 230.93898010253906 18.43168067932129 18.42518424987793 18.456768035888672 18.978496551513672 30.40729522705078 19.109119415283203 19.04470443725586 19.10655975341797 95.52591705322266 93.0317153930664 92.98521423339844 92.96649932861328 
40.758304595947266 27.65033531188965 28.662687301635742 29.395551681518555 28.53670310974121 28.774272918701172 28.47327995300293 29.401119232177734 35.00089645385742 28.00707244873047 28.390047073364258 28.181215286254883 28.308000564575195 28.063583374023438 29.430496215820312 28.15465545654297 
439.9532470703125 227.81161499023438 18.333471298217773 18.397024154663086 220.7954864501953 18.39206314086914 18.39254379272461 18.427648544311523 30.563743591308594 18.720672607421875 19.657983779907227 19.153728485107422 92.94915008544922 92.96556854248047 92.96707153320312 92.96233367919922 
39.69363021850586 27.66985511779785 28.453983306884766 28.670751571655273 39.053951263427734 28.130592346191406 28.033855438232422 29.440160751342773 32.98883056640625 28.28713607788086 28.25587272644043 28.249216079711914 28.274431228637695 28.225215911865234 28.092544555664062 28.994720458984375 
336.79815673828125 228.59613037109375 18.3351993560791 18.35750389099121 231.25820922851562 18.423904418945312 18.60425567626953 18.804031372070312 22.81110382080078 19.687103271484375 18.922527313232422 19.101184844970703 92.91613006591797 92.9993896484375 92.98668670654297 92.99091339111328 
40.74972915649414 27.647808074951172 28.069183349609375 29.798688888549805 28.758272171020508 29.02060890197754 28.966400146484375 28.620960235595703 32.70479965209961 28.24652862548828 28.085920333862305 28.085887908935547 28.151071548461914 28.333280563354492 28.034400939941406 28.072383880615234 
753.6812133789062 18.367551803588867 18.383935928344727 223.60841369628906 18.41289520263672 18.447967529296875 18.627775192260742 18.660959243774414 30.525503158569336 18.671104431152344 18.941152572631836 18.929088592529297 92.95763397216797 92.97622680664062 93.00236511230469 92.97042846679688 
38.592384338378906 28.337919235229492 28.831615447998047 29.05548858642578 38.721343994140625 28.18832015991211 28.02227210998535 28.5446720123291 33.51465606689453 28.292287826538086 28.09343910217285 28.1648006439209 28.639904022216797 28.22047996520996 28.145952224731445 27.829631805419922 
233.6203155517578 229.6063995361328 18.349056243896484 18.3657283782959 231.0579833984375 18.45529556274414 18.60540771484375 18.69856071472168 22.95212745666504 18.88003158569336 19.165504455566406 18.81171226501465 92.94134521484375 92.97097778320312 92.99737548828125 92.98566436767578 
40.802337646484375 27.941024780273438 28.813215255737305 29.41689682006836 29.1146240234375 28.668224334716797 29.119775772094727 28.88256072998047 33.0081901550293 28.35759925842285 28.31667137145996 28.39846420288086 28.261856079101562 28.097984313964844 28.234304428100586 28.047807693481445 
358.322265625 18.393728256225586 432.1210021972656 18.342527389526367 18.392160415649414 18.645280838012695 18.63315200805664 18.7478084564209 31.397056579589844 18.807552337646484 18.91779136657715 20.1246395111084 92.95996856689453 92.9843521118164 92.93977355957031 93.00614166259766 
40.7949104309082 28.56377601623535 28.72127914428711 29.43609619140625 32.9029426574707 28.826335906982422 28.501312255859375 29.256736755371094 34.25289535522461 28.20800018310547 27.802335739135742 27.96214485168457 28.220767974853516 28.32956886291504 28.036800384521484 28.256032943725586 
433.2094421386719 224.031005859375 18.337024688720703 18.36409568786621 230.87680053710938 18.39411163330078 18.412832260131836 18.42095947265625 30.84752082824707 18.83807945251465 19.935199737548828 19.20355224609375 92.95935821533203 96.99996948242188 92.9583969116211 92.95699310302734 
50.97238540649414 38.3482551574707 40.46604919433594 41.58464050292969 41.853599548339844 41.208736419677734 40.00374221801758 40.34822463989258 46.88908767700195 38.69744110107422 38.492191314697266 38.27967834472656 38.88179016113281 38.728607177734375 38.530399322509766 39.193214416503906 
148.79586791992188 27.275615692138672 235.8461151123047 26.659040451049805 26.712383270263672 27.40127944946289 27.59212875366211 27.302080154418945 31.885631561279297 27.13350486755371 27.18284797668457 27.68435287475586 27.175840377807617 27.403135299682617 27.095552444458008 27.451583862304688 
70.917724609375 38.208736419677734 39.58076858520508 39.6258544921875 39.50092697143555 221.13352966308594 38.32057571411133 39.06185531616211 45.88569641113281 38.54342269897461 39.46188735961914 39.76531219482422 38.55641555786133 39.524192810058594 38.51932907104492 38.64201736450195 
149.1952362060547 26.76483154296875 240.0400390625 26.764480590820312 26.683391571044922 26.99718475341797 27.742944717407227 27.581600189208984 33.98115158081055 27.026464462280273 27.195199966430664 27.286176681518555 27.31939125061035 27.305856704711914 27.521055221557617 27.539552688598633 
53.05187225341797 39.942752838134766 40.548095703125 41.101566314697266 40.845088958740234 70.71282958984375 38.69558334350586 39.371646881103516 44.910465240478516 38.54972839355469 38.64921569824219 38.76553726196289 38.60649490356445 38.95558547973633 38.728736877441406 38.537601470947266 
27.28950309753418 26.59129524230957 27.58665657043457 230.60665893554688 26.805055618286133 26.624223709106445 26.919424057006836 27.685087203979492 31.804224014282227 27.63212776184082 27.08608055114746 26.85148811340332 27.135583877563477 27.56287956237793 27.186912536621094 27.373119354248047 
57.36412811279297 39.35340881347656 39.47110366821289 41.21587371826172 221.1150665283203 38.268287658691406 40.536094665527344 40.71158218383789 48.07487869262695 38.78425598144531 38.731712341308594 38.621280670166016 39.41471862792969 39.12092971801758 38.36841583251953 39.297054290771484 
146.6003875732422 26.970304489135742 226.9575653076172 26.633407592773438 27.316255569458008 27.67171287536621 27.498943328857422 28.066560745239258 33.07612609863281 27.29497528076172 27.674943923950195 27.369760513305664 27.24880027770996 27.580768585205078 27.386592864990234 27.38719940185547 
46.80419158935547 40.812801361083984 41.65427017211914 40.98495864868164 116.75446319580078 38.488929748535156 40.44902420043945 41.27862548828125 45.5423698425293 39.46051025390625 38.664222717285156 38.70719909667969 39.3757438659668 38.79558563232422 38.79011154174805 39.37481689453125 
27.283615112304688 26.611295700073242 26.71958351135254 232.4792938232422 26.757408142089844 26.72979164123535 27.022783279418945 27.18467140197754 32.24496078491211 27.172351837158203 27.325504302978516 27.219711303710938 27.43427276611328 27.33807945251465 27.31724739074707 27.193599700927734 
46.81836700439453 40.16969680786133 41.89052963256836 40.48793411254883 211.61631774902344 38.379295349121094 38.50080108642578 38.9246711730957 46.191585540771484 38.659423828125 38.86588668823242 38.97683334350586 38.38899230957031 38.61212921142578 39.024574279785156 38.6798095703125 
368.75347900390625 26.65990447998047 26.941984176635742 27.892032623291016 28.11916732788086 27.518239974975586 27.566944122314453 27.455455780029297 33.12761688232422 26.96963119506836 27.449504852294922 27.154464721679688 27.358112335205078 27.387392044067383 27.59391975402832 27.79680061340332 
47.91001510620117 39.46992111206055 40.655296325683594 40.91222381591797 40.2256965637207 79.56253051757812 38.051422119140625 40.0013427734375 46.61753463745117 38.7342414855957 38.76847839355469 38.61091232299805 39.135009765625 38.82204818725586 38.71887969970703 38.787166595458984 
37.72515106201172 26.59334373474121 236.19273376464844 26.77619171142578 26.977439880371094 27.500831604003906 27.211200714111328 27.48806381225586 33.430145263671875 27.111072540283203 28.03011131286621 27.209407806396484 27.14499282836914 27.930015563964844 27.335615158081055 28.009727478027344 
45.834144592285156 38.3744010925293 39.478721618652344 40.23286437988281 40.191680908203125 181.1341094970703 38.32134246826172 39.75923156738281 44.999263763427734 38.841121673583984 38.70463943481445 38.84819030761719 38.80144119262695 39.25273513793945 38.933982849121094 38.84143829345703 
148.95318603515625 26.643999099731445 240.50399780273438 26.68191909790039 26.833919525146484 28.30089569091797 28.534080505371094 27.99625587463379 32.742977142333984 27.2761287689209 28.095775604248047 27.399871826171875 27.29350471496582 27.318944931030273 27.026559829711914 27.141183853149414 
47.76188659667969 38.93929672241211 40.672447204589844 41.09584045410156 119.99215698242188 38.37446212768555 39.70640182495117 40.987648010253906 47.61920166015625 38.54044723510742 39.18950271606445 38.712318420410156 38.712257385253906 39.119712829589844 38.80112075805664 39.01987075805664 
153.27743530273438 26.699935913085938 238.54733276367188 26.674848556518555 26.71343994140625 27.30348777770996 27.606399536132812 27.255840301513672 32.36131286621094 27.051712036132812 27.30291175842285 27.609983444213867 26.842655181884766 27.233184814453125 27.606815338134766 27.306304931640625 
46.675071716308594 39.173118591308594 41.695552825927734 40.733150482177734 211.04981994628906 38.28895950317383 39.59222412109375 39.902687072753906 45.73855972290039 38.83695983886719 38.425086975097656 39.44963073730469 38.856510162353516 38.689056396484375 39.011070251464844 39.23344039916992 
27.28950309753418 110.06988525390625 26.60531234741211 26.739999771118164 237.24365234375 26.717344284057617 27.681055068969727 27.732511520385742 33.414878845214844 27.442367553710938 27.03865623474121 27.164255142211914 27.154848098754883 27.28950309753418 26.948543548583984 27.59756851196289 
31.224159240722656 23.78553581237793 23.782495498657227 23.87753677368164 25.234880447387695 25.40105628967285 24.920223236083984 24.62665557861328 29.193599700927734 24.470848083496094 24.35910415649414 25.55241584777832 24.431264877319336 24.228832244873047 24.198816299438477 24.027936935424805 
18.03081512451172 17.49286460876465 17.672639846801758 17.680383682250977 17.684192657470703 17.896448135375977 17.989503860473633 17.983552932739258 21.16124725341797 17.46953582763672 17.676063537597656 17.90947151184082 17.742591857910156 18.664255142211914 18.2825927734375 18.273792266845703 
71.13231658935547 23.885408401489258 24.404191970825195 24.562528610229492 24.469120025634766 24.50601577758789 58.76521682739258 42.9562873840332 28.959903717041016 24.148160934448242 24.11417579650879 24.146240234375 24.494752883911133 24.180160522460938 24.087488174438477 24.0152645111084 
17.96691131591797 17.465055465698242 17.504287719726562 17.986303329467773 17.93881607055664 18.064640045166016 18.06185531616211 18.033248901367188 18.625120162963867 17.611743927001953 18.078304290771484 18.383647918701172 18.04003143310547 18.327903747558594 17.948991775512695 18.424928665161133 
64.8150405883789 23.71571159362793 23.82761573791504 24.297727584838867 24.30227279663086 24.87494468688965 65.8677749633789 53.52614212036133 27.1243839263916 24.201087951660156 24.25859260559082 24.263296127319336 24.181503295898438 24.45078468322754 24.214399337768555 23.977632522583008 
17.991455078125 17.49171257019043 17.733152389526367 17.769535064697266 18.097280502319336 18.159711837768555 18.312671661376953 18.454431533813477 20.338048934936523 17.787839889526367 17.97657585144043 17.69696044921875 17.840351104736328 17.810144424438477 17.95465660095215 17.755903244018555 
74.53465270996094 23.932512283325195 24.47007942199707 24.70899200439453 24.82956886291504 24.740480422973633 51.377662658691406 68.38524627685547 25.565311431884766 24.384384155273438 24.208351135253906 24.21388816833496 24.16044807434082 24.34764862060547 24.237407684326172 24.33558464050293 
17.896831512451172 17.43337631225586 17.469472885131836 18.13814353942871 18.16080093383789 18.09427261352539 18.341312408447266 18.517887115478516 20.387008666992188 17.628480911254883 17.964160919189453 17.80182456970215 18.493600845336914 17.722431182861328 18.028671264648438 17.904512405395508 
79.6502685546875 24.016223907470703 24.045856475830078 24.406240463256836 24.485088348388672 24.45142364501953 81.12012481689453 31.50374412536621 28.599008560180664 24.14406394958496 24.455360412597656 24.190719604492188 24.348127365112305 24.14646339416504 24.42207908630371 24.559200286865234 
17.954784393310547 17.507999420166016 17.527423858642578 17.599872589111328 18.133119583129883 18.061664581298828 18.134111404418945 18.601119995117188 21.466272354125977 17.63088035583496 19.023807525634766 18.052831649780273 18.31808090209961 17.7807674407959 17.944543838500977 18.339359283447266 
65.96713256835938 23.963359832763672 23.73561668395996 23.760704040527344 25.463167190551758 25.306943893432617 62.48384094238281 57.72208023071289 27.98851203918457 24.277664184570312 25.125375747680664 24.242271423339844 24.43052864074707 23.998655319213867 24.107391357421875 24.32294464111328 
18.028480529785156 17.556255340576172 17.67411231994629 17.87139129638672 18.140735626220703 18.228736877441406 18.17203140258789 18.465248107910156 20.680416107177734 17.57561683654785 17.507999420166016 18.292415618896484 18.063039779663086 17.82326316833496 17.81180763244629 18.298559188842773 
62.72825622558594 23.65443229675293 23.813791275024414 24.82975959777832 24.974943161010742 24.692928314208984 69.12646484375 56.673919677734375 28.33344078063965 24.263904571533203 24.487104415893555 24.660608291625977 24.3951358795166 24.3372802734375 24.28348731994629 24.72515106201172 
17.989503860473633 17.462112426757812 17.80601692199707 18.012128829956055 18.27827262878418 18.407487869262695 18.31395149230957 18.215967178344727 20.59539222717285 17.691999435424805 17.937280654907227 17.65932846069336 17.778879165649414 17.800800323486328 17.944000244140625 17.790111541748047 
63.86163330078125 23.82428741455078 23.75052833557129 24.2840633392334 24.299135208129883 24.80156707763672 73.2014389038086 49.7982063293457 27.8220157623291 24.279903411865234 24.24166488647461 24.3222713470459 24.251583099365234 24.237056732177734 24.084320068359375 24.34320068359375 
17.99350357055664 17.438528060913086 17.777984619140625 18.076000213623047 18.059904098510742 18.024160385131836 18.2161922454834 18.261056900024414 20.31590461730957 17.703039169311523 17.97350311279297 17.75574493408203 17.82361602783203 18.297632217407227 18.08940887451172 18.026111602783203 
66.91545867919922 23.809696197509766 23.90457534790039 24.929471969604492 24.88262367248535 24.785919189453125 67.73094177246094 41.985408782958984 27.969247817993164 24.199840545654297 24.23891258239746 24.61180877685547 24.325439453125 24.3953914642334 24.213472366333008 24.185375213623047 
17.96678352355957 17.513280868530273 17.643648147583008 17.81772804260254 17.87071990966797 18.066783905029297 18.27440071105957 18.441919326782227 21.409343719482422 17.578079223632812 17.745471954345703 18.158432006835938 18.121055603027344 18.01919937133789 17.774784088134766 18.017824172973633 
42.451393127441406 24.07548713684082 24.01478385925293 24.317407608032227 25.20742416381836 25.31273651123047 24.67475128173828 56.43385696411133 28.52118492126465 24.228479385375977 24.304031372070312 24.873119354248047 24.35158348083496 24.532575607299805 24.202112197875977 24.292224884033203 
17.989120483398438 17.52694320678711 17.876127243041992 17.876384735107422 18.124128341674805 18.302175521850586 18.333728790283203 18.27084732055664 21.37491226196289 17.487808227539062 17.98089599609375 17.733888626098633 17.855424880981445 17.717920303344727 18.878047943115234 18.34921646118164 
70.36348724365234 28.706687927246094 28.734336853027344 29.00022315979004 30.17900848388672 29.87990379333496 46.841087341308594 62.74969482421875 35.032161712646484 28.816415786743164 28.786975860595703 28.78316879272461 29.031967163085938 28.643232345581055 29.055679321289062 28.970176696777344 
19.736255645751953 19.1844482421875 19.1060791015625 19.18511962890625 19.3035831451416 19.567808151245117 19.611936569213867 19.59267234802246 23.407392501831055 20.331872940063477 19.74505615234375 19.6278076171875 19.817983627319336 19.697120666503906 19.41606330871582 19.743423461914062 
36.18787384033203 28.343360900878906 29.997760772705078 29.638816833496094 30.235872268676758 29.67308807373047 31.56275177001953 29.249055862426758 35.36735916137695 29.043615341186523 29.006624221801758 28.77324867248535 28.738399505615234 29.1428165435791 28.91289520263672 28.738815307617188 
19.61497688293457 19.0534725189209 19.095775604248047 19.203264236450195 19.350879669189453 19.344064712524414 19.37696075439453 19.50150489807129 22.229984283447266 19.70902442932129 19.688640594482422 19.4749755859375 19.818431854248047 19.662656784057617 19.636032104492188 19.498912811279297 
36.311519622802734 28.460128784179688 28.90233612060547 29.474815368652344 29.24323272705078 29.641664505004883 30.358848571777344 29.695615768432617 36.72041702270508 28.972095489501953 29.166656494140625 28.996416091918945 29.21356773376465 29.313600540161133 29.025312423706055 28.938495635986328 
19.53219223022461 19.090879440307617 19.137088775634766 19.660991668701172 19.563968658447266 19.575679779052734 19.639039993286133 19.98963165283203 22.410015106201172 19.687551498413086 20.107328414916992 19.660032272338867 19.688095092773438 19.741952896118164 19.469375610351562 19.749919891357422 
36.29228973388672 28.831296920776367 29.117279052734375 29.36275291442871 29.58527946472168 29.348512649536133 29.88230323791504 29.378175735473633 34.6693115234375 28.853792190551758 29.11075210571289 29.074304580688477 29.154111862182617 29.094303131103516 29.178783416748047 29.221311569213867 
19.534015655517578 19.119232177734375 19.104127883911133 19.11939239501953 19.32099151611328 19.310720443725586 19.39036750793457 19.3338565826416 22.382015228271484 19.900096893310547 19.642303466796875 19.592575073242188 19.791200637817383 19.903039932250977 19.72972869873047 20.372159957885742 
36.197792053222656 28.92304039001465 29.830623626708984 29.736608505249023 29.514368057250977 29.43788719177246 29.675647735595703 29.220800399780273 35.034400939941406 28.81430435180664 29.19081687927246 28.957279205322266 28.944320678710938 29.291135787963867 29.016063690185547 28.985727310180664 
19.529983520507812 19.058496475219727 19.112319946289062 19.348352432250977 19.463680267333984 19.50054359436035 19.474496841430664 19.650175094604492 22.193471908569336 19.56915283203125 19.513952255249023 19.435232162475586 19.65590476989746 19.68921661376953 19.752607345581055 19.736831665039062 
39.391807556152344 28.45404815673828 29.33247947692871 29.575103759765625 29.195072174072266 29.63849639892578 29.806432723999023 29.897695541381836 34.41785430908203 28.847904205322266 29.078655242919922 28.87295913696289 28.746463775634766 29.19811248779297 29.29587173461914 28.89187240600586 
19.583999633789062 19.061311721801758 19.1092472076416 19.283775329589844 19.294815063476562 19.47808074951172 19.50499153137207 19.566335678100586 19.089183807373047 19.821407318115234 19.410303115844727 19.57219123840332 19.486207962036133 19.66921615600586 19.58665657043457 19.422592163085938 
36.25446319580078 28.492799758911133 29.137344360351562 30.36742401123047 29.569759368896484 29.998943328857422 29.2728328704834 30.085216522216797 33.86188888549805 28.83737564086914 28.92972755432129 28.880512237548828 28.813152313232422 29.124895095825195 29.569568634033203 29.108320236206055 
19.545888900756836 19.09280014038086 19.158239364624023 19.41484832763672 19.631519317626953 19.80745506286621 20.13920021057129 20.056415557861328 21.63420867919922 19.952863693237305 19.594655990600586 19.83091163635254 19.593120574951172 19.579744338989258 19.53264045715332 19.68000030517578 
41.58163070678711 28.57472038269043 28.668415069580078 29.214815139770508 29.204896926879883 30.275615692138672 29.555200576782227 29.960128784179688 34.74563217163086 28.936832427978516 29.309951782226562 29.058143615722656 29.136640548706055 28.862207412719727 29.065343856811523 29.19968032836914 
19.559999465942383 19.095455169677734 19.115583419799805 19.15376091003418 19.412416458129883 19.410751342773438 19.467456817626953 19.394176483154297 23.736576080322266 20.0218563079834 19.8437442779541 20.135456085205078 20.15772819519043 20.283456802368164 19.819135665893555 19.640544891357422 
36.28239822387695 28.417184829711914 30.10710334777832 30.428768157958984 30.2490234375 29.415199279785156 29.752704620361328 29.667936325073242 36.735809326171875 28.96214485168457 28.51955223083496 28.79987144470215 29.17692756652832 28.808895111083984 28.954559326171875 29.017824172973633 
19.59587287902832 19.070528030395508 19.07030487060547 19.235807418823242 19.190784454345703 19.416959762573242 19.66431999206543 19.762527465820312 24.043712615966797 19.633024215698242 19.4835205078125 19.88640022277832 19.507328033447266 19.74787139892578 19.707679748535156 19.624895095825195 
36.268096923828125 28.796640396118164 29.65567970275879 29.756000518798828 29.45248031616211 29.298431396484375 42.64838409423828 28.894943237304688 34.28704071044922 28.91606330871582 29.1014404296875 29.28838348388672 29.30406379699707 29.17580795288086 28.734304428100586 29.233184814453125 
19.5696964263916 19.136768341064453 19.059616088867188 19.258655548095703 19.292543411254883 19.390335083007812 19.43155288696289 19.49203109741211 23.406015396118164 19.779455184936523 19.715232849121094 19.584768295288086 19.552671432495117 19.636192321777344 19.68022346496582 19.78643226623535 
48.482784271240234 43.60201644897461 43.470401763916016 43.529022216796875 43.11555099487305 42.83283233642578 42.54671859741211 43.04256057739258 50.68947219848633 41.452545166015625 41.31043243408203 42.010433197021484 41.35776138305664 42.11983871459961 41.664703369140625 41.55606460571289 
661.3718872070312 26.00444793701172 26.67215919494629 26.686464309692383 26.664352416992188 27.20534324645996 26.787424087524414 26.83123207092285 31.86467170715332 30.263519287109375 26.983936309814453 27.422239303588867 27.441919326782227 26.905792236328125 26.92905616760254 26.910783767700195 
55.89503860473633 41.16368103027344 43.4541130065918 42.74323272705078 43.47919845581055 48.64710235595703 41.82883071899414 43.19635009765625 48.84563064575195 42.155487060546875 41.861663818359375 41.95568084716797 41.81059265136719 42.494625091552734 42.016448974609375 41.48953628540039 
693.2303466796875 26.019487380981445 26.431840896606445 26.7544002532959 27.275840759277344 27.176319122314453 27.337087631225586 27.281503677368164 32.22739028930664 30.165599822998047 27.360095977783203 27.429344177246094 27.197120666503906 27.258527755737305 27.2193603515625 27.038368225097656 
55.812862396240234 41.43056106567383 42.12799835205078 43.146305084228516 42.76259231567383 55.47132873535156 42.2872314453125 44.13568115234375 50.55904006958008 41.50960159301758 41.35424041748047 41.53987121582031 43.18057632446289 42.23545455932617 41.16463851928711 41.58000183105469 
523.5578002929688 26.192960739135742 26.359359741210938 26.367328643798828 27.006336212158203 27.345600128173828 26.638240814208984 27.34284782409668 31.205215454101562 26.96950340270996 27.079391479492188 27.743423461914062 27.21174430847168 27.537120819091797 27.12598419189453 27.02057647705078 
59.122432708740234 42.16396713256836 43.36201477050781 42.7782096862793 42.676673889160156 43.9903678894043 43.9119987487793 43.13043212890625 48.227745056152344 42.220703125 41.65964889526367 41.318817138671875 41.54982376098633 41.376319885253906 41.93046569824219 41.7542724609375 
662.6332397460938 25.998111724853516 27.136512756347656 27.599456787109375 27.0199031829834 27.507104873657227 27.485055923461914 26.929344177246094 31.92767906188965 26.939552307128906 26.989152908325195 26.848480224609375 27.185535430908203 27.389087677001953 28.49715232849121 27.178144454956055 
60.09231948852539 41.34223937988281 42.591583251953125 43.76406478881836 43.017696380615234 43.48012924194336 43.005760192871094 42.53238296508789 50.525856018066406 41.641761779785156 41.62188720703125 41.67180633544922 41.68694305419922 41.185760498046875 41.541568756103516 42.064449310302734 
682.4638671875 26.07593536376953 26.57583999633789 26.599008560180664 27.14748764038086 26.91587257385254 27.192384719848633 27.19183921813965 31.867679595947266 31.41315269470215 27.054048538208008 26.750015258789062 26.918336868286133 26.870208740234375 27.020896911621094 27.0960636138916 
60.07948684692383 42.21116638183594 42.65340805053711 42.25788879394531 43.14332962036133 49.42531204223633 42.12201690673828 42.342079162597656 49.324256896972656 41.280670166015625 41.602752685546875 41.48448181152344 41.82134246826172 41.55001449584961 41.74825668334961 41.675872802734375 
729.5911254882812 26.058879852294922 26.407808303833008 27.233919143676758 27.25766372680664 26.79190444946289 27.67862319946289 27.753856658935547 32.0365104675293 27.604991912841797 27.169504165649414 26.91481590270996 27.940128326416016 27.088415145874023 27.266048431396484 27.303455352783203 
59.019134521484375 41.67295837402344 41.771873474121094 43.47862243652344 44.60307312011719 56.353248596191406 42.46915054321289 43.743839263916016 50.016929626464844 42.09260940551758 41.248863220214844 41.89692687988281 41.536865234375 41.51935958862305 42.556705474853516 41.73286437988281 
652.453369140625 25.978239059448242 26.136415481567383 26.183488845825195 26.743135452270508 26.99558448791504 26.681184768676758 27.29692840576172 33.042911529541016 26.80614471435547 27.299104690551758 26.452096939086914 26.89459228515625 27.36911964416504 27.446399688720703 27.45907211303711 
62.01126480102539 43.34748840332031 43.198272705078125 42.64339065551758 43.52035140991211 42.506622314453125 43.67164611816406 44.41561508178711 49.787166595458984 41.9172477722168 41.25862503051758 41.25507354736328 41.44838333129883 41.50019073486328 42.64303970336914 41.3704948425293 
723.5690307617188 26.054336547851562 27.187360763549805 27.470111846923828 26.883808135986328 27.370431900024414 27.03593635559082 26.544544219970703 32.7342414855957 27.03321647644043 27.389312744140625 27.202495574951172 26.969919204711914 27.63814353942871 27.21628761291504 27.149951934814453 
58.007198333740234 41.424129486083984 43.9796142578125 43.20016098022461 43.893375396728516 54.27305603027344 41.41187286376953 43.02297592163086 48.92601776123047 42.22137451171875 42.09711837768555 41.42911911010742 41.40358352661133 42.24879837036133 42.011070251464844 42.34534454345703 
510.1939392089844 26.11574363708496 26.78995132446289 26.625919342041016 26.41878318786621 26.476192474365234 26.886432647705078 27.82931137084961 31.42483139038086 27.142528533935547 27.298015594482422 26.978208541870117 27.491199493408203 26.680479049682617 27.280031204223633 27.098175048828125 
53.805599212646484 42.617950439453125 44.84419250488281 43.54707336425781 43.63420867919922 42.80303955078125 42.31536102294922 42.628929138183594 50.19251251220703 41.424224853515625 41.486270904541016 42.37785720825195 41.43164825439453 41.44287872314453 42.45849609375 41.55964660644531 
662.9334106445312 26.06844711303711 26.606464385986328 26.910240173339844 27.17241668701172 26.769023895263672 26.713151931762695 27.236608505249023 31.471263885498047 30.363679885864258 26.81011199951172 26.89731216430664 26.416831970214844 28.464704513549805 27.24323272705078 27.641056060791016 
56.737152099609375 23.80988883972168 25.270496368408203 33.660926818847656 24.245248794555664 32.62345504760742 24.205663681030273 24.218687057495117 23.37993621826172 17.104896545410156 17.037696838378906 16.700607299804688 16.699583053588867 16.63190460205078 18.081504821777344 16.79497528076172 
17.063583374023438 17.270143508911133 17.10848045349121 17.312639236450195 17.11939239501953 16.874591827392578 16.870752334594727 16.86966323852539 17.371807098388672 17.184032440185547 16.8687686920166 16.831615447998047 16.75529670715332 17.354976654052734 16.743616104125977 16.978336334228516 
38.83065414428711 23.868640899658203 25.26927947998047 87.26255798339844 24.180959701538086 24.184223175048828 16.858943939208984 16.394784927368164 28.80745506286621 17.401472091674805 16.929664611816406 17.196992874145508 16.81123161315918 16.658815383911133 17.25052833557129 16.654815673828125 
16.895200729370117 16.733951568603516 16.74028778076172 17.202207565307617 16.747007369995117 16.755136489868164 17.02422332763672 17.05548858642578 23.568384170532227 17.112224578857422 16.971872329711914 16.989503860473633 16.718751907348633 17.916704177856445 17.066335678100586 16.762239456176758 
39.928768157958984 24.909311294555664 25.230079650878906 101.86991882324219 24.23833656311035 19.699167251586914 16.278528213500977 16.618431091308594 30.410303115844727 16.563039779663086 17.419071197509766 16.75836753845215 17.327552795410156 17.002687454223633 16.82464027404785 16.74025535583496 
17.01100730895996 16.63817596435547 16.797664642333984 16.77459144592285 17.10361671447754 17.209983825683594 17.04662322998047 16.910400390625 19.537376403808594 17.690975189208984 16.891456604003906 17.03772735595703 17.24127960205078 17.036863327026367 16.697311401367188 17.51763153076172 
38.84086227416992 23.8438720703125 24.223424911499023 103.0307846069336 24.10848045349121 20.249216079711914 16.250272750854492 16.286848068237305 30.1760311126709 17.236543655395508 16.961023330688477 16.812192916870117 17.62646484375 16.898975372314453 16.797504425048828 17.088224411010742 
17.023807525634766 16.656320571899414 16.67318344116211 17.152223587036133 16.9783992767334 16.97884750366211 16.81395149230957 16.802112579345703 20.236896514892578 17.327104568481445 17.260255813598633 16.748031616210938 17.534496307373047 16.913631439208984 17.26860809326172 17.152671813964844 
38.822879791259766 23.817440032958984 24.272768020629883 84.06041717529297 24.220991134643555 24.254047393798828 16.85625648498535 16.523231506347656 29.454431533813477 16.841503143310547 17.73788833618164 16.91155242919922 17.02355194091797 17.149215698242188 16.79724884033203 17.1080322265625 
17.00912094116211 16.552095413208008 16.549055099487305 16.558176040649414 17.03183937072754 17.299936294555664 17.15519905090332 16.879680633544922 17.5185604095459 17.278175354003906 16.935455322265625 17.266719818115234 17.314144134521484 17.548063278198242 17.227487564086914 17.0548152923584 
38.861087799072266 23.83417510986328 24.183391571044922 112.39859008789062 24.230335235595703 16.81702423095703 16.26438331604004 17.641151428222656 26.470752716064453 16.8604793548584 16.873472213745117 16.780736923217773 16.763168334960938 16.639392852783203 17.27939224243164 16.64396858215332 
17.852415084838867 16.912992477416992 16.95849609375 17.05740737915039 16.8852481842041 16.929119110107422 16.82486343383789 16.870975494384766 19.503007888793945 17.667264938354492 17.035072326660156 16.965503692626953 17.1711368560791 16.691551208496094 17.536991119384766 16.853599548339844 
38.88585662841797 24.876256942749023 24.221759796142578 80.83606719970703 24.278079986572266 24.24367904663086 17.674047470092773 16.3590087890625 28.21126365661621 16.50783920288086 17.910303115844727 16.912479400634766 16.66204833984375 16.97977638244629 17.20403289794922 17.389440536499023 
17.432031631469727 16.737407684326172 16.695423126220703 16.99087905883789 17.12995147705078 17.24947166442871 17.19753646850586 17.063072204589844 19.69811248779297 17.26188850402832 16.96691131591797 16.71251106262207 17.663455963134766 17.045536041259766 16.954240798950195 17.085792541503906 
38.926368713378906 23.75974464416504 24.198976516723633 108.25545501708984 24.21251106262207 16.84489631652832 16.32054328918457 16.709983825683594 27.541215896606445 16.605056762695312 17.338336944580078 17.03321647644043 16.931903839111328 16.895679473876953 16.754016876220703 16.730079650878906 
16.977279663085938 16.58515167236328 16.784608840942383 16.949535369873047 17.048831939697266 17.43280029296875 17.11676788330078 16.88755226135254 21.678495407104492 17.17532730102539 17.2642879486084 17.152416229248047 16.81171226501465 17.37401580810547 16.80396842956543 17.224576950073242 
39.91872024536133 23.850048065185547 24.22038459777832 82.95311737060547 24.223712921142578 24.228992462158203 17.586496353149414 16.33523178100586 28.439199447631836 17.13279914855957 16.69318389892578 17.645503997802734 17.051328659057617 17.226655960083008 17.295391082763672 16.911487579345703 
17.18659210205078 16.807231903076172 16.766496658325195 17.168800354003906 16.935935974121094 16.889663696289062 16.846336364746094 16.988351821899414 19.813663482666016 18.802528381347656 17.47091293334961 16.823392868041992 17.420480728149414 17.13804817199707 16.91814422607422 17.3503360748291 
38.82495880126953 24.92348861694336 25.24620819091797 99.83042907714844 24.185344696044922 22.228864669799805 16.346431732177734 16.351743698120117 27.721216201782227 16.89846420288086 16.96873664855957 17.01763153076172 16.711519241333008 17.128480911254883 16.776479721069336 17.447168350219727 
17.16044807434082 16.69647979736328 16.629791259765625 17.03113555908203 17.028064727783203 17.349855422973633 17.302719116210938 17.157119750976562 19.541343688964844 17.69219207763672 16.987136840820312 17.115488052368164 17.119680404663086 17.07334327697754 18.0380802154541 17.054943084716797 
33.71807861328125 26.653696060180664 26.84262466430664 27.26825523376465 30.09401512145996 98.7476806640625 26.607999801635742 26.962528228759766 32.63683319091797 27.300928115844727 27.16067123413086 27.27555274963379 27.332256317138672 28.25062370300293 26.910751342773438 27.906784057617188 
582.7789306640625 20.098304748535156 20.123008728027344 20.714656829833984 21.17523193359375 21.24617576599121 20.987743377685547 20.747264862060547 24.59823989868164 21.46134376525879 20.587583541870117 21.052095413208008 21.273183822631836 21.04150390625 21.22742462158203 21.001056671142578 
51.72166442871094 27.110944747924805 28.03766441345215 28.244447708129883 28.402751922607422 27.90399932861328 27.472864151000977 130.27215576171875 34.02460861206055 27.324960708618164 27.632768630981445 27.279743194580078 27.16044807434082 27.149919509887695 26.82099151611328 27.2172794342041 
587.1069946289062 20.07391929626465 20.077600479125977 20.368192672729492 20.39743995666504 20.45199966430664 20.42211151123047 20.593664169311523 24.56278419494629 21.005311965942383 22.017791748046875 20.75859260559082 21.058496475219727 21.954975128173828 21.02012825012207 20.819904327392578 
46.49919891357422 27.11871910095215 26.975200653076172 27.993215560913086 27.462879180908203 28.143936157226562 27.56822395324707 134.91238403320312 32.200286865234375 27.315776824951172 27.193344116210938 27.300800323486328 27.51625633239746 27.336576461791992 27.402751922607422 27.22540855407715 
466.8572998046875 20.076351165771484 20.125375747680664 20.340415954589844 20.36591911315918 20.84467124938965 21.165056228637695 21.328960418701172 24.51523208618164 21.190080642700195 21.110464096069336 20.707904815673828 20.648799896240234 21.152191162109375 21.327007293701172 21.271039962768555 
48.42972946166992 26.917055130004883 26.91753578186035 27.674240112304688 27.596384048461914 28.4401912689209 27.93097686767578 143.6646728515625 30.34444808959961 27.201631546020508 27.19478416442871 27.879199981689453 27.000320434570312 27.17692756652832 27.298336029052734 26.81715202331543 
580.2481079101562 20.052736282348633 20.074079513549805 20.28937530517578 20.285888671875 20.614431381225586 20.62224006652832 20.445823669433594 24.742431640625 21.10335922241211 21.4399356842041 22.86262321472168 20.714176177978516 20.784191131591797 21.459135055541992 21.215839385986328 
46.48662567138672 27.571680068969727 27.675968170166016 27.578815460205078 27.502656936645508 27.705087661743164 28.539583206176758 74.23474884033203 32.583553314208984 26.986400604248047 27.519872665405273 27.535615921020508 27.443552017211914 27.39072036743164 27.257183074951172 27.33113670349121 
587.0427856445312 20.08527946472168 20.47395133972168 21.020288467407227 21.17964744567871 21.039199829101562 20.897247314453125 20.969375610351562 24.922176361083984 21.511199951171875 21.25984001159668 21.34102439880371 20.887231826782227 21.0732479095459 20.801984786987305 20.505311965942383 
34.727134704589844 26.801952362060547 27.193727493286133 27.46063995361328 27.40937614440918 27.993440628051758 144.45301818847656 26.761215209960938 32.032833099365234 27.20572853088379 28.15135955810547 27.468320846557617 27.479360580444336 27.276031494140625 27.26915168762207 27.337055206298828 
575.30859375 20.10905647277832 20.4138240814209 20.609888076782227 20.797311782836914 20.83305549621582 20.949087142944336 20.90729522705078 24.917152404785156 21.013471603393555 20.88617515563965 20.779071807861328 21.05308723449707 21.526111602783203 21.66524887084961 20.74336051940918 
47.49622344970703 26.918912887573242 27.618080139160156 28.064224243164062 27.890975952148438 28.091840744018555 27.723936080932617 67.21311950683594 32.820064544677734 27.276256561279297 27.636640548706055 27.073535919189453 27.349760055541992 27.34351921081543 27.240800857543945 27.425920486450195 
579.3567504882812 20.09347152709961 20.359424591064453 20.37696075439453 20.911775588989258 20.85683250427246 20.78316879272461 20.728160858154297 24.39811134338379 20.830976486206055 20.991392135620117 21.80963134765625 21.118207931518555 21.297887802124023 20.77987289428711 20.733983993530273 
57.853023529052734 26.792863845825195 26.834144592285156 28.814144134521484 28.348928451538086 27.675039291381836 27.972959518432617 27.558015823364258 34.09318542480469 28.068063735961914 27.365440368652344 27.269088745117188 28.593183517456055 27.155839920043945 27.101760864257812 27.40220832824707 
573.7373657226562 20.055776596069336 20.124128341674805 20.30499267578125 20.38787269592285 20.393695831298828 20.41267204284668 20.464799880981445 24.8306884765625 21.128032684326172 21.22982406616211 21.441471099853516 21.026336669921875 20.766944885253906 21.028383255004883 20.8767032623291 
51.67337417602539 26.929279327392578 26.619327545166016 27.53856086730957 27.567392349243164 27.999679565429688 27.52118492126465 67.26115417480469 32.739200592041016 27.03308868408203 27.24166488647461 26.98736000061035 27.669055938720703 27.279647827148438 27.399776458740234 27.125152587890625 
576.0615844726562 20.109344482421875 20.11212730407715 20.30975914001465 20.354175567626953 20.38547134399414 20.370847702026367 20.433792114257812 24.808992385864258 21.208799362182617 21.258848190307617 21.351903915405273 20.61849594116211 20.883424758911133 21.561920166015625 21.57436752319336 
47.457664489746094 27.78927993774414 27.699871063232422 27.504928588867188 27.80188751220703 27.758880615234375 28.120800018310547 114.45590209960938 32.6288948059082 27.191328048706055 27.38425636291504 27.466655731201172 27.351232528686523 27.227584838867188 27.682048797607422 27.27030372619629 
583.3082275390625 20.072704315185547 20.067039489746094 20.65555191040039 20.812576293945312 21.313823699951172 21.27235221862793 21.236576080322266 24.67616081237793 21.15827178955078 20.75209617614746 20.806880950927734 21.71446418762207 21.067520141601562 20.99087905883789 20.82796859741211 
68.78652954101562 31.618175506591797 31.74742317199707 31.34601593017578 31.97148895263672 32.66396713256836 32.189823150634766 31.975679397583008 39.8210563659668 32.50476837158203 32.40323257446289 32.04374313354492 31.62995147705078 31.90105628967285 31.830303192138672 32.198463439941406 
49.687904357910156 31.03875160217285 31.375904083251953 32.73606491088867 32.49305725097656 32.52556610107422 31.818368911743164 31.660064697265625 39.93183898925781 32.34137725830078 32.28486251831055 31.800479888916016 31.95020866394043 31.517183303833008 31.395776748657227 31.624767303466797 
52.777278900146484 31.338623046875 31.33456039428711 31.7042236328125 32.705440521240234 32.59990310668945 32.5302734375 32.5211181640625 41.85977554321289 32.16678237915039 32.316001892089844 31.33344078063965 31.93280029296875 31.936864852905273 32.07455825805664 32.809696197509766 
50.745216369628906 30.85772705078125 32.43155288696289 32.82988739013672 32.14611053466797 31.83888053894043 31.958431243896484 32.17724609375 37.051265716552734 31.443456649780273 32.19152069091797 32.279422760009766 32.545536041259766 32.70083236694336 32.47590255737305 33.24275207519531 
48.63020706176758 32.02534484863281 32.04383850097656 31.959392547607422 32.011680603027344 31.666751861572266 31.40982437133789 40.460670471191406 42.49740982055664 32.476959228515625 31.21299171447754 31.49875259399414 31.50726318359375 31.85798454284668 33.34070587158203 31.91916847229004 
48.91900634765625 32.10316848754883 32.2295036315918 32.27667236328125 32.212032318115234 31.995328903198242 32.59529495239258 34.88905715942383 41.110015869140625 32.156864166259766 32.44636917114258 31.772031784057617 32.83020782470703 31.822175979614258 31.56857681274414 31.621728897094727 
50.720672607421875 31.139423370361328 31.210784912109375 31.77849578857422 33.276222229003906 32.38240051269531 31.998336791992188 31.950143814086914 37.710208892822266 31.268896102905273 32.388160705566406 31.996896743774414 31.898784637451172 32.645503997802734 32.606849670410156 32.78822326660156 
50.74739074707031 30.950048446655273 32.103294372558594 31.964704513549805 31.910112380981445 31.94767951965332 32.25779342651367 32.10736083984375 41.35388946533203 32.232479095458984 32.468257904052734 32.089088439941406 33.414207458496094 31.246496200561523 31.442975997924805 31.426687240600586 
52.812992095947266 30.88515281677246 31.047456741333008 31.719839096069336 32.68832015991211 32.490047454833984 32.36329650878906 32.07267379760742 40.23747253417969 31.56275177001953 31.839487075805664 32.26911926269531 32.14467239379883 32.206817626953125 32.29340744018555 32.682430267333984 
50.989566802978516 30.902080535888672 30.881792068481445 31.934688568115234 32.32316970825195 32.408897399902344 32.044639587402344 32.480865478515625 42.28857421875 32.041664123535156 32.740478515625 32.169952392578125 32.54278564453125 32.598079681396484 36.0175666809082 31.743520736694336 
56.974815368652344 29.239103317260742 30.635391235351562 30.311840057373047 49.36323165893555 37.823936462402344 41.98044967651367 29.597631454467773 35.33103942871094 29.558496475219727 29.607391357421875 29.7827205657959 30.062240600585938 30.20217514038086 29.646272659301758 30.020191192626953 
16.36844825744629 15.936800003051758 15.843071937561035 16.34716796875 16.30121612548828 16.312095642089844 16.239295959472656 16.266016006469727 17.808191299438477 16.786975860595703 16.523168563842773 17.30067253112793 16.40870475769043 16.282527923583984 16.504255294799805 16.306976318359375 
37.05027389526367 30.289440155029297 30.576160430908203 30.323904037475586 131.26336669921875 29.32534408569336 29.296735763549805 31.189632415771484 34.18681716918945 29.71321678161621 29.970239639282227 29.949504852294922 30.027456283569336 29.942495346069336 30.051584243774414 29.75939178466797 
16.350528717041016 15.849920272827148 15.853216171264648 16.33087921142578 16.453632354736328 16.350688934326172 16.38355255126953 16.395872116088867 19.276063919067383 16.82352066040039 16.42639923095703 16.452735900878906 16.41811180114746 16.47452735900879 16.39036750793457 16.50489616394043 
37.06399917602539 30.229440689086914 30.346752166748047 30.13862419128418 150.61488342285156 29.36742401123047 29.25222396850586 31.393760681152344 35.59465789794922 29.72844886779785 30.013151168823242 30.64316749572754 29.43155288696289 30.088991165161133 29.877567291259766 29.933855056762695 
16.2840633392334 15.898240089416504 16.01238441467285 16.025983810424805 16.495071411132812 16.351455688476562 16.233407974243164 16.492992401123047 18.6760311126709 16.982303619384766 16.595232009887695 16.487680435180664 16.30352020263672 16.270719528198242 16.327232360839844 16.542560577392578 
38.14009475708008 29.402240753173828 30.13644790649414 30.677536010742188 129.06405639648438 29.33123207092285 29.644479751586914 30.344255447387695 33.67023849487305 29.896671295166016 29.995872497558594 30.322847366333008 30.65318489074707 29.484256744384766 29.96963119506836 30.136159896850586 
16.287168502807617 15.901887893676758 15.825920104980469 15.952704429626465 16.440160751342773 16.65488052368164 16.676319122314453 16.599231719970703 19.063648223876953 17.53651237487793 16.568832397460938 16.108736038208008 16.6625919342041 16.2271671295166 16.69353675842285 16.188255310058594 
38.138912200927734 29.25811195373535 30.425567626953125 161.7032012939453 29.36083221435547 29.44256019592285 29.733152389526367 30.271615982055664 36.004737854003906 29.827552795410156 29.87001609802246 30.39094352722168 29.892704010009766 30.167104721069336 29.492128372192383 30.045215606689453 
16.295679092407227 15.914239883422852 16.091264724731445 16.526592254638672 16.744543075561523 16.50828742980957 16.33452796936035 16.536575317382812 18.566783905029297 16.926591873168945 16.224031448364258 16.58675193786621 16.388639450073242 16.403968811035156 16.374176025390625 16.497055053710938 
38.05116653442383 29.762271881103516 30.643903732299805 30.61747169494629 214.0338592529297 29.304576873779297 29.296640396118164 31.30182456970215 35.650177001953125 29.790016174316406 29.712480545043945 29.938112258911133 30.056255340576172 29.910175323486328 29.684736251831055 30.092287063598633 
16.296384811401367 15.857855796813965 16.043296813964844 16.382783889770508 16.638240814208984 16.46067237854004 16.382976531982422 16.36025619506836 18.26688003540039 17.103008270263672 16.397823333740234 16.309823989868164 16.489248275756836 16.854080200195312 16.50636863708496 16.647008895874023 
37.00966262817383 29.885055541992188 30.670080184936523 30.739168167114258 126.99590301513672 29.381792068481445 30.035999298095703 30.175935745239258 36.486976623535156 29.853504180908203 30.3056640625 29.6856632232666 29.86617660522461 29.919231414794922 29.735519409179688 29.820831298828125 
16.248544692993164 15.893856048583984 16.084096908569336 16.300479888916016 16.334976196289062 16.330303192138672 16.266624450683594 16.287456512451172 18.732799530029297 17.79987144470215 16.19500732421875 16.714080810546875 16.267520904541016 16.81180763244629 16.09872055053711 17.000640869140625 
37.02409744262695 29.349184036254883 31.602624893188477 30.501567840576172 118.43206024169922 29.23619270324707 29.620512008666992 30.84396743774414 35.52937698364258 29.897823333740234 29.868864059448242 29.808992385864258 29.913536071777344 29.722335815429688 29.76255989074707 29.636320114135742 
16.2873592376709 15.877087593078613 15.894623756408691 15.887711524963379 16.152320861816406 16.20364761352539 16.594783782958984 16.350688934326172 19.18992042541504 17.607135772705078 16.580991744995117 17.185983657836914 16.60438346862793 16.703840255737305 16.195903778076172 16.762048721313477 
38.11030578613281 29.370431900024414 30.409311294555664 30.364927291870117 123.8941421508789 29.37651252746582 30.492351531982422 30.387840270996094 36.252769470214844 29.78700828552246 29.91644859313965 29.85580825805664 29.717824935913086 29.639328002929688 30.02195167541504 29.74892807006836 
16.278688430786133 15.847807884216309 15.852191925048828 16.11280059814453 16.28486442565918 16.703231811523438 16.557344436645508 16.507423400878906 19.036352157592773 17.804096221923828 16.942047119140625 16.34623908996582 16.71036720275879 16.650527954101562 16.67206382751465 16.39446449279785 
37.105342864990234 29.198720932006836 29.743295669555664 30.270240783691406 38.87596893310547 183.9334716796875 29.184959411621094 29.83011245727539 36.23539352416992 29.923263549804688 30.037696838378906 29.93382453918457 30.020448684692383 29.935680389404297 29.82044792175293 29.893823623657227 
16.329280853271484 15.991456031799316 15.949824333190918 16.02943992614746 16.22675132751465 16.30620765686035 16.8558406829834 16.801664352416992 18.11017608642578 16.998624801635742 16.154399871826172 17.15862464904785 16.413055419921875 16.926368713378906 16.463520050048828 17.102527618408203 
31.104736328125 18.558719635009766 18.54742431640625 18.894527435302734 18.735807418823242 19.219167709350586 19.4597110748291 180.8302459716797 24.11961555480957 19.384479522705078 20.04591941833496 19.436704635620117 19.507295608520508 19.403711318969727 19.110240936279297 19.194271087646484 
23.304672241210938 22.80771255493164 22.88591957092285 22.880704879760742 22.758304595947266 22.830080032348633 23.03539276123047 23.50307273864746 25.923744201660156 23.10153579711914 23.018688201904297 22.819904327392578 22.8703670501709 23.055936813354492 22.795007705688477 22.995136260986328 
58.41628646850586 18.622943878173828 18.804576873779297 18.790496826171875 18.962783813476562 19.544095993041992 19.553728103637695 19.497888565063477 24.58252716064453 19.359487533569336 19.454143524169922 19.152671813964844 19.50511932373047 19.435903549194336 19.214080810546875 19.54524803161621 
23.192672729492188 22.68783950805664 23.006624221801758 22.990079879760742 22.819007873535156 22.821439743041992 22.76665687561035 23.27516746520996 25.90239906311035 22.99158477783203 22.889408111572266 22.705535888671875 23.194623947143555 22.88153648376465 23.287551879882812 23.179584503173828 
91.08377838134766 18.6680965423584 18.932479858398438 19.13983917236328 19.341663360595703 19.114208221435547 19.231679916381836 19.135936737060547 26.219839096069336 19.522111892700195 19.21353530883789 19.342880249023438 18.878015518188477 18.974559783935547 19.262239456176758 19.02230453491211 
23.435359954833984 23.006271362304688 23.307327270507812 23.292640686035156 23.274751663208008 23.30828857421875 22.95827293395996 22.83580780029297 25.911008834838867 22.94326400756836 23.03766441345215 22.91913604736328 22.874591827392578 22.976192474365234 22.792255401611328 23.281471252441406 
43.7520637512207 18.643264770507812 18.654048919677734 18.858240127563477 18.949983596801758 19.38915252685547 19.17740821838379 19.372512817382812 22.950271606445312 19.255903244018555 19.124095916748047 19.04800033569336 18.98956871032715 19.057247161865234 19.425312042236328 18.932544708251953 
23.24982452392578 22.714719772338867 22.96633529663086 23.43769645690918 23.618528366088867 23.115903854370117 22.767711639404297 22.74028778076172 26.97715187072754 23.233407974243164 22.9105281829834 23.097536087036133 23.13212776184082 24.834463119506836 22.86774444580078 22.78447914123535 
80.60800170898438 18.681535720825195 19.00339126586914 19.147071838378906 19.336896896362305 19.974687576293945 20.00713539123535 19.987295150756836 21.336639404296875 19.16054344177246 19.427488327026367 20.086111068725586 19.526559829711914 19.531967163085938 19.609664916992188 19.09369659423828 
23.74403190612793 22.74425506591797 22.70921516418457 22.690431594848633 22.720735549926758 22.94588851928711 23.258207321166992 23.345632553100586 27.57868766784668 22.707551956176758 23.37059211730957 23.168384552001953 22.850431442260742 23.169248580932617 23.068511962890625 24.080928802490234 
63.65296173095703 18.623647689819336 18.65135955810547 18.864479064941406 19.140640258789062 19.23619270324707 19.235488891601562 19.36774444580078 21.79596710205078 19.205568313598633 19.05299186706543 19.304767608642578 19.020639419555664 19.058399200439453 19.283775329589844 19.070720672607422 
24.5883846282959 22.850976943969727 22.597440719604492 23.300256729125977 23.711328506469727 23.509695053100586 23.101343154907227 22.89779281616211 26.52079963684082 22.69715118408203 23.501087188720703 23.15839958190918 22.548831939697266 22.766080856323242 23.049760818481445 23.139904022216797 
63.63238525390625 18.64031982421875 18.660383224487305 18.869375228881836 18.81599998474121 18.848159790039062 19.089311599731445 19.13715171813965 23.593055725097656 19.45587158203125 19.15603256225586 19.23923110961914 19.563392639160156 19.03398323059082 19.081344604492188 18.934656143188477 
23.201311111450195 22.646528244018555 23.146240234375 23.401567459106445 23.321311950683594 22.980831146240234 22.905824661254883 22.93984031677246 26.760896682739258 22.76950454711914 22.86966323852539 23.145503997802734 23.14089584350586 22.969440460205078 23.219648361206055 23.102367401123047 
48.971614837646484 18.646751403808594 18.661888122558594 18.893823623657227 19.742847442626953 19.734336853027344 178.99484252929688 18.5402889251709 24.02684783935547 19.225311279296875 19.449600219726562 19.352191925048828 19.466720581054688 19.542112350463867 19.126432418823242 19.230335235595703 
23.17411231994629 22.68195152282715 22.965696334838867 23.04319953918457 22.978687286376953 22.9051513671875 22.83616065979004 22.962560653686523 26.741472244262695 22.93110466003418 22.873056411743164 22.718080520629883 22.719711303710938 23.188831329345703 23.15724754333496 22.926912307739258 
61.551422119140625 18.6496639251709 18.64249610900879 18.8088321685791 18.920448303222656 19.100704193115234 19.10883140563965 19.138368606567383 22.888992309570312 19.318559646606445 19.24870491027832 19.39593505859375 19.012191772460938 19.429664611816406 19.14678382873535 18.957439422607422 
23.116992950439453 22.680160522460938 23.1430721282959 23.377727508544922 23.235519409179688 23.060447692871094 22.934303283691406 22.72528076171875 27.35443115234375 22.88256072998047 23.284992218017578 22.762752532958984 22.729087829589844 22.895328521728516 23.099071502685547 22.826688766479492 
53.184513092041016 18.653024673461914 18.63248062133789 18.95542335510254 19.01728057861328 19.16422462463379 19.172224044799805 19.230207443237305 23.089632034301758 19.23958396911621 19.063135147094727 18.832639694213867 19.13827133178711 19.087871551513672 19.331008911132812 18.989248275756836 
23.207679748535156 22.552576065063477 22.874784469604492 23.253055572509766 23.4913272857666 23.123743057250977 22.939647674560547 22.74025535583496 26.969375610351562 22.747936248779297 22.808671951293945 22.77529525756836 22.96940803527832 23.108928680419922 23.097280502319336 22.962528228759766 
59.624000549316406 16.137855529785156 16.275936126708984 16.43017578125 16.563936233520508 16.554304122924805 16.453407287597656 16.818368911743164 20.851999282836914 16.321792602539062 16.89507293701172 16.347135543823242 17.28214454650879 16.356159210205078 16.470399856567383 16.320575714111328 
18.43289566040039 18.03014373779297 18.039743423461914 17.947551727294922 17.8887996673584 17.950111389160156 17.857311248779297 17.890687942504883 20.918048858642578 18.546016693115234 17.753280639648438 18.995872497558594 18.7194881439209 18.185440063476562 17.948095321655273 17.958879470825195 
69.38944244384766 16.457279205322266 16.254335403442383 16.27356719970703 16.32102394104004 16.334304809570312 16.621599197387695 165.1576690673828 21.1910400390625 16.48467254638672 17.462879180908203 16.62566375732422 17.2108154296875 16.734783172607422 17.430463790893555 16.60972785949707 
18.579072952270508 17.62156867980957 17.730815887451172 17.85158348083496 17.92633628845215 17.776447296142578 17.715904235839844 17.711040496826172 21.351648330688477 18.935935974121094 18.64508819580078 18.14192008972168 17.994783401489258 17.48796844482422 18.58393669128418 18.398880004882812 
76.62140655517578 16.088895797729492 16.083616256713867 16.131872177124023 16.142656326293945 16.518016815185547 16.614431381225586 156.50457763671875 22.712160110473633 17.17670440673828 16.36787223815918 16.89936065673828 16.34009552001953 17.03843116760254 16.489919662475586 17.335168838500977 
18.250463485717773 17.69923210144043 17.603103637695312 17.57526397705078 18.032384872436523 18.030176162719727 18.27347183227539 18.375648498535156 18.922048568725586 18.91753578186035 18.063840866088867 17.738143920898438 17.94393539428711 17.7392635345459 18.19388771057129 17.935392379760742 
66.23174285888672 16.45894432067871 16.32204818725586 16.303071975708008 16.648895263671875 16.733055114746094 16.641599655151367 16.80944061279297 23.10201644897461 17.376480102539062 16.259807586669922 16.300159454345703 16.206815719604492 17.26927947998047 16.623807907104492 17.376991271972656 
18.046079635620117 17.566207885742188 17.594303131103516 17.64371109008789 18.152223587036133 18.17033576965332 18.178495407104492 18.265024185180664 20.530527114868164 18.063295364379883 18.047168731689453 18.53913688659668 18.070816040039062 18.060192108154297 17.762527465820312 17.931455612182617 
68.33833312988281 16.245792388916016 16.142175674438477 16.16419219970703 17.565311431884766 16.395008087158203 16.454816818237305 16.849184036254883 22.352832794189453 16.81110382080078 17.269887924194336 16.878463745117188 16.82329559326172 16.445024490356445 16.826784133911133 16.61087989807129 
18.697792053222656 17.707263946533203 17.636863708496094 17.783103942871094 18.139711380004883 18.1724796295166 18.207551956176758 18.162752151489258 21.479904174804688 18.790624618530273 18.135679244995117 18.0283203125 18.191776275634766 17.714975357055664 17.93939208984375 17.83577537536621 
72.5442886352539 16.453088760375977 16.235872268676758 16.3919677734375 18.08380889892578 16.54150390625 16.523296356201172 156.98265075683594 22.307903289794922 17.165760040283203 16.574687957763672 16.926624298095703 16.640127182006836 16.953760147094727 16.665504455566406 16.995040893554688 
18.2458553314209 17.485855102539062 17.48700714111328 17.50150489807129 17.68726348876953 17.884319305419922 18.167936325073242 18.285568237304688 21.38902473449707 18.27449607849121 17.813440322875977 17.750368118286133 18.024415969848633 18.321535110473633 18.111040115356445 18.00841522216797 
74.38905334472656 16.059232711791992 16.116384506225586 16.269472122192383 16.601119995117188 16.727680206298828 16.868000030517578 162.93557739257812 21.47817611694336 16.831008911132812 16.458688735961914 16.794048309326172 16.491455078125 16.68822479248047 16.808256149291992 16.663103103637695 
18.417407989501953 17.636127471923828 18.04979133605957 18.012704849243164 18.01910400390625 18.114303588867188 18.218591690063477 18.13654327392578 20.81043243408203 18.15724754333496 17.982080459594727 17.94326400756836 18.490591049194336 18.069311141967773 17.94588851928711 17.904447555541992 
70.44950103759766 16.410432815551758 16.306272506713867 16.088064193725586 19.35753631591797 16.248960494995117 16.265695571899414 166.48873901367188 22.09846305847168 17.27801513671875 16.33919906616211 16.834623336791992 16.649696350097656 17.120960235595703 16.763168334960938 16.860383987426758 
18.425312042236328 17.936063766479492 17.931615829467773 17.824352264404297 17.72319984436035 17.694751739501953 17.75119972229004 18.084415435791016 21.046432495117188 18.377567291259766 18.140480041503906 17.953760147094727 17.723424911499023 18.59939193725586 18.325759887695312 18.29030418395996 
70.42076873779297 16.25334358215332 16.108448028564453 16.45270347595215 16.334047317504883 16.435775756835938 16.423551559448242 176.93887329101562 23.416032791137695 17.093088150024414 16.652992248535156 16.29110336303711 16.707712173461914 16.9849910736084 16.639616012573242 16.9583683013916 
18.255775451660156 17.73504066467285 17.765792846679688 17.681631088256836 17.661951065063477 17.67616081237793 17.938751220703125 17.99190330505371 20.091392517089844 18.2794246673584 17.814111709594727 17.9616641998291 18.657407760620117 17.87183952331543 17.986431121826172 18.13750457763672 
84.0928955078125 16.435327529907227 16.15132713317871 16.11097526550293 16.519775390625 16.505695343017578 16.499231338500977 16.528160095214844 24.413471221923828 16.358848571777344 17.17420768737793 16.261920928955078 17.05036735534668 16.279264450073242 17.025632858276367 16.33807945251465 
18.966400146484375 18.002687454223633 18.108352661132812 18.053855895996094 17.868896484375 17.747360229492188 17.72447967529297 17.73369598388672 21.008224487304688 19.048831939697266 18.120256423950195 18.37379264831543 17.883935928344727 18.02079963684082 18.457216262817383 17.81123161315918 
68.69881439208984 16.941247940063477 16.809471130371094 16.823007583618164 19.70400047302246 17.048736572265625 17.055904388427734 151.67584228515625 19.891040802001953 17.726783752441406 17.778175354003906 17.11452865600586 17.09993553161621 17.506080627441406 17.103071212768555 18.375999450683594 
22.63907241821289 22.33737564086914 22.497983932495117 22.57030487060547 22.313568115234375 22.140512466430664 22.006336212158203 22.03104019165039 26.469663619995117 22.181888580322266 22.69273567199707 22.302335739135742 22.15951919555664 22.62761688232422 22.25775909423828 22.828575134277344 
59.29391860961914 17.22960090637207 16.901504516601562 16.946016311645508 17.097536087036133 17.189983367919922 17.178495407104492 17.278623580932617 22.205856323242188 18.15555191040039 17.388832092285156 17.4366397857666 18.119871139526367 17.620447158813477 17.158496856689453 17.825855255126953 
22.636159896850586 22.246976852416992 22.491647720336914 22.64156723022461 22.653663635253906 22.427104949951172 22.238784790039062 22.320575714111328 21.90323257446289 23.070688247680664 22.275680541992188 22.443296432495117 22.738624572753906 22.23686408996582 22.496383666992188 22.43846321105957 
64.52886199951172 17.028255462646484 16.874208450317383 17.4050235748291 17.32828712463379 17.213760375976562 17.17011260986328 17.262399673461914 26.957536697387695 17.08742332458496 18.27440071105957 17.43084716796875 17.301759719848633 17.610368728637695 17.663232803344727 17.073823928833008 
23.13260841369629 22.522367477416992 22.18182373046875 22.07232093811035 22.25712013244629 22.283008575439453 22.35001564025879 23.15340805053711 27.01795196533203 24.270912170410156 23.089759826660156 22.062463760375977 22.968191146850586 22.445695877075195 22.620384216308594 22.738847732543945 
58.23868942260742 17.22876739501953 16.894079208374023 17.083168029785156 17.430688858032227 17.508127212524414 17.641088485717773 17.709503173828125 22.232736587524414 17.09846305847168 18.5281925201416 17.433088302612305 17.395584106445312 17.607168197631836 17.629375457763672 17.08723258972168 
22.886911392211914 22.366207122802734 22.287328720092773 22.24732780456543 22.19740867614746 22.10905647277832 22.415584564208984 22.795391082763672 25.416799545288086 22.46588706970215 22.1823673248291 22.838272094726562 22.553823471069336 22.21436882019043 22.478591918945312 22.351360321044922 
61.389278411865234 17.15488052368164 16.912864685058594 17.14998435974121 17.122400283813477 17.171743392944336 17.307519912719727 17.69980812072754 25.475263595581055 17.742399215698242 17.187999725341797 17.244159698486328 17.533952713012695 17.227712631225586 17.988767623901367 17.21855926513672 
23.241376876831055 22.19491195678711 22.121408462524414 22.031360626220703 22.201759338378906 22.76691246032715 22.761695861816406 22.502944946289062 24.740863800048828 22.728511810302734 21.939712524414062 22.411231994628906 22.334400177001953 22.34441566467285 22.471391677856445 22.30713653564453 
58.231327056884766 17.14031982421875 16.88640022277832 16.922624588012695 16.999135971069336 17.617952346801758 17.666208267211914 17.942304611206055 23.14828872680664 17.4135684967041 18.2521915435791 17.248096466064453 17.34332847595215 18.33260726928711 17.513151168823242 17.474912643432617 
23.403423309326172 22.291967391967773 22.014144897460938 21.9979190826416 22.056608200073242 21.904191970825195 21.939071655273438 23.12828826904297 25.362943649291992 22.407039642333984 22.170495986938477 22.581056594848633 22.277759552001953 22.49603271484375 22.467552185058594 22.417055130004883 
63.48905563354492 17.140480041503906 16.914207458496094 16.897855758666992 17.008960723876953 17.40243148803711 17.632863998413086 17.969440460205078 23.444608688354492 17.526304244995117 17.055648803710938 18.14179229736328 17.671871185302734 17.09337615966797 18.362720489501953 17.40096092224121 
23.369951248168945 22.24060821533203 22.070911407470703 22.229631423950195 22.329248428344727 22.955711364746094 22.909696578979492 22.694751739501953 26.526912689208984 22.269887924194336 22.382944107055664 22.122400283813477 22.82195281982422 22.350624084472656 22.382400512695312 22.720064163208008 
64.49420928955078 17.13862419128418 16.870912551879883 17.045024871826172 17.09702491760254 17.135967254638672 17.132095336914062 17.3621768951416 23.5067195892334 17.929439544677734 17.4366397857666 17.109376907348633 17.965280532836914 17.21001625061035 17.50979232788086 17.598976135253906 
22.631711959838867 22.174560546875 22.692607879638672 23.0729923248291 22.71900749206543 22.578975677490234 22.210752487182617 22.147167205810547 26.09040069580078 22.431743621826172 21.991872787475586 22.366304397583008 22.18720054626465 22.858688354492188 22.369951248168945 22.817535400390625 
61.41993713378906 17.152191162109375 16.87286376953125 17.014463424682617 17.385887145996094 17.398208618164062 17.4355525970459 17.651552200317383 23.5251522064209 17.111583709716797 17.07360076904297 17.10371208190918 17.707008361816406 17.52751922607422 17.287328720092773 18.06268882751465 
23.394176483154297 22.337919235229492 22.390207290649414 22.257408142089844 22.1375675201416 22.066303253173828 22.052928924560547 22.283679962158203 27.09507179260254 22.288543701171875 22.325632095336914 22.473920822143555 22.358688354492188 22.945663452148438 22.16579246520996 23.059776306152344 
62.383968353271484 17.09676742553711 16.88707160949707 16.99123191833496 16.998464584350586 17.22547149658203 17.637344360351562 17.61427116394043 23.094560623168945 17.180383682250977 17.59119987487793 17.542879104614258 17.091615676879883 18.457727432250977 17.775487899780273 17.052160263061523 
23.916160583496094 22.370464324951172 22.237600326538086 22.096704483032227 21.994495391845703 22.077247619628906 23.02252769470215 23.274272918701172 26.82655906677246 22.310688018798828 22.414335250854492 22.499296188354492 22.461151123046875 22.327903747558594 22.703840255737305 22.540512084960938 
54.85891342163086 25.929567337036133 25.775680541992188 25.94256019592285 26.55183982849121 70.03648376464844 25.465248107910156 26.254688262939453 30.304672241210938 25.74470329284668 25.784128189086914 25.849536895751953 25.775808334350586 25.827167510986328 25.962656021118164 25.959135055541992 
14.99516773223877 14.151359558105469 14.110143661499023 14.446016311645508 14.58198356628418 14.780991554260254 14.532575607299805 14.569439888000488 17.600128173828125 15.128191947937012 14.533920288085938 14.484736442565918 14.707296371459961 14.941247940063477 14.984671592712402 15.030976295471191 
33.63859176635742 26.205535888671875 26.3239688873291 26.221311569213867 25.9564151763916 26.42972755432129 26.042688369750977 26.080480575561523 29.815935134887695 26.21299171447754 25.84172821044922 25.688608169555664 25.664352416992188 25.923999786376953 25.882272720336914 25.48633575439453 
14.871135711669922 14.188480377197266 14.262463569641113 14.439871788024902 14.534239768981934 14.70633602142334 14.436544418334961 14.475711822509766 17.764799118041992 15.6593599319458 14.300191879272461 14.366975784301758 14.739263534545898 14.481216430664062 14.856096267700195 14.621983528137207 
32.56886291503906 25.952320098876953 26.152639389038086 26.087360382080078 26.15667152404785 49.16508865356445 25.678335189819336 25.627328872680664 28.769920349121094 25.771808624267578 25.9718074798584 25.784032821655273 25.63599967956543 26.005088806152344 25.711807250976562 25.693567276000977 
14.829343795776367 14.168288230895996 14.145503997802734 14.45644760131836 14.723551750183105 15.049599647521973 14.767359733581543 14.698176383972168 16.584447860717773 15.208479881286621 14.747903823852539 14.346048355102539 14.473567962646484 15.136287689208984 15.010080337524414 14.444512367248535 
34.80656051635742 25.465791702270508 25.409568786621094 25.85158348083496 26.77110481262207 36.26249694824219 25.785375595092773 25.739776611328125 30.09503936767578 25.820735931396484 25.764352798461914 25.777151107788086 25.932064056396484 25.855424880981445 25.834720611572266 25.984960556030273 
14.988160133361816 14.195679664611816 14.290080070495605 14.553919792175293 14.520671844482422 14.521247863769531 14.445695877075195 14.483455657958984 15.01574420928955 14.543583869934082 14.44489574432373 14.379679679870605 14.737312316894531 14.58681583404541 14.54371166229248 14.329216003417969 
63.07062530517578 25.711328506469727 25.687936782836914 26.008384704589844 25.983999252319336 26.656736373901367 92.97545623779297 25.221792221069336 31.16713523864746 25.829151153564453 25.662912368774414 25.60691261291504 25.79132843017578 26.198623657226562 25.491872787475586 25.926559448242188 
14.947680473327637 14.216927528381348 14.198783874511719 14.39788818359375 14.304415702819824 14.450559616088867 14.50870418548584 14.49846363067627 16.683231353759766 14.650495529174805 14.531519889831543 15.102496147155762 14.611455917358398 14.46121597290039 14.339584350585938 14.365119934082031 
33.60182571411133 25.499967575073242 25.846559524536133 25.895967483520508 26.173664093017578 26.662399291992188 26.170272827148438 26.426015853881836 30.990751266479492 26.19593620300293 25.727712631225586 25.93097686767578 25.840831756591797 25.636703491210938 25.874048233032227 25.89411163330078 
14.865663528442383 14.162752151489258 14.252191543579102 14.410528182983398 14.563551902770996 14.41539192199707 14.406623840332031 14.561759948730469 17.37603187561035 15.08521556854248 14.755231857299805 14.423775672912598 15.024064064025879 15.036031723022461 14.571680068969727 14.949088096618652 
32.51068878173828 25.519712448120117 25.479808807373047 26.130464553833008 26.362144470214844 26.278303146362305 26.127168655395508 27.16659164428711 31.03398323059082 25.835296630859375 25.835968017578125 25.425504684448242 25.748672485351562 25.671327590942383 25.891775131225586 25.94438362121582 
14.899680137634277 14.253376007080078 14.281920433044434 14.505727767944336 14.765055656433105 14.972991943359375 14.963104248046875 14.97862434387207 17.89084815979004 15.482943534851074 14.650015830993652 14.586655616760254 14.317567825317383 14.38691234588623 15.210592269897461 14.645536422729492 
32.63539123535156 25.433759689331055 25.49849510192871 25.761280059814453 110.31791687011719 25.29737663269043 25.493471145629883 26.332927703857422 30.317855834960938 26.640384674072266 26.028064727783203 25.656063079833984 25.8407039642334 25.75312042236328 25.882911682128906 25.63750457763672 
14.957311630249023 14.285311698913574 14.249600410461426 14.196991920471191 14.57801628112793 14.541536331176758 15.04793643951416 14.714752197265625 17.450048446655273 14.773247718811035 14.381152153015137 14.91971206665039 14.340895652770996 14.792192459106445 14.309568405151367 14.530431747436523 
32.55366516113281 25.236608505249023 25.62825584411621 25.88947105407715 26.45142364501953 26.398048400878906 26.150495529174805 26.929664611816406 31.006816864013672 25.8417911529541 25.96892738342285 25.760223388671875 25.79654312133789 25.72105598449707 26.065088272094727 26.126976013183594 
14.916352272033691 14.169952392578125 14.400351524353027 14.634048461914062 14.824480056762695 14.434207916259766 14.446240425109863 14.468095779418945 17.06438446044922 15.256447792053223 14.57472038269043 14.917280197143555 15.09324836730957 14.988287925720215 14.2708158493042 14.32534408569336 
33.62041473388672 25.61017608642578 25.605567932128906 26.334047317504883 26.66326332092285 39.82649612426758 25.69696044921875 26.0447998046875 30.46124839782715 25.65977668762207 25.60860824584961 25.946367263793945 25.72649574279785 25.65795135498047 25.841503143310547 26.135135650634766 
14.941887855529785 14.195775985717773 14.281791687011719 14.429247856140137 14.619199752807617 14.440032005310059 14.641504287719727 14.666303634643555 15.912575721740723 15.061535835266113 14.300383567810059 14.537471771240234 14.682592391967773 15.677120208740234 14.72655963897705 14.327136039733887 
35.38227081298828 24.95305633544922 25.152864456176758 25.29465675354004 25.406240463256836 26.163936614990234 86.8980484008789 24.49523162841797 29.32908821105957 25.207551956176758 25.249120712280273 25.248512268066406 24.92211151123047 24.869823455810547 24.533023834228516 24.893823623657227 
24.00611114501953 22.747615814208984 23.377504348754883 23.602272033691406 23.533023834228516 23.162368774414062 22.977439880371094 23.00649642944336 27.094303131103516 22.89401626586914 23.196447372436523 22.93619155883789 23.36854362487793 23.517536163330078 23.035776138305664 23.225215911865234 
49.94044876098633 24.720287322998047 25.098560333251953 25.230079650878906 24.931583404541016 25.240575790405273 25.726879119873047 196.21859741210938 29.504352569580078 24.910911560058594 24.86969566345215 24.62518310546875 25.00454330444336 24.902271270751953 25.183839797973633 25.372032165527344 
26.133792877197266 22.766239166259766 22.787391662597656 23.499967575073242 23.919872283935547 23.719104766845703 23.37276840209961 22.997791290283203 28.001440048217773 23.29145622253418 22.899999618530273 23.935327529907227 23.367231369018555 23.230304718017578 23.167295455932617 23.200639724731445 
55.275936126708984 24.459999084472656 24.74720001220703 24.749408721923828 24.991008758544922 25.782848358154297 25.535327911376953 112.9181137084961 28.987680435180664 25.199487686157227 25.227712631225586 25.247360229492188 24.857215881347656 24.737600326538086 24.86969566345215 25.09916877746582 
25.440736770629883 23.19251251220703 23.578176498413086 23.575103759765625 23.19398307800293 23.03046417236328 23.013696670532227 23.843936920166016 27.143936157226562 23.32307243347168 23.048959732055664 23.327680587768555 23.136735916137695 23.145631790161133 23.432064056396484 23.038240432739258 
41.53839874267578 24.621152877807617 24.768287658691406 25.590560913085938 25.988351821899414 25.198368072509766 193.7433319091797 24.324256896972656 29.729631423950195 24.887935638427734 25.179424285888672 24.763519287109375 24.895456314086914 24.846879959106445 24.849599838256836 25.037023544311523 
30.88960075378418 22.488384246826172 23.064800262451172 22.986495971679688 22.89084815979004 22.966079711914062 23.114944458007812 23.588512420654297 26.310815811157227 23.405824661254883 23.216384887695312 23.05116844177246 23.942655563354492 23.453855514526367 22.865568161010742 23.35865592956543 
58.35017776489258 24.33590316772461 24.4517765045166 25.485727310180664 25.79372787475586 25.32534408569336 25.11814308166504 107.48441314697266 29.5295352935791 24.964256286621094 25.312192916870117 24.963136672973633 24.64672088623047 24.688032150268555 24.890911102294922 24.979808807373047 
23.072864532470703 22.747743606567383 23.592735290527344 23.744159698486328 23.549503326416016 23.239999771118164 23.024768829345703 23.1409912109375 26.02022361755371 23.16364860534668 22.949504852294922 23.774463653564453 23.149919509887695 22.87171173095703 24.35193634033203 23.307968139648438 
48.05110549926758 24.610944747924805 24.535520553588867 24.81283187866211 24.87651252746582 25.623680114746094 25.169631958007812 190.3636474609375 29.230335235595703 24.749919891357422 24.896799087524414 24.756032943725586 25.206880569458008 24.858911514282227 24.79439926147461 24.939903259277344 
26.28447914123535 23.052160263061523 23.403583526611328 23.407424926757812 23.19820785522461 22.919008255004883 22.965951919555664 23.288671493530273 27.890560150146484 23.21664047241211 22.98851203918457 23.256959915161133 24.205503463745117 23.254751205444336 23.30348777770996 23.183008193969727 
56.291263580322266 24.41881561279297 24.536256790161133 24.8338565826416 24.870176315307617 25.422399520874023 25.208288192749023 107.63823699951172 27.8636474609375 25.24006462097168 25.37068748474121 25.889888763427734 24.911935806274414 24.67296028137207 24.989152908325195 25.24006462097168 
23.70243263244629 22.68681526184082 23.394367218017578 23.756576538085938 23.620223999023438 23.293664932250977 23.026592254638672 23.0296630859375 25.965791702270508 23.36400032043457 22.98371124267578 23.017791748046875 23.002944946289062 23.621408462524414 23.20800018310547 22.936864852905273 
50.23459243774414 24.7554874420166 24.700895309448242 25.07695960998535 25.246591567993164 25.53670310974121 25.57980728149414 191.92095947265625 27.454816818237305 25.214111328125 25.32921600341797 24.980512619018555 24.88617515563965 25.245344161987305 24.820640563964844 25.126848220825195 
23.135103225708008 22.93356704711914 23.7806396484375 23.682239532470703 23.462848663330078 23.152191162109375 22.933855056762695 23.002912521362305 26.986431121826172 23.0611515045166 23.56185531616211 23.030847549438477 23.082687377929688 23.678688049316406 23.031103134155273 23.209951400756836 
47.931583404541016 24.34921646118164 24.723968505859375 25.16067123413086 25.508224487304688 25.344383239746094 25.131488800048828 108.76470184326172 29.29043197631836 24.810176849365234 24.838016510009766 25.124576568603516 24.857440948486328 24.886655807495117 24.92038345336914 24.842975616455078 
23.091999053955078 22.730016708374023 22.88787269592285 23.340351104736328 23.46086311340332 23.143423080444336 23.022592544555664 22.995744705200195 26.617887496948242 23.164255142211914 23.30009651184082 23.040576934814453 22.91222381591797 22.923871994018555 23.606016159057617 23.446495056152344 
53.35424041748047 24.57084846496582 24.644960403442383 24.97648048400879 25.680479049682617 25.51955223083496 210.56320190429688 24.419679641723633 29.08176040649414 24.923423767089844 24.81737518310547 25.26032066345215 24.903104782104492 24.766016006469727 24.818815231323242 24.87660789489746 
23.0100154876709 22.812416076660156 23.933855056762695 23.888383865356445 23.56403160095215 22.93619155883789 22.862016677856445 22.970783233642578 26.621631622314453 23.142240524291992 23.247295379638672 23.210176467895508 22.926912307739258 23.09334373474121 23.470239639282227 23.40220832824707 
67.70646667480469 43.212318420410156 42.53807830810547 43.12876892089844 109.78534698486328 40.467777252197266 42.10940933227539 42.62838363647461 49.39241409301758 40.63520050048828 41.093345642089844 41.21046447753906 41.54127883911133 41.26163101196289 40.8267822265625 41.70492935180664 
22.341407775878906 21.24959945678711 21.36956787109375 225.24700927734375 21.2491512298584 21.257343292236328 21.623775482177734 22.319072723388672 26.504831314086914 21.822879791259766 21.994592666625977 21.867679595947266 22.000192642211914 21.949087142944336 22.105344772338867 22.194528579711914 
48.796512603759766 40.68537521362305 42.27711868286133 42.1668815612793 42.148193359375 43.99827194213867 42.36937713623047 42.31318283081055 47.3070068359375 40.418975830078125 41.489471435546875 40.924415588378906 40.734336853027344 40.76675033569336 40.930015563964844 41.83091354370117 
21.927839279174805 21.275360107421875 237.51788330078125 21.274015426635742 21.227136611938477 21.285728454589844 21.440959930419922 21.723615646362305 26.306623458862305 21.93459129333496 21.780832290649414 22.061279296875 22.001184463500977 21.94758415222168 22.1628475189209 22.190624237060547 
47.79244613647461 41.806880950927734 43.25798416137695 43.21478271484375 120.83782196044922 40.38108825683594 42.229087829589844 41.48486328125 48.0332145690918 40.79075241088867 41.51241683959961 41.12428665161133 40.80944061279297 40.686431884765625 40.868255615234375 40.64332962036133 
21.82467269897461 21.24448013305664 239.22837829589844 21.184799194335938 21.282304763793945 21.578527450561523 21.515615463256836 21.5565128326416 25.15497589111328 21.871519088745117 22.47769546508789 22.03766441345215 22.13849639892578 22.173215866088867 22.89423942565918 22.264799118041992 
47.649375915527344 40.50758361816406 41.732383728027344 41.74825668334961 43.39420700073242 42.790367126464844 42.907230377197266 43.16902542114258 48.30313491821289 40.841217041015625 40.75859069824219 40.65024185180664 40.627201080322266 41.490657806396484 40.907745361328125 41.4901123046875 
21.736608505249023 21.290624618530273 241.66172790527344 21.2708797454834 21.241727828979492 21.437023162841797 21.5098876953125 21.828256607055664 25.985183715820312 22.019392013549805 22.401952743530273 21.945920944213867 21.859264373779297 21.824256896972656 21.68502426147461 22.0118408203125 
47.79801559448242 41.36064147949219 41.736576080322266 42.593727111816406 42.089599609375 43.5618896484375 42.92825698852539 43.26188659667969 47.80953598022461 40.774559020996094 40.63955307006836 40.78598403930664 40.703006744384766 40.71721649169922 41.8120002746582 40.86288070678711 
21.846464157104492 21.33852767944336 229.34768676757812 21.17238426208496 21.217952728271484 21.4201602935791 21.449920654296875 21.50726318359375 29.391935348510742 23.903583526611328 21.876096725463867 23.55232048034668 21.890047073364258 22.14473533630371 21.838367462158203 22.451648712158203 
47.800479888916016 41.843711853027344 41.696224212646484 43.025089263916016 42.08758544921875 41.688575744628906 41.602272033691406 41.367584228515625 48.705055236816406 40.47292709350586 40.85910415649414 40.639774322509766 40.7248649597168 40.759071350097656 40.74905776977539 40.71273422241211 
21.894399642944336 21.457183837890625 236.78729248046875 21.273792266845703 21.207679748535156 21.259647369384766 22.05776023864746 22.285375595092773 26.355775833129883 21.932416915893555 21.895423889160156 21.921951293945312 21.944095611572266 22.033248901367188 22.590272903442383 22.004255294799805 
47.76793670654297 40.494911193847656 43.83523178100586 43.06147384643555 42.9890251159668 41.990081787109375 41.650177001953125 42.06099319458008 49.26403045654297 40.768062591552734 40.75571060180664 41.654144287109375 40.7391357421875 40.70742416381836 41.021087646484375 40.81388854980469 
21.78326416015625 21.312992095947266 245.56370544433594 21.205087661743164 21.415008544921875 21.752063751220703 21.851680755615234 21.99920082092285 26.238367080688477 22.219263076782227 22.350847244262695 22.1976318359375 22.09676742553711 22.281631469726562 22.2524471282959 22.16092872619629 
47.754337310791016 41.641632080078125 41.52435302734375 42.4826545715332 41.957279205322266 42.5022087097168 43.820255279541016 43.34684753417969 47.51824188232422 40.41279983520508 40.77692794799805 40.58348846435547 40.569183349609375 40.511104583740234 40.766719818115234 40.71708679199219 
21.75961685180664 21.460159301757812 236.65225219726562 21.22412872314453 21.547775268554688 21.79523277282715 22.103967666625977 22.189376831054688 25.807327270507812 22.118431091308594 21.847936630249023 22.42518424987793 22.008512496948242 22.14361572265625 22.144031524658203 22.170272827148438 
48.892574310302734 40.39958572387695 42.68582534790039 43.75494384765625 43.185184478759766 42.394622802734375 41.86988830566406 42.772926330566406 48.359745025634766 40.66793441772461 40.60505676269531 40.95510482788086 40.801856994628906 40.873695373535156 42.16972732543945 41.34076690673828 
21.7739200592041 21.258047103881836 236.37933349609375 21.243871688842773 21.27280044555664 21.289823532104492 21.301023483276367 21.499263763427734 25.847200393676758 22.017375946044922 22.112735748291016 22.435487747192383 22.299455642700195 22.171680450439453 22.26755142211914 22.133920669555664 
47.68016052246094 41.83699035644531 42.18297576904297 43.31852722167969 42.6196174621582 41.72166442871094 41.57215881347656 41.61212921142578 51.0412483215332 40.7789421081543 40.836544036865234 40.68288040161133 40.76240158081055 41.02320098876953 41.76688003540039 40.976097106933594 
21.897663116455078 21.29599952697754 236.89503479003906 21.248384475708008 21.23142433166504 21.392383575439453 21.575519561767578 21.572799682617188 25.92969512939453 22.12236785888672 22.150047302246094 21.920608520507812 21.9036808013916 22.14691162109375 21.96259117126465 22.131967544555664 
38.810176849365234 20.055200576782227 20.261760711669922 20.318464279174805 20.62518310546875 20.80188751220703 38.48198318481445 20.22867202758789 26.344768524169922 20.75574493408203 21.249088287353516 20.617631912231445 20.723295211791992 21.11404800415039 20.346080780029297 21.143295288085938 
19.740352630615234 18.866559982299805 19.02444839477539 19.292831420898438 19.2390079498291 19.24367904663086 19.38764762878418 19.366336822509766 23.018911361694336 19.394559860229492 19.76323127746582 19.93244743347168 20.66819190979004 19.507423400878906 19.12486457824707 19.994976043701172 
54.72972869873047 20.23129653930664 20.151296615600586 20.567808151245117 20.525663375854492 20.686431884765625 20.4935359954834 157.52674865722656 25.613183975219727 20.84819221496582 20.921184539794922 20.703168869018555 20.20217514038086 21.08620834350586 20.566816329956055 20.722015380859375 
19.7620792388916 18.83286476135254 18.967424392700195 19.028928756713867 19.180320739746094 19.378080368041992 19.51036834716797 19.52617645263672 22.650623321533203 19.43791961669922 19.821247100830078 19.3637752532959 19.559104919433594 19.446880340576172 19.476959228515625 20.229631423950195 
56.69571304321289 19.976831436157227 19.995391845703125 20.3874568939209 20.884416580200195 21.21993637084961 21.203039169311523 164.7904052734375 24.745216369628906 21.117599487304688 20.39779281616211 20.712608337402344 21.0828800201416 20.904064178466797 20.841632843017578 20.696224212646484 
19.298656463623047 19.00579261779785 19.151296615600586 19.362720489501953 19.36908721923828 19.44380760192871 19.579200744628906 19.702816009521484 22.538400650024414 19.73107147216797 19.095232009887695 19.334815979003906 19.048383712768555 20.0281925201416 19.454143524169922 19.693471908569336 
55.62995147705078 20.04038429260254 20.274335861206055 20.228031158447266 20.316768646240234 21.04591941833496 20.98624038696289 166.80288696289062 23.579072952270508 20.851903915405273 20.531583786010742 20.817216873168945 20.685888290405273 20.686176300048828 20.48908805847168 20.699487686157227 
19.34752082824707 19.0614070892334 19.094079971313477 19.2488956451416 19.537696838378906 19.519359588623047 19.536575317382812 19.452896118164062 22.85955238342285 20.171199798583984 19.72604751586914 19.6592960357666 19.832447052001953 19.15667152404785 20.092512130737305 19.61529541015625 
54.55628967285156 19.966144561767578 20.28607940673828 20.568256378173828 20.585248947143555 20.65407943725586 20.768640518188477 160.4253387451172 25.28691291809082 22.072608947753906 20.737184524536133 20.483776092529297 20.984928131103516 20.76265525817871 20.82329559326172 20.666048049926758 
19.337600708007812 18.969280242919922 19.37059211730957 19.54863929748535 19.576255798339844 19.572416305541992 19.55379295349121 19.548351287841797 22.415584564208984 19.74367904663086 19.305984497070312 19.494335174560547 19.442527770996094 19.23334312438965 19.484352111816406 19.418048858642578 
45.14352035522461 20.215328216552734 20.322111129760742 20.65305519104004 21.230079650878906 21.212127685546875 166.83506774902344 19.952991485595703 24.847776412963867 20.712160110473633 20.934303283691406 20.638399124145508 20.712064743041992 20.756351470947266 20.926176071166992 20.826112747192383 
19.59984016418457 18.978015899658203 18.874528884887695 18.816608428955078 19.025056838989258 19.52262306213379 19.394367218017578 19.429183959960938 22.347679138183594 20.072895050048828 19.19228744506836 19.705568313598633 19.609216690063477 19.800064086914062 20.38604736328125 19.331296920776367 
55.62022399902344 20.077632904052734 19.99955177307129 20.797887802124023 21.203840255737305 21.117759704589844 21.17241668701172 167.33334350585938 25.932992935180664 21.00943946838379 20.77903938293457 20.603679656982422 21.13523292541504 20.693151473999023 20.909183502197266 20.811935424804688 
19.27084732055664 19.01968002319336 19.07689666748047 19.580575942993164 19.573375701904297 19.472768783569336 19.294111251831055 19.356096267700195 23.02364730834961 19.535295486450195 19.422496795654297 19.22256088256836 19.619647979736328 19.19094467163086 19.2609920501709 19.287296295166016 
51.45811080932617 20.040672302246094 20.0798397064209 20.299264907836914 20.67363166809082 20.849824905395508 20.86515235900879 163.12457275390625 25.231264114379883 21.10598373413086 20.38751983642578 20.733535766601562 21.25811195373535 21.009536743164062 20.5644474029541 20.780319213867188 
19.432479858398438 19.088415145874023 19.102783203125 19.330848693847656 19.659648895263672 19.71548843383789 19.83145523071289 19.783071517944336 21.754976272583008 19.69593620300293 19.498464584350586 20.345727920532227 19.04262351989746 19.992319107055664 19.875551223754883 20.04537582397461 
55.62412643432617 20.048959732055664 20.147327423095703 21.071392059326172 21.09609603881836 21.015647888183594 20.88092803955078 170.39181518554688 24.817279815673828 20.807039260864258 20.437503814697266 20.82467269897461 21.37718391418457 20.67430305480957 20.66592025756836 21.140352249145508 
19.470304489135742 18.84828758239746 18.83897590637207 18.921152114868164 19.1693115234375 19.589344024658203 19.603296279907227 19.52911949157715 20.51535987854004 19.645376205444336 19.478015899658203 19.375999450683594 18.97782325744629 19.264896392822266 19.329952239990234 19.4421443939209 
54.54713439941406 20.003711700439453 20.073535919189453 20.154111862182617 20.48428726196289 20.511743545532227 20.556415557861328 168.51951599121094 25.66649627685547 20.738079071044922 20.782367706298828 20.52889633178711 20.941055297851562 20.62588882446289 20.5284481048584 20.97279930114746 
19.16124725341797 18.853696823120117 19.166431427001953 19.5383358001709 19.826175689697266 19.870624542236328 19.773088455200195 19.606975555419922 22.854400634765625 20.228288650512695 19.399168014526367 19.0928955078125 19.627552032470703 19.85228729248047 20.371456146240234 19.800256729125977 
68.14905548095703 36.07382583618164 38.25423812866211 38.46675109863281 38.654239654541016 131.92221069335938 36.17375946044922 37.037376403808594 45.189918518066406 36.400001525878906 37.25961685180664 36.46409606933594 36.34640121459961 37.264129638671875 36.28611373901367 36.307167053222656 
21.9432315826416 21.356544494628906 234.91836547851562 21.3668155670166 21.634464263916016 24.312896728515625 21.670015335083008 21.650047302246094 24.487136840820312 21.970848083496094 21.79852867126465 21.828384399414062 22.451679229736328 21.90345573425293 21.972768783569336 22.239839553833008 
64.0571517944336 37.95004653930664 37.03411102294922 37.543487548828125 37.25356674194336 37.45916748046875 37.82179260253906 38.35340881347656 42.38249588012695 36.876800537109375 36.22742462158203 36.48064041137695 37.2949104309082 36.82252883911133 36.540287017822266 36.94121551513672 
22.15488052368164 234.57180786132812 21.357280731201172 21.623647689819336 24.392288208007812 21.679264068603516 21.75071907043457 21.702016830444336 25.266368865966797 22.169023513793945 21.914751052856445 22.46950340270996 22.58780860900879 22.002912521362305 22.0229434967041 22.010080337524414 
58.73440170288086 37.326271057128906 37.17359924316406 38.53539276123047 37.73961639404297 37.27769470214844 37.152862548828125 37.38774490356445 44.26313781738281 36.550174713134766 36.5335693359375 37.109920501708984 36.361087799072266 36.60540771484375 36.56902313232422 36.54345703125 
21.922016143798828 21.464191436767578 230.49903869628906 21.429344177246094 21.694047927856445 21.931711196899414 22.00364875793457 22.55776023864746 25.9168643951416 21.903135299682617 22.68560028076172 21.963552474975586 21.880640029907227 21.60531234741211 22.040735244750977 22.14668846130371 
59.66707229614258 36.6049919128418 38.937889099121094 38.53513717651367 38.642974853515625 38.10358428955078 37.606590270996094 37.3317756652832 42.46976089477539 36.47315216064453 36.96051025390625 36.994529724121094 36.409217834472656 36.579647064208984 36.491455078125 36.359134674072266 
22.04515266418457 21.628032684326172 240.69932556152344 21.33718490600586 21.423072814941406 21.89628791809082 22.2425594329834 22.249887466430664 25.30169677734375 22.00579261779785 22.013151168823242 21.896608352661133 22.124160766601562 21.898847579956055 22.08799934387207 22.208703994750977 
57.66864013671875 36.67977523803711 37.93619155883789 38.32032012939453 39.18592071533203 39.27251052856445 38.9950065612793 38.73430252075195 43.201534271240234 36.63407897949219 36.937889099121094 36.64508819580078 36.32640075683594 36.85977554321289 36.28073501586914 36.32252883911133 
22.104991912841797 236.7864990234375 21.283296585083008 21.597856521606445 21.909439086914062 21.87126350402832 21.842592239379883 21.79782485961914 25.595232009887695 22.58755111694336 21.882463455200195 21.970848083496094 22.200191497802734 21.928895950317383 22.065183639526367 22.014463424682617 
56.6734733581543 36.10179138183594 37.781856536865234 37.855743408203125 37.4607048034668 37.91292953491211 38.09321594238281 37.82377624511719 43.04857635498047 36.4799690246582 36.74300765991211 36.8125114440918 36.72502517700195 36.82620620727539 36.87071990966797 37.25462341308594 
22.048063278198242 236.18960571289062 21.338687896728516 21.71811294555664 22.4039363861084 22.65564727783203 22.545024871826172 22.340543746948242 25.54911994934082 22.078655242919922 21.96259117126465 21.95267105102539 21.868671417236328 21.92995262145996 22.057823181152344 22.091327667236328 
59.73689651489258 36.12521743774414 36.956321716308594 38.3100471496582 37.57484817504883 38.39468765258789 38.91740798950195 39.508094787597656 44.713985443115234 36.564064025878906 36.89382553100586 36.48284912109375 36.70150375366211 36.8317756652832 36.451072692871094 36.5926399230957 
22.098976135253906 236.7987823486328 21.396160125732422 21.627872467041016 22.28544044494629 26.047136306762695 22.58086395263672 21.994239807128906 25.792896270751953 22.083616256713867 22.403776168823242 21.884544372558594 22.004863739013672 22.39695930480957 22.09881591796875 21.94585609436035 
59.78489685058594 37.560096740722656 38.966400146484375 37.89321517944336 37.272159576416016 37.36608123779297 38.866912841796875 38.13529586791992 44.606849670410156 36.423519134521484 37.035457611083984 36.339168548583984 36.29750442504883 36.44768142700195 36.8983039855957 36.29411315917969 
22.19443130493164 238.9224395751953 21.36137580871582 21.360576629638672 26.40083122253418 21.709056854248047 21.715072631835938 21.749919891357422 25.713024139404297 22.02297592163086 22.259967803955078 21.86444854736328 22.01817512512207 22.049055099487305 22.07161521911621 22.07766342163086 
58.64659118652344 36.53644943237305 37.67852783203125 38.23571014404297 37.9554557800293 38.58620834350586 38.41680145263672 40.09801483154297 44.50476837158203 37.32009506225586 36.42387390136719 36.258689880371094 37.24943923950195 36.38355255126953 36.86531066894531 36.40998458862305 
256.6126403808594 21.260831832885742 21.787616729736328 25.192768096923828 21.612863540649414 21.706464767456055 21.759231567382812 22.38287925720215 25.668256759643555 22.028608322143555 22.190752029418945 22.336223602294922 22.016447067260742 22.957279205322266 21.89695930480957 21.932064056396484 
59.794334411621094 36.97689437866211 38.929054260253906 38.456703186035156 38.7955207824707 38.21263885498047 38.592193603515625 37.94761657714844 44.20719909667969 37.16649627685547 36.57878494262695 37.125823974609375 36.39231872558594 36.584190368652344 36.484352111816406 37.03401565551758 
22.031999588012695 232.78480529785156 21.362688064575195 21.564800262451172 21.819263458251953 22.509056091308594 21.853824615478516 21.746816635131836 25.663135528564453 21.820480346679688 22.065183639526367 22.02230453491211 22.09600067138672 22.083999633789062 22.153024673461914 22.006912231445312 
59.476158142089844 31.56915283203125 31.324575424194336 31.992704391479492 32.153472900390625 32.199615478515625 32.813377380371094 32.32057571411133 41.166622161865234 32.1181755065918 32.28953552246094 31.63577651977539 34.439361572265625 32.66934585571289 32.33929443359375 31.980863571166992 
66.99337768554688 30.931520462036133 32.32831954956055 32.55177688598633 32.013729095458984 32.96470260620117 32.151615142822266 32.29558563232422 40.67049789428711 33.59926223754883 32.33145523071289 32.54556655883789 32.24755096435547 31.95257568359375 32.0338249206543 32.024864196777344 
66.84210968017578 30.95043182373047 32.4892463684082 32.03481674194336 32.692832946777344 32.65251159667969 32.364383697509766 32.36851119995117 40.48444747924805 32.09804916381836 31.81167984008789 31.720352172851562 31.71721649169922 31.582944869995117 31.637439727783203 31.84454345703125 
68.92816162109375 31.09561538696289 31.25872039794922 31.849855422973633 32.06038284301758 32.43017578125 32.85657501220703 32.16329574584961 39.753150939941406 31.48953628540039 31.63315200805664 31.565311431884766 31.537599563598633 31.673599243164062 31.62396812438965 31.61840057373047 
61.564449310302734 30.914432525634766 31.744735717773438 31.516672134399414 31.950048446655273 32.560577392578125 33.14051055908203 32.6146240234375 37.34940719604492 31.49228858947754 31.789215087890625 32.18143844604492 31.978944778442383 32.9436149597168 32.146881103515625 32.352481842041016 
66.8169937133789 31.39743995666504 31.488191604614258 31.793439865112305 32.5294075012207 32.35619354248047 32.36569595336914 32.81584167480469 39.99321746826172 31.38390350341797 31.59507179260254 31.529632568359375 31.554752349853516 31.743839263916016 31.679519653320312 31.614015579223633 
56.325279235839844 31.39571189880371 31.498912811279297 32.61635208129883 32.67763137817383 32.5247688293457 32.55827331542969 34.49292755126953 40.95305633544922 32.16624069213867 32.33679962158203 31.871904373168945 32.59503936767578 32.58118438720703 32.520992279052734 32.63158416748047 
62.65248107910156 30.951711654663086 31.01923179626465 32.423614501953125 32.820255279541016 32.108158111572266 32.02694320678711 33.20899200439453 37.66243362426758 31.648351669311523 31.99395179748535 32.0709114074707 31.963359832763672 32.10566329956055 31.84601593017578 31.98054313659668 
63.69001770019531 31.781824111938477 31.65238380432129 31.754976272583008 31.981279373168945 32.39759826660156 32.922943115234375 39.313758850097656 40.64281463623047 31.426368713378906 31.46556854248047 31.828575134277344 32.9483528137207 31.5416316986084 32.668704986572266 32.01136016845703 
64.7666244506836 31.03014373779297 31.571264266967773 32.12313461303711 32.06169509887695 32.326656341552734 32.54127883911133 32.78575897216797 40.89932632446289 32.09584045410156 31.520448684692383 31.647327423095703 31.940351486206055 31.435039520263672 31.667423248291016 31.53049659729004 
57.7492790222168 32.547264099121094 34.0618896484375 33.89401626586914 33.914527893066406 62.98441696166992 32.64604949951172 33.40403366088867 40.590110778808594 32.94675064086914 33.406944274902344 33.33145523071289 33.245121002197266 33.22505569458008 32.74844741821289 33.031551361083984 
22.498592376708984 215.44216918945312 21.686656951904297 21.613792419433594 21.957183837890625 22.309152603149414 22.203807830810547 22.16476821899414 26.084415435791016 22.55958366394043 22.249568939208984 22.237791061401367 22.266111373901367 22.962528228759766 22.16716766357422 22.429216384887695 
39.92822265625 32.541343688964844 34.34329605102539 34.510623931884766 177.20851135253906 32.494911193847656 34.26831817626953 33.658111572265625 38.161537170410156 32.84646224975586 33.462337493896484 33.101470947265625 32.643680572509766 33.45929718017578 33.00156784057617 32.929664611816406 
22.9718074798584 227.7225341796875 21.62860870361328 21.60848045349121 22.468000411987305 22.469343185424805 22.46566390991211 22.168703079223633 27.82499122619629 22.215360641479492 22.476064682006836 22.256032943725586 22.407808303833008 23.415456771850586 22.43657684326172 22.58790397644043 
53.030433654785156 32.4870719909668 32.8983039855957 33.848575592041016 34.799903869628906 34.60371017456055 193.4130859375 32.53792190551758 39.638336181640625 33.108062744140625 32.90617752075195 33.28416061401367 33.12614440917969 32.96364974975586 33.26678466796875 33.062782287597656 
249.2857666015625 21.66966438293457 21.600543975830078 21.93516731262207 22.097375869750977 22.070528030395508 22.16035270690918 21.98758316040039 25.585376739501953 22.422208786010742 22.320959091186523 22.58073616027832 22.58799934387207 22.465503692626953 22.143455505371094 22.985727310180664 
40.916481018066406 34.11449432373047 33.49769592285156 33.93791961669922 33.71286392211914 144.89952087402344 32.4422721862793 32.628543853759766 37.921600341796875 32.80508804321289 32.73295974731445 33.16409683227539 33.1157112121582 33.046241760253906 33.1888313293457 32.67766571044922 
22.38809585571289 224.13375854492188 21.68435287475586 21.904191970825195 22.240224838256836 22.283296585083008 22.3255672454834 22.290592193603516 26.63667106628418 22.30022430419922 22.424800872802734 22.12156867980957 22.143936157226562 22.244064331054688 22.619455337524414 22.28441619873047 
39.81145477294922 32.56294250488281 34.01222229003906 34.436256408691406 188.34390258789062 32.44847869873047 32.539039611816406 33.43059158325195 39.12963104248047 33.104129791259766 32.7665901184082 32.8515510559082 33.24275207519531 32.767486572265625 33.16559982299805 32.78646469116211 
22.299680709838867 221.49407958984375 21.67955207824707 22.08403205871582 22.44879913330078 22.578304290771484 22.352415084838867 22.116384506225586 26.261152267456055 22.17078399658203 22.444608688354492 22.46326446533203 22.490591049194336 22.201663970947266 24.088960647583008 22.198528289794922 
39.85142517089844 32.41875076293945 34.280033111572266 201.9739227294922 32.54851150512695 32.490718841552734 33.32137680053711 34.522430419921875 39.96409606933594 32.85126495361328 33.158206939697266 33.359519958496094 33.194847106933594 33.17910385131836 32.697471618652344 32.9015998840332 
22.46393585205078 213.28646850585938 21.606847763061523 21.628576278686523 21.98896026611328 22.190080642700195 22.20307159423828 22.167423248291016 25.036447525024414 22.810047149658203 22.369056701660156 22.245759963989258 22.91276741027832 22.264543533325195 22.653888702392578 22.312768936157227 
67.1280288696289 32.73382568359375 34.46201705932617 33.81078338623047 199.234619140625 32.43644714355469 33.22208023071289 33.41513442993164 41.33929443359375 33.13020706176758 32.98444747924805 32.970977783203125 32.89683151245117 32.94883346557617 33.31651306152344 33.008033752441406 
22.570079803466797 221.64688110351562 21.600479125976562 21.6911678314209 21.945695877075195 22.812511444091797 23.00307273864746 22.791967391967773 25.57708740234375 22.087263107299805 22.874176025390625 22.251007080078125 22.397727966308594 22.227712631225586 22.481855392456055 22.572511672973633 
39.768001556396484 33.26931381225586 33.25212860107422 33.836097717285156 34.34339141845703 161.29530334472656 32.47859191894531 32.543968200683594 38.75404739379883 33.119422912597656 33.0346565246582 32.7564811706543 32.80031967163086 32.839073181152344 33.11142349243164 32.904640197753906 
22.463071823120117 222.2604522705078 21.607135772705078 21.66912078857422 22.27564811706543 22.447551727294922 22.435583114624023 22.084991455078125 26.16985511779785 22.215423583984375 22.47977638244629 23.410367965698242 22.20800018310547 22.29267120361328 22.314495086669922 22.869504928588867 
39.864158630371094 33.6209602355957 33.354366302490234 34.132415771484375 179.15586853027344 32.527488708496094 33.61955261230469 34.139007568359375 39.94895935058594 32.847999572753906 33.37161636352539 32.874656677246094 32.92124938964844 32.838623046875 32.875423431396484 33.287841796875 
22.36617660522461 223.95631408691406 21.597248077392578 21.658111572265625 21.690528869628906 21.940479278564453 22.186176300048828 22.04412841796875 27.64841651916504 22.186304092407227 21.967071533203125 22.492799758911133 22.128864288330078 22.18195152282715 22.935359954833984 22.379072189331055 
39.80553436279297 32.85958480834961 34.0813102722168 33.59164810180664 171.8511962890625 32.480735778808594 32.58924865722656 34.154048919677734 38.64217758178711 33.2694091796875 32.935935974121094 33.037025451660156 32.90934371948242 32.74118423461914 32.68918228149414 33.15705490112305 
22.29849624633789 218.38156127929688 21.568511962890625 21.589567184448242 22.092992782592773 22.932767868041992 23.160640716552734 23.07027244567871 27.263328552246094 22.162368774414062 22.156063079833984 22.21161651611328 22.713472366333008 22.151039123535156 22.46780776977539 22.691776275634766 
43.0052490234375 36.80857467651367 37.96662521362305 37.701473236083984 52.528255462646484 36.8790397644043 36.58457565307617 38.192256927490234 42.6146240234375 36.305503845214844 36.99932861328125 36.847198486328125 36.551937103271484 37.17203140258789 36.36550521850586 36.42428970336914 
25.67513656616211 20.025375366210938 20.095712661743164 20.32758331298828 220.86854553222656 20.042848587036133 20.068031311035156 20.406143188476562 24.067424774169922 20.635839462280273 20.884159088134766 20.547807693481445 20.64192008972168 20.653440475463867 21.28780746459961 55.122623443603516 
43.183135986328125 36.83011245727539 64.88419342041016 37.04889678955078 38.08982467651367 125.43382263183594 36.148319244384766 37.80720138549805 44.632320404052734 36.41769790649414 36.302528381347656 37.197120666503906 36.383201599121094 36.52057647705078 37.12575912475586 36.58214569091797 
25.14019203186035 21.543743133544922 20.019744873046875 20.082368850708008 231.89312744140625 20.07027244567871 20.0864315032959 20.918336868286133 23.242464065551758 20.70921516418457 20.89334487915039 20.543071746826172 20.66067123413086 20.810335159301758 20.61564826965332 48.834110260009766 
42.908287048339844 36.18016052246094 37.42006301879883 38.54512023925781 198.0107879638672 36.03238296508789 36.23062515258789 38.14329528808594 44.13667297363281 36.83760070800781 36.36652755737305 36.863040924072266 36.45004653930664 36.79926300048828 36.583518981933594 36.813568115234375 
27.010208129882812 20.034751892089844 20.087743759155273 20.3374080657959 223.67996215820312 19.98726463317871 20.094783782958984 20.135360717773438 25.996864318847656 20.733728408813477 20.654176712036133 20.69593620300293 20.671295166015625 20.543935775756836 20.803936004638672 49.399681091308594 
44.23152160644531 37.64169692993164 38.86982345581055 39.446014404296875 195.2758026123047 36.160064697265625 36.74729537963867 37.811649322509766 44.00822448730469 37.11443328857422 36.22275161743164 36.446014404296875 36.474910736083984 36.48432159423828 36.65750503540039 36.483455657958984 
25.03276824951172 20.04105567932129 20.066144943237305 20.148160934448242 229.1705322265625 20.060224533081055 20.023839950561523 20.046367645263672 23.57097625732422 20.499391555786133 20.64512062072754 20.597152709960938 20.63363265991211 20.60425567626953 20.57689666748047 32.208927154541016 
42.89350509643555 36.50425720214844 37.137054443359375 37.9633903503418 38.444480895996094 160.69955444335938 36.221534729003906 38.75446319580078 43.52694320678711 36.18022537231445 36.66374588012695 36.56470489501953 36.58745574951172 36.38643264770508 36.44803237915039 37.441951751708984 
25.256864547729492 20.049535751342773 20.065183639526367 20.089279174804688 224.63711547851562 20.053279876708984 20.309951782226562 20.315391540527344 24.11801528930664 20.669343948364258 20.53068733215332 20.607135772705078 20.709152221679688 20.678335189819336 20.578048706054688 62.2663688659668 
42.89372634887695 36.41206359863281 36.885440826416016 37.73961639404297 198.7471923828125 36.13792037963867 38.63993453979492 38.17744064331055 44.405120849609375 37.39731216430664 36.498783111572266 36.30393600463867 36.62416076660156 36.30303955078125 36.303585052490234 36.89497756958008 
25.219104766845703 20.098751068115234 20.096960067749023 20.383039474487305 225.00143432617188 20.085535049438477 20.289567947387695 20.7159366607666 24.210432052612305 20.550495147705078 20.33919906616211 20.793888092041016 20.738880157470703 20.479007720947266 20.626880645751953 57.37184143066406 
42.9436149597168 37.123294830322266 38.37286376953125 38.75196838378906 199.19305419921875 36.14828872680664 36.674625396728516 37.166751861572266 42.7437744140625 36.458335876464844 37.045631408691406 36.414913177490234 36.56800079345703 36.85935974121094 36.36703872680664 36.40086364746094 
25.010623931884766 20.047935485839844 20.17305564880371 20.19887924194336 226.42959594726562 20.026655197143555 19.986591339111328 20.293119430541992 24.354976654052734 20.523040771484375 20.68992042541504 20.968671798706055 20.6048641204834 20.58483123779297 20.99225616455078 59.768096923828125 
44.010494232177734 37.826751708984375 39.36931228637695 37.99110412597656 189.5235137939453 36.18204879760742 37.41007995605469 37.838462829589844 43.306304931640625 36.0959358215332 37.02009582519531 36.54051208496094 37.070465087890625 36.55971145629883 37.0338249206543 37.078590393066406 
25.52249526977539 20.050304412841797 20.125408172607422 20.370271682739258 222.1514892578125 20.056991577148438 20.061504364013672 20.22012710571289 23.961727142333984 20.648895263671875 21.087968826293945 20.47590446472168 20.603776931762695 20.450912475585938 20.8919677734375 51.000511169433594 
43.98963165283203 36.17007827758789 37.656864166259766 38.52547073364258 186.98147583007812 36.17939376831055 36.22428894042969 37.440032958984375 46.07129669189453 36.92617416381836 36.47020721435547 36.380672454833984 36.732383728027344 36.925376892089844 36.615169525146484 37.04521560668945 
24.56403160095215 20.029951095581055 20.041343688964844 20.19696044921875 229.2857666015625 20.0347843170166 20.011903762817383 20.37139129638672 25.628128051757812 20.485952377319336 20.765823364257812 20.45484733581543 20.481887817382812 20.57097625732422 20.730623245239258 54.55897521972656 
43.11420822143555 36.29081726074219 37.36479949951172 38.13056182861328 197.90623474121094 36.07404708862305 38.541534423828125 37.534305572509766 44.51942443847656 36.46799850463867 36.73091125488281 36.50873565673828 36.73481750488281 36.77587127685547 36.68966293334961 37.148929595947266 
24.806528091430664 20.059743881225586 20.041311264038086 20.395231246948242 224.89395141601562 20.006431579589844 20.002111434936523 20.356128692626953 23.785343170166016 20.61440086364746 21.782848358154297 20.583904266357422 21.412160873413086 20.933631896972656 20.596576690673828 60.866878509521484 
34.82720184326172 22.189983367919922 22.34604835510254 22.550048828125 108.2541732788086 22.283103942871094 22.239839553833008 22.843807220458984 29.760543823242188 22.9487361907959 23.09619140625 22.898815155029297 23.513919830322266 23.273216247558594 22.934175491333008 22.896608352661133 
28.807552337646484 27.967519760131836 28.79596710205078 28.819007873535156 28.43903923034668 28.71023941040039 28.272512435913086 28.77827262878418 35.65407943725586 28.267168045043945 28.17081642150879 28.12156867980957 28.23027229309082 28.176448822021484 28.32326316833496 28.336576461791992 
64.24339294433594 22.627296447753906 22.49907112121582 22.949472427368164 23.742656707763672 23.727680206298828 23.246431350708008 22.89836883544922 28.225248336791992 23.09459114074707 22.51372718811035 22.652511596679688 22.92892837524414 22.97657585144043 23.084447860717773 23.31667137145996 
28.8656005859375 28.21299171447754 28.131040573120117 28.59926414489746 28.235103607177734 28.979520797729492 28.513280868530273 28.819263458251953 32.5643196105957 27.968671798706055 28.304800033569336 27.925376892089844 28.30009651184082 27.97212791442871 28.287935256958008 28.188671112060547 
73.67350769042969 22.62678337097168 22.547008514404297 22.526399612426758 22.491008758544922 22.571104049682617 23.262496948242188 23.708223342895508 29.9597110748291 22.750688552856445 23.05062484741211 23.305824279785156 22.847360610961914 23.19487953186035 23.128032684326172 22.8558406829834 
28.348031997680664 27.672672271728516 29.027936935424805 28.90233612060547 28.59507179260254 28.71673583984375 28.53811264038086 29.02057647705078 34.18364715576172 28.15500831604004 28.147872924804688 28.21945571899414 28.133119583129883 28.062911987304688 28.229312896728516 28.492191314697266 
85.38428497314453 22.72275161743164 22.300607681274414 23.2741756439209 23.646656036376953 23.58176040649414 23.11846351623535 22.813823699951172 27.6013126373291 22.85968017578125 23.093151092529297 24.564319610595703 22.81385612487793 22.971935272216797 23.620256423950195 23.07232093811035 
28.649311065673828 28.859615325927734 28.729888916015625 28.734432220458984 28.715167999267578 28.434783935546875 28.786720275878906 28.461503982543945 35.128448486328125 28.077056884765625 28.25948715209961 27.87401580810547 28.260223388671875 28.182592391967773 28.102432250976562 28.604768753051758 
73.76297760009766 25.261280059814453 22.31100845336914 23.123807907104492 23.37164878845215 23.398208618164062 23.07792091369629 22.737503051757812 28.370399475097656 23.013023376464844 23.051231384277344 22.65996742248535 22.94428825378418 23.032255172729492 23.20992088317871 22.877439498901367 
28.406431198120117 27.73846435546875 27.93609619140625 28.630847930908203 28.40380859375 28.788959503173828 28.43961524963379 29.181856155395508 33.434879302978516 28.00364875793457 28.128576278686523 28.343679428100586 27.76211166381836 28.325408935546875 28.36627197265625 28.3220157623291 
72.66242980957031 22.637855529785156 22.3786563873291 23.040191650390625 23.08118438720703 23.30339241027832 22.84867286682129 22.893535614013672 26.074623107910156 23.349376678466797 23.24883270263672 23.13983917236328 23.140703201293945 23.198335647583008 22.96623992919922 22.888864517211914 
28.776416778564453 28.44121551513672 28.644927978515625 28.29737663269043 28.51932716369629 28.09110450744629 29.04854393005371 28.74051284790039 33.77849578857422 27.82476806640625 28.13033676147461 28.224416732788086 28.06675148010254 28.396320343017578 28.515743255615234 28.336511611938477 
73.68940734863281 22.643871307373047 22.37887954711914 23.132736206054688 23.478559494018555 23.155136108398438 23.167903900146484 22.735904693603516 27.529823303222656 22.96623992919922 22.63222312927246 23.140928268432617 22.918848037719727 23.34067153930664 22.879871368408203 22.984575271606445 
28.258432388305664 27.935104370117188 28.35696029663086 28.672224044799805 28.42336082458496 28.963455200195312 28.425119400024414 30.76006317138672 33.05759811401367 27.965024948120117 28.116735458374023 28.192575454711914 27.72163200378418 28.239295959472656 28.28563117980957 28.009183883666992 
73.62060546875 22.53772735595703 22.258655548095703 22.821504592895508 23.15068817138672 23.2906551361084 23.442432403564453 23.033056259155273 27.637279510498047 23.202592849731445 22.908479690551758 22.942272186279297 23.18819236755371 23.109792709350586 23.174623489379883 23.091327667236328 
28.514175415039062 27.774303436279297 28.931520462036133 28.552383422851562 29.192928314208984 28.748159408569336 28.572895050048828 28.710784912109375 34.5959358215332 28.307775497436523 27.83305549621582 28.088415145874023 28.202688217163086 28.052255630493164 28.06278419494629 28.536352157592773 
74.74483489990234 22.649887084960938 22.324928283691406 22.51638412475586 23.178815841674805 23.020479202270508 22.78883171081543 22.605440139770508 27.912511825561523 22.98681640625 23.065311431884766 23.684480667114258 23.391040802001953 22.993791580200195 23.649343490600586 23.130720138549805 
28.73472023010254 28.274911880493164 27.94054412841797 29.0512638092041 29.30415916442871 29.364704132080078 28.717504501342773 28.59382438659668 33.4617919921875 28.03878402709961 28.056575775146484 28.314367294311523 28.176992416381836 28.04457664489746 28.332063674926758 28.28223991394043 
76.55359649658203 22.5894718170166 22.82655906677246 22.873823165893555 22.836544036865234 22.60851287841797 22.740575790405273 23.53913688659668 29.12892723083496 22.895456314086914 22.916383743286133 24.56380844116211 22.934240341186523 23.09004783630371 23.201215744018555 23.671871185302734 
28.461151123046875 28.21308708190918 28.531328201293945 28.427072525024414 28.514848709106445 28.46988868713379 28.97644805908203 28.40777587890625 34.27686309814453 27.952863693237305 28.92470359802246 28.133056640625 27.845216751098633 28.30646324157715 28.486112594604492 28.362112045288086 
49.05097579956055 23.832096099853516 23.88876724243164 24.12460708618164 24.308767318725586 24.351903915405273 24.45372772216797 24.73766326904297 24.71824073791504 24.504287719726562 24.083391189575195 23.979328155517578 23.964000701904297 24.0317440032959 24.516416549682617 24.18876838684082 
18.108320236206055 17.354944229125977 17.358015060424805 17.415775299072266 18.10246467590332 18.056127548217773 17.989471435546875 17.912063598632812 21.384511947631836 18.7728328704834 17.500288009643555 17.819488525390625 17.637088775634766 17.67830467224121 17.86195182800293 17.872831344604492 
29.60857582092285 24.09846305847168 24.117855072021484 24.426271438598633 24.974592208862305 24.492319107055664 24.38422393798828 25.138879776000977 28.189632415771484 24.089759826660156 24.07961654663086 23.83670425415039 24.534847259521484 24.333375930786133 24.051008224487305 24.114559173583984 
18.036096572875977 17.358943939208984 17.90060806274414 17.926271438598633 18.185983657836914 18.182432174682617 18.021760940551758 17.718175888061523 18.035648345947266 17.902687072753906 17.931455612182617 17.81407928466797 17.571807861328125 17.76803207397461 17.741344451904297 18.31564712524414 
62.66777420043945 23.695968627929688 23.712671279907227 23.728288650512695 25.260608673095703 25.34320068359375 24.712575912475586 88.79638671875 29.055391311645508 24.10086441040039 24.09401512145996 25.186784744262695 25.3338565826416 24.39049530029297 24.08812713623047 24.11292839050293 
18.314367294311523 17.47782325744629 17.76460838317871 17.832063674926758 17.807775497436523 17.729631423950195 17.65065574645996 17.563840866088867 20.22640037536621 17.960479736328125 17.928159713745117 17.846784591674805 17.393823623657227 17.838687896728516 17.878976821899414 18.518400192260742 
50.3304328918457 24.267168045043945 24.120800018310547 24.348447799682617 24.27235221862793 24.402240753173828 24.917600631713867 24.987552642822266 27.447168350219727 24.062719345092773 24.0993595123291 24.40777587890625 24.089536666870117 24.18400001525879 24.048351287841797 25.077951431274414 
18.16102409362793 17.349855422973633 17.291040420532227 17.582944869995117 17.831071853637695 17.869504928588867 17.947872161865234 17.87071990966797 21.469728469848633 18.64476776123047 18.429088592529297 17.389408111572266 17.75267219543457 17.558528900146484 17.947776794433594 18.179487228393555 
36.642784118652344 24.008480072021484 24.488800048828125 24.92073631286621 25.038015365600586 24.495935440063477 25.405216217041016 25.074880599975586 28.547584533691406 24.049184799194336 24.311904907226562 24.063135147094727 24.11724853515625 24.173248291015625 24.095680236816406 24.345247268676758 
18.072256088256836 17.460031509399414 17.482879638671875 17.472959518432617 18.11180877685547 18.362464904785156 18.398752212524414 17.96556854248047 21.69068717956543 18.28428840637207 17.968416213989258 17.92243194580078 18.084224700927734 17.82815933227539 18.0949764251709 18.46063995361328 
32.507904052734375 23.88323211669922 23.996896743774414 24.213024139404297 24.472576141357422 24.544736862182617 24.396896362304688 24.60259246826172 28.933183670043945 24.068639755249023 24.089120864868164 24.124736785888672 23.785152435302734 24.190336227416992 24.180959701538086 24.265024185180664 
18.104799270629883 17.4050235748291 17.280607223510742 17.607872009277344 17.699167251586914 17.93382453918457 17.813600540161133 17.81318473815918 21.26041603088379 18.860031127929688 17.753887176513672 17.982816696166992 17.677183151245117 17.407808303833008 17.990432739257812 18.037887573242188 
30.183168411254883 24.0296630859375 23.976160049438477 24.256864547729492 24.303232192993164 24.2076473236084 24.83296012878418 24.78121566772461 28.503488540649414 24.20147132873535 24.126623153686523 24.64246368408203 24.08585548400879 24.304096221923828 23.954143524169922 24.174816131591797 
17.953184127807617 17.342336654663086 17.46428871154785 17.574176788330078 17.923391342163086 17.976320266723633 17.959552764892578 17.823135375976562 21.279935836791992 18.07926368713379 17.612863540649414 17.601247787475586 17.80860710144043 18.477279663085938 17.769760131835938 17.98793601989746 
30.3175048828125 23.883840560913086 23.697023391723633 23.966815948486328 24.45075225830078 25.631872177124023 25.578880310058594 24.75436782836914 28.10419273376465 24.016799926757812 24.04412841796875 24.123552322387695 24.38559913635254 24.065536499023438 24.24345588684082 24.12758445739746 
18.358015060424805 17.534048080444336 17.436159133911133 17.650815963745117 17.654815673828125 17.814912796020508 17.870943069458008 17.92416000366211 21.07792091369629 18.129375457763672 17.523263931274414 17.600704193115234 17.80473518371582 17.83523178100586 17.54902458190918 17.94927978515625 
30.229248046875 23.916383743286133 23.735488891601562 23.679391860961914 24.776704788208008 24.984159469604492 24.62758445739746 24.4815673828125 27.73958396911621 24.040895462036133 24.037952423095703 24.082944869995117 24.167999267578125 24.1364803314209 24.09404754638672 24.211360931396484 
18.21955108642578 17.418527603149414 17.34396743774414 17.35990333557129 17.632671356201172 18.138687133789062 18.051456451416016 18.16703987121582 21.614112854003906 18.54377555847168 19.10358428955078 17.99388885498047 17.86479949951172 17.779680252075195 17.447519302368164 17.85456085205078 
30.390527725219727 23.925888061523438 24.09110450744629 24.149887084960938 24.194656372070312 24.630144119262695 24.419103622436523 24.38422393798828 28.92732810974121 24.204288482666016 24.44316864013672 24.76598358154297 24.380191802978516 23.864160537719727 24.361600875854492 24.37571144104004 
18.422176361083984 17.800352096557617 17.552160263061523 17.58025550842285 17.629024505615234 17.466304779052734 17.546592712402344 17.759424209594727 21.26438331604004 17.99679946899414 17.706432342529297 17.421855926513672 18.188800811767578 18.00387191772461 18.294464111328125 17.80624008178711 
76.50572967529297 41.143489837646484 41.1627197265625 40.81683349609375 41.564640045166016 120.8088607788086 38.51180648803711 41.22022247314453 46.3900146484375 38.97926330566406 39.681087493896484 38.906558990478516 38.92777633666992 39.6847038269043 38.600704193115234 38.740257263183594 
258.3629150390625 20.378080368041992 20.760160446166992 21.041824340820312 21.240127563476562 40.85465621948242 20.608768463134766 31.041311264038086 25.719648361206055 21.283456802368164 21.47279930114746 21.14406394958496 20.893407821655273 21.184831619262695 21.401216506958008 21.041248321533203 
49.07609558105469 38.5239372253418 39.146209716796875 39.27228927612305 86.36351776123047 38.842750549316406 39.759647369384766 40.05916976928711 46.46236801147461 38.7341423034668 38.65465545654297 38.969215393066406 38.7309455871582 39.29939270019531 38.66969680786133 39.2344970703125 
154.14572143554688 231.94525146484375 20.401920318603516 20.812768936157227 20.8220157623291 21.152864456176758 31.57004737854004 20.810880661010742 23.983776092529297 20.978912353515625 21.23891258239746 21.28291130065918 21.19318389892578 21.054975509643555 21.102720260620117 21.219072341918945 
50.102718353271484 39.86387252807617 40.21110534667969 40.45884704589844 99.60646057128906 38.588191986083984 38.49967956542969 41.63555145263672 46.420894622802734 38.80534362792969 38.710304260253906 39.42192077636719 38.894561767578125 38.89104080200195 38.79849624633789 39.75779342651367 
257.4292297363281 20.337568283081055 20.38198471069336 20.47216033935547 20.708736419677734 41.67084884643555 20.488224029541016 31.388479232788086 24.909696578979492 21.28780746459961 21.37980842590332 21.14080047607422 20.84662437438965 23.992191314697266 20.994592666625977 21.412416458129883 
51.07555389404297 39.01299285888672 38.97209548950195 40.1453742980957 85.27638244628906 39.30588912963867 39.18415832519531 40.56300735473633 45.680545806884766 38.77519989013672 38.98438262939453 39.0880012512207 38.98505783081055 38.672767639160156 39.559104919433594 38.68739318847656 
29.512191772460938 239.9884796142578 20.45088005065918 20.38547134399414 20.440704345703125 37.42108917236328 22.78540802001953 34.266719818115234 24.783967971801758 21.230335235595703 21.055936813354492 20.936704635620117 21.07263946533203 21.208736419677734 21.063552856445312 21.293472290039062 
53.26054382324219 38.54051208496094 39.764320373535156 40.65964889526367 94.87052917480469 38.57241439819336 39.67500686645508 39.686302185058594 46.5294075012207 38.8790397644043 38.965919494628906 39.10153579711914 38.77433776855469 38.815006256103516 38.76643371582031 38.71769714355469 
28.21129608154297 236.1426239013672 20.391584396362305 20.441951751708984 20.71843147277832 20.899232864379883 29.25801658630371 20.843103408813477 24.284704208374023 21.030624389648438 20.989152908325195 21.559423446655273 22.048320770263672 20.93212890625 21.28825569152832 21.246240615844727 
46.98294448852539 39.3098258972168 40.67295837402344 40.73484802246094 93.10269165039062 38.71161651611328 41.23244857788086 40.98601531982422 46.7655029296875 38.679134368896484 38.704830169677734 39.148353576660156 38.62598419189453 38.601280212402344 39.10492706298828 38.95328140258789 
22.504255294799805 233.40652465820312 20.412992477416992 20.459104537963867 20.804479598999023 41.72739028930664 20.474943161010742 31.391616821289062 24.922496795654297 21.20800018310547 21.20400047302246 21.119007110595703 20.85683250427246 21.22675132751465 21.022144317626953 21.243135452270508 
49.017215728759766 38.51027297973633 39.492225646972656 40.285919189453125 94.53199768066406 38.69804763793945 40.314334869384766 41.062591552734375 45.408897399902344 38.9969596862793 39.19830322265625 38.873695373535156 39.051456451416016 38.70707321166992 38.72748947143555 39.116703033447266 
257.4051818847656 20.37104034423828 20.554048538208008 21.20297622680664 21.590431213378906 30.515296936035156 21.54105567932129 34.70150375366211 24.619199752807617 20.843456268310547 21.05392074584961 21.202911376953125 20.983423233032227 21.136127471923828 21.16876792907715 21.424095153808594 
47.91708755493164 40.15292739868164 40.96201705932617 40.18889617919922 90.49967956542969 38.73712158203125 39.86159896850586 41.17871856689453 47.25132751464844 38.94812774658203 38.95462417602539 38.777503967285156 38.84716796875 38.798526763916016 39.3573112487793 38.686622619628906 
252.8778839111328 20.35856056213379 20.639711380004883 20.913984298706055 21.330175399780273 40.4607048034668 20.785280227661133 26.45359992980957 23.498720169067383 21.344831466674805 21.394336700439453 21.123807907104492 21.244640350341797 21.09382438659668 21.34886360168457 21.06083106994629 
46.92544174194336 39.51958465576172 39.36851119995117 40.574527740478516 91.24752044677734 38.83651351928711 38.70451354980469 39.985633850097656 46.16611099243164 38.81817626953125 39.00454330444336 38.968257904052734 39.00259017944336 38.76655960083008 38.88502502441406 38.89955139160156 
256.9902038574219 20.45008087158203 20.80316734313965 21.150272369384766 21.388704299926758 34.95430374145508 20.84396743774414 25.875104904174805 24.12201690673828 21.07961654663086 21.04083251953125 21.074432373046875 21.8022403717041 21.007328033447266 21.38857650756836 21.26860809326172 
49.00364685058594 38.52153778076172 39.901729583740234 118.62633514404297 38.632511138916016 39.77702331542969 39.74800109863281 40.63840103149414 45.882144927978516 38.87091064453125 39.256351470947266 39.61222457885742 39.0250244140625 38.70800018310547 39.041534423828125 38.700958251953125 
256.8440246582031 20.3768310546875 20.423999786376953 20.71062469482422 20.704256057739258 34.109249114990234 20.534912109375 26.772960662841797 24.216928482055664 20.935903549194336 21.045984268188477 21.21196746826172 21.19455909729004 20.791616439819336 21.04582405090332 21.320192337036133 
46.105377197265625 27.851520538330078 27.911392211914062 29.510591506958008 29.370431900024414 75.51155090332031 39.8803825378418 27.7893123626709 36.80428695678711 28.15519905090332 27.85753631591797 28.2042236328125 28.125408172607422 28.416128158569336 28.237855911254883 28.651487350463867 
63.042110443115234 27.77030372619629 28.568992614746094 28.34774398803711 28.911104202270508 28.426687240600586 28.65817642211914 120.41519927978516 39.30876922607422 28.223167419433594 28.073312759399414 28.309375762939453 28.20796775817871 28.37353515625 28.293184280395508 28.667808532714844 
57.7775993347168 27.671871185302734 27.839519500732422 28.05628776550293 28.998016357421875 28.628639221191406 28.645824432373047 28.311840057373047 36.5742073059082 27.966463088989258 28.303007125854492 28.09587287902832 28.15167999267578 28.395103454589844 28.84707260131836 28.208608627319336 
63.04703903198242 28.038496017456055 28.347007751464844 29.036479949951172 29.733728408813477 28.641151428222656 29.4836483001709 29.031808853149414 37.26230239868164 28.80348777770996 28.398784637451172 28.03081512451172 28.63270378112793 28.1363525390625 28.45244789123535 28.159072875976562 
67.18351745605469 27.74064064025879 28.178207397460938 29.089887619018555 28.976703643798828 29.13260841369629 28.870271682739258 29.467744827270508 39.34067153930664 28.341503143310547 28.16694450378418 28.719999313354492 28.117536544799805 28.236480712890625 28.180479049682617 28.682144165039062 
63.53839874267578 27.802400588989258 28.634143829345703 29.15167999267578 29.090112686157227 28.46272087097168 28.682111740112305 28.331392288208008 34.78620910644531 27.896448135375977 28.2392635345459 28.03766441345215 28.396255493164062 28.31599998474121 28.534656524658203 28.240127563476562 
67.23200225830078 27.853919982910156 29.03340721130371 28.54979133605957 28.333087921142578 28.581087112426758 28.569120407104492 29.268447875976562 39.3884162902832 28.467008590698242 28.248512268066406 28.55344009399414 28.304704666137695 28.1615047454834 28.26950454711914 28.733983993530273 
68.308349609375 28.104991912841797 28.407936096191406 28.238176345825195 28.478368759155273 28.558176040649414 29.322656631469727 28.785343170166016 38.4661750793457 28.127296447753906 28.253376007080078 28.247135162353516 27.981727600097656 28.366975784301758 28.034975051879883 28.380128860473633 
66.17369842529297 27.847808837890625 28.360095977783203 28.310688018798828 28.190975189208984 28.31395149230957 29.771711349487305 29.329631805419922 35.68550491333008 28.006656646728516 27.84832000732422 28.341632843017578 28.140287399291992 28.29862403869629 28.201087951660156 28.526592254638672 
68.28857421875 27.757183074951172 27.866464614868164 28.449535369873047 28.785856246948242 29.89308738708496 29.285472869873047 29.41814422607422 37.28153610229492 27.973695755004883 28.89740753173828 28.333824157714844 28.450336456298828 28.3787841796875 28.14963150024414 28.706815719604492 
61.24800109863281 22.785568237304688 23.278751373291016 23.280351638793945 23.367584228515625 23.254335403442383 24.059423446655273 24.306367874145508 29.95702362060547 24.018016815185547 23.32089614868164 24.302143096923828 23.436256408691406 23.699935913085938 23.585952758789062 23.484575271606445 
24.39779281616211 24.001888275146484 23.88991928100586 23.71552085876465 24.966463088989258 25.125856399536133 24.660959243774414 23.97817611694336 30.365888595581055 24.144031524658203 25.17375946044922 24.6180477142334 24.247007369995117 24.653087615966797 24.52195167541504 24.666656494140625 
56.96995162963867 22.676000595092773 22.80611228942871 23.369600296020508 23.776447296142578 23.60755157470703 23.28873634338379 64.72249603271484 30.147584915161133 23.48886489868164 23.71855926513672 23.645151138305664 23.72435188293457 23.482912063598633 24.22265625 23.712671279907227 
24.452287673950195 23.870943069458008 23.81977653503418 23.952640533447266 24.4597110748291 25.062463760375977 24.926624298095703 24.27779197692871 29.170591354370117 24.258304595947266 24.748064041137695 24.269184112548828 25.554912567138672 24.884992599487305 24.42304039001465 24.22697639465332 
45.486846923828125 22.703615188598633 22.724191665649414 23.642784118652344 24.01817512512207 23.976287841796875 23.395328521728516 63.61753463745117 28.600671768188477 23.24073600769043 23.928863525390625 23.591264724731445 23.59040069580078 23.713727951049805 23.683679580688477 23.885311126708984 
24.28656005859375 23.891904830932617 23.998432159423828 23.88912010192871 24.12566375732422 24.7126407623291 24.47452735900879 24.3919677734375 28.494976043701172 24.18592071533203 24.56447982788086 24.390079498291016 24.498144149780273 24.67407989501953 23.899776458740234 24.518207550048828 
49.60483169555664 22.68364715576172 23.632320404052734 23.836191177368164 23.781280517578125 23.30940818786621 23.176095962524414 63.696224212646484 30.175424575805664 23.35353660583496 23.387840270996094 23.757280349731445 23.940256118774414 23.630815505981445 23.835487365722656 23.74083137512207 
24.80124855041504 24.18659210205078 24.397216796875 24.307039260864258 24.128223419189453 24.23142433166504 24.780704498291016 25.015615463256836 28.477312088012695 24.071392059326172 24.632192611694336 24.362592697143555 24.064512252807617 24.293792724609375 24.435264587402344 24.590208053588867 
49.654014587402344 22.728288650512695 22.822240829467773 23.275583267211914 23.40131187438965 23.16169548034668 23.277023315429688 68.61299133300781 26.848224639892578 23.459423065185547 23.574655532836914 23.857664108276367 23.56390380859375 23.730207443237305 23.756256103515625 23.791776657104492 
24.345600128173828 23.737503051757812 23.66262435913086 23.773632049560547 24.59440040588379 24.478591918945312 24.106687545776367 24.026016235351562 28.228511810302734 24.189504623413086 24.442943572998047 24.414592742919922 24.36288070678711 24.610271453857422 24.682239532470703 24.346975326538086 
68.5401611328125 22.714336395263672 22.78892707824707 23.829599380493164 24.24355125427246 23.888639450073242 23.552352905273438 66.19213104248047 28.389312744140625 23.45305633544922 23.69660758972168 23.764799118041992 23.915679931640625 24.107872009277344 23.249759674072266 23.576608657836914 
24.50796890258789 23.920799255371094 24.376384735107422 24.43731117248535 24.182815551757812 23.989919662475586 24.242496490478516 24.53830337524414 28.589567184448242 24.14076805114746 24.57030487060547 24.161663055419922 24.086912155151367 24.411327362060547 24.69478416442871 24.46396827697754 
48.56524658203125 22.703231811523438 27.086944580078125 23.029151916503906 23.695423126220703 23.792800903320312 23.521984100341797 51.939361572265625 28.745664596557617 23.59107208251953 23.30188751220703 23.386943817138672 24.11190414428711 23.67228889465332 23.628223419189453 23.709983825683594 
24.713951110839844 24.04368019104004 24.273344039916992 24.058624267578125 23.929887771606445 24.167200088500977 24.77257537841797 24.347328186035156 29.028255462646484 24.467679977416992 25.19206428527832 24.64646339416504 24.326879501342773 24.22319984436035 24.33113670349121 24.88412857055664 
60.10393524169922 22.70377540588379 22.664480209350586 22.993696212768555 23.662399291992188 24.025856018066406 23.842432022094727 62.1646728515625 28.30169677734375 23.193151473999023 24.07027244567871 23.481952667236328 24.8721923828125 23.361408233642578 23.890047073364258 23.760704040527344 
24.06928062438965 23.62076759338379 23.653152465820312 24.277952194213867 24.777503967285156 24.51759910583496 24.007776260375977 24.153343200683594 29.402847290039062 24.147808074951172 24.040128707885742 24.552799224853516 24.390432357788086 24.536191940307617 24.227903366088867 24.568384170532227 
59.06351852416992 22.70796775817871 22.78870391845703 23.52364730834961 23.69500732421875 23.68623924255371 23.435935974121094 61.16678237915039 31.24553680419922 23.412128448486328 23.707263946533203 23.314111709594727 24.33852767944336 23.662879943847656 25.564416885375977 23.446975708007812 
24.350080490112305 23.87513542175293 23.61555290222168 23.7957763671875 24.592063903808594 24.63158416748047 24.466976165771484 24.104352951049805 28.89846420288086 24.2476806640625 24.387968063354492 24.833152770996094 25.313215255737305 24.280736923217773 24.571903228759766 24.509695053100586 
52.74105453491211 22.670560836791992 22.662431716918945 22.80873680114746 23.48102378845215 23.957088470458984 23.779071807861328 67.96710205078125 28.891807556152344 23.570463180541992 23.5664005279541 24.854751586914062 25.398239135742188 23.48124885559082 23.328800201416016 23.535680770874023 
24.431903839111328 23.763456344604492 23.767423629760742 24.066495895385742 24.47724723815918 24.640544891357422 24.157119750976562 23.845151901245117 27.474239349365234 24.241376876831055 24.090463638305664 24.118656158447266 24.78668785095215 24.30748748779297 24.631296157836914 24.249887466430664 
64.09292602539062 28.88921546936035 29.231168746948242 29.137279510498047 30.196319580078125 30.652671813964844 30.114368438720703 30.54595184326172 37.30665588378906 29.55392074584961 30.502111434936523 30.40982437133789 29.903423309326172 30.4517765045166 30.118623733520508 30.44304084777832 
80.98770904541016 29.288543701171875 29.775136947631836 30.91551971435547 30.965087890625 30.86944007873535 29.965984344482422 31.11180877685547 37.402591705322266 29.677024841308594 30.657888412475586 30.277856826782227 29.902719497680664 30.416223526000977 30.3985595703125 30.410783767700195 
66.29420471191406 29.329343795776367 29.32748794555664 30.76473617553711 29.86092758178711 30.20470428466797 30.066783905029297 30.05548858642578 38.67289733886719 30.280927658081055 29.775936126708984 30.090015411376953 30.47443199157715 29.412960052490234 30.41481590270996 29.216928482055664 
78.92630767822266 29.59881591796875 30.037151336669922 30.394432067871094 29.938783645629883 30.799327850341797 96.61228942871094 29.030336380004883 38.91075134277344 30.32134437561035 30.0413761138916 30.443424224853516 30.210464477539062 29.495647430419922 30.649471282958984 29.700031280517578 
72.59037017822266 29.034400939941406 29.144287109375 29.747360229492188 30.805824279785156 30.37321662902832 30.309856414794922 30.366783142089844 38.6343994140625 29.50214385986328 30.515487670898438 30.502592086791992 29.619455337524414 30.434303283691406 29.5513916015625 30.73481559753418 
78.88694763183594 29.087839126586914 30.393535614013672 29.807167053222656 30.1177921295166 30.028831481933594 29.906431198120117 29.669824600219727 39.023616790771484 29.216703414916992 30.434175491333008 29.85910415649414 29.664831161499023 29.81804847717285 29.7509765625 30.389888763427734 
82.02674865722656 29.0402889251709 30.4434871673584 30.816991806030273 30.37500762939453 29.658559799194336 29.927391052246094 36.936031341552734 35.22083282470703 30.23753547668457 29.3176326751709 30.45145606994629 29.99001693725586 30.703264236450195 30.618911743164062 30.253183364868164 
75.774658203125 29.13270378112793 29.526208877563477 29.532928466796875 29.785568237304688 29.731647491455078 30.34320068359375 30.12601661682129 38.08335876464844 30.043071746826172 29.50441551208496 30.58518409729004 29.659135818481445 30.717344284057617 30.098560333251953 29.576128005981445 
77.85343933105469 29.007200241088867 29.106719970703125 29.85036849975586 29.67737579345703 30.536447525024414 30.351871490478516 30.369184494018555 36.86259078979492 30.02796745300293 29.226144790649414 30.441152572631836 29.789567947387695 30.219295501708984 30.22444725036621 29.56710433959961 
80.0033950805664 29.066944122314453 30.370464324951172 30.54262351989746 30.751007080078125 30.225887298583984 30.12396812438965 30.04102325439453 35.658302307128906 30.2524471282959 29.453439712524414 30.658143997192383 29.93459129333496 30.02764892578125 30.434207916259766 29.47056007385254 
54.30767822265625 23.32956886291504 23.821407318115234 24.031360626220703 23.878623962402344 23.830400466918945 23.934751510620117 72.43682861328125 27.147808074951172 24.067359924316406 24.07801628112793 23.829952239990234 23.817951202392578 23.81760025024414 23.686304092407227 23.713056564331055 
15.899519920349121 15.2991361618042 15.405407905578613 15.478752136230469 15.523648262023926 15.501983642578125 15.558303833007812 15.773504257202148 18.341344833374023 15.379712104797363 15.527008056640625 15.439295768737793 15.411264419555664 15.668416023254395 15.544063568115234 15.404224395751953 
31.956960678100586 23.610336303710938 23.87504005432129 23.818016052246094 23.910879135131836 24.056928634643555 24.643648147583008 24.482528686523438 28.316160202026367 24.209823608398438 24.13315200805664 24.133024215698242 24.215391159057617 25.342784881591797 24.145919799804688 24.023967742919922 
15.881343841552734 15.26147174835205 15.208895683288574 15.328607559204102 15.767007827758789 15.737119674682617 15.659232139587402 15.592896461486816 17.755807876586914 15.488448143005371 15.868255615234375 16.017375946044922 15.605504035949707 16.717727661132812 15.498175621032715 15.52841567993164 
29.858848571777344 23.450048446655273 23.431072235107422 23.698623657226562 24.1167049407959 24.43667221069336 36.557342529296875 23.581951141357422 25.359264373779297 23.725631713867188 23.85327911376953 23.586559295654297 23.737184524536133 23.69308853149414 23.827232360839844 23.83558464050293 
15.811871528625488 15.341216087341309 15.351967811584473 15.71343994140625 15.465791702270508 15.577216148376465 15.824000358581543 15.923232078552246 17.9583683013916 15.313247680664062 15.393856048583984 15.583200454711914 16.273855209350586 15.720352172851562 16.065248489379883 16.157215118408203 
33.01027297973633 23.585567474365234 24.136287689208984 24.150047302246094 24.10425567626953 23.896160125732422 23.786495208740234 24.148639678955078 27.799039840698242 23.81804847717285 23.99113655090332 23.788799285888672 23.738176345825195 23.63052749633789 23.916351318359375 23.481536865234375 
16.70675277709961 15.262847900390625 15.212736129760742 15.566783905029297 15.540767669677734 15.534015655517578 15.704000473022461 15.824095726013184 19.550336837768555 15.320128440856934 15.422528266906738 15.545568466186523 15.501152038574219 15.427680015563965 15.785696029663086 15.43939208984375 
29.816608428955078 23.405536651611328 23.798240661621094 23.742687225341797 23.69558334350586 23.7969913482666 24.679296493530273 24.477567672729492 27.782207489013672 23.75551986694336 23.91587257385254 23.60089683532715 23.643455505371094 23.709951400756836 23.780256271362305 24.236000061035156 
15.82374382019043 15.377408027648926 15.294783592224121 15.62063980102539 15.489151954650879 15.51427173614502 15.559136390686035 15.656288146972656 17.985631942749023 15.357536315917969 16.455936431884766 15.428768157958984 16.357568740844727 15.404031753540039 15.88259220123291 16.189504623413086 
29.837120056152344 23.531904220581055 23.934751510620117 23.708415985107422 23.672224044799805 24.366559982299805 29.295743942260742 23.796768188476562 28.86307144165039 23.719392776489258 24.647775650024414 24.181503295898438 23.737728118896484 24.098400115966797 24.11257553100586 23.49577522277832 
15.822463989257812 15.293824195861816 15.276512145996094 15.626303672790527 15.881983757019043 15.972672462463379 15.75487995147705 15.68899154663086 15.838208198547363 15.390175819396973 16.199296951293945 15.644991874694824 15.911456108093262 16.003679275512695 15.516575813293457 15.5033597946167 
29.932832717895508 23.421600341796875 23.34262466430664 24.049663543701172 24.410783767700195 24.562047958374023 29.61667251586914 23.847455978393555 26.709440231323242 23.770368576049805 24.215839385986328 23.967872619628906 23.83228874206543 23.680992126464844 23.701984405517578 24.081632614135742 
16.868576049804688 15.288479804992676 15.365792274475098 15.460672378540039 15.680704116821289 15.568384170532227 15.574975967407227 15.569215774536133 18.26518440246582 15.44547176361084 15.558303833007812 15.556575775146484 16.600736618041992 15.459903717041016 16.053695678710938 15.763839721679688 
30.667743682861328 23.409791946411133 23.60371208190918 23.661312103271484 24.495519638061523 24.22764778137207 23.937280654907227 23.953760147094727 28.114303588867188 23.86262321472168 23.501407623291016 23.93903923034668 23.732927322387695 23.601024627685547 23.583648681640625 23.938751220703125 
15.886143684387207 15.357343673706055 15.307999610900879 15.58073616027832 15.59382438659668 15.751680374145508 15.81174373626709 15.942496299743652 17.886367797851562 15.255200386047363 16.301855087280273 15.433504104614258 16.210208892822266 15.488415718078613 15.604703903198242 16.360000610351562 
29.827167510986328 23.43471908569336 23.940351486206055 24.55187225341797 24.6592960357666 24.149887084960938 23.833471298217773 24.269695281982422 28.196191787719727 23.62326431274414 23.696287155151367 25.070816040039062 23.81056022644043 23.95782470703125 24.11235237121582 24.200191497802734 
16.314943313598633 15.350048065185547 15.420928001403809 15.373663902282715 15.371935844421387 15.476287841796875 15.696864128112793 15.778656005859375 18.323488235473633 15.280096054077148 15.827199935913086 15.882047653198242 15.808575630187988 15.749407768249512 16.127967834472656 16.356000900268555 
29.74297523498535 23.666688919067383 23.48428726196289 23.961183547973633 24.836095809936523 24.670495986938477 23.84828758239746 23.74393653869629 28.016128540039062 23.68239974975586 23.823936462402344 24.03651237487793 23.781824111938477 23.905855178833008 24.06025505065918 24.22947120666504 
16.314943313598633 15.362015724182129 15.366720199584961 15.332799911499023 15.364095687866211 15.76966381072998 16.048704147338867 15.8635835647583 18.40937614440918 15.2194242477417 15.48953628540039 16.291488647460938 16.02672004699707 15.701312065124512 15.503999710083008 15.447903633117676 
46.00614547729492 38.66377639770508 40.50569534301758 142.888671875 38.51417541503906 40.73846435546875 40.702335357666016 40.03571319580078 47.5365104675293 38.922943115234375 38.94297790527344 38.447872161865234 39.20048141479492 38.8441276550293 38.63875198364258 39.07660675048828 
28.121152877807617 18.831680297851562 18.796287536621094 18.861120223999023 18.835424423217773 19.03209686279297 19.17964744567871 19.658336639404297 21.284191131591797 19.750303268432617 19.5762882232666 20.01580810546875 19.470815658569336 19.54694366455078 19.763456344604492 19.59270477294922 
45.767295837402344 40.28860855102539 39.69900894165039 155.9672393798828 38.26883316040039 131.0413818359375 38.34431838989258 40.2872314453125 45.455265045166016 38.39379119873047 38.644222259521484 38.860286712646484 39.269630432128906 39.21846389770508 38.75798416137695 39.53353500366211 
26.33180809020996 18.86729621887207 18.852895736694336 18.98534393310547 19.243743896484375 19.251935958862305 19.160383224487305 19.16009521484375 23.898656845092773 19.530303955078125 19.448575973510742 19.165151596069336 19.495168685913086 19.463136672973633 19.387104034423828 19.53673553466797 
45.72447967529297 38.224449157714844 40.10768127441406 158.7137908935547 38.222816467285156 39.72819137573242 40.26044845581055 39.87763214111328 48.71449661254883 38.489471435546875 38.92675018310547 38.43519973754883 38.77462387084961 38.80803298950195 38.580543518066406 38.74515151977539 
28.460800170898438 18.778783798217773 18.888063430786133 19.150304794311523 19.17078399658203 19.08505630493164 19.17750358581543 19.227296829223633 23.38115119934082 19.896032333374023 19.260608673095703 19.219263076782227 19.484703063964844 19.24403190612793 19.46713638305664 19.232736587524414 
45.65568161010742 38.609344482421875 38.96473693847656 148.7804412841797 38.501792907714844 39.26643371582031 39.44745635986328 39.25337600708008 46.809791564941406 38.994049072265625 38.943424224853516 38.596065521240234 38.77257537841797 38.8809928894043 38.5399055480957 38.99305725097656 
27.654560089111328 18.829408645629883 18.824960708618164 19.005632400512695 19.083200454711914 19.238880157470703 19.1494083404541 19.010175704956055 23.71900749206543 20.027679443359375 19.45542335510254 19.2576961517334 19.53753662109375 19.39232063293457 19.505664825439453 19.35856056213379 
45.87456130981445 40.01705551147461 40.422080993652344 183.2876739501953 38.33827209472656 39.38700866699219 39.487422943115234 40.29827117919922 46.13225555419922 38.579776763916016 39.566017150878906 38.46521759033203 38.84377670288086 38.70399856567383 38.589664459228516 38.54489517211914 
26.368703842163086 18.875200271606445 18.85513687133789 18.8654727935791 18.874752044677734 18.895647048950195 19.067903518676758 19.13711929321289 22.486047744750977 19.676319122314453 19.332735061645508 19.584352493286133 19.679359436035156 19.519071578979492 19.342975616455078 19.78668785095215 
45.77763366699219 38.30915069580078 40.75494384765625 40.704769134521484 119.06230163574219 38.3089599609375 39.854209899902344 41.316062927246094 48.037025451660156 38.526241302490234 38.94895935058594 38.72969436645508 39.12550354003906 39.09049606323242 39.38876724243164 38.723934173583984 
26.549535751342773 18.79635238647461 18.859264373779297 19.273759841918945 19.43395233154297 19.475296020507812 19.749343872070312 19.84998321533203 22.63327980041504 19.750303268432617 19.345279693603516 19.134336471557617 19.504640579223633 20.156415939331055 19.610015869140625 19.55855941772461 
45.770816802978516 38.6104621887207 40.20220947265625 160.0635528564453 38.25651168823242 39.240928649902344 40.144287109375 40.28976058959961 48.17900848388672 38.727294921875 39.027809143066406 38.52851104736328 39.0546875 38.8221435546875 39.268798828125 38.74867248535156 
25.907167434692383 18.889888763427734 18.88003158569336 18.883264541625977 18.975648880004883 19.03740882873535 19.097824096679688 19.11248016357422 22.833919525146484 19.725536346435547 19.443552017211914 19.240415573120117 19.623775482177734 19.883520126342773 19.278879165649414 19.50912094116211 
45.71324920654297 39.237152099609375 41.66534423828125 40.76553726196289 115.70889282226562 38.2762565612793 40.356449127197266 41.214942932128906 48.086143493652344 38.77164840698242 38.60454559326172 38.47808074951172 38.963104248046875 38.68864059448242 38.69318389892578 38.66281509399414 
26.589216232299805 18.869504928588867 18.838720321655273 18.967872619628906 19.023487091064453 19.145503997802734 19.01740837097168 19.057952880859375 22.720544815063477 19.71843147277832 20.94316864013672 19.269023895263672 19.429407119750977 19.39344024658203 19.305856704711914 19.640703201293945 
45.8152961730957 38.233665466308594 40.174625396728516 153.73333740234375 38.18703842163086 39.092960357666016 39.38832092285156 39.24335861206055 45.93641662597656 39.26448059082031 39.41667175292969 38.877601623535156 38.72150421142578 38.6921272277832 38.57449722290039 38.955711364746094 
26.254112243652344 18.81305694580078 18.773855209350586 18.966367721557617 19.17635154724121 19.080480575561523 19.067520141601562 19.168256759643555 22.320127487182617 19.380800247192383 19.55459213256836 19.374271392822266 19.352127075195312 19.143999099731445 19.206111907958984 19.358976364135742 
45.685150146484375 38.25593566894531 40.51420974731445 162.70054626464844 38.272705078125 40.305728912353516 40.27481460571289 40.52751922607422 45.27644729614258 38.732608795166016 38.69401550292969 38.67647933959961 38.5272331237793 38.76166534423828 39.19535827636719 38.61849594116211 
28.631103515625 18.87491226196289 18.84079933166504 18.84671974182129 18.98534393310547 19.07209587097168 19.11574363708496 19.086111068725586 22.899520874023438 19.614431381225586 19.333696365356445 19.182815551757812 19.610559463500977 19.27996826171875 19.059200286865234 19.42064094543457 
28.200576782226562 21.41334342956543 21.612159729003906 22.417631149291992 22.56777572631836 22.609983444213867 35.69500732421875 21.96713638305664 25.714784622192383 22.183263778686523 21.919071197509766 22.154207229614258 22.282976150512695 22.25712013244629 21.93734359741211 22.46895980834961 
20.765535354614258 15.266592025756836 15.141663551330566 15.249407768249512 15.379712104797363 15.399968147277832 15.438207626342773 15.510560035705566 19.019392013549805 16.798784255981445 15.687135696411133 16.07049560546875 15.5546236038208 15.68124771118164 16.266559600830078 15.930496215820312 
52.724769592285156 21.68169593811035 21.444704055786133 21.771167755126953 21.95689582824707 22.035648345947266 22.18329620361328 33.01414489746094 25.6562557220459 22.055328369140625 21.645023345947266 22.568992614746094 22.439456939697266 21.907968521118164 21.64678382873535 22.260095596313477 
19.533504486083984 15.214783668518066 15.16102409362793 15.230624198913574 15.251903533935547 15.63212776184082 15.829183578491211 16.01024055480957 18.719648361206055 21.542943954467773 15.940544128417969 15.398752212524414 15.605888366699219 16.43791961669922 15.482399940490723 15.415040016174316 
60.86598587036133 21.49523162841797 21.558656692504883 22.454944610595703 22.617055892944336 22.551103591918945 22.37548828125 22.189727783203125 24.704191207885742 22.06671905517578 22.27347183227539 22.182783126831055 21.851072311401367 22.159936904907227 22.363008499145508 22.009599685668945 
19.2741756439209 15.249759674072266 15.17683219909668 15.376959800720215 15.345727920532227 15.753727912902832 15.72652816772461 15.549375534057617 18.141727447509766 16.333791732788086 15.995936393737793 15.801088333129883 16.611679077148438 15.363295555114746 15.610848426818848 16.180831909179688 
39.070465087890625 21.691680908203125 21.673503875732422 21.91164779663086 21.994272232055664 21.85647964477539 58.99814224243164 21.760896682739258 25.235456466674805 22.309471130371094 21.91859245300293 22.296768188476562 22.206144332885742 22.288415908813477 22.097312927246094 22.013599395751953 
18.503456115722656 15.230303764343262 15.194304466247559 15.209440231323242 15.29747200012207 15.322784423828125 15.367487907409668 15.598336219787598 18.204511642456055 20.374143600463867 15.671903610229492 15.49449634552002 16.32326316833496 16.112287521362305 15.745183944702148 16.468576431274414 
53.56643295288086 21.461599349975586 21.634431838989258 21.950559616088867 22.06038475036621 22.403072357177734 22.514368057250977 45.756385803222656 26.82195281982422 22.134239196777344 22.904767990112305 22.022239685058594 22.182720184326172 21.96998405456543 22.555967330932617 22.015743255615234 
15.918047904968262 15.266079902648926 15.272512435913086 15.262656211853027 15.26585578918457 15.29967975616455 15.336383819580078 15.387231826782227 19.185728073120117 21.778688430786133 15.527135848999023 16.178720474243164 16.206655502319336 15.440896034240723 16.59071922302246 15.632320404052734 
39.569183349609375 21.661663055419922 21.635744094848633 21.80463981628418 21.75347137451172 21.997312545776367 22.05193519592285 22.18012809753418 22.19055938720703 22.471904754638672 21.94108772277832 22.48067283630371 22.275680541992188 21.928768157958984 22.21183967590332 21.923295974731445 
20.977760314941406 15.15401554107666 15.250335693359375 15.429471969604492 15.354368209838867 15.756735801696777 15.886783599853516 15.861727714538574 18.068511962890625 19.6778564453125 15.611295700073242 15.416895866394043 15.735136032104492 15.575967788696289 15.972991943359375 15.85654354095459 
52.64019012451172 21.496288299560547 21.56278419494629 21.7956485748291 21.821504592895508 21.894176483154297 21.96384048461914 40.81340789794922 26.823999404907227 22.0948486328125 22.095455169677734 22.24553680419922 21.86614418029785 22.136383056640625 22.12873649597168 22.2906551361084 
16.215103149414062 15.292896270751953 15.251423835754395 15.54633617401123 15.557120323181152 15.422080039978027 15.327775955200195 15.40009593963623 19.268640518188477 20.98303985595703 15.830528259277344 15.27667236328125 15.327872276306152 16.12505531311035 15.32256031036377 15.851231575012207 
52.683006286621094 21.640703201293945 21.552703857421875 21.763519287109375 22.006656646728516 22.37958335876465 67.17225646972656 21.662080764770508 26.24883270263672 22.128992080688477 21.95052719116211 22.008991241455078 22.97443199157715 22.197599411010742 22.07529640197754 22.259519577026367 
18.66851234436035 15.184191703796387 15.321248054504395 15.52137565612793 15.371711730957031 15.4017915725708 15.52019214630127 15.61257553100586 19.23379135131836 20.778112411499023 16.020095825195312 15.927007675170898 16.071775436401367 15.83289623260498 15.939423561096191 16.214815139770508 
53.72351837158203 21.732511520385742 21.522432327270508 21.743999481201172 22.073183059692383 21.974239349365234 21.970399856567383 22.59440040588379 25.73075294494629 22.192031860351562 21.669279098510742 22.29203224182129 21.978368759155273 22.043519973754883 22.1015682220459 22.32524871826172 
20.68409538269043 15.323616027832031 15.145119667053223 15.215680122375488 15.310591697692871 15.28927993774414 15.292736053466797 15.678208351135254 19.58905601501465 16.976991653442383 15.906944274902344 15.682111740112305 15.357855796813965 16.10585594177246 15.64566421508789 15.48412799835205 
51.6212158203125 21.682432174682617 22.237184524536133 22.708255767822266 22.606367111206055 22.36675262451172 72.26927947998047 21.55695915222168 26.08367919921875 22.043807983398438 22.2554874420166 22.041343688964844 22.33123207092285 22.528959274291992 22.160160064697266 22.526304244995117 
17.97862434387207 15.171199798583984 15.323871612548828 15.562175750732422 15.558239936828613 15.550016403198242 15.593119621276855 15.627327919006348 18.485919952392578 16.351903915405273 16.1375675201416 15.772031784057617 15.855327606201172 15.58291244506836 15.70524787902832 15.863936424255371 
70.00102233886719 26.268800735473633 26.6342716217041 27.67158317565918 27.714208602905273 27.615903854370117 27.518112182617188 81.50662231445312 34.65910339355469 27.02556800842285 26.985824584960938 26.86457633972168 26.7326717376709 26.81987190246582 27.008256912231445 27.32659149169922 
44.911903381347656 26.304479598999023 27.30918312072754 27.66988754272461 27.24345588684082 27.1975040435791 27.73094367980957 28.99875259399414 36.615230560302734 26.982912063598633 26.721311569213867 26.66169548034668 27.002239227294922 27.148160934448242 26.9704647064209 26.91324806213379 
43.775936126708984 26.9069766998291 27.174720764160156 27.066112518310547 27.601951599121094 27.319072723388672 27.30918312072754 27.535648345947266 33.717472076416016 26.83843231201172 27.061119079589844 26.80713653564453 27.040416717529297 27.0916805267334 27.18134307861328 26.746559143066406 
45.91904067993164 26.340383529663086 26.908159255981445 27.07961654663086 26.839967727661133 27.800447463989258 27.280736923217773 27.228288650512695 35.551456451416016 26.675296783447266 26.766752243041992 27.0032958984375 26.996768951416016 27.104415893554688 26.863744735717773 26.79302406311035 
45.828609466552734 26.384639739990234 27.290752410888672 27.57004737854004 27.27129554748535 27.367935180664062 27.070783615112305 27.27827262878418 34.11759948730469 26.839807510375977 26.77961540222168 26.78233528137207 27.013952255249023 27.045663833618164 26.884031295776367 26.772863388061523 
43.79420852661133 26.383392333984375 27.090784072875977 27.553279876708984 27.546432495117188 27.57494354248047 27.556127548217773 27.85958480834961 38.02668762207031 26.7042236328125 26.709888458251953 26.782047271728516 28.49420738220215 26.950111389160156 26.9354248046875 26.922367095947266 
43.80672073364258 26.402463912963867 26.709983825683594 27.559680938720703 26.917280197143555 27.808095932006836 27.83087921142578 27.400672912597656 34.58768081665039 26.85500717163086 26.704608917236328 27.220895767211914 27.202495574951172 26.847808837890625 26.700544357299805 26.898815155029297 
42.812286376953125 26.57526397705078 26.654815673828125 27.15398406982422 27.323999404907227 27.68067169189453 27.34636878967285 27.4803524017334 35.491390228271484 26.634624481201172 27.19171142578125 27.132383346557617 27.31395149230957 26.955007553100586 26.58563232421875 26.952415466308594 
43.76047897338867 26.380735397338867 27.48863983154297 27.399295806884766 27.319263458251953 27.970048904418945 28.053312301635742 27.925504684448242 36.216800689697266 26.814783096313477 27.88742446899414 26.75129508972168 26.80780792236328 26.858816146850586 28.486783981323242 26.77177619934082 
43.809120178222656 26.419296264648438 27.11743927001953 27.117279052734375 28.23094367980957 28.142911911010742 27.04096031188965 27.409664154052734 37.102046966552734 26.558687210083008 26.801759719848633 27.090303421020508 26.830495834350586 26.699871063232422 27.13091278076172 27.145727157592773 
44.28678512573242 36.488895416259766 37.234336853027344 36.4029426574707 52.35539245605469 35.451839447021484 37.793663024902344 37.10383987426758 42.33612823486328 36.23945617675781 36.038177490234375 35.89811325073242 36.831390380859375 35.36979293823242 35.56825637817383 35.54054260253906 
19.269439697265625 18.857696533203125 19.104768753051758 19.123519897460938 19.536352157592773 19.693344116210938 19.707359313964844 19.60870361328125 23.145984649658203 19.917600631713867 19.249984741210938 19.95359992980957 20.024927139282227 19.95212745666504 19.684127807617188 19.705759048461914 
41.91551971435547 35.22854232788086 36.025150299072266 36.31049728393555 45.7022705078125 35.438751220703125 36.27644729614258 36.47862243652344 43.2163200378418 35.308128356933594 37.14102554321289 35.75788879394531 35.40204620361328 35.427616119384766 35.46255874633789 35.49148941040039 
19.139039993286133 18.819520950317383 18.86128044128418 18.983903884887695 19.100736618041992 19.102272033691406 19.100608825683594 19.12076759338379 22.832447052001953 19.905183792114258 19.406240463256836 19.36467170715332 20.542207717895508 19.419328689575195 19.15977668762207 19.344287872314453 
41.988929748535156 35.21206283569336 35.86851119995117 36.414432525634766 54.40198516845703 35.81462478637695 35.57331085205078 35.852447509765625 43.24800109863281 35.885921478271484 35.654239654541016 35.572383880615234 36.02374267578125 35.566078186035156 35.401023864746094 35.37654495239258 
19.144224166870117 18.922592163085938 18.835039138793945 18.99951934814453 19.021055221557617 19.021760940551758 19.112287521362305 19.144607543945312 21.007200241088867 19.77168083190918 19.96998405456543 19.57436752319336 19.629152297973633 19.714080810546875 19.57766342163086 21.16547203063965 
42.084415435791016 36.88774490356445 37.33273696899414 36.124000549316406 44.85628890991211 35.65318298339844 133.57228088378906 35.25088119506836 44.4865608215332 35.423519134521484 35.623870849609375 35.30121612548828 36.31721496582031 35.5162239074707 35.38070297241211 35.59724807739258 
19.219072341918945 18.893375396728516 19.131263732910156 19.27359962463379 19.505216598510742 19.712160110473633 19.728288650512695 19.69615936279297 21.132511138916016 19.688447952270508 19.682239532470703 20.075584411621094 19.734783172607422 19.64739227294922 19.768320083618164 19.369983673095703 
41.941951751708984 35.6346549987793 36.13689422607422 37.43779373168945 47.188385009765625 35.65894317626953 37.536033630371094 37.49814224243164 42.40079879760742 35.296478271484375 35.7088623046875 35.80403137207031 35.668128967285156 35.54220962524414 35.59526443481445 35.56528091430664 
19.243328094482422 18.8656005859375 18.869823455810547 19.15519905090332 19.161407470703125 19.099552154541016 19.209856033325195 19.41062355041504 22.876415252685547 20.60585594177246 19.463424682617188 19.1757755279541 20.057920455932617 19.774208068847656 20.117631912231445 19.556032180786133 
42.03411102294922 35.58291244506836 37.258174896240234 37.472415924072266 36.325599670410156 35.9727668762207 37.10134506225586 36.887550354003906 42.84307098388672 35.428382873535156 35.58448028564453 35.536415100097656 35.49542236328125 35.42496109008789 35.39049530029297 36.239166259765625 
19.14227294921875 18.874208450317383 18.885408401489258 19.447839736938477 19.477792739868164 19.504287719726562 19.47760009765625 19.473535537719727 21.482303619384766 19.67184066772461 19.577472686767578 19.601728439331055 19.927520751953125 19.2478084564209 18.941951751708984 19.54400062561035 
42.06687927246094 35.725887298583984 36.54617691040039 36.64201736450195 42.10780715942383 35.64067077636719 120.24835205078125 35.166656494140625 43.548545837402344 35.54438400268555 35.55094528198242 35.47769546508789 35.229248046875 35.392513275146484 35.750144958496094 35.53657531738281 
19.18560028076172 18.85193634033203 19.223968505859375 19.525184631347656 19.548736572265625 19.525983810424805 19.59347152709961 19.574495315551758 22.20070457458496 19.3753604888916 19.491104125976562 19.12156867980957 19.140544891357422 19.4117431640625 19.509567260742188 19.875520706176758 
42.02876663208008 35.774017333984375 36.00511932373047 36.651329040527344 43.727840423583984 35.770015716552734 37.15897750854492 36.47075271606445 42.924095153808594 35.47612762451172 35.477664947509766 35.59360122680664 35.510494232177734 35.568321228027344 35.47488021850586 35.48659133911133 
19.163679122924805 18.882335662841797 18.827167510986328 18.895008087158203 18.916736602783203 19.103647232055664 19.107711791992188 19.172704696655273 22.96659278869629 19.607423782348633 19.34480094909668 19.597759246826172 19.541568756103516 20.11734390258789 19.3591365814209 19.47724723815918 
41.9769287109375 35.49443054199219 36.478431701660156 36.53065490722656 47.87308883666992 35.88137435913086 36.3744010925293 36.59523010253906 42.504737854003906 35.65574264526367 35.84220886230469 35.640350341796875 35.63894271850586 35.502113342285156 35.57484817504883 35.31321716308594 
19.152095794677734 18.869983673095703 18.840736389160156 19.377695083618164 19.33523178100586 19.414880752563477 19.370912551879883 19.37081527709961 23.787904739379883 19.725568771362305 19.277055740356445 19.422143936157227 19.451391220092773 19.342975616455078 19.454591751098633 19.514144897460938 
42.09734344482422 34.9747200012207 36.85529708862305 37.53644943237305 53.420257568359375 35.812416076660156 105.25389099121094 35.03260803222656 42.48089599609375 35.59628677368164 35.73379135131836 35.34783935546875 35.41328048706055 35.28307342529297 35.34396743774414 35.39388656616211 
19.158496856689453 18.86956787109375 18.857023239135742 19.093088150024414 19.114656448364258 19.06268882751465 19.239200592041016 19.489599227905273 22.84899139404297 20.047775268554688 19.185152053833008 18.960256576538086 19.67513656616211 19.752416610717773 20.394176483154297 19.40265655517578 
29.205087661743164 23.265247344970703 23.482751846313477 24.053119659423828 24.28927993774414 68.60221099853516 23.54275131225586 23.685504913330078 27.913312911987305 24.338687896728516 23.896831512451172 23.606719970703125 23.881248474121094 24.057567596435547 23.823328018188477 23.94108772277832 
18.2607364654541 17.659839630126953 18.00739288330078 18.08367919921875 18.657215118408203 18.807231903076172 18.688159942626953 18.540672302246094 19.970048904418945 18.112960815429688 18.141183853149414 18.109119415283203 17.82953643798828 18.30678367614746 18.171424865722656 18.25916862487793 
33.17356872558594 23.633216857910156 23.652063369750977 23.724319458007812 23.823200225830078 24.158592224121094 24.789024353027344 24.556896209716797 29.766111373901367 24.11667251586914 24.233152389526367 24.086624145507812 23.815776824951172 23.99350357055664 23.79596710205078 23.845504760742188 
18.3558406829834 17.654943466186523 17.853727340698242 18.179967880249023 18.319551467895508 18.337888717651367 18.584575653076172 18.611936569213867 22.088672637939453 18.3143367767334 17.96940803527832 18.437152862548828 18.117759704589844 18.100799560546875 18.005632400512695 18.182016372680664 
40.503135681152344 23.266239166259766 23.355424880981445 24.015615463256836 24.929887771606445 24.903295516967773 40.46806335449219 23.738784790039062 27.254976272583008 24.20867156982422 23.722911834716797 23.70889663696289 23.941951751708984 24.107616424560547 24.209280014038086 24.19820785522461 
18.325408935546875 17.800960540771484 17.75676727294922 18.097984313964844 18.092639923095703 17.984832763671875 17.9289608001709 18.037120819091797 20.980928421020508 18.456575393676758 17.959936141967773 18.133760452270508 18.055007934570312 18.17046356201172 18.16761589050293 17.98044776916504 
34.288352966308594 23.616928100585938 23.58255958557129 23.836992263793945 24.93881607055664 24.782943725585938 24.308799743652344 24.084320068359375 28.024831771850586 24.256256103515625 24.29408073425293 24.389568328857422 24.268159866333008 24.245664596557617 24.381471633911133 23.935680389404297 
18.33148765563965 17.59894371032715 17.634719848632812 17.802143096923828 18.04684829711914 17.997760772705078 18.155296325683594 18.532224655151367 21.690784454345703 18.74847984313965 18.173248291015625 18.337247848510742 18.95180892944336 18.061664581298828 17.97667121887207 18.283327102661133 
36.29654312133789 23.703039169311523 23.681503295898438 23.900127410888672 23.926271438598633 24.05036735534668 24.078943252563477 24.613887786865234 28.578880310058594 23.70787239074707 24.05299186706543 23.79052734375 23.82863998413086 24.198720932006836 23.96633529663086 24.00383949279785 
18.334815979003906 17.837440490722656 18.131935119628906 18.09619140625 18.75529670715332 18.595327377319336 18.428512573242188 18.317184448242188 21.118783950805664 18.17513656616211 18.189504623413086 18.097280502319336 18.08198356628418 18.18992042541504 18.02137565612793 18.243871688842773 
38.48214340209961 23.6378231048584 24.003551483154297 24.42736053466797 95.96419525146484 23.45145606994629 23.583904266357422 23.82032012939453 27.674591064453125 23.931039810180664 23.808639526367188 23.997472763061523 23.769311904907227 23.948192596435547 23.84771156311035 24.000320434570312 
18.546239852905273 17.727136611938477 18.070783615112305 18.12348747253418 18.186975479125977 18.203231811523438 18.46227264404297 18.402751922607422 18.307039260864258 18.158527374267578 18.32134437561035 18.147968292236328 18.088640213012695 18.055936813354492 18.454496383666992 18.235904693603516 
34.16649627685547 23.343807220458984 23.575647354125977 24.352832794189453 24.543807983398438 24.25708770751953 23.92095947265625 24.04572868347168 29.24627113342285 23.92412757873535 24.489791870117188 23.981855392456055 23.99897575378418 24.30143928527832 24.33692741394043 24.16636848449707 
18.35932731628418 17.99977684020996 18.11427116394043 18.183616638183594 18.07948875427246 17.98873519897461 17.93631935119629 17.894847869873047 21.477439880371094 18.190879821777344 18.22425651550293 17.98240089416504 18.087263107299805 18.06096076965332 18.193056106567383 18.82646369934082 
32.101951599121094 23.728864669799805 23.466495513916016 23.846784591674805 24.647775650024414 24.281600952148438 24.18681526184082 29.561983108520508 27.6463680267334 24.107616424560547 23.866559982299805 23.925600051879883 24.109983444213867 23.90496063232422 24.19219207763672 23.93724822998047 
18.30950355529785 17.73651123046875 17.86582374572754 17.783456802368164 17.991039276123047 17.954496383666992 18.15500831604004 18.190719604492188 18.62895965576172 18.034528732299805 18.000608444213867 17.968992233276367 17.654016494750977 18.03708839416504 17.97270393371582 18.194271087646484 
35.27113723754883 23.40108871459961 23.541343688964844 24.34048080444336 24.549503326416016 24.575199127197266 47.746849060058594 23.75775909423828 28.546335220336914 24.21731185913086 24.05638313293457 23.55219268798828 23.815807342529297 24.040544509887695 23.80601692199707 23.827007293701172 
18.339519500732422 17.678272247314453 18.164960861206055 18.2040958404541 18.393056869506836 18.48521614074707 18.380704879760742 18.357215881347656 21.172319412231445 18.09903907775879 18.075424194335938 18.10326385498047 18.113439559936523 19.063743591308594 18.030271530151367 18.217248916625977 
30.007936477661133 23.662015914916992 23.730623245239258 24.35625648498535 24.468128204345703 23.963232040405273 63.739776611328125 23.564863204956055 28.877216339111328 23.67830467224121 24.16223907470703 23.732831954956055 23.776287078857422 24.21308708190918 24.066879272460938 24.357343673706055 
18.395008087158203 17.9171199798584 18.033056259155273 18.39638328552246 18.44121551513672 18.44486427307129 18.379615783691406 18.2109432220459 22.10848045349121 18.440000534057617 18.086463928222656 18.005504608154297 18.168703079223633 18.17795181274414 18.264991760253906 18.20207977294922 
42.5810546875 26.89094352722168 27.39948844909668 27.977951049804688 28.15782356262207 29.03558349609375 28.283424377441406 28.721376419067383 31.710399627685547 27.373727798461914 27.344127655029297 27.345632553100586 27.432960510253906 27.472448348999023 27.36288070678711 27.486431121826172 
400.246826171875 19.543615341186523 19.505952835083008 19.828384399414062 19.864063262939453 19.86150360107422 19.892223358154297 19.924543380737305 23.961151123046875 20.553279876708984 20.17638397216797 20.542367935180664 21.440832138061523 20.426015853881836 20.38640022277832 20.177696228027344 
51.84214401245117 27.149696350097656 27.297119140625 28.449792861938477 28.840864181518555 28.223520278930664 32.54550552368164 27.685407638549805 31.12188720703125 27.60758399963379 27.541343688964844 27.67840003967285 27.648639678955078 27.5248966217041 27.512351989746094 27.431072235107422 
495.4261779785156 19.55846405029297 19.811872482299805 19.99295997619629 20.2490234375 20.37824058532715 20.546592712402344 20.61315155029297 23.7127685546875 21.083648681640625 20.58233642578125 20.318912506103516 21.12838363647461 20.255935668945312 20.38982391357422 20.178783416748047 
45.59833526611328 26.913631439208984 27.65228843688965 29.194656372070312 28.298431396484375 28.364896774291992 28.39801597595215 63.449153900146484 33.7097282409668 27.517183303833008 27.477632522583008 27.196319580078125 27.531295776367188 27.479040145874023 27.47542381286621 27.67750358581543 
491.63067626953125 19.50601577758789 19.531232833862305 19.645952224731445 19.741600036621094 19.786048889160156 19.840351104736328 19.85772705078125 24.009952545166016 20.59654426574707 20.056320190429688 20.801727294921875 20.124704360961914 20.501184463500977 20.084192276000977 20.374143600463867 
50.803009033203125 27.0183048248291 27.33919906616211 27.807519912719727 29.091615676879883 28.439199447631836 34.91059112548828 27.619935989379883 32.896766662597656 27.481632232666016 27.42083168029785 27.494783401489258 27.235103607177734 27.375232696533203 27.560800552368164 27.57219123840332 
508.0902404785156 19.583999633789062 19.669696807861328 19.810880661010742 20.412927627563477 20.354047775268555 20.291072845458984 20.17945671081543 24.19913673400879 20.523103713989258 20.412256240844727 20.41916847229004 20.42198371887207 20.52060890197754 20.19196891784668 20.323583602905273 
51.897377014160156 27.224895477294922 27.688512802124023 28.20694351196289 28.7508487701416 27.993087768554688 32.574432373046875 27.727615356445312 32.129920959472656 27.316383361816406 27.429792404174805 27.40959930419922 27.4751033782959 27.380224227905273 27.385408401489258 27.423744201660156 
495.12884521484375 19.519071578979492 19.513824462890625 19.647199630737305 19.769119262695312 19.778112411499023 19.850784301757812 20.03340721130371 23.543935775756836 20.420703887939453 20.201568603515625 20.439456939697266 20.480064392089844 20.099584579467773 19.96553611755371 20.724735260009766 
58.137184143066406 27.73721694946289 28.06585693359375 27.7938232421875 28.20364761352539 27.805952072143555 28.25472068786621 28.605344772338867 31.77337646484375 27.70832061767578 27.61846351623535 27.518112182617188 28.048831939697266 27.816768646240234 27.43187141418457 27.327552795410156 
511.118408203125 19.521215438842773 19.544864654541016 19.58006477355957 19.753311157226562 19.864608764648438 19.892127990722656 19.872032165527344 24.728479385375977 20.729503631591797 20.665760040283203 20.659839630126953 20.658143997192383 20.468416213989258 20.754911422729492 20.154399871826172 
61.30486297607422 27.41267204284668 27.226816177368164 27.330303192138672 28.370464324951172 28.603839874267578 28.024991989135742 28.474559783935547 32.318817138671875 27.603296279907227 27.64249610900879 27.554880142211914 27.46339225769043 27.31772804260254 27.60588836669922 27.356224060058594 
500.2484130859375 19.52617645263672 19.5599365234375 19.64179229736328 19.702112197875977 19.72083282470703 19.88096046447754 19.9052791595459 20.83024024963379 20.507423400878906 20.127168655395508 20.319679260253906 20.43929672241211 20.38390350341797 20.719039916992188 20.731584548950195 
57.123775482177734 27.55411148071289 28.001344680786133 27.96099281311035 28.49942398071289 27.88262367248535 45.15318298339844 27.42073631286621 31.76780891418457 27.63747215270996 27.54560089111328 27.49567985534668 27.422399520874023 27.35251235961914 27.522016525268555 27.510656356811523 
517.8973999023438 19.5467529296875 19.571008682250977 19.553632736206055 19.746496200561523 19.85753631591797 19.899072647094727 20.070528030395508 23.654399871826172 20.392831802368164 20.259679794311523 19.964736938476562 19.96019172668457 20.14851188659668 20.65305519104004 20.598175048828125 
52.91334533691406 27.676767349243164 27.85910415649414 27.533376693725586 28.03932762145996 27.745887756347656 29.76188850402832 28.63279914855957 32.87062454223633 27.546911239624023 27.25775909423828 27.511520385742188 27.62131118774414 27.345247268676758 27.32534408569336 27.310400009155273 
508.8906555175781 19.544416427612305 19.548831939697266 19.562976837158203 20.40239906311035 20.31100845336914 20.40460777282715 20.472000122070312 23.535871505737305 20.32054328918457 20.247648239135742 20.35420799255371 20.15657615661621 20.178848266601562 20.530176162719727 20.12873649597168 
54.003807067871094 27.443103790283203 27.855392456054688 27.86128044128418 28.398752212524414 27.788576126098633 28.883647918701172 34.66825485229492 34.08406448364258 27.232032775878906 27.49884796142578 28.20992088317871 27.52617645263672 27.431232452392578 27.211872100830078 27.282655715942383 
502.4205322265625 19.534847259521484 19.565792083740234 19.74742317199707 19.763456344604492 19.83577537536621 19.943103790283203 19.95792007446289 24.68502426147461 20.899551391601562 20.42697525024414 20.41878318786621 20.28099250793457 20.133344650268555 20.37401580810547 19.991455078125 
60.257408142089844 28.662559509277344 28.563039779663086 29.531551361083984 29.88924789428711 29.753536224365234 29.314016342163086 29.222911834716797 38.248512268066406 28.72604751586914 29.1212158203125 29.15158462524414 28.778560638427734 29.763168334960938 29.05116844177246 28.9368953704834 
101.1608657836914 28.443103790283203 29.045024871826172 29.166431427001953 30.089887619018555 29.11747169494629 29.177824020385742 29.338176727294922 39.18403244018555 29.09270477294922 29.234079360961914 29.062368392944336 29.076831817626953 29.11065673828125 29.031328201293945 28.915584564208984 
62.32406234741211 28.225919723510742 28.20732879638672 29.780479431152344 29.504512786865234 29.945920944213867 29.849727630615234 30.601055145263672 40.263553619384766 28.809152603149414 29.037952423095703 29.353248596191406 28.846656799316406 29.39708709716797 29.29203224182129 29.09231948852539 
55.943294525146484 28.460479736328125 28.46454429626465 29.216447830200195 29.50841522216797 29.88368034362793 29.594432830810547 39.34316635131836 39.740543365478516 29.250656127929688 29.114208221435547 29.161663055419922 29.10963249206543 29.197696685791016 29.662559509277344 29.09779167175293 
60.186561584472656 28.24460792541504 28.172447204589844 29.701215744018555 29.049375534057617 29.36956787109375 29.307615280151367 33.16044616699219 38.95100784301758 28.853696823120117 28.81804847717285 29.502592086791992 28.740991592407227 29.280672073364258 28.731935501098633 29.085567474365234 
59.13951873779297 28.21788787841797 28.256832122802734 28.43712043762207 29.43244743347168 29.447040557861328 29.00044822692871 32.20732879638672 38.92278289794922 29.351808547973633 28.696767807006836 29.0578556060791 28.627487182617188 29.181087493896484 29.518207550048828 29.133407592773438 
61.305023193359375 28.227296829223633 28.360544204711914 29.71980857849121 29.267616271972656 29.71820831298828 29.988576889038086 30.226720809936523 38.88780975341797 28.690975189208984 28.99331283569336 29.104991912841797 28.883647918701172 29.4072322845459 29.17043113708496 28.77257537841797 
60.18809509277344 28.558752059936523 28.596927642822266 29.215839385986328 29.782175064086914 30.14886474609375 29.78976058959961 29.734655380249023 38.46268844604492 29.23948860168457 29.098783493041992 29.20262336730957 29.025535583496094 28.988319396972656 29.09609603881836 28.956960678100586 
62.37507247924805 28.2391357421875 28.282400131225586 29.471328735351562 29.43292808532715 29.662656784057617 29.912384033203125 29.866111755371094 43.66307067871094 28.714080810546875 29.251680374145508 28.694271087646484 28.937984466552734 29.29257583618164 29.38640022277832 28.537151336669922 
61.25334548950195 28.700096130371094 29.05459213256836 29.022016525268555 29.55392074584961 29.140352249145508 29.564224243164062 29.84067153930664 38.847999572753906 29.220352172851562 28.731935501098633 29.156991958618164 28.651968002319336 29.303327560424805 28.74505615234375 29.27484893798828 
47.71254348754883 18.37615966796875 18.326784133911133 18.45369529724121 18.450336456298828 18.723424911499023 19.066112518310547 19.04128074645996 22.011871337890625 19.0199031829834 18.949312210083008 20.03971290588379 18.91551971435547 19.268287658691406 19.449663162231445 18.840320587158203 
19.79964828491211 18.973024368286133 19.045631408691406 19.326784133911133 19.476959228515625 19.53887939453125 19.513248443603516 19.526304244995117 22.97804832458496 19.720928192138672 19.00169563293457 19.287776947021484 19.642047882080078 19.506336212158203 19.30179214477539 19.263423919677734 
59.34307098388672 18.338623046875 18.443584442138672 18.651968002319336 18.667903900146484 18.633663177490234 18.692480087280273 18.783615112304688 23.459840774536133 19.29417610168457 19.030176162719727 18.945087432861328 18.952959060668945 19.19388771057129 19.504640579223633 19.611648559570312 
19.752416610717773 19.280000686645508 19.17571258544922 19.176319122314453 19.27619171142578 19.4783992767334 19.5416316986084 19.521535873413086 22.466047286987305 19.024831771850586 18.91641616821289 18.830591201782227 20.02851104736328 19.205408096313477 19.040895462036133 19.849824905395508 
46.75017547607422 18.386432647705078 18.339935302734375 18.7106876373291 18.742944717407227 19.08678436279297 19.25632095336914 19.18899154663086 23.408607482910156 19.249343872070312 18.928607940673828 18.798784255981445 18.82598304748535 18.906400680541992 20.06172752380371 19.725631713867188 
19.825471878051758 19.115583419799805 19.081279754638672 19.088319778442383 19.13257598876953 19.270111083984375 19.412736892700195 19.538591384887695 18.561695098876953 19.368480682373047 19.149023056030273 19.371231079101562 19.523616790771484 20.082368850708008 19.044960021972656 19.66214370727539 
57.1759033203125 18.34351921081543 18.7096004486084 19.21455955505371 19.33091163635254 19.387008666992188 19.242528915405273 19.141023635864258 23.903488159179688 18.996095657348633 18.836511611938477 19.120256423950195 19.989887237548828 19.132352828979492 19.638303756713867 19.443071365356445 
19.418176651000977 19.21958351135254 19.250944137573242 19.256351470947266 19.448959350585938 19.41062355041504 19.633024215698242 19.557056427001953 22.88140869140625 19.46086311340332 19.54140853881836 19.19913673400879 19.163455963134766 19.592927932739258 19.159008026123047 19.18819236755371 
89.004638671875 18.37068748474121 18.341663360595703 18.893760681152344 18.9453125 19.206464767456055 19.109888076782227 19.01024055480957 23.04547119140625 19.048288345336914 20.181119918823242 19.432832717895508 19.286592483520508 19.687135696411133 19.16659164428711 19.158048629760742 
19.313119888305664 18.814367294311523 18.772159576416016 18.78531265258789 18.761056900024414 18.75164794921875 18.685087203979492 18.79897689819336 22.092960357666016 19.366655349731445 18.922815322875977 19.092992782592773 19.264415740966797 19.01593589782715 20.42291259765625 19.740447998046875 
73.97238159179688 18.34432029724121 18.383712768554688 18.64588737487793 18.637887954711914 18.63055992126465 18.588512420654297 18.67171287536621 23.628639221191406 19.43984031677246 19.571231842041016 19.557024002075195 19.598079681396484 19.19913673400879 19.119232177734375 19.000640869140625 
19.03900718688965 18.63167953491211 18.6429443359375 18.662080764770508 18.825183868408203 18.95145606994629 19.3338565826416 19.367584228515625 22.441471099853516 19.178752899169922 18.922880172729492 19.202655792236328 19.03545570373535 19.418495178222656 19.92207908630371 19.795040130615234 
60.38422393798828 18.439359664916992 18.605472564697266 18.77084732055664 18.85081672668457 18.8670711517334 18.918720245361328 19.12895965576172 25.383935928344727 19.364351272583008 19.338367462158203 19.369504928588867 18.92620849609375 18.89904022216797 19.00704002380371 19.622047424316406 
19.49395179748535 18.796127319335938 18.790943145751953 18.826528549194336 18.992000579833984 19.147968292236328 19.341184616088867 19.244895935058594 21.98636817932129 19.594303131103516 19.41561508178711 19.578880310058594 19.285856246948242 19.33238410949707 19.87388801574707 19.0350399017334 
61.3721923828125 18.361568450927734 18.737855911254883 19.060672760009766 18.89801597595215 18.753503799438477 18.704864501953125 18.786367416381836 24.925792694091797 19.454816818237305 18.742399215698242 19.587583541870117 19.709856033325195 19.457504272460938 19.75014305114746 19.25868797302246 
19.91619110107422 19.364320755004883 19.43328094482422 19.475391387939453 19.507999420166016 19.320480346679688 19.262720108032227 19.15894317626953 22.742687225341797 19.35456085205078 19.044767379760742 19.057632446289062 19.220191955566406 19.35491180419922 19.907167434692383 20.18988800048828 
55.067935943603516 18.3272647857666 18.583967208862305 19.117023468017578 19.236223220825195 19.2640323638916 19.218175888061523 19.381183624267578 24.000640869140625 19.284927368164062 20.19113540649414 20.67840003967285 19.624479293823242 19.576160430908203 19.03775978088379 19.016576766967773 
19.324159622192383 18.805152893066406 18.789472579956055 18.866016387939453 18.84934425354004 18.913663864135742 18.881759643554688 18.8492488861084 22.51126480102539 19.478559494018555 18.930944442749023 19.04185676574707 19.150495529174805 19.93654441833496 19.749727249145508 19.344480514526367 
56.19728088378906 18.306175231933594 18.320863723754883 19.049375534057617 19.405536651611328 19.368160247802734 19.055103302001953 19.050495147705078 24.321792602539062 19.532800674438477 19.112159729003906 19.036991119384766 18.972063064575195 18.501087188720703 19.753856658935547 19.427488327026367 
20.263935089111328 18.927488327026367 18.79292869567871 18.90015983581543 19.017087936401367 19.158143997192383 19.32815933227539 19.33635139465332 22.975360870361328 19.196704864501953 19.570751190185547 19.02908706665039 20.23302459716797 19.37763214111328 19.356704711914062 20.438720703125 
55.977630615234375 26.96227264404297 27.32099151611328 27.69353675842285 27.999935150146484 27.702911376953125 50.259521484375 27.282047271728516 32.90275192260742 27.529632568359375 27.295072555541992 27.493087768554688 27.15977668762207 27.454336166381836 27.26710319519043 27.783327102661133 
15.01689624786377 14.272159576416016 14.347552299499512 14.330495834350586 14.6014404296875 14.57910442352295 14.486847877502441 14.511520385742188 16.28927993774414 15.101344108581543 14.603839874267578 14.392448425292969 14.484640121459961 14.849663734436035 15.102368354797363 14.841888427734375 
34.99660873413086 27.10553550720215 27.29462432861328 27.352800369262695 27.733055114746094 27.56934356689453 27.630783081054688 27.886911392211914 34.15248107910156 27.59760093688965 27.326271057128906 27.316640853881836 27.382080078125 26.985279083251953 27.26963233947754 27.31407928466797 
14.958208084106445 14.236096382141113 14.200160026550293 14.466591835021973 14.467007637023926 14.458111763000488 14.472319602966309 14.509535789489746 18.203968048095703 15.485119819641113 14.680831909179688 14.348416328430176 14.643712043762207 14.723423957824707 15.29798412322998 14.884832382202148 
34.87113571166992 26.949567794799805 27.705631256103516 28.1363525390625 27.825952529907227 42.12441635131836 27.21552085876465 27.302080154418945 32.60774230957031 27.1562557220459 27.393632888793945 27.94256019592285 27.507808685302734 27.696640014648438 27.29852867126465 27.729663848876953 
14.948639869689941 14.195712089538574 14.259967803955078 14.426495552062988 14.469504356384277 14.452544212341309 14.623040199279785 14.633567810058594 18.39017677307129 15.287551879882812 15.184191703796387 14.326784133911133 14.458208084106445 14.720383644104004 15.07910442352295 14.924736022949219 
35.01055908203125 27.026464462280273 27.377727508544922 27.715871810913086 27.710784912109375 27.604639053344727 28.333824157714844 27.88230323791504 32.68316650390625 27.263519287109375 27.8088321685791 27.679231643676758 27.141599655151367 27.48464012145996 27.32262420654297 27.43440055847168 
14.94604778289795 14.315263748168945 14.291872024536133 14.36291217803955 14.514880180358887 14.469375610351562 14.466208457946777 14.712544441223145 18.041215896606445 15.153823852539062 14.27990436553955 14.458335876464844 14.576160430908203 14.999327659606934 14.73145580291748 14.631744384765625 
34.914207458496094 27.752256393432617 27.664928436279297 27.665855407714844 28.46028709411621 27.865375518798828 28.30156707763672 28.26643180847168 31.62735939025879 27.37299156188965 27.171743392944336 27.991392135620117 27.574783325195312 27.286815643310547 27.37900733947754 27.20355224609375 
14.975968360900879 14.332544326782227 14.40608024597168 14.430975914001465 14.400639533996582 14.388832092285156 14.379136085510254 14.428863525390625 16.956640243530273 14.73804759979248 14.535360336303711 14.711071968078613 15.107423782348633 14.915424346923828 14.446975708007812 14.468607902526855 
68.59033966064453 27.29193687438965 27.369983673095703 27.376895904541016 27.736000061035156 34.52726364135742 27.328224182128906 26.935775756835938 33.317665100097656 27.261056900024414 27.2728328704834 27.52614402770996 27.391584396362305 27.236543655395508 27.17865562438965 27.669023513793945 
14.906111717224121 14.230463981628418 14.269408226013184 14.349663734436035 14.590911865234375 14.670144081115723 14.467519760131836 14.563360214233398 16.300703048706055 15.058752059936523 14.329695701599121 14.367775917053223 14.999039649963379 15.031871795654297 15.152607917785645 14.458720207214355 
34.98662567138672 27.674367904663086 27.649023056030273 27.67046356201172 27.931711196899414 27.541343688964844 27.53673553466797 126.72185516357422 33.53984069824219 27.398208618164062 27.468608856201172 27.634431838989258 27.41878318786621 27.3503360748291 27.407615661621094 27.743295669555664 
14.893088340759277 14.200960159301758 14.230496406555176 14.493887901306152 14.5283842086792 14.422368049621582 14.480352401733398 14.686911582946777 17.42755126953125 15.51251220703125 14.343839645385742 14.363840103149414 14.873567581176758 15.049407958984375 14.946208000183105 14.317791938781738 
34.95920181274414 27.09760093688965 27.013023376464844 27.533376693725586 28.086496353149414 27.74188804626465 27.946048736572266 27.866207122802734 32.68703842163086 27.26464080810547 27.428991317749023 27.27052879333496 28.051456451416016 27.293407440185547 28.510047912597656 27.59539222717285 
14.95577621459961 14.296768188476562 14.396096229553223 14.499199867248535 14.53264045715332 14.429696083068848 14.465503692626953 14.511967658996582 17.760704040527344 14.914688110351562 14.376352310180664 14.820927619934082 14.403072357177734 14.971551895141602 14.601984024047852 14.7575044631958 
34.924415588378906 27.110624313354492 27.173696517944336 27.841951370239258 28.03241539001465 27.70185661315918 28.042015075683594 27.795455932617188 31.576448440551758 27.296735763549805 27.78166389465332 27.433984756469727 27.573375701904297 27.309663772583008 27.31599998474121 27.247520446777344 
14.86956787109375 14.197376251220703 14.202176094055176 14.25932788848877 14.486944198608398 14.424544334411621 14.618975639343262 14.717503547668457 18.145151138305664 15.187711715698242 14.476736068725586 15.493824005126953 14.941887855529785 14.411423683166504 14.45206356048584 14.746015548706055 
37.0332145690918 27.533504486083984 27.424575805664062 27.65167999267578 28.06643295288086 27.65862464904785 28.71625518798828 129.28387451171875 31.233184814453125 27.203039169311523 27.40662384033203 27.763872146606445 27.310911178588867 27.772319793701172 27.36809539794922 27.016191482543945 
15.039104461669922 14.336959838867188 14.251551628112793 14.426688194274902 14.428128242492676 14.447999954223633 14.47225570678711 14.520992279052734 17.69126319885254 15.529536247253418 14.829631805419922 14.600671768188477 14.8536958694458 15.351584434509277 14.706944465637207 14.354463577270508 
35.63603210449219 21.671615600585938 21.92892837524414 21.855775833129883 21.926847457885742 21.877727508544922 21.932960510253906 116.17878723144531 26.706464767456055 22.057376861572266 22.195968627929688 22.6694393157959 22.22313690185547 22.13260841369629 22.538591384887695 22.239648818969727 
21.041215896606445 20.633760452270508 20.791135787963867 21.300960540771484 21.620704650878906 21.47420883178711 21.25107192993164 21.194080352783203 24.56585693359375 21.66227149963379 20.739648818969727 21.358367919921875 21.415424346923828 21.08336067199707 20.829856872558594 20.794368743896484 
37.86127853393555 21.674848556518555 21.562719345092773 21.746112823486328 22.06934356689453 22.498144149780273 22.515552520751953 194.7373504638672 25.122175216674805 22.42950439453125 22.085119247436523 22.7544002532959 22.11155128479004 22.234399795532227 22.176448822021484 23.222015380859375 
20.73321533203125 20.581727981567383 20.623071670532227 20.871007919311523 21.194271087646484 21.188608169555664 21.110143661499023 21.07676887512207 21.290815353393555 21.411008834838867 20.91574478149414 22.364927291870117 21.04969596862793 20.936288833618164 21.12054443359375 21.095327377319336 
38.89955139160156 21.490848541259766 21.515552520751953 21.955968856811523 22.159391403198242 22.23619270324707 22.071456909179688 130.3736572265625 25.854463577270508 22.030559539794922 22.089120864868164 22.286592483520508 22.242048263549805 22.161535263061523 22.16227149963379 22.308671951293945 
20.85593605041504 20.42572784423828 20.485855102539062 20.66703987121582 20.780223846435547 20.67033576965332 20.93292808532715 21.049888610839844 25.38057518005371 20.95043182373047 21.16771125793457 20.64361572265625 21.16908836364746 20.85638427734375 21.271808624267578 21.86662483215332 
39.993377685546875 21.910911560058594 21.641887664794922 22.33692741394043 22.37398338317871 22.116479873657227 21.961503982543945 213.8930206298828 25.441696166992188 22.01785659790039 22.226655960083008 22.11884880065918 22.257055282592773 22.24367904663086 22.23017692565918 22.599519729614258 
20.97644805908203 20.51468849182129 20.897056579589844 21.060287475585938 21.296192169189453 21.440256118774414 21.359840393066406 21.239072799682617 24.07187271118164 21.010719299316406 21.046560287475586 20.77155113220215 21.001920700073242 21.264127731323242 20.798847198486328 21.117664337158203 
36.8711051940918 21.5314884185791 21.565696716308594 21.835872650146484 22.451488494873047 22.811904907226562 22.3110408782959 214.2118682861328 25.481887817382812 22.18614387512207 22.228607177734375 22.120223999023438 22.489728927612305 21.955360412597656 22.16111946105957 22.503616333007812 
20.95471954345703 20.51456069946289 21.02739143371582 21.23801612854004 21.28201675415039 21.30620765686035 21.262367248535156 21.243743896484375 25.299392700195312 20.974111557006836 20.82326316833496 20.683807373046875 21.038015365600586 21.148576736450195 21.236831665039062 21.514751434326172 
36.84787368774414 21.511999130249023 21.912384033203125 21.923551559448242 22.334016799926758 22.016000747680664 22.118911743164062 119.43990325927734 25.137727737426758 22.812671661376953 22.183935165405273 22.73040008544922 22.3209285736084 22.189599990844727 22.257343292236328 22.161951065063477 
21.655231475830078 20.795839309692383 21.152191162109375 21.28873634338379 21.140575408935547 21.22038459777832 21.168256759643555 21.17673683166504 23.73103904724121 21.091039657592773 20.79155158996582 20.947263717651367 20.8602237701416 21.106367111206055 21.21219253540039 21.082656860351562 
37.91913604736328 21.876928329467773 21.488224029541016 21.89334487915039 22.115615844726562 22.169408798217773 22.374399185180664 204.45919799804688 24.886943817138672 22.353471755981445 21.992351531982422 22.16908836364746 22.46575927734375 22.09164810180664 22.2827205657959 22.552928924560547 
20.98271942138672 20.638975143432617 20.54787254333496 20.734079360961914 20.58777618408203 20.631263732910156 20.6013126373291 20.590112686157227 24.158239364624023 21.105087280273438 20.82489585876465 21.021696090698242 21.628032684326172 20.986976623535156 20.78771209716797 20.92915153503418 
37.93743896484375 21.520959854125977 21.494304656982422 22.03536033630371 22.100448608398438 22.13203239440918 21.957504272460938 131.50816345214844 25.7488956451416 22.164352416992188 22.311616897583008 22.044992446899414 22.270111083984375 22.079328536987305 22.224895477294922 22.605152130126953 
20.983232498168945 20.529695510864258 21.040735244750977 21.531423568725586 21.52035140991211 21.322656631469727 21.24563217163086 21.217344284057617 23.325504302978516 20.965599060058594 20.715808868408203 21.020767211914062 21.022367477416992 21.022720336914062 21.064224243164062 21.244352340698242 
44.06460952758789 21.464319229125977 21.560768127441406 22.391071319580078 22.184799194335938 21.985151290893555 21.97110366821289 238.1122589111328 25.095104217529297 22.0413761138916 22.29100799560547 22.068256378173828 22.25916862487793 22.16102409362793 22.1724796295166 22.43996810913086 
21.025535583496094 20.4487361907959 21.204320907592773 21.407487869262695 21.284191131591797 21.441600799560547 21.357887268066406 21.13167953491211 23.969600677490234 21.093727111816406 20.915775299072266 20.854528427124023 21.068832397460938 21.012351989746094 21.31337547302246 21.935871124267578 
37.87782287597656 21.498912811279297 21.561887741088867 21.994495391845703 22.013824462890625 22.302112579345703 22.590496063232422 203.45155334472656 25.861919403076172 22.160383224487305 22.050495147705078 22.568479537963867 22.204448699951172 22.3525447845459 22.250463485717773 21.91254425048828 
20.810176849365234 20.5446720123291 20.62246322631836 21.056352615356445 21.065216064453125 20.929183959960938 20.772991180419922 20.773792266845703 25.41663932800293 21.009632110595703 20.918527603149414 20.94483184814453 20.819744110107422 21.158720016479492 20.814367294311523 21.503551483154297 
37.718143463134766 20.997407913208008 21.138784408569336 21.233247756958008 21.43996810913086 21.47148895263672 21.53968048095703 22.0729923248291 27.46428871154785 21.450336456298828 21.953184127807617 21.301536560058594 21.33148765563965 21.67616081237793 21.832767486572266 21.63225555419922 
36.512447357177734 21.050207138061523 21.06812858581543 21.299999237060547 21.48681640625 22.92790412902832 22.402111053466797 88.66473388671875 30.42732810974121 21.371488571166992 21.669055938720703 21.654720306396484 21.507904052734375 21.76518440246582 22.006175994873047 21.70457649230957 
36.52864074707031 21.088960647583008 21.091007232666016 21.271072387695312 21.369632720947266 21.464096069335938 21.540191650390625 21.770368576049805 28.452159881591797 21.594816207885742 22.137535095214844 21.412384033203125 21.849376678466797 22.655391693115234 21.457408905029297 21.635391235351562 
39.68979263305664 21.080575942993164 21.265151977539062 21.331775665283203 21.3819522857666 21.279680252075195 21.341503143310547 21.42812728881836 28.04819107055664 21.73289680480957 21.621631622314453 21.570783615112305 21.920480728149414 21.671968460083008 21.608671188354492 21.708864212036133 
37.567169189453125 21.098047256469727 21.087007522583008 21.262880325317383 21.313472747802734 25.044384002685547 21.644960403442383 21.898399353027344 29.10915184020996 21.633087158203125 21.589120864868164 21.40812873840332 21.752704620361328 21.927967071533203 21.43155288696289 21.58310317993164 
36.532127380371094 21.078752517700195 21.276832580566406 21.59574317932129 22.16022491455078 22.731168746948242 21.91644859313965 92.66345977783203 29.941343307495117 21.433055877685547 21.600927352905273 21.871200561523438 21.724863052368164 21.477216720581055 21.833887100219727 21.53068733215332 
37.59852981567383 21.084991455078125 21.417728424072266 21.541311264038086 21.612512588500977 21.499744415283203 21.39628791809082 21.405088424682617 28.84556770324707 21.4050235748291 21.69808006286621 21.398975372314453 21.819488525390625 22.42188835144043 21.414592742919922 21.57686424255371 
38.58969497680664 21.048608779907227 21.0996150970459 21.193632125854492 21.437728881835938 24.21766471862793 22.329439163208008 97.93414306640625 28.382911682128906 21.43609619140625 21.659584045410156 21.939008712768555 21.51740837097168 21.592960357666016 21.876863479614258 21.657472610473633 
38.6346549987793 21.087167739868164 21.086912155151367 21.11417579650879 21.26460838317871 23.121376037597656 21.991680145263672 84.9901123046875 29.93484878540039 21.41049575805664 21.5861759185791 22.04617691040039 21.520736694335938 21.482208251953125 21.757280349731445 21.584768295288086 
40.740638732910156 21.5196475982666 21.478944778442383 21.561664581298828 21.541536331176758 21.597312927246094 21.695615768432617 21.505504608154297 28.89971160888672 21.703872680664062 22.071104049682617 22.40003204345703 21.494783401489258 22.0850887298584 21.517183303833008 21.632064819335938 
50.561790466308594 34.859169006347656 35.80009460449219 35.4087028503418 36.2259521484375 36.79974365234375 35.792510986328125 35.67724609375 42.10121536254883 34.90671920776367 35.57673645019531 34.9705924987793 35.6005744934082 34.87456130981445 35.35945510864258 35.68230438232422 
51.5522575378418 34.478721618652344 36.097694396972656 36.75017547607422 35.932064056396484 35.84377670288086 35.6129264831543 35.99504089355469 44.24607849121094 34.899166107177734 35.3185920715332 34.80246353149414 35.29811096191406 35.237728118896484 35.43471908569336 35.28163146972656 
108.21804809570312 34.74870300292969 35.33881759643555 35.637088775634766 35.22883224487305 36.039615631103516 36.85113525390625 36.16876983642578 44.464542388916016 35.010528564453125 35.27907180786133 34.95734405517578 35.3520622253418 35.12313461303711 35.83708953857422 35.35619354248047 
56.79324722290039 34.52860641479492 36.08553695678711 36.55315017700195 36.172576904296875 35.31596755981445 35.66678237915039 35.87356948852539 43.16966247558594 36.686431884765625 35.26095962524414 35.53910446166992 35.75254440307617 35.05436706542969 35.132991790771484 35.978912353515625 
87.28355407714844 34.48179244995117 35.735870361328125 35.80992126464844 35.38764953613281 35.11862564086914 35.76899337768555 36.59891128540039 44.28665542602539 35.4288330078125 35.78553771972656 35.126399993896484 35.46553421020508 35.08803176879883 35.71926498413086 36.996734619140625 
52.64912033081055 34.4251823425293 35.34563064575195 35.90991973876953 36.7408332824707 36.44636917114258 35.82463836669922 35.722049713134766 47.19200134277344 35.1165771484375 36.068641662597656 34.854591369628906 35.83123016357422 35.276702880859375 35.45894241333008 35.44761657714844 
53.60531234741211 34.535518646240234 36.232032775878906 36.71903991699219 35.83148956298828 35.481407165527344 35.49862289428711 36.51094436645508 49.67350387573242 35.77577590942383 34.69945526123047 35.218849182128906 35.54972839355469 35.702880859375 35.69011306762695 35.647743225097656 
51.55104064941406 34.70828628540039 34.763423919677734 35.19740676879883 35.302303314208984 36.01084899902344 36.000160217285156 36.11868667602539 43.46275329589844 35.117950439453125 35.38060760498047 35.137664794921875 35.74854278564453 35.2229118347168 35.40019226074219 35.09318542480469 
56.787967681884766 34.652225494384766 35.91001510620117 36.140830993652344 36.43049621582031 36.490272521972656 35.7652473449707 36.16115188598633 46.41740798950195 35.01705551147461 35.65283203125 35.26313781738281 36.80031967163086 35.183135986328125 35.644832611083984 35.021759033203125 
51.532958984375 34.37702560424805 35.2171516418457 35.79587173461914 35.734657287597656 35.144256591796875 35.30364990234375 35.444190979003906 42.349246978759766 35.65049743652344 35.20383834838867 37.108158111572266 35.36057662963867 35.68620681762695 35.26774215698242 35.14284896850586 
47.44144058227539 25.36582374572754 25.603200912475586 26.001087188720703 25.814207077026367 26.425024032592773 26.501951217651367 48.71516799926758 34.02582550048828 25.903520584106445 26.384031295776367 26.06643295288086 25.617855072021484 26.150495529174805 25.88528060913086 26.241119384765625 
54.65283203125 25.356224060058594 25.363679885864258 25.464479446411133 26.428287506103516 26.342111587524414 26.004735946655273 78.58767700195312 36.42803192138672 26.15667152404785 26.164512634277344 26.371936798095703 27.946176528930664 26.38275146484375 26.57891273498535 25.933696746826172 
48.36988830566406 25.29484748840332 25.302719116210938 26.433311462402344 26.45680046081543 26.15795135498047 26.405759811401367 83.77561950683594 35.72438430786133 26.08118438720703 26.441696166992188 26.413312911987305 26.773727416992188 26.405088424682617 25.982463836669922 25.99635124206543 
51.46681594848633 25.526304244995117 25.71219253540039 25.776159286499023 25.779584884643555 26.532032012939453 26.35686492919922 85.8453140258789 34.6379508972168 26.071168899536133 26.526208877563477 26.27827262878418 26.09334373474121 25.943103790283203 26.199039459228516 25.684864044189453 
54.69692611694336 25.340255737304688 25.354528427124023 25.515647888183594 26.041248321533203 26.149791717529297 25.909664154052734 69.7959976196289 34.04608154296875 26.179616928100586 25.788896560668945 25.801599502563477 25.952192306518555 25.939136505126953 26.3753604888916 25.83776092529297 
51.532161712646484 25.332063674926758 25.31545639038086 25.893728256225586 26.38559913635254 26.113759994506836 26.051904678344727 86.75186920166016 32.49692916870117 26.13190460205078 26.667999267578125 26.53811264038086 26.319135665893555 26.55766487121582 26.376672744750977 26.683008193969727 
51.53696060180664 25.524831771850586 25.912479400634766 26.234272003173828 26.048511505126953 26.859264373779297 26.824832916259766 85.53606414794922 36.44694519042969 25.785215377807617 26.0447998046875 26.064224243164062 25.89628791809082 26.00249671936035 25.891231536865234 26.182336807250977 
50.48380661010742 25.666048049926758 25.848543167114258 25.814144134521484 26.129472732543945 26.8371524810791 26.483455657958984 89.2807388305664 34.44374465942383 25.74287986755371 26.262527465820312 25.79523277282715 25.776960372924805 25.85158348083496 25.961536407470703 26.31884765625 
51.571327209472656 25.320415496826172 25.501216888427734 25.700607299804688 26.620319366455078 26.744287490844727 26.150880813598633 57.56246566772461 34.038143157958984 26.2061767578125 26.585535049438477 26.499263763427734 26.087167739868164 25.817472457885742 25.896671295166016 26.16009521484375 
48.39548873901367 25.320032119750977 25.341279983520508 26.46227264404297 26.435232162475586 26.0963191986084 26.485248565673828 65.83411407470703 32.35619354248047 26.265247344970703 26.590816497802734 26.14828872680664 26.097055435180664 26.053407669067383 25.82489585876465 26.1395206451416 
47.251712799072266 30.186431884765625 30.772863388061523 32.91446304321289 32.67647933959961 31.32089614868164 31.559423446655273 40.21583938598633 37.752830505371094 30.646432876586914 31.007232666015625 30.232704162597656 31.2238712310791 30.778560638427734 30.808256149291992 30.892383575439453 
22.064672470092773 21.45756721496582 21.958688735961914 106.88166046142578 325.7100830078125 21.48374366760254 21.41244888305664 22.162879943847656 37.11315155029297 21.574207305908203 22.092159271240234 22.353471755981445 21.969375610351562 22.229568481445312 22.610912322998047 22.482912063598633 
54.622337341308594 30.375072479248047 31.10166358947754 31.267616271972656 31.692415237426758 31.233503341674805 60.18646240234375 30.672000885009766 35.08816146850586 30.533855438232422 30.660959243774414 30.638431549072266 30.878976821899414 30.363008499145508 30.58380889892578 30.783615112304688 
24.633087158203125 21.405567169189453 21.791135787963867 104.73868560791016 325.1635437011719 21.36796760559082 21.804224014282227 21.918367385864258 37.949153900146484 21.63577651977539 21.95644760131836 22.123008728027344 22.913055419921875 22.066368103027344 23.13532829284668 22.488576889038086 
57.82563018798828 30.703615188598633 31.85081672668457 31.372032165527344 31.501632690429688 32.1517448425293 31.4050235748291 143.36370849609375 36.38227081298828 30.786943435668945 30.759647369384766 30.676223754882812 30.600128173828125 30.77903938293457 31.353792190551758 30.880416870117188 
22.350271224975586 21.456544876098633 21.68332862854004 104.5216293334961 312.1405334472656 21.453407287597656 21.470239639282227 21.80086326599121 36.54118347167969 21.48860740661621 21.785024642944336 22.076927185058594 22.306047439575195 21.982175827026367 22.095808029174805 22.241439819335938 
46.144737243652344 30.50864028930664 32.06233596801758 32.388160705566406 32.164222717285156 31.542112350463867 31.33673667907715 136.7959747314453 36.360897064208984 30.466175079345703 30.88057518005371 30.79110336303711 30.832672119140625 30.939807891845703 30.840736389160156 30.502431869506836 
22.03705596923828 21.633695602416992 21.77555274963379 101.15452575683594 326.2286376953125 21.371488571166992 21.411455154418945 21.72947120666504 37.4202880859375 21.51411247253418 22.154752731323242 21.94476890563965 21.997312545776367 22.076255798339844 22.58639907836914 22.229951858520508 
42.08585739135742 30.31603240966797 31.723552703857422 32.00214385986328 31.65452766418457 93.2375717163086 135.90182495117188 30.28665542602539 36.05363082885742 30.88991928100586 31.08188819885254 30.91004753112793 30.6661434173584 30.542112350463867 30.69830322265625 30.889568328857422 
25.045536041259766 21.67692756652832 22.059263229370117 98.80815887451172 215.33815002441406 110.44278717041016 21.394912719726562 21.45792007446289 39.84358215332031 21.562047958374023 22.07583999633789 22.133792877197266 22.048799514770508 22.172351837158203 22.33465576171875 22.3371524810791 
53.54550552368164 30.42367935180664 30.357248306274414 30.799711227416992 31.046239852905273 30.92153549194336 31.480607986450195 148.2724151611328 36.73807907104492 30.663135528564453 30.75347137451172 30.829631805419922 30.808895111083984 31.038528442382812 30.889951705932617 30.563743591308594 
22.10095977783203 21.396928787231445 22.003040313720703 106.70172882080078 320.08807373046875 21.462400436401367 21.41878318786621 21.77555274963379 34.430015563964844 21.412607192993164 22.408447265625 22.266719818115234 21.867359161376953 21.999967575073242 22.327104568481445 22.229280471801758 
60.93926239013672 30.913951873779297 30.76643180847168 31.2410888671875 31.392831802368164 31.35696029663086 32.514305114746094 144.5406036376953 39.37206268310547 30.702848434448242 30.729215621948242 30.733503341674805 30.88096046447754 30.68022346496582 31.19398307800293 30.6615047454834 
131.53187561035156 21.411392211914062 21.441375732421875 21.870527267456055 103.51216125488281 320.0555725097656 21.493600845336914 21.488384246826172 37.93241500854492 21.55891227722168 21.991615295410156 22.776960372924805 22.093856811523438 22.415807723999023 22.854976654052734 22.086687088012695 
57.719390869140625 31.606687545776367 31.145727157592773 31.20832061767578 31.080543518066406 31.867263793945312 76.8407974243164 120.04086303710938 37.05900955200195 30.938400268554688 30.885887145996094 31.03014373779297 30.842527389526367 30.64803123474121 30.941375732421875 30.978527069091797 
128.8856964111328 21.445024490356445 21.649375915527344 107.19795227050781 324.7556457519531 21.446144104003906 21.795360565185547 21.947359085083008 38.31254577636719 21.517791748046875 23.94963264465332 22.2740478515625 22.112031936645508 21.991167068481445 22.21548843383789 22.132736206054688 
47.257728576660156 30.32691192626953 32.11161422729492 31.4979190826416 31.871807098388672 31.320415496826172 31.934303283691406 139.64585876464844 37.617919921875 30.83078384399414 30.934879302978516 30.859872817993164 31.851072311401367 30.287904739379883 30.61142349243164 30.71308708190918 
132.01657104492188 21.48464012145996 22.033567428588867 99.02777862548828 207.9114532470703 21.428447723388672 21.489376068115234 21.72585678100586 34.28761672973633 21.69443130493164 22.057024002075195 22.03775978088379 22.22915267944336 22.026912689208984 22.303552627563477 22.521696090698242 
44.202335357666016 30.347135543823242 32.189727783203125 31.936927795410156 31.394208908081055 32.152671813964844 31.663679122924805 133.4897918701172 36.81846237182617 30.68390464782715 30.94963264465332 30.65260887145996 30.76367950439453 30.551103591918945 30.726688385009766 30.552095413208008 
22.15657615661621 21.421247482299805 21.397024154663086 107.58137512207031 327.4375915527344 21.437183380126953 21.364288330078125 21.505535125732422 37.161376953125 21.56671905517578 22.57360076904297 22.022079467773438 22.23366355895996 22.195711135864258 22.99020767211914 22.294240951538086 
52.918270111083984 28.764991760253906 28.763872146606445 29.346847534179688 29.641984939575195 30.219039916992188 29.64009666442871 47.08201599121094 34.684608459472656 28.60748863220215 28.829343795776367 28.683744430541992 28.974592208862305 28.98361587524414 28.9051513671875 28.953088760375977 
14.719039916992188 14.031935691833496 14.078144073486328 14.231391906738281 14.502592086791992 14.580320358276367 14.319968223571777 14.351743698120117 15.903327941894531 15.160767555236816 15.023296356201172 14.717984199523926 14.21452808380127 14.306879997253418 14.220704078674316 14.958527565002441 
36.3111686706543 29.357887268066406 29.473663330078125 29.045408248901367 29.763839721679688 29.5361270904541 29.474655151367188 29.036640167236328 33.912960052490234 28.790111541748047 28.80419158935547 28.727615356445312 28.95827293395996 28.65830421447754 28.720735549926758 28.735519409179688 
14.478464126586914 14.079584121704102 14.081855773925781 14.132063865661621 14.207584381103516 14.367327690124512 14.337568283081055 14.377023696899414 17.009408950805664 15.132512092590332 15.111519813537598 14.190752029418945 14.539839744567871 14.542431831359863 14.618304252624512 14.73027229309082 
36.29475021362305 28.62892723083496 28.42799949645996 30.110271453857422 36.32495880126953 28.740224838256836 28.97270393371582 29.18329620361328 34.203487396240234 28.706464767456055 28.872928619384766 28.548160552978516 28.97609519958496 28.927040100097656 28.785343170166016 28.8439998626709 
14.679424285888672 14.068608283996582 14.1779203414917 14.347423553466797 14.255807876586914 14.387392044067383 14.434911727905273 14.447327613830566 17.019935607910156 15.1876802444458 14.345760345458984 14.741472244262695 14.640480041503906 14.51030445098877 14.188223838806152 14.31276798248291 
36.137054443359375 28.4814395904541 29.11417579650879 29.40425682067871 37.63926315307617 29.06243133544922 29.138656616210938 29.200544357299805 35.002559661865234 28.834815979003906 28.681983947753906 28.834943771362305 28.890560150146484 28.98486328125 28.775327682495117 28.982559204101562 
14.63036823272705 14.063103675842285 14.122495651245117 14.277631759643555 14.297504425048828 14.321696281433105 14.338175773620605 14.571392059326172 15.015968322753906 14.589599609375 14.471487998962402 14.330656051635742 14.956992149353027 14.460384368896484 14.209983825683594 14.329824447631836 
37.28345489501953 29.033952713012695 28.876480102539062 29.122432708740234 30.225568771362305 29.82271957397461 29.865951538085938 29.6081600189209 33.513919830322266 28.663040161132812 29.758880615234375 28.794111251831055 28.93071937561035 28.373567581176758 28.855680465698242 28.685344696044922 
14.501664161682129 13.990528106689453 14.1943359375 14.26591968536377 14.207391738891602 14.29593563079834 14.328288078308105 14.709600448608398 14.818304061889648 15.279647827148438 14.561951637268066 14.42204761505127 14.325728416442871 14.49779224395752 15.065247535705566 14.374752044677734 
35.22297668457031 28.7109432220459 28.55116844177246 29.028127670288086 36.12025451660156 28.821151733398438 29.172927856445312 29.20591926574707 36.508480072021484 28.667295455932617 28.42963218688965 28.711551666259766 28.901792526245117 28.435104370117188 29.466527938842773 28.737119674682617 
14.586048126220703 14.098784446716309 14.151167869567871 14.149632453918457 14.281344413757324 14.559712409973145 14.586496353149414 14.678976058959961 14.06544017791748 15.134623527526855 14.640416145324707 15.188575744628906 14.502016067504883 14.217920303344727 14.348896026611328 14.609567642211914 
36.252384185791016 28.5515193939209 28.532928466796875 28.724031448364258 36.619937896728516 28.611488342285156 28.642719268798828 28.86515235900879 34.309791564941406 28.640928268432617 28.9334716796875 29.01103973388672 28.778879165649414 29.031679153442383 28.50284767150879 29.018943786621094 
14.58403205871582 14.081952095031738 14.033696174621582 14.339903831481934 14.453632354736328 14.496159553527832 14.42630386352539 14.493408203125 16.843135833740234 15.868224143981934 14.40447998046875 15.16425609588623 14.49135971069336 14.26028823852539 14.611231803894043 14.376864433288574 
36.16368103027344 28.521120071411133 28.31737518310547 28.72313690185547 31.09552001953125 29.392288208007812 29.950496673583984 29.33286476135254 33.338016510009766 29.161439895629883 28.87596893310547 28.66524887084961 28.643775939941406 28.825664520263672 28.95804786682129 28.491104125976562 
14.44217586517334 14.041791915893555 14.050432205200195 14.270591735839844 14.225536346435547 14.522080421447754 14.297760009765625 14.304032325744629 17.020832061767578 14.957088470458984 14.87177562713623 14.991840362548828 14.286591529846191 14.280192375183105 14.393888473510742 14.670495986938477 
36.029441833496094 28.5314884185791 29.065439224243164 29.055007934570312 90.52457427978516 28.406784057617188 29.053184509277344 28.839519500732422 34.83039855957031 28.743616104125977 28.83238410949707 28.732864379882812 28.831615447998047 28.755264282226562 28.580223083496094 28.83907127380371 
14.47379207611084 13.976544380187988 14.313471794128418 14.517056465148926 14.302016258239746 14.318719863891602 14.32470417022705 14.415488243103027 17.02662467956543 14.531968116760254 14.432064056396484 15.17852783203125 14.8057279586792 14.219903945922852 14.290719985961914 14.389599800109863 
39.460479736328125 28.261375427246094 28.863967895507812 30.22876739501953 29.56377601623535 29.669055938720703 29.45804786682129 29.8306884765625 35.76655960083008 28.92246437072754 29.010143280029297 28.95465660095215 28.932384490966797 28.863935470581055 28.645408630371094 28.87766456604004 
14.49561595916748 14.112992286682129 14.053824424743652 14.537088394165039 14.460864067077637 14.43289566040039 14.330975532531738 14.51369571685791 16.757568359375 15.545696258544922 14.322431564331055 14.724320411682129 15.205056190490723 14.454048156738281 14.565888404846191 14.203712463378906 
45.11532974243164 38.86435317993164 39.15155029296875 40.14886474609375 54.44278335571289 38.73017501831055 41.07564926147461 41.03590393066406 46.723392486572266 39.040191650390625 38.71868896484375 38.806400299072266 40.015838623046875 39.090431213378906 38.718048095703125 38.85203170776367 
28.130399703979492 261.46435546875 27.241920471191406 27.642911911010742 28.947328567504883 29.251615524291992 28.75539207458496 28.696544647216797 33.189727783203125 27.88912010192871 27.789440155029297 27.5251522064209 27.601215362548828 27.852352142333984 27.870208740234375 27.889055252075195 
45.96150588989258 40.545440673828125 40.695072174072266 40.55401611328125 46.885887145996094 49.30662536621094 39.25542449951172 41.353919982910156 45.89299011230469 39.03209686279297 39.31123352050781 38.91302490234375 38.89209747314453 38.93270492553711 38.86556625366211 38.63555145263672 
412.5895690917969 27.21027183532715 27.928991317749023 28.009567260742188 28.756959915161133 28.600032806396484 28.050048828125 28.194175720214844 32.491233825683594 27.744800567626953 28.193695068359375 27.878015518188477 27.86966323852539 27.822336196899414 27.967679977416992 27.726688385009766 
44.91680145263672 41.58687973022461 40.47856140136719 40.955039978027344 50.89692687988281 50.3520622253418 38.710784912109375 41.20652770996094 45.75814437866211 38.883872985839844 39.10044860839844 39.014400482177734 38.81052780151367 38.93708801269531 38.665855407714844 38.70576095581055 
29.35055923461914 27.126752853393555 241.4819793701172 27.26201629638672 27.686431884765625 27.610944747924805 28.041120529174805 28.40483283996582 32.85859298706055 27.710559844970703 28.93712043762207 27.83545684814453 27.848031997680664 27.798303604125977 27.752992630004883 27.853408813476562 
45.75494384765625 38.74748611450195 39.63283157348633 39.56220626831055 54.03731155395508 148.23330688476562 38.51523208618164 38.9279670715332 46.536224365234375 39.42099380493164 38.971614837646484 38.94489669799805 39.02204895019531 39.1475830078125 38.953086853027344 38.837406158447266 
153.91903686523438 27.577728271484375 239.1155242919922 27.289535522460938 28.059520721435547 28.538816452026367 28.06403160095215 28.03558349609375 34.495521545410156 27.556127548217773 27.9355525970459 27.96563148498535 27.793376922607422 27.697792053222656 27.741024017333984 27.96553611755371 
44.84348678588867 39.75260925292969 40.47455978393555 40.646976470947266 42.639007568359375 52.46352005004883 110.61065673828125 38.573184967041016 47.029441833496094 38.7856330871582 39.42323303222656 38.853633880615234 38.980064392089844 38.85036849975586 39.38662338256836 39.005184173583984 
37.947166442871094 27.26473617553711 234.2323455810547 27.287776947021484 27.60406494140625 28.232576370239258 28.224576950073242 28.503807067871094 33.02092742919922 27.718143463134766 27.88489532470703 27.750816345214844 27.334239959716797 27.804000854492188 27.786048889160156 27.75574493408203 
45.936832427978516 40.249855041503906 39.836639404296875 41.288639068603516 48.44675064086914 143.39804077148438 39.15382385253906 40.41862487792969 49.187583923339844 38.59987258911133 39.11577606201172 38.59718322753906 39.02143859863281 39.24310302734375 38.73526382446289 39.12083053588867 
406.2313232421875 27.351520538330078 27.37273597717285 27.84111976623535 28.274879455566406 27.895776748657227 28.81113624572754 28.305919647216797 33.82246398925781 27.635168075561523 28.482175827026367 27.660480499267578 28.142784118652344 28.01817512512207 27.998783111572266 28.45964813232422 
51.1545295715332 39.24857711791992 39.81919860839844 40.86207962036133 55.02201461791992 137.87660217285156 38.63443374633789 41.9951057434082 45.69305419921875 38.865665435791016 39.30342483520508 39.03104019165039 38.79955291748047 38.925376892089844 38.89324951171875 38.60976028442383 
405.5825500488281 27.058752059936523 27.387104034423828 27.839935302734375 28.195104598999023 27.823999404907227 28.413631439208984 28.016159057617188 32.75107192993164 27.60678482055664 27.862144470214844 27.89344024658203 27.806623458862305 28.0468807220459 27.903743743896484 28.894432067871094 
44.99155044555664 39.281471252441406 40.84048080444336 40.92732620239258 53.88505554199219 139.84588623046875 38.498687744140625 38.74643325805664 46.845088958740234 38.82886505126953 39.104862213134766 38.93948745727539 39.04867172241211 38.65727996826172 39.33055877685547 38.810752868652344 
158.38584899902344 257.5182189941406 27.210880279541016 27.487520217895508 27.53638458251953 28.922048568725586 28.270463943481445 28.6777286529541 34.39478302001953 27.99715232849121 27.749439239501953 27.741727828979492 27.70569610595703 27.67241668701172 27.755840301513672 28.00035285949707 
57.32255935668945 38.478271484375 39.26051330566406 39.85209655761719 40.29087829589844 49.77376174926758 156.99859619140625 39.102752685546875 46.119422912597656 38.96521759033203 38.81769561767578 38.932960510253906 38.92019271850586 39.324737548828125 38.726688385009766 38.88371276855469 
35.94102478027344 27.269695281982422 238.66522216796875 27.229408264160156 27.177631378173828 27.325952529907227 28.215744018554688 27.94883155822754 31.93574333190918 27.777055740356445 27.98297691345215 27.90096092224121 27.7893123626709 27.821184158325195 27.980575561523438 27.79360008239746 
44.886592864990234 41.320640563964844 42.07401657104492 41.051998138427734 53.67887878417969 145.0891571044922 38.35782241821289 40.91843032836914 45.19772720336914 38.90089416503906 39.59632110595703 39.41340637207031 38.80828857421875 39.005088806152344 39.621246337890625 39.04576110839844 
410.8456726074219 27.216896057128906 27.848255157470703 27.864831924438477 28.600799560546875 28.522207260131836 29.125120162963867 28.40652847290039 33.860286712646484 27.634944915771484 27.64499282836914 27.826303482055664 27.42736053466797 27.722496032714844 27.830400466918945 27.934783935546875 
41.11427307128906 30.41747283935547 32.091041564941406 32.04899215698242 31.96953582763672 76.57023620605469 30.472320556640625 32.10483169555664 35.878177642822266 31.112064361572266 30.890464782714844 30.877824783325195 31.013919830322266 30.617023468017578 30.95439910888672 30.888160705566406 
17.984928131103516 17.176063537597656 17.1760311126709 17.50092887878418 17.508031845092773 17.621824264526367 207.05941772460938 17.142751693725586 20.40278434753418 17.695392608642578 17.42972755432129 18.03593635559082 17.56243133544922 17.740192413330078 18.299007415771484 17.783615112304688 
38.08822250366211 30.80726432800293 31.50044822692871 32.756126403808594 169.79624938964844 30.420320510864258 30.413280487060547 32.28268814086914 36.57001495361328 30.700159072875977 31.083616256713867 30.777568817138672 30.81977653503418 31.541088104248047 31.167295455932617 31.247135162353516 
17.95350456237793 17.191871643066406 17.2096004486084 17.650432586669922 17.619903564453125 17.682720184326172 206.967041015625 17.16748809814453 19.83145523071289 18.062623977661133 17.439647674560547 17.64076805114746 17.75606346130371 18.028383255004883 17.736032485961914 17.668319702148438 
37.9398078918457 31.086496353149414 31.17344093322754 32.2154541015625 168.4669189453125 30.545120239257812 30.609952926635742 31.558624267578125 38.44297790527344 30.94416046142578 30.834367752075195 30.99692726135254 31.113887786865234 31.018943786621094 31.177440643310547 30.757343292236328 
18.002687454223633 17.186368942260742 17.20275115966797 17.479455947875977 17.504831314086914 17.60531234741211 204.1025848388672 17.16326332092285 20.991775512695312 18.703872680664062 18.208703994750977 17.980384826660156 17.49648094177246 18.370559692382812 17.986976623535156 17.448896408081055 
38.01424026489258 30.368928909301758 32.48195266723633 177.949951171875 30.468351364135742 32.214622497558594 31.980224609375 31.384384155273438 36.61715316772461 30.723743438720703 31.139328002929688 30.700319290161133 30.978239059448242 30.947040557861328 30.89900779724121 31.264448165893555 
17.875743865966797 17.180063247680664 17.330623626708984 17.432031631469727 17.42207908630371 17.44767951965332 204.48733520507812 17.157760620117188 18.877216339111328 17.791776657104492 18.261951446533203 17.51487922668457 18.42697525024414 18.22719955444336 17.93552017211914 17.421056747436523 
39.058494567871094 30.975168228149414 31.0296630859375 31.94144058227539 174.1748504638672 30.505184173583984 31.772319793701172 31.689184188842773 36.89932632446289 30.755775451660156 31.05779266357422 31.179264068603516 30.95724868774414 30.843807220458984 31.057920455932617 31.131071090698242 
17.88128089904785 17.17100715637207 17.1889591217041 17.206655502319336 17.442752838134766 17.9202880859375 206.43101501464844 17.188735961914062 18.43391990661621 17.435871124267578 17.53798484802246 17.576223373413086 18.502336502075195 18.086624145507812 17.453887939453125 18.852447509765625 
38.008544921875 31.231199264526367 31.807199478149414 32.391807556152344 169.52268981933594 30.480159759521484 30.376928329467773 32.15407943725586 36.73068618774414 30.781024932861328 31.056896209716797 31.04070472717285 30.800512313842773 30.708959579467773 31.015104293823242 30.72844886779785 
17.945823669433594 17.167776107788086 17.188608169555664 17.832416534423828 18.043231964111328 18.052288055419922 199.78317260742188 17.183935165405273 19.12460708618164 17.538047790527344 17.45769691467285 18.787872314453125 17.93791961669922 17.91814422607422 18.550207138061523 18.273855209350586 
38.99020767211914 31.095775604248047 31.0830078125 31.38800048828125 158.8495635986328 30.539072036743164 31.06230354309082 31.048799514770508 37.60192108154297 30.890335083007812 31.222047805786133 31.338943481445312 30.921344757080078 30.99135971069336 31.136703491210938 31.295936584472656 
17.962112426757812 17.17865562438965 17.348159790039062 17.764095306396484 17.954944610595703 17.942399978637695 202.91539001464844 17.19878387451172 20.09404754638672 17.407392501831055 17.569087982177734 17.577728271484375 18.270431518554688 17.700927734375 17.447071075439453 18.36614418029785 
37.939552307128906 30.37571144104004 30.828224182128906 31.47417640686035 181.7923126220703 30.369888305664062 30.354015350341797 31.302207946777344 36.62956619262695 30.834623336791992 31.220991134643555 31.002687454223633 30.80191993713379 30.775455474853516 31.687135696411133 30.843679428100586 
17.904672622680664 17.180543899536133 17.1507511138916 17.37424087524414 17.46294403076172 17.462783813476562 204.3415069580078 17.154783248901367 21.573440551757812 17.784255981445312 18.484800338745117 18.30803108215332 17.99577522277832 17.474720001220703 18.07459259033203 18.05392074584961 
37.894432067871094 30.295167922973633 32.44028854370117 31.87596893310547 176.752197265625 30.46723175048828 30.701663970947266 31.657663345336914 36.366336822509766 30.61827278137207 30.905344009399414 31.824575424194336 30.912351608276367 31.218656539916992 30.85817527770996 30.856800079345703 
18.10985565185547 17.217952728271484 17.382047653198242 17.442176818847656 17.608224868774414 17.71321678161621 202.24607849121094 17.169536590576172 20.916032791137695 17.566015243530273 17.39638328552246 18.374399185180664 18.010944366455078 17.53331184387207 17.550079345703125 18.418272018432617 
37.994720458984375 30.67046356201172 31.2159366607666 31.687231063842773 172.43309020996094 30.380352020263672 31.658336639404297 31.02230453491211 37.828033447265625 31.03113555908203 31.104448318481445 30.748287200927734 30.622943878173828 30.878400802612305 31.194143295288086 31.23868751525879 
17.90719985961914 17.189184188842773 17.212255477905273 17.62838363647461 17.614208221435547 17.974943161010742 209.28378295898438 17.164960861206055 20.45782470703125 17.58639907836914 18.156896591186523 17.963136672973633 17.48726463317871 17.969696044921875 18.473920822143555 17.771743774414062 
49.95414352416992 32.75590515136719 34.241920471191406 33.89945602416992 33.816673278808594 34.44268798828125 34.02547073364258 34.25983810424805 39.872161865234375 34.24496078491211 33.211360931396484 33.30646514892578 33.889183044433594 34.35868835449219 33.670814514160156 33.694847106933594 
139.2827911376953 32.39295959472656 34.044158935546875 33.35638427734375 34.05699157714844 34.15411376953125 34.06147384643555 33.877662658691406 40.2874870300293 33.08492660522461 33.33430480957031 33.88739013671875 33.912960052490234 33.809024810791016 33.72243118286133 34.01327896118164 
108.74748992919922 33.002784729003906 32.85014343261719 33.47536087036133 34.524192810058594 34.06547164916992 33.58323287963867 34.19091033935547 42.29004669189453 33.18960189819336 33.90483093261719 34.35987091064453 33.800254821777344 33.66304016113281 33.976287841796875 33.32502365112305 
80.20982360839844 32.79337692260742 34.49766540527344 34.366912841796875 34.051265716552734 34.06409454345703 33.79743957519531 34.14873504638672 39.3045768737793 33.653343200683594 33.870079040527344 33.6163215637207 33.321441650390625 34.103294372558594 33.40544128417969 33.58019256591797 
54.7042236328125 32.570335388183594 33.616127014160156 34.54572677612305 34.09471893310547 33.35184097290039 33.721439361572266 33.57612609863281 41.47350311279297 33.58687973022461 33.13302230834961 33.50223922729492 34.274559020996094 33.56089782714844 34.052734375 33.29347229003906 
70.63951873779297 32.57555389404297 32.60675048828125 34.370880126953125 34.007808685302734 33.48652648925781 34.64457702636719 35.735774993896484 46.26124954223633 33.63462448120117 33.150142669677734 33.31683349609375 33.45814514160156 34.02860641479492 33.36832046508789 33.36048126220703 
69.12358093261719 32.63417434692383 34.09529495239258 34.38227081298828 33.249534606933594 32.89004898071289 33.734432220458984 33.947200775146484 40.988929748535156 33.45353698730469 33.06816101074219 33.275936126708984 34.24009704589844 33.69139099121094 33.17612838745117 33.406494140625 
66.76678466796875 32.909664154052734 33.869407653808594 34.629249572753906 34.28668975830078 33.70044708251953 34.185760498046875 34.518592834472656 41.73411178588867 34.24156951904297 33.17603302001953 33.22687911987305 33.08572769165039 34.051551818847656 33.90214538574219 33.17513656616211 
115.0946273803711 32.97564697265625 33.548927307128906 33.63372802734375 33.147071838378906 33.176513671875 33.60192108154297 33.94425582885742 38.798526763916016 33.23379135131836 33.977054595947266 33.578975677490234 33.42588806152344 33.09843063354492 33.77305603027344 34.21353530883789 
71.2418212890625 33.64281463623047 33.688385009765625 34.14944076538086 34.4153938293457 33.70051193237305 33.881248474121094 33.78793716430664 42.0447998046875 33.172000885009766 32.98067092895508 33.48825454711914 33.532928466796875 34.69404983520508 33.152767181396484 33.56563186645508 
56.3059196472168 32.414207458496094 32.46108627319336 33.605918884277344 68.88483428955078 82.44310760498047 36.546207427978516 35.905086517333984 40.35408020019531 32.53532791137695 32.54073715209961 32.51683044433594 32.581790924072266 33.81318283081055 32.34339141845703 32.478336334228516 
16.95238494873047 16.445695877075195 16.477344512939453 16.349632263183594 16.41289520263672 16.413856506347656 16.5098876953125 17.127456665039062 19.630464553833008 16.801183700561523 17.81235122680664 16.75868797302246 17.867904663085938 17.06515121459961 17.356544494628906 16.633663177490234 
39.46473693847656 32.23664093017578 33.949310302734375 33.293663024902344 180.9904022216797 32.01279830932617 32.816158294677734 32.759552001953125 40.77427291870117 32.33961486816406 32.622528076171875 32.815711975097656 32.451263427734375 32.85939025878906 32.635040283203125 33.01491165161133 
16.80508804321289 16.344512939453125 16.296255111694336 16.412927627563477 16.50611114501953 16.544736862182617 16.850719451904297 16.9116153717041 19.79859161376953 16.8505916595459 16.564992904663086 16.53772735595703 17.98739242553711 16.814367294311523 17.351232528686523 16.89904022216797 
39.384254455566406 32.63235092163086 33.121185302734375 33.42972946166992 109.26525115966797 32.248382568359375 33.12627029418945 33.856353759765625 39.982688903808594 32.50243377685547 32.50502395629883 32.501121520996094 32.4686393737793 32.806175231933594 32.96976089477539 32.41727828979492 
17.1059513092041 16.38604736328125 16.587871551513672 16.769855499267578 16.722015380859375 16.555679321289062 16.67830467224121 16.742368698120117 16.262048721313477 17.3855037689209 16.55561637878418 17.131200790405273 16.62067222595215 17.037151336669922 16.65772819519043 16.489824295043945 
39.42451095581055 33.02054214477539 33.1802864074707 33.785438537597656 101.07730865478516 32.182559967041016 32.26531219482422 33.21900939941406 40.05215835571289 32.68038558959961 32.36483383178711 32.42643356323242 32.50022506713867 32.90265655517578 32.44124984741211 32.706241607666016 
16.763296127319336 16.288000106811523 16.337919235229492 16.731168746948242 16.90675163269043 16.838848114013672 16.683231353759766 16.707839965820312 19.175167083740234 17.297760009765625 16.600543975830078 16.74950408935547 17.062976837158203 16.5435848236084 18.113056182861328 16.926912307739258 
40.42854309082031 32.05231857299805 33.79100799560547 33.888607025146484 178.9667510986328 32.02492904663086 32.09423828125 33.820640563964844 40.69257736206055 32.685279846191406 32.664833068847656 32.765342712402344 32.343841552734375 32.57596969604492 32.45452880859375 32.95552062988281 
16.759584426879883 16.28620719909668 16.33679962158203 16.537567138671875 16.569887161254883 16.92176055908203 17.12816047668457 17.036256790161133 19.03673553466797 17.39779281616211 16.564992904663086 17.1461124420166 16.912511825561523 17.30713653564453 16.50912094116211 17.417503356933594 
39.52796936035156 32.53852844238281 32.812191009521484 132.4595489501953 32.15139389038086 32.53859329223633 33.469886779785156 33.559391021728516 38.93952178955078 32.3639030456543 32.50553512573242 32.42051315307617 32.563968658447266 32.4881591796875 32.91664123535156 32.38457489013672 
16.79897689819336 16.44812774658203 16.642208099365234 16.74118423461914 16.688255310058594 16.561887741088867 16.66204833984375 16.90563201904297 19.342016220092773 17.702272415161133 16.442399978637695 18.003103256225586 16.508352279663086 17.825408935546875 16.71308708190918 17.83135986328125 
39.42611312866211 32.05878448486328 32.88652801513672 34.448062896728516 96.40723419189453 32.240478515625 32.56089782714844 33.4031982421875 39.34703826904297 32.43529510498047 32.695072174072266 32.523841857910156 32.438720703125 32.65526580810547 32.4719352722168 32.32454299926758 
16.753536224365234 16.33283233642578 16.410015106201172 16.8621768951416 16.944576263427734 16.80303955078125 16.673599243164062 16.704479217529297 18.94812774658203 17.454496383666992 16.860607147216797 17.1265926361084 16.634496688842773 16.966848373413086 16.78099250793457 16.88582420349121 
42.57936096191406 32.31804656982422 32.77632141113281 33.54582214355469 178.98460388183594 32.07196807861328 32.00668716430664 32.64656066894531 39.26172637939453 32.393184661865234 32.758785247802734 32.3936653137207 32.80134582519531 32.47955322265625 32.2825927734375 32.39382553100586 
16.81724739074707 16.312639236450195 16.327871322631836 16.398752212524414 16.548864364624023 16.62665557861328 16.623327255249023 17.05449676513672 18.7675838470459 17.182687759399414 16.823200225830078 16.574623107910156 16.93881607055664 16.99305534362793 17.028064727783203 16.67932891845703 
43.546913146972656 32.9903678894043 33.11667251586914 32.92435073852539 102.10829162597656 32.24524688720703 32.48080062866211 32.713375091552734 40.28044891357422 32.38198471069336 32.474334716796875 32.299102783203125 32.52678298950195 32.74028778076172 32.37798309326172 33.81475067138672 
16.78665542602539 16.352031707763672 16.32636833190918 16.579967498779297 16.695199966430664 16.853408813476562 16.790016174316406 16.815711975097656 20.014272689819336 17.077407836914062 16.889631271362305 17.36284828186035 17.43494415283203 16.40345573425293 16.67807960510254 16.49590492248535 
50.979583740234375 33.027198791503906 33.27641677856445 33.484832763671875 130.62937927246094 31.899072647094727 32.868736267089844 32.77638244628906 39.96806335449219 32.780513763427734 32.46995162963867 32.55267333984375 32.49327850341797 32.61884689331055 32.41676712036133 32.990943908691406 
16.82598304748535 16.289119720458984 16.3175048828125 16.732864379882812 16.764511108398438 16.871007919311523 16.98214340209961 16.75654411315918 19.077600479125977 17.89423942565918 16.434112548828125 17.53971290588379 16.461727142333984 16.51068878173828 16.442752838134766 17.569440841674805 
28.671743392944336 19.862783432006836 19.811552047729492 20.889535903930664 21.074207305908203 20.953920364379883 111.21695709228516 19.955904006958008 21.43494415283203 20.316991806030273 20.498016357421875 20.231168746948242 20.32111930847168 20.33456039428711 20.33843231201172 20.244415283203125 
17.03548812866211 16.619007110595703 16.936288833618164 16.98566436767578 17.414047241210938 17.24358367919922 17.04604721069336 16.89753532409668 19.197343826293945 16.988128662109375 17.45359992980957 16.81007957458496 18.36739158630371 17.195615768432617 17.055456161499023 17.658815383911133 
28.631391525268555 19.795743942260742 20.095903396606445 20.18819236755371 20.170879364013672 20.16249656677246 36.837406158447266 217.6669464111328 24.326335906982422 20.39993667602539 20.684032440185547 20.430559158325195 20.385055541992188 20.335264205932617 20.27020835876465 20.490367889404297 
16.976192474365234 16.728992462158203 16.800735473632812 16.809696197509766 16.79052734375 16.808992385864258 17.06342315673828 17.502527236938477 18.999744415283203 18.192832946777344 17.124576568603516 17.326400756835938 17.932575225830078 17.026016235351562 17.138080596923828 17.23436737060547 
49.6583366394043 19.87388801574707 19.810592651367188 19.794111251831055 20.18057632446289 20.238719940185547 20.445632934570312 41.184417724609375 22.87059211730957 20.482175827026367 20.287456512451172 20.355520248413086 20.403167724609375 20.46531105041504 20.41436767578125 20.267391204833984 
17.128671646118164 16.685152053833008 16.776384353637695 16.751808166503906 17.157920837402344 17.329824447631836 17.411136627197266 17.346912384033203 20.07632064819336 17.21504020690918 18.138303756713867 17.124895095825195 17.297183990478516 17.651039123535156 17.275136947631836 17.566495895385742 
47.557342529296875 19.89321517944336 19.873760223388672 20.16316795349121 20.277599334716797 20.280256271362305 20.291711807250977 43.88467025756836 28.323904037475586 20.56175994873047 20.422687530517578 20.511999130249023 20.31817626953125 20.371583938598633 20.534624099731445 20.60665512084961 
16.877599716186523 16.846527099609375 16.906591415405273 16.93132781982422 16.810527801513672 16.8371524810791 17.10428810119629 17.243520736694336 20.094623565673828 17.006271362304688 16.840896606445312 16.987648010253906 17.54560089111328 17.459808349609375 16.981632232666016 17.634111404418945 
48.644447326660156 19.88060760498047 20.29631996154785 20.55855941772461 20.684864044189453 20.814464569091797 20.72217559814453 36.42345428466797 26.67919921875 20.472095489501953 20.451711654663086 20.22198486328125 20.47292709350586 20.37548828125 20.541120529174805 20.457855224609375 
17.095359802246094 16.77497673034668 16.75775909423828 17.08995246887207 16.978784561157227 16.87606430053711 16.92767906188965 17.131807327270508 19.291776657104492 17.38163185119629 16.890464782714844 17.69478416442871 17.18396759033203 16.993759155273438 17.322111129760742 16.826431274414062 
49.693824768066406 19.764511108398438 20.171520233154297 20.4420166015625 20.467327117919922 20.491775512695312 20.4816951751709 43.858848571777344 27.584192276000977 20.310720443725586 20.311071395874023 19.970720291137695 20.884607315063477 20.466527938842773 20.297344207763672 20.63689613342285 
17.200639724731445 16.748384475708008 16.756607055664062 16.72265625 16.74883270263672 17.21446418762207 17.344160079956055 17.500255584716797 17.000640869140625 17.457183837890625 17.426048278808594 17.583200454711914 17.025760650634766 17.474239349365234 17.134912490844727 16.990976333618164 
46.52406311035156 19.848543167114258 19.960607528686523 20.39753532409668 20.392704010009766 20.413663864135742 20.42073631286621 33.8021125793457 27.569536209106445 20.581056594848633 20.240768432617188 20.380992889404297 20.72604751586914 20.43600082397461 20.44246482849121 20.58255958557129 
17.158048629760742 16.780223846435547 16.738624572753906 16.99286460876465 17.074783325195312 17.076416015625 17.002527236938477 17.11020851135254 18.880319595336914 17.718944549560547 16.997343063354492 17.648576736450195 17.307615280151367 16.868831634521484 17.783552169799805 17.162399291992188 
41.2237434387207 19.80182456970215 19.799392700195312 20.014144897460938 20.287935256958008 20.235904693603516 20.280704498291016 53.735233306884766 26.249727249145508 20.379072189331055 20.45305633544922 20.332319259643555 20.147775650024414 20.60313606262207 20.349056243896484 20.451648712158203 
17.057567596435547 16.86899185180664 16.861248016357422 17.06879997253418 17.349472045898438 17.529151916503906 17.274879455566406 16.96009635925293 19.781824111938477 17.61827278137207 17.088640213012695 16.819904327392578 17.677120208740234 16.971744537353516 17.028383255004883 17.159744262695312 
48.617183685302734 19.88844871520996 19.851360321044922 19.947967529296875 20.561311721801758 20.345407485961914 20.29408073425293 41.66921615600586 26.094655990600586 20.341856002807617 20.466367721557617 20.324607849121094 20.51593589782715 20.441600799560547 20.344287872314453 20.382112503051758 
17.009567260742188 16.635007858276367 16.627552032470703 16.944320678710938 17.084352493286133 17.340383529663086 17.380512237548828 17.23574447631836 20.030271530151367 17.121984481811523 16.87615966796875 17.03753662109375 16.83184051513672 17.321407318115234 17.15727996826172 18.044607162475586 
44.38304138183594 19.865503311157227 19.855871200561523 20.1759033203125 20.146976470947266 20.205568313598633 20.274816513061523 45.2243537902832 27.350048065185547 20.183935165405273 20.73798370361328 20.471424102783203 20.210527420043945 20.565471649169922 20.03116798400879 20.409536361694336 
17.189472198486328 16.789823532104492 16.934879302978516 16.886272430419922 16.840383529663086 17.119264602661133 17.07823944091797 17.23139190673828 19.6529598236084 17.905567169189453 16.7675838470459 17.88105583190918 17.160192489624023 17.734560012817383 17.272607803344727 16.943904876708984 
60.42675018310547 22.526527404785156 22.556928634643555 23.498783111572266 23.660415649414062 23.537599563598633 23.189407348632812 23.39366340637207 27.821439743041992 23.267040252685547 24.291616439819336 23.480735778808594 23.54003143310547 23.11871910095215 23.69683265686035 23.794464111328125 
21.59449577331543 21.06710433959961 21.03696060180664 21.204191207885742 21.21049690246582 21.315616607666016 21.384672164916992 21.555904388427734 25.5567684173584 21.78767967224121 22.464096069335938 21.532032012939453 21.95292854309082 23.09459114074707 21.467552185058594 21.892160415649414 
53.036991119384766 22.534944534301758 22.69651222229004 23.08777618408203 23.825759887695312 23.320159912109375 23.303136825561523 23.214336395263672 27.297504425048828 23.058879852294922 22.964191436767578 23.264095306396484 23.288127899169922 23.321664810180664 23.493375778198242 23.743135452270508 
21.805824279785156 21.197248458862305 21.96384048461914 22.1213436126709 22.00966453552246 21.80134391784668 21.691007614135742 21.561792373657227 25.814912796020508 21.973663330078125 21.7326717376709 21.842815399169922 22.49635124206543 22.030208587646484 21.60972785949707 22.109407424926758 
48.19548797607422 22.46134376525879 22.562528610229492 23.292192459106445 23.355199813842773 23.070144653320312 22.839712142944336 127.26895904541016 27.74025535583496 23.423776626586914 23.596256256103516 23.379840850830078 23.253376007080078 23.312768936157227 23.305728912353516 23.281696319580078 
21.749183654785156 21.068607330322266 20.96886444091797 21.128223419189453 21.57276725769043 21.99884796142578 22.055776596069336 22.10745620727539 25.49724769592285 21.988128662109375 22.125280380249023 21.595264434814453 21.851903915405273 22.08915138244629 21.86832046508789 21.65407943725586 
52.02524948120117 22.537696838378906 22.984607696533203 23.33580780029297 23.361087799072266 23.03843116760254 23.578720092773438 23.573087692260742 27.368223190307617 23.430400848388672 23.734752655029297 23.21036720275879 23.38047981262207 23.733375549316406 23.06800079345703 23.474271774291992 
21.851232528686523 21.35103988647461 21.78099250793457 21.991680145263672 22.206144332885742 21.778879165649414 21.921152114868164 21.95631980895996 25.873056411743164 21.602272033691406 21.744096755981445 21.725919723510742 21.478015899658203 22.110368728637695 22.140512466430664 21.734464645385742 
49.99087905883789 22.67692756652832 23.07792091369629 23.73539161682129 23.69158363342285 23.005056381225586 22.865215301513672 22.783327102661133 29.073759078979492 23.849056243896484 23.217472076416016 25.008960723876953 23.06719970703125 23.284799575805664 23.18115234375 23.504159927368164 
22.368383407592773 21.232959747314453 21.60793685913086 21.744287490844727 21.839391708374023 21.690879821777344 21.60963249206543 21.413440704345703 25.841888427734375 21.51100730895996 22.015743255615234 22.14463996887207 21.58505630493164 21.772384643554688 21.95465660095215 21.823200225830078 
51.04316711425781 22.537151336669922 22.99228858947754 23.297056198120117 23.16352081298828 23.052703857421875 23.43235206604004 139.9385986328125 28.203807830810547 23.3002872467041 23.3920955657959 25.45814323425293 23.159360885620117 23.1812801361084 23.47452735900879 23.26700782775879 
21.698144912719727 21.241952896118164 21.425312042236328 21.97113609313965 21.985504150390625 21.69219207763672 21.503904342651367 21.266176223754883 26.092256546020508 21.900192260742188 21.427711486816406 22.464736938476562 21.84707260131836 21.64575958251953 22.08064079284668 22.102527618408203 
51.0184326171875 22.52739143371582 22.745887756347656 24.17171287536621 24.19647979736328 23.41142463684082 22.92790412902832 23.24412727355957 28.063871383666992 23.16454315185547 22.91974449157715 23.34351921081543 23.56153678894043 23.245023727416992 22.848224639892578 23.65292739868164 
21.720064163208008 21.23641586303711 21.712223052978516 21.60268783569336 21.342336654663086 21.355680465698242 21.299039840698242 21.268768310546875 24.85491180419922 22.418399810791016 21.611040115356445 21.216543197631836 22.058303833007812 22.14089584350586 21.39900779724121 21.842239379882812 
53.1286735534668 22.494400024414062 22.749792098999023 23.087039947509766 23.130271911621094 144.10415649414062 22.477344512939453 23.02854347229004 27.34396743774414 23.339168548583984 22.94063949584961 23.53443145751953 23.43974494934082 22.88492774963379 23.78870391845703 23.429855346679688 
21.805984497070312 21.176319122314453 21.169952392578125 21.28339195251465 21.309471130371094 21.54867172241211 21.523456573486328 21.64134407043457 26.317920684814453 21.848064422607422 22.193567276000977 21.84547233581543 21.536415100097656 22.012863159179688 21.453535079956055 21.793792724609375 
48.92265701293945 22.65532875061035 23.160736083984375 23.621919631958008 23.778112411499023 22.956127166748047 22.969919204711914 23.101728439331055 27.701696395874023 23.187583923339844 23.6943359375 23.22675132751465 23.256479263305664 23.150432586669922 23.66454315185547 23.364608764648438 
21.588768005371094 21.048927307128906 20.97711944580078 20.990623474121094 21.30508804321289 21.345888137817383 21.526880264282227 21.52672004699707 25.921375274658203 21.879039764404297 21.677696228027344 21.9149112701416 21.721439361572266 21.614784240722656 21.883743286132812 22.272991180419922 
50.99097442626953 22.555999755859375 22.769472122192383 23.22140884399414 23.44246482849121 23.828960418701172 23.7096004486084 23.13030433654785 28.336992263793945 23.52422332763672 23.235231399536133 24.036767959594727 23.39129638671875 25.521760940551758 23.202880859375 23.518367767333984 
22.778303146362305 21.67420768737793 21.928192138671875 21.856992721557617 21.869312286376953 21.847200393676758 21.48633575439453 21.245824813842773 25.82796859741211 22.496959686279297 21.419584274291992 21.926528930664062 22.91481590270996 21.405248641967773 21.840896606445312 22.84067153930664 
51.10710525512695 28.52934455871582 30.00320053100586 30.510175704956055 29.874303817749023 29.96063995361328 29.730560302734375 90.00895690917969 36.189151763916016 28.86479949951172 28.892608642578125 29.417728424072266 29.096704483032227 29.22447967529297 29.203392028808594 29.25212860107422 
26.838592529296875 18.880672454833984 19.12505531311035 214.70506286621094 18.803552627563477 18.827775955200195 18.8503360748291 19.147104263305664 23.107200622558594 19.258655548095703 20.031808853149414 20.112384796142578 19.9748477935791 20.456159591674805 19.6592960357666 19.682687759399414 
56.59436798095703 28.793888092041016 29.348800659179688 29.25708770751953 29.8799991607666 29.70832061767578 125.28355407714844 28.628671646118164 33.96809768676758 29.139968872070312 29.275583267211914 29.017887115478516 29.09280014038086 29.311647415161133 29.21059226989746 29.514047622680664 
24.908512115478516 18.89423942565918 18.924543380737305 214.03424072265625 18.875423431396484 18.83839988708496 19.046464920043945 19.05344009399414 22.45065689086914 19.64124870300293 19.45795249938965 20.359296798706055 19.51318359375 19.330080032348633 19.32134437561035 19.41766357421875 
47.969505310058594 28.820575714111328 28.649503707885742 30.284799575805664 29.778623580932617 125.41075134277344 28.603872299194336 28.94316864013672 36.00143814086914 29.00307273864746 29.220256805419922 29.31808090209961 29.52457618713379 29.50160026550293 29.338272094726562 29.129695892333984 
24.453407287597656 18.87727928161621 19.00454330444336 211.42201232910156 18.819711685180664 18.857343673706055 19.26268768310547 19.32204818725586 23.180639266967773 19.233951568603516 19.555200576782227 20.2293758392334 19.897151947021484 20.125728607177734 19.894176483154297 20.688640594482422 
42.77552032470703 29.172191619873047 29.939903259277344 30.163711547851562 29.94927978515625 121.58441925048828 28.7061767578125 97.7352294921875 35.40150451660156 29.1362247467041 29.246368408203125 29.443008422851562 29.302207946777344 29.453664779663086 29.427072525024414 29.38252830505371 
24.979328155517578 18.893503189086914 18.917984008789062 207.82447814941406 18.86345672607422 18.905120849609375 19.14240074157715 19.285472869873047 22.436256408691406 19.362367630004883 19.294240951538086 19.6646728515625 19.79267120361328 19.37424087524414 19.44211196899414 19.584224700927734 
49.06854248046875 28.807615280151367 28.68716812133789 29.5251522064209 30.090848922729492 126.83814239501953 28.447647094726562 101.02460479736328 33.814334869384766 29.119104385375977 29.22719955444336 28.916383743286133 29.13430404663086 29.16815948486328 29.008607864379883 28.85081672668457 
19.21072006225586 18.8756160736084 19.279104232788086 208.39974975585938 18.882368087768555 18.918367385864258 18.903615951538086 18.9965763092041 22.915456771850586 19.474655151367188 19.57606315612793 20.19683265686035 19.325279235839844 19.455968856811523 19.39423942565918 19.629823684692383 
47.97343826293945 29.058656692504883 28.901472091674805 30.301311492919922 29.926176071166992 132.0675811767578 28.547840118408203 89.62786865234375 35.593505859375 28.898752212524414 28.885120391845703 29.092384338378906 29.883359909057617 28.871871948242188 28.98409652709961 29.250463485717773 
19.27743911743164 18.900991439819336 18.89187240600586 19.448863983154297 19.773696899414062 208.9629364013672 18.893247604370117 18.884735107421875 22.69148826599121 19.46886444091797 19.570751190185547 19.388736724853516 19.450239181518555 19.498624801635742 19.699039459228516 19.69932746887207 
49.081024169921875 28.767711639404297 28.689184188842773 29.508319854736328 29.993024826049805 124.89612579345703 28.61302375793457 100.19200134277344 33.624576568603516 29.355712890625 29.285888671875 28.892704010009766 29.12895965576172 29.409696578979492 29.177343368530273 29.81564712524414 
24.95724868774414 18.886720657348633 18.891679763793945 207.09344482421875 18.88934326171875 18.91814422607422 19.254175186157227 19.51932716369629 23.516416549682617 19.3853759765625 19.830432891845703 19.73699188232422 20.129344940185547 19.893503189086914 19.706655502319336 19.679935455322266 
43.781982421875 28.730239868164062 30.31839942932129 30.44451141357422 30.17033576965332 122.25708770751953 126.23296356201172 28.71436882019043 34.32640075683594 29.207040786743164 29.152063369750977 29.095775604248047 30.01932716369629 29.20572853088379 29.00383949279785 29.179584503173828 
19.16217613220215 18.875263214111328 18.896160125732422 18.994176864624023 19.004735946655273 210.93209838867188 18.85161590576172 19.129056930541992 23.17670440673828 19.55504035949707 19.795263290405273 19.222496032714844 19.379039764404297 19.413888931274414 19.733503341674805 19.395008087158203 
46.999969482421875 28.867168426513672 28.95404815673828 30.24064064025879 29.61065673828125 122.05619049072266 129.3930206298828 28.574432373046875 35.59756851196289 28.99180793762207 29.052928924560547 29.18953514099121 29.210559844970703 29.2969913482666 29.29043197631836 29.389951705932617 
24.927520751953125 18.93110466003418 18.934688568115234 207.9027557373047 18.899391174316406 19.11510467529297 19.139263153076172 19.368383407592773 23.141759872436523 19.384319305419922 20.06118392944336 19.903583526611328 20.01628875732422 19.95631980895996 19.583391189575195 20.012096405029297 
48.00435256958008 28.7475528717041 29.72012710571289 29.741247177124023 29.44246482849121 134.67747497558594 28.659616470336914 87.33792114257812 35.51395034790039 29.005184173583984 28.892223358154297 29.075679779052734 29.149503707885742 28.915264129638672 29.122880935668945 29.307872772216797 
24.88435173034668 18.86467170715332 19.38377571105957 206.64157104492188 18.833120346069336 18.85055923461914 19.02662467956543 19.680896759033203 22.161376953125 19.411104202270508 19.54863929748535 20.130207061767578 19.46563148498535 21.071840286254883 19.548831939697266 19.51081657409668 
57.34143829345703 38.47235107421875 40.344608306884766 54.294273376464844 39.34368133544922 102.96141052246094 38.41574478149414 41.115169525146484 46.07795333862305 39.36614227294922 38.80531311035156 38.69270324707031 39.77814483642578 38.83407974243164 38.96099090576172 38.69171142578125 
20.49590492248535 96.65814208984375 20.071712493896484 20.132863998413086 20.712383270263672 20.756927490234375 20.823711395263672 20.97551918029785 24.11859130859375 20.783103942871094 20.782079696655273 20.640607833862305 20.81737518310547 20.836320877075195 20.556415557861328 21.044607162475586 
44.784481048583984 39.21116638183594 39.19161605834961 40.39033508300781 40.78287887573242 40.622657775878906 40.179649353027344 40.30489730834961 45.74483108520508 38.597023010253906 38.87974548339844 39.24515151977539 38.80809783935547 38.532161712646484 39.60502243041992 38.54924774169922 
20.520864486694336 87.187744140625 20.122079849243164 20.172000885009766 20.441823959350586 20.52467155456543 21.0166072845459 21.579872131347656 22.370752334594727 20.666080474853516 20.784832000732422 20.841856002807617 20.62668800354004 20.7706241607666 20.696128845214844 20.779232025146484 
44.64799880981445 40.06697463989258 40.738975524902344 79.70623779296875 127.51532745361328 38.33875274658203 39.352256774902344 40.9529914855957 45.586910247802734 39.0338249206543 38.62691116333008 39.27561569213867 39.54560089111328 38.43574523925781 38.67804718017578 38.826656341552734 
20.4768009185791 95.91593933105469 20.142847061157227 20.16876792907715 20.207263946533203 20.232160568237305 20.552255630493164 20.570016860961914 25.20147132873535 20.5928955078125 21.05695915222168 20.691680908203125 20.568864822387695 21.188352584838867 20.6494083404541 20.876384735107422 
44.74198532104492 39.722816467285156 41.40483093261719 60.43756866455078 131.71734619140625 38.38671875 38.42652893066406 39.47840118408203 45.63888168334961 38.574913024902344 38.820640563964844 39.16672134399414 38.793182373046875 38.59516906738281 39.03084945678711 38.59862518310547 
20.4466552734375 96.4662094116211 20.08844757080078 20.073152542114258 20.170623779296875 20.497695922851562 20.50102424621582 20.62633514404297 24.628992080688477 20.80182456970215 20.55299186706543 20.78112030029297 20.83283233642578 20.5446720123291 20.496864318847656 21.14569664001465 
44.6954231262207 40.85260772705078 40.176734924316406 41.29782485961914 44.58153533935547 119.85356903076172 38.255615234375 38.38307189941406 46.2751350402832 38.57404708862305 38.63603210449219 38.692447662353516 39.602752685546875 38.67465591430664 38.718814849853516 39.15856170654297 
20.53772735595703 20.236352920532227 85.93251037597656 20.14793586730957 20.15999984741211 21.016096115112305 21.272480010986328 21.183584213256836 27.396608352661133 20.833919525146484 20.527584075927734 20.509695053100586 20.77884864807129 20.731647491455078 21.291967391967773 20.87603187561035 
44.69609451293945 40.82553482055664 41.9681282043457 58.79248046875 139.82095336914062 38.33216094970703 41.63347244262695 40.888031005859375 46.5366096496582 38.554176330566406 38.81417465209961 39.052127838134766 38.676448822021484 38.87241744995117 39.12793731689453 38.4246711730957 
20.476736068725586 96.52870178222656 20.17024040222168 20.076223373413086 20.252639770507812 20.553760528564453 20.792543411254883 20.628543853759766 23.602495193481445 20.742528915405273 20.753280639648438 20.726015090942383 20.670047760009766 20.606464385986328 20.83830451965332 20.896831512451172 
45.76054382324219 40.626976013183594 39.82566452026367 40.34707260131836 102.72918701171875 38.51724624633789 38.63987350463867 40.49568176269531 44.92230224609375 38.77267074584961 38.85036849975586 38.55091094970703 39.45750427246094 39.36460876464844 39.37184143066406 38.61820983886719 
20.500320434570312 98.44976043701172 20.155263900756836 20.093151092529297 20.616960525512695 20.708576202392578 20.8855037689209 20.88332748413086 24.589088439941406 20.85353660583496 20.55766487121582 20.867263793945312 20.310592651367188 20.654111862182617 20.829408645629883 20.69843292236328 
45.805824279785156 38.28486251831055 40.66777420043945 40.22118377685547 54.91414260864258 112.1776351928711 38.40576171875 39.524383544921875 46.392799377441406 39.017120361328125 38.74729537963867 39.63667297363281 38.66969680786133 38.64316940307617 38.74415969848633 38.9159049987793 
20.405088424682617 96.55680084228516 20.211936950683594 20.113887786865234 20.30512046813965 20.419296264648438 20.423839569091797 20.51046371459961 24.1496639251709 20.95568084716797 20.577823638916016 20.61529541015625 20.85318374633789 20.60915184020996 20.591999053955078 21.013824462890625 
44.6190071105957 39.42323303222656 39.29199981689453 135.2454071044922 38.35638427734375 39.921409606933594 40.16262435913086 40.115264892578125 45.92649459838867 38.56758499145508 39.083648681640625 38.868064880371094 38.54889678955078 38.94697570800781 38.58921432495117 38.7105598449707 
20.439199447631836 96.48422241210938 20.025375366210938 20.164287567138672 20.482271194458008 20.473087310791016 20.5849609375 20.584415435791016 23.703136444091797 20.72547149658203 20.720096588134766 20.73971176147461 20.61849594116211 21.157312393188477 20.70854377746582 20.786304473876953 
45.815040588378906 38.476478576660156 39.31033706665039 39.43695831298828 40.51020812988281 126.22502136230469 38.34444808959961 38.65439987182617 45.7158088684082 38.733280181884766 38.503326416015625 38.445247650146484 38.97663879394531 38.644256591796875 38.53619384765625 39.03120040893555 
20.324735641479492 96.4849624633789 20.127872467041016 20.22127914428711 20.783967971801758 21.295839309692383 21.62892723083496 21.48739242553711 24.468351364135742 20.639999389648438 20.836191177368164 21.153663635253906 20.711904525756836 20.694976806640625 20.747615814208984 20.976703643798828 
49.246177673339844 36.28019332885742 40.59475326538086 36.27948760986328 165.2559051513672 51.96928024291992 28.19388771057129 30.30009651184082 42.39827346801758 29.0664005279541 29.130720138549805 28.8176326751709 29.801376342773438 28.730464935302734 29.068607330322266 29.030656814575195 
50.47792053222656 35.725982666015625 35.766273498535156 141.73683166503906 35.97052764892578 36.247169494628906 28.869823455810547 29.07491111755371 44.18102264404297 28.64886474609375 29.561952590942383 29.12406349182129 28.709184646606445 29.179168701171875 29.144575119018555 29.225183486938477 
49.38246536254883 35.75571060180664 36.473663330078125 150.62022399902344 35.70320129394531 30.891199111938477 28.90380859375 29.510400772094727 43.45161437988281 28.719392776489258 28.888704299926758 28.753952026367188 28.825759887695312 28.931455612182617 29.00934410095215 29.646848678588867 
49.34761428833008 40.115264892578125 104.49443054199219 61.335872650146484 36.36454391479492 36.3317756652832 28.951839447021484 29.717376708984375 43.52249526977539 28.761920928955078 28.833984375 29.525440216064453 28.75939178466797 29.111839294433594 28.786624908447266 32.26838302612305 
49.4119987487793 37.75494384765625 36.47859191894531 148.66184997558594 36.068416595458984 30.14735984802246 28.648832321166992 29.033504486083984 41.98582458496094 28.605152130126953 28.9434871673584 28.89583969116211 29.036575317382812 28.601600646972656 29.567935943603516 29.1909122467041 
49.44831848144531 36.74505615234375 37.088096618652344 142.60223388671875 35.91836929321289 32.13907241821289 28.742816925048828 29.77449607849121 43.66495895385742 28.77257537841797 29.03545570373535 29.589567184448242 28.707040786743164 29.0183048248291 29.078784942626953 29.086496353149414 
49.35388946533203 35.86703872680664 35.67289733886719 137.62252807617188 35.83772659301758 35.70191955566406 29.422527313232422 28.93187141418457 42.47612762451172 29.060096740722656 28.940256118774414 28.881887435913086 28.91654396057129 28.9814395904541 28.790752410888672 29.170976638793945 
49.320735931396484 37.19571304321289 36.66636657714844 148.99095153808594 36.52159881591797 29.484224319458008 29.091520309448242 28.899776458740234 41.082977294921875 28.49718475341797 29.13465690612793 29.163423538208008 28.77884864807129 28.909791946411133 28.934560775756836 29.148096084594727 
49.40604782104492 35.79993438720703 37.08924865722656 150.9812469482422 35.712032318115234 29.44476890563965 29.494688034057617 29.66739273071289 40.66080093383789 28.646528244018555 28.870336532592773 29.069120407104492 28.715232849121094 29.006975173950195 29.199615478515625 29.38707160949707 
49.439231872558594 35.80012893676758 38.37190246582031 133.93740844726562 36.34028625488281 36.76620864868164 29.117151260375977 28.562847137451172 42.577728271484375 28.81769561767578 28.918560028076172 28.73904037475586 28.980607986450195 28.92665672302246 29.271839141845703 29.090848922729492 
48.736385345458984 34.196800231933594 34.560768127441406 35.42118453979492 92.78262329101562 43.76777648925781 65.91939544677734 35.0120964050293 42.55446243286133 34.67292785644531 34.94160079956055 34.21353530883789 34.7088623046875 34.63302230834961 34.03420639038086 34.915550231933594 
49.73497772216797 35.04051208496094 35.795745849609375 35.36662292480469 35.40284729003906 37.37392044067383 51.593406677246094 45.138240814208984 42.69200134277344 34.458335876464844 34.01465606689453 34.341121673583984 34.09632110595703 34.4483528137207 34.37692642211914 34.19295883178711 
49.759647369384766 33.8955192565918 34.61996841430664 35.30537414550781 35.004512786865234 34.986175537109375 40.88441467285156 45.20569610595703 39.74127960205078 34.24335861206055 34.30198287963867 33.932960510253906 34.85014343261719 34.49030303955078 34.52460861206055 34.53004837036133 
49.697662353515625 34.016544342041016 35.92214584350586 35.56991958618164 36.44374465942383 37.49971389770508 51.1110725402832 46.21142578125 45.783870697021484 34.02310562133789 34.494049072265625 34.373409271240234 34.25251388549805 34.53209686279297 34.473087310791016 34.56281661987305 
48.627166748046875 34.08902359008789 35.76902389526367 34.959678649902344 35.893856048583984 35.26883316040039 56.15020751953125 40.640159606933594 43.11804962158203 34.16387176513672 33.94502258300781 34.4521598815918 34.92335891723633 34.291934967041016 34.21263885498047 34.61238479614258 
50.72032165527344 33.64400100708008 35.09926223754883 36.183040618896484 39.86732864379883 36.32707214355469 69.37731170654297 33.82048034667969 46.490657806396484 34.090816497802734 34.47795104980469 34.195743560791016 34.36800003051758 34.604801177978516 34.322113037109375 34.67113494873047 
48.613216400146484 34.7213134765625 34.971168518066406 34.99049758911133 35.11155319213867 35.59084701538086 44.710113525390625 51.12822341918945 43.354400634765625 34.42345428466797 34.540382385253906 34.45328140258789 35.15296173095703 34.5838737487793 34.227169036865234 34.68102264404297 
48.662654876708984 33.62627029418945 35.689632415771484 34.348289489746094 35.1927375793457 40.077728271484375 61.04972839355469 34.2922248840332 42.358558654785156 34.222782135009766 34.51606369018555 34.26124954223633 34.31727981567383 34.751678466796875 34.13401412963867 34.59203338623047 
48.67750549316406 33.785728454589844 35.79616165161133 35.96467208862305 35.00899124145508 35.22300720214844 64.23420715332031 92.37737274169922 39.907615661621094 34.314910888671875 34.25574493408203 34.019775390625 34.6071662902832 34.15020751953125 34.692222595214844 34.50099182128906 
50.77017593383789 34.19356918334961 35.38220977783203 34.39692687988281 35.37120056152344 35.249183654785156 51.80636978149414 35.4114875793457 42.1959342956543 34.339744567871094 34.412574768066406 34.27427291870117 34.13727951049805 35.6945915222168 33.734657287597656 34.62908935546875 
34.589759826660156 26.452896118164062 26.691776275634766 26.930591583251953 27.299423217773438 27.273088455200195 27.692800521850586 28.098495483398438 31.879648208618164 27.221343994140625 27.26076889038086 27.1844482421875 27.1345272064209 26.769216537475586 27.07459259033203 26.903648376464844 
289.8738708496094 22.958688735961914 23.023136138916016 23.202207565307617 23.289823532104492 23.256256103515625 24.020992279052734 24.273439407348633 28.10745620727539 23.823200225830078 23.73961639404297 23.65519905090332 23.61452865600586 23.681856155395508 23.956703186035156 23.781248092651367 
41.92915344238281 26.659807205200195 27.253440856933594 28.248191833496094 28.035327911376953 27.5350399017334 209.1334991455078 26.387615203857422 30.00998306274414 26.994495391845703 26.815776824951172 27.188831329345703 26.716447830200195 26.95315170288086 27.084287643432617 26.87606430053711 
293.36602783203125 22.990976333618164 23.10518455505371 23.18364715576172 23.27414321899414 23.650239944458008 24.207199096679688 23.89801597595215 27.990528106689453 23.409311294555664 23.500736236572266 24.56185531616211 24.049951553344727 23.701311111450195 23.59324836730957 23.80544090270996 
41.88105773925781 26.713119506835938 26.593791961669922 27.139135360717773 27.803455352783203 27.611103057861328 126.31878662109375 26.382944107055664 32.206783294677734 27.01705551147461 26.93574333190918 27.177471160888672 27.507776260375977 27.175840377807617 26.746591567993164 27.199647903442383 
285.67840576171875 22.933855056762695 22.895679473876953 23.20899200439453 23.796096801757812 23.583263397216797 23.372896194458008 23.479616165161133 27.9833927154541 23.298240661621094 23.57263946533203 23.649215698242188 23.547935485839844 23.55219268798828 23.833120346069336 24.006336212158203 
40.834014892578125 26.571199417114258 28.2293758392334 27.940895080566406 27.435871124267578 27.578144073486328 208.75616455078125 26.430816650390625 31.66828727722168 26.800447463989258 26.89081573486328 27.028736114501953 27.411487579345703 27.17398452758789 26.87980842590332 27.037567138671875 
77.22697448730469 22.863008499145508 22.985504150390625 23.35206413269043 23.37500762939453 23.412992477416992 24.087007522583008 24.037952423095703 27.08950424194336 23.633695602416992 23.70572853088379 23.721439361572266 23.596479415893555 23.707551956176758 23.627328872680664 23.954975128173828 
44.0546875 26.721088409423828 26.679391860961914 27.000255584716797 27.316640853881836 27.311168670654297 116.41120147705078 26.433183670043945 32.71129608154297 26.927936553955078 27.087072372436523 27.189472198486328 26.954687118530273 27.26924705505371 27.988576889038086 27.045024871826172 
292.46649169921875 22.910720825195312 22.947935104370117 23.227519989013672 23.215776443481445 23.339712142944336 23.9467830657959 23.51532745361328 28.574016571044922 23.42393684387207 23.67900848388672 25.335872650146484 23.508256912231445 23.552064895629883 23.97750473022461 24.0567684173584 
34.57769775390625 26.669151306152344 28.24627113342285 28.123104095458984 27.26767921447754 27.26041603088379 162.94277954101562 26.323104858398438 31.90675163269043 26.92508888244629 27.488191604614258 26.94099235534668 27.042816162109375 26.841888427734375 26.877248764038086 27.50182342529297 
294.5010070800781 22.892192840576172 22.930591583251953 23.968671798706055 24.024736404418945 23.570911407470703 23.391199111938477 23.21731185913086 26.80633544921875 23.61996841430664 24.044736862182617 23.77302360534668 23.518720626831055 23.304832458496094 23.90070343017578 24.05843162536621 
40.92371368408203 26.552095413208008 26.76483154296875 27.56972885131836 28.04582405090332 27.670656204223633 27.606304168701172 161.39427185058594 32.351966857910156 26.806943893432617 27.350303649902344 26.957088470458984 27.229280471801758 27.179519653320312 27.265216827392578 27.877471923828125 
283.355712890625 22.867359161376953 22.958240509033203 23.01238441467285 23.286752700805664 23.443552017211914 23.832672119140625 24.00351905822754 28.170656204223633 23.730239868164062 23.604703903198242 23.408544540405273 23.763168334960938 24.19977569580078 23.63055992126465 23.48111915588379 
40.860511779785156 26.714815139770508 27.865663528442383 28.033279418945312 27.317792892456055 27.499679565429688 27.03513526916504 160.1195526123047 31.75632095336914 26.83305549621582 27.116416931152344 27.38915252685547 27.961952209472656 27.1474552154541 27.1441593170166 27.191648483276367 
78.80425262451172 22.845983505249023 23.0665283203125 23.649568557739258 23.44361686706543 23.837919235229492 24.338464736938477 23.98464012145996 27.865951538085938 23.862335205078125 23.761728286743164 23.855743408203125 23.745119094848633 24.059328079223633 23.7774715423584 23.371776580810547 
51.47449493408203 26.671199798583984 26.483455657958984 27.274784088134766 27.18115234375 28.095680236816406 175.7334747314453 26.410911560058594 32.842655181884766 26.99545669555664 26.854143142700195 27.01692771911621 26.777280807495117 27.076799392700195 26.650432586669922 27.462432861328125 
281.0609130859375 23.055360794067383 23.27952003479004 23.69481658935547 23.750335693359375 23.628639221191406 23.457311630249023 24.032800674438477 26.38422393798828 23.77667236328125 23.531200408935547 23.46771240234375 23.422048568725586 23.753856658935547 23.825056076049805 23.988544464111328 
56.698753356933594 26.969663619995117 26.965280532836914 27.292991638183594 28.10188865661621 27.481664657592773 195.43186950683594 26.459487915039062 32.473663330078125 26.923423767089844 27.182111740112305 27.032800674438477 26.859968185424805 27.416128158569336 26.914016723632812 26.68569564819336 
290.6467590332031 22.878591537475586 22.935775756835938 23.21232032775879 23.18547248840332 24.029312133789062 23.980255126953125 23.703327178955078 28.133535385131836 23.442079544067383 23.481727600097656 23.751392364501953 23.76108741760254 23.3637752532959 24.178943634033203 23.937440872192383 
32.728736877441406 24.241376876831055 24.822111129760742 24.928319931030273 25.25801658630371 24.968416213989258 24.802335739135742 63.85308837890625 28.609695434570312 24.54547119140625 24.476320266723633 24.911136627197266 24.60268783569336 24.728031158447266 24.69683265686035 24.54854393005371 
16.903776168823242 16.455135345458984 16.644704818725586 16.645248413085938 16.64681625366211 16.716096878051758 16.962400436401367 17.228607177734375 33.1445426940918 16.527103424072266 17.513952255249023 16.669408798217773 17.2891845703125 16.86639976501465 17.05504035949707 16.99849510192871 
54.438560485839844 24.548255920410156 24.796415328979492 24.912063598632812 25.13657569885254 24.998815536499023 37.31792068481445 32.561214447021484 27.741504669189453 24.641279220581055 24.648479461669922 24.64339256286621 24.250303268432617 24.543872833251953 24.669567108154297 24.699359893798828 
16.76527976989746 16.391359329223633 16.54092788696289 16.492895126342773 16.63609504699707 16.78633689880371 17.0467529296875 17.15078353881836 32.849056243896484 16.500415802001953 17.69388771057129 16.669376373291016 17.89299201965332 16.85353660583496 17.078336715698242 16.578176498413086 
56.950111389160156 24.36025619506836 24.23676872253418 24.345407485961914 25.7890567779541 26.007776260375977 41.7977294921875 24.54876708984375 29.127328872680664 24.477632522583008 25.449535369873047 24.751583099365234 24.470367431640625 24.67513656616211 24.811616897583008 24.614208221435547 
16.80748748779297 16.384511947631836 16.604736328125 16.81167984008789 16.97235107421875 16.854015350341797 16.670944213867188 16.709728240966797 32.3263053894043 16.560895919799805 17.04867172241211 16.555360794067383 16.675872802734375 16.5579833984375 17.539840698242188 16.76812744140625 
64.15503692626953 24.090560913085938 24.68992042541504 25.400480270385742 25.28985595703125 24.94316864013672 30.880319595336914 58.647422790527344 27.578048706054688 24.50387191772461 24.62835121154785 24.565759658813477 24.606592178344727 24.53990364074707 24.624479293823242 25.343040466308594 
16.982912063598633 16.53772735595703 16.79795265197754 16.83523178100586 16.7491512298584 16.633087158203125 16.691328048706055 16.94803237915039 23.40153694152832 17.031999588012695 16.535871505737305 17.092479705810547 16.525375366210938 16.576736450195312 16.531808853149414 17.385568618774414 
67.36937713623047 24.044736862182617 24.51113510131836 24.92416000366211 25.649696350097656 25.05174446105957 24.89811134338379 61.09852981567383 28.764511108398438 24.543840408325195 24.461471557617188 24.298431396484375 24.64041519165039 24.68854331970215 24.871551513671875 24.901344299316406 
16.85260772705078 16.538496017456055 16.533952713012695 16.76767921447754 16.85740852355957 16.684768676757812 16.558015823364258 16.7410888671875 30.60883140563965 16.626239776611328 17.04591941833496 17.030784606933594 16.761920928955078 17.108959197998047 16.563264846801758 16.534528732299805 
53.55846405029297 24.147743225097656 24.28758430480957 25.49033546447754 24.968416213989258 24.803936004638672 37.83027267456055 27.305280685424805 28.977951049804688 24.50307273864746 24.789215087890625 24.650463104248047 24.657087326049805 24.830944061279297 24.91187286376953 24.60095977783203 
16.880863189697266 16.376672744750977 16.643680572509766 16.815744400024414 16.859039306640625 16.825536727905273 16.72140884399414 16.78646469116211 30.773088455200195 16.73017692565918 16.49737548828125 16.949535369873047 16.69808006286621 17.16828727722168 16.55580711364746 17.29439926147461 
42.149566650390625 24.229087829589844 24.793472290039062 24.8417911529541 24.863040924072266 43.777278900146484 157.77113342285156 24.122400283813477 27.261375427246094 24.44806480407715 24.41302490234375 24.676128387451172 24.593088150024414 24.526208877563477 24.589984893798828 24.523935317993164 
16.788959503173828 16.413408279418945 16.438432693481445 16.451648712158203 16.530527114868164 16.797887802124023 17.074687957763672 17.11097526550293 24.865983963012695 17.56937599182129 16.844512939453125 17.082080841064453 16.968639373779297 17.323423385620117 17.549760818481445 16.766496658325195 
60.01606369018555 24.010623931884766 24.511680603027344 24.56172752380371 24.7096004486084 25.307199478149414 29.883840560913086 70.32105255126953 29.063936233520508 24.531007766723633 25.299999237060547 24.629119873046875 24.73334312438965 24.8636474609375 24.77667236328125 24.626047134399414 
16.79599952697754 16.33513641357422 16.574432373046875 16.601791381835938 17.05673599243164 17.258655548095703 16.968799591064453 16.73529624938965 30.533472061157227 16.987327575683594 16.490463256835938 17.506591796875 17.007232666015625 17.188831329345703 16.853727340698242 17.081056594848633 
30.563711166381836 24.390527725219727 24.626495361328125 24.731840133666992 24.881696701049805 25.39686393737793 67.8635482788086 24.661279678344727 29.788480758666992 24.617984771728516 24.64735984802246 24.60495948791504 25.965599060058594 24.584896087646484 24.41427230834961 24.589759826660156 
16.79657554626465 16.390655517578125 16.35526466369629 16.39593505859375 16.81376075744629 17.13987159729004 17.186559677124023 17.043743133544922 32.97782516479492 16.495744705200195 17.23708724975586 16.5281925201416 17.549152374267578 16.709888458251953 16.827775955200195 16.867103576660156 
56.97340774536133 24.15407943725586 24.209247589111328 24.788192749023438 24.93212890625 24.852096557617188 36.34489440917969 71.13798522949219 28.17852783203125 24.528032302856445 24.51558494567871 24.653696060180664 24.51420783996582 24.628671646118164 24.60358428955078 24.630752563476562 
16.726943969726562 16.487199783325195 16.538976669311523 16.49180793762207 16.495967864990234 16.578815460205078 16.783039093017578 17.192352294921875 18.538944244384766 17.078048706054688 16.75049591064453 17.109664916992188 16.56208038330078 16.67318344116211 16.584287643432617 17.322399139404297 
69.93427276611328 15.858271598815918 15.852800369262695 15.979167938232422 16.009920120239258 16.390016555786133 16.570880889892578 16.454463958740234 25.52934455871582 16.676063537597656 16.717248916625977 16.537504196166992 17.653696060180664 16.493152618408203 16.238719940185547 16.320064544677734 
17.135839462280273 16.102176666259766 16.312896728515625 15.985471725463867 15.905695915222168 16.100704193115234 16.152639389038086 16.44585609436035 17.997888565063477 16.858976364135742 16.22742462158203 16.055967330932617 16.204992294311523 16.068416595458984 16.858783721923828 16.199647903442383 
41.61100769042969 16.20035171508789 16.232576370239258 16.129568099975586 16.23923110961914 16.363967895507812 16.39891242980957 16.4256649017334 27.57583999633789 16.495616912841797 16.549152374267578 16.338687896728516 17.730623245239258 16.405248641967773 17.678943634033203 16.3953914642334 
16.797439575195312 16.08684730529785 16.093120574951172 15.90236759185791 15.891072273254395 16.313600540161133 16.344512939453125 16.286527633666992 18.533023834228516 17.221792221069336 15.77945613861084 15.840224266052246 16.26860809326172 16.14828872680664 16.440448760986328 16.261152267456055 
47.27177429199219 16.135967254638672 15.90556812286377 15.923808097839355 15.910943984985352 16.133312225341797 16.55881690979004 16.592735290527344 22.091360092163086 16.50809669494629 16.968704223632812 16.069568634033203 16.14236831665039 16.602815628051758 16.802751541137695 16.633087158203125 
16.19878387451172 15.848575592041016 15.797247886657715 15.957887649536133 16.347328186035156 16.586591720581055 16.354976654052734 16.07356834411621 19.17900848388672 17.618783950805664 15.989727973937988 16.7893123626709 15.93990421295166 16.190336227416992 15.914239883422852 16.490848541259766 
39.44559860229492 16.22323226928711 16.238847732543945 15.955488204956055 15.982848167419434 16.122976303100586 16.422048568725586 16.660287857055664 24.279199600219727 16.570880889892578 16.718271255493164 16.700607299804688 17.001216888427734 16.38751983642578 16.917695999145508 16.24937629699707 
16.25484848022461 15.903552055358887 15.933247566223145 15.866399765014648 16.328800201416016 16.529151916503906 16.600223541259766 16.661888122558594 17.382015228271484 16.476320266723633 15.833184242248535 15.998080253601074 15.813440322875977 16.125856399536133 16.765119552612305 15.971232414245605 
34.130367279052734 16.210336685180664 16.148799896240234 16.054880142211914 16.150911331176758 16.130847930908203 16.11248016357422 16.24985694885254 24.719615936279297 16.34409523010254 16.228351593017578 16.75676727294922 16.77734375 16.583999633789062 16.69865608215332 16.90572738647461 
16.295360565185547 15.743712425231934 15.720864295959473 16.216703414916992 16.207807540893555 16.210336685180664 16.12892723083496 15.930784225463867 18.243839263916016 16.43075180053711 16.297536849975586 16.333311080932617 16.443679809570312 16.4268798828125 16.010496139526367 16.77292823791504 
49.12633514404297 16.249568939208984 16.11350440979004 15.889344215393066 16.020767211914062 16.51696014404297 16.192672729492188 16.228607177734375 23.67737579345703 17.559648513793945 16.8621768951416 16.848447799682617 16.550336837768555 17.237407684326172 16.65862464904785 17.229503631591797 
16.146303176879883 15.755231857299805 15.731616020202637 15.779583930969238 16.130144119262695 16.062400817871094 16.046079635620117 15.996800422668457 18.273279190063477 16.70854377746582 16.612415313720703 16.135488510131836 16.8407039642334 16.11497688293457 16.93289566040039 16.126880645751953 
38.32992172241211 16.19820785522461 16.080608367919922 16.53264045715332 16.1976318359375 16.27235221862793 16.5250244140625 16.374303817749023 24.62175941467285 16.114591598510742 16.536256790161133 16.59814453125 16.55948829650879 16.84886360168457 16.576448440551758 16.418527603149414 
16.159648895263672 15.743647575378418 15.89577579498291 15.945728302001953 16.093536376953125 16.39139175415039 16.176864624023438 15.962240219116211 18.041183471679688 16.666015625 16.178495407104492 16.42233657836914 16.11248016357422 16.77359962463379 16.340639114379883 16.77782440185547 
40.49913787841797 16.228639602661133 16.835647583007812 15.956735610961914 16.291040420532227 16.129663467407227 16.146944046020508 16.575103759765625 23.770240783691406 16.695999145507812 16.243871688842773 16.50752067565918 16.668800354003906 16.545568466186523 16.60223960876465 16.61440086364746 
16.36841583251953 16.053279876708984 15.99728012084961 16.10163116455078 15.90396785736084 15.940383911132812 16.009567260742188 16.380767822265625 17.60095977783203 16.659711837768555 16.223007202148438 16.115999221801758 16.317312240600586 16.887136459350586 16.12112045288086 17.04560089111328 
39.78300857543945 16.00511932373047 16.204927444458008 16.218687057495117 16.4138240814209 67.46243286132812 15.952960014343262 15.970463752746582 21.87887954711914 16.788768768310547 16.599071502685547 16.17145538330078 17.138111114501953 16.550207138061523 16.95961570739746 16.489215850830078 
16.281312942504883 15.799903869628906 15.809823989868164 16.135616302490234 16.440256118774414 16.528287887573242 16.344480514526367 16.1823673248291 18.073856353759766 16.103839874267578 16.80473518371582 15.857215881347656 16.597408294677734 16.36444854736328 16.287168502807617 16.332351684570312 
43.652896881103516 16.231008529663086 16.133119583129883 16.068960189819336 16.10678482055664 16.09859275817871 16.200576782226562 16.169919967651367 23.290111541748047 16.935199737548828 16.20035171508789 17.00912094116211 16.410240173339844 16.538272857666016 16.704832077026367 16.332895278930664 
16.225055694580078 16.007455825805664 16.13222312927246 15.965120315551758 15.963264465332031 15.95849609375 15.963808059692383 16.490623474121094 18.45465660095215 16.728191375732422 15.849727630615234 16.600608825683594 16.100704193115234 16.221599578857422 16.38934326171875 16.135648727416992 
34.44668960571289 23.84841537475586 23.680448532104492 24.48627281188965 24.498655319213867 24.972639083862305 25.17545509338379 69.55366516113281 27.978368759155273 24.39638328552246 24.13488006591797 24.522560119628906 23.869216918945312 24.662208557128906 24.322975158691406 23.897472381591797 
16.946271896362305 16.556703567504883 16.6329288482666 16.914560317993164 17.11087989807129 17.189088821411133 16.920927047729492 16.8417911529541 19.677824020385742 16.556352615356445 16.774335861206055 16.799808502197266 16.911008834838867 17.104639053344727 17.368160247802734 16.771615982055664 
57.429534912109375 24.24448013305664 24.05516815185547 24.169696807861328 24.387807846069336 24.30339241027832 50.032833099365234 55.63359832763672 27.472383499145508 24.251615524291992 24.064863204956055 23.94758415222168 24.173023223876953 23.937824249267578 24.194656372070312 24.082399368286133 
16.766815185546875 16.527360916137695 16.572256088256836 17.04707145690918 17.28678321838379 17.21820831298828 17.005760192871094 16.873600006103516 20.709503173828125 16.624671936035156 16.6059513092041 17.35753631591797 16.722368240356445 17.49875259399414 17.365568161010742 16.966720581054688 
57.50435256958008 23.88243293762207 23.74617576599121 24.706687927246094 24.705888748168945 24.398399353027344 24.380416870117188 33.76028823852539 28.25916862487793 24.006752014160156 24.153024673461914 24.18499183654785 24.011423110961914 24.38902473449707 24.132383346557617 23.923072814941406 
16.84329605102539 16.535072326660156 16.799840927124023 16.789888381958008 17.309247970581055 17.422592163085938 17.2608642578125 16.901504516601562 20.251968383789062 16.579200744628906 16.766752243041992 16.912639617919922 17.037696838378906 16.951135635375977 17.313152313232422 17.07788848876953 
37.44697570800781 23.8024959564209 23.991104125976562 24.901119232177734 24.5317440032959 24.52195167541504 45.65212631225586 27.996671676635742 27.537376403808594 24.175968170166016 24.28188705444336 24.050527572631836 24.333343505859375 24.195520401000977 24.259904861450195 23.895328521728516 
16.810239791870117 16.572351455688477 16.550880432128906 17.060287475585938 17.120704650878906 17.41935920715332 17.446752548217773 17.339487075805664 19.5864315032959 16.623327255249023 16.781152725219727 16.819679260253906 17.454784393310547 17.34966468811035 17.226207733154297 18.079967498779297 
60.623966217041016 23.944704055786133 23.74412727355957 24.13395118713379 25.021440505981445 24.401376724243164 52.00739288330078 58.79052734375 28.25152015686035 24.34262466430664 24.57200050354004 24.0897274017334 24.245567321777344 24.06879997253418 24.101472854614258 24.348703384399414 
16.82486343383789 16.643903732299805 16.836767196655273 16.95996856689453 17.0248966217041 16.891263961791992 16.817760467529297 16.884672164916992 18.25823974609375 16.661056518554688 17.148927688598633 18.06230354309082 16.996896743774414 17.248672485351562 17.080768585205078 17.163328170776367 
56.43324661254883 24.096416473388672 24.54764747619629 24.292512893676758 24.198015213012695 24.357440948486328 52.781150817871094 53.55606460571289 27.673311233520508 24.050079345703125 24.168256759643555 24.129344940185547 24.081504821777344 24.138784408569336 24.82489585876465 24.22265625 
16.8525447845459 16.6013126373291 17.0183048248291 17.117408752441406 17.40617561340332 17.360960006713867 17.094560623168945 17.144672393798828 20.69055938720703 16.66543960571289 16.975168228149414 17.21491241455078 17.071392059326172 16.692447662353516 17.371967315673828 16.707040786743164 
59.648094177246094 24.038368225097656 24.131616592407227 24.267040252685547 24.657407760620117 25.131071090698242 53.05081558227539 49.35939025878906 27.265151977539062 24.133056640625 24.1964168548584 24.112991333007812 24.121631622314453 24.129440307617188 24.095840454101562 24.233728408813477 
16.864032745361328 16.578624725341797 16.808128356933594 17.070432662963867 17.135456085205078 17.16761589050293 16.9866886138916 16.930400848388672 18.644128799438477 16.592927932739258 18.094335556030273 17.31612777709961 16.72822380065918 16.868703842163086 16.833248138427734 17.41971206665039 
49.066017150878906 24.051328659057617 24.342592239379883 24.341472625732422 24.25974464416504 24.769184112548828 67.22700500488281 23.633567810058594 28.002880096435547 23.983776092529297 24.24608039855957 24.89913558959961 24.402751922607422 24.08086395263672 24.118207931518555 24.197792053222656 
16.86444854736328 16.5284481048584 16.89468765258789 16.916223526000977 16.86089515686035 16.845760345458984 16.888383865356445 16.795455932617188 20.091968536376953 16.707487106323242 16.72960090637207 17.453184127807617 16.766111373901367 17.56812858581543 17.240671157836914 16.999711990356445 
58.65379333496094 24.179935455322266 24.670272827148438 24.627647399902344 24.610431671142578 24.4051513671875 51.70051193237305 52.480735778808594 27.729312896728516 24.177888870239258 24.1231689453125 25.789344787597656 24.306367874145508 24.089920043945312 24.077280044555664 24.180095672607422 
16.86835289001465 16.63164710998535 16.833248138427734 17.04115104675293 17.059104919433594 17.09756851196289 17.49648094177246 17.08790397644043 20.113216400146484 16.583423614501953 17.600223541259766 17.225568771362305 17.21196746826172 17.611007690429688 17.177440643310547 16.789888381958008 
45.04399871826172 24.05718421936035 23.926368713378906 24.544607162475586 24.8591365814209 24.60700798034668 88.88550567626953 57.090816497802734 28.43382453918457 24.10665512084961 24.270048141479492 24.19024085998535 24.13212776184082 24.238431930541992 24.26140785217285 24.14905548095703 
16.917055130004883 16.562976837158203 16.761280059814453 16.960512161254883 17.118335723876953 17.220544815063477 17.298015594482422 17.047103881835938 19.69830322265625 16.60972785949707 16.901792526245117 17.8088321685791 17.02681541442871 17.998367309570312 17.879680633544922 17.171903610229492 
81.90898895263672 28.876224517822266 29.420000076293945 29.975296020507812 29.423583984375 30.202016830444336 30.667455673217773 30.32054328918457 36.56639862060547 29.746240615844727 29.892671585083008 31.24847984313965 30.573055267333984 29.929664611816406 30.47443199157715 30.43903923034668 
54.27510452270508 28.94086456298828 28.921119689941406 30.61782455444336 30.554655075073242 29.807775497436523 29.791488647460938 30.40345573425293 37.669151306152344 30.157535552978516 29.471424102783203 30.69308853149414 29.818912506103516 30.417888641357422 30.702463150024414 29.7043514251709 
49.272159576416016 29.012319564819336 29.456544876098633 29.285728454589844 30.3787841796875 29.888063430786133 29.93846321105957 33.2426872253418 38.79635238647461 29.826175689697266 29.757183074951172 30.82316780090332 29.253280639648438 30.01366424560547 31.991039276123047 29.07744026184082 
48.181121826171875 28.83135986328125 30.33977508544922 30.453887939453125 30.523296356201172 30.266176223754883 30.0960636138916 29.842208862304688 38.405982971191406 29.400287628173828 30.48703956604004 29.118623733520508 30.76540756225586 29.552255630493164 30.396928787231445 29.73334312438965 
53.517120361328125 29.27952003479004 29.386367797851562 30.559871673583984 30.843679428100586 30.973567962646484 30.0218563079834 30.020832061767578 40.31340789794922 29.812000274658203 30.19094467163086 32.040287017822266 30.117408752441406 30.579328536987305 30.574111938476562 29.379295349121094 
52.39484786987305 29.517887115478516 29.987071990966797 30.204320907592773 29.699167251586914 30.499711990356445 30.06889533996582 30.248672485351562 38.25254440307617 29.332704544067383 30.358272552490234 29.205120086669922 30.512224197387695 31.541183471679688 30.0831356048584 30.0119686126709 
47.166526794433594 29.54534339904785 29.890527725219727 29.94281578063965 30.107391357421875 30.126176834106445 29.89347267150879 29.562400817871094 37.05478286743164 30.037311553955078 29.1942081451416 30.619840621948242 29.648767471313477 30.361408233642578 30.250080108642578 29.806400299072266 
52.93862533569336 28.867935180664062 29.182815551757812 30.520896911621094 30.70966339111328 30.601728439331055 29.931583404541016 30.827104568481445 39.22102355957031 29.512544631958008 30.45599937438965 29.741439819335938 30.637279510498047 29.948415756225586 30.22153663635254 30.411136627197266 
53.845760345458984 29.070655822753906 29.419424057006836 29.27177619934082 30.106111526489258 30.501344680786133 30.206335067749023 32.766048431396484 37.359169006347656 29.448896408081055 30.37660789489746 30.255584716796875 29.55183982849121 30.18435287475586 29.424543380737305 32.0968017578125 
56.1993293762207 29.24518394470215 30.17830467224121 30.67318344116211 30.323135375976562 29.47532844543457 30.051040649414062 33.392799377441406 39.259647369384766 30.341888427734375 29.839712142944336 30.81507110595703 30.743135452270508 29.35264015197754 30.426624298095703 29.7741756439209 
41.152000427246094 25.327871322631836 25.878047943115234 25.889951705932617 25.942655563354492 26.858720779418945 26.18070411682129 140.07980346679688 32.338462829589844 25.81884765625 25.914304733276367 26.214399337768555 25.925216674804688 25.849632263183594 25.806367874145508 26.113727569580078 
22.0831356048584 21.781631469726562 21.908992767333984 22.00783920288086 21.971647262573242 22.062528610229492 22.898815155029297 23.173248291015625 25.133407592773438 22.20627212524414 23.18124771118164 22.327104568481445 22.34796714782715 22.531967163085938 22.4234561920166 22.367231369018555 
63.0588493347168 25.1856632232666 26.049375534057617 26.429279327392578 26.242271423339844 26.151296615600586 27.052255630493164 26.583904266357422 31.136703491210938 25.815872192382812 25.748735427856445 26.71718406677246 25.670944213867188 26.073759078979492 25.752159118652344 25.80294418334961 
22.071264266967773 22.0382080078125 22.31590461730957 22.295583724975586 22.528352737426758 22.562911987304688 22.23628807067871 22.057472229003906 26.53321647644043 22.233856201171875 22.636768341064453 22.35660743713379 22.124927520751953 22.24064064025879 22.45097541809082 22.1408634185791 
64.03907012939453 25.300832748413086 25.686784744262695 26.236127853393555 26.418304443359375 26.531967163085938 40.25075149536133 32.556800842285156 32.346431732177734 25.779264450073242 25.75926399230957 26.249311447143555 25.996992111206055 25.821407318115234 25.576416015625 25.855392456054688 
22.532896041870117 22.098751068115234 22.12598419189453 22.08470344543457 22.105663299560547 22.112096786499023 22.302143096923828 22.65727996826172 25.66556739807129 22.128480911254883 22.59177589416504 22.278240203857422 22.169984817504883 22.741472244262695 22.338943481445312 22.123903274536133 
57.71027374267578 25.27948760986328 25.56777572631836 25.664384841918945 26.899839401245117 26.672576904296875 26.105791091918945 26.658239364624023 30.89263916015625 25.720415115356445 25.711456298828125 25.951391220092773 26.29792022705078 25.864736557006836 25.823551177978516 25.71990394592285 
22.03059196472168 22.059295654296875 22.341344833374023 22.4517765045166 22.39638328552246 22.104352951049805 22.049888610839844 21.97088050842285 25.522655487060547 22.2544002532959 22.77027130126953 22.56012725830078 22.201183319091797 22.332672119140625 22.266464233398438 22.266368865966797 
58.79475021362305 25.253536224365234 25.59503936767578 25.973119735717773 26.12179183959961 26.10848045349121 34.03257751464844 82.45104217529297 30.940383911132812 25.763328552246094 25.85296058654785 26.03875160217285 26.36751937866211 25.811199188232422 25.920352935791016 25.847999572753906 
21.96883201599121 21.781408309936523 22.177440643310547 22.300575256347656 22.178335189819336 22.128671646118164 22.016735076904297 22.015487670898438 25.276384353637695 22.353952407836914 22.272384643554688 22.285503387451172 22.14143943786621 22.368736267089844 22.20534324645996 22.605344772338867 
73.57110595703125 25.561664581298828 25.922719955444336 25.953567504882812 26.084320068359375 26.624351501464844 40.22243118286133 26.253280639648438 31.06787109375 25.734399795532227 25.77987289428711 26.091007232666016 26.296159744262695 25.607872009277344 25.742015838623047 25.43564796447754 
22.016159057617188 22.016063690185547 22.240224838256836 22.428735733032227 22.5413761138916 22.092063903808594 22.02070426940918 21.976703643798828 25.78374481201172 22.085472106933594 22.248735427856445 22.301631927490234 22.165119171142578 22.381376266479492 22.240896224975586 22.46918487548828 
66.13145446777344 25.665504455566406 25.867807388305664 25.933664321899414 25.971967697143555 26.62838363647461 46.66179275512695 25.699743270874023 33.22079849243164 25.633024215698242 25.85055923461914 25.74550437927246 26.343103408813477 25.777664184570312 25.810623168945312 25.78281593322754 
22.92572784423828 22.07689666748047 22.219520568847656 22.339807510375977 22.312480926513672 22.095359802246094 22.032896041870117 22.05196762084961 25.18992042541504 22.195680618286133 22.31760025024414 22.056640625 22.303680419921875 22.539487838745117 22.23017692565918 22.349088668823242 
65.1593246459961 25.34604835510254 25.409887313842773 26.588031768798828 26.994848251342773 26.2956485748291 40.803680419921875 31.516000747680664 30.422880172729492 25.957088470458984 27.602048873901367 25.644384384155273 25.777280807495117 25.81328010559082 26.062847137451172 25.894271850585938 
22.055391311645508 21.706464767456055 21.855072021484375 22.02351951599121 22.846879959106445 22.96518325805664 22.55743980407715 22.42585563659668 26.233631134033203 22.3919677734375 22.199039459228516 22.614944458007812 22.21139144897461 22.43270492553711 22.314592361450195 22.06172752380371 
64.15126037597656 25.3338565826416 26.001087188720703 25.891616821289062 26.122112274169922 26.237503051757812 26.145727157592773 25.960575103759766 31.488096237182617 25.556640625 25.83670425415039 25.8787841796875 26.31145668029785 25.760255813598633 25.68057632446289 25.736576080322266 
22.00150489807129 22.18000030517578 22.377151489257812 22.348543167114258 22.594655990600586 22.269535064697266 22.04412841796875 21.98236846923828 24.60348892211914 22.373088836669922 23.535999298095703 22.476543426513672 22.4454402923584 22.288671493530273 22.306751251220703 22.075071334838867 
70.38803100585938 25.247392654418945 25.377471923828125 26.040767669677734 26.260831832885742 26.442943572998047 46.24803161621094 25.69910430908203 31.912384033203125 25.690752029418945 26.378080368041992 26.39776039123535 26.409791946411133 25.749792098999023 25.76425552368164 25.787424087524414 
22.089248657226562 21.92076873779297 22.176223754882812 22.25222396850586 22.180160522460938 22.031551361083984 21.993919372558594 21.982656478881836 25.645919799804688 22.231008529663086 23.181119918823242 22.309247970581055 22.29520034790039 23.790367126464844 22.372608184814453 22.19321632385254 
45.64643096923828 30.447071075439453 32.52489471435547 31.699615478515625 79.82489776611328 30.45542335510254 31.498912811279297 31.307039260864258 36.661502838134766 31.07360076904297 30.748735427856445 30.705408096313477 31.027103424072266 31.35251235961914 31.036096572875977 31.105632781982422 
16.22831916809082 15.792256355285645 15.772831916809082 15.805631637573242 16.250272750854492 16.5501766204834 16.55516815185547 16.403839111328125 19.584672927856445 17.317792892456055 16.647104263305664 16.992128372192383 16.59644889831543 17.13100814819336 16.359296798706055 17.224416732788086 
38.04633712768555 30.797664642333984 30.8690242767334 146.59213256835938 30.530719757080078 30.532896041870117 31.012224197387695 30.963232040405273 37.477630615234375 31.260448455810547 30.847232818603516 30.70102310180664 30.8057918548584 30.99190330505371 30.729856491088867 31.208511352539062 
16.19455909729004 15.75318431854248 15.808575630187988 16.0296630859375 16.078943252563477 16.38332748413086 16.366783142089844 16.284576416015625 19.133535385131836 17.093631744384766 16.355552673339844 17.068927764892578 16.705408096313477 16.624256134033203 16.822912216186523 16.424768447875977 
49.81071853637695 30.669408798217773 31.090015411376953 31.525344848632812 154.5371856689453 30.372543334960938 31.06585693359375 32.740352630615234 36.73721694946289 30.940351486206055 31.153696060180664 30.86617660522461 31.301727294921875 30.68022346496582 30.877119064331055 30.79702377319336 
16.26166343688965 15.776415824890137 15.797408103942871 15.898336410522461 15.901663780212402 16.207616806030273 16.277311325073242 16.80124855041504 18.511167526245117 17.42803192138672 16.319040298461914 17.70524787902832 16.392831802368164 17.34307289123535 16.101760864257812 16.743072509765625 
41.18105697631836 30.805984497070312 31.638687133789062 33.13622283935547 135.79373168945312 30.552095413208008 31.82441520690918 31.505184173583984 36.690879821777344 31.013248443603516 31.283296585083008 30.684415817260742 31.31622314453125 31.58723258972168 31.704832077026367 30.809024810791016 
16.236095428466797 15.809663772583008 15.798815727233887 15.850208282470703 16.11667251586914 16.198335647583008 16.592063903808594 16.444576263427734 18.89606475830078 17.086944580078125 16.154752731323242 16.373632431030273 16.64735984802246 16.504480361938477 17.035680770874023 16.290464401245117 
38.11439895629883 31.411104202270508 31.69046401977539 32.296897888183594 127.50828552246094 30.634143829345703 30.718399047851562 31.58438491821289 36.77628707885742 30.911104202270508 30.859872817993164 31.220224380493164 31.361919403076172 30.860416412353516 30.797536849975586 31.264095306396484 
16.26076889038086 15.791040420532227 15.80617618560791 15.78876781463623 15.949824333190918 16.208223342895508 16.270015716552734 16.603904724121094 19.883167266845703 17.559968948364258 16.576480865478516 16.666431427001953 16.645408630371094 16.308992385864258 16.371360778808594 16.279232025146484 
38.05424118041992 31.602495193481445 31.697664260864258 31.99977684020996 124.52432250976562 30.479040145874023 30.47283172607422 32.27558517456055 37.606689453125 30.81964874267578 30.828479766845703 31.44099235534668 30.62428855895996 30.85456085205078 30.856000900268555 31.290624618530273 
16.142847061157227 15.78054428100586 15.784319877624512 16.10220718383789 16.367807388305664 16.339872360229492 16.144512176513672 16.17568016052246 17.263071060180664 16.4783992767334 17.047391891479492 16.00543975830078 16.895776748657227 16.29270362854004 16.84009552001953 16.516511917114258 
38.05497741699219 30.50668716430664 32.393951416015625 31.90185546875 128.1682891845703 30.593280792236328 31.75984001159668 31.369247436523438 37.01619338989258 30.575040817260742 30.839872360229492 30.633087158203125 31.519872665405273 30.67171287536621 30.887935638427734 30.714847564697266 
16.33807945251465 15.80185604095459 15.809151649475098 15.804256439208984 15.856096267700195 16.06380844116211 16.199199676513672 16.165664672851562 19.85603141784668 17.352096557617188 16.79635238647461 16.267744064331055 16.418495178222656 16.573312759399414 16.085376739501953 16.8209285736084 
38.071231842041016 31.3939208984375 31.443296432495117 31.707551956176758 130.50303649902344 30.472448348999023 30.528831481933594 31.46691131591797 36.956417083740234 31.1210880279541 30.547103881835938 30.832000732421875 30.907007217407227 32.94432067871094 30.704736709594727 31.0020809173584 
16.137216567993164 15.787839889526367 15.791872024536133 15.835935592651367 16.364288330078125 16.338239669799805 16.38857650756836 16.45039939880371 18.61177635192871 17.913183212280273 16.43814468383789 17.70355224609375 16.37436866760254 17.626527786254883 16.40287971496582 17.904800415039062 
39.160606384277344 31.219615936279297 31.511648178100586 32.1693115234375 129.06866455078125 30.575807571411133 31.224000930786133 31.76780891418457 36.721214294433594 30.64851188659668 30.71107292175293 30.683263778686523 30.976224899291992 30.69651222229004 31.447967529296875 31.03215980529785 
16.2938232421875 15.808032035827637 15.821120262145996 15.827520370483398 15.875807762145996 16.535776138305664 16.543968200683594 16.496448516845703 19.44540786743164 17.258975982666016 16.53113555908203 16.49020767211914 16.111679077148438 16.154687881469727 16.143648147583008 16.996896743774414 
38.03456115722656 30.497663497924805 31.558944702148438 31.931488037109375 132.13375854492188 30.5281925201416 30.405471801757812 31.746112823486328 37.82419204711914 31.092639923095703 31.00707244873047 32.17216110229492 30.47884750366211 31.955135345458984 31.19254493713379 31.798175811767578 
16.403072357177734 15.787199974060059 15.792736053466797 15.842752456665039 16.180063247680664 16.371551513671875 16.404064178466797 16.435871124267578 20.077312469482422 17.03865623474121 16.34275245666504 17.08025550842285 16.258975982666016 16.263456344604492 16.580095291137695 16.61030387878418 
59.6580810546875 41.09552001953125 40.03865432739258 39.948062896728516 41.06025695800781 39.97439956665039 130.2955780029297 34.41632080078125 44.73353576660156 68.89209747314453 129.1780548095703 129.23228454589844 137.2395477294922 137.2263946533203 132.8907470703125 121.22412872314453 
59.557342529296875 40.41360092163086 40.87424087524414 40.071807861328125 49.45199966430664 76.49353790283203 32.25571060180664 32.5318717956543 53.38524627685547 67.66505432128906 137.2632598876953 121.2889633178711 137.2329559326172 128.9435577392578 121.37958526611328 125.2234878540039 
59.611488342285156 41.044193267822266 43.18940734863281 40.99516677856445 95.81878662109375 32.241600036621094 31.9201602935791 33.55500793457031 45.503326416015625 74.9834213256836 137.0916748046875 121.28931427001953 145.22547912597656 137.2888641357422 137.20089721679688 129.26573181152344 
60.602848052978516 40.49369430541992 41.92911911010742 40.96236801147461 63.024383544921875 62.13836669921875 33.88409423828125 41.27824020385742 45.869022369384766 78.88118743896484 129.20745849609375 121.2479019165039 121.23350524902344 120.95104217529297 144.7355499267578 149.21519470214844 
59.56982421875 40.399070739746094 44.3191032409668 42.83552169799805 99.77852630615234 32.16134262084961 32.06496047973633 33.39664077758789 45.66352081298828 70.6871337890625 129.12733459472656 137.25631713867188 128.89990234375 121.27299499511719 129.3086395263672 121.40313720703125 
60.59996795654297 40.50457763671875 40.858238220214844 39.94956970214844 78.75244903564453 45.08454513549805 32.815040588378906 33.14201736450195 46.3076171875 61.577056884765625 141.20425415039062 129.25840759277344 145.22998046875 136.9021453857422 129.1937255859375 121.80831909179688 
61.69375991821289 40.43926239013672 41.19852828979492 41.757057189941406 81.89004516601562 44.7468147277832 31.545408248901367 32.8633918762207 44.10755157470703 51.484161376953125 153.23391723632812 129.3033905029297 142.89695739746094 161.28233337402344 129.3047637939453 129.18905639648438 
59.55180740356445 40.38025665283203 41.85939025878906 41.14022445678711 82.99193572998047 42.62873458862305 32.72627258300781 31.968799591064453 48.34284973144531 51.123775482177734 137.1570281982422 141.261474609375 128.913818359375 129.28057861328125 128.9141082763672 129.30096435546875 
60.63983917236328 40.38774490356445 40.95894241333008 39.924190521240234 84.34464263916016 42.9857292175293 32.4106559753418 39.19987106323242 45.85200119018555 69.66207885742188 129.2427215576172 137.24169921875 121.19574737548828 137.2758026123047 129.2274169921875 149.21612548828125 
59.56073760986328 40.69529724121094 45.89980697631836 40.388160705566406 83.5947494506836 40.53219223022461 32.73155212402344 32.79167938232422 44.717247009277344 47.676414489746094 145.66677856445312 120.96051025390625 137.26031494140625 128.9627227783203 129.22291564941406 128.90138244628906 
32.61692810058594 19.979135513305664 20.053056716918945 83.5481948852539 20.078271865844727 20.10051155090332 40.7026252746582 35.701663970947266 26.64396858215332 20.501567840576172 20.89900779724121 20.74358367919922 20.406848907470703 20.84764862060547 20.561792373657227 20.56438446044922 
21.770368576049805 21.6296329498291 21.516447067260742 21.629568099975586 21.71366310119629 21.67523193359375 21.770751953125 21.887008666992188 24.7390079498291 21.91993522644043 21.63609504699707 21.734752655029297 21.65001678466797 21.90656089782715 21.66499137878418 22.080671310424805 
60.73155212402344 20.24847984313965 20.019424438476562 20.10883140563965 20.51750373840332 20.395551681518555 20.5034236907959 107.04195404052734 28.703039169311523 20.58198356628418 21.00387191772461 20.654720306396484 20.464000701904297 20.7891845703125 20.63430404663086 21.294784545898438 
21.610048294067383 21.535839080810547 21.92518424987793 21.858623504638672 21.879871368408203 21.765888214111328 21.857952117919922 21.760543823242188 25.421823501586914 21.9256649017334 21.78041648864746 21.734848022460938 22.00022315979004 21.964000701904297 21.73049545288086 22.19219207763672 
50.645633697509766 20.386720657348633 20.253440856933594 20.258304595947266 20.293888092041016 20.426847457885742 20.34137535095215 84.43869018554688 29.960832595825195 20.51366424560547 20.764095306396484 20.732831954956055 20.792160034179688 20.720767974853516 20.521888732910156 20.79657554626465 
21.744096755981445 21.37468719482422 21.580448150634766 21.812511444091797 21.80851173400879 21.909439086914062 22.234432220458984 22.158048629760742 25.557247161865234 21.919008255004883 21.625471115112305 21.95427131652832 21.783967971801758 22.05014419555664 21.817567825317383 22.10438346862793 
70.1878433227539 20.22972869873047 20.115327835083008 20.44419288635254 20.411359786987305 20.486495971679688 20.56537628173828 20.569183349609375 25.098783493041992 20.765439987182617 20.36591911315918 20.963104248046875 20.867839813232422 20.50044822692871 20.533567428588867 20.60963249206543 
21.3723201751709 21.28972816467285 21.586048126220703 21.828256607055664 21.802207946777344 22.41766357421875 22.665632247924805 22.568864822387695 25.52569580078125 21.5863037109375 21.41423988342285 22.10313606262207 22.05023956298828 21.64454460144043 21.949567794799805 22.097984313964844 
57.993377685546875 20.468351364135742 20.422239303588867 20.524959564208984 21.02560043334961 21.41663932800293 21.174463272094727 78.23033905029297 28.226943969726562 20.54742431640625 20.587583541870117 21.062944412231445 20.70025634765625 20.902080535888672 20.826719284057617 20.611167907714844 
21.657312393188477 21.62326431274414 21.614879608154297 21.72777557373047 21.674047470092773 21.780384063720703 21.812959671020508 21.793535232543945 25.923200607299805 21.877952575683594 21.742719650268555 22.069215774536133 22.021984100341797 21.947839736938477 21.821279525756836 22.154207229614258 
56.54227066040039 20.300640106201172 20.255359649658203 20.488576889038086 21.001375198364258 21.371328353881836 21.240703582763672 20.991199493408203 28.609920501708984 20.460351943969727 20.89580726623535 20.845407485961914 20.805055618286133 20.74323272705078 20.684768676757812 20.905248641967773 
21.823904037475586 21.581727981567383 21.458528518676758 21.533056259155273 21.750463485717773 21.740543365478516 22.00054359436035 22.22844886779785 22.63158416748047 22.074016571044922 21.837919235229492 21.536191940307617 23.07721519470215 21.74060821533203 21.908096313476562 21.90947151184082 
57.58367919921875 20.368160247802734 20.518367767333984 20.35580825805664 20.263551712036133 20.676544189453125 20.626399993896484 68.2609634399414 28.668832778930664 20.986719131469727 21.516576766967773 20.58380889892578 20.564672470092773 21.181312561035156 20.79814338684082 20.6943359375 
21.74720001220703 21.792736053466797 22.339296340942383 22.217439651489258 22.13983917236328 22.085983276367188 21.83785629272461 21.783199310302734 31.477407455444336 21.635007858276367 22.006752014160156 21.645919799804688 21.77846336364746 22.250783920288086 21.933887481689453 21.909120559692383 
52.777503967285156 20.38332748413086 20.112863540649414 20.117664337158203 20.365312576293945 20.37126350402832 20.492191314697266 81.36985778808594 26.583744049072266 20.601408004760742 20.982271194458008 21.536256790161133 20.588544845581055 20.445728302001953 20.947839736938477 20.673856735229492 
21.93564796447754 21.52454376220703 21.55193519592285 21.81113624572754 22.562143325805664 22.4946231842041 22.241823196411133 21.936063766479492 25.605440139770508 21.82713508605957 21.71366310119629 22.158784866333008 21.89900779724121 21.595104217529297 21.69152069091797 22.11084747314453 
67.0376968383789 20.458816528320312 20.206560134887695 20.195327758789062 20.29203224182129 20.361087799072266 20.38457679748535 71.25910186767578 28.138240814208984 20.94643211364746 20.78950309753418 20.85593605041504 20.826751708984375 20.588607788085938 21.35091209411621 20.728031158447266 
21.700416564941406 21.883392333984375 22.32655906677246 22.490367889404297 22.347999572753906 22.015647888183594 21.825824737548828 21.88172721862793 23.747392654418945 21.659231185913086 21.647584915161133 21.89446449279785 21.912704467773438 21.86412811279297 21.63587188720703 22.212543487548828 
55.913089752197266 20.453439712524414 20.023136138916016 20.214975357055664 20.261920928955078 20.400928497314453 20.415231704711914 20.412416458129883 27.344032287597656 20.851360321044922 20.451488494873047 20.909664154052734 20.68239974975586 20.301183700561523 20.918943405151367 20.408416748046875 
21.562623977661133 21.552959442138672 21.93142318725586 21.84511947631836 21.810016632080078 21.704864501953125 21.748064041137695 21.72537612915039 25.57913589477539 21.850784301757812 21.676767349243164 21.880767822265625 23.220287322998047 21.843488693237305 22.043807983398438 22.15238380432129 
50.988094329833984 27.31884765625 27.197280883789062 27.667936325073242 27.791584014892578 28.018400192260742 28.02751922607422 123.29312133789062 32.385536193847656 27.371936798095703 27.387935638427734 27.142656326293945 27.4215030670166 27.318559646606445 27.42963218688965 27.70672035217285 
592.77685546875 242.7796173095703 21.798847198486328 245.8567657470703 21.824384689331055 21.854719161987305 22.47177505493164 22.815231323242188 28.889856338500977 22.596576690673828 22.48627281188965 22.85753631591797 22.49305534362793 22.876415252685547 33.46681594848633 49.51744079589844 
33.89110565185547 26.787168502807617 27.299840927124023 28.464351654052734 94.29750061035156 26.76246452331543 26.789472579956055 27.242431640625 33.389312744140625 27.324480056762695 27.508352279663086 27.305471420288086 27.71955108642578 27.58006477355957 27.418848037719727 27.576480865478516 
473.5764465332031 244.32028198242188 21.69219207763672 253.9870147705078 21.863712310791016 21.87993621826172 22.161376953125 22.790271759033203 29.12563133239746 22.64566421508789 22.663776397705078 22.64022445678711 22.467647552490234 22.492992401123047 40.31033706665039 57.94326400756836 
35.01804733276367 26.95689582824707 27.375551223754883 48.076351165771484 108.93551635742188 26.730623245239258 27.85830307006836 27.843135833740234 33.60403060913086 27.258655548095703 27.24095916748047 27.525535583496094 27.323423385620117 27.46233558654785 27.5361270904541 27.46544075012207 
819.6642456054688 24.372800827026367 251.0227508544922 21.780160903930664 21.82953643798828 21.90265655517578 22.113536834716797 22.16761589050293 29.684799194335938 22.297407150268555 22.747520446777344 22.95452880859375 22.81497573852539 22.706527709960938 38.866302490234375 45.355777740478516 
34.98313522338867 26.93052864074707 27.28316879272461 28.510208129882812 92.6767349243164 26.87116813659668 27.073759078979492 28.079200744628906 32.930912017822266 27.34182357788086 27.30659294128418 27.20172882080078 27.24287986755371 27.598047256469727 27.577024459838867 27.197439193725586 
608.5121459960938 256.4171142578125 129.54205322265625 133.1868133544922 21.825759887695312 21.892383575439453 22.13520050048828 22.305599212646484 32.94182586669922 22.72220802307129 22.59974479675293 25.042112350463867 22.38047981262207 22.50102424621582 66.57202911376953 30.427167892456055 
33.891937255859375 27.154176712036133 27.427520751953125 27.527711868286133 74.5769271850586 26.88969612121582 27.434911727905273 27.575584411621094 33.526241302490234 27.310239791870117 28.104671478271484 27.283008575439453 27.619903564453125 27.39411163330078 27.06729507446289 27.4748477935791 
574.271240234375 244.53660583496094 21.77187156677246 248.13539123535156 21.84115219116211 22.235904693603516 22.27712059020996 22.240415573120117 29.430112838745117 22.479360580444336 23.009151458740234 23.059232711791992 22.770944595336914 22.95471954345703 24.493600845336914 57.31087875366211 
33.973472595214844 26.882272720336914 27.062271118164062 28.685344696044922 86.93660736083984 42.30748748779297 26.79190444946289 26.956960678100586 34.05827331542969 27.35430335998535 27.37628746032715 27.48031997680664 27.217151641845703 27.207456588745117 27.19705581665039 27.195199966430664 
824.6255493164062 21.73075294494629 253.97576904296875 21.911039352416992 21.907583236694336 22.099712371826172 22.177759170532227 22.52035140991211 29.12735939025879 22.725791931152344 22.817344665527344 22.814687728881836 22.822111129760742 22.816511154174805 34.128990173339844 43.16886520385742 
33.9453125 26.83647918701172 26.853023529052734 27.484447479248047 88.11033630371094 26.69161605834961 26.71993637084961 27.196224212646484 33.710750579833984 27.15395164489746 27.099519729614258 27.363744735717773 27.54761505126953 27.74617576599121 28.15328025817871 27.56438446044922 
824.6946411132812 22.5980167388916 250.52703857421875 21.7938232421875 22.056671142578125 22.384416580200195 22.89571189880371 23.004671096801758 28.005023956298828 22.695711135864258 22.459999084472656 22.84739112854004 22.76799964904785 22.590303421020508 38.205535888671875 43.06633758544922 
34.972286224365234 26.916608810424805 27.009151458740234 39.169246673583984 69.63529968261719 26.73891258239746 27.499711990356445 27.253536224365234 31.96236801147461 27.33500862121582 27.435808181762695 27.324703216552734 27.045791625976562 27.30259132385254 27.577472686767578 27.395360946655273 
597.7864990234375 245.08493041992188 21.698240280151367 247.35877990722656 21.80816078186035 21.85772705078125 22.742656707763672 22.51430320739746 30.062911987304688 22.666080474853516 24.235904693603516 22.72483253479004 22.667007446289062 22.787776947021484 31.654111862182617 58.120384216308594 
34.95280075073242 26.941343307495117 27.17647933959961 28.000959396362305 93.97321319580078 26.87411117553711 27.259231567382812 27.66316795349121 32.452064514160156 27.305919647216797 27.314592361450195 27.937599182128906 27.311391830444336 27.424448013305664 27.423328399658203 27.496736526489258 
610.3214721679688 258.396484375 238.5279083251953 21.767423629760742 21.784608840942383 22.903200149536133 23.161727905273438 22.968095779418945 28.525663375854492 22.757631301879883 22.541824340820312 23.79078483581543 22.577823638916016 22.641023635864258 36.9705924987793 43.109214782714844 
39.157249450683594 27.15078353881836 27.395679473876953 31.13155174255371 80.48035430908203 26.840639114379883 26.863967895507812 27.470048904418945 33.15532684326172 27.159456253051758 27.457792282104492 27.66524887084961 27.628768920898438 27.497055053710938 27.604415893554688 27.404895782470703 
814.9044799804688 27.015840530395508 21.81977653503418 21.939807891845703 128.81724548339844 21.834016799926758 135.93865966796875 21.840864181518555 30.03183937072754 22.456512451171875 22.846271514892578 22.699296951293945 22.44620704650879 22.858783721923828 35.5458869934082 57.69638442993164 
32.99020767211914 19.666240692138672 19.650239944458008 19.96451187133789 42.591487884521484 105.09907531738281 19.597280502319336 19.837055206298828 22.928096771240234 20.120384216308594 20.738784790039062 20.227584838867188 20.397247314453125 20.451744079589844 20.448959350585938 20.258432388305664 
20.296127319335938 19.888832092285156 20.045663833618164 20.207456588745117 20.31692886352539 20.74095916748047 20.809152603149414 21.270559310913086 23.066783905029297 21.184736251831055 20.425216674804688 21.247840881347656 19.86016082763672 20.539424896240234 20.097471237182617 19.991519927978516 
49.803489685058594 19.701248168945312 19.700735092163086 19.876480102539062 19.881216049194336 19.8918399810791 20.085983276367188 20.090240478515625 24.621183395385742 20.32022476196289 20.32748794555664 20.290111541748047 21.388736724853516 20.148479461669922 20.059711456298828 20.477567672729492 
20.27222442626953 20.082944869995117 20.08732795715332 20.543743133544922 20.512351989746094 20.412639617919922 20.30735969543457 20.35193634033203 22.56844711303711 20.251487731933594 20.097824096679688 20.321535110473633 20.00374412536621 20.173343658447266 20.530975341796875 20.332576751708984 
74.66524505615234 19.68499183654785 19.710464477539062 19.87228775024414 20.062719345092773 20.14614486694336 20.200191497802734 20.299583435058594 26.34771156311035 20.182111740112305 20.33612823486328 20.472383499145508 20.53241539001465 20.260480880737305 20.188512802124023 20.04649543762207 
20.61311912536621 20.244863510131836 20.53708839416504 20.725183486938477 21.002208709716797 21.03670310974121 20.73299217224121 20.572608947753906 23.644607543945312 20.637088775634766 20.098560333251953 20.111839294433594 20.334400177001953 20.386079788208008 20.411487579345703 20.50864028930664 
66.27378845214844 19.701759338378906 19.738271713256836 19.96281623840332 20.035743713378906 20.055007934570312 20.1177921295166 20.136863708496094 24.712543487548828 20.037023544311523 20.244415283203125 20.23366355895996 20.3209285736084 20.646591186523438 20.495519638061523 20.170400619506836 
20.247520446777344 19.803359985351562 19.95199966430664 19.893823623657227 19.897151947021484 20.01203155517578 19.97920036315918 20.001920700073242 24.697792053222656 20.259967803955078 20.497760772705078 20.514528274536133 20.357088088989258 20.159679412841797 20.076831817626953 20.37833595275879 
59.815006256103516 19.696447372436523 19.702848434448242 19.965248107910156 20.15987205505371 20.156063079833984 20.166303634643555 20.206911087036133 25.28927993774414 20.226911544799805 20.52947235107422 20.923168182373047 20.196800231933594 20.098560333251953 20.18239974975586 20.496639251708984 
20.461984634399414 20.211200714111328 20.487455368041992 20.658079147338867 20.687488555908203 20.539936065673828 20.46339225769043 20.416160583496094 23.07948875427246 20.192703247070312 20.004735946655273 20.07753562927246 20.286752700805664 20.494464874267578 20.464160919189453 20.573183059692383 
66.11942291259766 19.724288940429688 19.705984115600586 19.84320068359375 19.89459228515625 19.923744201660156 20.11359977722168 20.14031982421875 25.19340705871582 20.27120018005371 20.143423080444336 20.202144622802734 20.427648544311523 20.633920669555664 20.158016204833984 20.392671585083008 
20.19183921813965 19.880416870117188 20.560928344726562 20.819072723388672 20.889631271362305 20.730783462524414 20.645984649658203 20.581823348999023 22.867231369018555 21.149887084960938 20.1059513092041 20.143583297729492 20.152767181396484 20.142847061157227 20.411231994628906 20.367488861083984 
64.18355560302734 19.705631256103516 19.9520320892334 20.02547264099121 20.259584426879883 20.3286075592041 20.4586238861084 20.420223236083984 26.277952194213867 20.16329574584961 19.985088348388672 20.09894371032715 20.171520233154297 20.450111389160156 20.44870376586914 20.2194881439209 
20.349376678466797 19.8951358795166 19.953216552734375 20.110431671142578 20.252927780151367 20.28620719909668 20.285951614379883 20.17251205444336 23.112224578857422 20.126272201538086 20.081951141357422 20.01353645324707 20.281536102294922 20.280000686645508 20.172927856445312 20.671775817871094 
61.022560119628906 19.718944549560547 22.509408950805664 20.079072952270508 20.359424591064453 20.526655197143555 20.62281608581543 20.546815872192383 25.3654727935791 21.296287536621094 20.013568878173828 20.301088333129883 20.113183975219727 20.33852767944336 20.800640106201172 20.49603271484375 
20.415679931640625 19.86479949951172 19.87481689453125 19.913663864135742 19.932416915893555 20.02672004699707 19.987871170043945 20.044160842895508 23.029888153076172 20.311552047729492 20.399871826171875 20.395904541015625 20.563264846801758 20.72256088256836 20.090656280517578 20.156991958618164 
68.36815643310547 19.629919052124023 19.988832473754883 20.19615936279297 20.3885440826416 20.461856842041016 20.434463500976562 20.470943450927734 26.376991271972656 20.073375701904297 20.16783905029297 20.151391983032227 20.305248260498047 20.598047256469727 20.597503662109375 20.945663452148438 
20.34547233581543 19.93401527404785 20.01158332824707 20.23481559753418 20.286815643310547 20.177631378173828 20.102399826049805 20.31865692138672 23.304607391357422 20.710784912109375 20.024736404418945 20.2040958404541 20.423967361450195 20.292064666748047 20.474912643432617 20.6026554107666 
75.70285034179688 19.684799194335938 19.710912704467773 20.06048011779785 20.024511337280273 20.160064697265625 20.28278350830078 20.29484748840332 24.15123176574707 20.14486312866211 20.415359497070312 20.69683265686035 20.500255584716797 20.130016326904297 20.106496810913086 20.24358367919922 
20.244064331054688 20.22585678100586 20.63827133178711 20.727584838867188 20.606592178344727 20.596160888671875 20.573984146118164 20.535072326660156 23.692352294921875 20.161983489990234 20.509567260742188 20.091455459594727 20.106592178344727 20.558719635009766 20.333087921142578 20.348064422607422 
67.12992095947266 29.498815536499023 29.521055221557617 29.48041534423828 29.536767959594727 30.79439926147461 30.103296279907227 142.3131866455078 35.312896728515625 29.289152145385742 29.155935287475586 29.151647567749023 28.97007942199707 29.269216537475586 29.182464599609375 28.827680587768555 
654.7293090820312 21.211551666259766 21.613439559936523 21.940736770629883 22.012479782104492 21.79804801940918 21.819744110107422 21.6112003326416 26.719743728637695 21.868064880371094 22.035968780517578 22.454975128173828 22.041664123535156 21.858495712280273 22.260223388671875 21.93164825439453 
39.6693115234375 28.815744400024414 30.353343963623047 29.728864669799805 30.283231735229492 29.75868797302246 30.920255661010742 30.009855270385742 33.932926177978516 29.19081687927246 29.207040786743164 28.858816146850586 29.483360290527344 29.388416290283203 29.444351196289062 29.485855102539062 
731.7337646484375 21.151647567749023 21.19468879699707 21.374784469604492 21.380064010620117 21.42838478088379 21.85196876525879 22.040544509887695 26.684064865112305 21.92348861694336 21.74787139892578 21.87161636352539 21.890432357788086 23.157791137695312 21.810976028442383 21.808000564575195 
41.91446304321289 28.577247619628906 29.11952018737793 30.275455474853516 30.0567684173584 30.130048751831055 29.7774715423584 30.08505630493164 33.99776077270508 29.23788833618164 29.16169548034668 29.32307243347168 29.004703521728516 29.30735969543457 29.24355125427246 29.03932762145996 
726.234375 21.119455337524414 21.17510414123535 22.26799964904785 22.658687591552734 22.54252815246582 22.28633689880371 22.00217628479004 26.609664916992188 22.024927139282227 21.721887588500977 22.069087982177734 21.67344093322754 21.722848892211914 21.87071990966797 21.88697624206543 
37.627681732177734 28.719392776489258 30.046367645263672 29.980159759521484 150.8756103515625 28.78860855102539 29.283647537231445 29.35500717163086 33.9837760925293 29.15395164489746 29.22934341430664 29.013696670532227 29.09075164794922 29.104480743408203 29.00774383544922 29.10163116455078 
723.8011474609375 21.187103271484375 21.243967056274414 21.42278480529785 21.525184631347656 21.607168197631836 21.534975051879883 21.696256637573242 25.707008361816406 21.901504516601562 21.6560001373291 21.67964744567871 21.824800491333008 21.83635139465332 22.11612892150879 21.856351852416992 
39.77471923828125 28.694175720214844 29.498239517211914 29.54591941833496 29.523807525634766 29.511615753173828 30.896480560302734 30.114431381225586 34.8221435546875 29.23798370361328 29.408832550048828 29.341888427734375 29.356159210205078 29.32956886291504 29.33033561706543 29.33807945251465 
723.4537353515625 21.219999313354492 21.563968658447266 21.784000396728516 21.82431983947754 21.82694435119629 21.641311645507812 21.74300765991211 26.207487106323242 22.212831497192383 21.941343307495117 21.973440170288086 22.242080688476562 21.89072036743164 21.912832260131836 22.05628776550293 
39.70710372924805 29.56528091430664 29.559200286865234 30.066591262817383 30.033119201660156 30.37081527709961 30.182111740112305 29.84454345703125 33.92435073852539 29.134111404418945 29.801504135131836 29.26358413696289 29.25779151916504 29.054079055786133 29.123743057250977 29.46326446533203 
704.0916748046875 21.172767639160156 21.47817611694336 21.811199188232422 21.8176326751709 21.688703536987305 21.59177589416504 21.521888732910156 26.27168083190918 23.050111770629883 22.657087326049805 21.785663604736328 21.8819522857666 21.93564796447754 21.86992073059082 23.998783111572266 
40.77004623413086 28.561279296875 28.672096252441406 178.1940155029297 28.766847610473633 28.910911560058594 29.263328552246094 29.669599533081055 35.015647888183594 29.67475128173828 29.085920333862305 30.539615631103516 28.995616912841797 29.29212760925293 29.152448654174805 29.25823974609375 
601.3226318359375 21.194143295288086 21.277311325073242 21.626176834106445 21.971424102783203 22.028255462646484 21.655071258544922 21.682239532470703 25.563488006591797 22.16543960571289 21.80067253112793 21.876352310180664 22.395967483520508 21.84124755859375 21.74460792541504 21.92412757873535 
42.857215881347656 28.86355209350586 29.118207931518555 29.384607315063477 30.41974449157715 29.765727996826172 30.738496780395508 29.746015548706055 35.36111831665039 29.1463680267334 28.98201560974121 28.82476806640625 29.337568283081055 28.993440628051758 29.345056533813477 29.388704299926758 
733.5615844726562 21.11084747314453 21.178016662597656 21.248960494995117 22.001888275146484 22.032960891723633 22.131423950195312 22.09872055053711 26.7860164642334 21.91993522644043 21.971391677856445 21.845855712890625 22.007999420166016 21.786624908447266 22.09174346923828 22.004928588867188 
39.724063873291016 28.738847732543945 30.082399368286133 29.54047966003418 29.892032623291016 29.822240829467773 30.561952590942383 29.99228858947754 34.811744689941406 29.288288116455078 29.25155258178711 29.06972885131836 29.176671981811523 28.938016891479492 29.12179183959961 28.973472595214844 
712.8114013671875 21.157535552978516 21.706911087036133 21.95292854309082 21.942272186279297 21.873119354248047 21.772287368774414 21.64076805114746 26.194528579711914 21.924448013305664 23.644672393798828 21.79814338684082 21.781055450439453 21.961023330688477 21.717472076416016 22.08051109313965 
38.63177490234375 29.268224716186523 29.197439193725586 56.31804656982422 134.31832885742188 28.784799575805664 30.066303253173828 29.506431579589844 34.58723068237305 28.987071990966797 29.265056610107422 29.15795135498047 29.232831954956055 29.917856216430664 29.223487854003906 29.36284828186035 
716.8169555664062 21.15068817138672 21.18569564819336 21.634719848632812 21.83283233642578 22.017215728759766 22.38800048828125 21.847551345825195 26.064607620239258 21.824607849121094 22.312192916870117 21.745695114135742 21.710304260253906 22.468032836914062 21.827999114990234 21.837791442871094 
45.34425735473633 35.788063049316406 36.062049865722656 38.10095977783203 37.41606521606445 36.49513626098633 36.56332778930664 36.845855712890625 42.38032150268555 35.663551330566406 35.498687744140625 35.64534378051758 35.693119049072266 35.603904724121094 35.58879852294922 35.46995162963867 
558.8207397460938 23.321056365966797 23.378463745117188 23.380447387695312 24.26211166381836 24.12656021118164 24.295072555541992 24.53708839416504 27.366207122802734 24.2076473236084 23.874656677246094 24.090591430664062 24.11542320251465 24.556352615356445 23.968032836914062 24.148448944091797 
46.39177703857422 36.07276916503906 37.509376525878906 36.858238220214844 36.36604690551758 82.77417755126953 35.30607986450195 36.37286376953125 43.332576751708984 35.909759521484375 35.917537689208984 36.36044692993164 35.89110565185547 35.76512145996094 35.681983947753906 35.6374397277832 
553.96728515625 23.30169677734375 23.762880325317383 23.76950454711914 23.945791244506836 24.952415466308594 24.879487991333008 24.448383331298828 28.145824432373047 23.852928161621094 24.297632217407227 23.900800704956055 24.05459213256836 24.082048416137695 24.257471084594727 24.441696166992188 
47.33356857299805 36.92755126953125 36.3067512512207 36.08879852294922 37.16377639770508 36.50012969970703 37.01308822631836 38.105342864990234 42.2960319519043 35.73126220703125 35.84339141845703 35.707008361816406 35.738529205322266 35.536094665527344 35.75929641723633 35.980350494384766 
559.78759765625 23.276031494140625 23.59561538696289 23.581056594848633 24.135967254638672 24.439807891845703 24.292640686035156 24.139904022216797 29.13167953491211 23.974720001220703 24.253376007080078 24.135072708129883 24.926015853881836 23.897504806518555 23.872224807739258 24.03843116760254 
53.657630920410156 35.175167083740234 36.3950080871582 37.79155349731445 38.01007843017578 37.152862548828125 115.66563415527344 35.267391204833984 42.7848014831543 35.689697265625 35.6561279296875 36.09254455566406 35.55110549926758 35.40745544433594 36.301822662353516 35.69513702392578 
691.931640625 23.256383895874023 23.284576416015625 23.65500831604004 24.158784866333008 24.620447158813477 24.597536087036133 24.062240600585938 27.419519424438477 23.969951629638672 24.13862419128418 24.524639129638672 24.016639709472656 23.954975128173828 24.10527992248535 24.153919219970703 
47.342559814453125 35.35990524291992 38.07417678833008 38.455902099609375 36.16819381713867 36.0871696472168 89.3845443725586 35.218017578125 41.711360931396484 35.755489349365234 35.68822479248047 35.633182525634766 35.67910385131836 35.542686462402344 35.600318908691406 35.567710876464844 
561.1146850585938 23.33919906616211 23.73302459716797 24.21878433227539 23.93529510498047 23.954879760742188 24.6463680267334 24.42243194580078 28.943967819213867 24.409984588623047 24.15564727783203 24.161056518554688 24.289152145385742 23.95747184753418 23.928192138671875 24.163904190063477 
57.93337631225586 35.129215240478516 36.3397102355957 37.49168014526367 37.01078414916992 36.3935661315918 36.23491287231445 75.82713317871094 42.775550842285156 35.975711822509766 35.66486358642578 36.09199905395508 35.65897750854492 35.60406494140625 35.563873291015625 35.95283126831055 
559.41064453125 23.2857608795166 23.35545539855957 23.520000457763672 24.013151168823242 24.47279930114746 24.50022315979004 24.18729591369629 28.365568161010742 24.000736236572266 24.29078483581543 24.129247665405273 23.782655715942383 24.027103424072266 24.031423568725586 24.164447784423828 
46.292545318603516 35.24467086791992 36.32406234741211 36.55238342285156 36.885921478271484 36.787105560302734 111.28265380859375 35.34048080444336 41.77519989013672 35.74051284790039 35.69955062866211 35.59856033325195 35.4983024597168 36.119937896728516 35.546878814697266 35.50364685058594 
552.1088256835938 23.27177619934082 23.35638427734375 23.63910484313965 24.151424407958984 24.169504165649414 24.128480911254883 24.342559814453125 28.02262306213379 23.766464233398438 23.914304733276367 24.149696350097656 24.103839874267578 24.229984283447266 24.412832260131836 24.0196475982666 
45.33564758300781 36.18374252319336 36.00175857543945 36.12713623046875 36.86569595336914 37.77084732055664 36.72684860229492 37.60563278198242 42.532737731933594 35.63801574707031 35.4315185546875 35.70908737182617 35.77827072143555 36.04390335083008 35.94678497314453 36.014976501464844 
23.640960693359375 23.403104782104492 23.457439422607422 23.94816017150879 25.1910400390625 25.18364715576172 24.087167739868164 23.798175811767578 28.244319915771484 23.814464569091797 25.34511947631836 24.21881675720215 23.806528091430664 23.763647079467773 23.97964859008789 24.084672927856445 
47.31843185424805 35.41913604736328 36.38905715942383 36.356510162353516 37.70771026611328 36.894622802734375 118.0889892578125 35.270816802978516 43.4554557800293 35.533119201660156 35.6328010559082 35.689537048339844 35.77312088012695 35.53984069824219 35.58211135864258 35.55516815185547 
695.0751953125 23.525920867919922 23.65996742248535 23.712608337402344 23.87603187561035 23.76153564453125 23.733503341674805 24.380352020263672 28.47488021850586 23.85327911376953 23.923839569091797 23.99273681640625 24.21251106262207 24.17228889465332 23.98214340209961 23.88707160949707 
45.30963134765625 36.971038818359375 36.982688903808594 36.208255767822266 36.5667839050293 36.90153503417969 110.96931457519531 35.38889694213867 41.26163101196289 35.642784118652344 35.66886520385742 35.771873474121094 35.74671936035156 35.379425048828125 35.55027389526367 35.679039001464844 
548.9893188476562 23.27619171142578 23.297088623046875 24.317567825317383 24.68889617919922 24.3187198638916 23.886943817138672 23.776287078857422 28.34275245666504 24.056352615356445 24.38265609741211 24.062368392944336 23.928512573242188 24.037439346313477 24.132448196411133 24.19273567199707 
41.667999267578125 24.80031967163086 25.251903533935547 25.372224807739258 26.086816787719727 26.31987190246582 25.497312545776367 25.6790714263916 30.03081512451172 25.24367904663086 26.282848358154297 25.185504913330078 25.50864028930664 25.568639755249023 25.215423583984375 25.356319427490234 
15.45359992980957 14.879103660583496 14.931679725646973 15.059743881225586 15.146688461303711 15.267487525939941 15.174816131591797 15.377023696899414 17.571584701538086 16.29324722290039 15.10643196105957 15.099743843078613 15.814847946166992 15.500415802001953 15.34665584564209 15.77945613861084 
30.667871475219727 25.42639923095703 25.569856643676758 25.593599319458008 25.705440521240234 25.86137580871582 25.931583404541016 25.837919235229492 30.395584106445312 25.25529670715332 25.343584060668945 25.20403289794922 25.1823673248291 25.693471908569336 26.506208419799805 25.400928497314453 
15.348735809326172 14.857600212097168 14.899007797241211 15.256095886230469 15.2957763671875 15.346400260925293 15.122655868530273 15.319647789001465 15.320704460144043 15.339072227478027 15.147839546203613 15.07919979095459 15.340352058410645 14.98198413848877 15.511839866638184 15.763008117675781 
31.170528411865234 25.303743362426758 25.49388885498047 25.9564151763916 25.81305694580078 26.039968490600586 25.890304565429688 25.5982723236084 30.814815521240234 25.27350425720215 25.471296310424805 25.073984146118164 25.659423828125 25.19980812072754 25.43382453918457 25.3799991607666 
15.380640029907227 14.907967567443848 14.860095977783203 15.193183898925781 15.267104148864746 15.466464042663574 15.145695686340332 15.51200008392334 17.407712936401367 15.963647842407227 15.014047622680664 14.963552474975586 15.761856079101562 15.820032119750977 15.067359924316406 15.651583671569824 
31.055456161499023 24.986528396606445 25.354080200195312 25.604095458984375 26.066272735595703 26.218975067138672 25.49888038635254 25.588768005371094 30.942527770996094 25.41961669921875 25.47737693786621 25.158079147338867 25.49020767211914 25.284767150878906 25.50262451171875 25.910303115844727 
15.395359992980957 14.902112007141113 14.838272094726562 15.079296112060547 15.209664344787598 15.248224258422852 15.162976264953613 15.190143585205078 15.3787202835083 15.235936164855957 15.288607597351074 15.988256454467773 15.834336280822754 15.099776268005371 15.846528053283691 15.527039527893066 
30.52956771850586 25.017183303833008 25.12678337097168 25.428735733032227 25.929920196533203 25.573152542114258 25.528703689575195 26.391679763793945 31.23535919189453 25.46816062927246 25.298080444335938 25.399200439453125 25.357759475708008 25.387615203857422 25.66582489013672 25.7108154296875 
15.320799827575684 14.862208366394043 14.820992469787598 15.031904220581055 15.011263847351074 15.19046401977539 15.228927612304688 15.228063583374023 17.651071548461914 15.873503684997559 15.002592086791992 14.999551773071289 15.928704261779785 15.206591606140137 15.212191581726074 15.777567863464355 
30.55116844177246 25.119455337524414 25.330432891845703 25.560575485229492 25.80678367614746 26.11315155029297 25.550975799560547 25.724767684936523 30.61667251586914 25.267200469970703 26.34111976623535 25.608800888061523 25.33260726928711 25.280128479003906 25.350496292114258 25.743967056274414 
15.335071563720703 14.975616455078125 14.94166374206543 15.113856315612793 15.103263854980469 15.12713623046875 15.464639663696289 15.629568099975586 17.34102439880371 16.06211280822754 15.137472152709961 16.14771270751953 15.5348482131958 15.12399959564209 15.094335556030273 15.691776275634766 
30.660608291625977 24.9071044921875 25.038143157958984 26.182559967041016 26.249055862426758 25.53740882873535 26.05721664428711 26.324800491333008 30.386783599853516 25.436128616333008 25.26767921447754 25.07980728149414 25.940128326416016 26.220319747924805 25.46259117126465 25.514463424682617 
15.31167984008789 14.902432441711426 14.89628791809082 15.013279914855957 15.37497615814209 15.444671630859375 15.391776084899902 15.115327835083008 17.758975982666016 15.323840141296387 15.100447654724121 15.79308795928955 15.456128120422363 14.983039855957031 15.655488014221191 15.710687637329102 
30.588287353515625 25.11827278137207 26.133056640625 26.388351440429688 25.855167388916016 25.56835174560547 26.166175842285156 25.612895965576172 31.671520233154297 25.466720581054688 25.936031341552734 25.1395206451416 25.618240356445312 25.768735885620117 25.209056854248047 25.329856872558594 
15.353728294372559 14.887167930603027 14.996800422668457 15.155872344970703 15.300095558166504 15.173088073730469 15.103967666625977 15.133536338806152 16.401567459106445 16.245695114135742 14.973823547363281 15.28435230255127 15.043359756469727 15.365280151367188 15.056032180786133 15.600799560546875 
31.29756736755371 25.187679290771484 25.346271514892578 25.472864151000977 25.724416732788086 31.206111907958984 25.55776023864746 25.501920700073242 31.414207458496094 25.581247329711914 25.444992065429688 25.24787139892578 26.368127822875977 25.273183822631836 25.920543670654297 25.309568405151367 
15.380096435546875 14.89129638671875 14.907679557800293 15.165056228637695 15.274208068847656 15.151455879211426 15.310272216796875 15.331680297851562 17.844064712524414 16.64975929260254 15.358367919921875 15.301024436950684 15.686304092407227 15.12224006652832 15.116991996765137 15.141119956970215 
30.833759307861328 25.04297637939453 25.282751083374023 25.40355110168457 25.459423065185547 25.676959991455078 25.563936233520508 25.51241683959961 27.264511108398438 25.63222312927246 25.817567825317383 25.230527877807617 25.20956802368164 25.25859260559082 25.26300811767578 25.707456588745117 
15.470335960388184 14.931615829467773 15.023136138916016 15.140192031860352 15.09609603881836 15.051263809204102 15.084735870361328 15.388256072998047 17.621824264526367 15.878144264221191 15.59763240814209 15.071136474609375 15.495039939880371 15.866432189941406 15.64521598815918 15.645055770874023 
39.75904083251953 28.800512313842773 29.05289649963379 29.08678436279297 29.507328033447266 29.271488189697266 81.39075469970703 28.698272705078125 35.86934280395508 28.999744415283203 29.630624771118164 28.830751419067383 29.355487823486328 29.79759979248047 29.077119827270508 29.373504638671875 
64.00236511230469 28.526687622070312 29.595199584960938 29.447200775146484 29.61359977722168 30.203039169311523 30.285375595092773 135.74290466308594 36.6514892578125 28.93129539489746 29.695327758789062 30.091136932373047 30.06345558166504 29.526208877563477 29.522335052490234 29.49238395690918 
42.91904067993164 28.539487838745117 29.036767959594727 28.93836784362793 29.37990379333496 29.941823959350586 30.227712631225586 29.857248306274414 38.18931198120117 28.859615325927734 29.184511184692383 29.680416107177734 29.02707290649414 29.46873664855957 29.573823928833008 29.15100860595703 
54.49641418457031 28.59129524230957 29.441152572631836 29.03606414794922 29.136768341064453 29.55308723449707 29.295072555541992 114.52665710449219 37.56585693359375 28.991104125976562 29.137887954711914 30.437503814697266 29.273536682128906 29.568191528320312 29.514848709106445 29.33852767944336 
42.93308639526367 28.906208038330078 29.093599319458008 29.16579246520996 29.2774715423584 29.084991455078125 30.283296585083008 124.86214447021484 35.88035202026367 29.11555290222168 29.079456329345703 29.85296058654785 29.251680374145508 29.248416900634766 29.735807418823242 29.896671295166016 
50.314369201660156 28.594240188598633 29.027936935424805 29.050399780273438 28.983104705810547 29.02115249633789 30.03971290588379 124.47430419921875 37.05548858642578 29.20787239074707 29.098079681396484 29.56345558166504 29.15555191040039 29.291711807250977 29.4781436920166 29.312063217163086 
47.187198638916016 28.52681541442871 28.771039962768555 28.895776748657227 28.992671966552734 28.8920955657959 30.101696014404297 123.33052825927734 37.02239990234375 29.1298885345459 29.4467830657959 29.074752807617188 29.122047424316406 29.572959899902344 29.131328582763672 29.432416915893555 
48.239009857177734 28.5533447265625 28.599071502685547 28.911264419555664 29.607776641845703 29.867616653442383 29.376415252685547 124.06153869628906 38.62870407104492 28.88444709777832 28.917823791503906 29.829696655273438 29.082975387573242 29.60723114013672 29.7030086517334 29.35772705078125 
51.41785430908203 29.280832290649414 29.634815216064453 29.213695526123047 29.615583419799805 29.27961540222168 29.26108741760254 124.06265258789062 38.82179260253906 29.041439056396484 29.455167770385742 29.159008026123047 29.176416397094727 29.619455337524414 29.03830337524414 29.49260711669922 
48.2275505065918 28.583776473999023 28.712352752685547 29.177152633666992 30.060447692871094 29.803712844848633 30.129791259765625 131.92745971679688 38.82457733154297 29.171327590942383 29.11884880065918 29.501855850219727 29.153568267822266 29.13158416748047 29.706655502319336 29.511615753173828 
33.75388717651367 25.381919860839844 26.787296295166016 26.761632919311523 26.472000122070312 57.42755126953125 25.525407791137695 26.23504066467285 31.99724769592285 25.87276840209961 25.589183807373047 25.98419189453125 25.848159790039062 25.868959426879883 26.112672805786133 25.80384063720703 
14.619711875915527 14.037343978881836 13.991583824157715 14.208191871643066 14.414400100708008 14.72867202758789 14.679327964782715 14.529215812683105 85.39683532714844 14.026240348815918 14.015583992004395 14.260512351989746 14.583168029785156 14.382240295410156 14.6812162399292 15.040703773498535 
43.366111755371094 25.427072525024414 26.421791076660156 26.64569664001465 26.584991455078125 26.807008743286133 123.03715515136719 25.407583236694336 30.407520294189453 25.861120223999023 25.94259262084961 25.828224182128906 27.7838077545166 25.891647338867188 25.771135330200195 25.817087173461914 
14.628288269042969 14.015392303466797 14.178144454956055 14.215200424194336 14.327263832092285 14.320287704467773 14.436479568481445 14.72156810760498 81.89984130859375 14.008831977844238 14.023551940917969 14.241632461547852 14.294848442077637 14.995807647705078 15.083295822143555 14.463744163513184 
42.22911834716797 25.413312911987305 25.794879913330078 26.417055130004883 26.869823455810547 26.197664260864258 104.52857971191406 25.52739143371582 29.219743728637695 25.779359817504883 26.06585693359375 25.844032287597656 25.840543746948242 26.362239837646484 25.971359252929688 25.800703048706055 
14.575360298156738 14.004672050476074 14.17244815826416 14.17024040222168 14.187520027160645 14.227104187011719 14.335935592651367 14.520671844482422 76.06451416015625 13.992351531982422 14.048128128051758 14.451552391052246 14.4202880859375 14.273823738098145 14.464032173156738 14.579456329345703 
36.11103820800781 25.55423927307129 26.20672035217285 26.068832397460938 27.375200271606445 27.509056091308594 99.1207046508789 25.45452880859375 31.323392868041992 25.823423385620117 26.713119506835938 26.043807983398438 25.98409652709961 25.851903915405273 25.954208374023438 25.937759399414062 
14.587712287902832 13.996543884277344 14.088831901550293 14.142271995544434 14.21622371673584 14.255904197692871 14.533951759338379 14.633855819702148 81.297119140625 13.989472389221191 13.992351531982422 14.036447525024414 14.260416030883789 14.505279541015625 14.304320335388184 15.344127655029297 
41.165279388427734 25.403615951538086 25.457120895385742 26.138208389282227 26.479103088378906 36.28105545043945 25.84809684753418 150.1762237548828 30.43212890625 25.95644760131836 25.872608184814453 25.93939208984375 25.83286476135254 25.970144271850586 25.944255828857422 25.753215789794922 
14.594719886779785 13.97878360748291 14.135616302490234 14.283072471618652 14.277888298034668 14.201120376586914 14.214879989624023 14.275744438171387 77.8951644897461 14.002816200256348 13.99449634552002 14.190079689025879 14.400223731994629 14.972607612609863 15.013792037963867 14.645792007446289 
41.201534271240234 25.799455642700195 26.06831932067871 26.029695510864258 26.049983978271484 37.86454391479492 26.003904342651367 155.93557739257812 29.632831573486328 25.81180763244629 26.095808029174805 25.860736846923828 25.831647872924805 25.800128936767578 25.991039276123047 25.81270408630371 
14.536831855773926 14.014016151428223 14.014752388000488 14.02678394317627 14.014975547790527 14.465439796447754 14.570655822753906 14.350303649902344 81.31775665283203 14.031807899475098 14.058431625366211 14.39145565032959 14.327808380126953 15.117376327514648 14.974431991577148 14.477279663085938 
32.8138542175293 25.36582374572754 25.429344177246094 26.04707145690918 26.023136138916016 26.763519287109375 26.351232528686523 27.41312026977539 31.60163116455078 25.852256774902344 26.036447525024414 25.89507293701172 25.800960540771484 26.173280715942383 26.00556755065918 25.886783599853516 
14.53660774230957 14.011808395385742 14.015935897827148 14.189663887023926 14.187744140625 14.24499225616455 14.215359687805176 14.572480201721191 85.86943817138672 14.01587200164795 14.020768165588379 14.421919822692871 15.111040115356445 14.790623664855957 15.350687980651855 14.335871696472168 
43.40425491333008 25.805023193359375 26.113311767578125 25.996736526489258 26.06015968322754 26.7873592376709 107.97299194335938 25.42937660217285 31.174976348876953 25.863391876220703 26.04243278503418 25.84204864501953 26.05014419555664 26.025503158569336 25.934080123901367 25.56268882751465 
14.55884838104248 14.001952171325684 14.029215812683105 14.032511711120605 14.321855545043945 14.323776245117188 14.323264122009277 14.328607559204102 82.33695983886719 14.021920204162598 14.120575904846191 14.126079559326172 14.174240112304688 14.3155517578125 14.711584091186523 14.850720405578613 
37.971614837646484 25.413471221923828 26.008447647094727 27.687936782836914 27.19385528564453 34.52790451049805 25.94748878479004 25.97862434387207 31.742816925048828 25.807552337646484 25.94972801208496 26.029760360717773 25.84048080444336 25.9932804107666 26.02569580078125 25.74025535583496 
14.595071792602539 13.985983848571777 13.980095863342285 14.014592170715332 13.955648422241211 14.038304328918457 14.092767715454102 14.297408103942871 82.28943634033203 13.993727684020996 14.008447647094727 14.25334358215332 14.370559692382812 14.745439529418945 14.947551727294922 14.735936164855957 
47.71775817871094 25.491775512695312 26.285856246948242 26.292896270751953 26.236799240112305 27.192672729492188 102.13164520263672 25.397663116455078 31.263744354248047 25.905183792114258 26.000959396362305 25.911487579345703 25.9071044921875 26.03481674194336 25.96393585205078 26.057056427001953 
14.575743675231934 14.01961612701416 13.994048118591309 14.146656036376953 14.484031677246094 14.597184181213379 14.625344276428223 14.540351867675781 81.03958129882812 14.017663955688477 13.990655899047852 14.260992050170898 14.433600425720215 14.628512382507324 15.359840393066406 14.620448112487793 
38.568321228027344 17.33500862121582 17.386432647705078 17.610624313354492 17.986623764038086 17.955615997314453 17.95792007446289 122.40057373046875 24.268991470336914 18.366527557373047 18.060895919799805 17.600095748901367 18.21955108642578 18.564960479736328 17.96348762512207 17.974815368652344 
21.071807861328125 19.94246482849121 19.844255447387695 19.7825927734375 19.816064834594727 19.91200065612793 19.809728622436523 19.87014389038086 40.89446258544922 25.99990463256836 20.182815551757812 20.475711822509766 20.111743927001953 20.07935905456543 20.307552337646484 20.239999771118164 
50.045345306396484 21.92393684387207 17.675552368164062 17.440832138061523 17.340288162231445 17.502239227294922 18.084096908569336 77.7254409790039 23.9487361907959 19.01033592224121 17.905439376831055 17.701919555664062 18.49692726135254 18.008544921875 17.695648193359375 18.152511596679688 
20.977216720581055 19.824447631835938 19.909055709838867 20.021472930908203 20.001920700073242 20.01568031311035 20.176128387451172 20.02729606628418 29.46134376525879 25.806976318359375 19.808000564575195 20.506784439086914 20.49395179748535 20.08336067199707 20.09552001953125 19.916160583496094 
48.999263763427734 19.837120056152344 17.698495864868164 17.64409637451172 18.077280044555664 18.183040618896484 17.97555160522461 17.895776748657227 23.889280319213867 17.63910484313965 17.791648864746094 17.73436737060547 18.110143661499023 17.67043113708496 18.72310447692871 18.166271209716797 
20.681184768676758 20.29324722290039 20.27676773071289 20.598655700683594 20.80259132385254 20.504192352294922 20.548128128051758 20.532575607299805 22.49920082092285 28.838176727294922 19.522016525268555 20.08732795715332 20.36739158630371 20.087615966796875 20.29136085510254 20.105695724487305 
47.99628829956055 21.872032165527344 18.927040100097656 17.403871536254883 17.610944747924805 17.76963233947754 17.757984161376953 17.865535736083984 25.633983612060547 17.685344696044922 18.325439453125 18.439680099487305 18.082080841064453 17.56617546081543 17.73868751525879 17.97478485107422 
20.029375076293945 19.629087448120117 19.499679565429688 19.457632064819336 19.53606414794922 19.66534423828125 19.77903938293457 19.804031372070312 27.45238494873047 32.16204833984375 20.07356834411621 20.20844841003418 19.98041534423828 20.154783248901367 19.946048736572266 20.169727325439453 
46.8851203918457 17.73708724975586 17.945152282714844 18.10406494140625 17.997472763061523 17.964672088623047 18.016799926757812 84.12313842773438 23.204608917236328 17.61052894592285 18.111103057861328 18.65225601196289 17.90163230895996 18.054527282714844 18.322975158691406 18.147296905517578 
20.400415420532227 19.813600540161133 19.95465660095215 20.071775436401367 20.087936401367188 20.370655059814453 20.100576400756836 19.963775634765625 23.85158348083496 29.16783905029297 19.83955192565918 19.941375732421875 20.02764892578125 20.002111434936523 20.097888946533203 20.00383949279785 
48.96579360961914 21.938112258911133 17.684064865112305 17.62835121154785 17.66543960571289 17.682207107543945 17.581695556640625 85.92313385009766 25.07356834411621 17.964256286621094 17.654239654541016 17.81007957458496 18.94153594970703 17.913759231567383 17.76006317138672 18.25654411315918 
20.684288024902344 19.94211196899414 19.91814422607422 20.13190460205078 20.076383590698242 20.04140853881836 20.088064193725586 20.16022491455078 23.108896255493164 22.209983825683594 20.066879272460938 19.982112884521484 19.98294448852539 19.959936141967773 20.34569549560547 20.451679229736328 
50.057247161865234 20.87059211730957 17.658143997192383 17.490976333618164 17.536415100097656 17.757984161376953 18.11743927001953 84.58419036865234 24.383264541625977 17.71788787841797 18.357376098632812 18.8789119720459 18.229215621948242 17.98041534423828 17.60550308227539 18.173503875732422 
20.441919326782227 19.915456771850586 20.06492805480957 20.109664916992188 20.105087280273438 20.3275203704834 20.620864868164062 20.46780776977539 27.585952758789062 23.155263900756836 20.009471893310547 20.012256622314453 19.94108772277832 20.120927810668945 20.393152236938477 20.07472038269043 
51.10764694213867 20.862367630004883 18.92678451538086 17.77030372619629 17.73366355895996 18.01375961303711 18.05059242248535 93.12073516845703 23.27516746520996 17.834144592285156 18.46067237854004 18.160287857055664 17.580032348632812 17.868864059448242 18.039520263671875 17.699392318725586 
20.511423110961914 19.754432678222656 19.735807418823242 19.58310317993164 19.557472229003906 19.629728317260742 19.725696563720703 19.739967346191406 24.92064094543457 26.085407257080078 20.304096221923828 20.28384017944336 20.27516746520996 20.377504348754883 19.945791244506836 20.317312240600586 
47.932159423828125 20.90755271911621 21.008319854736328 17.426847457885742 17.457855224609375 17.524608612060547 17.51535987854004 17.736000061035156 24.233055114746094 17.587135314941406 18.32512092590332 18.255008697509766 17.657920837402344 19.050559997558594 18.552064895629883 17.998016357421875 
20.42006492614746 19.899999618530273 19.740928649902344 19.84992027282715 19.955135345458984 19.885568618774414 19.906816482543945 19.862720489501953 23.636863708496094 27.339391708374023 19.56175994873047 20.173887252807617 20.07689666748047 20.154560089111328 20.294496536254883 20.060096740722656 
48.975006103515625 19.851200103759766 17.876895904541016 17.815263748168945 17.68320083618164 17.71504020690918 18.0001277923584 17.985088348388672 23.629440307617188 18.125024795532227 18.01625633239746 17.690399169921875 18.606719970703125 17.840736389160156 17.914655685424805 17.79475212097168 
21.469440460205078 20.216096878051758 19.9051513671875 19.933631896972656 20.0435848236084 20.00262451171875 20.02137565612793 20.001375198364258 23.768415451049805 23.372032165527344 20.062976837158203 20.00387191772461 20.774112701416016 20.185792922973633 20.096607208251953 20.15100860595703 
65.96672058105469 29.75939178466797 29.85424041748047 29.98419189453125 30.470272064208984 30.87424087524414 30.34992027282715 125.05075073242188 37.720481872558594 30.77097511291504 30.820255279541016 30.12291145324707 30.5532169342041 30.963327407836914 30.205631256103516 30.084575653076172 
65.89228820800781 29.581727981567383 30.744447708129883 30.938720703125 31.386367797851562 31.03081512451172 30.36579132080078 30.269472122192383 36.50579071044922 30.0216007232666 30.393983840942383 30.952991485595703 29.863840103149414 30.121471405029297 30.901567459106445 30.789535522460938 
61.71500778198242 29.6146240234375 30.276479721069336 30.882335662841797 31.38377571105957 31.215200424194336 31.664480209350586 31.428800582885742 38.33977508544922 30.681888580322266 30.73798370361328 30.087360382080078 30.44054412841797 31.133056640625 31.021728515625 30.423295974731445 
64.86358642578125 29.59596824645996 29.632287979125977 30.771263122558594 31.926143646240234 31.243648529052734 31.40812873840332 41.49756622314453 39.986080169677734 30.881311416625977 30.81305694580078 30.278175354003906 30.415071487426758 30.852096557617188 31.070592880249023 30.26300811767578 
68.9836196899414 29.645055770874023 30.26892852783203 31.068288803100586 31.489408493041992 30.9150390625 30.46233558654785 30.631135940551758 39.953792572021484 30.209184646606445 30.524063110351562 30.666240692138672 30.71164894104004 30.37411117553711 30.774240493774414 30.879423141479492 
61.64591979980469 30.656896591186523 30.88265609741211 31.153888702392578 30.930240631103516 31.367488861083984 30.79043197631836 30.74051284790039 37.78550338745117 30.03865623474121 30.43027114868164 30.151264190673828 30.070016860961914 30.426944732666016 30.581151962280273 30.19443130493164 
61.738590240478516 29.704416275024414 30.46847915649414 30.554304122924805 30.302112579345703 30.40070343017578 30.40390396118164 30.457120895385742 37.13350296020508 30.10041618347168 30.558847427368164 31.237951278686523 30.290559768676758 30.19913673400879 30.79974365234375 30.856351852416992 
86.84534454345703 29.625951766967773 29.977855682373047 36.14713668823242 30.559680938720703 30.746431350708008 31.371551513671875 31.2607364654541 39.16841506958008 30.550975799560547 31.151296615600586 30.137056350708008 31.250751495361328 31.554431915283203 31.0831356048584 30.823455810546875 
64.82940673828125 29.663423538208008 29.623584747314453 30.783231735229492 30.476160049438477 30.612991333007812 30.9085750579834 31.051456451416016 45.51020812988281 30.053695678710938 31.22323226928711 31.264511108398438 30.6494083404541 30.485504150390625 30.911392211914062 31.096704483032227 
59.55651092529297 29.611135482788086 30.004959106445312 30.666336059570312 31.119871139526367 31.348384857177734 31.074464797973633 36.890174865722656 39.523807525634766 30.721824645996094 30.13555145263672 30.81283187866211 31.060800552368164 30.221664428710938 30.068927764892578 30.955135345458984 
61.43686294555664 28.831296920776367 29.27859115600586 29.058303833007812 29.489791870117188 29.133312225341797 30.128032684326172 29.46723175048828 36.62134552001953 28.864032745361328 29.272544860839844 29.484928131103516 29.051679611206055 29.62272071838379 29.17804718017578 29.329280853271484 
44.610782623291016 28.495040893554688 30.222719192504883 30.812639236450195 30.531295776367188 29.80121612548828 29.992544174194336 85.00377655029297 39.19366455078125 29.6378231048584 29.346656799316406 30.169599533081055 29.4967041015625 28.95408058166504 29.678335189819336 29.498207092285156 
44.55641555786133 28.431840896606445 30.009567260742188 30.190143585205078 30.375648498535156 29.717504501342773 29.14486312866211 35.41062545776367 37.78575897216797 29.24652862548828 29.84396743774414 29.312480926513672 29.58892822265625 29.096416473388672 29.22412872314453 29.095935821533203 
44.61692810058594 29.255264282226562 29.536575317382812 29.433792114257812 29.598655700683594 29.894304275512695 29.529279708862305 29.11836814880371 37.695072174072266 29.43891143798828 28.93788719177246 28.900415420532227 29.1694393157959 29.261119842529297 30.21196746826172 28.848608016967773 
45.68259048461914 28.636032104492188 29.479839324951172 28.981151580810547 29.915456771850586 29.473600387573242 29.621728897094727 29.110912322998047 35.94508743286133 28.975711822509766 29.512447357177734 28.943967819213867 29.620447158813477 29.41289520263672 28.96406364440918 29.82067108154297 
43.55696105957031 28.474496841430664 30.16819190979004 29.867328643798828 30.40617561340332 29.71356773376465 29.268896102905273 33.331295013427734 38.556480407714844 29.111072540283203 29.71343994140625 29.105247497558594 29.218847274780273 29.741823196411133 29.278656005859375 29.1213436126709 
44.55891036987305 28.44268798828125 28.585472106933594 30.297504425048828 30.290752410888672 29.54400062561035 29.550207138061523 35.84358215332031 34.3263053894043 28.959327697753906 29.392831802368164 29.864255905151367 30.124479293823242 29.682655334472656 29.152063369750977 29.60870361328125 
82.30159759521484 28.46224021911621 29.021728515625 29.664159774780273 29.930431365966797 29.416576385498047 29.38640022277832 29.252288818359375 34.38108825683594 28.811296463012695 28.880319595336914 29.424671173095703 29.07459259033203 29.75881576538086 31.102752685546875 29.170495986938477 
44.55507278442383 28.451520919799805 29.989343643188477 29.373632431030273 29.622495651245117 29.677087783813477 29.385663986206055 33.772159576416016 37.31235122680664 29.47158432006836 29.44723129272461 29.09894371032715 29.894176483154297 29.259199142456055 29.15068817138672 29.806400299072266 
44.5775032043457 28.79974365234375 28.791616439819336 29.22585678100586 29.778560638427734 30.298816680908203 29.808799743652344 30.469024658203125 39.51161575317383 29.236352920532227 29.313600540161133 29.662208557128906 29.376672744750977 29.059871673583984 29.222400665283203 29.128320693969727 
48.40012741088867 30.00284767150879 30.24300765991211 31.81376075744629 31.80633544921875 31.4333438873291 31.921791076660156 77.42979431152344 37.875423431396484 30.934240341186523 31.17897605895996 31.094463348388672 30.225759506225586 30.59244728088379 30.466655731201172 30.71855926513672 
58.7044792175293 29.979488372802734 30.859264373779297 30.618431091308594 31.74278450012207 30.914560317993164 31.39904022216797 53.33158493041992 39.11497497558594 30.8721923828125 31.200767517089844 31.021408081054688 30.925792694091797 30.25984001159668 30.494112014770508 30.633535385131836 
57.82697677612305 29.877792358398438 30.12451171875 30.840864181518555 31.53536033630371 32.146305084228516 31.95097541809082 90.62509155273438 40.23078536987305 30.62761688232422 31.174848556518555 30.519359588623047 30.37727928161621 30.515615463256836 30.40083122253418 30.90995216369629 
57.695552825927734 29.875808715820312 30.712575912475586 31.03059196472168 30.971967697143555 31.306528091430664 31.961376190185547 75.96896362304688 39.14460754394531 30.66339111328125 30.99420738220215 30.24095916748047 30.56172752380371 30.558624267578125 30.730079650878906 31.236095428466797 
56.61836624145508 29.852991104125977 30.313152313232422 30.657888412475586 30.38876724243164 30.58278465270996 31.01043128967285 87.94854736328125 38.542720794677734 30.374879837036133 30.396928787231445 30.749984741210938 31.142784118652344 30.985984802246094 30.53023910522461 30.379295349121094 
57.79324722290039 29.83363151550293 30.318336486816406 31.38323211669922 31.593599319458008 31.254783630371094 30.54761505126953 93.58819580078125 39.092864990234375 30.56390380859375 30.38960075378418 30.401119232177734 30.44879913330078 30.508447647094727 32.4376335144043 31.323776245117188 
61.8639030456543 29.88492774963379 31.23459243774414 31.03990364074707 31.114688873291016 30.690143585205078 31.01103973388672 76.49174499511719 39.07401657104492 30.491775512695312 30.9150390625 31.010112762451172 30.595775604248047 30.346399307250977 30.371328353881836 30.75654411315918 
59.82902526855469 29.89276885986328 31.886144638061523 31.592191696166992 31.424991607666016 31.32022476196289 31.1376953125 32.086368560791016 39.21984100341797 30.443679809570312 30.85036849975586 31.309120178222656 30.723392486572266 30.388927459716797 30.35750389099121 30.735647201538086 
61.93065643310547 29.9168643951416 30.64703941345215 31.270111083984375 31.84160041809082 31.136159896850586 31.272287368774414 77.71949005126953 35.46815872192383 30.49135971069336 30.51919937133789 30.4965763092041 30.947904586791992 30.92131233215332 31.1910400390625 30.67545509338379 
57.77017593383789 29.89414405822754 29.974592208862305 30.704479217529297 31.627552032470703 30.76892852783203 31.006399154663086 70.4227523803711 40.820831298828125 30.91859245300293 30.911392211914062 30.511615753173828 30.516191482543945 30.462751388549805 30.606847763061523 30.557376861572266 
49.435359954833984 16.46668815612793 16.44233512878418 16.494335174560547 16.977439880371094 16.934112548828125 16.86534309387207 58.15574264526367 25.40947151184082 17.219871520996094 16.59916877746582 17.757152557373047 16.692703247070312 17.34979248046875 16.909759521484375 17.306432723999023 
30.610591888427734 16.49203109741211 16.603328704833984 16.90096092224121 17.168672561645508 16.897567749023438 16.875551223754883 16.909503936767578 28.034591674804688 16.696352005004883 18.280895233154297 17.25644874572754 17.735776901245117 17.35366439819336 16.949504852294922 17.96892738342285 
30.67737579345703 16.50249671936035 16.551551818847656 16.4979190826416 16.987199783325195 17.01932716369629 17.113983154296875 17.22483253479004 23.452831268310547 17.27712059020996 17.07801628112793 16.884031295776367 17.010591506958008 16.825759887695312 17.5097599029541 16.704479217529297 
30.641088485717773 16.546688079833984 16.478336334228516 16.5216007232666 16.801279067993164 16.801183700561523 16.79523277282715 16.815391540527344 22.083072662353516 16.849824905395508 17.509599685668945 17.107744216918945 17.7706241607666 17.451936721801758 16.670879364013672 18.060192108154297 
30.632448196411133 16.484479904174805 16.48521614074707 16.491392135620117 16.71513557434082 17.154464721679688 17.215167999267578 17.29692840576172 23.89574432373047 17.560224533081055 16.97260856628418 17.148128509521484 16.962207794189453 16.774015426635742 17.30352020263672 17.086624145507812 
30.59644889831543 16.489471435546875 16.491519927978516 16.524831771850586 16.542943954467773 16.676799774169922 16.608192443847656 16.71955108642578 21.966432571411133 17.11414337158203 17.43881607055664 16.715808868408203 17.66828727722168 16.851680755615234 17.371967315673828 17.003456115722656 
30.609407424926758 16.53868865966797 16.501535415649414 16.741439819335938 16.79747200012207 17.022687911987305 17.111488342285156 17.173023223876953 22.61187171936035 17.590112686157227 16.751487731933594 17.310943603515625 16.678783416748047 18.522239685058594 17.082176208496094 17.378175735473633 
30.620576858520508 16.526464462280273 16.505855560302734 16.485919952392578 16.492704391479492 16.62281608581543 16.73766326904297 16.697439193725586 22.65839958190918 16.822336196899414 17.478111267089844 17.16815948486328 17.17251205444336 17.209856033325195 16.748863220214844 17.248064041137695 
30.631807327270508 16.4967041015625 16.532991409301758 16.64588737487793 16.851200103759766 16.931711196899414 16.986400604248047 16.94588851928711 22.72323226928711 17.408639907836914 17.051488876342773 16.978591918945312 17.652576446533203 16.652448654174805 17.8240966796875 16.99033546447754 
30.642208099365234 16.503456115722656 16.52851104736328 16.597055435180664 16.62646484375 16.699935913085938 16.755104064941406 16.812864303588867 22.775232315063477 17.308319091796875 17.147743225097656 17.240352630615234 16.908639907836914 17.23731231689453 16.738624572753906 17.775136947631836 
48.22515106201172 31.225343704223633 31.930944442749023 32.91312026977539 32.619041442871094 32.34479904174805 32.8864631652832 32.7184944152832 39.95929718017578 31.806272506713867 32.306400299072266 32.011390686035156 32.120479583740234 33.07686233520508 31.9401912689209 31.874752044677734 
49.19481658935547 31.15555191040039 32.7143669128418 33.04966354370117 32.09929656982422 32.86608123779297 32.439361572265625 32.29663848876953 41.26051330566406 31.987648010253906 32.0272331237793 32.0819206237793 32.02220916748047 32.041343688964844 32.10348892211914 32.13606262207031 
50.21139144897461 31.07574462890625 31.769216537475586 32.16108703613281 31.95849609375 32.0280647277832 32.32022476196289 33.97545623779297 41.82815933227539 32.06079864501953 32.19452667236328 32.093441009521484 32.25027084350586 32.27558517456055 32.19478225708008 32.374176025390625 
53.09795379638672 31.571487426757812 31.988384246826172 32.01824188232422 32.53580856323242 33.15388870239258 32.71200180053711 32.53068923950195 41.05731201171875 32.00281524658203 31.949600219726562 31.693599700927734 31.930400848388672 32.0173454284668 31.962623596191406 33.298465728759766 
49.8897590637207 31.12620735168457 33.05526351928711 32.870880126953125 32.66889572143555 33.119232177734375 32.505184173583984 33.242431640625 40.635616302490234 32.05817413330078 32.267425537109375 33.22518539428711 32.546783447265625 33.26931381225586 32.11017608642578 32.450496673583984 
51.280609130859375 31.5996150970459 31.72012710571289 33.2704963684082 33.366878509521484 32.434078216552734 32.59657669067383 32.68368148803711 38.175071716308594 31.65545654296875 31.784351348876953 32.27324676513672 32.46054458618164 31.944448471069336 31.966815948486328 32.258209228515625 
65.69647979736328 31.072479248046875 31.66499137878418 32.52998352050781 32.39507293701172 32.79209518432617 32.95849609375 32.672481536865234 43.05180740356445 33.158912658691406 31.860544204711914 33.46249771118164 31.439136505126953 31.639392852783203 31.781631469726562 31.78441619873047 
47.828670501708984 31.104511260986328 31.192352294921875 31.973312377929688 31.92278480529785 33.01609420776367 32.583168029785156 33.035743713378906 42.79443359375 31.5699520111084 31.650527954101562 31.688735961914062 31.784191131591797 31.835296630859375 31.92393684387207 32.13471984863281 
51.99052810668945 31.260448455810547 32.247615814208984 32.495872497558594 32.36662292480469 32.24396896362305 32.399967193603516 32.50227355957031 40.26323318481445 31.747072219848633 31.75916862487793 31.79859161376953 31.772192001342773 31.82953643798828 33.19071960449219 31.670976638793945 
49.89152145385742 31.974239349365234 32.24256134033203 32.976959228515625 32.31779098510742 32.439998626708984 33.299617767333984 33.64252853393555 34.81679916381836 31.772544860839844 31.865856170654297 31.785951614379883 31.860031127929688 31.999679565429688 32.426048278808594 32.4738883972168 
39.94035339355469 30.506784439086914 31.484703063964844 32.725406646728516 31.693439483642578 91.48767852783203 30.26291275024414 31.163711547851562 37.749088287353516 31.099519729614258 31.131328582763672 30.848224639892578 30.642879486083984 30.80508804321289 30.582080841064453 30.838176727294922 
19.873279571533203 18.254207611083984 18.333280563354492 18.32851219177246 18.4704647064209 18.457056045532227 220.18765258789062 18.226560592651367 60.31843185424805 18.223648071289062 18.5565128326416 18.9671688079834 18.53424072265625 18.545856475830078 19.079456329345703 18.635936737060547 
37.8721923828125 30.744447708129883 31.236543655395508 32.51241683959961 32.60940933227539 31.79052734375 31.369792938232422 32.006591796875 37.5984001159668 30.790912628173828 30.986848831176758 30.911775588989258 31.721887588500977 30.349279403686523 31.160480499267578 31.583328247070312 
18.883071899414062 18.16489601135254 18.205888748168945 18.749631881713867 18.911455154418945 18.856544494628906 220.44837951660156 18.224288940429688 61.269535064697266 18.195903778076172 18.58140754699707 18.67919921875 19.05072021484375 18.529888153076172 19.01353645324707 19.608095169067383 
37.87468719482422 30.72879981994629 31.48793601989746 31.98860740661621 31.914783477783203 31.770431518554688 32.052799224853516 31.39606475830078 36.56582260131836 30.57302474975586 30.715871810913086 30.55718421936035 30.81270408630371 30.905824661254883 30.921152114868164 30.62505531311035 
18.83897590637207 18.131263732910156 18.152864456176758 18.383487701416016 18.41561508178711 18.450559616088867 221.48806762695312 18.19593620300293 57.63670349121094 18.273439407348633 19.042367935180664 18.99567985534668 18.6396484375 18.790016174316406 18.79327964782715 18.60857582092285 
47.25471878051758 30.538848876953125 31.16659164428711 31.487071990966797 32.38278579711914 32.304351806640625 32.161537170410156 31.49350357055664 36.87948989868164 30.562368392944336 30.536415100097656 30.652448654174805 30.633407592773438 30.735071182250977 30.759231567382812 31.116287231445312 
243.28204345703125 18.15532875061035 18.47292709350586 18.802047729492188 228.47311401367188 18.180448532104492 18.38115119934082 18.471296310424805 56.653343200683594 18.24787139892578 18.704191207885742 19.748863220214844 18.59836769104004 18.770944595336914 19.39779281616211 18.786399841308594 
37.807838439941406 30.18739128112793 31.44550323486328 31.116575241088867 31.730112075805664 31.31920051574707 31.119647979736328 31.069568634033203 35.88524627685547 30.498144149780273 31.17964744567871 30.676416397094727 30.99635124206543 31.041120529174805 30.618431091308594 30.53660774230957 
18.876928329467773 18.14067268371582 18.184768676757812 18.61030387878418 18.559104919433594 18.917152404785156 224.78089904785156 18.187904357910156 58.07881546020508 18.35091209411621 18.770111083984375 18.86502456665039 18.561664581298828 18.658655166625977 19.098655700683594 19.75049591064453 
51.68191909790039 31.752159118652344 31.436704635620117 31.63657569885254 31.04025650024414 31.307680130004883 31.26700782775879 31.882783889770508 38.65631866455078 31.087871551513672 31.152128219604492 30.665279388427734 30.777568817138672 30.902624130249023 31.03113555908203 31.249984741210938 
20.934335708618164 18.167743682861328 19.92745590209961 18.203359603881836 18.42585563659668 18.50441551208496 221.73631286621094 18.211999893188477 59.28371047973633 18.195711135864258 18.580575942993164 18.641056060791016 19.0251522064209 19.275775909423828 18.984703063964844 18.941120147705078 
37.8721923828125 31.45542335510254 31.36444854736328 31.886560440063477 31.307584762573242 31.678495407104492 31.979711532592773 32.41084671020508 36.14271926879883 30.60268783569336 30.5831356048584 30.6015682220459 30.74163246154785 30.67728042602539 30.663488388061523 31.102399826049805 
18.95916748046875 18.16985511779785 18.421375274658203 18.77324867248535 19.069536209106445 19.09663963317871 219.5457305908203 18.232383728027344 57.65068817138672 18.3558406829834 19.62985610961914 19.36992073059082 19.577056884765625 19.60211181640625 19.17238426208496 19.046432495117188 
37.78102493286133 30.275007247924805 30.647903442382812 31.304031372070312 31.5314884185791 31.475072860717773 31.321247100830078 32.57222366333008 36.00774383544922 30.610591888427734 30.581279754638672 30.609119415283203 30.847808837890625 32.17350387573242 31.13363265991211 30.442752838134766 
18.816255569458008 18.16489601135254 18.177152633666992 18.543743133544922 18.662559509277344 211.49612426757812 18.190143585205078 18.225631713867188 58.413246154785156 18.17193603515625 19.96633529663086 19.160255432128906 18.95916748046875 18.872703552246094 18.619264602661133 18.539199829101562 
47.37526321411133 31.50409507751465 31.2194881439209 31.112607955932617 31.17737579345703 32.09971237182617 32.203617095947266 31.62166404724121 37.61635208129883 30.869056701660156 30.84182357788086 30.55084800720215 30.481088638305664 30.591487884521484 30.9169921875 31.060672760009766 
18.81279945373535 18.25836753845215 18.25312042236328 18.4815673828125 18.418272018432617 211.95046997070312 18.174528121948242 18.210111618041992 59.12249755859375 18.266944885253906 19.642080307006836 19.049375534057617 19.259552001953125 19.073440551757812 18.807039260864258 18.633888244628906 
38.94976043701172 30.409791946411133 30.509471893310547 31.12611198425293 32.09638214111328 31.210975646972656 31.590816497802734 31.461183547973633 35.574241638183594 30.763391494750977 30.567615509033203 30.390304565429688 31.429216384887695 30.764543533325195 30.761056900024414 31.009920120239258 
18.95305633544922 18.114463806152344 18.14588737487793 18.79132843017578 19.34726333618164 19.246944427490234 219.35292053222656 18.234079360961914 57.470977783203125 18.193567276000977 18.635135650634766 19.109695434570312 18.91539192199707 18.589344024658203 18.552831649780273 18.97292709350586 
33.596126556396484 25.23017692565918 25.545536041259766 26.46076774597168 26.637792587280273 26.03536033630371 26.763071060180664 26.59996795654297 30.496000289916992 25.716800689697266 25.840927124023438 25.762239456176758 25.851200103759766 25.987199783325195 25.985023498535156 25.800159454345703 
403.270751953125 18.83932876586914 18.853023529052734 18.910175323486328 19.25119972229004 19.385984420776367 19.385215759277344 19.453887939453125 29.370847702026367 20.027263641357422 20.15033531188965 19.620895385742188 19.900415420532227 19.577503204345703 19.65225601196289 19.83545684814453 
52.39567947387695 25.442720413208008 25.357120513916016 25.356800079345703 26.181215286254883 26.03990364074707 25.973472595214844 26.667552947998047 30.81475257873535 25.708768844604492 25.516544342041016 25.70899200439453 25.842880249023438 25.620960235595703 25.99203109741211 25.733312606811523 
377.169677734375 18.866111755371094 18.800832748413086 19.07753562927246 19.123903274536133 19.230464935302734 19.221664428710938 19.377920150756836 30.85036849975586 19.456607818603516 19.477632522583008 19.632959365844727 19.501920700073242 19.24665641784668 19.3175048828125 19.52118492126465 
68.43762969970703 25.480159759521484 25.384767532348633 26.475135803222656 26.34160041809082 26.315519332885742 26.445791244506836 26.14614486694336 30.290815353393555 25.64076805114746 25.771583557128906 25.99718475341797 25.82361602783203 25.826656341552734 25.77097511291504 25.526975631713867 
378.2190856933594 18.793088912963867 18.827392578125 18.949792861938477 19.16035270690918 19.318239212036133 19.29350471496582 19.14454460144043 22.98700714111328 19.674591064453125 20.14371109008789 19.34160041809082 19.458784103393555 19.737728118896484 19.353343963623047 20.03209686279297 
65.07555389404297 25.186464309692383 25.54083251953125 26.95897674560547 27.06617546081543 26.251359939575195 27.126144409179688 26.74847984313965 30.131391525268555 25.67568016052246 25.821504592895508 25.81769561767578 25.83452796936035 26.22662353515625 25.63363265991211 25.715007781982422 
593.4703369140625 18.829919815063477 18.87628746032715 18.89664077758789 19.6944637298584 19.51728057861328 19.52060890197754 19.354623794555664 22.708768844604492 19.930784225463867 19.91267204284668 19.936159133911133 20.516416549682617 19.67513656616211 19.865503311157227 20.71660804748535 
65.30147552490234 25.44540786743164 25.696672439575195 26.030719757080078 26.652223587036133 26.7524471282959 26.432832717895508 26.54857635498047 30.000736236572266 25.618207931518555 25.730464935302734 25.757280349731445 25.860416412353516 25.926048278808594 25.924095153808594 25.70035171508789 
604.3722534179688 18.85865592956543 19.292959213256836 19.51487922668457 19.643999099731445 19.72118377685547 19.893951416015625 19.8855037689209 31.343231201171875 19.20636749267578 19.783647537231445 19.609088897705078 20.31167984008789 19.585311889648438 19.429471969604492 19.729312896728516 
67.41311645507812 25.5435848236084 25.89574432373047 25.88368034362793 26.15510368347168 26.607328414916992 26.572160720825195 26.06572723388672 30.948223114013672 25.658432006835938 25.708288192749023 25.706655502319336 25.7741756439209 26.107423782348633 25.9368953704834 25.80860710144043 
390.10833740234375 18.858240127563477 18.87958335876465 18.86390495300293 18.89593505859375 19.124351501464844 19.034656524658203 19.208864212036133 21.932096481323242 19.55619239807129 19.50579261779785 19.508575439453125 19.353919982910156 19.45123291015625 19.27903938293457 19.41257667541504 
58.84124755859375 25.24470329284668 25.62508773803711 25.763328552246094 26.42767906188965 26.28447914123535 26.052223205566406 26.08153533935547 28.957887649536133 26.05516815185547 25.741535186767578 25.741056442260742 25.976064682006836 25.78643226623535 25.874528884887695 26.011743545532227 
377.1637268066406 18.812511444091797 18.861055374145508 18.954143524169922 19.37504005432129 19.400928497314453 19.427616119384766 19.469696044921875 28.215391159057617 19.50035285949707 19.914400100708008 19.843008041381836 20.29030418395996 19.829856872558594 19.865184783935547 19.850751876831055 
65.26758575439453 25.409088134765625 25.442720413208008 26.333280563354492 26.352447509765625 25.968223571777344 26.626432418823242 26.62428855895996 31.208351135253906 25.83465576171875 25.825408935546875 27.043071746826172 25.72447967529297 26.04911994934082 25.845600128173828 25.788991928100586 
379.14251708984375 18.8723201751709 19.053855895996094 19.499135971069336 19.756479263305664 19.76793670654297 19.689376831054688 19.84771156311035 29.746912002563477 19.500703811645508 19.666624069213867 19.297536849975586 19.699392318725586 20.320480346679688 19.693504333496094 19.63747215270996 
56.69478225708008 25.497760772705078 26.1691837310791 26.23539161682129 26.311168670654297 26.48307228088379 26.55446434020996 26.262399673461914 30.815488815307617 25.82192039489746 26.302207946777344 25.769407272338867 25.688640594482422 25.855104446411133 25.724416732788086 26.46518325805664 
392.72650146484375 18.81679916381836 18.829151153564453 18.904735565185547 19.122079849243164 19.008512496948242 19.163904190063477 19.26166343688965 22.16044807434082 19.524864196777344 19.716352462768555 19.201343536376953 19.551424026489258 19.600576400756836 19.51705551147461 19.59231948852539 
63.04336166381836 25.388832092285156 26.525888442993164 26.79439926147461 26.212352752685547 26.040447235107422 26.448095321655273 26.162687301635742 30.106048583984375 25.674943923950195 25.497215270996094 25.962432861328125 25.862943649291992 25.592992782592773 25.952991485595703 25.686304092407227 
600.7926635742188 18.835424423217773 18.85820770263672 19.052480697631836 19.171552658081055 19.101791381835938 19.244064331054688 19.283775329589844 32.02544021606445 19.254528045654297 20.058656692504883 19.249055862426758 19.32524871826172 19.510623931884766 19.367263793945312 19.656063079833984 
65.99129486083984 18.54425621032715 18.461599349975586 18.84435272216797 19.107263565063477 19.090272903442383 19.071231842041016 19.254207611083984 24.205535888671875 19.187231063842773 18.644575119018555 19.57753562927246 19.72502326965332 20.233280181884766 19.578336715698242 19.46214485168457 
19.948287963867188 19.659839630126953 19.976064682006836 20.078815460205078 20.164480209350586 20.23504066467285 20.203584671020508 20.221792221069336 23.459327697753906 19.853343963623047 20.07459259033203 20.053504943847656 20.02115249633789 20.02569580078125 19.645599365234375 20.79020881652832 
59.24300765991211 18.384096145629883 18.398719787597656 19.03081512451172 19.153919219970703 19.201215744018555 19.362783432006836 187.79408264160156 25.468576431274414 19.09347152709961 18.673696517944336 18.836864471435547 18.860031127929688 19.511167526245117 18.922208786010742 20.052032470703125 
19.889375686645508 19.680959701538086 19.630207061767578 19.842527389526367 20.0579833984375 19.972768783569336 20.141023635864258 20.18284797668457 24.091520309448242 20.019712448120117 19.95417594909668 19.715776443481445 20.462303161621094 19.88140869140625 20.019296646118164 19.907455444335938 
53.94895935058594 18.34262466430664 18.36911964416504 18.503807067871094 18.588672637939453 18.736703872680664 18.88921546936035 89.546142578125 25.435871124267578 19.180063247680664 19.314176559448242 18.762048721313477 18.790048599243164 19.534143447875977 19.503103256225586 20.23638343811035 
20.470272064208984 19.674943923950195 19.720544815063477 19.678112030029297 19.69945526123047 19.755104064941406 19.96361541748047 19.981504440307617 23.595935821533203 20.27881622314453 19.939136505126953 20.056896209716797 19.986175537109375 19.590463638305664 20.455839157104492 19.702272415161133 
30.86502456665039 18.348224639892578 18.374591827392578 18.53545570373535 18.8022403717041 18.94588851928711 19.017215728759766 199.28834533691406 22.599775314331055 19.04435157775879 18.913536071777344 19.37276840209961 20.233184814453125 19.645856857299805 19.62073516845703 19.265567779541016 
20.103456497192383 19.5731201171875 19.8319034576416 19.911903381347656 20.098783493041992 20.368255615234375 20.469696044921875 21.03603172302246 28.42144012451172 19.728736877441406 19.726943969726562 19.6297607421875 19.844383239746094 19.817440032958984 19.964160919189453 19.962848663330078 
50.83536148071289 18.352352142333984 18.38025665283203 18.896095275878906 19.22208023071289 19.248512268066406 109.97948455810547 18.436479568481445 24.719839096069336 19.133056640625 18.88844871520996 19.68134307861328 19.397920608520508 19.340255737304688 19.101215362548828 18.95439910888672 
19.996864318847656 19.492895126342773 19.549728393554688 19.680896759033203 19.64192008972168 19.685312271118164 19.73075294494629 19.698144912719727 26.97475242614746 19.85385513305664 19.902175903320312 20.06572723388672 19.801183700561523 19.667871475219727 19.833696365356445 19.78838348388672 
51.874271392822266 18.348127365112305 18.633663177490234 19.095584869384766 19.204256057739258 19.212480545043945 188.86087036132812 18.312959671020508 24.2042236328125 19.696224212646484 19.728160858154297 19.681312561035156 18.914432525634766 19.158367156982422 18.974687576293945 18.809823989868164 
20.01024055480957 19.575199127197266 19.54857635498047 19.576128005981445 19.64486312866211 19.654048919677734 19.7193603515625 19.604223251342773 28.421663284301758 19.78505516052246 19.6231689453125 20.343040466308594 19.73187255859375 20.094207763671875 20.03865623474121 19.759103775024414 
61.31455993652344 18.33478355407715 18.39695930480957 18.44723129272461 18.743295669555664 18.685087203979492 18.70524787902832 18.82588768005371 22.238079071044922 20.002399444580078 18.90550422668457 19.10041618347168 19.322303771972656 19.162080764770508 19.15452766418457 18.904415130615234 
19.93824005126953 19.41916847229004 19.602144241333008 19.656095504760742 19.619359970092773 19.669248580932617 19.7042236328125 19.72960090637207 26.057376861572266 19.937023162841797 19.864351272583008 20.337215423583984 19.837055206298828 19.743520736694336 19.806495666503906 20.045503616333008 
51.846622467041016 18.373504638671875 18.36467170715332 18.423263549804688 18.585952758789062 18.577119827270508 19.22604751586914 189.0635223388672 21.341344833374023 19.420608520507812 19.808191299438477 20.067968368530273 19.49692726135254 19.525920867919922 19.259552001953125 19.2490234375 
20.159423828125 20.074399948120117 20.3536319732666 20.250879287719727 20.25926399230957 20.2936954498291 20.502399444580078 20.90265655517578 24.439199447631836 20.391008377075195 20.211040496826172 19.809280395507812 19.8155517578125 19.769407272338867 20.089439392089844 19.844863891601562 
52.91961669921875 18.35753631591797 18.390464782714844 18.366464614868164 18.439327239990234 18.950464248657227 119.9335708618164 18.35113525390625 22.769792556762695 19.013216018676758 18.924640655517578 19.116512298583984 20.00339126586914 19.4215030670166 19.6364803314209 19.505311965942383 
19.937280654907227 19.643295288085938 19.903200149536133 19.891904830932617 20.071935653686523 20.0446720123291 20.0665283203125 20.025375366210938 24.147872924804688 20.605152130126953 20.015424728393555 19.92995262145996 19.642623901367188 19.914400100708008 20.137407302856445 19.99286460876465 
51.887359619140625 18.334623336791992 18.558528900146484 18.954975128173828 19.10198402404785 19.382463455200195 19.362335205078125 192.98387145996094 24.783103942871094 19.20867156982422 19.657344818115234 19.710847854614258 19.805984497070312 19.30179214477539 19.174623489379883 19.036319732666016 
19.952735900878906 19.58291244506836 19.61078453063965 19.677440643310547 19.71161651611328 19.763519287109375 19.77084732055664 19.756383895874023 26.999616622924805 19.843616485595703 19.789087295532227 19.988576889038086 19.703231811523438 19.73846435546875 20.060575485229492 20.00912094116211 
90.18208312988281 24.272703170776367 24.88332748413086 25.155872344970703 27.348480224609375 25.39695930480957 25.89244842529297 25.93084716796875 39.51811218261719 24.91107177734375 25.26495933532715 25.282047271728516 26.091039657592773 25.255456924438477 25.117279052734375 27.067840576171875 
41.91990280151367 26.39936065673828 25.117088317871094 25.251232147216797 29.426687240600586 25.225919723510742 102.66560363769531 25.546464920043945 33.468223571777344 25.41231918334961 25.603071212768555 25.182432174682617 25.536895751953125 26.00444793701172 25.682432174682617 25.407264709472656 
42.94668960571289 25.298336029052734 24.36150360107422 24.8341121673584 24.770336151123047 25.50092887878418 27.688095092773438 97.44547271728516 34.18803024291992 25.234304428100586 25.314495086669922 25.063583374023438 25.182048797607422 25.316287994384766 25.718399047851562 25.214048385620117 
41.923038482666016 25.25935935974121 24.514751434326172 25.119775772094727 25.581087112426758 25.51036834716797 25.030527114868164 92.97142028808594 34.38896179199219 24.935808181762695 25.507295608520508 25.012319564819336 25.577472686767578 25.459455490112305 25.629600524902344 25.71945571899414 
41.91712188720703 25.4638729095459 24.993408203125 24.680160522460938 25.161855697631836 25.621152877807617 26.00150489807129 82.38227081298828 31.33344078063965 25.065919876098633 25.919391632080078 25.69491195678711 25.01055908203125 25.223360061645508 25.687040328979492 25.441120147705078 
42.97359848022461 25.291519165039062 24.431135177612305 25.435775756835938 26.974016189575195 27.131040573120117 94.50201416015625 26.39017677307129 35.32614517211914 25.819744110107422 25.33692741394043 24.875200271606445 25.55718421936035 25.42527961730957 25.101760864257812 25.232383728027344 
41.942176818847656 26.388927459716797 25.00876808166504 24.559871673583984 28.160383224487305 25.21251106262207 110.13970947265625 31.642335891723633 34.7850227355957 25.03215980529785 25.80963134765625 25.087392807006836 25.418655395507812 25.543807983398438 25.61030387878418 25.33500862121582 
42.948577880859375 26.10438346862793 24.443647384643555 24.567840576171875 25.17487907409668 25.262720108032227 25.7488956451416 99.80358123779297 30.73142433166504 25.173280715942383 25.616992950439453 25.13203239440918 25.19036865234375 25.367647171020508 25.629215240478516 25.430240631103516 
41.940032958984375 24.349855422973633 25.3450870513916 26.058271408081055 25.761119842529297 25.44153594970703 28.82089614868164 80.46409606933594 31.031007766723633 25.166528701782227 25.193632125854492 25.346111297607422 25.321088790893555 25.679872512817383 25.099424362182617 25.498207092285156 
41.953086853027344 25.438880920410156 25.151840209960938 25.427776336669922 25.250783920288086 26.715072631835938 30.824832916259766 92.14460754394531 33.66704177856445 25.098976135253906 25.041568756103516 26.520288467407227 25.12598419189453 25.293312072753906 25.36419105529785 26.03513526916504 
37.745792388916016 30.431167602539062 30.784032821655273 30.92835235595703 32.13868713378906 31.42412757873535 31.491519927978516 31.68454360961914 35.76259231567383 30.586591720581055 30.663040161132812 30.423999786376953 30.68796730041504 30.783519744873047 31.298656463623047 30.9270076751709 
21.071264266967773 20.600191116333008 20.779935836791992 20.794815063476562 20.987648010253906 20.947168350219727 21.097984313964844 21.20345687866211 24.6790714263916 21.099775314331055 21.05721664428711 20.9421443939209 21.165023803710938 21.22198486328125 20.98431968688965 21.303808212280273 
43.112735748291016 30.69055938720703 31.0611515045166 32.32704162597656 77.62236785888672 30.449535369873047 31.031871795654297 31.153152465820312 39.14041519165039 30.568511962890625 30.80633544921875 30.796672821044922 30.737823486328125 31.170879364013672 30.553951263427734 30.612384796142578 
21.076448440551758 20.5927677154541 20.7675838470459 21.0545597076416 21.402624130249023 21.479520797729492 21.453664779663086 21.535680770874023 24.3088321685791 21.245216369628906 21.032352447509766 20.97056007385254 20.825023651123047 21.27782440185547 21.053247451782227 21.3288631439209 
44.1965446472168 31.201791763305664 31.31385612487793 30.985248565673828 50.888065338134766 30.634336471557617 32.380897521972656 30.7609920501709 37.21059036254883 30.69580841064453 30.483135223388672 30.44144058227539 30.50396728515625 30.674976348876953 30.820768356323242 31.343456268310547 
21.034080505371094 20.56483268737793 20.761215209960938 20.90399932861328 20.856128692626953 20.939903259277344 20.893983840942383 21.004608154296875 24.422048568725586 21.059104919433594 21.22492790222168 21.159648895263672 20.96940803527832 21.120512008666992 21.03980827331543 21.107648849487305 
45.314048767089844 30.339967727661133 32.52054214477539 31.34067153930664 79.5137939453125 30.378143310546875 30.347423553466797 31.80624008178711 36.53142547607422 30.85161590576172 30.875551223754883 31.923391342163086 30.527904510498047 30.63987159729004 30.699199676513672 30.400991439819336 
21.037599563598633 20.674272537231445 21.051231384277344 21.122400283813477 21.51817512512207 21.401151657104492 21.26313591003418 20.920223236083984 22.931232452392578 20.965696334838867 21.03772735595703 20.970720291137695 21.15990447998047 21.091039657592773 21.725664138793945 21.267648696899414 
43.103553771972656 30.262048721313477 31.29532814025879 31.633695602416992 81.67587280273438 30.351072311401367 32.06092834472656 31.568096160888672 36.57484817504883 30.806751251220703 30.61644744873047 30.718143463134766 30.855552673339844 30.820575714111328 30.588319778442383 31.093664169311523 
21.3623046875 20.551807403564453 20.921152114868164 21.01795196533203 20.88982391357422 20.91551971435547 20.915584564208984 20.972320556640625 25.094463348388672 21.293472290039062 20.992671966552734 21.199647903442383 21.477567672729492 20.97283172607422 21.034528732299805 21.494047164916992 
45.20150375366211 31.47007942199707 31.259296417236328 31.869056701660156 31.42086410522461 57.285343170166016 30.393184661865234 30.468639373779297 37.00361633300781 30.636831283569336 30.69913673400879 30.863487243652344 30.949663162231445 30.652896881103516 30.757600784301758 30.647552490234375 
21.212928771972656 21.171295166015625 21.412031173706055 21.415136337280273 21.278432846069336 21.228288650512695 21.218847274780273 21.05606460571289 24.893823623657227 21.029727935791016 21.074783325195312 21.225664138793945 21.081087112426758 21.107616424560547 21.345855712890625 21.224224090576172 
44.21353530883789 30.229888916015625 30.986623764038086 31.770463943481445 83.92668914794922 30.447200775146484 30.38857650756836 32.037662506103516 35.608768463134766 30.621599197387695 30.798912048339844 30.960575103759766 30.763296127319336 30.43824005126953 30.728736877441406 30.655967712402344 
21.06764793395996 20.971904754638672 21.0631046295166 21.43235206604004 21.37993621826172 21.292224884033203 21.306848526000977 21.23103904724121 24.090560913085938 21.24777603149414 20.939807891845703 21.27359962463379 21.008895874023438 21.641887664794922 21.2673282623291 21.20947265625 
51.46470260620117 30.40131187438965 31.596479415893555 31.200864791870117 42.956703186035156 60.805057525634766 30.432767868041992 31.8525447845459 36.4725456237793 30.884096145629883 30.74720001220703 30.973247528076172 30.72867202758789 30.784671783447266 30.580703735351562 30.776416778564453 
21.2642879486084 20.936800003051758 21.303136825561523 21.60051155090332 21.507423400878906 21.373760223388672 21.129663467407227 21.037599563598633 24.54368019104004 21.127904891967773 20.9385929107666 21.692575454711914 20.923648834228516 21.118911743164062 21.13324737548828 21.03971290588379 
44.20307159423828 31.533504486083984 32.34025573730469 32.07680130004883 71.48745727539062 30.3470401763916 30.877151489257812 31.75859260559082 37.617408752441406 30.716703414916992 31.10883140563965 30.961055755615234 31.001216888427734 30.49951934814453 30.732959747314453 30.958656311035156 
21.656864166259766 20.887935638427734 21.12998390197754 21.311424255371094 21.253664016723633 21.106719970703125 21.087520599365234 21.068063735961914 24.510528564453125 21.24742317199707 21.254655838012695 21.126752853393555 21.027488708496094 21.210975646972656 21.109695434570312 21.228256225585938 
47.205631256103516 30.301376342773438 30.798015594482422 31.266687393188477 64.73369598388672 30.513376235961914 30.47715187072754 31.719520568847656 37.94902420043945 30.921344757080078 31.133695602416992 31.011199951171875 31.297119140625 31.475679397583008 31.12224006652832 30.711679458618164 
20.980480194091797 20.588064193725586 20.857696533203125 20.870624542236328 20.975839614868164 20.852031707763672 21.10313606262207 21.19385528564453 24.582015991210938 21.299072265625 21.161888122558594 21.260095596313477 21.10032081604004 20.959871292114258 21.388320922851562 21.215999603271484 
49.50841522216797 27.486879348754883 28.637439727783203 28.165727615356445 28.008384704589844 28.680992126464844 28.294048309326172 105.48006439208984 37.66108703613281 28.57823944091797 30.306623458862305 28.486591339111328 28.644447326660156 27.946624755859375 28.645631790161133 28.280223846435547 
68.44195556640625 27.42892837524414 28.200288772583008 28.590463638305664 28.52947235107422 28.43827247619629 28.6363525390625 81.90611267089844 36.695167541503906 28.643455505371094 28.221887588500977 29.12099266052246 29.125503540039062 28.79520034790039 28.323808670043945 28.17510414123535 
71.4999008178711 27.694303512573242 27.71958351135254 28.64112091064453 28.989248275756836 28.23721694946289 28.766368865966797 114.5414047241211 35.868446350097656 28.027936935424805 28.296607971191406 28.95238494873047 28.287776947021484 28.591968536376953 28.515840530395508 28.245216369628906 
68.42230224609375 27.441375732421875 28.69603157043457 28.619104385375977 28.63363265991211 28.424320220947266 28.05423927307129 116.24384307861328 38.54512023925781 28.675872802734375 27.71059226989746 28.552127838134766 28.4531192779541 28.07891273498535 28.620384216308594 28.50543975830078 
68.3900146484375 27.44607925415039 27.777503967285156 28.968992233276367 28.080896377563477 28.80156707763672 28.35932731628418 28.9117431640625 36.53891372680664 28.04582405090332 29.117408752441406 27.98569679260254 28.462112426757812 28.612863540649414 27.836671829223633 28.097759246826172 
67.33455657958984 27.449344635009766 27.735424041748047 29.2271671295166 28.139808654785156 28.79350471496582 28.457632064819336 28.76665687561035 35.32921600341797 28.358400344848633 27.738719940185547 28.468799591064453 28.6429443359375 28.352479934692383 28.78860855102539 27.95315170288086 
65.28377532958984 27.522655487060547 28.09075164794922 28.62588882446289 28.675296783447266 28.750656127929688 29.065216064453125 104.53485107421875 37.328575134277344 29.091167449951172 28.61667251586914 27.912384033203125 28.333887100219727 28.49228858947754 27.746559143066406 28.659040451049805 
67.34188842773438 27.435039520263672 27.56537628173828 28.432640075683594 28.24720001220703 27.85523223876953 28.249216079711914 103.78508758544922 36.225921630859375 29.073888778686523 28.525344848632812 28.73196792602539 28.302207946777344 28.084096908569336 28.85171127319336 28.170656204223633 
65.2544937133789 27.472768783569336 28.3668155670166 28.105791091918945 29.071584701538086 28.92076873779297 29.469791412353516 90.84467315673828 35.6624641418457 28.63817596435547 28.44054412841797 28.743167877197266 28.466400146484375 28.13680076599121 28.783647537231445 28.307872772216797 
65.22089385986328 27.448575973510742 27.860000610351562 28.43827247619629 28.725120544433594 28.16873550415039 28.65385627746582 28.54217529296875 36.52345657348633 28.01468849182129 28.4234561920166 28.637760162353516 28.32464027404785 28.936128616333008 29.00611114501953 28.237472534179688 
70.02877044677734 37.42652893066406 37.89622497558594 36.64726257324219 36.39593505859375 36.426719665527344 101.7429428100586 35.53398513793945 45.937374114990234 35.823326110839844 36.61161422729492 35.67523193359375 35.65318298339844 35.83427047729492 36.197471618652344 35.61667251586914 
47.073184967041016 35.646366119384766 37.12643051147461 37.3724479675293 37.1776008605957 37.53865432739258 37.43628692626953 98.49059295654297 43.116512298583984 35.903934478759766 36.22166442871094 36.36105728149414 36.12160110473633 36.39993667602539 35.89593505859375 35.822208404541016 
54.220703125 36.42252731323242 37.35081481933594 38.48252868652344 38.202880859375 36.86854553222656 36.58755111694336 89.37776184082031 44.266944885253906 35.81353759765625 35.87846374511719 35.8900146484375 36.3741455078125 35.851776123046875 36.2270393371582 35.969886779785156 
52.226016998291016 35.690494537353516 36.58335876464844 37.638526916503906 38.2795524597168 38.584224700927734 114.29122924804688 42.87295913696289 43.908382415771484 35.79359817504883 35.69900894165039 35.893280029296875 36.5816650390625 35.88467025756836 36.11094284057617 35.88524627685547 
47.93094253540039 36.34892654418945 37.467872619628906 38.30070495605469 37.0032958984375 38.013790130615234 37.09715270996094 90.29654693603516 45.19935989379883 35.73535919189453 36.924095153808594 35.85744094848633 35.69792175292969 35.910335540771484 36.08924865722656 36.06697463989258 
54.363006591796875 35.813438415527344 36.65644836425781 36.54227066040039 39.16284942626953 38.30803298950195 37.16649627685547 140.88009643554688 43.68569564819336 36.380287170410156 36.253055572509766 36.10374450683594 36.52540969848633 35.97929763793945 36.25785446166992 37.4213752746582 
49.09187316894531 36.15679931640625 36.8403205871582 37.96761703491211 36.913665771484375 37.9568977355957 37.28950500488281 77.3788833618164 44.567935943603516 35.798622131347656 35.73632049560547 35.80607986450195 35.9600944519043 36.05763244628906 36.21526336669922 35.870880126953125 
49.2210578918457 36.00902557373047 37.185054779052734 37.271934509277344 37.23241424560547 37.61769485473633 93.91270446777344 35.69580841064453 44.271934509277344 35.95667266845703 36.116416931152344 35.77568054199219 36.1196174621582 35.796321868896484 36.063968658447266 36.674049377441406 
59.63689422607422 35.691871643066406 35.6701774597168 38.053279876708984 38.39718246459961 38.06492614746094 38.181087493896484 102.28822326660156 43.65999984741211 36.26563262939453 36.21635055541992 36.083648681640625 36.077022552490234 36.0497932434082 36.24943923950195 35.959041595458984 
48.219486236572266 36.58086395263672 36.998592376708984 36.617279052734375 37.59475326538086 37.13475036621094 36.633121490478516 92.86112213134766 45.180416107177734 36.23139190673828 35.94998550415039 36.227840423583984 35.932830810546875 36.54880142211914 36.15350341796875 36.17679977416992 
45.12201690673828 23.83737564086914 23.907072067260742 24.4182071685791 24.74947166442871 24.696287155151367 24.352767944335938 52.78508758544922 34.646240234375 24.402624130249023 24.624160766601562 24.3799991607666 24.836095809936523 24.831199645996094 25.165407180786133 24.6562557220459 
40.951744079589844 23.89321517944336 24.0316162109375 24.921119689941406 25.19385528564453 24.603008270263672 24.33964729309082 25.125408172607422 35.91628646850586 24.87049674987793 24.882976531982422 24.20479965209961 24.606399536132812 25.10051155090332 24.635072708129883 24.910175323486328 
40.89926528930664 23.870784759521484 23.987680435180664 24.616544723510742 25.159584045410156 24.716575622558594 24.61244773864746 25.19740867614746 35.78790283203125 24.470304489135742 24.533824920654297 24.709951400756836 24.96556854248047 24.40105628967285 24.612192153930664 24.659231185913086 
40.9595832824707 23.778240203857422 23.835712432861328 24.866527557373047 25.138463973999023 25.0295352935791 24.331104278564453 24.839872360229492 36.25040054321289 24.40790367126465 24.8240966796875 24.607616424560547 24.893056869506836 24.48182487487793 24.99510383605957 24.487680435180664 
39.912960052490234 23.851104736328125 23.885759353637695 24.382783889770508 25.070655822753906 24.911231994628906 24.45568084716797 24.319168090820312 35.0318717956543 24.388160705566406 24.517152786254883 24.41321563720703 24.636159896850586 25.191200256347656 24.53183937072754 24.667999267578125 
40.94230270385742 23.823455810546875 24.01785659790039 24.642751693725586 24.576000213623047 24.518272399902344 24.829439163208008 25.150880813598633 35.12192153930664 24.394880294799805 24.75040054321289 26.073728561401367 24.723360061645508 24.44099235534668 24.72150421142578 24.851808547973633 
40.90764617919922 23.896991729736328 24.13145637512207 24.006431579589844 24.072063446044922 24.119935989379883 24.414880752563477 24.459999084472656 35.50899124145508 24.239904403686523 24.389408111572266 24.80614471435547 24.991872787475586 24.63497543334961 24.456159591674805 24.823232650756836 
42.02867126464844 23.883071899414062 24.29475212097168 24.5347843170166 24.247167587280273 24.215999603271484 24.738943099975586 24.90176010131836 34.98128128051758 24.22707176208496 24.399168014526367 24.831071853637695 24.389951705932617 24.75699234008789 24.325632095336914 25.010528564453125 
40.87664031982422 24.38697624206543 24.632287979125977 24.679967880249023 24.408735275268555 24.38172721862793 24.850879669189453 24.852096557617188 34.40719985961914 24.520671844482422 24.387296676635742 26.355424880981445 24.463327407836914 24.623807907104492 24.495840072631836 25.27529525756836 
42.00572967529297 23.955488204956055 24.287263870239258 24.301855087280273 24.18262481689453 24.56003189086914 25.03152084350586 24.955263137817383 33.87587356567383 24.425344467163086 24.0993595123291 24.928319931030273 24.280895233154297 24.717439651489258 24.53513526916504 25.181215286254883 
41.439361572265625 23.12553596496582 23.14860725402832 23.574655532836914 24.827167510986328 24.898975372314453 23.9768009185791 90.76297760009766 32.24700927734375 23.445951461791992 23.67363166809082 23.825855255126953 23.584096908569336 23.740352630615234 23.855968475341797 24.12761688232422 
39.36924743652344 23.13654327392578 23.190431594848633 23.31679916381836 24.001567840576172 24.2325439453125 24.016672134399414 23.67830467224121 32.01232147216797 23.67673683166504 23.729536056518555 23.9204158782959 23.85968017578125 23.5231990814209 23.79475212097168 24.994016647338867 
40.40243148803711 23.081600189208984 23.066944122314453 23.371967315673828 24.083744049072266 24.583871841430664 24.257343292236328 23.69878387451172 30.69196891784668 23.55353546142578 23.716032028198242 23.683231353759766 23.608287811279297 23.874752044677734 23.949087142944336 23.534591674804688 
39.41020965576172 23.153024673461914 23.56268882751465 23.72809600830078 23.592992782592773 23.50547218322754 23.9334716796875 24.216480255126953 31.225984573364258 23.643232345581055 23.943647384643555 23.884864807128906 23.7541446685791 23.509632110595703 23.988544464111328 24.002559661865234 
40.48291015625 23.134048461914062 23.211936950683594 23.3668155670166 23.736576080322266 24.387487411499023 24.37343978881836 23.97737693786621 30.774112701416016 23.480640411376953 23.87299156188965 23.699359893798828 23.772768020629883 24.0949764251709 23.527360916137695 23.736671447753906 
39.359039306640625 23.0948486328125 23.181791305541992 23.805471420288086 24.141183853149414 24.058624267578125 23.732511520385742 23.726560592651367 31.469919204711914 23.859615325927734 23.610815048217773 23.607807159423828 23.868288040161133 23.74825668334961 23.782079696655273 23.926816940307617 
40.44998550415039 23.229312896728516 23.522079467773438 23.84502410888672 23.923200607299805 23.789119720458984 24.431135177612305 24.322751998901367 29.5 23.583295822143555 23.72163200378418 23.877119064331055 23.610240936279297 23.687776565551758 23.97542381286621 23.61292839050293 
39.40089416503906 23.119712829589844 23.10028839111328 23.534591674804688 23.642047882080078 23.7126407623291 23.68560028076172 24.07539176940918 30.8753604888916 23.86444854736328 23.596160888671875 23.707551956176758 23.6276798248291 24.318912506103516 23.6180477142334 24.045087814331055 
38.36604690551758 23.129024505615234 23.120256423950195 23.290271759033203 23.779199600219727 23.74675178527832 23.735519409179688 24.00364875793457 31.4800968170166 23.96329689025879 24.1463680267334 23.49942398071289 23.690271377563477 23.79350471496582 24.069183349609375 23.703296661376953 
41.44441604614258 23.165952682495117 23.171232223510742 23.529983520507812 23.83897590637207 23.762720108032227 24.22323226928711 24.135360717773438 32.296478271484375 23.568031311035156 23.710527420043945 24.261247634887695 23.560352325439453 23.7542724609375 23.801311492919922 24.35740852355957 
35.88380813598633 27.327775955200195 27.427936553955078 27.39017677307129 27.740991592407227 27.705312728881836 27.774368286132812 27.868383407592773 33.392127990722656 27.163936614990234 27.02457618713379 27.48099136352539 27.07756805419922 27.356447219848633 26.87286376953125 27.293439865112305 
15.77945613861084 15.229439735412598 15.230719566345215 15.272895812988281 15.754015922546387 15.878239631652832 15.856063842773438 15.55299186706543 18.073888778686523 16.203168869018555 15.9749116897583 15.612383842468262 16.757183074951172 15.403583526611328 15.70956802368164 16.355104446411133 
44.36652755737305 26.90025520324707 26.81203269958496 27.05628776550293 27.241567611694336 27.678592681884766 33.8502082824707 27.007808685302734 30.915584564208984 27.077600479125977 27.254560470581055 27.011423110961914 27.30182456970215 27.038175582885742 26.89891242980957 26.991743087768555 
15.714303970336914 15.266079902648926 15.224767684936523 15.554719924926758 15.414463996887207 15.474783897399902 15.60086441040039 15.734272003173828 17.892608642578125 15.588800430297852 15.653023719787598 16.064128875732422 15.668416023254395 15.430879592895508 16.15564727783203 15.75500774383545 
42.20844650268555 26.594816207885742 26.979808807373047 27.215007781982422 27.469087600708008 35.183616638183594 27.249439239501953 28.106111526489258 33.531455993652344 27.03945541381836 27.089536666870117 27.175487518310547 27.016319274902344 27.904191970825195 27.047264099121094 27.023807525634766 
15.718496322631836 15.243616104125977 15.276800155639648 15.673567771911621 15.90937614440918 16.09014320373535 15.7542724609375 15.578975677490234 18.49622344970703 16.682720184326172 15.83017635345459 16.178144454956055 15.57107162475586 16.453632354736328 15.481120109558105 15.761823654174805 
41.1165771484375 26.589984893798828 27.30348777770996 27.452959060668945 27.43199920654297 29.310976028442383 27.645055770874023 27.935104370117188 33.080928802490234 27.35091209411621 26.756479263305664 27.323040008544922 27.021408081054688 26.860031127929688 26.829824447631836 27.17852783203125 
15.765439987182617 15.281824111938477 15.21993637084961 15.576640129089355 15.55350399017334 15.811903953552246 15.525792121887207 15.597503662109375 18.262752532958984 16.286527633666992 15.854528427124023 15.537535667419434 16.459360122680664 15.413248062133789 15.658143997192383 15.403807640075684 
41.13865661621094 26.6296329498291 26.739168167114258 27.054336547851562 28.004352569580078 29.638879776000977 27.58019256591797 27.395999908447266 31.81235122680664 27.067167282104492 27.35628890991211 27.587135314941406 27.0314884185791 27.27097511291504 26.841888427734375 27.363712310791016 
15.795647621154785 15.20364761352539 15.241632461547852 15.276703834533691 15.792896270751953 15.83296012878418 15.799712181091309 15.641471862792969 19.160032272338867 15.826815605163574 15.769344329833984 16.073087692260742 15.565471649169922 15.411423683166504 15.559391975402832 15.700032234191895 
42.23680114746094 26.717920303344727 27.821279525756836 28.079456329345703 27.359071731567383 28.084320068359375 34.75004959106445 27.175615310668945 32.679840087890625 27.116575241088867 27.73366355895996 27.344127655029297 27.469728469848633 27.22198486328125 26.845792770385742 27.103200912475586 
15.817472457885742 15.32857608795166 15.3023042678833 15.461919784545898 15.44803237915039 15.650815963745117 15.907999992370605 15.996959686279297 16.199935913085938 16.201183319091797 16.271520614624023 15.516799926757812 16.657983779907227 15.39948844909668 15.524831771850586 16.362720489501953 
44.337310791015625 26.60851287841797 26.57219123840332 26.5828800201416 27.32918357849121 39.412193298339844 26.946399688720703 27.75481605529785 32.9510383605957 26.800928115844727 27.112768173217773 26.961408615112305 27.410720825195312 27.027456283569336 27.22275161743164 27.201183319091797 
15.78495979309082 15.232959747314453 15.230688095092773 15.589311599731445 15.570207595825195 15.534239768981934 15.850912094116211 15.997856140136719 18.834144592285156 15.723584175109863 15.643872261047363 16.26032066345215 16.79916763305664 15.716608047485352 16.181888580322266 15.589088439941406 
41.12607955932617 26.77552032470703 26.752607345581055 27.627391815185547 27.377023696899414 34.09337615966797 30.135488510131836 26.851295471191406 30.774015426635742 27.01750373840332 27.334976196289062 27.310400009155273 27.03968048095703 27.14089584350586 27.347135543823242 27.0032958984375 
15.803168296813965 15.393471717834473 15.409600257873535 15.528287887573242 15.630656242370605 15.597472190856934 15.583200454711914 15.744383811950684 17.175167083740234 16.33251190185547 15.823328018188477 16.12063980102539 15.586527824401855 15.74623966217041 16.559104919433594 15.553248405456543 
44.44131088256836 26.545791625976562 26.80851173400879 27.22492790222168 27.619903564453125 27.479007720947266 36.92784118652344 27.251455307006836 31.616352081298828 26.95052719116211 26.675872802734375 27.132095336914062 27.262496948242188 26.85228729248047 27.645280838012695 27.369535446166992 
15.79475212097168 15.252991676330566 15.562560081481934 15.727007865905762 15.734399795532227 15.614975929260254 15.558496475219727 15.589152336120605 17.650943756103516 16.140352249145508 15.697888374328613 16.202016830444336 15.370240211486816 15.794079780578613 15.991552352905273 15.610560417175293 
38.975807189941406 26.85491180419922 27.08847999572754 27.15510368347168 65.5074234008789 26.959327697753906 26.752607345581055 27.0184326171875 34.301727294921875 27.037567138671875 27.231679916381836 27.04431915283203 27.191904067993164 27.084991455078125 27.218463897705078 26.79814338684082 
16.488000869750977 15.358976364135742 15.352352142333984 15.481087684631348 15.486559867858887 15.500351905822754 15.847423553466797 15.926336288452148 18.682464599609375 16.325279235839844 15.477215766906738 15.99948787689209 16.22934341430664 15.913503646850586 16.257919311523438 15.842399597167969 
43.309791564941406 26.597919464111328 26.56857681274414 27.47123146057129 27.366559982299805 27.794687271118164 27.351999282836914 27.55241584777832 32.86479949951172 27.096927642822266 27.524991989135742 26.761823654174805 27.197343826293945 27.04332733154297 27.248287200927734 26.93926429748535 
18.64019203186035 18.060991287231445 18.12156867980957 18.268159866333008 18.318912506103516 18.275392532348633 18.37926483154297 18.545120239257812 22.099807739257812 18.735904693603516 18.936128616333008 18.75107192993164 18.607711791992188 18.500288009643555 18.43791961669922 18.50441551208496 
33.749568939208984 26.47100830078125 27.705087661743164 152.09178161621094 26.68726348876953 26.868896484375 27.168991088867188 27.651935577392578 31.30860710144043 27.16649627685547 26.8855037689209 27.161184310913086 27.1812801361084 26.959327697753906 27.0281925201416 27.487903594970703 
18.693952560424805 18.039104461669922 18.01465606689453 17.961023330688477 18.476991653442383 18.474815368652344 19.107263565063477 19.281536102294922 22.481056213378906 18.58358383178711 18.543968200683594 18.511104583740234 18.639936447143555 19.120031356811523 18.728607177734375 18.815967559814453 
33.5978889465332 26.527807235717773 27.25644874572754 173.64703369140625 26.7108154296875 26.65305519104004 26.9234561920166 27.907007217407227 32.39980697631836 27.03558349609375 27.086687088012695 27.272960662841797 27.10495948791504 28.075456619262695 27.697280883789062 26.976383209228516 
20.79465675354004 17.991775512695312 18.042240142822266 18.260448455810547 18.337696075439453 18.338048934936523 18.444128036499023 18.976512908935547 24.027488708496094 18.65897560119629 18.31942367553711 18.853408813476562 18.578048706054688 19.634239196777344 18.863744735717773 18.82975959777832 
33.61619186401367 26.56608009338379 26.72640037536621 147.85903930664062 26.73232078552246 26.641216278076172 26.980960845947266 27.512128829956055 32.21180725097656 26.95996856689453 26.98467254638672 27.27894401550293 27.128992080688477 27.150527954101562 27.29827117919922 27.036319732666016 
18.784639358520508 18.08073616027832 18.045791625976562 18.438880920410156 18.719200134277344 18.702943801879883 18.725631713867188 18.823904037475586 23.015071868896484 18.8986873626709 18.517440795898438 18.4366397857666 18.35923194885254 18.858911514282227 19.212223052978516 19.50739288330078 
33.604190826416016 26.477567672729492 26.619583129882812 163.82095336914062 26.64575958251953 26.779680252075195 26.929407119750977 27.92233657836914 33.07497787475586 26.838464736938477 27.200576782226562 26.929344177246094 27.151487350463867 26.901151657104492 27.28700828552246 27.242816925048828 
25.479808807373047 18.06175994873047 18.147647857666016 18.857248306274414 19.112960815429688 19.214048385620117 19.188800811767578 19.045568466186523 23.538528442382812 18.565536499023438 19.16387176513672 18.869056701660156 18.78544044494629 19.10086441040039 18.782400131225586 19.131616592407227 
33.684993743896484 26.911039352416992 27.143104553222656 180.62701416015625 26.56342315673828 27.50752067565918 27.662912368774414 27.288192749023438 32.42620849609375 27.121471405029297 27.005760192871094 27.679935455322266 28.137407302856445 27.930015563964844 27.07161521911621 27.420703887939453 
18.74358367919922 17.99385643005371 18.08291244506836 18.42144012451172 18.66646385192871 18.970848083496094 19.041919708251953 19.007007598876953 23.089344024658203 18.780736923217773 19.52355194091797 18.52681541442871 18.717472076416016 18.53398323059082 18.485855102539062 18.532447814941406 
33.684417724609375 26.556991577148438 26.83670425415039 30.38256072998047 133.07728576660156 26.70627212524414 26.711040496826172 27.22777557373047 32.733951568603516 27.3417911529541 27.04431915283203 27.14316749572754 27.11177635192871 26.74025535583496 27.052480697631836 27.0317440032959 
18.765216827392578 18.046783447265625 18.417312622070312 18.370464324951172 18.363264083862305 18.714208602905273 18.976640701293945 18.952159881591797 22.07788848876953 18.73369598388672 18.65190315246582 18.437471389770508 18.50147247314453 19.290559768676758 18.944992065429688 19.007455825805664 
33.59695816040039 26.54732894897461 27.47987174987793 166.03240966796875 26.649375915527344 26.742080688476562 27.361183166503906 27.128992080688477 33.023712158203125 27.104543685913086 26.92470359802246 27.142431259155273 26.99555206298828 27.26688003540039 26.98748779296875 26.96553611755371 
18.77814483642578 17.996511459350586 31.558879852294922 18.026111602783203 18.056032180786133 18.080799102783203 18.7857608795166 18.8703670501709 21.847328186035156 18.794496536254883 18.708927154541016 18.48761558532715 18.441503524780273 18.483232498168945 18.74336051940918 19.67078399658203 
34.65599822998047 27.13689613342285 27.540672302246094 163.2848358154297 26.576160430908203 27.54787254333496 27.17180824279785 27.568479537963867 34.43824005126953 26.98860740661621 26.719680786132812 27.107168197631836 26.966751098632812 27.228736877441406 27.14646339416504 27.430944442749023 
19.655935287475586 18.056575775146484 18.246784210205078 18.449663162231445 18.476640701293945 18.490079879760742 18.697343826293945 18.745119094848633 23.704608917236328 18.720544815063477 18.663007736206055 18.452512741088867 19.042720794677734 18.842527389526367 18.637727737426758 18.388288497924805 
33.59619140625 26.554048538208008 27.541664123535156 171.23011779785156 26.596223831176758 26.637855529785156 27.29372787475586 28.160383224487305 33.60572814941406 26.924575805664062 27.260032653808594 27.090368270874023 26.860864639282227 27.09017562866211 26.789344787597656 27.203935623168945 
19.657535552978516 17.97260856628418 18.04921531677246 18.273759841918945 18.39743995666504 18.3721923828125 19.09401512145996 18.819232940673828 21.901695251464844 18.925439834594727 19.234655380249023 18.795167922973633 18.741344451904297 18.49964714050293 18.45292854309082 18.527456283569336 
47.88729476928711 32.789119720458984 33.513790130615234 34.020225524902344 34.65987014770508 100.4559326171875 42.117855072021484 35.150657653808594 38.87126541137695 32.51500701904297 32.69472122192383 33.19091033935547 32.40323257446289 32.64204788208008 32.29670333862305 33.05535888671875 
48.0013427734375 33.135616302490234 33.65862274169922 32.69526290893555 33.13340759277344 35.37001419067383 40.28470230102539 49.340606689453125 41.71148681640625 32.380672454833984 32.7262077331543 32.841697692871094 32.75260925292969 32.62259292602539 33.74787139892578 32.545536041259766 
47.98998260498047 32.668670654296875 33.35676956176758 33.27824020385742 33.34979248046875 32.832862854003906 33.51494216918945 60.56476974487305 41.19337463378906 32.32329559326172 32.88447952270508 33.07340621948242 33.099422454833984 33.665313720703125 32.484737396240234 32.75164794921875 
47.98169708251953 32.78953552246094 33.45423889160156 33.348384857177734 32.69830322265625 33.80976104736328 33.608097076416016 61.92256164550781 38.69180679321289 32.4967041015625 32.635902404785156 32.58176040649414 33.29267120361328 32.567745208740234 37.07049560546875 32.46476745605469 
49.0588493347168 32.20064163208008 33.64700698852539 33.636993408203125 33.15465545654297 33.54841613769531 37.75603103637695 44.209983825683594 42.18726348876953 32.64495849609375 32.965728759765625 32.710784912109375 32.38390350341797 32.61475372314453 32.827457427978516 32.968544006347656 
48.96553421020508 32.68387222290039 33.62412643432617 33.42047882080078 34.74003219604492 35.12112045288086 42.818721771240234 45.171871185302734 38.97407913208008 32.6099853515625 33.18368148803711 32.49884796142578 33.48175811767578 32.66624069213867 32.92924880981445 32.6743049621582 
48.91846466064453 32.9694709777832 33.6484489440918 32.766815185546875 33.52521514892578 33.214561462402344 34.8737907409668 59.096031188964844 40.42617416381836 32.4334716796875 32.54780960083008 32.62451171875 32.8900146484375 32.9881591796875 32.808414459228516 32.633663177490234 
48.0241584777832 33.235809326171875 33.21004867553711 33.278079986572266 33.12259292602539 32.68854522705078 42.78345489501953 43.90806579589844 41.20051193237305 32.627967834472656 32.906654357910156 32.75990295410156 32.63315200805664 33.1894416809082 32.757694244384766 32.853118896484375 
47.93084716796875 32.162689208984375 32.47679901123047 32.764896392822266 33.92448043823242 35.337249755859375 41.36652755737305 47.696128845214844 37.97795104980469 32.46537780761719 32.40742492675781 32.45792007446289 32.50614547729492 32.78736114501953 32.887489318847656 32.5715217590332 
48.007137298583984 31.871679306030273 33.21526336669922 33.688480377197266 32.930721282958984 33.54703903198242 39.467552185058594 44.670528411865234 40.13872146606445 32.47683334350586 32.57769775390625 33.10768127441406 33.517921447753906 33.407230377197266 32.66659164428711 33.18975830078125 
32.91459274291992 19.59440040588379 20.07187271118164 20.42086410522461 20.408767700195312 20.12428855895996 20.379552841186523 51.125919342041016 23.45030403137207 20.12892723083496 20.253408432006836 20.162559509277344 20.503711700439453 20.274240493774414 20.510175704956055 20.935359954833984 
22.36502456665039 21.34137535095215 21.269472122192383 21.28451156616211 21.240863800048828 21.272640228271484 21.254751205444336 21.420223236083984 25.73971176147461 21.467615127563477 21.286367416381836 21.375200271606445 21.5914249420166 21.35487937927246 22.1661434173584 21.557632446289062 
50.75971221923828 19.627071380615234 19.59369659423828 19.75472068786621 19.948543548583984 19.9467830657959 20.020320892333984 177.76995849609375 21.339584350585938 20.415424346923828 20.30588722229004 20.461727142333984 20.1441593170166 20.04243278503418 20.499168395996094 20.20310401916504 
21.595104217529297 21.22480010986328 21.492319107055664 21.773279190063477 21.64896011352539 21.40243148803711 21.232160568237305 21.243135452270508 24.41155242919922 22.003263473510742 21.405216217041016 21.933439254760742 22.053504943847656 21.57263946533203 21.446975708007812 21.957439422607422 
46.55750274658203 19.591487884521484 19.56777572631836 19.72652816772461 20.222688674926758 20.33443260192871 20.211456298828125 194.53733825683594 24.928831100463867 20.850208282470703 20.15577507019043 20.00374412536621 20.263999938964844 20.1646728515625 20.69481658935547 20.318208694458008 
21.602367401123047 21.3656005859375 21.67571258544922 21.607616424560547 21.543519973754883 21.34182357788086 21.24300765991211 21.367488861083984 26.700927734375 21.68662452697754 21.666719436645508 21.558368682861328 21.496448516845703 21.504959106445312 21.743392944335938 21.58527946472168 
48.615264892578125 19.5578556060791 19.732223510742188 20.11199951171875 20.267488479614258 20.194656372070312 20.16124725341797 181.19786071777344 26.078655242919922 20.4204158782959 20.60291290283203 21.06732749938965 20.40764808654785 19.84239959716797 20.162975311279297 19.978239059448242 
21.457504272460938 21.570911407470703 21.90108871459961 21.905376434326172 21.823583602905273 21.621919631958008 21.375551223754883 21.286943435668945 25.523584365844727 22.078144073486328 21.431936264038086 23.26438331604004 21.7706241607666 21.503263473510742 21.352575302124023 21.43071937561035 
48.624385833740234 19.551071166992188 19.666303634643555 19.88649559020996 20.027040481567383 20.022367477416992 20.342815399169922 187.2013397216797 25.46224021911621 20.29052734375 20.26630401611328 20.1125431060791 20.794559478759766 20.642688751220703 20.531391143798828 20.43494415283203 
21.541887283325195 21.105344772338867 21.11382484436035 21.626432418823242 22.116159439086914 22.18921661376953 21.873632431030273 21.812671661376953 25.1648006439209 21.51593589782715 21.834976196289062 21.56368064880371 21.468351364135742 21.823551177978516 21.59667205810547 21.529312133789062 
49.70060729980469 19.544416427612305 19.596416473388672 19.827455520629883 20.020736694335938 20.01702308654785 20.03379249572754 183.41539001464844 25.19798469543457 20.10950469970703 20.333984375 20.416351318359375 20.43395233154297 20.485631942749023 20.877248764038086 21.219839096069336 
21.6309757232666 21.09459114074707 21.188575744628906 21.211711883544922 21.92425537109375 22.126239776611328 22.202367782592773 21.924480438232422 26.03436851501465 21.583200454711914 21.291776657104492 22.44281578063965 21.532575607299805 21.572704315185547 21.457792282104492 21.555871963500977 
50.81139373779297 19.539552688598633 19.881023406982422 20.008895874023438 20.22649574279785 20.4880313873291 20.681184768676758 201.9058837890625 24.54470443725586 20.400863647460938 20.36969566345215 20.421823501586914 20.385311126708984 20.349760055541992 20.193471908569336 20.27587127685547 
21.734752655029297 21.34511947631836 21.402816772460938 21.64179229736328 21.45475196838379 21.395008087158203 21.117279052734375 21.162080764770508 25.38822364807129 21.68832015991211 21.674720764160156 21.549663543701172 21.939104080200195 21.851200103759766 21.382783889770508 21.910560607910156 
61.3133430480957 19.56675148010254 19.638368606567383 19.86947250366211 19.8602237701416 20.080671310424805 19.9815673828125 19.9715518951416 24.52355194091797 20.418752670288086 20.36511993408203 20.319520950317383 20.1691837310791 20.59337615966797 21.117151260375977 20.38719940185547 
21.6232967376709 21.1396484375 21.2159366607666 21.43827247619629 21.997024536132812 21.901344299316406 21.591840744018555 21.628223419189453 25.325855255126953 21.479167938232422 21.69811248779297 21.73539161682129 21.694047927856445 21.5317440032959 21.830495834350586 21.456703186035156 
50.786624908447266 19.546592712402344 19.805952072143555 20.20207977294922 20.268320083618164 20.314815521240234 20.36342430114746 178.91961669921875 25.154367446899414 20.506240844726562 20.211679458618164 20.31939125061035 20.233247756958008 20.072288513183594 20.256032943725586 20.453855514526367 
21.92198371887207 21.27939224243164 21.391616821289062 21.61952018737793 21.570751190185547 21.478303909301758 21.232704162597656 21.3670711517334 24.70150375366211 21.873151779174805 21.883007049560547 21.704896926879883 21.712543487548828 21.681568145751953 21.915359497070312 21.799104690551758 
51.78163146972656 19.595232009887695 19.59939193725586 19.68172836303711 19.770431518554688 20.058015823364258 20.045312881469727 182.62594604492188 25.051040649414062 20.194175720214844 20.296415328979492 20.450944900512695 20.814720153808594 20.635744094848633 20.59212875366211 21.099903106689453 
21.562143325805664 21.03868865966797 21.162975311279297 22.242496490478516 22.180767059326172 21.856096267700195 21.65692710876465 21.635936737060547 23.920223236083984 21.848735809326172 21.373727798461914 21.43244743347168 21.917024612426758 21.51103973388672 22.50383949279785 21.713247299194336 
88.41974639892578 34.667518615722656 37.14604949951172 37.18937683105469 36.660030364990234 34.395999908447266 115.1319351196289 26.43449592590332 39.64575958251953 27.196447372436523 27.438623428344727 27.650272369384766 27.49635124206543 27.07164764404297 27.303104400634766 27.22857666015625 
53.79667282104492 36.82112121582031 35.760128021240234 141.8354949951172 34.68239974975586 35.43961715698242 41.801025390625 26.517471313476562 39.46294403076172 26.8940486907959 27.76838493347168 27.846752166748047 27.61734390258789 27.71891212463379 26.866111755371094 27.289472579956055 
54.8361930847168 35.70060729980469 36.44236755371094 143.29898071289062 34.75833511352539 34.80543899536133 34.654144287109375 35.58505630493164 41.24483108520508 27.205055236816406 27.34272003173828 27.249536514282227 27.225055694580078 27.5482234954834 27.834144592285156 27.237695693969727 
53.79657745361328 35.700992584228516 34.7578239440918 140.770751953125 34.71782302856445 34.81459045410156 44.07804870605469 27.12371253967285 38.77561569213867 27.35113525390625 27.903039932250977 27.929216384887695 27.638111114501953 27.660991668701172 27.311935424804688 27.26201629638672 
51.66236877441406 35.83299255371094 35.061344146728516 155.90451049804688 34.91804885864258 34.97539138793945 31.425376892089844 27.586912155151367 41.98998260498047 27.294879913330078 27.672351837158203 27.47702407836914 27.223392486572266 28.73619270324707 27.83897590637207 27.978239059448242 
53.80883026123047 36.796512603759766 36.876670837402344 138.58831787109375 34.758174896240234 34.926910400390625 43.7589111328125 27.578304290771484 40.12895965576172 27.24300765991211 27.552160263061523 27.619808197021484 27.70230484008789 27.312223434448242 27.37164878845215 27.983360290527344 
52.752384185791016 34.658302307128906 37.393310546875 126.6559066772461 34.622337341308594 35.52521514892578 35.19987106323242 29.87068748474121 41.4505615234375 27.076383590698242 27.452255249023438 27.110336303710938 27.484512329101562 27.671680450439453 27.98931121826172 27.4366397857666 
52.698177337646484 35.81324768066406 36.82729721069336 141.76544189453125 34.70463943481445 34.79942321777344 43.33670425415039 27.970720291137695 40.17686462402344 27.405439376831055 27.93280029296875 27.767776489257812 26.804960250854492 27.233375549316406 27.461088180541992 27.499263763427734 
52.73660659790039 35.72492980957031 34.84592056274414 124.72163391113281 34.99068832397461 35.312992095947266 34.403297424316406 35.62928009033203 42.22505569458008 27.515392303466797 26.93440055847168 29.296255111694336 27.536415100097656 27.823583602905273 27.874431610107422 27.48428726196289 
52.7217903137207 35.917503356933594 35.72617721557617 132.04934692382812 35.06051254272461 36.836673736572266 34.663455963134766 27.583904266357422 39.59436798095703 27.574111938476562 27.706687927246094 27.27225685119629 27.582048416137695 27.473344802856445 27.908000946044922 27.92323112487793 
32.505374908447266 17.742176055908203 17.980640411376953 18.127904891967773 18.12495994567871 18.084768295288086 18.592031478881836 62.91289520263672 27.8221435546875 18.096576690673828 18.59891128540039 18.38092803955078 18.33603286743164 18.04470443725586 18.19219207763672 18.914432525634766 
35.67375946044922 17.819679260253906 17.94879913330078 18.1059513092041 18.08448028564453 18.055007934570312 18.058591842651367 18.355327606201172 25.472959518432617 18.333120346069336 18.394943237304688 18.079423904418945 18.419008255004883 18.024415969848633 18.684480667114258 18.419904708862305 
36.75094223022461 17.820480346679688 17.857343673706055 18.059167861938477 18.194015502929688 18.791231155395508 18.67807960510254 18.601600646972656 27.1496639251709 18.17068862915039 18.1146240234375 18.06172752380371 18.912607192993164 18.30601692199707 18.15337562561035 18.08518409729004 
35.7259521484375 17.854623794555664 17.860383987426758 18.418527603149414 18.423616409301758 18.547199249267578 18.60927963256836 18.673311233520508 24.241600036621094 18.826080322265625 18.585216522216797 18.36672019958496 18.364320755004883 18.044031143188477 18.195327758789062 18.76972770690918 
36.797630310058594 17.806367874145508 18.045568466186523 18.415584564208984 18.56870460510254 18.517183303833008 18.51798439025879 18.722463607788086 26.938016891479492 18.079872131347656 18.165088653564453 18.88912010192871 18.237791061401367 18.604576110839844 18.0263671875 18.06585693359375 
35.70240020751953 17.76812744140625 17.868864059448242 17.92870330810547 18.75811195373535 18.902559280395508 18.959327697753906 18.674367904663086 26.24300765991211 18.200031280517578 18.55900764465332 18.5581111907959 18.530559539794922 18.373760223388672 18.074111938476562 19.083328247070312 
38.83049774169922 17.79257583618164 17.873023986816406 18.128320693969727 18.238431930541992 18.202816009521484 18.69487953186035 18.319007873535156 24.76630401611328 18.25187110900879 19.081151962280273 18.28838348388672 18.32512092590332 18.107967376708984 17.85807991027832 18.80086326599121 
74.5156478881836 17.791488647460938 17.80838394165039 17.94723129272461 18.14918327331543 18.710975646972656 18.698015213012695 18.70502471923828 25.381343841552734 18.303327560424805 18.878719329833984 18.39049530029297 18.518144607543945 17.97212791442871 18.628095626831055 18.36419105529785 
36.770721435546875 17.818496704101562 17.82819175720215 17.998432159423828 18.32080078125 18.325504302978516 18.600608825683594 18.5631046295166 24.84636878967285 18.30143928527832 18.209888458251953 18.7653751373291 18.460256576538086 18.42723274230957 18.080768585205078 18.133087158203125 
38.84735870361328 17.872032165527344 17.833215713500977 17.897823333740234 17.880096435546875 18.10870361328125 18.713151931762695 18.7326717376709 25.70035171508789 18.25961685180664 18.00931167602539 18.668479919433594 18.67353630065918 18.28937530517578 18.223520278930664 18.1430721282959 
41.624671936035156 19.280672073364258 19.35820770263672 19.380704879760742 19.56377601623535 19.512128829956055 19.615840911865234 20.08083152770996 24.172000885009766 19.783296585083008 19.816448211669922 19.7127685546875 19.652992248535156 19.797151565551758 19.90675163269043 19.756223678588867 
72.02639770507812 19.27449607849121 19.529504776000977 19.5598087310791 19.576383590698242 20.161760330200195 20.413856506347656 20.371679306030273 24.01318359375 20.565248489379883 20.171775817871094 20.09235191345215 20.550655364990234 20.493375778198242 21.05948829650879 20.192447662353516 
35.34748840332031 19.28748893737793 19.29030418395996 19.244352340698242 19.366687774658203 19.523359298706055 19.524608612060547 19.589248657226562 23.647520065307617 19.949344635009766 19.707487106323242 19.934368133544922 19.860607147216797 19.838848114013672 19.92336082458496 19.725343704223633 
34.24262237548828 19.239871978759766 19.63711929321289 19.872831344604492 19.873695373535156 20.055776596069336 20.350847244262695 20.44691276550293 24.74345588684082 20.148672103881836 20.30227279663086 21.00204849243164 20.335968017578125 20.139423370361328 20.187519073486328 19.92803192138672 
35.27891159057617 19.23404884338379 19.487136840820312 19.561279296875 19.54332733154297 19.920991897583008 20.220672607421875 20.333696365356445 21.936288833618164 20.32966423034668 20.27743911743164 20.58905601501465 20.303071975708008 20.352767944335938 20.443391799926758 20.551488876342773 
35.32124710083008 19.274463653564453 19.337312698364258 19.385887145996094 19.38323211669922 19.460031509399414 19.584896087646484 19.60313606262207 24.150432586669922 20.235103607177734 19.76691246032715 19.770015716552734 19.76927947998047 19.906591415405273 19.941375732421875 19.647199630737305 
35.32022476196289 19.243392944335938 19.281951904296875 19.542879104614258 19.528608322143555 19.48863983154297 19.46531105041504 19.43132781982422 26.298080444335938 19.871519088745117 20.018047332763672 20.03990364074707 19.816543579101562 20.11827278137207 19.611040115356445 19.937536239624023 
35.32729721069336 19.25503921508789 19.317216873168945 19.915552139282227 20.315359115600586 20.23721694946289 20.246431350708008 19.94326400756836 24.884000778198242 20.248191833496094 20.602624893188477 20.261728286743164 19.934911727905273 20.425952911376953 20.475711822509766 20.92176055908203 
34.25356674194336 19.240928649902344 19.26576042175293 19.4267520904541 19.588224411010742 19.56096076965332 19.5861759185791 19.670080184936523 26.252992630004883 19.760831832885742 20.07593536376953 19.63555145263672 19.888959884643555 19.783935546875 19.7205753326416 19.83340835571289 
34.26428985595703 19.291135787963867 19.243711471557617 19.23142433166504 19.51433563232422 20.06172752380371 19.49728012084961 19.567712783813477 23.902528762817383 19.95801544189453 19.615455627441406 19.66147232055664 19.759552001953125 19.550016403198242 20.01411247253418 19.631776809692383 
28.064735412597656 16.135583877563477 16.142175674438477 16.454431533813477 16.439327239990234 16.445152282714844 16.389087677001953 16.466400146484375 22.719263076782227 16.338111877441406 17.674816131591797 16.687231063842773 17.533279418945312 16.688352584838867 17.231008529663086 16.676511764526367 
16.921920776367188 16.385887145996094 16.48761558532715 16.594079971313477 16.76780891418457 16.750112533569336 16.676128387451172 16.70217514038086 31.971296310424805 16.910367965698242 16.392608642578125 17.70377540588379 16.527008056640625 17.803743362426758 16.70534324645996 17.176992416381836 
59.9442253112793 16.711584091186523 16.117055892944336 16.109600067138672 16.730207443237305 16.973312377929688 17.09916877746582 17.01456069946289 21.869184494018555 16.426143646240234 17.046207427978516 16.58220863342285 17.028064727783203 16.8221435546875 16.965280532836914 16.790111541748047 
16.65772819519043 16.307519912719727 16.540000915527344 16.607839584350586 17.166080474853516 17.163679122924805 16.468095779418945 16.45097541809082 18.98041534423828 17.346912384033203 17.40163230895996 16.974336624145508 16.73865509033203 16.90006446838379 16.42243194580078 17.148639678955078 
46.14547348022461 16.257568359375 16.28006362915039 16.490144729614258 16.497535705566406 16.444223403930664 16.47478485107422 16.52118492126465 22.30191993713379 16.53548812866211 16.818687438964844 16.433088302612305 16.815488815307617 16.513216018676758 16.706432342529297 16.598112106323242 
16.884191513061523 16.438016891479492 16.443904876708984 16.46063995361328 16.7807674407959 16.85161590576172 16.837055206298828 16.974687576293945 19.387359619140625 16.469247817993164 17.450016021728516 16.43961524963379 16.401376724243164 16.52454376220703 17.314720153808594 16.702367782592773 
55.60281753540039 16.28838348388672 16.13270378112793 16.400480270385742 16.431968688964844 16.440095901489258 16.576704025268555 16.78486442565918 26.207263946533203 16.703615188598633 16.829727172851562 16.784832000732422 17.243040084838867 16.699935913085938 16.353151321411133 16.49724769592285 
17.189727783203125 16.454111099243164 16.518720626831055 16.704191207885742 16.79132843017578 16.509855270385742 16.529375076293945 16.505056381225586 16.74950408935547 16.58608055114746 17.1977596282959 16.59760093688965 16.973535537719727 16.818559646606445 17.302656173706055 16.753087997436523 
51.34646224975586 16.21343994140625 16.09075164794922 16.16828727722168 16.254783630371094 16.22643280029297 16.76563262939453 16.862239837646484 25.615936279296875 16.600351333618164 16.408960342407227 16.70252799987793 16.73641586303711 16.90176010131836 16.704864501953125 16.55072021484375 
16.719039916992188 16.320512771606445 16.285728454589844 16.328704833984375 16.331872940063477 16.641088485717773 16.68502426147461 16.658559799194336 18.686752319335938 17.26857566833496 16.495967864990234 16.424415588378906 16.60358428955078 16.681983947753906 16.527008056640625 16.709951400756836 
61.882080078125 16.252384185791016 16.22528076171875 16.310495376586914 16.311904907226562 16.33417510986328 16.43235206604004 16.699199676513672 20.546688079833984 16.37766456604004 17.04422378540039 16.26633644104004 16.438528060913086 16.42963218688965 16.91766357421875 16.60246467590332 
16.838272094726562 16.465408325195312 16.443071365356445 16.380767822265625 16.40540885925293 16.40425682067871 16.919391632080078 16.976064682006836 19.338111877441406 16.67852783203125 16.914335250854492 16.40947151184082 17.259071350097656 16.593631744384766 17.313919067382812 16.37664031982422 
54.532894134521484 16.290752410888672 16.1364803314209 16.135391235351562 16.299776077270508 16.400800704956055 16.441823959350586 16.44915199279785 19.398752212524414 16.86409568786621 16.518367767333984 16.85196876525879 16.452096939086914 16.79145622253418 16.535423278808594 16.615455627441406 
16.78873634338379 16.437824249267578 16.598079681396484 16.903263092041016 17.128000259399414 16.752992630004883 16.488832473754883 16.746784210205078 19.848480224609375 17.517471313476562 16.469951629638672 16.907007217407227 17.12713623046875 17.437376022338867 17.225759506225586 16.601280212402344 
51.30246353149414 16.28054428100586 16.09347152709961 16.233247756958008 16.49292755126953 16.399839401245117 16.43164825439453 16.452543258666992 24.446367263793945 16.858591079711914 16.86844825744629 17.435264587402344 16.968063354492188 16.76438331604004 17.14873504638672 16.584192276000977 
17.019968032836914 16.600608825683594 16.555328369140625 16.608863830566406 16.472063064575195 16.467327117919922 16.705888748168945 16.874303817749023 19.903392791748047 16.788320541381836 16.519775390625 16.700927734375 16.695039749145508 16.577600479125977 16.742080688476562 16.625471115112305 
55.58591842651367 16.254783630371094 16.1013126373291 16.132352828979492 16.55695915222168 16.573375701904297 16.905696868896484 16.79136085510254 22.24825668334961 17.583423614501953 16.429279327392578 16.353919982910156 16.590368270874023 17.619104385375977 16.67184066772461 17.358943939208984 
16.850431442260742 16.314815521240234 16.320768356323242 16.29759979248047 16.689247131347656 16.73695945739746 16.5548152923584 16.61542320251465 17.09212875366211 17.092575073242188 16.38688087463379 16.455360412597656 16.524831771850586 16.982912063598633 16.400768280029297 16.613536834716797 
42.92950439453125 16.245216369628906 16.231008529663086 16.330015182495117 16.396448135375977 16.362207412719727 16.368192672729492 16.698688507080078 23.66739273071289 16.349567413330078 16.434207916259766 16.376096725463867 17.54787254333496 16.42483139038086 17.250688552856445 16.602336883544922 
17.170175552368164 16.866912841796875 16.7076473236084 16.716703414916992 16.625696182250977 16.480192184448242 16.65407943725586 16.654495239257812 19.039936065673828 17.504703521728516 16.745471954345703 17.206911087036133 17.007648468017578 16.70796775817871 16.678367614746094 16.88128089904785 
53.928672790527344 42.99020767211914 43.388832092285156 43.8263053894043 44.50147247314453 43.41263961791992 45.05472183227539 42.930912017822266 49.01875305175781 42.28486251831055 41.99299240112305 42.19091033935547 43.30419158935547 42.35295867919922 42.548606872558594 42.108638763427734 
67.65158081054688 43.161312103271484 44.09260940551758 43.71500778198242 43.6945915222168 44.82502365112305 44.970401763916016 67.95868682861328 50.77119827270508 42.826942443847656 42.30953598022461 42.00515365600586 42.11161422729492 43.48281478881836 43.51747131347656 42.38079833984375 
58.30607986450195 43.00691223144531 44.64387130737305 45.07276916503906 43.503841400146484 44.79555130004883 44.55401611328125 44.2644157409668 49.33686447143555 42.17830276489258 42.550880432128906 43.292606353759766 42.11199951171875 44.09270477294922 42.343231201171875 42.29782485961914 
89.7742691040039 41.9628791809082 44.26201629638672 44.804447174072266 43.53913497924805 43.82223892211914 43.174495697021484 42.87833786010742 49.115230560302734 42.27036666870117 43.243038177490234 42.560001373291016 42.28678512573242 42.2097282409668 43.276512145996094 42.485408782958984 
72.97545623779297 42.39244842529297 45.02137756347656 43.951358795166016 43.218849182128906 43.83865737915039 44.68057632446289 44.164222717285156 48.739105224609375 42.553375244140625 42.969886779785156 42.13974380493164 42.248287200927734 42.456321716308594 43.08038330078125 42.521854400634766 
108.53472137451172 43.043296813964844 44.81631851196289 44.434017181396484 44.26668930053711 43.27123260498047 45.01523208618164 43.60246276855469 48.65568161010742 42.096702575683594 42.19635009765625 42.2861442565918 42.45337677001953 42.32102584838867 42.606239318847656 42.67433547973633 
85.67485046386719 44.17692947387695 43.63612747192383 43.87721633911133 44.01350402832031 42.99964904785156 44.236576080322266 45.4576301574707 52.12566375732422 42.19206237792969 42.291263580322266 43.28153610229492 42.475486755371094 42.23945617675781 42.227264404296875 42.433345794677734 
63.69660949707031 43.49379348754883 43.060062408447266 43.20576095581055 44.270751953125 44.46476745605469 44.540992736816406 43.400352478027344 47.98508834838867 42.09711837768555 42.46867370605469 42.354496002197266 43.779998779296875 42.883583068847656 42.14857482910156 42.20479965209961 
68.81407928466797 41.86924743652344 43.99737548828125 44.843711853027344 43.847999572753906 43.544960021972656 43.19145584106445 42.81340789794922 50.755455017089844 42.104286193847656 42.26457595825195 43.28828811645508 42.24281692504883 42.168609619140625 42.56425476074219 43.512351989746094 
78.23580932617188 41.86598587036133 44.92620849609375 44.36396789550781 44.03286361694336 43.677024841308594 43.122432708740234 45.202880859375 48.90339279174805 42.21721649169922 42.235008239746094 42.30060958862305 42.05510330200195 42.224639892578125 42.76240158081055 42.24726486206055 
40.89699172973633 24.79497528076172 24.934751510620117 25.42799949645996 26.161535263061523 25.970687866210938 25.481952667236328 26.114208221435547 32.71894454956055 25.35161590576172 25.302528381347656 25.90559959411621 26.30352020263672 25.7860164642334 25.971967697143555 25.9267520904541 
27.327104568481445 26.46076774597168 27.7728328704834 27.59766387939453 26.914079666137695 27.684959411621094 27.130720138549805 26.790592193603516 32.091007232666016 33.33875274658203 27.833568572998047 26.563295364379883 26.5513916015625 27.160192489624023 27.55196762084961 27.000192642211914 
43.89619064331055 24.763551712036133 25.155487060546875 25.280319213867188 25.196895599365234 121.80352020263672 24.899904251098633 25.2423038482666 30.99228858947754 25.730688095092773 26.938400268554688 25.57200050354004 25.882335662841797 26.1079044342041 26.072128295898438 25.991039276123047 
27.532991409301758 26.275136947631836 27.557952880859375 27.814495086669922 27.038816452026367 27.786239624023438 27.97884750366211 27.430944442749023 32.53596878051758 27.349952697753906 27.358720779418945 27.0230712890625 26.578271865844727 26.697696685791016 26.931743621826172 27.429439544677734 
41.759681701660156 24.908607482910156 25.059295654296875 25.63350486755371 25.873376846313477 139.63775634765625 24.839616775512695 25.295263290405273 32.86579132080078 25.49692726135254 26.062976837158203 27.153919219970703 26.07961654663086 26.143648147583008 25.841888427734375 25.84102439880371 
27.094144821166992 26.3623046875 26.32854461669922 26.706432342529297 27.236352920532227 27.84067153930664 27.710784912109375 27.002239227294922 32.123905181884766 31.2205753326416 26.396480560302734 26.874847412109375 26.77065658569336 27.44588851928711 27.155487060546875 26.60982322692871 
45.00371170043945 24.77350425720215 25.159391403198242 25.378175735473633 25.36774444580078 32.363616943359375 112.17151641845703 24.867456436157227 30.589311599731445 25.679712295532227 25.35651206970215 25.90105628967285 25.65715217590332 25.57823944091797 25.629568099975586 25.653919219970703 
28.451168060302734 27.136192321777344 26.812543869018555 26.74799919128418 27.222976684570312 26.913375854492188 27.443552017211914 27.58835220336914 32.531105041503906 27.17081642150879 27.79952049255371 27.343103408813477 27.144895553588867 26.6200008392334 27.09881591796875 27.71811294555664 
45.997920989990234 24.75503921508789 24.975200653076172 25.7061767578125 25.433727264404297 137.03570556640625 24.84432029724121 25.728479385375977 31.388639450073242 25.4683837890625 25.312896728515625 25.743072509765625 25.5001277923584 25.911840438842773 25.740192413330078 26.829376220703125 
27.21107292175293 26.430143356323242 27.548320770263672 27.667455673217773 27.078943252563477 27.764448165893555 27.465248107910156 27.66147232055664 31.45484733581543 37.158817291259766 27.51487922668457 26.819839477539062 27.05516815185547 27.36617660522461 26.763071060180664 26.494911193847656 
43.881439208984375 24.97711944580078 24.980831146240234 25.54195213317871 138.2891845703125 24.897855758666992 25.588607788085938 25.61359977722168 31.32758331298828 25.878623962402344 26.166175842285156 25.32758331298828 25.911712646484375 25.767168045043945 25.51353645324707 25.70230484008789 
26.879743576049805 27.229951858520508 27.364959716796875 26.956512451171875 27.410400390625 27.360671997070312 27.003807067871094 27.297216415405273 31.83014488220215 28.59574317932129 27.071008682250977 26.89084815979004 26.70911979675293 26.731712341308594 27.205535888671875 27.205280303955078 
43.878814697265625 24.906112670898438 24.993247985839844 25.505247116088867 25.362911224365234 127.71814727783203 24.891935348510742 25.11292839050293 31.440128326416016 25.364704132080078 25.702016830444336 26.453887939453125 25.683807373046875 25.975200653076172 25.838655471801758 25.773439407348633 
28.001663208007812 26.43827247619629 27.3504638671875 27.497535705566406 26.944576263427734 27.47100830078125 27.447391510009766 27.36182403564453 30.781024932861328 26.793664932250977 26.5361270904541 26.59222412109375 29.103200912475586 27.305952072143555 26.963104248046875 26.684608459472656 
44.88956832885742 24.862112045288086 25.683135986328125 25.827360153198242 25.456256866455078 135.0947265625 24.926591873168945 24.896448135375977 30.908992767333984 25.898239135742188 25.770559310913086 25.8538875579834 25.64316749572754 25.9748477935791 26.388896942138672 25.27836799621582 
26.871967315673828 26.8470401763916 26.95123291015625 26.948223114013672 27.504287719726562 27.24403190612793 27.39846420288086 27.289695739746094 32.80255889892578 26.723936080932617 26.781280517578125 26.564319610595703 27.695615768432617 27.60655975341797 27.102975845336914 26.679935455322266 
46.01273727416992 24.78531265258789 24.800159454345703 25.19513511657715 121.13267517089844 24.909151077270508 25.221696853637695 25.429344177246094 30.9434871673584 25.761760711669922 25.84809684753418 25.617183685302734 25.472736358642578 25.743040084838867 26.12495994567871 25.428192138671875 
27.175167083740234 26.411712646484375 27.36591911315918 27.43440055847168 26.985952377319336 27.220928192138672 27.062368392944336 27.63715171813965 31.320032119750977 34.097694396972656 28.680959701538086 27.447391510009766 26.76028823852539 26.74847984313965 28.343679428100586 28.21356773376465 
44.93142318725586 24.74799919128418 24.76799964904785 24.90985679626465 25.67670440673828 129.44508361816406 24.949344635009766 25.224512100219727 30.39583969116211 25.612863540649414 25.783231735229492 27.54604721069336 26.1810245513916 25.81648063659668 25.8338565826416 25.932735443115234 
27.194976806640625 26.67215919494629 26.397024154663086 26.39753532409668 27.119104385375977 27.249919891357422 28.812864303588867 27.811904907226562 31.914688110351562 27.95382308959961 27.48192024230957 26.519487380981445 28.02783966064453 27.635103225708008 26.907455444335938 26.667200088500977 
49.1899528503418 25.420127868652344 25.555936813354492 27.147808074951172 62.75388717651367 25.693632125854492 25.937471389770508 26.50339126586914 33.96227264404297 25.922975540161133 26.139455795288086 26.2838077545166 26.491392135620117 26.47100830078125 26.295520782470703 26.28201675415039 
51.322654724121094 25.885440826416016 26.1562557220459 26.298175811767578 26.4201602935791 26.933408737182617 26.544063568115234 26.766624450683594 31.815776824951172 25.917024612426758 26.0795841217041 26.092639923095703 25.937856674194336 26.554271697998047 25.962080001831055 26.078943252563477 
53.40377426147461 25.501279830932617 25.83478355407715 26.566112518310547 26.521503448486328 26.50931167602539 26.716127395629883 26.612224578857422 33.16185760498047 26.02729606628418 26.375776290893555 26.48371124267578 26.22662353515625 26.782848358154297 26.062719345092773 25.980480194091797 
49.15795135498047 25.530975341796875 26.693824768066406 26.93462371826172 26.239871978759766 26.387008666992188 26.657567977905273 26.197376251220703 34.063392639160156 26.061344146728516 25.86751937866211 25.952608108520508 26.085535049438477 26.34899139404297 26.188928604125977 26.076095581054688 
53.40854263305664 25.47260856628418 25.506912231445312 26.219104766845703 27.198688507080078 26.945695877075195 26.525344848632812 105.81737518310547 34.03433609008789 25.952512741088867 25.965087890625 26.271583557128906 26.074111938476562 26.38252830505371 26.00614356994629 26.03011131286621 
42.90867233276367 25.56265640258789 25.80998420715332 27.3953914642334 27.01046371459961 26.808223724365234 27.013856887817383 97.7861099243164 32.01366424560547 26.13580894470215 26.68035125732422 26.206335067749023 26.208768844604492 26.0199031829834 26.05446434020996 26.07811164855957 
49.203006744384766 25.606016159057617 25.59382438659668 26.099552154541016 26.682783126831055 26.862464904785156 26.288639068603516 27.14419174194336 34.72198486328125 26.0993595123291 26.182592391967773 26.38755226135254 26.189184188842773 26.367935180664062 25.85430335998535 26.06435203552246 
55.45894241333008 25.54195213317871 26.60268783569336 26.595136642456055 26.234752655029297 27.264127731323242 26.98531150817871 92.97462463378906 32.62460708618164 26.034143447875977 26.078336715698242 26.075807571411133 26.017087936401367 25.947263717651367 25.995935440063477 25.924768447875977 
49.174495697021484 25.533824920654297 25.903200149536133 25.894943237304688 26.892255783081055 26.653215408325195 26.368928909301758 26.880416870117188 33.996097564697266 26.02118492126465 26.218143463134766 26.118240356445312 28.110687255859375 26.371679306030273 26.248672485351562 25.992416381835938 
52.34502410888672 25.587039947509766 26.10163116455078 26.1125431060791 26.840896606445312 27.13337516784668 26.572927474975586 26.905471801757812 34.14166259765625 25.842304229736328 26.11199951171875 25.661151885986328 26.058528900146484 26.46892738342285 26.116863250732422 26.204608917236328 
39.01619338989258 20.57257652282715 20.741535186767578 20.988000869750977 21.18435287475586 21.262399673461914 21.19580841064453 21.259807586669922 25.742752075195312 21.147104263305664 21.026016235351562 21.470752716064453 21.260032653808594 21.01308822631836 21.347007751464844 21.073951721191406 
15.953696250915527 15.221407890319824 15.189599990844727 15.196096420288086 15.357695579528809 15.491488456726074 15.640159606933594 15.55190372467041 18.870271682739258 21.931455612182617 16.228832244873047 15.610272407531738 15.637248039245605 16.197952270507812 15.241439819335938 15.697952270507812 
54.86684799194336 20.512319564819336 20.620223999023438 21.497215270996094 21.531103134155273 21.261247634887695 21.12601661682129 21.236448287963867 23.980064392089844 21.208288192749023 20.733247756958008 21.27609634399414 21.02012825012207 21.257471084594727 21.01958465576172 21.177919387817383 
16.024320602416992 15.248543739318848 15.327424049377441 15.245216369628906 15.415712356567383 15.641216278076172 15.788576126098633 15.661791801452637 18.436864852905273 16.37174415588379 15.844608306884766 15.550559997558594 16.0350399017334 15.7806396484375 15.679391860961914 15.926591873168945 
53.81363296508789 20.56048011779785 20.545055389404297 20.90719985961914 21.044479370117188 21.1856632232666 21.221088409423828 21.289535522460938 24.646207809448242 21.021055221557617 22.146080017089844 21.307167053222656 21.249984741210938 20.896608352661133 21.233152389526367 20.97100830078125 
15.90556812286377 15.175519943237305 15.169568061828613 15.148768424987793 15.155903816223145 15.176671981811523 15.218591690063477 15.647232055664062 15.586336135864258 16.28937530517578 16.27782440185547 15.509920120239258 15.72655963897705 16.244991302490234 15.579008102416992 15.803232192993164 
46.52934265136719 20.571264266967773 20.643648147583008 20.69865608215332 21.247072219848633 21.15648078918457 21.16223907470703 32.627967834472656 24.186975479125977 21.190176010131836 20.959552764892578 21.00739288330078 21.2238712310791 21.04489517211914 21.29305648803711 21.403776168823242 
17.128095626831055 15.231616020202637 15.131296157836914 15.21452808380127 15.517824172973633 15.636992454528809 15.548447608947754 15.608799934387207 19.22380828857422 16.535520553588867 15.69702434539795 16.37468719482422 15.496352195739746 15.565279960632324 16.27987289428711 15.537919998168945 
58.00368118286133 20.542015075683594 20.561887741088867 21.1167049407959 21.076448440551758 21.57695960998535 22.040992736816406 21.98896026611328 24.908287048339844 21.361663818359375 20.918048858642578 21.313215255737305 21.075008392333984 21.205120086669922 21.320032119750977 21.143775939941406 
15.648703575134277 15.156352043151855 15.131711959838867 15.132896423339844 15.170528411865234 15.510880470275879 15.685600280761719 15.673407554626465 18.765792846679688 19.492671966552734 15.386112213134766 15.589471817016602 15.52291202545166 16.37295913696289 15.518303871154785 15.520735740661621 
53.832191467285156 20.556640625 21.219167709350586 21.577312469482422 21.542495727539062 21.202112197875977 21.115264892578125 21.07721519470215 25.006559371948242 21.100448608398438 21.185279846191406 21.03539276123047 21.272768020629883 21.419776916503906 21.195167541503906 21.3121280670166 
15.937376022338867 15.232383728027344 15.117024421691895 15.242048263549805 15.256735801696777 15.247232437133789 15.267040252685547 15.46780776977539 17.130176544189453 16.57708740234375 15.309632301330566 15.284319877624512 16.155839920043945 15.643168449401855 15.826496124267578 16.591136932373047 
40.332576751708984 20.519935607910156 20.61078453063965 20.782527923583984 21.221599578857422 21.711135864257812 21.919071197509766 21.851648330688477 24.677791595458984 22.003488540649414 21.035808563232422 21.068063735961914 21.21955108642578 21.020191192626953 21.341503143310547 21.339008331298828 
15.909600257873535 15.222208023071289 15.141695976257324 15.395872116088867 15.495712280273438 15.479007720947266 15.512800216674805 15.505791664123535 16.73958396911621 15.991999626159668 15.45910358428955 16.445087432861328 15.75715160369873 15.685919761657715 16.321823120117188 15.56931209564209 
54.876609802246094 20.55891227722168 20.580480575561523 20.925472259521484 21.090656280517578 21.065887451171875 21.416000366210938 21.48761558532715 25.027551651000977 21.139360427856445 20.987327575683594 21.128448486328125 21.154592514038086 21.080320358276367 21.2893123626709 21.559999465942383 
15.867520332336426 15.216832160949707 15.132384300231934 15.287487983703613 15.276127815246582 15.26028823852539 15.415167808532715 15.496095657348633 16.33795166015625 16.345216751098633 15.590944290161133 15.355520248413086 15.83414363861084 15.304096221923828 15.373120307922363 15.860896110534668 
53.90950393676758 20.57472038269043 20.627071380615234 20.85513687133789 20.900415420532227 21.332256317138672 21.251392364501953 21.166336059570312 24.87651252746582 21.171424865722656 20.96780776977539 21.22764778137207 21.2587833404541 21.282751083374023 20.945215225219727 20.996063232421875 
16.280128479003906 15.336000442504883 15.333056449890137 15.171808242797852 15.262911796569824 15.361087799072266 15.83568000793457 15.637663841247559 19.058624267578125 20.09324836730957 15.72003173828125 15.643391609191895 16.235584259033203 16.103872299194336 15.711296081542969 16.4498233795166 
64.30550384521484 20.603904724121094 20.675167083740234 21.126880645751953 21.02454376220703 21.08220863342285 21.234304428100586 21.29769515991211 22.632768630981445 21.032224655151367 21.153215408325195 21.480575561523438 21.312639236450195 21.02672004699707 22.319456100463867 21.20969581604004 
15.916128158569336 15.258655548095703 15.15231990814209 15.429280281066895 15.430015563964844 15.645952224731445 15.518815994262695 15.422975540161133 15.59932804107666 15.76803207397461 15.592896461486816 15.27353572845459 15.874496459960938 15.622431755065918 16.748735427856445 15.357407569885254 
73.60457611083984 34.3296012878418 34.58601760864258 35.332191467285156 36.217342376708984 139.0773468017578 75.10940551757812 33.866207122802734 40.5404167175293 34.48323059082031 34.424190521240234 34.33692932128906 34.29715347290039 34.41993713378906 34.490657806396484 34.59385681152344 
219.02540588378906 17.922592163085938 18.087263107299805 18.127775192260742 18.55187225341797 18.587263107299805 18.601152420043945 18.509279251098633 21.626623153686523 18.278240203857422 18.914079666137695 18.716032028198242 18.63849639892578 18.547584533691406 18.90233612060547 19.06559944152832 
49.685951232910156 34.97923278808594 34.61894226074219 34.63676834106445 44.07219314575195 34.501182556152344 34.314239501953125 35.82556915283203 40.38822555541992 34.03763198852539 34.06035232543945 34.23174285888672 35.0401611328125 34.2817268371582 34.27366256713867 34.79385757446289 
21.03215980529785 18.017759323120117 18.148479461669922 18.313791275024414 18.304319381713867 18.2893123626709 18.25859260559082 18.227935791015625 21.469120025634766 18.05232048034668 19.172800064086914 18.963199615478516 18.91360092163086 18.776704788208008 18.786815643310547 18.501792907714844 
48.617088317871094 34.66787338256836 35.48400115966797 35.77040100097656 40.333152770996094 34.5799674987793 125.54959869384766 33.93580627441406 40.830047607421875 34.124351501464844 34.833534240722656 34.49513626098633 34.45721435546875 34.424705505371094 34.225345611572266 34.503326416015625 
219.525146484375 17.97488021850586 17.90652847290039 18.22003173828125 18.53932762145996 18.713279724121094 18.630207061767578 18.59667205810547 22.263776779174805 18.207487106323242 18.367935180664062 18.627872467041016 19.06403160095215 19.641088485717773 18.9052791595459 18.614816665649414 
44.434207916259766 34.66179275512695 34.885536193847656 35.195838928222656 41.7993278503418 35.145503997802734 34.808799743652344 34.827518463134766 41.596065521240234 34.13587188720703 34.26630401611328 34.25360107421875 34.701473236083984 34.07196807861328 34.42281723022461 34.32640075683594 
18.72879981994629 199.53289794921875 17.969791412353516 17.9399356842041 17.978015899658203 18.0119686126709 17.973312377929688 18.081600189208984 22.765663146972656 18.309343338012695 19.25814437866211 18.56697654724121 18.526880264282227 18.46067237854004 18.724672317504883 18.607872009277344 
46.45609664916992 33.91836929321289 34.80192184448242 36.14940643310547 41.45888137817383 35.129695892333984 35.255104064941406 35.07612609863281 41.50592041015625 34.29411315917969 34.251007080078125 34.4769287109375 34.43164825439453 34.80534362792969 35.17475128173828 34.4628791809082 
18.41913604736328 18.01696014404297 193.21165466308594 18.00908851623535 17.99190330505371 18.02729606628418 18.6779842376709 19.19491195678711 21.89904022216797 18.221088409423828 18.22915267944336 18.983680725097656 18.505184173583984 19.17865562438965 19.143007278442383 19.202463150024414 
47.60041427612305 35.54316711425781 35.44035339355469 35.089599609375 47.44518280029297 34.34918212890625 120.32752227783203 34.00281524658203 40.282657623291016 34.571231842041016 34.69004821777344 35.26105499267578 34.126529693603516 35.042240142822266 34.16912078857422 34.344032287597656 
18.610431671142578 18.003007888793945 17.95404815673828 18.186784744262695 18.849056243896484 18.788576126098633 18.859071731567383 18.668672561645508 21.782207489013672 18.358367919921875 18.46131134033203 18.980640411376953 18.424959182739258 18.771711349487305 18.615520477294922 19.02297592163086 
45.39215850830078 35.355934143066406 35.561920166015625 35.241790771484375 46.436927795410156 34.43868637084961 35.26611328125 34.90617752075195 42.14659118652344 34.0695686340332 34.81769561767578 34.17660903930664 34.264095306396484 35.210304260253906 34.116512298583984 34.312255859375 
18.627296447753906 18.101760864257812 195.89468383789062 17.976736068725586 17.969440460205078 18.034271240234375 18.142623901367188 19.023967742919922 22.06889533996582 18.11542320251465 18.364479064941406 19.062719345092773 18.842559814453125 18.446048736572266 18.863296508789062 18.653696060180664 
48.51081466674805 35.2724494934082 35.54582214355469 34.901729583740234 40.59052658081055 34.35539245605469 34.415584564208984 36.009761810302734 41.1440315246582 34.05231857299805 34.747615814208984 34.26015853881836 34.26339340209961 34.78035354614258 35.044960021972656 34.413761138916016 
219.98480224609375 17.9998722076416 18.036991119384766 18.031391143798828 17.985408782958984 18.255456924438477 18.267616271972656 18.59974479675293 20.245439529418945 18.129152297973633 19.381919860839844 19.156192779541016 18.802431106567383 18.761375427246094 18.768768310546875 18.652767181396484 
51.75849533081055 34.31862258911133 36.011070251464844 36.04937744140625 37.71257781982422 34.83222579956055 128.314208984375 33.98614501953125 40.62870407104492 34.10108947753906 34.26700973510742 34.762977600097656 34.592735290527344 34.148319244384766 34.13043212890625 34.260894775390625 
221.78016662597656 18.011743545532227 17.96976089477539 18.090335845947266 18.1232967376709 18.37104034423828 18.78995132446289 236.34886169433594 21.27235221862793 18.30873680114746 18.538240432739258 19.120864868164062 19.05743980407715 19.147872924804688 18.615968704223633 18.448671340942383 
52.839393615722656 35.0975341796875 34.94393539428711 35.230369567871094 45.15875244140625 34.42323303222656 35.09001541137695 36.07612609863281 40.42915344238281 34.53763198852539 34.44063949584961 34.2913932800293 35.098304748535156 35.0456657409668 34.237281799316406 34.412384033203125 
205.87493896484375 17.94646453857422 17.95631980895996 17.994848251342773 18.226303100585938 18.473567962646484 18.614112854003906 18.655231475830078 21.561664581298828 18.31110382080078 18.368671417236328 18.57276725769043 18.712095260620117 18.4968318939209 18.480127334594727 18.551231384277344 
40.143646240234375 18.931743621826172 18.767744064331055 18.989728927612305 19.117183685302734 19.129247665405273 19.1167049407959 62.479774475097656 24.27619171142578 19.35487937927246 20.649951934814453 19.296672821044922 19.187423706054688 19.16022491455078 19.261568069458008 19.331552505493164 
19.102304458618164 18.69558334350586 18.776416778564453 18.864992141723633 18.945920944213867 18.84671974182129 18.810367584228516 19.139711380004883 22.281024932861328 19.127840042114258 19.06915283203125 19.210336685180664 19.4467830657959 18.869407653808594 19.097503662109375 19.16646385192871 
35.75078582763672 18.897663116455078 19.230527877807617 19.531999588012695 19.484128952026367 19.26803207397461 72.916259765625 24.158079147338867 26.26803207397461 19.511104583740234 19.443071365356445 19.1298885345459 19.155967712402344 19.185279846191406 19.1779842376709 19.49068832397461 
19.083168029785156 18.66316795349121 18.844575881958008 18.8221435546875 18.85980796813965 18.981056213378906 19.047679901123047 18.928319931030273 20.985279083251953 19.298336029052734 19.169536590576172 19.408544540405273 19.368928909301758 19.018688201904297 19.295936584472656 19.248607635498047 
33.58854293823242 18.801599502563477 18.685504913330078 18.752256393432617 19.173120498657227 19.375328063964844 62.01606369018555 25.217727661132812 27.168575286865234 19.301183700561523 19.570911407470703 19.343040466308594 19.199487686157227 19.13667106628418 19.291744232177734 19.543519973754883 
19.010751724243164 18.84432029724121 18.856735229492188 19.162431716918945 19.32102394104004 19.34111976623535 19.5982723236084 19.616735458374023 21.48703956604004 20.67158317565918 19.019264221191406 19.11280059814453 19.706687927246094 18.935903549194336 18.96998405456543 19.06572723388672 
34.742496490478516 18.77190399169922 19.289888381958008 19.2007999420166 19.700544357299805 19.676511764526367 19.641759872436523 46.877376556396484 30.425151824951172 19.324735641479492 19.11734390258789 18.935808181762695 19.167808532714844 19.21459197998047 19.36310386657715 19.23311996459961 
19.032480239868164 18.668991088867188 18.737503051757812 18.77337646484375 18.79136085510254 18.85196876525879 18.887104034423828 18.888832092285156 20.73459243774414 19.1943359375 19.103679656982422 19.384767532348633 19.172224044799805 19.08348846435547 19.230432510375977 19.14031982421875 
33.66908645629883 18.772863388061523 18.741119384765625 18.995391845703125 19.43427276611328 19.48102378845215 19.605215072631836 35.411006927490234 27.0185604095459 19.31769561767578 19.410400390625 19.360063552856445 19.151199340820312 19.54262351989746 19.183168411254883 19.196224212646484 
19.00841522216797 18.776992797851562 18.927839279174805 18.956159591674805 18.895103454589844 18.844703674316406 18.919776916503906 18.977279663085938 21.80601692199707 19.28940773010254 19.198463439941406 18.991487503051758 19.046079635620117 19.105823516845703 19.113056182861328 19.161151885986328 
33.67824172973633 18.737056732177734 19.242368698120117 19.368896484375 19.62816047668457 19.697280883789062 19.598495483398438 132.78067016601562 23.370752334594727 19.246240615844727 19.48758316040039 19.11846351623535 18.927648544311523 19.294784545898438 19.131103515625 19.40006446838379 
18.987455368041992 18.761760711669922 18.686368942260742 18.837888717651367 18.910144805908203 18.842144012451172 18.71366310119629 18.802623748779297 21.28473663330078 19.644287109375 19.325023651123047 19.041759490966797 19.201919555664062 19.169055938720703 19.2379207611084 19.398399353027344 
36.795135498046875 18.71980857849121 18.712799072265625 18.711103439331055 19.02707290649414 19.1943359375 19.268991470336914 38.93270492553711 29.440448760986328 19.1760311126709 19.105663299560547 19.237823486328125 19.334016799926758 19.33568000793457 19.35468864440918 19.486656188964844 
19.364416122436523 18.86444854736328 18.92905616760254 18.90300750732422 19.22960090637207 19.338911056518555 19.34048080444336 19.434783935546875 21.658464431762695 18.99078369140625 18.97532844543457 18.864288330078125 18.85977554321289 18.816064834594727 19.06447982788086 19.56643295288086 
38.87641525268555 18.753055572509766 18.731264114379883 18.96486473083496 19.02332878112793 19.057567596435547 19.127840042114258 48.34233474731445 29.8022403717041 19.12009620666504 20.700223922729492 19.07788848876953 19.1428165435791 19.186080932617188 19.38096046447754 19.265087127685547 
19.026752471923828 18.68320083618164 18.721311569213867 18.814111709594727 18.748992919921875 18.811359405517578 18.776607513427734 18.833343505859375 22.869216918945312 19.258272171020508 18.829055786132812 18.715839385986328 18.955808639526367 18.913087844848633 19.296735763549805 18.93734359741211 
34.7031364440918 18.759103775024414 18.98204803466797 19.38387107849121 19.320608139038086 19.401248931884766 19.470720291137695 49.866817474365234 29.043231964111328 19.280832290649414 19.23801612854004 19.374303817749023 19.411455154418945 19.220991134643555 19.299903869628906 19.48316764831543 
19.010112762451172 18.801727294921875 18.97439956665039 19.099424362182617 19.191808700561523 19.71059226989746 19.684480667114258 19.58940887451172 21.529855728149414 19.132320404052734 18.727455139160156 19.069183349609375 18.930240631103516 18.978784561157227 19.012895584106445 18.823871612548828 
38.92243194580078 18.698623657226562 18.86947250366211 19.22390365600586 19.255199432373047 19.21468734741211 19.47987174987793 38.835777282714844 28.606592178344727 19.20867156982422 19.343904495239258 19.927583694458008 19.186431884765625 19.311071395874023 19.3156795501709 19.94486427307129 
19.0916805267334 18.66214370727539 18.644128799438477 18.873119354248047 18.88057518005371 18.93824005126953 18.921279907226562 18.994047164916992 22.561119079589844 19.21059226989746 19.15056037902832 18.84716796875 19.104223251342773 19.327743530273438 19.17430305480957 19.078784942626953 
46.90089416503906 24.98374366760254 26.03772735595703 26.334272384643555 25.96531105041504 26.001407623291016 26.211135864257812 146.48585510253906 32.05775833129883 25.77382469177246 25.804895401000977 25.853151321411133 25.965087890625 25.702720642089844 25.679872512817383 25.73481559753418 
52.17961502075195 25.734848022460938 25.984607696533203 26.222591400146484 25.959583282470703 25.672895431518555 115.0551986694336 25.28553581237793 30.42790412902832 25.785247802734375 25.876096725463867 26.13350486755371 25.579423904418945 25.737632751464844 25.672927856445312 25.940223693847656 
50.046241760253906 25.04185676574707 25.88697624206543 26.0166072845459 26.08585548400879 25.708288192749023 129.24298095703125 25.435199737548828 30.37116813659668 25.634559631347656 26.109664916992188 25.549407958984375 25.71878433227539 25.735231399536133 25.7390079498291 26.05062484741211 
50.13359832763672 25.002784729003906 25.432735443115234 25.707008361816406 26.644927978515625 28.971263885498047 117.9784927368164 25.19011116027832 32.3205451965332 25.81171226501465 25.729055404663086 25.718368530273438 25.86390495300293 25.704479217529297 25.890335083007812 25.761791229248047 
49.04800033569336 25.111295700073242 25.30518341064453 25.776384353637695 25.57356834411621 27.646848678588867 118.9450912475586 25.176959991455078 31.575584411621094 25.6711368560791 25.615615844726562 25.765920639038086 25.948448181152344 26.237632751464844 26.00387191772461 25.770687103271484 
51.13347244262695 25.010591506958008 25.26470375061035 25.95795249938965 26.39142417907715 26.199552536010742 115.44464111328125 25.18454360961914 30.851520538330078 25.63667106628418 26.149311065673828 26.256160736083984 25.753631591796875 25.643936157226562 26.041120529174805 25.776479721069336 
49.08697509765625 24.98512077331543 25.859743118286133 26.101823806762695 25.53811264038086 27.948287963867188 117.88390350341797 25.235328674316406 29.387296676635742 25.90435218811035 25.468639373779297 25.609600067138672 25.648672103881836 25.642847061157227 25.784704208374023 25.540895462036133 
51.14089584350586 25.765151977539062 25.44211196899414 25.48828887939453 25.611263275146484 26.26076889038086 107.41311645507812 25.455551147460938 32.48380661010742 25.533184051513672 25.559648513793945 26.00707244873047 25.6246395111084 25.85865592956543 25.61257553100586 25.582304000854492 
51.0582389831543 24.963647842407227 25.331775665283203 25.25257682800293 26.701440811157227 31.180927276611328 88.24070739746094 32.372833251953125 32.0203857421875 25.644672393798828 25.529600143432617 25.861984252929688 26.244735717773438 26.106847763061523 25.72105598449707 25.79395294189453 
52.17545700073242 24.954431533813477 25.350112915039062 25.425888061523438 25.485376358032227 26.419872283935547 121.90045166015625 25.226943969726562 31.91119956970215 25.50284767150879 26.11676788330078 25.693824768066406 25.942720413208008 25.62384033203125 25.729440689086914 25.762432098388672 
46.065086364746094 23.37603187561035 25.007232666015625 24.90764808654785 26.24822425842285 23.951520919799805 119.17558288574219 31.04582405090332 33.614784240722656 24.098976135253906 23.72003173828125 24.004831314086914 24.033376693725586 24.185279846191406 24.198335647583008 23.874303817749023 
40.8546257019043 23.340864181518555 25.03183937072754 24.783424377441406 25.192480087280273 24.00543975830078 24.803712844848633 98.57997131347656 34.8271369934082 23.611711502075195 24.504480361938477 24.23232078552246 24.0579833984375 24.351327896118164 23.684640884399414 24.344736099243164 
40.85228729248047 23.37379264831543 24.154176712036133 23.349536895751953 25.399808883666992 26.184480667114258 25.217056274414062 130.5583038330078 34.42287826538086 23.781631469726562 24.537120819091797 23.551136016845703 23.662431716918945 24.393983840942383 24.23232078552246 24.062559127807617 
40.85395050048828 23.372608184814453 24.366432189941406 23.798751831054688 23.88092803955078 25.222496032714844 24.989055633544922 113.42915344238281 28.396991729736328 24.68988800048828 24.12303924560547 23.809951782226562 24.518400192260742 24.155807495117188 24.024288177490234 24.038400650024414 
42.93379211425781 23.353759765625 24.356895446777344 24.660383224487305 24.997791290283203 26.049728393554688 24.191648483276367 112.83513641357422 34.14601516723633 23.91142463684082 23.84867286682129 24.46531105041504 23.788511276245117 24.62371253967285 24.225215911865234 23.7063045501709 
40.8438720703125 23.369216918945312 24.142784118652344 23.593664169311523 25.955839157104492 24.096511840820312 24.020511627197266 138.99696350097656 29.514528274536133 24.106176376342773 24.20044708251953 24.111328125 24.193344116210938 23.9355525970459 24.61769676208496 24.120607376098633 
40.85667037963867 23.55615997314453 24.20297622680664 24.113920211791992 23.927295684814453 26.303903579711914 24.24835205078125 123.56166076660156 33.37577438354492 23.674272537231445 24.290943145751953 24.256895065307617 23.788768768310547 24.907936096191406 23.964448928833008 24.04742431640625 
40.85881423950195 23.34943962097168 24.419071197509766 24.187936782836914 24.308319091796875 25.336095809936523 25.08073616027832 128.4464569091797 34.22947311401367 24.14352035522461 23.899616241455078 24.16009521484375 23.981407165527344 24.114463806152344 24.427520751953125 23.80816078186035 
40.84374237060547 23.34867286682129 24.168319702148438 23.167455673217773 24.755199432373047 28.02908706665039 24.156415939331055 123.3071060180664 33.7053108215332 23.783103942871094 25.194719314575195 23.96883201599121 25.626047134399414 25.017120361328125 23.915327072143555 24.0053768157959 
40.83555221557617 23.631296157836914 25.30031967163086 25.088544845581055 23.94153594970703 23.56643295288086 25.626527786254883 131.15756225585938 31.377920150756836 24.2772159576416 23.802303314208984 24.545024871826172 23.976736068725586 24.237184524536133 24.597631454467773 23.924896240234375 
