147.25462341308594 14.528223991394043 14.534079551696777 14.53769588470459 14.986751556396484 15.008735656738281 14.985055923461914 14.869664192199707 18.74777603149414 15.429920196533203 15.031968116760254 14.958847999572754 14.912320137023926 14.893216133117676 15.235648155212402 15.065600395202637 
14.198911666870117 13.623871803283691 13.597567558288574 13.741920471191406 13.751104354858398 14.014335632324219 13.76915168762207 13.801695823669434 16.02854347229004 14.03286361694336 13.776991844177246 13.783231735229492 14.012351989746094 13.766495704650879 14.256256103515625 14.272095680236816 
25.31167984008789 14.647168159484863 14.666815757751465 105.63481903076172 14.721887588500977 14.732447624206543 14.964192390441895 14.96617603302002 20.424352645874023 16.122400283813477 15.100480079650879 14.986847877502441 15.122079849243164 15.051872253417969 14.977279663085938 15.116767883300781 
14.097696304321289 13.626239776611328 13.541536331176758 13.543264389038086 13.75766372680664 14.016096115112305 13.809791564941406 13.790816307067871 14.981056213378906 14.424544334411621 14.013279914855957 14.217472076416016 13.77673625946045 13.740127563476562 13.648351669311523 13.645055770874023 
26.39094352722168 14.647135734558105 14.67580795288086 29.03388786315918 14.727295875549316 14.699616432189941 14.749504089355469 15.120767593383789 22.770431518554688 16.01683235168457 15.009856224060059 15.014623641967773 15.363200187683105 14.916319847106934 14.829855918884277 15.699616432189941 
13.857279777526855 13.492927551269531 13.53980827331543 13.613120079040527 13.652704238891602 13.660063743591309 13.942303657531738 13.802271842956543 17.08006477355957 15.067647933959961 14.075488090515137 14.320511817932129 14.439680099487305 14.644927978515625 14.127679824829102 13.761343955993652 
25.342784881591797 14.675200462341309 14.671520233154297 18.51740837097168 14.752896308898926 14.95577621459961 15.155584335327148 15.005663871765137 21.268096923828125 15.767423629760742 15.400863647460938 15.373663902282715 15.23788833618164 15.057760238647461 15.339200019836426 15.262016296386719 
13.924223899841309 13.533791542053223 13.611424446105957 13.718624114990234 13.67632007598877 13.827615737915039 13.823776245117188 13.782591819763184 16.761760711669922 14.434111595153809 13.682175636291504 13.68892765045166 13.790656089782715 13.73414421081543 13.916288375854492 13.700575828552246 
25.392831802368164 14.665120124816895 14.704863548278809 17.396095275878906 14.857760429382324 15.003135681152344 14.979455947875977 14.904704093933105 21.890464782714844 15.672063827514648 14.939200401306152 15.036767959594727 15.565600395202637 14.929759979248047 15.020352363586426 15.39958381652832 
13.933823585510254 13.541184425354004 13.539008140563965 13.536576271057129 13.76966381072998 14.030816078186035 13.742431640625 13.861536026000977 17.721599578857422 15.249567985534668 14.366175651550293 13.806655883789062 14.17910385131836 14.077631950378418 13.890368461608887 13.62384033203125 
25.3753604888916 14.640928268432617 14.670975685119629 30.074752807617188 14.798463821411133 14.907039642333984 14.856032371520996 14.961183547973633 19.617855072021484 16.736127853393555 15.58073616027832 15.363072395324707 15.129823684692383 15.52672004699707 14.994624137878418 15.054495811462402 
14.060576438903809 13.65174388885498 13.54099178314209 13.706560134887695 13.73744010925293 14.040032386779785 13.709247589111328 13.945856094360352 16.420448303222656 13.95689582824707 13.830080032348633 14.050111770629883 14.204480171203613 14.322591781616211 14.331328392028809 14.141152381896973 
25.311616897583008 14.622271537780762 14.674912452697754 16.497600555419922 14.843903541564941 14.83465576171875 15.173151969909668 15.114656448364258 20.66716766357422 15.112735748291016 15.381024360656738 15.204928398132324 15.251199722290039 15.295007705688477 14.993535995483398 14.867039680480957 
14.074560165405273 13.646047592163086 13.609919548034668 13.743712425231934 13.859935760498047 13.721471786499023 13.727071762084961 13.835712432861328 16.864511489868164 15.1627197265625 14.115519523620605 14.313376426696777 14.62508773803711 14.435232162475586 14.144864082336426 13.691231727600098 
25.368255615234375 14.712320327758789 14.697952270507812 36.2749137878418 14.697888374328613 14.804736137390137 14.855392456054688 14.851231575012207 22.683807373046875 15.632800102233887 14.988800048828125 14.968000411987305 15.4782075881958 15.065695762634277 15.118080139160156 15.69702434539795 
13.896672248840332 13.51968002319336 13.671744346618652 13.813535690307617 13.80835247039795 13.880415916442871 13.933152198791504 13.742239952087402 14.368576049804688 14.220064163208008 13.673567771911621 13.771295547485352 13.8253755569458 13.745280265808105 14.106687545776367 14.234560012817383 
25.352672576904297 14.672672271728516 14.649151802062988 15.414688110351562 15.0830717086792 15.097567558288574 15.171232223510742 15.134464263916016 21.334848403930664 15.374655723571777 15.037343978881836 15.064191818237305 15.148415565490723 15.227519989013672 15.098112106323242 14.969375610351562 
13.80787181854248 13.468352317810059 13.516063690185547 13.663871765136719 13.770303726196289 13.927488327026367 13.800607681274414 13.795167922973633 16.118911743164062 14.117471694946289 13.82697582244873 13.794528007507324 14.169599533081055 13.763775825500488 14.353535652160645 14.367263793945312 
25.367839813232422 14.630975723266602 14.69372844696045 25.83603286743164 14.855775833129883 14.88435173034668 14.892127990722656 15.1495361328125 21.294591903686523 15.980447769165039 15.267359733581543 15.040512084960938 14.951744079589844 15.923232078552246 14.92089557647705 15.290559768676758 
14.063520431518555 13.761280059814453 13.734111785888672 13.731040000915527 13.771200180053711 13.791647911071777 13.729567527770996 13.913439750671387 17.348255157470703 14.868160247802734 13.871583938598633 14.224608421325684 14.05833625793457 13.91859245300293 13.691807746887207 13.889056205749512 
43.022430419921875 26.111711502075195 26.82953643798828 27.62393569946289 32.83657455444336 89.39568328857422 25.903295516967773 26.947328567504883 34.23344039916992 26.431743621826172 26.700992584228516 26.98134422302246 27.56108856201172 26.686111450195312 27.016447067260742 27.49020767211914 
56.65679931640625 26.1661434173584 26.62505531311035 26.76665687561035 27.76723289489746 27.346784591674805 27.325151443481445 77.38787078857422 37.27824020385742 26.390239715576172 26.61587142944336 26.864608764648438 27.543359756469727 27.041536331176758 26.807903289794922 26.97110366821289 
59.8889274597168 26.236448287963867 26.574079513549805 26.924192428588867 27.00864028930664 26.95814323425293 26.807680130004883 80.08595275878906 36.29836654663086 26.899456024169922 27.121631622314453 27.347328186035156 26.80019187927246 27.094240188598633 27.205951690673828 27.464704513549805 
60.89244842529297 26.239295959472656 27.065248489379883 27.07030487060547 27.53001594543457 27.8723201751709 27.349023818969727 68.12703704833984 32.92416000366211 27.004064559936523 27.516704559326172 26.977279663085938 26.322656631469727 26.72096061706543 26.997119903564453 27.502687454223633 
60.83830261230469 26.218944549560547 26.298847198486328 27.186847686767578 27.544479370117188 26.93267250061035 26.979839324951172 81.54447937011719 33.9062385559082 26.880224227905273 27.26691246032715 27.35923194885254 26.443872451782227 26.833728790283203 26.923391342163086 27.96134376525879 
59.84284973144531 26.15862464904785 26.724512100219727 26.79145622253418 26.737119674682617 27.353120803833008 27.136192321777344 69.5528335571289 31.857088088989258 26.970367431640625 26.988351821899414 27.489696502685547 26.762752532958984 26.33568000793457 26.710336685180664 27.051776885986328 
61.92399978637695 26.14896011352539 26.399871826171875 26.97590446472168 26.609312057495117 27.38662338256836 27.346176147460938 75.60870361328125 32.635807037353516 27.208927154541016 26.855615615844727 26.756511688232422 26.92255973815918 27.5534725189209 27.005279541015625 26.821439743041992 
61.07664108276367 26.417280197143555 26.243616104125977 27.2957763671875 27.474143981933594 27.015392303466797 27.02556800842285 67.96380615234375 35.52521514892578 26.851648330688477 26.74051284790039 27.496095657348633 26.810720443725586 26.4783992767334 26.565183639526367 27.19683265686035 
62.97417449951172 26.18524742126465 26.2675838470459 26.926176071166992 27.582847595214844 26.699392318725586 27.32137680053711 91.1094741821289 35.86431884765625 26.81216049194336 27.049728393554688 27.06070327758789 27.381664276123047 26.352096557617188 26.616159439086914 27.117664337158203 
59.81603240966797 26.186399459838867 26.260896682739258 26.791072845458984 27.858015060424805 26.98419189453125 27.73347282409668 74.82649230957031 36.494815826416016 26.903711318969727 26.561119079589844 27.09561538696289 27.4716796875 27.342880249023438 26.51763153076172 27.434207916259766 
60.22761535644531 26.22697639465332 25.266176223754883 25.31635284423828 28.379968643188477 138.0157470703125 17.064767837524414 17.127487182617188 26.687744140625 17.696672439575195 17.800159454345703 17.38800048828125 18.780672073364258 17.875167846679688 17.52684783935547 18.06163215637207 
40.1657600402832 25.234848022460938 27.720352172851562 31.284576416015625 26.283872604370117 27.392223358154297 27.310495376586914 25.376863479614258 26.940223693847656 17.902719497680664 18.119264602661133 17.4800968170166 18.031423568725586 17.963167190551758 17.503616333007812 18.10723114013672 
41.23865509033203 25.20345687866211 25.283008575439453 26.31964874267578 25.245376586914062 27.38483238220215 28.392255783081055 25.342880249023438 26.00092887878418 18.368864059448242 17.774560928344727 17.703519821166992 18.09334373474121 17.841663360595703 17.425216674804688 17.392127990722656 
40.15110397338867 25.24060821533203 26.32819175720215 25.25174331665039 26.296735763549805 29.51468849182129 29.45737648010254 25.30303955078125 26.452096939086914 17.643999099731445 17.515296936035156 17.414880752563477 18.721567153930664 18.02681541442871 17.765439987182617 17.859039306640625 
41.23984146118164 25.225120544433594 25.238176345825195 26.392127990722656 25.179359436035156 26.353471755981445 29.44803237915039 25.28553581237793 25.459232330322266 17.39129638671875 18.798431396484375 17.88425636291504 17.433984756469727 18.666688919067383 17.885055541992188 17.467456817626953 
40.161441802978516 25.237184524536133 25.275936126708984 28.40924835205078 25.23855972290039 26.33603286743164 26.291200637817383 25.368576049804688 26.423200607299805 17.81977653503418 17.446367263793945 18.30499267578125 18.022432327270508 17.627424240112305 17.56118392944336 17.808000564575195 
41.209407806396484 25.257280349731445 25.297311782836914 28.384000778198242 25.290239334106445 26.513408660888672 30.367616653442383 26.346080780029297 24.79439926147461 18.153888702392578 17.902271270751953 17.372512817382812 17.9017276763916 18.165983200073242 17.897279739379883 18.8055362701416 
40.200927734375 25.220800399780273 25.250911712646484 26.661439895629883 25.971839904785156 26.33135986328125 28.411487579345703 25.33286476135254 26.279680252075195 17.979007720947266 17.856735229492188 17.438751220703125 18.32374382019043 18.070463180541992 17.429567337036133 18.31340789794922 
41.18902587890625 25.210752487182617 26.7063045501709 30.17635154724121 25.274560928344727 26.349695205688477 30.524703979492188 25.275264739990234 25.26313591003418 18.18239974975586 17.694719314575195 17.479711532592773 17.555519104003906 17.69683265686035 17.591903686523438 18.457439422607422 
40.16940689086914 25.203872680664062 25.24336051940918 27.444608688354492 25.25881576538086 26.315040588378906 28.408672332763672 25.331872940063477 26.578144073486328 18.032480239868164 17.965599060058594 17.65331268310547 17.72310447692871 17.94620704650879 17.343456268310547 18.042112350463867 
43.36278533935547 26.73472023010254 27.26915168762207 27.674943923950195 28.009695053100586 27.6997127532959 28.00713539123535 48.18844985961914 38.5590705871582 27.97875213623047 28.23302459716797 27.525440216064453 26.89571189880371 27.68943977355957 28.23276710510254 29.521663665771484 
54.05958557128906 27.175840377807617 27.117151260375977 27.155872344970703 27.423839569091797 27.610496520996094 28.05891227722168 28.28201675415039 37.972415924072266 27.38217544555664 27.638208389282227 28.641759872436523 27.66156768798828 28.04889678955078 27.7774715423584 28.26630401611328 
54.050750732421875 27.194368362426758 27.123519897460938 26.98147201538086 27.504703521728516 27.818431854248047 27.294431686401367 27.895776748657227 34.296607971191406 27.429088592529297 29.725631713867188 27.97158432006836 28.424448013305664 27.438976287841797 27.504287719726562 27.606016159057617 
56.14681625366211 27.166976928710938 26.8253116607666 27.803264617919922 27.508224487304688 28.307743072509766 28.796255111694336 125.48576354980469 38.03433609008789 27.897567749023438 27.548799514770508 27.569503784179688 27.628511428833008 27.682111740112305 28.655839920043945 27.85763168334961 
56.20832061767578 27.06083106994629 27.37183952331543 27.527008056640625 27.868896484375 28.136032104492188 27.409503936767578 123.72434997558594 34.839393615722656 28.17043113708496 27.673664093017578 27.641408920288086 27.913375854492188 28.13408088684082 27.950143814086914 27.333280563354492 
57.29817581176758 27.1997127532959 27.434303283691406 27.479616165161133 27.242719650268555 27.543615341186523 27.85081672668457 27.588096618652344 36.699134826660156 27.427648544311523 28.203264236450195 28.26335906982422 27.45248031616211 27.58083152770996 27.543935775756836 27.80998420715332 
56.1693115234375 27.185375213623047 27.441919326782227 27.631839752197266 27.20137596130371 27.998367309570312 27.818559646606445 129.5732421875 38.1602897644043 27.1474552154541 27.879743576049805 27.938432693481445 27.750560760498047 27.9421443939209 27.93414306640625 27.857952117919922 
52.91939163208008 27.33228874206543 27.03843116760254 26.97551918029785 27.200031280517578 27.501920700073242 28.013439178466797 122.86067199707031 35.78031921386719 27.86128044128418 27.60793685913086 28.0817928314209 27.93891143798828 28.329599380493164 27.942047119140625 27.557952880859375 
56.238014221191406 27.36089515686035 27.284576416015625 27.160991668701172 28.16374397277832 28.24777603149414 27.454431533813477 121.05350494384766 33.73152160644531 27.894912719726562 27.8275203704834 27.27631950378418 27.52511978149414 27.775455474853516 28.176095962524414 28.11756706237793 
51.97020721435547 27.234655380249023 27.180927276611328 27.48739242553711 27.504959106445312 28.123872756958008 27.93391990661621 27.422048568725586 37.14396667480469 27.459232330322266 28.77587127685547 27.77168083190918 27.95180892944336 27.827072143554688 28.00713539123535 28.10256004333496 
46.6703987121582 30.938688278198242 31.26860809326172 32.395774841308594 32.045406341552734 32.341854095458984 32.49379348754883 65.9702377319336 39.66041564941406 31.78803253173828 32.128990173339844 31.98534393310547 31.880064010620117 31.869983673095703 31.929471969604492 31.81609535217285 
50.21878433227539 30.817920684814453 30.8242244720459 31.619007110595703 32.508766174316406 32.25065612792969 32.14976119995117 33.051998138427734 38.110111236572266 31.246463775634766 31.525056838989258 31.69798469543457 31.923295974731445 31.511520385742188 31.58470344543457 33.46828842163086 
48.1363525390625 30.75212860107422 32.440673828125 32.56697463989258 31.77712059020996 31.836639404296875 31.956384658813477 32.22560119628906 39.33679962158203 31.558303833007812 31.855520248413086 32.5274543762207 32.01286315917969 31.963136672973633 32.05062484741211 31.866464614868164 
52.4029426574707 31.12019157409668 30.966527938842773 31.95622444152832 31.468032836914062 32.16559982299805 32.34163284301758 32.441184997558594 38.290367126464844 31.318111419677734 31.800800323486328 31.446367263793945 32.05811309814453 31.6146240234375 31.638687133789062 32.44841766357422 
48.296287536621094 30.88595199584961 32.355201721191406 32.0214729309082 31.83296012878418 31.156095504760742 32.54956817626953 32.395328521728516 38.64668655395508 31.283327102661133 31.374528884887695 31.282272338867188 32.4277458190918 31.54217529296875 32.09247970581055 31.78771209716797 
50.33750534057617 32.04867172241211 32.142303466796875 32.158016204833984 31.843040466308594 32.01795196533203 32.083744049072266 32.452606201171875 36.9813117980957 31.31999969482422 31.408031463623047 31.539167404174805 31.37785530090332 32.380863189697266 31.836095809936523 32.06220626831055 
103.85017395019531 30.79520034790039 32.534305572509766 32.54127883911133 32.27369689941406 32.820255279541016 31.80518341064453 31.635616302490234 37.22175979614258 31.246143341064453 32.190528869628906 31.474655151367188 31.621183395385742 32.48214340209961 31.55571174621582 31.557472229003906 
50.450687408447266 30.692384719848633 32.203617095947266 32.07078552246094 32.331966400146484 32.708831787109375 32.57561492919922 32.11113739013672 38.42630386352539 31.054079055786133 31.77132797241211 31.7423038482666 31.78835105895996 31.570112228393555 32.06041717529297 31.56175994873047 
49.2894401550293 30.761695861816406 32.27376174926758 31.91209602355957 31.851455688476562 31.27667236328125 32.33241653442383 32.57155227661133 38.803104400634766 31.528352737426758 31.5578556060791 31.490079879760742 31.55561637878418 31.614591598510742 31.651775360107422 31.473695755004883 
47.155967712402344 30.81350326538086 31.6909122467041 32.156158447265625 32.56447982788086 32.45779037475586 31.892799377441406 32.00297546386719 36.24208068847656 31.46873664855957 31.615007400512695 31.705312728881836 31.804031372070312 31.34111976623535 31.34841537475586 32.56739044189453 
38.500606536865234 19.221696853637695 19.257055282592773 19.755552291870117 19.736448287963867 19.882112503051758 20.089344024658203 52.62633514404297 28.553504943847656 19.954559326171875 19.828895568847656 20.137632369995117 19.701248168945312 20.167104721069336 19.642431259155273 20.95961570739746 
34.27142333984375 19.220767974853516 19.553600311279297 19.711519241333008 19.635103225708008 19.98467254638672 20.209983825683594 20.28691291809082 28.715871810913086 20.329439163208008 19.64678382873535 19.66080093383789 19.67318344116211 19.65884780883789 19.678688049316406 19.64838409423828 
34.249855041503906 19.237567901611328 19.385215759277344 19.887840270996094 19.97920036315918 19.814464569091797 20.01465606689453 20.181856155395508 26.254207611083984 19.60198402404785 19.62723159790039 19.622272491455078 19.592735290527344 19.761600494384766 19.641759872436523 19.79792022705078 
34.23689651489258 19.27039909362793 19.504287719726562 19.8571834564209 19.999040603637695 20.0152645111084 20.17398452758789 20.31996726989746 27.47065544128418 20.534303665161133 19.621183395385742 19.74127960205078 19.654176712036133 19.629087448120117 19.950016021728516 19.608352661132812 
34.262081146240234 19.252031326293945 19.24950408935547 19.738527297973633 19.737407684326172 20.252288818359375 20.19500732421875 20.07935905456543 27.5762882232666 19.667423248291016 19.597280502319336 19.686176300048828 19.623231887817383 19.530431747436523 19.733760833740234 19.682464599609375 
35.31622314453125 19.203487396240234 19.409696578979492 19.55606460571289 19.806367874145508 20.70185661315918 20.1146240234375 20.026687622070312 26.277759552001953 19.595840454101562 19.677152633666992 19.654560089111328 20.14201545715332 19.64409637451172 19.62326431274414 19.74550437927246 
33.214656829833984 19.227359771728516 19.24460792541504 19.373920440673828 19.566783905029297 19.605920791625977 19.891935348510742 19.715808868408203 26.059968948364258 19.786752700805664 19.892799377441406 19.998624801635742 19.981407165527344 20.004512786865234 20.036800384521484 20.23708724975586 
33.2592658996582 19.186559677124023 19.476160049438477 19.605695724487305 20.1213436126709 20.217695236206055 20.219423294067383 20.399616241455078 28.031360626220703 19.538719177246094 19.63711929321289 19.714847564697266 20.07561683654785 19.626495361328125 19.623872756958008 19.73638343811035 
34.25199890136719 19.21878433227539 19.59040069580078 19.931968688964844 20.064544677734375 20.058975219726562 20.04038429260254 20.24025535583496 26.243999481201172 19.73676872253418 19.65705680847168 19.708768844604492 19.63884735107422 19.64316749572754 19.740543365478516 19.68560028076172 
34.247169494628906 19.196863174438477 19.243072509765625 19.51603126525879 19.57855987548828 19.912160873413086 19.57904052734375 19.630464553833008 26.70217514038086 20.155296325683594 20.505407333374023 19.897119522094727 19.70537567138672 19.65190315246582 19.70150375366211 19.9836483001709 
53.52799987792969 32.463584899902344 32.34899139404297 32.814369201660156 33.31990432739258 33.24540710449219 32.44646453857422 32.664737701416016 38.741153717041016 31.926496505737305 32.04278564453125 32.473472595214844 31.836288452148438 32.0959358215332 33.347774505615234 31.835359573364258 
66.11763000488281 31.458911895751953 32.30134582519531 32.726593017578125 32.764801025390625 33.03315353393555 32.38700866699219 32.73331069946289 39.5371208190918 32.81942367553711 32.90377426147461 33.07785415649414 33.121185302734375 33.15052795410156 32.660545349121094 33.449920654296875 
63.19728088378906 32.05644989013672 31.811328887939453 32.23267364501953 33.60515213012695 33.62223815917969 32.44675064086914 33.11231994628906 39.27391815185547 32.0926399230957 32.115966796875 32.114593505859375 32.312416076660156 32.09529495239258 32.24687957763672 32.57555389404297 
65.05840301513672 31.427839279174805 32.58540725708008 33.25843048095703 33.697566986083984 33.31782531738281 32.797855377197266 33.20761489868164 41.3686408996582 32.26972961425781 32.4576301574707 32.315711975097656 32.30825424194336 32.572288513183594 32.75584030151367 33.31657409667969 
69.13744354248047 32.476287841796875 32.36054229736328 32.17619323730469 33.089759826660156 32.72083282470703 32.90323257446289 43.73827362060547 39.909088134765625 32.84521484375 33.451873779296875 32.15116882324219 33.759742736816406 32.969566345214844 32.63932800292969 32.51241683959961 
68.5396499633789 31.584735870361328 33.34048080444336 33.14252853393555 33.30486297607422 33.59183883666992 33.35737609863281 43.110145568847656 38.56399917602539 31.896095275878906 31.8155517578125 31.93961524963379 32.0555534362793 32.18703842163086 32.17795181274414 32.09900665283203 
77.6434555053711 31.448287963867188 31.546592712402344 32.41961669921875 32.71139144897461 33.37315368652344 33.39616012573242 35.061729431152344 40.442047119140625 32.78335952758789 32.017024993896484 32.6956787109375 32.824031829833984 33.18153762817383 33.21664047241211 33.27190399169922 
60.83302307128906 32.11417770385742 32.53715133666992 32.42524719238281 33.89292907714844 32.80380630493164 33.29747009277344 33.16963195800781 38.49692916870117 32.109920501708984 32.20844650268555 32.11763381958008 32.051551818847656 33.08047866821289 32.092864990234375 32.17756652832031 
62.959327697753906 31.513568878173828 32.85084915161133 32.51862335205078 32.98982238769531 33.32044982910156 33.00806427001953 32.92124938964844 39.023841857910156 31.883136749267578 32.07734298706055 31.871776580810547 33.384033203125 31.892704010009766 32.05593490600586 32.076255798339844 
62.93382263183594 31.495296478271484 32.3642578125 33.830528259277344 33.32246398925781 32.65177536010742 33.41923141479492 32.805824279785156 38.56476974487305 32.8535041809082 32.6486701965332 34.590816497802734 32.22457504272461 33.32227325439453 32.17871856689453 32.01651382446289 
68.8581771850586 40.829376220703125 40.22108840942383 41.488704681396484 41.50969696044922 40.521759033203125 63.103233337402344 39.140254974365234 45.28956985473633 39.49740982055664 39.43971252441406 40.383872985839844 39.48783874511719 39.47091293334961 39.48444747924805 39.500064849853516 
78.4249267578125 40.774654388427734 41.43769454956055 41.057376861572266 41.03510284423828 41.130271911621094 107.09756469726562 38.96575927734375 46.70515060424805 39.650177001953125 39.40505599975586 39.236446380615234 40.54905700683594 39.768863677978516 39.40233612060547 40.314815521240234 
65.95308685302734 41.70988845825195 42.07900619506836 41.47206497192383 41.2281608581543 41.420894622802734 121.70972442626953 38.97564697265625 46.858177185058594 39.39574432373047 39.89497756958008 40.30694580078125 39.34751892089844 39.46307373046875 39.586463928222656 39.432769775390625 
70.04716491699219 39.208736419677734 40.178016662597656 40.55625534057617 40.11769485473633 40.19478225708008 114.0525131225586 38.974369049072266 48.45052719116211 39.48396682739258 39.88345718383789 39.419105529785156 40.2242546081543 39.66169738769531 39.835296630859375 39.70985412597656 
68.02861022949219 40.11564636230469 40.44963073730469 41.15625762939453 41.11430358886719 41.79558563232422 122.8243179321289 38.94047927856445 47.27312088012695 39.1060791015625 40.098079681396484 39.43395233154297 39.61772918701172 40.51996612548828 39.60268783569336 39.32863998413086 
68.06022644042969 39.74291229248047 40.93008041381836 40.76105499267578 41.34787368774414 40.97999954223633 114.39881896972656 38.96409606933594 46.66115188598633 39.32886505126953 40.11430358886719 39.9664306640625 39.420257568359375 39.63276672363281 40.0596809387207 39.467838287353516 
63.891456604003906 40.18083190917969 40.43852615356445 41.028350830078125 41.281822204589844 91.26175689697266 39.133792877197266 41.728607177734375 45.91664123535156 40.0148811340332 40.19580841064453 39.79814529418945 39.4857292175293 39.5959358215332 39.59907150268555 39.539424896240234 
69.09817504882812 40.02262496948242 40.973567962646484 41.9054069519043 40.702945709228516 40.1416015625 112.64492797851562 39.304481506347656 46.40047836303711 39.61471939086914 40.27369689941406 40.644222259521484 39.76438522338867 39.49532699584961 39.7017936706543 39.933982849121094 
70.97763061523438 39.31206512451172 41.18940734863281 41.10316848754883 40.573150634765625 40.13398361206055 110.50086212158203 39.05779266357422 46.16236877441406 39.453086853027344 40.38175964355469 39.82057571411133 39.68815994262695 39.650177001953125 39.98534393310547 39.60435104370117 
70.07545471191406 39.79827117919922 40.618431091308594 41.712608337402344 40.79679870605469 41.640384674072266 114.43011474609375 38.899391174316406 45.72844696044922 40.08707046508789 39.283809661865234 39.641151428222656 39.433921813964844 39.483360290527344 39.701759338378906 40.099552154541016 
86.9323501586914 30.43779182434082 30.352991104125977 30.4748477935791 30.482847213745117 30.363359451293945 32.37311935424805 63.94559860229492 38.41302490234375 30.418367385864258 30.5850887298584 30.678720474243164 30.529056549072266 30.68169593811035 30.983423233032227 30.60748863220215 
41.83852767944336 30.903488159179688 30.76460838317871 31.47430419921875 31.25868797302246 31.33353614807129 30.262304306030273 134.22227478027344 37.56092834472656 30.502592086791992 30.869600296020508 30.417984008789062 30.521631240844727 31.15100860595703 30.37139129638672 30.290048599243164 
41.78559875488281 33.09660720825195 30.88230323791504 30.290687561035156 30.823871612548828 31.70742416381836 31.30556869506836 31.34828758239746 39.132545471191406 30.441951751708984 30.74720001220703 30.692672729492188 31.055551528930664 30.608383178710938 30.268896102905273 30.608991622924805 
41.78105545043945 32.895263671875 30.605119705200195 30.8570556640625 31.740800857543945 31.36947250366211 37.101505279541016 30.44883155822754 36.634944915771484 30.255840301513672 30.459808349609375 30.34320068359375 30.472063064575195 30.49087905883789 30.579519271850586 30.5631046295166 
42.846656799316406 35.00099182128906 30.543264389038086 31.10905647277832 30.88230323791504 30.952287673950195 126.94249725341797 29.62835121154785 39.03721618652344 30.154592514038086 30.508319854736328 30.68921661376953 30.3670711517334 30.44940757751465 30.5797119140625 30.4979190826416 
42.93523025512695 34.862335205078125 30.37126350402832 30.781375885009766 31.487071990966797 31.312095642089844 31.04819107055664 31.623584747314453 36.59600067138672 30.324735641479492 30.34454345703125 30.737855911254883 30.367168426513672 30.2959041595459 30.383712768554688 30.363487243652344 
42.88137435913086 31.709440231323242 31.225791931152344 31.219711303710938 30.8636474609375 31.188447952270508 31.065792083740234 31.17136001586914 38.298912048339844 30.23971176147461 30.14134407043457 30.321407318115234 30.296640396118164 30.478368759155273 30.340192794799805 31.807680130004883 
42.77363204956055 29.947040557861328 30.199583053588867 30.901824951171875 31.43814468383789 30.646240234375 34.09983825683594 31.349952697753906 37.44025421142578 30.243328094482422 30.51206398010254 30.43142318725586 30.325376510620117 30.496768951416016 32.112735748291016 30.242719650268555 
41.803009033203125 33.8864631652832 30.4935359954834 30.23529624938965 31.46499252319336 30.79043197631836 123.51737976074219 29.650911331176758 38.92927932739258 30.252992630004883 31.04262351989746 30.528127670288086 30.899456024169922 30.522335052490234 30.472896575927734 30.621408462524414 
41.89177703857422 34.044063568115234 30.471712112426758 30.314624786376953 31.02547264099121 30.6309757232666 30.927263259887695 30.868608474731445 39.17488098144531 30.184608459472656 30.373119354248047 30.255327224731445 31.606399536132812 30.386112213134766 30.716928482055664 30.633760452270508 
49.12828826904297 33.92710494995117 34.39206314086914 34.50559997558594 34.92726516723633 33.87472152709961 49.30073547363281 33.082942962646484 43.339393615722656 33.247230529785156 33.148799896240234 33.26240158081055 34.524993896484375 33.340606689453125 34.26416015625 33.62736129760742 
52.19065475463867 32.66252899169922 34.347679138183594 34.997535705566406 34.160160064697266 34.37459182739258 34.751487731933594 34.40185546875 41.28236770629883 32.97945785522461 33.60505676269531 33.6583366394043 33.27267074584961 33.35996627807617 33.24460983276367 34.136863708496094 
50.00630569458008 33.38137435913086 33.92057418823242 34.83942413330078 34.90105438232422 34.106849670410156 34.12179183959961 120.48528289794922 42.719295501708984 33.41603088378906 33.453407287597656 33.16262435913086 33.64227294921875 33.228736877441406 33.4486083984375 33.60108947753906 
104.519775390625 33.399070739746094 33.180992126464844 34.496673583984375 34.347713470458984 34.83871841430664 34.0398063659668 46.486209869384766 41.46566390991211 33.54342269897461 34.307777404785156 33.23196792602539 33.91097640991211 33.18707275390625 33.12742233276367 33.62499237060547 
51.215999603271484 32.87968063354492 33.812225341796875 34.27907180786133 34.30992126464844 33.89897537231445 34.64329528808594 119.00748443603516 42.1354866027832 33.17756652832031 33.077022552490234 33.30985641479492 33.824798583984375 33.21830368041992 33.51145553588867 33.86000061035156 
67.8490219116211 32.568607330322266 34.843265533447266 34.073280334472656 33.6418571472168 33.396575927734375 34.71513748168945 33.948734283447266 39.47350311279297 33.23881530761719 33.158241271972656 33.79644775390625 33.23571014404297 33.50940704345703 33.47129440307617 34.61872100830078 
50.14799880981445 33.1732177734375 34.88345718383789 33.9884147644043 34.157440185546875 34.91097640991211 34.586273193359375 126.6239013671875 43.29814529418945 33.23932647705078 33.059295654296875 33.91929626464844 34.380863189697266 33.147457122802734 33.82191848754883 33.418785095214844 
49.283103942871094 33.880672454833984 34.09267044067383 34.52796936035156 35.211936950683594 34.07004928588867 36.765953063964844 111.88460540771484 39.2276496887207 33.245887756347656 33.342464447021484 34.760257720947266 33.10512161254883 33.33388900756836 33.33871841430664 33.473697662353516 
51.132991790771484 32.581695556640625 33.808799743652344 34.716705322265625 34.4219856262207 34.73126220703125 34.26380920410156 113.57350158691406 40.84707260131836 33.239070892333984 33.22294235229492 33.75107192993164 33.316673278808594 33.76768112182617 33.16755294799805 33.56208038330078 
47.04889678955078 33.99808120727539 34.90425491333008 34.469024658203125 34.64396667480469 34.74012756347656 33.76713562011719 130.336669921875 41.70169448852539 33.2435188293457 33.376033782958984 34.47711944580078 33.281375885009766 33.225311279296875 33.166656494140625 33.31139373779297 
50.11027145385742 36.55699157714844 38.0366096496582 37.22246551513672 37.9815673828125 38.43427276611328 38.50172805786133 37.9090576171875 42.9694709777832 36.430335998535156 37.31817626953125 36.06304168701172 36.50889587402344 36.71478271484375 36.294593811035156 36.23664093017578 
80.21711730957031 36.350303649902344 36.509281158447266 38.067935943603516 37.88371276855469 37.94163131713867 37.40166473388672 37.569183349609375 43.14931106567383 36.78620910644531 37.6616325378418 36.71664047241211 36.83251190185547 36.78086471557617 36.80876922607422 37.08108901977539 
70.15657806396484 36.169151306152344 37.460384368896484 36.83756637573242 38.2283821105957 38.394432067871094 37.22867202758789 37.41414260864258 42.62089538574219 36.25932693481445 36.08012771606445 36.232574462890625 36.97449493408203 36.195072174072266 36.525089263916016 38.970558166503906 
83.67731475830078 36.011295318603516 37.1412467956543 36.785888671875 37.611968994140625 38.04633712768555 37.39139175415039 37.31379318237305 43.64582443237305 36.1255989074707 36.1855354309082 37.10115051269531 36.288352966308594 36.18803024291992 36.581729888916016 36.23081588745117 
91.0212173461914 36.903297424316406 37.16851043701172 37.702049255371094 37.33443069458008 37.56710433959961 37.67436981201172 37.4997444152832 41.81350326538086 36.01359939575195 36.11759948730469 36.63056182861328 36.66070556640625 36.62588882446289 38.24272155761719 36.92256164550781 
95.18931579589844 37.29702377319336 36.981441497802734 37.317569732666016 37.706302642822266 37.30521774291992 37.060577392578125 37.82486343383789 40.29801559448242 36.27734375 36.94054412841797 36.233055114746094 36.167137145996094 36.2026252746582 36.22537612915039 36.544960021972656 
83.78688049316406 35.924766540527344 37.499839782714844 37.712158203125 37.747039794921875 38.13199996948242 37.10899353027344 36.985408782958984 41.68409729003906 36.410911560058594 35.880958557128906 36.19161605834961 36.35251235961914 37.062049865722656 36.257633209228516 36.26057434082031 
77.73343658447266 36.34134292602539 36.789215087890625 38.071041107177734 37.30547332763672 37.341983795166016 37.53772735595703 38.01833724975586 42.067710876464844 36.55875015258789 37.04121780395508 36.8152961730957 36.80031967163086 37.4332160949707 36.76899337768555 37.19126510620117 
89.98735809326172 36.46857452392578 38.175201416015625 38.245792388916016 37.40176010131836 37.82697677612305 38.091552734375 37.536415100097656 42.33958435058594 36.16524887084961 36.23164749145508 36.57881546020508 36.026336669921875 36.19251251220703 36.92588806152344 36.18956756591797 
93.17362976074219 37.03772735595703 37.13177490234375 37.1611213684082 37.82089614868164 37.31990432739258 36.73478317260742 38.53539276123047 41.60172653198242 36.57766342163086 36.0280647277832 36.22652816772461 36.223392486572266 36.276798248291016 36.665313720703125 36.21984100341797 
60.55545425415039 37.91929626464844 38.5972785949707 39.85004806518555 39.24278259277344 39.87104034423828 39.46236801147461 39.660640716552734 45.68889617919922 37.59632110595703 37.67113494873047 38.56265640258789 37.819969177246094 38.22905731201172 37.80223846435547 38.341407775878906 
105.77926635742188 39.037086486816406 39.0618896484375 39.737632751464844 40.32166290283203 39.99843215942383 66.67132568359375 75.52054595947266 45.07891082763672 37.59123229980469 37.70220947265625 38.17123031616211 38.308223724365234 38.487518310546875 37.99884796142578 38.64777755737305 
106.81715393066406 37.66704177856445 39.085025787353516 39.887489318847656 39.4637451171875 38.79110336303711 64.13875579833984 43.22307205200195 47.14729690551758 38.15468978881836 37.8606071472168 37.85023880004883 38.59699249267578 37.828094482421875 38.18841552734375 37.80985641479492 
108.04946899414062 37.46345520019531 39.502174377441406 39.365055084228516 38.95075225830078 39.07408142089844 67.00109100341797 58.789344787597656 45.809120178222656 37.74736022949219 38.3397102355957 38.353118896484375 37.70771026611328 37.905792236328125 38.777313232421875 37.718719482421875 
79.65187072753906 37.4736328125 39.41936111450195 39.44473648071289 39.39116668701172 38.97651290893555 97.54275512695312 37.48633575439453 48.302337646484375 37.75571060180664 37.83865737915039 38.83785629272461 38.13187026977539 37.857662200927734 38.032257080078125 37.860897064208984 
97.46438598632812 38.34601593017578 39.704063415527344 39.03779220581055 38.83523178100586 38.90550231933594 79.89119720458984 37.31318283081055 46.19561767578125 37.897151947021484 38.02918243408203 37.77097702026367 37.80668640136719 38.35452651977539 38.055904388427734 38.321983337402344 
102.53968048095703 39.757408142089844 39.10700988769531 39.69279861450195 40.18396759033203 40.10502243041992 61.98777770996094 43.16960144042969 45.556800842285156 37.848960876464844 37.98259353637695 37.991424560546875 37.933441162109375 38.117889404296875 37.93008041381836 38.175872802734375 
108.98697662353516 38.88905715942383 38.32291030883789 39.95955276489258 40.325408935546875 38.94163131713867 72.60316467285156 43.97110366821289 46.118656158447266 37.7823371887207 37.66454315185547 37.8966064453125 37.89788818359375 38.13539123535156 38.18403244018555 37.90553665161133 
102.62857818603516 38.15683364868164 38.136383056640625 40.52947235107422 39.928287506103516 39.29257583618164 70.87471771240234 44.34755325317383 48.67776107788086 38.16624069213867 37.658016204833984 38.27644729614258 38.11113739013672 37.972286224365234 38.16166305541992 37.77500915527344 
98.7446060180664 37.51238250732422 40.4733772277832 40.7344970703125 39.9213752746582 39.315391540527344 39.602622985839844 84.57443237304688 45.69811248779297 37.829280853271484 38.30476760864258 37.687103271484375 37.796897888183594 38.23459243774414 38.04972839355469 37.96953582763672 
99.77948760986328 32.050113677978516 32.78790283203125 33.20140838623047 32.66249465942383 32.424896240234375 31.743776321411133 32.20307159423828 37.77248001098633 34.19676971435547 32.744384765625 32.03676986694336 31.972448348999023 31.917503356933594 32.31193542480469 31.963199615478516 
65.0893783569336 31.374719619750977 33.41689682006836 34.093345642089844 32.47654342651367 33.003135681152344 32.587135314941406 34.35238265991211 38.935585021972656 31.7554874420166 31.829023361206055 32.383262634277344 33.82390213012695 31.645280838012695 32.19366455078125 32.23411178588867 
61.63737487792969 31.238399505615234 31.716960906982422 32.80825424194336 32.98912048339844 33.16921615600586 32.60188674926758 32.11065673828125 39.15235137939453 32.48441696166992 32.86956787109375 32.748191833496094 32.40816116333008 33.40127944946289 32.39654541015625 32.011871337890625 
79.79593658447266 31.284832000732422 32.15846252441406 33.04777526855469 32.94348907470703 32.74550247192383 32.44316864013672 35.946014404296875 37.494911193847656 32.52048110961914 33.20889663696289 32.58848190307617 32.3719367980957 32.4986572265625 32.32246398925781 32.45212936401367 
72.069091796875 31.263391494750977 32.7512321472168 32.64486312866211 32.7305908203125 32.121952056884766 32.122047424316406 32.39744186401367 40.177406311035156 32.60761642456055 32.687808990478516 32.41177749633789 32.4780158996582 32.46550369262695 32.167327880859375 32.45462417602539 
62.72819137573242 31.26198387145996 32.47999954223633 33.00640106201172 32.97862243652344 33.38345718383789 32.56358337402344 32.1561279296875 40.29411315917969 32.553409576416016 32.924415588378906 33.103424072265625 32.82624053955078 33.12451171875 33.25414276123047 33.3895378112793 
57.7545280456543 32.00758361816406 32.17155075073242 32.928062438964844 32.347999572753906 32.56748962402344 32.44784164428711 35.62518310546875 40.093406677246094 32.40089416503906 32.65708923339844 32.55097579956055 32.50201416015625 32.40256118774414 32.47568130493164 32.224063873291016 
64.75772857666016 31.95395278930664 32.35945510864258 33.395198822021484 32.89049530029297 32.5483512878418 32.873600006103516 35.84012985229492 38.945377349853516 31.856224060058594 31.69887924194336 31.889759063720703 31.920480728149414 31.951263427734375 31.878368377685547 32.18076705932617 
64.83968353271484 31.421600341796875 32.43379211425781 32.828609466552734 32.2795524597168 32.73680114746094 32.49292755126953 32.61955261230469 36.842750549316406 32.14527893066406 33.65407943725586 31.998624801635742 32.08009719848633 33.184417724609375 32.21571350097656 32.21254348754883 
77.6773452758789 31.57574462890625 32.45929718017578 31.97443199157715 32.544063568115234 32.33830261230469 33.09321594238281 32.868255615234375 37.12160110473633 32.154624938964844 32.30556869506836 32.228702545166016 32.604671478271484 31.991647720336914 32.266143798828125 32.06697463989258 
69.71340942382812 30.499103546142578 30.672607421875 30.48147201538086 30.72313690185547 161.46070861816406 121.38893127441406 22.77884864807129 32.95484924316406 23.56528091430664 23.622047424316406 23.95065689086914 23.62179183959961 23.81305694580078 23.882848739624023 23.565664291381836 
57.16844940185547 31.591167449951172 109.08745574951172 24.959903717041016 22.776992797851562 23.183935165405273 23.370975494384766 23.250112533569336 34.281185150146484 23.90470314025879 23.538944244384766 23.997312545776367 23.96985626220703 23.201791763305664 23.918720245361328 23.936479568481445 
51.93395233154297 31.624736785888672 128.6165771484375 22.87798309326172 23.417631149291992 23.555007934570312 23.512224197387695 23.224416732788086 33.40422439575195 23.66499137878418 24.160608291625977 24.232479095458984 24.922975540161133 23.879487991333008 24.807615280151367 24.183551788330078 
59.307456970214844 32.539424896240234 128.1856689453125 22.721088409423828 23.302560806274414 24.02355194091797 24.126432418823242 23.74064064025879 33.59980773925781 24.31532859802246 23.84511947631836 23.13225555419922 23.896831512451172 24.18067169189453 23.678144454956055 23.99126434326172 
57.217376708984375 31.557056427001953 111.24060821533203 23.429119110107422 22.79203224182129 23.100032806396484 23.435583114624023 23.196800231933594 32.643489837646484 23.55913543701172 23.485183715820312 24.354047775268555 23.689952850341797 24.036415100097656 24.017343521118164 24.2030086517334 
52.93648147583008 31.604127883911133 104.04345703125 25.622112274169922 22.726879119873047 23.003135681152344 23.211904525756836 23.71628761291504 33.09462356567383 23.790143966674805 24.69215965270996 23.981760025024414 24.007583618164062 24.15216064453125 23.61907196044922 23.491487503051758 
60.35036849975586 31.488319396972656 108.1902084350586 23.818208694458008 22.789344787597656 23.7061767578125 23.665760040283203 24.06243133544922 32.18864059448242 23.91974449157715 24.120960235595703 23.619840621948242 23.945951461791992 23.757728576660156 24.048095703125 23.555519104003906 
62.53647994995117 32.41551971435547 105.10002899169922 23.967775344848633 22.712799072265625 22.7238712310791 23.019872665405273 23.7906551361084 30.385536193847656 23.868192672729492 23.67545509338379 23.841503143310547 23.865055084228516 23.72764778137207 24.779232025146484 23.77961540222168 
57.1759033203125 31.620351791381836 104.97305297851562 26.159360885620117 22.96393585205078 23.347488403320312 23.394399642944336 23.755807876586914 33.38505554199219 23.752256393432617 24.22230339050293 23.79520034790039 25.07744026184082 23.88617515563965 23.944095611572266 23.80112075805664 
59.342529296875 32.68668746948242 111.1341781616211 26.144800186157227 22.76032066345215 22.918432235717773 22.90665626525879 23.001888275146484 32.49046325683594 23.672447204589844 23.79622459411621 23.582719802856445 24.032928466796875 23.801984786987305 23.649856567382812 24.248287200927734 
65.4349136352539 40.82275390625 37.836097717285156 39.17683029174805 41.874977111816406 42.08454513549805 39.37071990966797 39.22236633300781 43.200958251953125 37.8941764831543 37.448638916015625 37.50204849243164 37.66294479370117 38.226558685302734 41.2309455871582 41.372161865234375 
65.83548736572266 37.98739242553711 38.606815338134766 38.34223937988281 38.601951599121094 38.75347137451172 47.15955352783203 38.576446533203125 44.539424896240234 37.30467224121094 37.61561584472656 37.835777282714844 37.963680267333984 37.65187072753906 39.950016021728516 50.35929489135742 
67.46227264404297 38.43366241455078 38.087520599365234 38.22367858886719 39.152225494384766 38.80112075805664 38.63616180419922 38.943199157714844 44.183998107910156 37.4139518737793 37.36531066894531 38.803680419921875 45.81884765625 37.4595832824707 40.009761810302734 40.44963073730469 
64.77938842773438 38.14313507080078 37.65254211425781 39.80412673950195 39.362430572509766 39.00377655029297 43.507904052734375 37.56719970703125 44.040000915527344 37.484031677246094 38.58204650878906 37.51295852661133 42.59126281738281 38.22617721557617 39.978206634521484 38.52617645263672 
53.206687927246094 39.87984085083008 37.802913665771484 39.20150375366211 38.81379318237305 38.89801788330078 40.9189453125 45.46700668334961 44.142784118652344 38.318016052246094 37.76947021484375 37.8392333984375 53.05372619628906 37.482975006103516 38.51603317260742 49.53705596923828 
54.72828674316406 38.99193572998047 38.44464111328125 38.7608642578125 39.40614318847656 39.36003112792969 41.946590423583984 40.86537551879883 43.44707107543945 37.27967834472656 37.85011291503906 37.30467224121094 37.71382522583008 38.313758850097656 38.40998458862305 50.06300735473633 
54.60768127441406 39.30393600463867 40.102272033691406 39.629119873046875 39.65033721923828 38.86918258666992 43.22310256958008 41.87686538696289 46.02956771850586 37.504127502441406 37.351104736328125 38.11958312988281 37.82502365112305 37.79740905761719 48.397216796875 42.577022552490234 
56.773536682128906 37.455902099609375 38.95110321044922 39.98102569580078 39.44144058227539 38.58259201049805 43.21567916870117 42.216129302978516 47.203006744384766 37.14931106567383 37.47283172607422 38.93328094482422 37.437984466552734 37.49977493286133 45.5153923034668 41.91791915893555 
54.60345458984375 37.40252685546875 38.79350280761719 38.15657424926758 39.512351989746094 38.80767822265625 43.49174499511719 44.26732635498047 43.52425765991211 37.529598236083984 37.8682861328125 37.47430419921875 39.87900924682617 38.04499053955078 39.03334426879883 46.6732177734375 
81.04934692382812 38.20182418823242 37.907264709472656 38.273311614990234 38.89424133300781 38.95004653930664 44.359745025634766 37.50739288330078 44.233184814453125 37.72163009643555 38.08076858520508 37.59455871582031 40.876129150390625 37.445438385009766 38.419742584228516 40.84028625488281 
64.00883483886719 25.81350326538086 25.968448638916016 26.76652717590332 26.85590362548828 26.433311462402344 26.3919677734375 27.458816528320312 33.56147384643555 26.18899154663086 26.229280471801758 26.315200805664062 26.50275230407715 27.086528778076172 26.001440048217773 26.680736541748047 
42.424320220947266 25.879487991333008 26.138399124145508 26.051488876342773 26.23833656311035 26.99238395690918 26.473663330078125 26.57200050354004 35.68511962890625 26.470687866210938 26.103008270263672 26.467391967773438 26.37513542175293 26.69990348815918 26.720672607421875 26.42406463623047 
42.646400451660156 25.731456756591797 25.385887145996094 26.86092758178711 26.931808471679688 26.922048568725586 26.29088020324707 43.88742446899414 32.858177185058594 26.360063552856445 27.169504165649414 26.84988784790039 26.690656661987305 26.777952194213867 26.719392776489258 26.745567321777344 
42.495967864990234 26.139616012573242 25.88323211669922 25.89580726623535 26.328927993774414 26.647872924804688 26.16102409362793 25.772607803344727 33.21654510498047 26.355167388916016 27.045440673828125 26.781631469726562 26.51465606689453 26.7640323638916 26.80860710144043 26.718175888061523 
41.355712890625 25.63884735107422 25.825727462768555 25.5067195892334 26.38252830505371 26.37932777404785 26.456512451171875 26.661216735839844 32.99827194213867 26.515039443969727 26.89449691772461 26.762239456176758 26.26860809326172 26.32383918762207 26.69500732421875 26.86639976501465 
42.370113372802734 25.597152709960938 26.143295288085938 26.518112182617188 26.650272369384766 26.387903213500977 26.811264038085938 26.673471450805664 32.063838958740234 26.223072052001953 26.477664947509766 26.577472686767578 26.571231842041016 26.092735290527344 26.561664581298828 26.56470489501953 
42.395999908447266 25.853567123413086 25.615007400512695 26.181663513183594 26.491071701049805 25.936351776123047 26.933727264404297 26.90729522705078 32.41651153564453 26.26780891418457 26.3852481842041 27.051807403564453 25.922399520874023 26.78291130065918 26.70921516418457 26.734912872314453 
42.401119232177734 25.6441593170166 25.977184295654297 25.634784698486328 25.9268798828125 26.460575103759766 26.035776138305664 26.190080642700195 34.45897674560547 26.78179168701172 26.77452850341797 25.74188804626465 26.631040573120117 26.5696964263916 27.133535385131836 26.779903411865234 
41.3548469543457 25.832063674926758 26.385631561279297 26.555551528930664 26.381471633911133 26.349695205688477 26.66486358642578 26.4354248046875 35.63203048706055 26.165664672851562 26.336288452148438 26.254911422729492 27.171199798583984 26.41084861755371 26.276256561279297 27.087039947509766 
41.4771842956543 25.871999740600586 25.405311584472656 25.718656539916992 25.93996810913086 26.22550392150879 26.694175720214844 27.415103912353516 35.39603042602539 26.134368896484375 26.667680740356445 26.533632278442383 26.20569610595703 26.655296325683594 26.764671325683594 26.509599685668945 
50.26063919067383 32.61270523071289 30.05072021484375 29.18195152282715 29.97385597229004 29.66249656677246 29.797727584838867 56.121150970458984 38.437313079833984 29.22115135192871 30.430400848388672 29.50604820251465 30.58678436279297 29.9965763092041 30.331775665283203 30.481632232666016 
57.593345642089844 29.235008239746094 31.709823608398438 29.97964859008789 30.530879974365234 31.161855697631836 36.74448013305664 29.55232048034668 37.69939041137695 30.76598358154297 29.777984619140625 30.234752655029297 29.675167083740234 30.560224533081055 30.405536651611328 29.32169532775879 
57.569793701171875 29.549184799194336 31.13580894470215 30.260704040527344 33.7806396484375 30.292512893676758 34.32883071899414 81.25977325439453 36.12678527832031 29.046592712402344 30.09760093688965 29.451520919799805 30.688383102416992 29.63689613342285 32.125022888183594 30.261472702026367 
57.55894470214844 29.0949764251709 30.80905532836914 29.501663208007812 29.282047271728516 29.858688354492188 36.68019104003906 84.93833923339844 35.980865478515625 29.689760208129883 30.192127227783203 30.570175170898438 29.846784591674805 29.841503143310547 29.633472442626953 30.959232330322266 
59.66630554199219 29.248191833496094 30.552032470703125 29.21776008605957 30.794559478759766 29.57708740234375 38.3553581237793 96.33683013916016 36.58873748779297 29.736831665039062 30.41708755493164 29.558271408081055 30.611007690429688 29.164384841918945 30.797279357910156 29.973440170288086 
53.872737884521484 29.177183151245117 31.25971221923828 29.323936462402344 29.711423873901367 29.579904556274414 29.935935974121094 97.5363540649414 37.546878814697266 30.173152923583984 29.260608673095703 29.63052749633789 30.53446388244629 29.56243133544922 31.708415985107422 29.71820831298828 
56.53171157836914 29.737279891967773 31.76153564453125 30.325536727905273 30.526912689208984 30.332351684570312 30.142047882080078 94.09503936767578 39.397216796875 30.276159286499023 29.898496627807617 29.783231735229492 29.53424072265625 30.640256881713867 29.95734405517578 30.34137535095215 
59.68102264404297 29.15920066833496 31.086816787719727 30.174528121948242 30.832191467285156 29.7359676361084 37.25030517578125 91.3760986328125 36.330814361572266 30.056415557861328 29.871967315673828 30.419296264648438 29.89695930480957 30.633119583129883 30.47443199157715 29.466943740844727 
57.55231857299805 29.12272071838379 30.98566436767578 31.573503494262695 32.27532958984375 30.37424087524414 39.20111846923828 91.32272338867188 34.16729736328125 30.03500747680664 29.18764877319336 29.921247482299805 32.453025817871094 29.462112426757812 30.578432083129883 33.63478469848633 
56.50748825073242 29.542688369750977 30.06777572631836 29.390464782714844 29.50774383544922 29.745471954345703 38.22959899902344 83.44338989257812 40.40361785888672 29.238847732543945 30.66771125793457 29.535423278808594 30.665599822998047 30.65318489074707 30.24617576599121 30.627872467041016 
59.085758209228516 25.98124885559082 28.684799194335938 26.958879470825195 26.006175994873047 26.297119140625 139.310791015625 33.631935119628906 35.23225784301758 26.220224380493164 26.45292854309082 26.696767807006836 26.165632247924805 28.018239974975586 26.607839584350586 26.645183563232422 
42.258113861083984 26.479488372802734 27.678752899169922 27.42665672302246 26.332128524780273 27.21615982055664 29.288223266601562 131.90655517578125 36.00291061401367 26.289024353027344 26.199071884155273 27.040128707885742 26.617664337158203 26.930015563964844 25.754112243652344 26.746112823486328 
41.220767974853516 26.456544876098633 27.718271255493164 28.440256118774414 26.230911254882812 26.102975845336914 26.615680694580078 101.98915100097656 36.0687370300293 25.680095672607422 26.347776412963867 28.4835205078125 26.555776596069336 26.586687088012695 26.27356719970703 26.627744674682617 
43.339744567871094 26.462303161621094 27.495872497558594 27.58064079284668 25.915647506713867 27.112831115722656 27.08880043029785 120.97654724121094 35.79849624633789 26.33875274658203 26.71552085876465 26.394784927368164 26.587648391723633 26.698848724365234 26.522079467773438 26.411808013916016 
42.295230865478516 26.393024444580078 27.797344207763672 27.103679656982422 27.51215934753418 26.037952423095703 26.955904006958008 110.6146240234375 37.49299240112305 25.578527450561523 26.01593589782715 27.0097599029541 26.674047470092773 26.609119415283203 26.605087280273438 26.635168075561523 
42.25894546508789 26.47385597229004 27.762943267822266 26.95145606994629 27.670591354370117 25.99465560913086 26.341983795166016 125.1550064086914 35.145790100097656 26.321407318115234 26.302560806274414 26.323680877685547 26.38915252685547 26.676191329956055 26.469791412353516 26.050527572631836 
43.35763168334961 26.519424438476562 27.421600341796875 28.01692771911621 26.766752243041992 26.277503967285156 26.40070343017578 108.41808319091797 35.80140686035156 26.38902473449707 26.91561508178711 26.466880798339844 26.364320755004883 26.525312423706055 26.66364860534668 26.689119338989258 
43.34223937988281 26.39139175415039 27.625247955322266 27.074111938476562 26.792224884033203 25.929311752319336 27.987199783325195 134.27513122558594 35.930335998535156 26.20185661315918 26.178752899169922 26.547359466552734 26.736671447753906 26.74278450012207 26.46816062927246 26.760255813598633 
42.30793762207031 25.799968719482422 27.381919860839844 26.893407821655273 26.7172794342041 27.367647171020508 25.85526466369629 110.47103881835938 34.00467300415039 26.012928009033203 25.707775115966797 26.35353660583496 27.51897621154785 26.390975952148438 26.340576171875 26.458080291748047 
44.38371276855469 25.95568084716797 28.086624145507812 27.20217514038086 26.373184204101562 27.886112213134766 32.8361930847168 107.54793548583984 36.72310256958008 26.657791137695312 26.9039363861084 26.356735229492188 26.293088912963867 26.337472915649414 26.83318328857422 26.43494415283203 
38.45897674560547 29.96201515197754 31.184223175048828 31.88876724243164 32.05414581298828 31.15660858154297 118.30470275878906 29.571327209472656 36.304351806640625 29.979583740234375 29.892127990722656 30.121248245239258 30.19228744506836 30.07360076904297 30.16703987121582 30.304607391357422 
73.32575988769531 29.613183975219727 29.72867202758789 30.955135345458984 30.737247467041016 31.181215286254883 116.18787384033203 29.501535415649414 37.16873550415039 30.13916778564453 30.169376373291016 30.129663467407227 30.566335678100586 30.27017593383789 30.405311584472656 29.904863357543945 
65.05209350585938 29.681888580322266 30.27324867248535 31.80508804321289 31.022911071777344 31.51296043395996 115.13609313964844 29.521472930908203 36.47907257080078 30.035520553588867 30.016000747680664 30.251935958862305 30.142976760864258 30.249343872070312 30.23967933654785 29.93827247619629 
63.98505783081055 31.16873550415039 30.68716812133789 31.425312042236328 30.465951919555664 30.67420768737793 115.1684799194336 29.422239303588867 35.04006576538086 29.947776794433594 29.958911895751953 30.742143630981445 30.05513572692871 29.891679763793945 30.771520614624023 30.170400619506836 
65.02694702148438 29.562496185302734 31.961503982543945 31.091392517089844 31.265439987182617 30.85161590576172 120.08112335205078 29.519968032836914 35.828704833984375 29.914112091064453 30.10211181640625 30.078655242919922 30.12575912475586 30.323551177978516 30.251136779785156 29.880064010620117 
55.624351501464844 29.94540786743164 30.613248825073242 31.857088088989258 31.129535675048828 31.931232452392578 32.048095703125 104.91251373291016 34.530494689941406 30.013343811035156 30.048416137695312 30.06332778930664 30.024032592773438 29.91414451599121 30.345792770385742 30.050399780273438 
68.17491149902344 30.568735122680664 30.278528213500977 30.795711517333984 30.99750328063965 30.747039794921875 121.79817962646484 29.600831985473633 35.829471588134766 29.961471557617188 30.019264221191406 30.262975692749023 30.26665687561035 29.983360290527344 30.184831619262695 30.01299285888672 
67.14656066894531 29.839519500732422 31.151935577392578 31.244192123413086 30.85763168334961 30.868736267089844 113.03984069824219 29.48054313659668 35.063968658447266 30.109792709350586 30.462303161621094 30.131999969482422 30.170368194580078 30.170719146728516 30.16383934020996 30.171295166015625 
65.98851013183594 29.73302459716797 29.925920486450195 31.17375946044922 30.633920669555664 30.88697624206543 120.51030731201172 29.40108871459961 36.583072662353516 30.08051109313965 29.994752883911133 30.189407348632812 30.326847076416016 30.26438331604004 30.246015548706055 30.175872802734375 
64.9922866821289 31.24687957763672 30.79804801940918 30.381824493408203 30.442752838134766 30.61452865600586 112.28221130371094 29.467199325561523 35.07302474975586 30.14838409423828 30.059200286865234 30.17158317565918 30.158143997192383 30.150175094604492 30.123680114746094 30.101823806762695 
58.61417770385742 21.48975944519043 21.004608154296875 22.102848052978516 19.97599983215332 19.937952041625977 19.940448760986328 22.424095153808594 29.91116714477539 19.990304946899414 20.635616302490234 19.986495971679688 20.12553596496582 20.25222396850586 20.432832717895508 20.778560638427734 
36.32771301269531 23.736064910888672 19.95747184753418 20.029247283935547 21.019359588623047 19.97222328186035 22.158048629760742 19.894271850585938 29.978975296020508 20.64303970336914 20.103328704833984 20.52911949157715 20.200639724731445 20.127967834472656 20.95747184753418 20.343679428100586 
35.27699279785156 21.156415939331055 20.491552352905273 20.07926368713379 20.133119583129883 20.01785659790039 21.142112731933594 22.031583786010742 29.438655853271484 20.097375869750977 19.827999114990234 19.805919647216797 19.88262367248535 20.659839630126953 19.87766456604004 20.172351837158203 
35.25094223022461 23.289920806884766 19.35100746154785 20.105663299560547 19.990848541259766 19.946304321289062 19.985376358032227 21.024127960205078 30.338367462158203 19.908287048339844 19.95996856689453 19.902496337890625 20.215391159057617 20.065343856811523 19.810911178588867 20.238431930541992 
36.313377380371094 20.552671432495117 19.976512908935547 19.994783401489258 20.009279251098633 20.084415435791016 19.9716796875 21.04230308532715 30.676576614379883 19.909055709838867 19.78771209716797 19.90131187438965 19.881696701049805 19.90928077697754 19.972639083862305 20.028127670288086 
35.25241470336914 23.74950408935547 19.95782470703125 19.92198371887207 22.246688842773438 19.919296264648438 19.9718074798584 20.990943908691406 29.0532169342041 19.69817543029785 20.396928787231445 19.92073631286621 20.001760482788086 19.966655731201172 19.985183715820312 20.677663803100586 
35.292320251464844 23.699552536010742 19.954336166381836 20.02355194091797 20.049312591552734 19.95631980895996 20.19183921813965 20.968576431274414 30.06380844116211 20.83843231201172 20.65350341796875 20.566207885742188 20.659135818481445 20.841567993164062 20.893024444580078 20.35856056213379 
35.26611328125 24.788671493530273 19.95782470703125 19.985088348388672 23.065887451171875 19.996896743774414 22.24358367919922 20.04640007019043 29.242431640625 20.056224822998047 19.893951416015625 19.796607971191406 19.531360626220703 20.499168395996094 20.01919937133789 19.990367889404297 
35.297760009765625 23.728031158447266 19.899839401245117 20.05379295349121 21.014623641967773 19.965280532836914 21.0118408203125 21.00217628479004 29.932031631469727 19.971616744995117 20.382240295410156 20.302560806274414 20.641887664794922 20.105119705200195 20.321760177612305 20.417631149291992 
36.31804656982422 23.720991134643555 19.972991943359375 21.16102409362793 22.04867172241211 19.95305633544922 19.94870376586914 19.95475196838379 32.47737503051758 19.978464126586914 20.378080368041992 20.83407974243164 19.988000869750977 21.304351806640625 20.03843116760254 20.296096801757812 
33.7720947265625 19.357248306274414 19.367168426513672 19.67305564880371 19.849151611328125 19.89900779724121 19.775104522705078 19.81667137145996 28.540767669677734 20.061023712158203 20.665599822998047 19.773984909057617 19.655807495117188 20.11404800415039 20.11440086364746 20.003679275512695 
33.74358367919922 19.35625648498535 19.621503829956055 19.86841583251953 19.883583068847656 19.976959228515625 20.25641632080078 20.266143798828125 25.92697525024414 20.50771141052246 20.13759994506836 20.147872924804688 20.462432861328125 19.769439697265625 21.041568756103516 20.127071380615234 
34.78121566772461 19.324256896972656 19.35161590576172 19.388063430786133 20.246431350708008 20.40995216369629 20.4869441986084 20.32099151611328 25.820512771606445 20.15497589111328 20.541919708251953 20.28144073486328 20.58198356628418 20.814559936523438 20.100160598754883 20.146591186523438 
33.72185516357422 19.350431442260742 19.736703872680664 20.048383712768555 20.052127838134766 20.103328704833984 20.218528747558594 20.252416610717773 26.753087997436523 20.0447998046875 20.137535095214844 20.571199417114258 20.67795181274414 19.70787239074707 20.232511520385742 20.222431182861328 
33.76774215698242 19.357664108276367 19.617631912231445 19.688032150268555 20.280832290649414 20.255903244018555 20.21401596069336 20.24617576599121 22.46246337890625 20.345823287963867 20.12063980102539 19.9935359954834 20.091840744018555 20.115583419799805 20.123615264892578 19.686912536621094 
33.74611282348633 19.32054328918457 19.654367446899414 19.906015396118164 20.294591903686523 20.37504005432129 20.30384063720703 20.548160552978516 25.694080352783203 20.31020736694336 19.67865562438965 20.023679733276367 20.351520538330078 19.904735565185547 19.76767921447754 19.943359375 
33.76326370239258 19.358976364135742 19.31056022644043 19.488704681396484 19.514463424682617 19.562496185302734 19.703487396240234 19.744895935058594 26.382047653198242 20.125343322753906 20.064287185668945 20.328447341918945 19.6823673248291 19.998048782348633 19.819072723388672 19.998048782348633 
32.683006286621094 19.382463455200195 19.32579231262207 19.334720611572266 19.56671905517578 19.58358383178711 19.566783905029297 19.754528045654297 25.4453125 20.212160110473633 21.505056381225586 19.99692726135254 20.036224365234375 19.927072525024414 20.09974479675293 20.230560302734375 
33.77360153198242 19.422496795654297 19.390655517578125 19.603904724121094 19.54732894897461 19.57526397705078 19.740575790405273 19.73859214782715 26.57494354248047 20.618175506591797 19.745376586914062 19.776704788208008 20.141504287719727 20.017248153686523 19.984479904174805 20.024288177490234 
32.71468734741211 19.327903747558594 19.410240173339844 19.495391845703125 19.69375991821289 19.65056037902832 19.64067268371582 19.642719268798828 26.357696533203125 20.204160690307617 20.119295120239258 20.145599365234375 20.269983291625977 20.331392288208008 20.130464553833008 19.97100830078125 
69.88796997070312 45.26009750366211 44.46086502075195 45.184959411621094 46.379520416259766 45.79238510131836 44.80742263793945 46.231422424316406 49.24140930175781 42.88905715942383 44.15679931640625 43.161441802978516 43.00787353515625 43.58972930908203 43.60102462768555 43.095489501953125 
83.85167694091797 44.17897415161133 45.295616149902344 46.29759979248047 45.407840728759766 44.32451248168945 119.52025604248047 43.739967346191406 50.34163284301758 42.894622802734375 43.3317756652832 43.30931091308594 43.428993225097656 43.310462951660156 43.33123016357422 43.385215759277344 
98.42147064208984 42.90310287475586 44.768287658691406 44.64460754394531 44.74275207519531 46.42563247680664 46.12934494018555 65.19462585449219 50.283199310302734 42.7916145324707 44.04150390625 43.14342498779297 43.766849517822266 43.63932800292969 43.495262145996094 43.02009582519531 
94.15666961669922 42.83388900756836 46.07526397705078 46.48579025268555 45.28636932373047 44.466270446777344 43.90947341918945 75.2204818725586 50.13033676147461 43.029502868652344 44.51932907104492 43.13516616821289 44.001182556152344 43.43212890625 43.33001708984375 43.00700759887695 
111.93299102783203 44.8526725769043 44.880672454833984 44.22246551513672 45.75139236450195 45.41779327392578 44.688865661621094 59.68281555175781 49.7597770690918 43.23622512817383 43.44771194458008 43.430335998535156 44.07865524291992 43.39225769042969 43.18102264404297 43.12345504760742 
86.56559753417969 44.09990310668945 46.08665466308594 45.59833526611328 44.5964469909668 46.42457580566406 46.15311813354492 44.86038589477539 50.09590530395508 43.083553314208984 43.02009582519531 43.32780838012695 43.02988815307617 43.53385543823242 44.5162239074707 42.99628829956055 
105.66057586669922 43.362464904785156 45.582176208496094 45.97343826293945 45.54499053955078 44.70320129394531 108.48713684082031 42.85452651977539 52.212833404541016 43.73891067504883 42.904991149902344 43.348384857177734 43.085601806640625 44.058494567871094 43.51718521118164 43.26438522338867 
105.80786895751953 42.776702880859375 46.75209426879883 45.69865417480469 44.95734405517578 45.219200134277344 46.12876892089844 70.68873596191406 49.485504150390625 43.074337005615234 43.265663146972656 43.212928771972656 43.21955108642578 43.33340835571289 43.82614517211914 43.16649627685547 
100.66156768798828 44.280479431152344 44.741024017333984 46.13190460205078 45.65475082397461 44.354209899902344 99.48111724853516 42.626625061035156 48.959999084472656 43.11769485473633 43.237022399902344 43.68697738647461 43.43171310424805 44.04627227783203 43.522560119628906 43.43532943725586 
105.8334732055664 44.05759811401367 44.98080062866211 45.19014358520508 45.798622131347656 44.6998405456543 46.69046401977539 71.25196838378906 49.03468704223633 43.656639099121094 43.21305465698242 43.31990432739258 43.506526947021484 44.21984100341797 43.12358474731445 44.22608184814453 
98.5887680053711 29.075424194335938 29.544191360473633 30.566944122314453 30.653152465820312 30.76892852783203 30.736671447753906 30.36841583251953 37.02742385864258 30.17203140258789 30.352127075195312 29.60576057434082 29.94175910949707 30.466848373413086 30.12575912475586 29.589536666870117 
48.369537353515625 29.42563247680664 29.306720733642578 30.16441535949707 30.18342399597168 29.83014488220215 29.870431900024414 30.239360809326172 36.26473617553711 29.488704681396484 30.364320755004883 29.888992309570312 29.89676856994629 30.560800552368164 30.709535598754883 30.205888748168945 
51.549312591552734 29.118303298950195 29.659423828125 30.090591430664062 30.468223571777344 30.619136810302734 29.784255981445312 29.94278335571289 38.46265411376953 29.449344635009766 30.179807662963867 30.57187271118164 29.707359313964844 29.578336715698242 30.283519744873047 30.157407760620117 
63.12700653076172 29.213024139404297 29.736255645751953 29.541248321533203 30.139936447143555 29.826976776123047 30.115039825439453 29.795360565185547 35.30636978149414 29.483200073242188 30.318016052246094 29.937408447265625 29.96099281311035 30.150592803955078 30.880191802978516 30.047584533691406 
53.659969329833984 29.164960861206055 29.942432403564453 30.34828758239746 30.472320556640625 30.355648040771484 30.21219253540039 30.404672622680664 36.688961029052734 29.440383911132812 29.916160583496094 30.212064743041992 29.502111434936523 29.802207946777344 30.209375381469727 29.706239700317383 
49.516929626464844 29.088415145874023 29.351295471191406 30.442848205566406 30.478303909301758 30.439136505126953 29.911680221557617 31.00716781616211 38.41155242919922 29.315135955810547 30.345184326171875 30.428512573242188 29.384864807128906 29.608320236206055 30.29439926147461 30.196672439575195 
54.53395080566406 29.070751190185547 29.171295166015625 30.27939224243164 30.38038444519043 30.42697525024414 31.05062484741211 30.67919921875 36.00419235229492 29.94495964050293 31.913984298706055 30.66636848449707 29.753599166870117 29.560287475585938 30.160640716552734 30.938720703125 
48.36659240722656 29.597951889038086 29.92086410522461 30.8720645904541 30.346752166748047 30.538944244384766 29.962112426757812 29.878528594970703 38.44009780883789 29.392831802368164 30.95907211303711 30.492319107055664 29.610496520996094 29.997407913208008 30.649023056030273 30.54515266418457 
60.88835144042969 29.080896377563477 29.285503387451172 30.194847106933594 30.047712326049805 30.132064819335938 29.464160919189453 29.793664932250977 37.84342575073242 30.151103973388672 29.895679473876953 29.537216186523438 32.09996795654297 31.19286346435547 30.052095413208008 29.89449691772461 
50.517822265625 29.04457664489746 30.718656539916992 30.234912872314453 30.127744674682617 29.796287536621094 29.687807083129883 29.490976333618164 38.03830337524414 30.350431442260742 29.494144439697266 29.685504913330078 30.06800079345703 29.46544075012207 29.669408798217773 30.758047103881836 
44.62022399902344 24.676511764526367 25.023775100708008 25.02992057800293 26.651552200317383 26.203264236450195 25.448991775512695 26.325536727905273 32.19987106323242 25.7040958404541 25.73833656311035 25.64009666442871 25.633567810058594 26.313343048095703 25.660160064697266 25.586719512939453 
48.67891311645508 25.109024047851562 24.85603141784668 25.349695205688477 25.608928680419922 25.750688552856445 25.32601547241211 106.87321472167969 30.535680770874023 25.144832611083984 25.55366325378418 25.18342399597168 25.19705581665039 25.424896240234375 25.434816360473633 25.72153663635254 
50.664833068847656 24.928607940673828 25.149120330810547 25.416351318359375 25.49135971069336 25.274816513061523 25.133983612060547 25.665536880493164 31.004192352294922 25.35103988647461 25.36969566345215 25.61942481994629 25.569791793823242 25.381568908691406 25.622175216674805 25.727840423583984 
43.56492614746094 24.617055892944336 24.96454429626465 24.978975296020508 26.238431930541992 26.22047996520996 25.31964874267578 58.37206268310547 32.39756774902344 25.064191818237305 25.459423065185547 25.629056930541992 25.576480865478516 25.599136352539062 25.63523292541504 25.588895797729492 
51.68678283691406 24.646623611450195 25.145408630371094 25.47724723815918 25.25836753845215 25.082975387573242 25.49625587463379 25.58723258972168 31.808576583862305 25.212223052978516 25.3756160736084 26.356128692626953 25.64112091064453 25.596223831176758 25.59107208251953 25.6595516204834 
59.14265441894531 24.63983917236328 25.02092742919922 25.170656204223633 25.138656616210938 25.74790382385254 25.993919372558594 25.38960075378418 32.29644775390625 24.964256286621094 25.245088577270508 25.522207260131836 25.40665626525879 25.66534423828125 25.575551986694336 25.761728286743164 
53.796993255615234 24.643999099731445 25.321279525756836 25.38982391357422 25.34169578552246 25.22617530822754 25.304607391357422 25.430912017822266 31.697343826293945 25.129152297973633 25.40880012512207 25.6560001373291 25.463424682617188 26.099519729614258 25.359615325927734 26.21232032775879 
52.80400085449219 24.594240188598633 24.630016326904297 25.75334358215332 25.597759246826172 25.677919387817383 25.978464126586914 25.862272262573242 32.936798095703125 25.216415405273438 25.11155128479004 25.489824295043945 25.657695770263672 25.399200439453125 25.376447677612305 25.551712036132812 
48.78905487060547 24.635040283203125 24.869216918945312 24.959775924682617 25.781343460083008 25.753280639648438 25.236896514892578 46.91484832763672 32.12895965576172 25.28656005859375 25.44086456298828 25.377792358398438 26.990816116333008 24.879199981689453 25.20796775817871 25.191200256347656 
53.79926300048828 24.923871994018555 25.236736297607422 25.161632537841797 25.133407592773438 25.394336700439453 25.487903594970703 25.16396713256836 33.14255905151367 24.93507194519043 25.111520767211914 25.369535446166992 25.756832122802734 25.545663833618164 25.509632110595703 25.565471649169922 
54.93369674682617 23.044736862182617 23.531936645507812 23.951391220092773 24.039968490600586 23.88425636291504 23.491487503051758 23.79724884033203 34.11840057373047 23.78188705444336 23.889856338500977 24.645503997802734 23.895423889160156 24.387712478637695 24.2379207611084 23.974016189575195 
42.5775032043457 22.981536865234375 23.269311904907227 23.9965763092041 24.09712028503418 24.070880889892578 23.6279354095459 93.26358032226562 33.884033203125 23.806175231933594 24.048864364624023 23.940671920776367 24.041568756103516 23.917760848999023 24.296512603759766 24.120607376098633 
40.45075225830078 23.147775650024414 23.566368103027344 23.686431884765625 23.70524787902832 23.4946231842041 24.168575286865234 24.351232528686523 33.313697814941406 23.852447509765625 23.71980857849121 23.84966468811035 24.101823806762695 25.367712020874023 23.829919815063477 24.17011260986328 
39.1569938659668 23.062047958374023 23.206783294677734 23.701631546020508 23.57094383239746 23.512447357177734 24.470144271850586 70.54902648925781 34.84182357788086 23.717727661132812 24.081247329711914 23.9399356842041 23.857215881347656 24.25222396850586 24.136064529418945 24.129535675048828 
41.50156784057617 23.201248168945312 23.060319900512695 23.700735092163086 24.24985694885254 24.313440322875977 24.29155158996582 94.99517059326172 33.91177749633789 23.681184768676758 24.14543914794922 23.736223220825195 23.90278434753418 23.989503860473633 24.274080276489258 23.96396827697754 
40.47391891479492 23.615615844726562 23.63884735107422 23.687040328979492 23.64735984802246 23.743040084838867 24.419456481933594 24.271583557128906 34.16313552856445 23.557119369506836 23.389503479003906 23.978527069091797 24.142976760864258 23.774272918701172 23.799360275268555 23.819520950317383 
40.37324905395508 23.24799919128418 23.03036880493164 23.347583770751953 24.03763198852539 24.354175567626953 24.10323143005371 93.00201416015625 35.249473571777344 23.81385612487793 23.705888748168945 24.038944244384766 24.013216018676758 24.04524803161621 23.75654411315918 24.067712783813477 
40.41584014892578 23.16339111328125 23.96998405456543 24.18320083618164 24.172351837158203 23.72470474243164 23.549951553344727 95.0321273803711 35.03263854980469 23.58518409729004 24.843904495239258 24.46463966369629 23.87500762939453 23.74006462097168 23.76495933532715 24.001407623291016 
41.554847717285156 23.066879272460938 23.35148811340332 24.230623245239258 24.796735763549805 24.543264389038086 23.731679916381836 94.97952270507812 35.996673583984375 24.277568817138672 23.95804786682129 24.416799545288086 24.729856491088867 23.823936462402344 23.881088256835938 24.335552215576172 
41.484161376953125 23.040864944458008 23.096479415893555 24.021087646484375 23.740127563476562 23.738399505615234 24.333696365356445 88.27935791015625 34.400543212890625 23.954463958740234 24.0468807220459 23.880191802978516 24.079551696777344 24.18720054626465 23.74553680419922 23.8973445892334 
46.28607940673828 28.305376052856445 28.730783462524414 29.836544036865234 29.83673667907715 29.254783630371094 29.632991790771484 67.99494171142578 39.00873565673828 28.7989444732666 29.734752655029297 28.338336944580078 29.323711395263672 28.64633560180664 29.665279388427734 28.748319625854492 
55.69126510620117 28.337696075439453 28.426624298095703 28.36083221435547 28.83510398864746 29.806304931640625 29.455520629882812 120.95769500732422 38.12307357788086 28.42803192138672 29.266143798828125 28.799583435058594 29.537919998168945 28.810272216796875 29.40764808654785 28.91539192199707 
54.567710876464844 28.25040054321289 29.110271453857422 28.807327270507812 29.12726402282715 29.155071258544922 29.0513916015625 122.7896957397461 37.69084930419922 29.3603515625 28.471935272216797 29.64041519165039 28.552448272705078 29.656095504760742 28.593408584594727 29.65500831604004 
52.49900817871094 29.06559944152832 29.180639266967773 28.960832595825195 29.40729522705078 28.799232482910156 29.32655906677246 122.67718505859375 38.06572723388672 28.6246395111084 29.691680908203125 28.47939109802246 29.841279983520508 28.59017562866211 29.719776153564453 28.528095245361328 
52.48313522338867 28.716415405273438 28.654176712036133 29.073856353759766 29.251392364501953 29.480159759521484 29.5196475982666 125.7432632446289 38.70579147338867 28.397184371948242 29.16489601135254 28.488800048828125 28.724384307861328 29.932960510253906 29.739999771118164 28.40755271911621 
51.36832046508789 29.652639389038086 28.418432235717773 28.529695510864258 29.45199966430664 29.425567626953125 105.37987518310547 27.958080291748047 39.12351989746094 29.25574493408203 28.856735229492188 29.33942413330078 28.6395206451416 29.35273551940918 28.515552520751953 29.39129638671875 
56.68143844604492 28.384000778198242 28.549312591552734 28.582624435424805 29.068832397460938 28.836063385009766 29.423519134521484 103.70246124267578 39.01059341430664 28.49225616455078 29.422592163085938 28.710079193115234 29.412704467773438 28.514848709106445 29.719839096069336 28.572927474975586 
58.81603240966797 28.07744026184082 28.037599563598633 28.71164894104004 29.089248657226562 28.6711368560791 28.935871124267578 122.15727996826172 38.094112396240234 29.149311065673828 28.922752380371094 28.81100845336914 28.928991317749023 29.2906551361084 29.05344009399414 29.152320861816406 
57.70336151123047 28.14975929260254 28.677087783813477 29.29756736755371 29.271167755126953 29.609695434570312 29.405824661254883 107.20086669921875 39.80767822265625 28.84819221496582 28.902687072753906 29.288192749023438 29.130048751831055 29.03264045715332 28.510271072387695 29.792415618896484 
54.592830657958984 28.2890567779541 28.04035186767578 29.528736114501953 29.451936721801758 29.365535736083984 28.87366485595703 126.71171569824219 39.98953628540039 29.10665512084961 29.4454402923584 28.950176239013672 29.31987190246582 28.56470489501953 29.716575622558594 28.9967041015625 
44.159969329833984 21.4586238861084 21.14169692993164 21.595359802246094 22.050880432128906 22.415552139282227 22.388896942138672 40.289344787597656 28.083616256713867 21.563968658447266 21.376575469970703 21.728544235229492 21.994848251342773 21.741024017333984 22.009023666381836 21.876768112182617 
32.41356658935547 21.078815460205078 21.09107208251953 21.14703941345215 21.602495193481445 22.00713539123535 22.5948486328125 22.282880783081055 28.657472610473633 21.94118309020996 21.84204864501953 21.840608596801758 21.782976150512695 21.609376907348633 21.65100860595703 21.961183547973633 
36.56953430175781 21.072479248046875 21.092832565307617 21.326303482055664 21.347455978393555 26.145631790161133 21.898143768310547 21.95244789123535 27.255807876586914 21.80771255493164 22.15065574645996 21.6279354095459 22.052064895629883 22.25436782836914 21.716480255126953 22.37126350402832 
34.49683380126953 21.05731201171875 21.198623657226562 21.256351470947266 21.30691146850586 23.807104110717773 21.854751586914062 22.210975646972656 28.27244758605957 21.772768020629883 21.906719207763672 21.68351936340332 21.842144012451172 23.718591690063477 21.816640853881836 21.94767951965332 
35.54412841796875 21.078079223632812 21.328767776489258 21.655071258544922 21.663423538208008 23.948415756225586 21.3670711517334 21.471744537353516 28.459487915039062 21.595903396606445 21.64396858215332 21.97769546508789 21.663711547851562 21.738943099975586 21.936864852905273 21.949888229370117 
33.4681282043457 21.066591262817383 21.140127182006836 21.615135192871094 22.33839988708496 25.912416458129883 22.235231399536133 80.2017593383789 25.014944076538086 22.33087921142578 21.65056037902832 21.70307159423828 22.51558494567871 21.618560791015625 21.69705581665039 22.315359115600586 
35.527774810791016 21.097312927246094 21.409664154052734 21.470367431640625 21.8372802734375 21.6147518157959 21.554176330566406 83.81929779052734 28.712383270263672 21.64201545715332 22.26198387145996 21.63916778564453 21.689664840698242 21.983200073242188 21.77414321899414 21.712608337402344 
36.59203338623047 21.219327926635742 21.565216064453125 21.697376251220703 21.807392120361328 23.495168685913086 21.624671936035156 21.550207138061523 26.295007705688477 21.718656539916992 21.776063919067383 22.013408660888672 21.8022403717041 21.814271926879883 22.18854331970215 21.622528076171875 
32.410430908203125 21.04431915283203 21.072256088256836 21.13033676147461 21.654560089111328 22.041311264038086 21.929759979248047 71.0116195678711 28.804672241210938 21.708576202392578 21.978303909301758 21.850496292114258 21.921695709228516 22.017663955688477 21.6648006439209 21.714496612548828 
34.48787307739258 21.100191116333008 21.337631225585938 21.455808639526367 21.56185531616211 21.466655731201172 21.44976043701172 21.499807357788086 26.022720336914062 21.989791870117188 21.45145606994629 22.382848739624023 22.02787208557129 21.647199630737305 21.72275161743164 21.88844871520996 
39.320640563964844 23.351808547973633 23.727519989013672 23.706592559814453 23.618335723876953 24.4487361907959 24.811264038085938 53.41155242919922 30.48748779296875 24.366943359375 24.48863983154297 23.992319107055664 24.763456344604492 24.317312240600586 24.558143615722656 24.895456314086914 
39.605247497558594 23.460224151611328 23.421215057373047 23.85603141784668 24.625215530395508 24.783103942871094 24.134815216064453 23.709760665893555 31.03673553466797 24.24355125427246 24.606271743774414 24.166688919067383 23.95756721496582 24.907583236694336 24.427104949951172 24.074655532836914 
40.66284942626953 23.482431411743164 23.79737663269043 23.975807189941406 24.170015335083008 24.13542366027832 24.424640655517578 24.428064346313477 31.866464614868164 24.232864379882812 24.294336318969727 24.374431610107422 24.30291175842285 23.797151565551758 24.69183921813965 24.804607391357422 
39.5621452331543 23.85196876525879 23.79475212097168 23.909088134765625 24.218271255493164 23.904512405395508 24.071392059326172 24.761920928955078 30.709440231323242 24.373023986816406 24.174976348876953 24.15190315246582 24.347232818603516 24.58188819885254 24.227519989013672 24.50752067565918 
39.600032806396484 23.459392547607422 23.57427215576172 23.81497573852539 23.950336456298828 24.804607391357422 24.598400115966797 23.94723129272461 29.23481559753418 24.26032066345215 24.29804801940918 24.747840881347656 24.432064056396484 24.150239944458008 24.709728240966797 24.267744064331055 
40.655296325683594 23.631071090698242 23.409408569335938 23.90665626525879 24.449344635009766 24.106719970703125 23.67011260986328 24.40399932861328 33.66739273071289 24.333215713500977 24.298336029052734 24.608352661132812 24.805856704711914 24.534175872802734 24.175968170166016 24.591232299804688 
39.626304626464844 23.47305679321289 23.389055252075195 24.615999221801758 24.622848510742188 24.40390396118164 23.830751419067383 24.1396484375 31.09324836730957 24.21513557434082 24.83171272277832 24.599103927612305 24.04096031188965 24.2827205657959 24.76006317138672 24.335615158081055 
54.30614471435547 23.389055252075195 23.750272750854492 23.85353660583496 24.021120071411133 24.631071090698242 24.442495346069336 24.267967224121094 33.64876937866211 24.32793617248535 24.128704071044922 24.76927947998047 24.40598487854004 24.525087356567383 24.360000610351562 24.780479431152344 
39.617374420166016 23.50409507751465 23.870271682739258 23.944799423217773 23.988384246826172 24.584192276000977 24.735008239746094 24.638784408569336 30.479263305664062 24.888351440429688 24.372127532958984 24.802143096923828 24.341888427734375 24.63542366027832 24.37843132019043 24.22051239013672 
41.727169036865234 23.405439376831055 23.357215881347656 24.66521644592285 24.923583984375 24.453983306884766 23.75116729736328 24.33203125 30.367904663085938 24.158655166625977 24.548608779907227 24.71843147277832 24.232032775878906 24.20012855529785 24.423999786376953 24.62838363647461 
43.93708801269531 28.718143463134766 28.473791122436523 29.357664108276367 30.561599731445312 30.294464111328125 29.966400146484375 75.76358032226562 38.45372772216797 29.543743133544922 29.096864700317383 29.17977523803711 29.867904663085938 28.879871368408203 30.177759170532227 29.519968032836914 
93.09241485595703 28.6309757232666 28.604736328125 28.633024215698242 29.04960060119629 28.894880294799805 29.123903274536133 29.53273582458496 36.7663688659668 29.045312881469727 28.901248931884766 29.83113670349121 28.82579231262207 29.26531219482422 29.498367309570312 30.56163215637207 
57.33103942871094 28.641536712646484 28.47635269165039 29.144384384155273 29.84671974182129 29.677919387817383 29.141183853149414 29.483360290527344 36.20380783081055 29.041311264038086 29.100351333618164 29.024927139282227 30.999967575073242 29.236255645751953 29.4432315826416 30.217920303344727 
61.53718566894531 28.813087463378906 29.219392776489258 29.29462432861328 29.18899154663086 29.4736328125 30.237855911254883 29.833311080932617 37.39491271972656 29.180192947387695 29.75811195373535 29.04662322998047 29.172927856445312 29.632896423339844 29.42745590209961 29.25174331665039 
59.49456024169922 28.590368270874023 28.82361602783203 29.634239196777344 29.221023559570312 29.98966407775879 29.430944442749023 29.870431900024414 37.1893424987793 28.91654396057129 29.01807975769043 29.827072143554688 28.945663452148438 29.294784545898438 29.81020736694336 29.275583267211914 
50.25436782836914 29.68524742126465 29.498271942138672 30.045759201049805 29.777023315429688 29.543968200683594 29.8570556640625 29.6213436126709 37.46284866333008 29.026912689208984 29.845855712890625 29.28937530517578 29.19206428527832 31.651456832885742 29.92304039001465 29.707199096679688 
46.835105895996094 28.616512298583984 29.08415985107422 29.513887405395508 29.7959041595459 29.576032638549805 29.028127670288086 29.63609504699707 37.72880172729492 29.51353645324707 28.998624801635742 29.357215881347656 29.77686309814453 29.081375122070312 29.607616424560547 29.92803192138672 
53.1550407409668 28.60550308227539 29.488479614257812 29.807392120361328 29.510047912597656 29.494592666625977 28.907136917114258 29.8637752532959 37.31622314453125 28.908479690551758 29.646400451660156 29.322208404541016 29.09619140625 30.12668800354004 28.895263671875 29.680160522460938 
83.75353240966797 28.986080169677734 28.977279663085938 29.5729923248291 29.944063186645508 30.346431732177734 29.78825569152832 30.059040069580078 36.92496109008789 28.94326400756836 29.980127334594727 29.969152450561523 29.360031127929688 30.051712036132812 29.46303939819336 29.22550392150879 
57.30992126464844 28.54857635498047 29.403423309326172 29.17081642150879 29.52911949157715 29.37299156188965 29.46339225769043 28.92585563659668 38.1409912109375 29.282367706298828 30.364864349365234 29.582368850708008 29.101503372192383 29.79929542541504 28.96953582763672 29.56380844116211 
55.5610237121582 20.333248138427734 19.92416000366211 20.019136428833008 20.081119537353516 20.139232635498047 20.072128295898438 21.025503158569336 31.186176300048828 20.000511169433594 19.59324836730957 20.259296417236328 20.22640037536621 20.18556785583496 20.408735275268555 20.514528274536133 
34.59452819824219 19.434816360473633 20.225311279296875 20.213407516479492 20.94767951965332 20.32601547241211 22.66067123413086 22.064960479736328 29.26995277404785 19.88515281677246 19.970495223999023 20.086463928222656 19.943584442138672 19.956127166748047 19.979360580444336 19.92633628845215 
34.611358642578125 21.328895568847656 24.34761619567871 19.81702423095703 20.270111083984375 20.220319747924805 20.386720657348633 21.627775192260742 28.636735916137695 20.134336471557617 20.135263442993164 20.248607635498047 19.922239303588867 19.70502471923828 20.170944213867188 19.906335830688477 
34.5503044128418 19.486080169677734 20.767488479614258 20.189472198486328 23.5283203125 19.736255645751953 19.819679260253906 22.135456085205078 28.822975158691406 20.625568389892578 20.730464935302734 20.879871368408203 20.11574363708496 20.026432037353516 20.005855560302734 19.882368087768555 
34.58185577392578 19.41094398498535 19.86172866821289 19.936351776123047 20.171648025512695 20.95110321044922 21.0031681060791 20.936063766479492 27.70582389831543 20.260639190673828 20.435840606689453 20.756607055664062 20.833984375 20.29724884033203 20.38105583190918 20.134687423706055 
34.554176330566406 19.412384033203125 19.841760635375977 20.0467529296875 19.990367889404297 22.142208099365234 19.966047286987305 21.057952880859375 29.843231201171875 20.186016082763672 19.989919662475586 20.033824920654297 19.905567169189453 20.115968704223633 20.048799514770508 19.645631790161133 
34.58915328979492 19.424095153808594 19.826143264770508 19.945791244506836 21.20694351196289 19.869823455810547 20.017568588256836 22.146848678588867 29.746240615844727 20.603071212768555 20.489791870117188 20.060991287231445 20.124927520751953 20.39913558959961 19.925600051879883 19.646976470947266 
34.55152130126953 19.3569278717041 19.92076873779297 19.978015899658203 20.3305606842041 19.909408569335938 19.993087768554688 22.105087280273438 30.123327255249023 19.879711151123047 19.896703720092773 20.144832611083984 20.086591720581055 20.265823364257812 19.696063995361328 20.64182472229004 
34.559776306152344 19.399295806884766 19.86796760559082 20.082687377929688 23.158815383911133 19.855680465698242 21.06278419494629 21.08345603942871 26.30294418334961 20.351648330688477 20.574016571044922 20.593791961669922 20.72960090637207 20.830463409423828 20.073759078979492 19.985408782958984 
35.58992004394531 19.42304039001465 19.871360778808594 19.99795150756836 20.00649642944336 19.966304779052734 19.96556854248047 21.054784774780273 30.18022346496582 19.88787269592285 19.732608795166016 20.179136276245117 20.13167953491211 20.180864334106445 20.039295196533203 19.94118309020996 
29.65135955810547 18.360383987426758 18.365215301513672 18.911296844482422 19.08940887451172 19.117919921875 19.183584213256836 19.31939125061035 29.542144775390625 19.132415771484375 18.990495681762695 19.408544540405273 18.87980842590332 18.963680267333984 19.144575119018555 19.26108741760254 
16.242624282836914 15.494784355163574 15.588288307189941 15.852607727050781 15.975584030151367 15.931072235107422 15.871871948242188 15.83619213104248 17.228544235229492 16.070240020751953 16.78607940673828 16.068256378173828 15.895008087158203 16.33020782470703 15.862112045288086 16.702911376953125 
58.08924865722656 18.284832000732422 18.183807373046875 18.325279235839844 18.472511291503906 18.665664672851562 18.64067268371582 18.737407684326172 28.396448135375977 18.7708797454834 19.41516876220703 18.88800048828125 19.122751235961914 19.274688720703125 18.904767990112305 19.314144134521484 
15.843104362487793 15.462911605834961 15.522015571594238 15.431136131286621 15.541152000427246 15.647616386413574 15.674880027770996 15.664511680603027 19.381120681762695 17.80112075805664 15.559455871582031 16.14339256286621 15.941311836242676 16.135135650634766 16.52684783935547 15.816448211669922 
63.202945709228516 18.21129608154297 18.266719818115234 18.25542449951172 18.486879348754883 18.492351531982422 18.5416316986084 18.7903995513916 25.842464447021484 18.854080200195312 19.433504104614258 18.885984420776367 19.357664108276367 19.18992042541504 18.750463485717773 18.7620792388916 
15.902912139892578 15.447551727294922 15.502528190612793 15.452320098876953 15.434656143188477 15.755488395690918 15.867136001586914 15.844799995422363 18.865375518798828 16.960895538330078 15.976223945617676 16.498815536499023 16.18227195739746 16.102048873901367 16.017887115478516 15.91158390045166 
49.605472564697266 18.270431518554688 18.308639526367188 18.855615615844727 19.17795181274414 19.20467185974121 19.169919967651367 75.1436767578125 24.495935440063477 19.176000595092773 18.656959533691406 19.13248062133789 18.990751266479492 19.078271865844727 19.088895797729492 18.923999786376953 
16.177440643310547 15.485952377319336 15.4717435836792 15.537983894348145 15.558496475219727 15.555232048034668 15.521087646484375 15.892831802368164 18.9237117767334 16.832351684570312 16.014623641967773 16.31769561767578 15.749471664428711 16.134239196777344 15.896991729736328 15.709823608398438 
60.19673538208008 18.238784790039062 18.244319915771484 18.237472534179688 18.94879913330078 18.747615814208984 18.627744674682617 18.638240814208984 28.661983489990234 18.7126407623291 19.33558464050293 18.863487243652344 18.78598403930664 19.10812759399414 18.91257667541504 19.004255294799805 
15.980928421020508 15.40880012512207 15.414976119995117 15.92627239227295 16.01958465576172 15.957119941711426 15.789407730102539 15.845151901245117 19.391040802001953 17.4968318939209 15.917440414428711 16.79100799560547 15.802528381347656 16.170303344726562 15.943552017211914 15.881343841552734 
53.664703369140625 18.199935913085938 18.24928092956543 18.408512115478516 18.515071868896484 18.469472885131836 18.519775390625 18.758655548095703 27.03875160217285 19.146976470947266 18.867456436157227 18.922271728515625 18.875423431396484 18.777568817138672 19.023487091064453 18.840255737304688 
15.876480102539062 15.481151580810547 15.417023658752441 15.812159538269043 16.07030487060547 16.151264190673828 15.930144309997559 15.66163158416748 17.245952606201172 16.278911590576172 16.279552459716797 16.00489616394043 15.953344345092773 16.103168487548828 16.001951217651367 15.998496055603027 
72.53107452392578 18.251007080078125 18.21664047241211 18.34329605102539 18.907743453979492 19.119647979736328 19.18230438232422 81.55833435058594 24.641376495361328 18.96691131591797 18.813631057739258 18.800384521484375 18.845151901245117 19.305248260498047 18.923519134521484 18.829599380493164 
16.025983810424805 15.466912269592285 15.521535873413086 15.853631973266602 15.928832054138184 15.89247989654541 15.825535774230957 15.54361629486084 17.515743255615234 17.04697608947754 15.866944313049316 15.8887357711792 15.60416030883789 16.388639450073242 15.986720085144043 15.741727828979492 
60.185665130615234 18.274112701416016 18.264095306396484 18.45452880859375 18.409343719482422 18.758848190307617 18.81939125061035 18.779584884643555 29.01628875732422 19.292512893676758 19.06175994873047 18.968063354492188 18.916831970214844 18.925983428955078 18.60348892211914 19.26371192932129 
16.19593620300293 15.48147201538086 15.53542423248291 15.691840171813965 15.889632225036621 15.932479858398438 15.620672225952148 15.870752334594727 16.421184539794922 16.251487731933594 15.975423812866211 15.581952095031738 16.0382080078125 15.821855545043945 15.68825626373291 15.542559623718262 
62.38713455200195 18.261728286743164 18.283615112304688 18.33078384399414 18.90825653076172 19.185216903686523 19.2040958404541 19.368576049804688 23.675392150878906 18.698272705078125 18.689632415771484 19.06230354309082 19.02079963684082 18.937824249267578 18.876192092895508 18.776063919067383 
16.230560302734375 15.591775894165039 15.4104642868042 15.463744163513184 15.49779224395752 15.452704429626465 15.494303703308105 15.589280128479004 17.55516815185547 16.17919921875 15.909631729125977 15.649503707885742 15.474111557006836 16.161088943481445 16.260448455810547 16.039295196533203 
51.59590530395508 18.24995231628418 18.434368133544922 18.474143981933594 18.623424530029297 18.983295440673828 18.996639251708984 115.30384063720703 26.18003273010254 19.029151916503906 19.54150390625 18.82364845275879 18.600927352905273 18.794208526611328 18.532512664794922 19.00809669494629 
15.973631858825684 15.455936431884766 15.492223739624023 15.603008270263672 15.791040420532227 15.628095626831055 15.84768009185791 15.926048278808594 18.875263214111328 17.199039459228516 15.84886360168457 16.984607696533203 15.948479652404785 16.8055362701416 15.61190414428711 15.852160453796387 
73.4791030883789 21.21353530883789 21.58915138244629 21.82464027404785 21.647808074951172 21.542495727539062 21.52876853942871 98.84134674072266 27.735103607177734 21.758943557739258 21.7391357421875 21.69865608215332 21.770496368408203 21.800384521484375 22.15001678466797 21.763839721679688 
35.7289924621582 21.216224670410156 21.262048721313477 21.75315284729004 21.7640323638916 21.859647750854492 21.850271224975586 21.804895401000977 27.828767776489258 21.80124855041504 21.94643211364746 21.683168411254883 21.935199737548828 21.814943313598633 21.878559112548828 22.071744918823242 
37.83881759643555 21.287263870239258 21.520000457763672 22.2043514251709 22.11756706237793 22.101055145263672 22.085664749145508 85.19414520263672 30.6507511138916 21.711360931396484 22.035743713378906 22.746688842773438 21.75212860107422 21.96112060546875 22.53513526916504 21.755104064941406 
36.7762565612793 21.268831253051758 21.263872146606445 21.485183715820312 21.65817642211914 21.76371192932129 21.845632553100586 22.292512893676758 26.673280715942383 21.719167709350586 21.748863220214844 21.74095916748047 22.012256622314453 21.7061767578125 22.03049659729004 22.024799346923828 
37.82912063598633 21.252832412719727 21.5067195892334 21.651168823242188 21.693824768066406 21.917343139648438 21.800832748413086 78.35171508789062 27.764991760253906 22.193471908569336 21.74118423461914 21.517440795898438 22.148319244384766 21.74060821533203 22.039968490600586 22.80031967163086 
36.760223388671875 21.259904861450195 21.483327865600586 21.710304260253906 21.721248626708984 21.828351974487305 21.7640323638916 84.7135009765625 26.348031997680664 21.71436882019043 21.7840633392334 21.923871994018555 21.836416244506836 21.900575637817383 22.03670310974121 21.824480056762695 
38.87324905395508 21.287551879882812 21.34979248046875 21.440000534057617 21.53708839416504 21.740480422973633 22.070432662963867 22.541696548461914 28.779647827148438 22.574623107910156 21.89753532409668 22.187328338623047 21.924896240234375 21.82806396484375 22.0150089263916 21.716928482055664 
36.77724838256836 21.25663948059082 21.295711517333984 21.57209587097168 21.723295211791992 21.714208602905273 21.614559173583984 21.704383850097656 28.60032081604004 21.911327362060547 21.840288162231445 22.60492706298828 21.70319938659668 21.900928497314453 22.576480865478516 21.746784210205078 
37.824798583984375 21.259199142456055 21.73961639404297 22.0284481048584 22.166336059570312 22.160768508911133 21.74051284790039 85.46002960205078 29.352352142333984 21.74083137512207 22.087295532226562 21.715167999267578 21.944063186645508 22.041759490966797 21.79795265197754 22.363967895507812 
36.793792724609375 21.40719985961914 21.536672592163086 22.30406379699707 22.419071197509766 22.227519989013672 22.069984436035156 88.75599670410156 28.71353530883789 22.14409637451172 21.902624130249023 21.978496551513672 22.244415283203125 21.957759857177734 21.780223846435547 21.869375228881836 
41.394561767578125 25.006912231445312 25.06924819946289 25.102144241333008 26.25484848022461 26.075647354125977 26.197792053222656 26.51215934753418 32.97449493408203 25.845279693603516 26.2142391204834 26.009920120239258 26.405216217041016 26.31279945373535 26.31046485900879 26.25276756286621 
41.5810546875 25.2109432220459 25.207231521606445 25.379072189331055 26.019136428833008 26.27017593383789 25.743423461914062 26.35443115234375 32.08003234863281 25.926528930664062 25.843584060668945 25.849023818969727 26.029375076293945 28.12668800354004 26.220991134643555 25.77440071105957 
37.08937454223633 25.801183700561523 25.725568771362305 25.392192840576172 25.643871307373047 26.477312088012695 26.279104232788086 58.38822555541992 32.57475280761719 26.15171241760254 26.143680572509766 26.137632369995117 26.417280197143555 26.164352416992188 26.07094383239746 25.76348876953125 
85.46409606933594 24.98841667175293 25.069759368896484 26.53276824951172 26.623199462890625 26.156959533691406 26.60688018798828 26.819520950317383 33.87267303466797 26.113407135009766 26.50374412536621 26.445215225219727 26.452512741088867 26.746112823486328 26.150592803955078 26.349760055541992 
39.27174377441406 25.380416870117188 25.35990333557129 26.014751434326172 26.357471466064453 25.74950408935547 25.99990463256836 26.500288009643555 30.502399444580078 25.811967849731445 28.392704010009766 26.25619125366211 25.37843132019043 25.42838478088379 25.93561553955078 26.574880599975586 
41.626014709472656 25.47635269165039 25.317344665527344 25.57948875427246 25.885791778564453 26.59164810180664 26.511327743530273 25.784191131591797 32.938751220703125 26.34864044189453 26.322463989257812 25.32169532775879 26.11123275756836 26.1312313079834 26.25904083251953 26.19660758972168 
42.585182189941406 25.77199935913086 25.4531192779541 25.74355125427246 26.446592330932617 26.766143798828125 26.13523292541504 25.461503982543945 33.81564712524414 25.561439514160156 25.51148796081543 26.08083152770996 26.33807945251465 26.470687866210938 26.202783584594727 26.31987190246582 
39.384830474853516 25.383071899414062 25.01465606689453 26.125919342041016 26.388511657714844 26.208736419677734 26.235776901245117 45.2869758605957 33.41417694091797 25.657791137695312 25.550399780273438 25.874784469604492 26.457151412963867 26.23923110961914 26.052127838134766 25.836864471435547 
39.469825744628906 25.476608276367188 25.844127655029297 26.21824073791504 25.88591957092285 26.395008087158203 26.353696823120117 25.551807403564453 32.88703918457031 25.851104736328125 26.03875160217285 26.205120086669922 26.253183364868164 26.868288040161133 26.212831497192383 26.185216903686523 
40.553184509277344 25.31439971923828 25.661312103271484 25.684831619262695 25.861120223999023 25.99884796142578 26.209632873535156 25.66320037841797 32.0467529296875 25.667295455932617 26.43142318725586 26.161823272705078 26.195648193359375 26.13158416748047 27.20207977294922 26.376224517822266 
38.812286376953125 21.917152404785156 22.064416885375977 22.12918472290039 22.024511337280273 22.078432083129883 22.169567108154297 22.39142417907715 30.59609603881836 22.150815963745117 22.10915184020996 22.423744201660156 22.293535232543945 22.477088928222656 22.165088653564453 22.620319366455078 
44.92473602294922 21.756479263305664 22.065631866455078 21.990720748901367 22.01958465576172 22.055967330932617 22.04275131225586 22.119840621948242 30.65452766418457 22.120479583740234 22.472415924072266 22.568992614746094 22.372800827026367 22.404640197753906 22.344928741455078 22.6942081451416 
43.82783889770508 21.67616081237793 22.01126480102539 22.352863311767578 22.240320205688477 22.243743896484375 22.246463775634766 22.294336318969727 29.566303253173828 22.300575256347656 22.569120407104492 22.34886360168457 22.96892738342285 22.353919982910156 22.440000534057617 22.305376052856445 
44.916927337646484 21.704191207885742 22.260671615600586 22.285600662231445 22.230304718017578 22.17193603515625 22.097984313964844 22.23379135131836 27.364288330078125 22.215967178344727 22.156639099121094 22.359359741210938 22.331584930419922 22.50351905822754 22.369375228881836 22.453311920166016 
44.898719787597656 21.69705581665039 21.693119049072266 21.729183197021484 22.093791961669922 22.241119384765625 22.918912887573242 23.127487182617188 28.062847137451172 22.30918312072754 22.49951934814453 22.34396743774414 22.46563148498535 22.347423553466797 22.43494415283203 22.452415466308594 
38.61088180541992 21.71059226989746 21.813472747802734 22.18649673461914 22.281856536865234 23.005632400512695 23.300416946411133 22.868799209594727 29.099071502685547 22.14703941345215 23.9182071685791 22.644927978515625 22.343231201171875 22.378175735473633 22.392032623291016 22.54876708984375 
44.95897674560547 21.72604751586914 21.689599990844727 21.99203109741211 22.135007858276367 22.20230484008789 22.620576858520508 23.109535217285156 31.956287384033203 22.021472930908203 22.213632583618164 22.420927047729492 22.393503189086914 22.305280685424805 22.42153549194336 22.641504287719727 
50.148414611816406 21.71286392211914 21.75881576538086 22.26518440246582 23.02934455871582 23.159744262695312 22.665536880493164 22.42915153503418 29.241535186767578 22.254623413085938 22.347679138183594 22.555648803710938 22.23855972290039 22.44099235534668 22.24118423461914 22.59984016418457 
43.83651351928711 21.674911499023438 21.887359619140625 22.036672592163086 22.122880935668945 22.10095977783203 22.82316780090332 23.145631790161133 30.046783447265625 22.11008071899414 22.437984466552734 22.817792892456055 22.440736770629883 22.28233528137207 22.394432067871094 22.742624282836914 
44.92086410522461 21.842784881591797 22.444223403930664 22.536096572875977 22.54422378540039 22.68320083618164 22.348480224609375 22.223552703857422 28.549983978271484 22.28166389465332 22.230655670166016 22.335935592651367 22.436832427978516 22.284320831298828 22.518592834472656 22.864255905151367 
42.89897537231445 24.897823333740234 25.25494384765625 25.27555274963379 25.322912216186523 26.162752151489258 25.632543563842773 25.460575103759766 31.687711715698242 25.445215225219727 27.293888092041016 25.50227165222168 25.34601593017578 25.159072875976562 25.429344177246094 25.826751708984375 
45.13772964477539 25.055551528930664 25.375743865966797 25.40892791748047 25.413728713989258 25.99087905883789 25.853727340698242 83.67113494873047 31.435007095336914 25.83670425415039 25.581247329711914 25.40470314025879 25.38332748413086 25.46918487548828 25.53887939453125 25.490175247192383 
45.0081901550293 24.948543548583984 24.869983673095703 25.43827247619629 26.340864181518555 26.010623931884766 25.603200912475586 73.14848327636719 31.199871063232422 25.67638397216797 27.341503143310547 25.511775970458984 25.226303100585938 25.277151107788086 25.519136428833008 25.66761589050293 
50.282623291015625 24.909887313842773 25.21388816833496 25.26438331604004 25.29203224182129 25.856159210205078 25.772384643554688 81.09827423095703 30.87126350402832 26.004608154296875 25.284095764160156 25.489503860473633 25.347423553466797 25.296480178833008 25.73526382446289 25.9083194732666 
52.44086456298828 24.880287170410156 24.931360244750977 25.04355239868164 25.668447494506836 25.58518409729004 25.743967056274414 68.07341003417969 31.24412727355957 26.036319732666016 25.775232315063477 26.718751907348633 25.326976776123047 25.274784088134766 25.486528396606445 25.748640060424805 
42.95027160644531 24.98361587524414 25.366880416870117 26.35545539855957 26.694656372070312 26.152448654174805 25.94812774658203 73.34989166259766 30.983583450317383 25.653535842895508 25.910879135131836 25.306655883789062 25.220544815063477 25.226655960083008 25.39900779724121 25.86591911315918 
48.23324966430664 24.87500762939453 24.940799713134766 25.471744537353516 26.422975540161133 26.394176483154297 25.69398307800293 74.0667495727539 31.703872680664062 25.7093448638916 25.471200942993164 25.486528396606445 25.332672119140625 25.336288452148438 25.584096908569336 25.583295822143555 
39.74211120605469 24.875232696533203 25.064096450805664 25.57766342163086 26.141279220581055 25.678688049316406 25.854656219482422 75.21737670898438 32.89993667602539 25.287328720092773 25.96259117126465 25.538816452026367 25.295679092407227 25.385631561279297 25.565183639526367 26.42176055908203 
44.02467346191406 24.877792358398438 25.719327926635742 25.993663787841797 25.942176818847656 25.525279998779297 25.617855072021484 75.45996856689453 28.544384002685547 25.9333438873291 25.2589111328125 25.418399810791016 25.34364891052246 25.224288940429688 25.52886390686035 25.872255325317383 
50.29849624633789 24.909727096557617 24.998943328857422 25.236448287963867 26.19548797607422 25.769184112548828 25.647424697875977 80.8575668334961 32.961822509765625 25.393695831298828 25.5449275970459 25.30031967163086 25.40243148803711 25.955263137817383 25.640607833862305 25.670272827148438 
52.828128814697266 25.244895935058594 25.616544723510742 25.59769630432129 25.908191680908203 26.4434871673584 26.061887741088867 65.59913635253906 34.61833572387695 25.54105567932129 25.753440856933594 25.657215118408203 26.221824645996094 26.253759384155273 25.754016876220703 25.820863723754883 
53.00787353515625 25.02777671813965 25.35590362548828 25.79897689819336 26.03036880493164 25.905088424682617 25.89414405822754 102.91741180419922 28.749631881713867 25.630239486694336 25.867839813232422 25.55251121520996 25.503616333007812 25.788639068603516 25.888608932495117 25.851776123046875 
49.898399353027344 25.683103561401367 26.034015655517578 26.004192352294922 25.923263549804688 26.788320541381836 26.27497673034668 25.74163246154785 31.804832458496094 25.99420738220215 26.05686378479004 25.544160842895508 25.533151626586914 25.520095825195312 26.649280548095703 25.735328674316406 
46.745662689208984 25.243520736694336 25.577152252197266 25.854528427124023 26.117311477661133 25.939199447631836 25.662527084350586 26.631488800048828 32.70924758911133 25.71721649169922 26.142175674438477 25.82841682434082 25.836896896362305 25.725631713867188 25.914207458496094 26.183359146118164 
47.57673645019531 25.12371253967285 25.14691162109375 26.469472885131836 26.374431610107422 25.900480270385742 26.953279495239258 26.770559310913086 29.990175247192383 25.558719635009766 25.986591339111328 25.841312408447266 26.356992721557617 26.166431427001953 26.130048751831055 25.81564712524414 
49.89593505859375 25.312768936157227 25.39686393737793 25.398527145385742 26.57753562927246 26.415103912353516 25.68729591369629 26.787296295166016 32.872032165527344 26.07904052734375 25.724863052368164 25.84659194946289 25.474559783935547 25.652000427246094 25.720544815063477 25.542112350463867 
54.00892639160156 25.12214469909668 25.48240089416504 26.24358367919922 26.327552795410156 25.910720825195312 26.89366340637207 26.806175231933594 33.01232147216797 25.610336303710938 25.71286392211914 25.50320053100586 25.807968139648438 25.78892707824707 25.765504837036133 26.48249626159668 
51.93948745727539 25.259008407592773 25.090591430664062 26.361120223999023 26.075775146484375 25.90892791748047 26.352832794189453 26.198368072509766 29.864255905151367 25.659168243408203 25.960128784179688 25.89251136779785 26.2774715423584 26.0380802154541 25.88617515563965 25.673887252807617 
50.878944396972656 25.14396858215332 25.655040740966797 25.662687301635742 26.491104125976562 26.332992553710938 25.824832916259766 91.11392211914062 32.041534423828125 25.797632217407227 25.562847137451172 25.654399871826172 25.756671905517578 25.77030372619629 27.47987174987793 26.272703170776367 
56.10940933227539 25.403615951538086 25.94870376586914 26.229280471801758 26.284608840942383 26.77948760986328 26.393407821655273 25.681568145751953 32.6190071105957 25.740480422973633 26.19468879699707 25.63382339477539 25.745439529418945 25.669279098510742 25.526208877563477 25.905120849609375 
56.00044631958008 26.75574493408203 28.057567596435547 27.937728881835938 27.474720001220703 28.068191528320312 27.685535430908203 48.401920318603516 36.169246673583984 27.76799964904785 27.104991912841797 27.645599365234375 28.70956802368164 27.673311233520508 27.76585578918457 28.095008850097656 
43.485694885253906 27.083423614501953 27.69548797607422 28.044960021972656 27.864351272583008 27.885887145996094 27.786272048950195 27.503263473510742 33.49612808227539 27.92313575744629 27.97939109802246 27.03228759765625 27.74355125427246 28.778432846069336 27.214143753051758 27.68659210205078 
43.464256286621094 27.07494354248047 27.193023681640625 27.7873592376709 27.53513526916504 28.25971221923828 27.99920082092285 28.1964168548584 37.119361877441406 27.43164825439453 28.553247451782227 27.14214324951172 27.56937599182129 28.474367141723633 27.544736862182617 27.211936950683594 
46.641056060791016 26.88275146484375 27.2609920501709 28.661951065063477 28.308639526367188 28.009632110595703 27.97043228149414 85.16185760498047 38.09971237182617 27.444896697998047 28.204288482666016 27.08243179321289 27.627424240112305 28.412128448486328 27.31702423095703 27.762271881103516 
43.229984283447266 27.289247512817383 27.34841537475586 27.5119686126709 27.233184814453125 27.742080688476562 27.59369659423828 75.23340606689453 32.175968170166016 27.4418888092041 28.227359771728516 27.11484718322754 27.13910484313965 27.9652156829834 28.19161605834961 27.496959686279297 
43.5634880065918 27.306432723999023 27.361984252929688 27.092863082885742 27.09075164794922 27.94607925415039 27.626527786254883 84.10614776611328 37.46080017089844 27.20636749267578 27.37401580810547 28.708223342895508 27.445119857788086 27.446239471435547 27.78985595703125 28.329055786132812 
44.61167907714844 26.882368087768555 26.81996726989746 28.487327575683594 28.28665542602539 27.643936157226562 27.73187255859375 27.128639221191406 35.17552185058594 28.14147186279297 27.943391799926758 27.609535217285156 27.9401912689209 27.782304763793945 27.56787109375 27.29360008239746 
43.47260665893555 26.857280731201172 28.343584060668945 28.0927677154541 27.992128372192383 28.349407196044922 27.691455841064453 114.3644790649414 36.783199310302734 27.395904541015625 27.40675163269043 27.702016830444336 28.482080459594727 27.131839752197266 27.075103759765625 27.81171226501465 
42.194976806640625 27.41423988342285 27.82486343383789 27.38921546936035 28.0532169342041 28.351167678833008 27.80121612548828 84.27884674072266 33.63228988647461 27.96124839782715 28.132991790771484 27.89072036743164 28.439104080200195 27.19718360900879 27.66739273071289 28.240095138549805 
44.57321548461914 27.364608764648438 27.622528076171875 27.331199645996094 27.351776123046875 27.76188850402832 27.2106876373291 88.60406494140625 34.773983001708984 27.195039749145508 27.819232940673828 28.36412811279297 27.47110366821289 28.047199249267578 28.279584884643555 27.4105281829834 
44.06131362915039 35.14595031738281 36.22895812988281 35.488670349121094 35.047264099121094 34.764766693115234 113.86214447021484 34.14656066894531 42.44822311401367 34.71798324584961 34.669761657714844 35.03263854980469 34.67164611816406 34.785118103027344 35.3072624206543 34.9081916809082 
76.35993957519531 35.72854232788086 36.89699172973633 36.28015899658203 35.314430236816406 35.789886474609375 108.28297424316406 34.087039947509766 41.11171340942383 34.43494415283203 34.8059196472168 35.34297561645508 35.00396728515625 36.268577575683594 34.850528717041016 35.31644821166992 
80.59740447998047 34.936256408691406 35.396575927734375 35.82124710083008 36.0780143737793 36.29075241088867 100.6180191040039 34.25129699707031 41.29190444946289 34.5098876953125 34.62828826904297 34.5709114074707 35.08339309692383 34.960479736328125 35.17820739746094 34.50300979614258 
81.61420440673828 35.60726547241211 34.99507141113281 35.606239318847656 36.25900650024414 35.63558578491211 113.25039672851562 34.125022888183594 42.66841506958008 34.67407989501953 34.49103927612305 34.52115249633789 34.72447967529297 35.63343811035156 35.0186882019043 34.99843215942383 
63.8355827331543 36.392574310302734 36.16640090942383 35.34678268432617 35.893951416015625 36.37091064453125 106.80217742919922 34.06604766845703 42.40505599975586 34.90617752075195 34.718814849853516 34.53308868408203 34.624576568603516 35.0206413269043 34.891326904296875 35.47132873535156 
74.2390365600586 34.23427200317383 36.020320892333984 35.746368408203125 37.04374313354492 36.08544158935547 107.43548583984375 34.17599868774414 41.85152053833008 34.45609664916992 34.5992317199707 34.461185455322266 35.32831954956055 34.773536682128906 34.908382415771484 34.88185501098633 
76.4089584350586 36.135841369628906 35.31388854980469 35.49564743041992 36.142433166503906 35.814144134521484 112.7254409790039 34.09667205810547 41.743263244628906 34.49363327026367 34.68374252319336 34.48585510253906 34.92655944824219 35.363006591796875 35.91068649291992 35.09084701538086 
69.33612823486328 34.35295867919922 34.872833251953125 37.454017639160156 36.65971374511719 35.24118423461914 118.12957000732422 34.04761505126953 41.49977493286133 34.716094970703125 34.42863845825195 34.67222213745117 34.77436828613281 34.809600830078125 35.10041427612305 34.7815055847168 
59.85286331176758 34.751678466796875 36.66457748413086 36.23881530761719 35.10899353027344 84.97379302978516 34.1605110168457 43.397823333740234 41.00032043457031 34.389217376708984 34.589630126953125 34.77238464355469 34.92544174194336 34.80537414550781 34.9024658203125 35.262718200683594 
73.37519836425781 34.1894416809082 34.92736053466797 34.98652648925781 36.80710220336914 36.443233489990234 108.56380462646484 34.084800720214844 42.42835235595703 34.79808044433594 34.49305725097656 34.51388931274414 34.81683349609375 34.830814361572266 34.99241638183594 34.695743560791016 
63.409183502197266 31.751264572143555 31.73859214782715 32.084224700927734 31.688608169555664 31.794048309326172 31.150400161743164 61.457855224609375 38.69007873535156 31.351999282836914 31.51203155517578 31.302400588989258 32.605377197265625 31.48031997680664 33.402976989746094 31.331167221069336 
80.99561309814453 31.186784744262695 31.224544525146484 31.698623657226562 32.13884735107422 32.46112060546875 32.460384368896484 31.941247940063477 38.91360092163086 31.31395149230957 31.53308868408203 31.464319229125977 31.4652156829834 31.365440368652344 31.461151123046875 31.573280334472656 
78.94461059570312 30.717695236206055 31.993568420410156 32.129119873046875 32.5101432800293 32.364288330078125 31.838815689086914 32.223167419433594 37.908607482910156 31.102272033691406 31.102943420410156 31.111040115356445 31.23923110961914 31.200767517089844 31.247264862060547 31.313087463378906 
77.94950103759766 30.8023681640625 31.647968292236328 32.54646301269531 32.868446350097656 31.957759857177734 31.7956485748291 32.0134391784668 39.922752380371094 31.02720069885254 31.62588882446289 31.159360885620117 31.349536895751953 31.41926383972168 31.428543090820312 31.8919677734375 
88.467041015625 30.62348747253418 31.123199462890625 31.747135162353516 32.40572738647461 31.86591911315918 31.814367294311523 32.08863830566406 37.7848014831543 31.647071838378906 32.069278717041016 32.13167953491211 31.888671875 31.62099266052246 31.504863739013672 31.667455673217773 
80.9974365234375 31.740671157836914 31.57676887512207 31.797664642333984 31.664255142211914 31.610719680786133 31.702911376953125 32.0079345703125 39.30464172363281 31.194080352783203 31.252288818359375 31.41315269470215 32.25519943237305 31.33839988708496 31.497343063354492 31.150272369384766 
79.9939193725586 30.790048599243164 30.9168643951416 31.6397762298584 32.34681701660156 32.1616325378418 31.862367630004883 31.988544464111328 38.12441635131836 31.907392501831055 31.789600372314453 31.676288604736328 31.828479766845703 32.85279846191406 32.02969741821289 31.731008529663086 
81.99622344970703 31.582239151000977 31.40447998046875 32.55708694458008 32.17891311645508 32.140384674072266 31.664031982421875 31.859296798706055 38.30060958862305 31.554336547851562 32.134464263916016 31.874879837036133 31.99180793762207 31.952800750732422 31.851871490478516 31.31305694580078 
78.97062683105469 30.666175842285156 31.73958396911621 31.93097686767578 32.402496337890625 32.688961029052734 31.745344161987305 32.27228927612305 38.41279983520508 31.450111389160156 31.459487915039062 31.58902359008789 31.379615783691406 31.397855758666992 31.45801544189453 31.616064071655273 
76.8656997680664 30.610368728637695 30.686975479125977 31.63532829284668 32.200958251953125 32.13337707519531 32.14860916137695 32.620574951171875 36.2674560546875 31.382335662841797 31.62726402282715 31.666784286499023 31.213184356689453 31.160608291625977 32.3823356628418 31.105663299560547 
57.21308898925781 17.339359283447266 17.302143096923828 17.033855438232422 17.286272048950195 48.030879974365234 158.3720245361328 17.028799057006836 24.456127166748047 17.947200775146484 17.56502342224121 17.398656845092773 17.42473602294922 17.662559509277344 17.407936096191406 18.06377601623535 
32.07097625732422 17.143775939941406 17.1376953125 17.113183975219727 17.580991744995117 17.539487838745117 17.983360290527344 17.8654727935791 25.545984268188477 17.44316864013672 18.682720184326172 17.70412826538086 17.565183639526367 17.409664154052734 18.162912368774414 17.80681610107422 
30.99331283569336 17.134464263916016 17.140352249145508 17.301504135131836 17.298751831054688 17.338272094726562 17.366592407226562 17.41961669921875 23.949567794799805 17.8110408782959 17.50931167602539 17.508607864379883 18.723743438720703 17.767488479614258 17.46895980834961 17.86444854736328 
29.947423934936523 17.145183563232422 17.1329288482666 17.49897575378418 17.725120544433594 17.795743942260742 17.767839431762695 17.872703552246094 23.9102725982666 17.555328369140625 17.928096771240234 18.22127914428711 17.781055450439453 17.443456649780273 18.21721649169922 17.741600036621094 
29.99625587463379 17.14406394958496 17.160736083984375 17.402175903320312 17.667423248291016 17.680864334106445 17.568992614746094 17.560543060302734 24.953983306884766 17.747488021850586 17.342208862304688 17.545663833618164 18.139328002929688 17.719520568847656 17.86204719543457 17.825824737548828 
30.980192184448242 17.117055892944336 17.111360549926758 17.106399536132812 17.13542366027832 17.6046085357666 17.705472946166992 17.82953643798828 23.784320831298828 17.440095901489258 18.149311065673828 17.678464889526367 17.380640029907227 17.84547233581543 18.002687454223633 17.649951934814453 
29.988384246826172 17.142240524291992 17.315263748168945 17.363231658935547 17.56172752380371 17.739519119262695 17.851295471191406 17.847103118896484 24.438432693481445 17.471616744995117 18.191871643066406 17.705055236816406 17.33945655822754 17.428512573242188 17.810527801513672 17.476959228515625 
29.98182487487793 17.143903732299805 17.42790412902832 17.622079849243164 17.905759811401367 18.052831649780273 18.115455627441406 17.817855834960938 25.290687561035156 17.682655334472656 17.30726432800293 17.355712890625 17.798303604125977 17.84204864501953 17.638368606567383 17.462656021118164 
29.989887237548828 17.13497543334961 17.12892723083496 17.307008743286133 17.442176818847656 17.55628776550293 17.930463790893555 17.979488372802734 24.797407150268555 17.675519943237305 17.90764808654785 17.570240020751953 17.394271850585938 18.283935546875 17.888959884643555 17.37411117553711 
29.945375442504883 17.145151138305664 17.106943130493164 17.16655921936035 17.27120018005371 17.560543060302734 17.662879943847656 17.77129554748535 23.89206314086914 17.682527542114258 17.48201560974121 17.66748809814453 17.660255432128906 17.393535614013672 17.76860809326172 17.891584396362305 
52.64672088623047 29.430400848388672 30.49907112121582 29.688095092773438 29.421119689941406 22.493247985839844 22.40006446838379 22.516191482543945 34.930912017822266 22.801984786987305 22.923295974731445 23.45644760131836 22.5513916015625 23.400127410888672 23.060447692871094 22.832256317138672 
47.374305725097656 29.688928604125977 34.473472595214844 113.16118621826172 21.734304428100586 22.09267234802246 22.138944625854492 22.501279830932617 38.94188690185547 23.115135192871094 22.644287109375 23.563135147094727 22.79804801940918 23.163455963134766 23.086624145507812 23.14806365966797 
47.352542877197266 29.720287322998047 33.44435119628906 110.23683166503906 22.376863479614258 21.89139175415039 22.13711929321289 22.137920379638672 34.839263916015625 22.721216201782227 22.794527053833008 22.685375213623047 22.716575622558594 22.89472007751465 23.57948875427246 22.520544052124023 
47.329566955566406 29.82569694519043 33.42067337036133 116.47833251953125 22.028671264648438 22.20947265625 22.465599060058594 22.81439971923828 34.60883331298828 23.764320373535156 22.612255096435547 23.40982437133789 23.94643211364746 22.641183853149414 23.533855438232422 22.8832950592041 
47.328033447265625 30.875648498535156 32.30271911621094 99.75027465820312 22.387680053710938 22.155424118041992 22.341760635375977 22.540800094604492 36.4156494140625 22.38217544555664 23.414592742919922 22.953279495239258 22.601600646972656 23.460607528686523 22.723615646362305 23.47327995300293 
47.34019088745117 30.82758331298828 33.49971389770508 115.01840209960938 21.817983627319336 22.22038459777832 22.343807220458984 22.244159698486328 34.64771270751953 23.086816787719727 23.239360809326172 22.850175857543945 22.786239624023438 23.60371208190918 22.77631950378418 23.0097599029541 
47.35676956176758 29.730335235595703 30.353504180908203 108.1385269165039 22.77619171142578 21.84079933166504 21.843008041381836 22.347135543823242 37.58060836791992 22.744096755981445 22.523584365844727 22.989215850830078 22.901695251464844 22.46678352355957 23.642175674438477 22.55411148071289 
47.35270309448242 29.733888626098633 34.62044906616211 109.00595092773438 22.335647583007812 21.850624084472656 22.30284881591797 22.271743774414062 35.50124740600586 23.12928009033203 22.67475128173828 23.583040237426758 22.99964714050293 23.332992553710938 23.012928009033203 22.945280075073242 
47.358558654785156 29.810272216796875 31.312671661376953 117.78141021728516 21.971967697143555 22.132736206054688 22.546016693115234 22.64508819580078 36.77097702026367 22.9552001953125 22.47452735900879 23.70979118347168 22.942399978637695 22.836191177368164 24.451488494873047 22.626239776611328 
47.34502410888672 29.766143798828125 32.382625579833984 122.6217269897461 21.793184280395508 25.582656860351562 21.91360092163086 22.30281639099121 36.78726577758789 24.069120407104492 22.76697540283203 23.33772850036621 23.232479095458984 22.775136947631836 23.392704010009766 22.84048080444336 
44.19132614135742 37.09254455566406 37.23164749145508 108.11833953857422 36.02399826049805 35.994110107421875 37.39622497558594 37.380191802978516 45.435935974121094 36.209503173828125 36.455936431884766 36.732032775878906 36.534942626953125 37.24323272705078 37.26028823852539 36.30646514892578 
84.98687744140625 36.24662399291992 36.29606246948242 37.04764938354492 37.32796859741211 37.818145751953125 37.60240173339844 96.67906951904297 43.45161437988281 36.35456085205078 36.32038497924805 36.44780731201172 37.19395065307617 36.39766311645508 36.64720153808594 36.674400329589844 
97.7747802734375 36.73721694946289 38.47625732421875 38.87593460083008 38.30815887451172 37.83628845214844 72.6949462890625 42.01030349731445 42.78947067260742 36.36067199707031 36.433502197265625 36.868064880371094 36.44236755371094 36.476768493652344 36.82643127441406 36.645694732666016 
99.99510192871094 38.215553283691406 37.45663833618164 39.10153579711914 38.194175720214844 36.95084762573242 71.60259246826172 48.245086669921875 46.85289764404297 36.06991958618164 36.349918365478516 36.26019287109375 36.84233474731445 36.48851013183594 37.036800384521484 36.47488021850586 
101.88253021240234 38.924320220947266 38.76115036010742 38.467647552490234 38.60492706298828 36.939998626708984 97.05296325683594 36.239166259765625 43.22889709472656 36.32691192626953 36.28083038330078 36.753761291503906 37.07302474975586 36.456382751464844 36.81964874267578 36.86102294921875 
95.77983856201172 36.2487678527832 37.790687561035156 38.495521545410156 37.63420867919922 37.806846618652344 86.6451187133789 36.14006423950195 44.53504180908203 36.369503021240234 36.378719329833984 36.640926361083984 36.500545501708984 36.33766555786133 36.810752868652344 36.67433547973633 
95.72102355957031 37.1223030090332 36.95270538330078 38.72342300415039 39.39014434814453 38.028961181640625 87.16950225830078 36.191070556640625 44.37958526611328 36.556129455566406 36.72867202758789 36.537567138671875 36.45091247558594 36.412288665771484 37.39321517944336 36.418399810791016 
64.1395492553711 36.24435043334961 38.53692626953125 37.799232482910156 37.18278503417969 37.074913024902344 65.77657318115234 36.26697540283203 45.97657775878906 36.24822235107422 36.7459831237793 36.385536193847656 36.4351692199707 36.367454528808594 37.31062316894531 36.40339279174805 
110.47763061523438 36.213470458984375 37.6130256652832 37.329952239990234 38.63558578491211 38.63529586791992 71.37225341796875 36.384639739990234 46.505184173583984 36.342529296875 36.92127990722656 36.59177780151367 36.57814407348633 37.09513473510742 37.07360076904297 36.69251251220703 
99.90322875976562 36.32668685913086 39.02067184448242 38.68899154663086 37.32182312011719 36.886207580566406 69.41072082519531 62.35260772705078 44.37260818481445 36.519134521484375 38.14912033081055 36.8930549621582 36.823486328125 36.71452713012695 36.87059020996094 37.79724884033203 
67.61609649658203 15.809663772583008 15.810175895690918 15.85756778717041 15.833375930786133 16.345184326171875 16.531967163085938 16.435487747192383 29.354623794555664 16.61622428894043 15.945088386535645 16.294719696044922 16.556928634643555 16.439359664916992 17.08745574951172 16.327327728271484 
32.877567291259766 15.81065559387207 15.910783767700195 16.05948829650879 16.13385581970215 16.1312313079834 16.159616470336914 16.358463287353516 24.882144927978516 16.25609588623047 16.890016555786133 16.029951095581055 16.803712844848633 16.16054344177246 16.532575607299805 16.89017677307129 
34.96713638305664 15.82147216796875 15.818719863891602 16.08064079284668 16.086912155151367 16.36662483215332 16.52351951599121 16.34934425354004 26.499135971069336 16.00432014465332 17.10291290283203 16.182720184326172 16.281248092651367 16.910751342773438 16.401119232177734 17.15135955810547 
39.14739227294922 15.8156156539917 15.81328010559082 15.860447883605957 16.50441551208496 16.676671981811523 16.605695724487305 16.348480224609375 25.822399139404297 16.483583450317383 16.546911239624023 16.689184188842773 16.360448837280273 16.8756160736084 16.328575134277344 17.144287109375 
34.999393463134766 15.803008079528809 15.814528465270996 15.837663650512695 15.825920104980469 15.917759895324707 16.136415481567383 16.211008071899414 24.564319610595703 16.76483154296875 16.593791961669922 16.46963119506836 16.879167556762695 16.109535217285156 16.932992935180664 16.116928100585938 
34.96422576904297 15.82863998413086 15.813920021057129 15.834879875183105 16.000896453857422 16.2174072265625 16.497695922851562 16.65033531188965 25.192607879638672 15.967231750488281 16.693344116210938 16.579904556274414 16.661983489990234 16.741151809692383 16.453535079956055 17.15724754333496 
36.06028747558594 15.83471965789795 15.835103988647461 15.819519996643066 16.47212791442871 16.496511459350586 16.398591995239258 16.424959182739258 25.268863677978516 16.35536003112793 17.016735076904297 16.96233558654785 16.96281623840332 16.78246307373047 16.50227165222168 17.461727142333984 
34.97014236450195 15.830656051635742 15.833824157714844 16.148639678955078 16.302080154418945 16.465856552124023 16.426624298095703 16.458879470825195 25.95667266845703 16.639328002929688 16.059551239013672 17.257408142089844 16.010303497314453 16.91644859313965 16.563583374023438 16.58777618408203 
37.07209777832031 15.80288028717041 15.867136001586914 16.086143493652344 16.189855575561523 16.175264358520508 16.174144744873047 16.12531280517578 26.330623626708984 16.52217674255371 16.393312454223633 16.821887969970703 16.455968856811523 16.92780876159668 16.088768005371094 17.233440399169922 
34.9277458190918 15.758496284484863 15.888319969177246 15.979424476623535 16.136831283569336 16.102399826049805 16.148448944091797 16.42140769958496 25.814239501953125 16.408063888549805 16.31177520751953 16.915103912353516 16.475744247436523 16.945920944213867 16.413536071777344 16.942975997924805 
42.59907150268555 24.06719970703125 25.25948715209961 25.271936416625977 25.264448165893555 24.233055114746094 24.2238712310791 21.24131202697754 27.130495071411133 16.57823944091797 16.893024444580078 16.625471115112305 16.982431411743164 16.602367401123047 16.916288375854492 16.71116828918457 
40.48819351196289 25.092863082885742 25.231231689453125 26.315584182739258 26.365951538085938 24.16419219970703 24.247968673706055 25.27008056640625 27.370080947875977 16.659391403198242 17.639423370361328 16.49388885498047 17.548831939697266 16.61737632751465 17.431232452392578 16.713056564331055 
41.5261116027832 24.067039489746094 26.289823532104492 24.221952438354492 24.21785545349121 23.18502426147461 24.22256088256836 24.817119598388672 25.621183395385742 16.653152465820312 16.762208938598633 16.62995147705078 16.56831932067871 16.849376678466797 16.740896224975586 16.52547264099121 
39.41001510620117 24.071903228759766 27.350879669189453 24.223520278930664 24.20025634765625 23.205759048461914 24.251583099365234 21.469024658203125 27.52720069885254 16.76780891418457 16.899423599243164 16.57904052734375 16.936288833618164 16.966623306274414 17.05356788635254 16.4432315826416 
40.47516632080078 24.023136138916016 25.29190444946289 25.310911178588867 24.16281509399414 23.22947120666504 24.201248168945312 22.425823211669922 27.15363121032715 16.69830322265625 16.75702476501465 16.476512908935547 16.867040634155273 16.64575958251953 16.336511611938477 16.56812858581543 
42.56582260131836 24.03727912902832 23.172832489013672 23.18627166748047 24.21036720275879 24.261791229248047 24.242048263549805 24.090272903442383 27.455455780029297 16.378847122192383 17.613311767578125 16.587392807006836 17.197216033935547 16.792863845825195 16.99305534362793 16.941024780273438 
39.43107223510742 23.991647720336914 25.310304641723633 25.27030372619629 26.298559188842773 25.287456512451172 25.278175354003906 28.414016723632812 27.933792114257812 16.555103302001953 16.95132827758789 16.78223991394043 16.350656509399414 16.618175506591797 17.841951370239258 16.665407180786133 
39.4257926940918 24.038368225097656 25.28825569152832 25.236896514892578 24.252351760864258 24.213151931762695 24.240991592407227 25.282367706298828 27.747295379638672 16.64998435974121 16.729856491088867 16.858911514282227 16.582015991210938 16.562047958374023 16.463552474975586 16.724319458007812 
39.42835235595703 24.05548858642578 24.190656661987305 24.24835205078125 24.224000930786133 24.22435188293457 24.227008819580078 25.20467185974121 27.758527755737305 16.743839263916016 16.56777572631836 16.742816925048828 16.771488189697266 16.43324851989746 16.59503936767578 16.728288650512695 
42.54569625854492 24.04819107055664 23.1977596282959 25.256256103515625 25.289567947387695 24.22480010986328 24.207551956176758 23.27289581298828 22.862560272216797 16.71014404296875 16.329023361206055 16.831167221069336 16.5231990814209 16.965791702270508 16.37504005432129 16.454816818237305 
50.71984100341797 27.93769645690918 28.12566375732422 28.48441505432129 29.66307258605957 29.6777286529541 29.700159072875977 29.315231323242188 35.22665786743164 29.14735984802246 29.273120880126953 29.607200622558594 29.121152877807617 29.692575454711914 28.68854331970215 29.457183837890625 
55.17023849487305 27.916479110717773 28.478944778442383 28.94812774658203 29.581823348999023 29.320575714111328 29.57097625732422 29.14371109008789 33.84979248046875 28.64703941345215 29.140064239501953 29.339231491088867 29.05023956298828 29.625247955322266 29.035871505737305 29.78246307373047 
53.207489013671875 27.89116859436035 28.356000900268555 29.070720672607422 29.20297622680664 29.587583541870117 29.0380802154541 28.921567916870117 35.77632141113281 29.294784545898438 28.7139835357666 31.1691837310791 28.923871994018555 29.772640228271484 28.666240692138672 29.537919998168945 
52.040191650390625 27.86639976501465 27.863584518432617 29.04560089111328 28.99033546447754 29.43084716796875 29.2194881439209 29.326047897338867 35.72777557373047 29.01263999938965 28.76710319519043 29.112672805786133 29.21788787841797 29.07801628112793 29.393247604370117 28.625568389892578 
52.765377044677734 27.880416870117188 28.50771141052246 28.987648010253906 28.917343139648438 29.539424896240234 29.233055114746094 29.502111434936523 35.75465774536133 28.63091278076172 29.53603172302246 28.71731185913086 30.472192764282227 28.84079933166504 29.298816680908203 28.951904296875 
52.98992156982422 27.90073585510254 29.41878318786621 29.540607452392578 29.260032653808594 29.53183937072754 29.339231491088867 29.301664352416992 31.884031295776367 28.235519409179688 29.273759841918945 29.441791534423828 29.274688720703125 29.371776580810547 28.23539161682129 29.354175567626953 
55.182655334472656 27.92508888244629 28.245407104492188 29.733631134033203 29.767263412475586 29.806367874145508 29.23219108581543 29.119232177734375 35.73632049560547 28.647584915161133 29.327327728271484 28.75708770751953 29.186912536621094 29.038143157958984 28.195680618286133 30.900447845458984 
52.94163131713867 28.026464462280273 28.30486488342285 28.24684715270996 28.578399658203125 29.279552459716797 29.335071563720703 28.93507194519043 33.7817268371582 28.38047981262207 29.794559478759766 29.01068878173828 29.56287956237793 29.219135284423828 29.25971221923828 29.282848358154297 
56.279361724853516 27.912704467773438 28.158912658691406 28.130783081054688 29.36992073059082 29.728384017944336 29.324960708618164 29.444576263427734 35.72505569458008 29.076480865478516 29.4749755859375 28.16547203063965 29.132736206054688 28.911136627197266 29.31407928466797 29.115999221801758 
52.923744201660156 28.67375946044922 28.369375228881836 28.305152893066406 29.453535079956055 29.021696090698242 28.882368087768555 28.85830307006836 33.59471893310547 29.121599197387695 28.691648483276367 29.454784393310547 29.475168228149414 29.32521629333496 28.963104248046875 29.41561508178711 
54.74790573120117 30.23628807067871 31.775232315063477 31.89798355102539 31.46723175048828 32.299713134765625 32.06169509887695 31.255584716796875 35.26067352294922 30.64726448059082 31.53343963623047 31.913984298706055 31.91334342956543 32.03315353393555 31.551647186279297 30.94153594970703 
52.766273498535156 30.685375213623047 30.96531105041504 30.712543487548828 31.242176055908203 32.020286560058594 31.643583297729492 32.548831939697266 39.1190071105957 31.818368911743164 31.546560287475586 31.07391929626465 31.11846351623535 31.494495391845703 31.93724822998047 31.509471893310547 
50.41241455078125 31.66387176513672 31.795360565185547 31.660831451416016 31.369056701660156 31.697952270507812 31.137855529785156 31.383808135986328 36.1525764465332 31.537792205810547 31.869152069091797 31.253759384155273 30.663423538208008 31.06435203552246 31.698272705078125 32.03068923950195 
52.8218879699707 30.234079360961914 30.36012840270996 31.77782440185547 32.09814453125 31.33679962158203 30.927520751953125 31.854368209838867 36.6824951171875 31.277088165283203 33.20783996582031 31.89289665222168 30.66044807434082 30.933664321899414 30.830944061279297 31.58038330078125 
49.6802864074707 31.429664611816406 31.58847999572754 31.099456787109375 30.995328903198242 31.208127975463867 31.833984375 31.934080123901367 38.07011032104492 30.696191787719727 31.323104858398438 31.3570556640625 32.114078521728516 31.040096282958984 30.811391830444336 31.228927612304688 
51.76348876953125 30.499744415283203 30.235776901245117 31.54297637939453 32.03055953979492 31.333951950073242 31.429664611816406 31.545856475830078 37.43305587768555 30.708160400390625 31.845792770385742 31.867584228515625 31.601919174194336 31.205535888671875 31.0930233001709 32.36345672607422 
50.72412872314453 30.44166374206543 30.253984451293945 31.060640335083008 32.23100662231445 31.951871871948242 31.364160537719727 32.53308868408203 38.7369270324707 31.00934410095215 31.960735321044922 31.484031677246094 31.243295669555664 30.622112274169922 31.275360107421875 31.882911682128906 
50.71641540527344 30.264127731323242 30.285152435302734 30.879776000976562 30.7675838470459 31.409215927124023 31.64579200744629 31.610591888427734 38.053504943847656 31.550912857055664 31.612831115722656 31.55740737915039 30.726303100585938 31.3670711517334 31.850208282470703 32.174560546875 
50.75872039794922 30.285024642944336 30.737632751464844 32.21382522583008 32.33158493041992 31.815711975097656 31.563615798950195 31.55062484741211 36.24630355834961 30.874271392822266 30.993728637695312 31.124095916748047 31.994752883911133 31.6474552154541 30.964927673339844 30.744735717773438 
57.38774490356445 30.671615600585938 31.11087989807129 31.264863967895508 31.986591339111328 32.36550521850586 31.54412841796875 82.23136138916016 38.47798538208008 32.06291198730469 30.511552810668945 30.911680221557617 31.224960327148438 31.473215103149414 32.121055603027344 30.9979190826416 
44.86463928222656 25.169504165649414 23.130752563476562 23.181119918823242 23.409759521484375 22.94576072692871 23.17046356201172 24.141952514648438 35.20332717895508 23.416479110717773 23.265600204467773 23.99247932434082 23.813791275024414 23.447647094726562 23.951904296875 24.626144409179688 
49.144287109375 23.035839080810547 24.072799682617188 23.17305564880371 24.52364730834961 23.481311798095703 112.21142578125 22.318784713745117 34.593345642089844 23.120895385742188 23.704864501953125 23.179616928100586 23.789791107177734 23.471359252929688 23.721311569213867 23.556575775146484 
51.18732833862305 24.207584381103516 23.89321517944336 23.2728328704834 23.846656799316406 24.070655822753906 115.6836166381836 22.32771110534668 31.667552947998047 23.322399139404297 23.749055862426758 23.267040252685547 24.766271591186523 23.22096061706543 23.799039840698242 23.278335571289062 
47.137855529785156 24.9434871673584 24.08028793334961 23.316511154174805 23.3920955657959 23.134336471557617 23.80259132385254 106.9098892211914 33.43571090698242 23.229984283447266 23.154048919677734 23.406431198120117 23.80246353149414 23.31318473815918 23.308095932006836 23.09619140625 
51.192543029785156 24.21494483947754 23.822208404541016 23.440704345703125 23.278175354003906 23.064159393310547 23.235456466674805 97.06259155273438 34.14460754394531 23.740703582763672 23.309120178222656 23.778751373291016 23.13852882385254 24.13795280456543 23.237184524536133 23.821407318115234 
47.86966323852539 23.426368713378906 24.01465606689453 22.9105281829834 23.101600646972656 24.232255935668945 111.80796813964844 22.383359909057617 34.3197135925293 23.306720733642578 23.396320343017578 23.787616729736328 23.26406478881836 24.24822425842285 23.420799255371094 23.572736740112305 
48.11088180541992 23.83545684814453 23.096416473388672 23.21251106262207 24.524351119995117 23.2739200592041 112.72220611572266 22.350879669189453 34.11008071899414 23.35321617126465 26.101791381835938 23.451583862304688 23.18671989440918 23.89206314086914 23.60416030883789 23.89423942565918 
48.00646209716797 24.223936080932617 23.992000579833984 23.197376251220703 23.23151969909668 23.22764778137207 23.667232513427734 88.88813018798828 35.44831848144531 23.33216094970703 23.34467124938965 23.702848434448242 23.2860164642334 23.615615844726562 23.62633514404297 23.369056701660156 
47.06313705444336 23.053823471069336 23.89993667602539 23.15171241760254 24.173503875732422 24.34569549560547 24.430431365966797 94.43791961669922 33.81795120239258 23.2838077545166 23.67475128173828 23.372512817382812 23.62553596496582 23.520479202270508 23.840927124023438 23.253376007080078 
48.08335876464844 24.083904266357422 24.078720092773438 23.70230484008789 23.303071975708008 23.80601692199707 108.2979507446289 22.428159713745117 35.69289779663086 23.227807998657227 23.867231369018555 23.721952438354492 23.608352661132812 23.60291290283203 24.439008712768555 23.6625919342041 
34.827457427978516 14.247648239135742 14.234848022460938 13.998432159423828 13.987104415893555 14.005056381225586 37.53590393066406 14.102975845336914 27.857343673706055 14.90982437133789 14.963935852050781 14.67910385131836 14.604288101196289 14.434207916259766 14.482848167419434 14.79587173461914 
30.607295989990234 13.96895980834961 14.012543678283691 14.028736114501953 14.04969596862793 14.446592330932617 14.518912315368652 14.547167778015137 22.576032638549805 15.157952308654785 14.905887603759766 14.68723201751709 14.60860824584961 14.317407608032227 14.461183547973633 14.959487915039062 
30.62531280517578 14.022848129272461 13.977984428405762 15.026656150817871 14.381855964660645 14.237279891967773 14.370752334594727 14.40015983581543 22.78326416015625 14.724096298217773 14.480031967163086 14.127615928649902 14.35647964477539 14.806303977966309 15.294367790222168 15.06009578704834 
30.62656021118164 13.954208374023438 14.023839950561523 14.01910400390625 13.996607780456543 14.065728187561035 14.046463966369629 14.343392372131348 22.761695861816406 14.753567695617676 14.190048217773438 14.15884780883789 14.52121639251709 14.936384201049805 15.077088356018066 15.110015869140625 
31.680959701538086 13.995327949523926 14.01369571685791 14.907584190368652 14.020992279052734 14.173791885375977 14.159232139587402 14.197504043579102 23.38310432434082 14.52892780303955 14.841407775878906 15.20355224609375 14.959775924682617 14.797663688659668 14.142144203186035 14.127552032470703 
32.737918853759766 13.98742389678955 13.998784065246582 13.986656188964844 14.007871627807617 14.059264183044434 14.041919708251953 14.388671875 22.837984085083008 14.820799827575684 14.957088470458984 15.540384292602539 14.752384185791016 14.229536056518555 14.24630355834961 14.348735809326172 
30.6329288482666 13.976127624511719 14.017151832580566 13.97878360748291 14.206175804138184 14.374048233032227 14.272671699523926 14.262687683105469 21.88857650756836 14.441184043884277 14.127455711364746 14.14038372039795 14.51638412475586 14.429856300354004 15.030048370361328 15.125280380249023 
32.73798370361328 13.99120044708252 13.99187183380127 14.93222427368164 14.02409553527832 14.255488395690918 14.226719856262207 14.273856163024902 21.46131134033203 14.845855712890625 14.867456436157227 15.151679992675781 14.819680213928223 14.368000030517578 14.20678424835205 14.254783630371094 
32.74150466918945 13.980928421020508 14.003423690795898 14.0830078125 14.359711647033691 14.372896194458008 14.320032119750977 14.48140811920166 22.115392684936523 15.139007568359375 15.190272331237793 14.67795181274414 14.240544319152832 14.335136413574219 14.534624099731445 14.639904022216797 
31.684608459472656 13.980256080627441 14.049568176269531 14.8787841796875 14.020671844482422 14.298815727233887 14.297183990478516 14.316864013671875 22.769119262695312 14.79094409942627 15.217856407165527 14.909919738769531 14.660703659057617 14.491104125976562 14.224767684936523 14.457152366638184 
41.328128814697266 23.491968154907227 23.756160736083984 24.446847915649414 24.585119247436523 23.966144561767578 23.810176849365234 24.576255798339844 31.50364875793457 23.862943649291992 24.471519470214844 24.87353515625 24.49190330505371 24.04159927368164 24.29475212097168 24.37596893310547 
39.29964828491211 23.66217613220215 24.029056549072266 24.53455924987793 24.226463317871094 24.027231216430664 23.973695755004883 86.64240264892578 33.59715270996094 23.915327072143555 23.971263885498047 24.227487564086914 24.100128173828125 24.16339111328125 24.31328010559082 24.286880493164062 
38.476478576660156 23.63724708557129 23.385087966918945 24.151519775390625 24.243200302124023 24.07107162475586 24.565120697021484 64.74285125732422 30.437728881835938 23.870624542236328 23.91315269470215 24.176223754882812 24.288063049316406 24.39027214050293 24.077600479125977 23.96454429626465 
39.531585693359375 23.6378231048584 23.374048233032227 23.507648468017578 24.448511123657227 24.550111770629883 24.276447296142578 66.50595092773438 33.735233306884766 23.976768493652344 24.03753662109375 24.107423782348633 24.198272705078125 23.941728591918945 24.248544692993164 24.36332893371582 
37.22825622558594 23.371200561523438 23.790847778320312 23.885791778564453 23.787776947021484 24.717504501342773 24.85273551940918 24.377695083618164 29.201440811157227 24.012895584106445 24.69171142578125 24.175392150878906 24.028287887573242 23.949216842651367 24.410816192626953 24.274688720703125 
41.43948745727539 23.311552047729492 23.455615997314453 24.425600051879883 24.754592895507812 24.469152450561523 23.972768783569336 24.038463592529297 31.569087982177734 23.983871459960938 24.26144027709961 23.92095947265625 24.454975128173828 24.074495315551758 24.082752227783203 23.952543258666992 
40.38278579711914 23.39014434814453 23.470016479492188 23.723424911499023 24.661951065063477 24.92915153503418 24.44316864013672 23.89708709716797 31.781951904296875 24.225919723510742 24.298175811767578 23.977088928222656 24.208383560180664 24.15350341796875 24.18320083618164 23.960031509399414 
39.27190399169922 23.372032165527344 23.95916748046875 23.952255249023438 24.0034236907959 24.597919464111328 24.304960250854492 24.098527908325195 30.19638442993164 23.989728927612305 25.24038314819336 24.338783264160156 24.404895782470703 24.160863876342773 24.012672424316406 24.39904022216797 
38.20377731323242 23.39263916015625 23.362367630004883 23.587072372436523 24.629024505615234 24.696063995361328 24.40457534790039 23.99852752685547 29.106624603271484 24.280832290649414 24.07414436340332 24.093599319458008 24.47987174987793 24.102367401123047 24.54595184326172 23.97881507873535 
38.43267059326172 23.383359909057617 23.42323112487793 23.70515251159668 24.15830421447754 24.68294334411621 24.316160202026367 23.8985595703125 30.84236717224121 24.94611167907715 23.915712356567383 23.88159942626953 24.0468807220459 24.498655319213867 24.337791442871094 24.169631958007812 
35.898048400878906 20.229312896728516 20.21766471862793 20.555776596069336 20.64240074157715 20.62099266052246 20.620607376098633 20.619903564453125 27.691328048706055 21.067136764526367 20.76700782775879 21.00707244873047 21.500736236572266 21.519519805908203 20.88902473449707 20.842496871948242 
35.790016174316406 20.167903900146484 20.411808013916016 20.642911911010742 20.71014404296875 20.93622398376465 21.194719314575195 21.12838363647461 28.53740882873535 20.892576217651367 21.23219108581543 21.35321617126465 20.809471130371094 21.107839584350586 20.806751251220703 20.918495178222656 
35.76988983154297 20.196287155151367 20.413888931274414 20.50035285949707 20.712928771972656 20.800384521484375 20.718463897705078 20.69817543029785 24.433439254760742 20.82646369934082 21.192575454711914 21.36992073059082 21.35094451904297 20.71513557434082 20.925439834594727 20.79916763305664 
35.78704071044922 20.176799774169922 20.483264923095703 20.81507110595703 20.93984031677246 21.03183937072754 20.881824493408203 20.743743896484375 23.15318489074707 20.883039474487305 21.445791244506836 21.570175170898438 20.877376556396484 20.765151977539062 20.67145538330078 20.8919677734375 
35.76252746582031 20.138751983642578 20.292255401611328 20.452224731445312 20.466623306274414 20.44598388671875 20.536640167236328 20.578720092773438 28.27440071105957 20.878143310546875 20.753408432006836 21.819520950317383 20.903167724609375 21.321311950683594 21.924991607666016 20.81497573852539 
36.804481506347656 20.210752487182617 20.474496841430664 20.586816787719727 20.926368713378906 21.2359676361084 21.17673683166504 21.084064483642578 26.723583221435547 20.84432029724121 21.086048126220703 21.2193603515625 21.75984001159668 20.76291275024414 20.70742416381836 20.887615203857422 
37.915584564208984 20.146560668945312 20.521760940551758 20.60915184020996 20.589759826660156 21.07596778869629 21.05446434020996 21.123584747314453 28.164447784423828 20.76028823852539 21.06172752380371 21.827775955200195 21.608959197998047 20.736032485961914 21.674144744873047 20.792768478393555 
36.825313568115234 20.17510414123535 20.61846351623535 20.907455444335938 20.983327865600586 20.99897575378418 20.888320922851562 20.74553680419922 28.426143646240234 20.94812774658203 21.451583862304688 21.283199310302734 20.77190399169922 21.135072708129883 20.947935104370117 21.18659210205078 
34.6907844543457 20.217599868774414 20.449440002441406 20.519264221191406 20.721664428710938 20.694591522216797 20.633216857910156 20.59676742553711 26.416736602783203 21.495424270629883 21.6507511138916 20.730688095092773 20.733375549316406 20.81884765625 20.94825553894043 21.33305549621582 
35.73712158203125 20.18467140197754 20.39187240600586 20.64169692993164 20.6507511138916 20.659008026123047 20.660192489624023 20.59244728088379 28.959999084472656 21.130016326904297 21.099136352539062 21.311296463012695 20.723424911499023 20.90470314025879 20.81808090209961 21.084224700927734 
73.38534545898438 27.60918426513672 27.963008880615234 29.10598373413086 28.76959991455078 28.33478355407715 28.45030403137207 28.83020782470703 32.005088806152344 28.248640060424805 28.810304641723633 28.027584075927734 28.957887649536133 27.765119552612305 28.356000900268555 28.66579246520996 
45.024288177490234 27.94384002685547 28.38812828063965 28.127967834472656 28.359264373779297 27.87811279296875 28.68943977355957 131.1181182861328 34.40537643432617 28.2194881439209 28.502559661865234 28.989696502685547 27.646848678588867 28.3450870513916 28.5467529296875 28.000736236572266 
55.746368408203125 29.69478416442871 28.260480880737305 28.20697593688965 28.79167938232422 29.962976455688477 101.19283294677734 27.159488677978516 35.757408142089844 28.41913604736328 27.838272094726562 28.506816864013672 28.761184692382812 27.784032821655273 28.237632751464844 29.003360748291016 
46.08252716064453 28.408960342407227 29.001056671142578 28.36476707458496 28.38991928100586 27.817567825317383 28.073055267333984 106.70262145996094 32.17283248901367 28.386463165283203 27.806623458862305 28.416767120361328 28.880191802978516 28.253183364868164 28.58950424194336 28.250368118286133 
48.80972671508789 28.58051109313965 28.704383850097656 28.438560485839844 28.616287231445312 29.14303970336914 100.8953628540039 32.471744537353516 35.40707015991211 27.851104736328125 27.547712326049805 28.69526481628418 27.733247756958008 28.319135665893555 28.820575714111328 28.409343719482422 
44.53580856323242 28.17513656616211 29.546560287475586 28.200000762939453 28.247455596923828 28.35036849975586 28.054880142211914 97.03731536865234 33.692222595214844 27.73529624938965 28.08950424194336 28.786399841308594 29.130111694335938 28.697471618652344 28.309471130371094 28.02751922607422 
47.41926574707031 27.553728103637695 30.03340721130371 28.486976623535156 28.854848861694336 28.80486488342285 104.3700180053711 36.96745681762695 35.87363052368164 28.22547149658203 28.312896728515625 27.95238494873047 28.082719802856445 28.266847610473633 28.67487907409668 27.946239471435547 
44.258209228515625 28.47420883178711 28.006752014160156 28.108671188354492 27.9006404876709 27.822368621826172 27.878944396972656 98.78982543945312 34.41734313964844 28.038976669311523 28.89321517944336 28.378559112548828 28.81123161315918 28.663103103637695 30.6342716217041 28.752832412719727 
51.34617614746094 28.86457633972168 28.201152801513672 28.064800262451172 28.846656799316406 28.18511962890625 30.288864135742188 91.8031005859375 37.8034553527832 28.408767700195312 28.02521514892578 28.344255447387695 28.604095458984375 27.914880752563477 28.54035186767578 28.818880081176758 
57.8427848815918 28.47964859008789 28.059328079223633 28.206815719604492 27.807872772216797 28.381376266479492 30.097759246826172 78.12329864501953 33.12947082519531 28.402816772460938 27.75872039794922 28.1342716217041 28.92892837524414 27.74982452392578 28.33603286743164 28.763103485107422 
46.05215835571289 18.133024215698242 18.10416030883789 17.80396842956543 18.214815139770508 18.262720108032227 62.88627243041992 17.85593605041504 28.226816177368164 18.87753677368164 18.649568557739258 18.146591186523438 18.976991653442383 18.941312789916992 18.681856155395508 18.229663848876953 
35.07785415649414 17.761503219604492 17.77884864807129 17.931808471679688 18.06230354309082 18.0731201171875 18.113536834716797 18.31599998474121 27.56787109375 18.88390350341797 18.4783992767334 18.051359176635742 18.33305549621582 18.869535446166992 18.62505531311035 18.02796745300293 
35.088417053222656 17.757280349731445 17.801408767700195 17.883455276489258 18.16387176513672 18.153440475463867 18.210399627685547 18.39263916015625 25.87766456604004 19.31942367553711 18.571327209472656 18.036895751953125 18.30124855041504 19.377023696899414 18.412960052490234 18.243423461914062 
34.03849411010742 17.750688552856445 17.771455764770508 17.85001564025879 17.844736099243164 17.923072814941406 18.191999435424805 18.255903244018555 27.282943725585938 19.00067138671875 18.88038444519043 18.543807983398438 18.278400421142578 18.108736038208008 18.964767456054688 18.594207763671875 
37.22118377685547 17.761920928955078 17.851903915405273 18.29795265197754 18.40345573425293 18.279552459716797 18.22960090637207 18.185983657836914 27.03286361694336 18.178495407104492 18.33286476135254 18.874399185180664 18.494592666625977 18.10518455505371 19.15465545654297 19.137216567993164 
33.50521469116211 17.76108741760254 17.98953628540039 18.175199508666992 18.371328353881836 18.437984466552734 18.308927536010742 18.301408767700195 26.850048065185547 18.120927810668945 18.545856475830078 18.868608474731445 18.67375946044922 18.36092758178711 18.082399368286133 18.99964714050293 
35.09523010253906 17.775455474853516 17.80646324157715 17.86412811279297 18.016191482543945 18.002912521362305 18.01705551147461 18.333759307861328 24.356800079345703 18.069440841674805 18.812543869018555 19.02387237548828 18.431232452392578 18.913888931274414 18.811296463012695 18.921791076660156 
34.05331039428711 17.753759384155273 17.87286376953125 17.91302490234375 18.127904891967773 18.22368049621582 18.927263259887695 18.511199951171875 26.253376007080078 18.22105598449707 18.08220863342285 18.62883186340332 18.7425594329834 18.319232940673828 18.123071670532227 18.65350341796875 
34.08671951293945 17.81769561767578 17.797504425048828 17.8470401763916 17.9136962890625 18.491199493408203 18.689056396484375 18.79270362854004 27.678239822387695 18.493343353271484 18.51363182067871 17.993408203125 18.108415603637695 18.55276870727539 18.450944900512695 18.08140754699707 
34.073280334472656 17.818784713745117 17.81999969482422 18.055328369140625 18.019359588623047 18.076160430908203 18.078399658203125 18.185855865478516 27.668127059936523 18.027551651000977 18.583711624145508 18.744800567626953 18.428255081176758 17.98249626159668 18.98102378845215 19.30624008178711 
36.85859298706055 23.21161651611328 23.707231521606445 23.9517765045166 23.99523162841797 23.437856674194336 23.481952667236328 23.894271850585938 32.51388931274414 23.648479461669922 23.77961540222168 23.714208602905273 24.294431686401367 23.880191802978516 23.582143783569336 23.868640899658203 
40.25836944580078 22.997888565063477 23.001983642578125 23.25766372680664 23.308704376220703 24.052703857421875 24.43414306640625 24.342655181884766 25.851327896118164 24.09404754638672 23.615327835083008 24.043487548828125 23.892255783081055 24.057344436645508 23.947328567504883 23.916032791137695 
38.139774322509766 23.027008056640625 23.119199752807617 24.221696853637695 24.246496200561523 24.184480667114258 23.823583602905273 23.95337677001953 35.951263427734375 23.56915283203125 23.863712310791016 24.139583587646484 23.983264923095703 23.857568740844727 23.791744232177734 24.448640823364258 
52.85718536376953 23.160640716552734 23.538528442382812 23.59702491760254 23.73686408996582 23.62246322631836 23.56003189086914 23.71299171447754 33.17232131958008 24.23859214782715 23.898239135742188 23.819616317749023 23.837215423583984 23.76201629638672 23.756288528442383 23.976831436157227 
38.170753479003906 22.994367599487305 23.066495895385742 23.434112548828125 23.931808471679688 24.37071990966797 23.966655731201172 23.685535430908203 34.23855972290039 23.67795181274414 23.38128089904785 24.37664031982422 23.780832290649414 23.861696243286133 23.81270408630371 24.083423614501953 
38.232574462890625 22.99590492248535 22.989952087402344 23.020383834838867 24.0402889251709 23.8437442779541 24.976287841796875 23.542848587036133 33.26144027709961 23.64579200744629 24.071327209472656 23.73379135131836 23.987295150756836 24.022783279418945 23.65782356262207 23.726335525512695 
37.05449676513672 23.281375885009766 23.01353645324707 23.51193618774414 24.437824249267578 25.019840240478516 24.729440689086914 23.602975845336914 32.994014739990234 23.60041618347168 23.852319717407227 23.830047607421875 23.80022430419922 23.64681625366211 24.01638412475586 24.030752182006836 
39.24764633178711 22.98271942138672 23.048927307128906 23.178016662597656 23.2521915435791 24.213600158691406 24.173280715942383 23.935712814331055 35.96035385131836 23.560415267944336 23.835487365722656 23.64521598815918 23.95462417602539 23.95635223388672 23.830944061279297 23.755359649658203 
39.186561584472656 22.947359085083008 23.50934410095215 23.676063537597656 24.167743682861328 23.807615280151367 23.658239364624023 24.005216598510742 33.76121520996094 23.77347183227539 24.160032272338867 24.035327911376953 24.1693115234375 23.853952407836914 23.911008834838867 24.03455924987793 
47.47840118408203 22.915935516357422 23.03023910522461 23.571935653686523 23.58915138244629 24.36016082763672 23.58835220336914 23.336223602294922 34.23161697387695 23.502464294433594 24.01590347290039 23.823551177978516 25.56268882751465 23.65001678466797 23.723039627075195 23.75324821472168 
53.68044662475586 34.863487243652344 34.6921272277832 36.02524948120117 27.41974449157715 27.84009552001953 112.88671875 73.62223815917969 37.76057434082031 27.834144592285156 27.224224090576172 28.049152374267578 28.060287475585938 27.368000030517578 29.247968673706055 28.147136688232422 
63.06911849975586 35.07449722290039 36.715904235839844 115.30694580078125 26.772192001342773 27.358367919921875 27.432832717895508 27.92188835144043 38.707454681396484 32.825950622558594 28.13711929321289 27.991775512695312 27.49395179748535 28.09164810180664 28.456384658813477 28.100704193115234 
56.726112365722656 34.30575942993164 35.39209747314453 41.044063568115234 90.9521255493164 26.8437442779541 27.012863159179688 27.062463760375977 39.574241638183594 28.392671585083008 27.861024856567383 28.110431671142578 28.387744903564453 27.470783233642578 27.77881622314453 28.477535247802734 
58.77638244628906 34.14121627807617 35.5522575378418 127.965087890625 34.1223030090332 27.4531192779541 27.675392150878906 27.562047958374023 37.254878997802734 27.72323226928711 27.57935905456543 28.401952743530273 28.346399307250977 27.730623245239258 28.312480926513672 28.451391220092773 
58.833343505859375 34.102752685546875 35.57884979248047 141.64886474609375 33.1550407409668 27.48896026611328 27.734975814819336 27.445375442504883 39.94451141357422 27.769855499267578 27.331680297851562 27.79520034790039 28.869312286376953 27.835968017578125 27.30963134765625 28.314559936523438 
58.878047943115234 35.135902404785156 36.27695846557617 108.88572692871094 27.580320358276367 26.833984375 27.289888381958008 27.832895278930664 38.69807815551758 28.311904907226562 28.073312759399414 28.3272647857666 27.940576553344727 27.75712013244629 28.49945640563965 27.647775650024414 
56.68016052246094 34.16892623901367 37.81932830810547 49.40435028076172 87.14051055908203 27.360031127929688 27.423200607299805 27.285343170166016 39.84345626831055 27.32988739013672 27.887327194213867 28.083744049072266 27.306079864501953 27.8255672454834 28.71072006225586 27.794687271118164 
58.856990814208984 37.261695861816406 35.432640075683594 143.26300048828125 26.778303146362305 26.984800338745117 28.84707260131836 29.69251251220703 42.13593673706055 28.13974380493164 28.288415908813477 27.30521583557129 27.84623908996582 28.451520919799805 27.983423233032227 28.006208419799805 
59.88880157470703 35.353694915771484 38.653343200683594 149.10879516601562 31.032543182373047 26.79190444946289 28.021535873413086 28.149503707885742 41.617759704589844 27.299808502197266 27.93916893005371 28.553951263427734 28.036447525024414 27.750688552856445 28.485919952392578 27.876192092895508 
63.071006774902344 35.12860870361328 36.53849411010742 129.49424743652344 27.480159759521484 26.866592407226562 28.202783584594727 27.77449607849121 36.06371307373047 27.32294464111328 27.33228874206543 28.504735946655273 27.9769287109375 27.919456481933594 28.612255096435547 27.4420166015625 
55.209537506103516 29.792192459106445 31.10492706298828 30.76857566833496 31.14860725402832 72.68380737304688 29.49852752685547 30.63759994506836 37.9400634765625 30.756288528442383 30.860416412353516 29.868928909301758 30.224191665649414 30.727903366088867 30.99228858947754 30.294015884399414 
49.04703903198242 30.184415817260742 29.75926399230957 29.832096099853516 30.53104019165039 31.14838409423828 31.191936492919922 31.533952713012695 37.390079498291016 30.632383346557617 30.513408660888672 30.618207931518555 30.5710391998291 31.081279754638672 30.839839935302734 30.73676872253418 
48.758270263671875 30.22275161743164 29.96556854248047 30.862560272216797 31.10063934326172 31.321088790893555 30.549280166625977 108.57564544677734 38.158302307128906 30.32134437561035 31.094688415527344 30.82022476196289 30.131328582763672 30.31599998474121 30.7324161529541 30.86016082763672 
47.89558410644531 29.998815536499023 31.363744735717773 31.496000289916992 31.187999725341797 31.489343643188477 30.815359115600586 33.68044662475586 36.889888763427734 30.052959442138672 30.71561622619629 30.640159606933594 30.22652816772461 30.851295471191406 30.931167602539062 30.623775482177734 
51.082496643066406 29.982751846313477 29.710399627685547 30.882976531982422 30.461471557617188 30.78825569152832 30.366880416870117 31.154048919677734 35.31129455566406 30.43110466003418 30.67308807373047 31.660415649414062 30.773056030273438 30.981056213378906 30.335168838500977 30.43267250061035 
53.146846771240234 29.96895980834961 30.238719940185547 31.2325439453125 30.904863357543945 31.02899169921875 30.60268783569336 30.72979164123535 36.49622344970703 30.568063735961914 30.478464126586914 30.180448532104492 30.8306884765625 31.0579833984375 30.314847946166992 30.120864868164062 
49.01871871948242 29.805471420288086 30.90559959411621 30.371295928955078 30.419391632080078 31.54947280883789 31.570207595825195 32.56614303588867 35.73100662231445 30.800064086914062 30.119007110595703 30.181440353393555 31.367679595947266 30.814720153808594 30.795743942260742 30.438304901123047 
48.9683837890625 29.74985694885254 29.97545623779297 31.172096252441406 30.554655075073242 30.695232391357422 30.89638328552246 35.22172927856445 34.62646484375 30.525407791137695 29.977535247802734 29.970272064208984 30.902559280395508 30.248512268066406 30.08198356628418 30.797664642333984 
51.063262939453125 30.65555191040039 30.691648483276367 30.917152404785156 31.840927124023438 31.40665626525879 30.540800094604492 30.729087829589844 36.659454345703125 30.28118324279785 29.911935806274414 30.156320571899414 30.62499237060547 30.886911392211914 30.69647979736328 30.664735794067383 
52.046016693115234 30.16703987121582 30.281471252441406 31.075584411621094 31.369152069091797 30.86569595336914 30.8720645904541 31.271615982055664 37.43164825439453 30.47292709350586 29.85081672668457 30.68342399597168 30.611103057861328 30.40176010131836 30.253856658935547 31.0382080078125 
42.99100875854492 26.370176315307617 26.241119384765625 27.49558448791504 27.928800582885742 26.698047637939453 26.93097686767578 125.1266860961914 34.62566375732422 26.957408905029297 27.370943069458008 27.43328094482422 27.266847610473633 27.34377670288086 26.78486442565918 26.6691837310791 
42.0568962097168 26.31996726989746 25.928991317749023 26.726879119873047 26.623584747314453 26.820032119750977 27.299039840698242 120.23686218261719 33.944190979003906 27.15283203125 26.705791473388672 27.015520095825195 27.880224227905273 27.413951873779297 27.282304763793945 27.231584548950195 
43.230079650878906 26.20345687866211 26.299776077270508 26.991615295410156 27.241119384765625 26.84454345703125 26.951295852661133 122.75660705566406 32.48476791381836 26.877023696899414 26.880416870117188 26.696256637573242 26.798784255981445 26.72822380065918 28.576448440551758 27.263872146606445 
45.39424133300781 25.860607147216797 25.850400924682617 26.63091278076172 27.05094337463379 26.66223907470703 26.98476791381836 103.15766143798828 34.22943878173828 26.834144592285156 27.41766357421875 27.043935775756836 26.85523223876953 26.964256286621094 26.953216552734375 27.400127410888672 
42.259071350097656 26.11996841430664 26.78112030029297 26.81113624572754 26.816608428955078 27.31603240966797 27.12892723083496 118.69280242919922 33.73487854003906 26.683456420898438 27.238527297973633 27.187583923339844 27.36966323852539 27.500736236572266 27.238975524902344 26.847999572753906 
43.24483108520508 25.97644805908203 25.82454490661621 27.31827163696289 27.16739273071289 27.126144409179688 27.221664428710938 26.753599166870117 34.351200103759766 27.207839965820312 27.538848876953125 26.794591903686523 27.1777286529541 26.945247650146484 26.779935836791992 26.738719940185547 
43.30553436279297 26.064800262451172 26.235647201538086 26.271039962768555 26.790592193603516 26.875232696533203 26.784223556518555 116.11113739013672 35.72566223144531 27.507648468017578 27.26246452331543 27.5614070892334 26.852895736694336 26.894432067871094 26.979263305664062 27.118560791015625 
45.35417556762695 25.965919494628906 26.01932716369629 26.75436782836914 27.36240005493164 26.65603256225586 27.182144165039062 109.33753967285156 32.209537506103516 26.723072052001953 27.180511474609375 27.353248596191406 26.842208862304688 27.08118438720703 27.077695846557617 27.060352325439453 
76.71894073486328 26.378400802612305 26.43529510498047 26.490175247192383 27.198720932006836 27.138111114501953 26.445472717285156 26.232799530029297 34.1473274230957 26.63043212890625 26.81043243408203 27.03321647644043 27.297088623046875 26.985183715820312 27.035999298095703 27.13327980041504 
43.261505126953125 26.15827178955078 26.129663467407227 26.144224166870117 26.356096267700195 26.82089614868164 26.917631149291992 27.10201644897461 32.40752029418945 26.98873519897461 27.315231323242188 26.63420867919922 27.033952713012695 26.905759811401367 26.959775924682617 26.896448135375977 
52.423614501953125 34.92457580566406 34.731327056884766 35.20640182495117 34.69734573364258 34.587745666503906 34.536128997802734 60.454017639160156 39.99446487426758 34.447967529296875 33.82499313354492 33.94963073730469 34.67622375488281 33.9851188659668 34.74220657348633 33.91535949707031 
55.37753677368164 33.264320373535156 34.946720123291016 35.05472183227539 34.78307342529297 34.827518463134766 35.21113586425781 54.18201446533203 39.34102249145508 34.309505462646484 34.343265533447266 34.63974380493164 34.639713287353516 35.065216064453125 34.107295989990234 34.80470275878906 
55.36127853393555 33.503841400146484 35.109344482421875 35.6578254699707 34.88051223754883 34.64963150024414 34.86201477050781 36.912288665771484 42.343936920166016 34.104671478271484 33.81513595581055 33.75142288208008 35.036705017089844 34.05699157714844 34.86943817138672 34.17011260986328 
62.632320404052734 33.50249481201172 33.65155029296875 34.75948715209961 35.156158447265625 34.95030212402344 35.61711883544922 38.56742477416992 41.65475082397461 34.26985549926758 34.367488861083984 34.99657440185547 34.05356979370117 34.65520095825195 33.96451187133789 34.420257568359375 
51.11916732788086 33.51747131347656 34.85820770263672 35.72351837158203 34.515296936035156 34.08537673950195 34.7619514465332 51.61862564086914 41.67161560058594 34.40604782104492 33.81798553466797 34.83436965942383 34.28192138671875 34.89158248901367 34.454017639160156 34.95808029174805 
52.400638580322266 33.49248123168945 33.757537841796875 34.5794563293457 34.638336181640625 34.24358367919922 33.81244659423828 35.00368118286133 41.87855911254883 34.071807861328125 34.43414306640625 34.42790222167969 33.84832000732422 35.01676940917969 34.098846435546875 34.995521545410156 
49.30940628051758 33.404991149902344 33.411582946777344 33.724544525146484 34.4854736328125 35.125728607177734 35.164798736572266 34.91062545776367 42.550209045410156 34.071937561035156 35.053184509277344 34.197662353515625 34.90009689331055 33.92496109008789 34.37395095825195 33.83903884887695 
122.73942565917969 34.468929290771484 34.592254638671875 34.48259353637695 34.40630340576172 34.94393539428711 34.799808502197266 34.586849212646484 41.43500900268555 33.758270263671875 34.35116958618164 33.9628791809082 34.56806564331055 34.3047981262207 34.903297424316406 35.96739196777344 
51.44121551513672 33.52470397949219 35.009056091308594 35.39619064331055 34.72652816772461 34.887840270996094 34.99238586425781 52.93315124511719 41.79679870605469 34.27971267700195 34.63600158691406 35.42323303222656 34.33760070800781 35.04608154296875 34.70345687866211 34.716800689697266 
50.105953216552734 33.253822326660156 34.59244918823242 35.87324905395508 34.74800109863281 34.565406799316406 35.00998306274414 35.68521499633789 40.92076873779297 33.972190856933594 33.796897888183594 34.201377868652344 33.95257568359375 34.50566482543945 34.318336486816406 35.11404800415039 
44.4007682800293 27.575008392333984 27.628671646118164 28.817344665527344 28.651968002319336 29.306400299072266 28.84761619567871 142.73741149902344 34.563297271728516 28.687423706054688 28.199615478515625 28.47609519958496 28.53215980529785 28.189983367919922 28.622304916381836 28.20412826538086 
74.68946838378906 27.55615997314453 27.705408096313477 29.460063934326172 29.234176635742188 28.895967483520508 28.349472045898438 67.01897430419922 32.80985641479492 28.40608024597168 28.287200927734375 28.53513526916504 27.974815368652344 28.265823364257812 28.196735382080078 28.48240089416504 
70.52214050292969 27.555967330932617 27.64896011352539 28.675424575805664 28.32035255432129 28.403200149536133 28.681503295898438 76.18534088134766 35.887454986572266 27.961824417114258 28.345312118530273 28.054943084716797 28.41481590270996 28.18886375427246 28.417600631713867 28.464256286621094 
68.55017852783203 27.7607364654541 27.978656768798828 28.001279830932617 28.183231353759766 29.297279357910156 28.566688537597656 87.00723266601562 34.63564682006836 28.291711807250977 28.718368530273438 28.563583374023438 28.237600326538086 28.54431915283203 28.456832885742188 28.390687942504883 
73.69699096679688 27.5567684173584 27.931360244750977 29.084800720214844 28.849567413330078 29.427072525024414 29.512096405029297 82.57926177978516 35.8298225402832 27.998592376708984 28.387968063354492 27.980607986450195 28.5699520111084 28.465087890625 28.25948715209961 28.786943435668945 
73.71814727783203 27.986719131469727 28.419103622436523 28.417184829711914 29.688640594482422 28.749248504638672 28.756351470947266 69.59798431396484 35.414337158203125 28.040000915527344 28.651264190673828 28.597536087036133 28.172000885009766 28.185087203979492 28.159103393554688 28.76540756225586 
75.81696319580078 27.624448776245117 28.763263702392578 29.02579116821289 29.58243179321289 28.75641632080078 29.188127517700195 75.32637023925781 34.76457595825195 27.992319107055664 28.34998321533203 28.070175170898438 28.00339126586914 28.032447814941406 28.300159454345703 28.179584503173828 
71.88607788085938 28.157503128051758 28.482624053955078 28.36249542236328 28.612064361572266 28.514144897460938 79.39561462402344 27.82316780090332 34.85686492919922 28.074495315551758 28.500608444213867 28.10335922241211 29.741344451904297 28.2857608795166 28.38198471069336 28.786304473876953 
71.63414764404297 27.62451171875 27.809568405151367 29.342559814453125 28.66396713256836 28.78291130065918 28.377567291259766 35.97929763793945 35.091678619384766 28.088703155517578 28.033056259155273 28.582815170288086 28.95903968811035 29.392864227294922 28.390399932861328 28.48873519897461 
72.64128112792969 28.258752822875977 28.560447692871094 28.619007110595703 29.10041618347168 28.92723274230957 29.070880889892578 76.6240005493164 34.86592102050781 28.107744216918945 28.210880279541016 28.916128158569336 28.593183517456055 28.53443145751953 28.224288940429688 28.44144058227539 
77.3967056274414 23.87513542175293 24.009279251098633 24.21353530883789 24.295263290405273 24.819456100463867 24.296512603759766 24.84649658203125 32.56710433959961 25.06377601623535 24.863296508789062 24.918079376220703 24.962688446044922 24.93881607055664 25.0468807220459 25.43657684326172 
39.44496154785156 24.446624755859375 24.156736373901367 24.13929557800293 24.245311737060547 25.07753562927246 25.02899169921875 71.58716583251953 34.23846435546875 24.864063262939453 25.16985511779785 24.75071907043457 26.14841651916504 24.942079544067383 24.699583053588867 24.558752059936523 
49.024513244628906 24.457279205322266 24.23619270324707 24.33679962158203 24.27289581298828 24.887840270996094 25.339744567871094 24.88912010192871 29.916736602783203 24.81939125061035 25.080703735351562 24.671072006225586 25.6080322265625 25.17955207824707 24.96518325805664 24.84422492980957 
47.00627136230469 24.30054473876953 24.03343963623047 24.08019256591797 24.094303131103516 24.514591217041016 24.83091163635254 24.48588752746582 35.23926544189453 25.061983108520508 24.9085750579834 24.953855514526367 25.508928298950195 25.536224365234375 25.102943420410156 24.5982723236084 
50.038814544677734 24.373632431030273 24.08550453186035 24.270336151123047 24.181312561035156 24.26563262939453 25.355871200561523 101.85702514648438 34.63187026977539 24.777856826782227 25.031871795654297 24.861919403076172 25.203392028808594 25.253183364868164 24.888320922851562 24.96678352355957 
44.690528869628906 24.362783432006836 24.041791915893555 24.302879333496094 24.15724754333496 25.278112411499023 25.64316749572754 24.6628475189209 32.04288101196289 24.923583984375 25.02467155456543 25.396608352661133 24.797536849975586 25.049856185913086 24.55459213256836 25.208383560180664 
47.98374557495117 24.339712142944336 24.011455535888672 24.260896682739258 24.567712783813477 25.449567794799805 25.600000381469727 24.85215950012207 33.69334411621094 24.593408584594727 25.193567276000977 24.85980796813965 25.354944229125977 25.013919830322266 25.363168716430664 24.75961685180664 
46.04108810424805 23.966463088989258 24.263872146606445 24.35980796813965 24.276256561279297 25.012256622314453 25.021791458129883 24.620576858520508 30.081056594848633 24.904767990112305 24.68262481689453 25.1942081451416 24.90985679626465 25.174463272094727 24.78767967224121 25.384319305419922 
49.029823303222656 24.30179214477539 24.052095413208008 24.075647354125977 24.262208938598633 24.507295608520508 24.666624069213867 24.287872314453125 32.54508972167969 25.19487953186035 24.44428825378418 25.283071517944336 24.559999465942383 25.39779281616211 25.273183822631836 25.112224578857422 
45.79052734375 24.562175750732422 24.35024070739746 24.596288681030273 24.735647201538086 25.0118408203125 25.310527801513672 24.840576171875 34.10502243041992 25.258752822875977 25.381759643554688 24.780895233154297 24.732479095458984 25.341888427734375 25.139936447143555 25.142112731933594 
50.24671936035156 27.175199508666992 26.86777687072754 28.173503875732422 27.831296920776367 28.049535751342773 27.822303771972656 99.5136947631836 35.68937683105469 28.0183048248291 27.942848205566406 27.798015594482422 28.01590347290039 28.427839279174805 28.316991806030273 27.947328567504883 
48.17555236816406 27.256704330444336 27.672544479370117 27.619264602661133 27.320735931396484 27.76032066345215 27.952255249023438 28.237056732177734 36.48915100097656 27.87468719482422 28.26915168762207 28.337984085083008 27.968000411987305 27.200864791870117 28.16534423828125 28.376096725463867 
47.16851043701172 26.94211196899414 28.0328311920166 28.548736572265625 28.113567352294922 28.226112365722656 27.839616775512695 27.993600845336914 33.90480041503906 28.207103729248047 28.65897560119629 28.271808624267578 28.579904556274414 28.144351959228516 27.70400047302246 27.93631935119629 
44.001792907714844 27.20832061767578 27.284255981445312 28.116640090942383 28.039583206176758 28.181663513183594 28.54729652404785 55.44192123413086 31.986303329467773 27.548864364624023 28.3503360748291 28.163679122924805 27.612640380859375 28.284223556518555 28.36240005493164 27.903871536254883 
46.09471893310547 26.79759979248047 26.87798309326172 27.855520248413086 27.5097599029541 27.714624404907227 28.038816452026367 27.804800033569336 34.773311614990234 28.148448944091797 27.735456466674805 28.960575103759766 28.243839263916016 27.68921661376953 27.581600189208984 28.281951904296875 
46.13907241821289 26.833791732788086 26.873119354248047 27.791391372680664 27.801952362060547 28.63337516784668 27.880735397338867 27.677440643310547 35.71116638183594 27.824447631835938 28.090272903442383 28.309663772583008 28.321664810180664 27.679487228393555 27.14566421508789 27.83955192565918 
44.04377746582031 27.087135314941406 27.709632873535156 27.9586238861084 28.63587188720703 28.382335662841797 27.59401512145996 28.168479919433594 32.84294509887695 27.3384952545166 27.708288192749023 28.83616065979004 28.606271743774414 27.789215087890625 27.740127563476562 28.18886375427246 
42.90611267089844 27.136255264282227 27.239423751831055 28.110624313354492 28.012256622314453 27.951263427734375 28.102975845336914 27.51260757446289 35.54044723510742 27.766016006469727 28.564416885375977 28.104511260986328 28.36355209350586 27.646879196166992 27.726015090942383 29.334463119506836 
46.12489700317383 27.154560089111328 27.427167892456055 27.35100746154785 27.204416275024414 27.88319969177246 27.43996810913086 27.662464141845703 34.02073669433594 27.198015213012695 28.0251522064209 27.95529556274414 28.345727920532227 27.652320861816406 27.37171173095703 27.81692886352539 
46.958560943603516 26.914751052856445 27.23379135131836 27.83683204650879 28.194944381713867 27.76665687561035 27.98137664794922 32.456382751464844 36.22412872314453 27.397823333740234 27.84377670288086 28.336671829223633 27.837535858154297 28.374143600463867 28.238208770751953 28.407712936401367 
43.236961364746094 14.342016220092773 14.355135917663574 14.33788776397705 14.526623725891113 14.570655822753906 35.95347213745117 14.471391677856445 25.2708797454834 14.913311958312988 15.254240036010742 14.720800399780273 14.831328392028809 14.684127807617188 14.944543838500977 15.3722562789917 
28.903520584106445 14.371071815490723 14.403679847717285 14.345312118530273 14.475711822509766 14.482272148132324 14.507007598876953 14.867199897766113 20.4816951751709 15.698399543762207 14.87491226196289 15.057408332824707 15.091327667236328 15.569343566894531 15.12230396270752 14.483200073242188 
27.8319034576416 14.346528053283691 14.37228775024414 14.484831809997559 14.492095947265625 14.467391967773438 14.835616111755371 14.714176177978516 20.202880859375 15.437408447265625 14.898048400878906 14.464672088623047 14.59727954864502 15.02064037322998 14.488544464111328 14.792703628540039 
28.882047653198242 14.381376266479492 14.373279571533203 14.394495964050293 14.553343772888184 14.675200462341309 14.586496353149414 14.58950424194336 18.859392166137695 15.47107219696045 14.868415832519531 14.816448211669922 14.72323226928711 15.415552139282227 15.200063705444336 14.555328369140625 
27.831008911132812 14.393664360046387 14.381376266479492 14.3984956741333 14.394335746765137 14.52940845489502 14.810272216796875 15.015520095825195 18.809568405151367 15.157407760620117 15.366080284118652 14.701215744018555 14.756352424621582 14.871487617492676 14.78326416015625 15.653632164001465 
28.889408111572266 14.367903709411621 14.378047943115234 14.575519561767578 14.479104042053223 14.582112312316895 14.631391525268555 14.648608207702637 19.261472702026367 15.004223823547363 14.57910442352295 14.551551818847656 15.499360084533691 15.181792259216309 14.505087852478027 14.823424339294434 
27.840383529663086 14.41487979888916 14.390591621398926 14.420512199401855 14.403648376464844 14.594752311706543 14.651264190673828 14.786144256591797 17.685983657836914 15.346048355102539 15.41648006439209 14.7991361618042 14.784832000732422 14.477279663085938 14.90659236907959 15.422240257263184 
28.886335372924805 14.389311790466309 14.388959884643555 14.362303733825684 14.413375854492188 14.54582405090332 14.560576438903809 14.649727821350098 21.83977508544922 15.52342414855957 14.973247528076172 15.168864250183105 15.338111877441406 15.585087776184082 14.7042236328125 14.497952461242676 
27.801504135131836 14.391936302185059 14.40454387664795 14.448736190795898 14.475040435791016 14.764479637145996 14.788288116455078 14.720831871032715 18.355743408203125 15.213727951049805 14.867648124694824 14.998432159423828 15.729727745056152 14.833024024963379 14.517375946044922 14.785920143127441 
29.951583862304688 14.391776084899902 14.374336242675781 14.395615577697754 14.441568374633789 14.51427173614502 14.564512252807617 14.605952262878418 27.361984252929688 14.829279899597168 14.441056251525879 14.784064292907715 14.865056037902832 15.42636775970459 15.564288139343262 14.556256294250488 
46.81622314453125 30.76367950439453 31.145280838012695 31.488895416259766 32.231807708740234 32.197792053222656 32.10316848754883 31.97443199157715 37.730369567871094 31.29974365234375 31.843488693237305 31.371551513671875 32.86345672607422 32.38499069213867 32.0912971496582 32.3331184387207 
50.9251823425293 30.704736709594727 30.88528060913086 31.624000549316406 32.65292739868164 32.340736389160156 32.20716857910156 34.88969421386719 38.36947250366211 31.52560043334961 31.530784606933594 31.36777687072754 31.36249542236328 31.717504501342773 31.38572883605957 31.38153648376465 
49.90544128417969 30.740991592407227 30.974720001220703 30.946399688720703 31.32271957397461 31.624704360961914 32.237857818603516 32.111392974853516 39.77043151855469 31.651519775390625 32.18479919433594 32.382720947265625 32.24396896362305 31.755359649658203 32.799808502197266 32.70364761352539 
49.98777770996094 31.263551712036133 31.452192306518555 32.241249084472656 32.194175720214844 31.967199325561523 32.22694396972656 31.807008743286133 37.743839263916016 30.9783992767334 32.56147384643555 31.27622413635254 31.435007095336914 32.85091018676758 32.08278274536133 32.09747314453125 
95.28153228759766 30.90243148803711 31.715679168701172 32.06867218017578 32.94598388671875 32.01542282104492 31.825632095336914 31.824064254760742 37.916351318359375 31.447551727294922 31.646528244018555 33.619712829589844 31.577056884765625 31.97318458557129 31.747039794921875 31.635744094848633 
48.039039611816406 31.11177635192871 32.53504180908203 32.46166229248047 31.573856353759766 31.767200469970703 32.64566421508789 85.23849487304688 36.34726333618164 31.339231491088867 31.675167083740234 31.812063217163086 32.787296295166016 31.744800567626953 31.600576400756836 31.922143936157227 
47.81187057495117 30.825471878051758 30.946016311645508 32.116607666015625 32.272705078125 31.751327514648438 31.803743362426758 31.669023513793945 37.80588912963867 31.220319747924805 31.35500717163086 31.146528244018555 31.97382354736328 32.316864013671875 32.46255874633789 32.22041702270508 
46.935550689697266 31.61382484436035 31.84115219116211 32.10451126098633 31.89507293701172 32.07993698120117 32.5748176574707 31.89334487915039 40.05641555786133 31.837312698364258 32.22937774658203 32.18966293334961 31.489791870117188 32.41212844848633 32.6393928527832 32.47024154663086 
49.99814224243164 30.665727615356445 30.756288528442383 32.3185920715332 32.47488021850586 32.10774230957031 31.98918342590332 33.71241760253906 38.91996765136719 31.95792007446289 32.66643142700195 31.93791961669922 32.78643035888672 32.323455810546875 32.1965446472168 31.943424224853516 
69.006591796875 30.70649528503418 31.338623046875 31.65724754333496 32.64227294921875 32.81123352050781 32.11964797973633 32.01753616333008 37.728641510009766 32.04550552368164 31.922815322875977 31.811328887939453 31.91315269470215 31.70207977294922 31.705856323242188 31.556224822998047 
81.26643371582031 14.71350383758545 15.821120262145996 15.741312026977539 14.718912124633789 14.859423637390137 14.730879783630371 64.74172973632812 17.519712448120117 15.110655784606934 14.828031539916992 15.095616340637207 14.79248046875 14.34563159942627 14.32697582244873 14.679871559143066 
15.705280303955078 15.018400192260742 14.994527816772461 15.181952476501465 15.223296165466309 15.1976957321167 15.138336181640625 15.219072341918945 17.58620834350586 15.824128150939941 15.55504035949707 15.416192054748535 15.004256248474121 15.602463722229004 15.271903991699219 15.522368431091309 
49.801536560058594 14.74623966217041 14.726783752441406 14.769311904907227 14.84118366241455 17.791776657104492 14.731616020202637 15.761216163635254 22.47875213623047 15.120767593383789 14.979071617126465 14.760736465454102 14.748096466064453 14.297599792480469 14.450847625732422 15.06492805480957 
15.830431938171387 15.447839736938477 15.101280212402344 14.966400146484375 15.140128135681152 15.1779203414917 14.997088432312012 15.040608406066895 16.25619125366211 15.847871780395508 15.435903549194336 15.369791984558105 15.73481559753418 15.302656173706055 14.99830436706543 15.606368064880371 
27.8590087890625 14.733344078063965 14.718111991882324 14.758111953735352 14.802559852600098 14.724384307861328 15.762016296386719 52.483360290527344 20.66320037841797 15.016063690185547 15.165375709533691 15.284383773803711 14.727071762084961 14.614591598510742 14.293120384216309 14.696000099182129 
15.391231536865234 14.99071979522705 14.89897632598877 14.883904457092285 14.983455657958984 14.938719749450684 15.00879955291748 15.245439529418945 18.423776626586914 16.657440185546875 15.249855995178223 15.896575927734375 15.555392265319824 15.428031921386719 15.540736198425293 15.708864212036133 
28.83718490600586 14.7575044631958 15.7325439453125 15.75817584991455 14.756832122802734 15.832223892211914 14.71667194366455 58.72825622558594 19.866304397583008 15.129599571228027 14.347007751464844 14.509568214416504 14.296575546264648 15.292256355285645 15.085408210754395 14.335712432861328 
15.27286434173584 14.822784423828125 14.852895736694336 14.875231742858887 14.808095932006836 14.925151824951172 15.125184059143066 15.210528373718262 17.910816192626953 16.10492706298828 15.295647621154785 16.155136108398438 15.168607711791992 15.35318374633789 15.144063949584961 15.417119979858398 
27.874591827392578 14.710687637329102 15.766271591186523 14.712736129760742 14.721535682678223 15.807968139648438 15.80016040802002 48.239742279052734 19.274944305419922 14.92182445526123 14.36684799194336 14.491392135620117 14.622528076171875 15.122624397277832 15.340703964233398 14.933856010437012 
15.74015998840332 15.043231964111328 14.94591999053955 14.97100830078125 14.973983764648438 14.953311920166016 15.25654411315918 15.490559577941895 17.57040023803711 15.399519920349121 15.140192031860352 15.698495864868164 15.27939224243164 14.975135803222656 16.11084747314453 14.949824333190918 
27.80121612548828 14.716544151306152 14.694560050964355 14.744383811950684 14.867744445800781 16.738143920898438 67.11376190185547 14.73078441619873 21.526592254638672 14.969568252563477 14.642463684082031 15.419584274291992 14.651616096496582 14.80339241027832 14.59398365020752 14.68188762664795 
15.451423645019531 14.874688148498535 14.90396785736084 15.016192436218262 14.99510383605957 14.915488243103027 15.010720252990723 15.330880165100098 18.60198402404785 16.461631774902344 15.133312225341797 15.7391996383667 15.374048233032227 15.253631591796875 15.399168014526367 15.733663558959961 
27.875871658325195 14.687135696411133 15.8340482711792 14.716383934020996 14.696640014648438 14.731712341308594 15.779295921325684 57.7224006652832 20.474336624145508 14.832575798034668 14.199647903442383 14.687328338623047 14.773951530456543 14.86950397491455 15.27235221862793 14.767007827758789 
15.181695938110352 14.846240043640137 15.131391525268555 15.241120338439941 15.300031661987305 15.291007995605469 15.261792182922363 15.091168403625488 18.309823989868164 16.279935836791992 15.098560333251953 15.857888221740723 15.357088088989258 15.173760414123535 15.630399703979492 15.680224418640137 
27.76473617553711 14.758015632629395 19.945951461791992 15.789119720458984 15.733247756958008 14.782015800476074 52.446815490722656 14.754752159118652 19.557024002075195 15.232064247131348 14.238783836364746 14.266016006469727 14.467679977416992 14.778464317321777 15.520895957946777 14.952960014343262 
15.252703666687012 15.027711868286133 15.104448318481445 15.163776397705078 14.94422435760498 14.950336456298828 15.09763240814209 15.252063751220703 16.215167999267578 16.24928092956543 15.621919631958008 15.707039833068848 15.509568214416504 15.52627182006836 16.05344009399414 15.623392105102539 
27.82956886291504 15.759360313415527 15.797951698303223 14.706368446350098 15.746208190917969 15.7608003616333 60.399009704589844 15.268735885620117 18.692895889282227 15.874943733215332 15.102272033691406 14.540384292602539 14.482463836669922 14.517791748046875 14.417440414428711 15.315775871276855 
15.29366397857666 15.032159805297852 15.060895919799805 14.917728424072266 15.235551834106445 15.3722562789917 15.464384078979492 15.176032066345215 17.9256649017334 15.455552101135254 15.17420768737793 15.75443172454834 15.130463600158691 15.407999992370605 15.630304336547852 15.68166446685791 
29.90390396118164 14.71292781829834 14.774432182312012 15.8306884765625 15.736000061035156 15.758463859558105 61.35184097290039 15.276991844177246 19.83513641357422 15.42416000366211 14.259679794311523 14.666943550109863 15.315999984741211 15.075648307800293 14.7041597366333 14.242207527160645 
15.470527648925781 14.861248016357422 14.851391792297363 14.84921646118164 14.90998363494873 15.010239601135254 14.992544174194336 15.001119613647461 18.50044822692871 16.949344635009766 15.982848167419434 15.83459186553955 15.514623641967773 15.546560287475586 15.739839553833008 15.920703887939453 
47.78742218017578 28.983104705810547 30.018463134765625 30.452287673950195 30.757280349731445 30.55254364013672 30.868480682373047 74.635009765625 41.583038330078125 29.687423706054688 29.41049575805664 30.381792068481445 29.87513542175293 29.619647979736328 30.695520401000977 29.579328536987305 
74.2656021118164 29.191423416137695 29.140928268432617 30.617855072021484 30.952096939086914 30.701824188232422 29.657024383544922 29.728160858154297 41.36479949951172 30.23302459716797 29.766111373901367 29.590688705444336 30.7238712310791 29.848800659179688 29.554943084716797 30.695295333862305 
76.3634262084961 29.00556755065918 29.90630340576172 29.85321617126465 30.275680541992188 30.2205753326416 29.94326400756836 85.40946960449219 36.29119873046875 29.390911102294922 30.262847900390625 30.126752853393555 29.612064361572266 31.562271118164062 30.722496032714844 29.82464027404785 
78.43881225585938 29.53049659729004 29.773120880126953 30.849727630615234 31.053855895996094 30.916351318359375 30.173215866088867 78.1695327758789 40.876094818115234 29.495040893554688 30.191200256347656 29.704320907592773 30.235584259033203 30.151872634887695 29.83782386779785 30.32828712463379 
84.56719970703125 29.11747169494629 29.348064422607422 30.588544845581055 30.177888870239258 30.938751220703125 29.928064346313477 73.60543823242188 39.579872131347656 29.749120712280273 30.838655471801758 30.755231857299805 30.712448120117188 29.754880905151367 30.294815063476562 30.765567779541016 
75.3214111328125 29.021984100341797 29.01420783996582 29.94816017150879 29.71513557434082 29.826528549194336 30.78438377380371 95.2569580078125 37.88441467285156 29.845792770385742 29.886751174926758 30.93187141418457 30.428735733032227 29.54252815246582 30.28371238708496 29.8417911529541 
76.24435424804688 28.92367935180664 28.959583282470703 29.636608123779297 30.673919677734375 30.694400787353516 30.44118309020996 87.48502349853516 43.581695556640625 29.679616928100586 30.620800018310547 30.438720703125 29.867103576660156 30.61244773864746 30.418848037719727 29.53219223022461 
74.23638153076172 29.525760650634766 29.55878448486328 30.117919921875 30.43062400817871 30.62406349182129 30.30384063720703 83.55522918701172 41.4354248046875 30.165664672851562 29.4484806060791 30.7291202545166 30.071744918823242 29.330400466918945 30.73561668395996 30.799007415771484 
74.07218933105469 29.009727478027344 29.1474552154541 29.904544830322266 30.42518424987793 30.42073631286621 29.87228775024414 30.185728073120117 39.46108627319336 30.62825584411621 29.566591262817383 30.494272232055664 30.453311920166016 29.558208465576172 30.094816207885742 29.926847457885742 
74.22537231445312 29.042560577392578 29.205184936523438 30.250303268432617 29.69856071472168 30.074304580688477 29.751808166503906 30.376575469970703 39.90447998046875 30.542879104614258 30.07695960998535 31.312223434448242 30.861759185791016 29.58403205871582 30.122976303100586 30.881343841552734 
69.05068969726562 19.282495498657227 19.174047470092773 19.688352584838867 19.972896575927734 19.952064514160156 20.00092887878418 20.217952728271484 29.852256774902344 20.594207763671875 20.547168731689453 20.268287658691406 19.699840545654297 20.457599639892578 21.12735939025879 20.581567764282227 
34.34291076660156 19.134592056274414 19.20217514038086 19.250783920288086 19.208927154541016 19.402080535888672 19.403648376464844 19.54083251953125 24.694080352783203 20.002527236938477 19.734495162963867 19.82489585876465 19.72313690185547 19.66975975036621 19.87830352783203 19.850400924682617 
34.33295822143555 19.150047302246094 19.484960556030273 19.980607986450195 20.27689552307129 20.25775909423828 20.118656158447266 20.26825523376465 28.159648895263672 19.417152404785156 19.725984573364258 19.860576629638672 20.22220802307129 19.879072189331055 19.751359939575195 19.868064880371094 
76.26348876953125 19.180864334106445 19.205215454101562 19.319232940673828 19.27916717529297 19.477792739868164 19.47260856628418 19.537824630737305 27.211904525756836 20.168928146362305 20.043296813964844 19.96214485168457 19.53273582458496 19.844608306884766 19.972288131713867 19.708511352539062 
35.33100891113281 19.63983917236328 19.167903900146484 19.28633689880371 19.454912185668945 19.698591232299805 19.451295852661133 19.419071197509766 28.576608657836914 20.0633602142334 20.39753532409668 20.39027214050293 20.741952896118164 20.82624053955078 19.988319396972656 20.14303970336914 
36.382816314697266 19.143680572509766 19.377471923828125 19.70230484008789 19.70403289794922 19.734336853027344 19.90870475769043 20.108383178710938 28.204992294311523 19.69024085998535 19.99635124206543 19.758464813232422 20.39072036743164 19.794815063476562 19.725568771362305 19.862943649291992 
34.29935836791992 19.19331169128418 19.211999893188477 19.450496673583984 19.72319984436035 19.99977684020996 19.98886489868164 20.0231990814209 28.573503494262695 19.56399917602539 19.920448303222656 19.982112884521484 19.74163246154785 19.545856475830078 19.66067123413086 19.70992088317871 
35.37798309326172 19.17171287536621 19.207359313964844 19.175872802734375 19.384672164916992 19.504480361938477 19.770463943481445 19.84662437438965 27.179168701171875 19.484384536743164 19.90656089782715 19.48067283630371 19.543424606323242 19.470592498779297 19.761920928955078 20.34172821044922 
51.07766342163086 19.211999893188477 19.21731185913086 19.39651107788086 19.694656372070312 19.763200759887695 19.763904571533203 20.073312759399414 27.632287979125977 19.743711471557617 19.922527313232422 19.649023056030273 19.849695205688477 19.686336517333984 19.536928176879883 19.9737606048584 
34.33612823486328 19.153152465820312 19.17545509338379 19.278656005859375 19.462688446044922 20.31545639038086 19.558303833007812 19.510080337524414 28.20582389831543 20.720064163208008 19.85273551940918 19.85955238342285 19.779680252075195 19.765216827392578 20.116479873657227 19.772863388061523 
42.667232513427734 25.26812744140625 25.341312408447266 25.752031326293945 25.99068832397461 26.323488235473633 26.524288177490234 26.248544692993164 34.39091110229492 26.448320388793945 26.709087371826172 26.56163215637207 26.63417625427246 26.623519897460938 26.605600357055664 26.598495483398438 
42.80339050292969 25.634368896484375 25.397951126098633 26.41062355041504 26.214719772338867 25.988544464111328 26.01795196533203 136.46640014648438 33.861663818359375 26.0001277923584 26.1496639251709 26.195552825927734 26.604799270629883 26.463808059692383 26.11404800415039 26.31964874267578 
39.66831970214844 25.79680061340332 25.532032012939453 26.3286075592041 25.94767951965332 26.67625617980957 26.733055114746094 120.16812896728516 36.65446472167969 26.109535217285156 26.388416290283203 26.3242244720459 26.40108871459961 26.753984451293945 26.529056549072266 26.633888244628906 
42.87356948852539 25.803808212280273 25.579872131347656 25.736095428466797 25.649887084960938 25.844064712524414 26.3822078704834 125.93472290039062 35.85724639892578 26.421375274658203 26.407743453979492 26.0831356048584 25.540128707885742 25.9770565032959 26.452831268310547 26.049856185913086 
41.76816177368164 25.66067123413086 25.70403289794922 26.097888946533203 26.28998374938965 25.84796714782715 26.35468864440918 26.268640518188477 35.73344039916992 25.952255249023438 26.016063690185547 26.257375717163086 28.28326416015625 26.23107147216797 26.403392791748047 26.266624450683594 
53.22489547729492 25.218656539916992 25.27724838256836 26.370208740234375 26.396928787231445 26.10063934326172 26.57391929626465 26.61244773864746 31.4399356842041 26.145856857299805 26.457408905029297 26.529375076293945 26.6364803314209 26.27631950378418 26.418304443359375 26.365535736083984 
40.84735870361328 25.49737548828125 25.509727478027344 26.056127548217773 26.01558494567871 25.881471633911133 26.50943946838379 128.35446166992188 35.00886535644531 26.012704849243164 25.878496170043945 26.055744171142578 26.350751876831055 26.06105613708496 26.639616012573242 26.519264221191406 
39.676544189453125 25.753887176513672 25.659360885620117 25.584064483642578 25.929344177246094 26.338687896728516 26.05062484741211 124.08147430419922 34.23110580444336 26.035903930664062 26.134016036987305 26.502656936645508 26.200031280517578 26.005535125732422 26.171104431152344 26.497663497924805 
41.60371017456055 25.506336212158203 25.543935775756836 25.422367095947266 26.036352157592773 26.106752395629883 26.591968536376953 124.97481536865234 33.47020721435547 25.892032623291016 26.14454460144043 26.205759048461914 26.428192138671875 26.520767211914062 26.09119987487793 26.067392349243164 
41.84694290161133 25.55619239807129 25.5644474029541 25.522432327270508 25.74185562133789 26.779584884643555 25.957599639892578 129.96319580078125 35.669857025146484 26.035263061523438 26.435840606689453 26.22870445251465 25.97577667236328 26.1461124420166 26.416799545288086 26.66124725341797 
37.044864654541016 21.111040115356445 21.298368453979492 21.278047561645508 21.364032745361328 21.489696502685547 21.583232879638672 25.387968063354492 27.86947250366211 21.434751510620117 21.14124870300293 21.187103271484375 21.508703231811523 21.763551712036133 21.46531105041504 21.288799285888672 
37.028255462646484 20.63408088684082 20.700576782226562 21.062335968017578 21.056032180786133 21.37468719482422 21.85817527770996 110.80892944335938 27.65977668762207 21.09164810180664 21.474079132080078 21.7838077545166 21.77984046936035 21.122432708740234 21.105247497558594 21.53856086730957 
36.99971389770508 20.631328582763672 20.982847213745117 21.0533447265625 21.55523109436035 21.570240020751953 21.566591262817383 111.159423828125 27.155519485473633 21.04924774169922 21.31932830810547 22.090272903442383 21.323583602905273 21.091968536376953 21.299327850341797 21.637632369995117 
38.096031188964844 20.677152633666992 20.844863891601562 21.17081642150879 21.54470443725586 21.72719955444336 21.654848098754883 98.54105377197266 27.61155128479004 21.42255973815918 21.825632095336914 21.077472686767578 21.235103607177734 21.500640869140625 21.622112274169922 21.616479873657227 
36.99417495727539 20.618335723876953 20.73923110961914 20.928768157958984 20.98214340209961 21.072927474975586 21.06380844116211 21.056640625 26.01945686340332 21.599136352539062 21.214879989624023 21.497631072998047 21.25926399230957 21.315263748168945 21.94553565979004 21.083423614501953 
35.96675109863281 20.64076805114746 20.692991256713867 21.157920837402344 21.456832885742188 21.545663833618164 21.497215270996094 110.82319641113281 28.413503646850586 21.231840133666992 21.74367904663086 21.338272094726562 21.10620880126953 21.317344665527344 21.753664016723633 21.40496063232422 
39.13075256347656 20.617055892944336 20.979808807373047 21.071264266967773 21.23206329345703 21.40982437133789 21.21980857849121 128.3153533935547 27.601119995117188 21.52288055419922 22.119583129882812 21.083871841430664 21.202144622802734 21.341632843017578 21.698015213012695 21.187904357910156 
35.98761749267578 20.6212158203125 20.669248580932617 20.877248764038086 20.97612762451172 21.21072006225586 21.48860740661621 112.86153411865234 28.034944534301758 20.955263137817383 21.484159469604492 21.817792892456055 21.117536544799805 21.43292808532715 21.326047897338867 22.062175750732422 
37.00582504272461 20.613920211791992 20.725919723510742 20.927167892456055 20.970848083496094 21.000864028930664 21.006879806518555 105.8174057006836 27.573823928833008 21.00864028930664 21.33910369873047 21.564544677734375 21.397663116455078 21.103424072265625 21.256383895874023 21.634368896484375 
36.9818229675293 20.59280014038086 20.696767807006836 20.752256393432617 20.997312545776367 20.967391967773438 21.14486312866211 115.28387451171875 26.386943817138672 21.214143753051758 21.450687408447266 21.166112899780273 21.517440795898438 22.528095245361328 21.06902313232422 21.164031982421875 
31.69321632385254 17.056480407714844 17.090463638305664 17.50752067565918 17.819679260253906 18.130176544189453 17.92678451538086 17.6180477142334 30.984384536743164 17.274911880493164 17.428096771240234 17.65827178955078 17.39900779724121 18.37299156188965 17.81929588317871 17.306848526000977 
34.83475112915039 17.043392181396484 17.10550308227539 17.10211181640625 17.181568145751953 17.54140853881836 17.70729637145996 17.79020881652832 25.33148765563965 17.44099235534668 18.190080642700195 17.52342414855957 17.32854461669922 18.15760040283203 17.80076789855957 17.412063598632812 
36.93561553955078 17.077280044555664 17.248031616210938 17.529312133789062 17.53049659729004 17.47667121887207 17.441823959350586 17.441055297851562 24.985567092895508 17.418560028076172 17.83577537536621 17.857023239135742 17.414335250854492 17.952959060668945 17.853343963623047 17.447616577148438 
34.84975814819336 17.066495895385742 17.048095703125 17.105119705200195 17.515775680541992 19.736896514892578 17.321760177612305 17.409759521484375 24.46143913269043 17.895584106445312 17.352928161621094 17.97737693786621 17.91107177734375 17.525344848632812 18.193952560424805 17.969087600708008 
36.95052719116211 17.078847885131836 17.119871139526367 17.11452865600586 17.30668830871582 18.80544090270996 17.32441520690918 17.765344619750977 22.901792526245117 17.9003849029541 17.626720428466797 17.34671974182129 18.099103927612305 17.84441566467285 17.56559944152832 18.417984008789062 
38.01670455932617 17.071552276611328 17.07676887512207 17.397375106811523 17.472896575927734 18.452735900878906 17.842815399169922 17.903520584106445 25.039072036743164 17.791200637817383 18.26473617553711 17.728544235229492 17.849855422973633 18.160831451416016 17.725248336791992 17.517824172973633 
46.40367889404297 17.094688415527344 17.292064666748047 17.436063766479492 17.490623474121094 17.495807647705078 17.406143188476562 17.588672637939453 24.810880661010742 18.228384017944336 17.903648376464844 17.538463592529297 17.547359466552734 17.91881561279297 17.405920028686523 17.9453125 
35.911582946777344 17.08844757080078 17.075456619262695 17.155136108398438 17.461599349975586 17.398591995239258 17.436447143554688 17.41315269470215 24.25014305114746 17.397216796875 18.183008193969727 18.155040740966797 17.572959899902344 18.124223709106445 18.30281639099121 17.755840301513672 
34.878944396972656 17.049663543701172 17.128704071044922 17.2159366607666 17.298463821411133 17.665664672851562 17.720415115356445 17.790559768676758 24.224224090576172 17.464672088623047 17.42732810974121 18.391551971435547 17.70732879638672 17.950111389160156 18.247135162353516 17.885536193847656 
35.895870208740234 17.145919799804688 17.13164710998535 17.215967178344727 17.276992797851562 18.659744262695312 17.41596794128418 17.602048873901367 25.91584014892578 17.34819221496582 18.408063888549805 17.76870346069336 17.515199661254883 17.598783493041992 17.95747184753418 17.2959041595459 
54.39334487915039 31.883392333984375 31.807008743286133 32.32710266113281 32.31987380981445 32.22364807128906 32.553184509277344 32.010528564453125 37.57622528076172 31.474048614501953 32.1962890625 32.16899108886719 33.03801727294922 31.456512451171875 31.48294448852539 32.408897399902344 
51.50352096557617 30.9102725982666 30.95929527282715 32.067710876464844 32.95094299316406 32.850528717041016 31.934751510620117 39.7281608581543 37.485984802246094 31.891616821289062 31.905311584472656 31.74675178527832 31.7293758392334 31.28335952758789 31.351232528686523 31.385120391845703 
52.57913589477539 30.834144592285156 32.165184020996094 31.578784942626953 31.94825553894043 32.143104553222656 32.16032028198242 32.332767486572266 37.65932846069336 32.37625503540039 32.268798828125 31.446624755859375 32.865665435791016 32.06422424316406 31.926048278808594 32.08659362792969 
49.43862533569336 31.74403190612793 31.805408477783203 32.7545280456543 32.081504821777344 31.925567626953125 32.36441421508789 32.23516845703125 38.336639404296875 31.609760284423828 32.23417663574219 32.443809509277344 32.507713317871094 32.23379135131836 32.282623291015625 32.292606353759766 
49.19657516479492 32.028446197509766 31.92937660217285 32.69196701049805 32.1258544921875 31.826431274414062 32.88499069213867 32.457889556884766 36.33929443359375 31.32636833190918 31.907968521118164 31.63055992126465 31.653568267822266 31.59600067138672 31.611743927001953 31.61257553100586 
49.446624755859375 31.276607513427734 32.15919876098633 33.24844741821289 32.499393463134766 31.95952033996582 32.273441314697266 36.62201690673828 38.52678298950195 31.229503631591797 31.287839889526367 31.306079864501953 31.330432891845703 31.95801544189453 31.647552490234375 31.187711715698242 
49.428321838378906 30.7260799407959 31.37980842590332 32.56079864501953 32.50092697143555 32.37247848510742 32.25129699707031 32.6610221862793 41.8092155456543 31.6428165435791 31.90812873840332 31.814111709594727 31.85260772705078 31.90892791748047 31.794048309326172 31.91119956970215 
47.26374435424805 32.0164794921875 31.593408584594727 32.109249114990234 32.19347381591797 32.624446868896484 32.565025329589844 31.858272552490234 38.155391693115234 31.64227294921875 31.167583465576172 31.469951629638672 31.457311630249023 31.501312255859375 31.282400131225586 31.717824935913086 
49.395294189453125 31.155935287475586 31.600351333618164 32.64915084838867 32.508575439453125 32.20915222167969 32.46227264404297 32.597408294677734 39.162689208984375 32.270751953125 32.45014572143555 32.28531265258789 32.41526412963867 32.266048431396484 32.2196159362793 31.734111785888672 
49.31670379638672 30.72972869873047 31.66111946105957 32.14448165893555 32.09801483154297 32.587745666503906 32.711551666259766 33.119998931884766 37.877567291259766 31.936256408691406 31.599327087402344 31.547584533691406 31.396480560302734 31.375263214111328 31.3525447845459 32.62335968017578 
58.51203155517578 32.26598358154297 31.557344436645508 33.3908805847168 32.1984977722168 77.9202880859375 34.87968063354492 24.596351623535156 36.990238189697266 24.777727127075195 24.977216720581055 25.026432037353516 24.829727172851562 25.12224006652832 25.15760040283203 24.7325439453125 
49.65001678466797 33.02675247192383 38.005409240722656 127.08086395263672 24.09014320373535 24.044384002685547 24.396575927734375 25.29360008239746 35.24371337890625 24.77516746520996 25.509695053100586 25.189855575561523 25.425216674804688 25.01919937133789 24.933696746826172 25.212671279907227 
49.62031936645508 31.951520919799805 34.720096588134766 135.1571502685547 24.043136596679688 24.293983459472656 24.86444854736328 25.06732749938965 37.28553771972656 24.680320739746094 24.919231414794922 24.61724853515625 24.55036735534668 25.159391403198242 25.313535690307617 25.18435287475586 
49.59939193725586 31.945951461791992 32.773502349853516 134.1480255126953 24.08844757080078 24.1112003326416 24.817407608032227 25.412384033203125 37.883487701416016 24.731199264526367 24.853792190551758 24.872896194458008 25.237375259399414 25.159231185913086 25.336383819580078 25.108671188354492 
49.613502502441406 31.975616455078125 36.70518493652344 135.52867126464844 24.376319885253906 24.626176834106445 24.763103485107422 24.63360023498535 37.51766586303711 25.115520477294922 25.447200775146484 25.187711715698242 24.950687408447266 25.053184509277344 25.169727325439453 24.97283172607422 
49.66694259643555 31.867168426513672 36.597503662109375 132.33360290527344 24.085920333862305 24.09814453125 24.332096099853516 24.535903930664062 36.68345642089844 24.63417625427246 24.825855255126953 25.2073917388916 25.058208465576172 25.101055145263672 25.037599563598633 25.005632400512695 
49.60617446899414 33.31923294067383 33.217472076416016 123.55315399169922 24.040224075317383 24.175935745239258 24.998239517211914 25.155616760253906 38.684383392333984 24.67932891845703 24.94940757751465 25.17475128173828 25.257728576660156 24.73993682861328 24.784448623657227 24.652128219604492 
49.681697845458984 31.945823669433594 34.423038482666016 143.3144073486328 24.06835174560547 24.803455352783203 25.081024169921875 24.94915199279785 36.67414474487305 24.784223556518555 25.26652717590332 25.391231536865234 25.201791763305664 24.966623306274414 25.095552444458008 25.240224838256836 
49.64246368408203 31.887584686279297 37.25798416137695 130.25225830078125 24.027616500854492 24.285600662231445 24.386144638061523 24.66147232055664 35.99542236328125 24.671295166015625 25.159679412841797 25.3603515625 25.2128963470459 24.999807357788086 25.337440490722656 25.106271743774414 
51.73503875732422 33.23219299316406 35.43180847167969 132.79922485351562 24.138975143432617 24.643199920654297 24.679136276245117 24.966175079345703 36.45743942260742 24.957792282104492 25.349376678466797 25.106143951416016 24.92508888244629 25.05683135986328 25.310047149658203 24.95030403137207 
37.895103454589844 24.81385612487793 25.40470314025879 25.990304946899414 121.3182373046875 24.701152801513672 24.89958381652832 27.200031280517578 30.04979133605957 25.84480094909668 25.392959594726562 25.248159408569336 25.24028778076172 25.3154239654541 25.308704376220703 25.54640007019043 
46.451168060302734 24.90166473388672 25.669984817504883 26.01375961303711 25.438783645629883 25.946975708007812 26.317983627319336 65.09571075439453 31.396127700805664 25.809024810791016 25.48918342590332 25.372703552246094 25.403039932250977 25.39379119873047 25.69468879699707 25.565792083740234 
56.0030403137207 24.973472595214844 25.987743377685547 25.823360443115234 25.510208129882812 25.638368606567383 26.05129623413086 77.30738830566406 34.29129409790039 25.405183792114258 26.878719329833984 26.069631576538086 26.086368560791016 25.75324821472168 25.59107208251953 25.828704833984375 
47.530494689941406 24.899200439453125 25.08572769165039 25.753631591796875 25.637887954711914 25.647584915161133 25.889951705932617 78.24800109863281 30.8275203704834 25.199296951293945 25.614559173583984 25.52720069885254 25.508703231811523 25.744991302490234 25.22755241394043 25.70502471923828 
44.41622543334961 25.09008026123047 25.76780891418457 25.90265655517578 25.709888458251953 26.018144607543945 26.08710479736328 82.84480285644531 33.175296783447266 25.987712860107422 25.685632705688477 26.003904342651367 25.408416748046875 25.389408111572266 25.279199600219727 25.768831253051758 
46.567359924316406 25.21708869934082 25.656288146972656 25.429471969604492 25.250112533569336 26.231136322021484 25.93836784362793 92.55321502685547 32.569984436035156 25.43449592590332 25.646560668945312 25.447328567504883 25.975296020507812 26.131391525268555 26.17840003967285 25.670591354370117 
47.629150390625 24.91119956970215 25.077951431274414 25.634559631347656 25.804607391357422 26.0960636138916 25.37766456604004 102.49244689941406 34.039039611816406 26.14044761657715 25.675615310668945 25.791263580322266 26.05299186706543 26.513599395751953 25.952320098876953 25.343168258666992 
45.49955368041992 24.95484733581543 24.93939208984375 26.29756736755371 26.35430335998535 25.83465576171875 26.38256072998047 90.63311767578125 33.04966354370117 25.9234561920166 26.098751068115234 25.138368606567383 25.328767776489258 25.406047821044922 25.734111785888672 25.516544342041016 
46.534942626953125 24.97612762451172 24.987104415893555 26.021568298339844 26.407936096191406 25.77132797241211 25.307680130004883 76.73760223388672 33.13343811035156 25.66748809814453 25.395519256591797 25.437952041625977 25.435712814331055 25.287647247314453 26.008319854736328 25.563488006591797 
47.60700988769531 24.87718391418457 25.038496017456055 26.053407669067383 26.246496200561523 25.59040069580078 25.799327850341797 80.50800323486328 34.00739288330078 25.7192325592041 25.71798324584961 25.74006462097168 25.675039291381836 25.667648315429688 26.24291229248047 26.170528411865234 
48.07049560546875 24.745887756347656 25.29596710205078 25.48681640625 25.44144058227539 25.51139259338379 25.682527542114258 84.54188537597656 29.709280014038086 25.414400100708008 25.111616134643555 25.402175903320312 25.41244888305664 25.419647216796875 25.614656448364258 25.435359954833984 
42.97443389892578 24.68662452697754 25.192256927490234 25.661056518554688 25.647647857666016 25.357696533203125 25.50864028930664 92.06034851074219 29.461376190185547 25.350784301757812 25.14735984802246 25.33247947692871 25.374719619750977 25.417888641357422 25.663103103637695 25.49635124206543 
40.753726959228516 24.742431640625 25.197792053222656 25.344127655029297 25.23369598388672 26.110496520996094 26.030527114868164 98.84979248046875 30.61849594116211 25.351232528686523 25.399200439453125 25.23072052001953 25.198623657226562 25.443584442138672 25.628543853759766 25.516767501831055 
42.92700958251953 24.7488956451416 24.73404884338379 24.750015258789062 26.138591766357422 25.86147117614746 25.793664932250977 81.7636489868164 34.47462463378906 25.233728408813477 25.56278419494629 25.495840072631836 25.25676727294922 25.466623306274414 25.424991607666016 25.76038360595703 
42.88636779785156 25.25836753845215 25.108800888061523 26.250303268432617 25.921855926513672 25.63587188720703 86.7380142211914 54.58393478393555 30.224607467651367 25.430143356323242 25.52614402770996 25.515199661254883 25.679744720458984 25.29497528076172 25.512800216674805 25.571552276611328 
40.846046447753906 24.79199981689453 25.360511779785156 26.216032028198242 26.353984832763672 26.085567474365234 26.356224060058594 73.75202941894531 31.472095489501953 25.015424728393555 24.866016387939453 25.229503631591797 25.56812858581543 25.315584182739258 25.46633529663086 25.571680068969727 
95.3851547241211 24.769088745117188 25.249887466430664 25.23859214782715 25.96291160583496 26.27619171142578 25.56764793395996 25.46691131591797 30.588703155517578 25.030559539794922 25.243488311767578 25.520383834838867 25.6048641204834 25.318527221679688 25.25484848022461 25.540992736816406 
39.9150390625 25.24928092956543 25.3123836517334 25.293439865112305 25.202560424804688 25.407487869262695 92.86246490478516 59.621952056884766 32.6146240234375 25.56220817565918 25.472896575927734 25.751007080078125 25.70368003845215 25.62758445739746 25.457759857177734 25.5797119140625 
40.7525749206543 25.2412166595459 24.946495056152344 25.224191665649414 26.087135314941406 25.890432357788086 25.54070472717285 83.766845703125 29.334495544433594 25.09129524230957 25.32771110534668 25.383520126342773 25.256223678588867 25.27961540222168 25.32806396484375 25.49292755126953 
41.90031814575195 25.20147132873535 25.27199935913086 25.37900733947754 25.310623168945312 25.957216262817383 25.880352020263672 91.21347045898438 31.00943946838379 25.12175941467285 24.970720291137695 25.120128631591797 25.127647399902344 25.53340721130371 25.300607681274414 25.521312713623047 
31.5864315032959 14.854111671447754 14.862079620361328 15.169792175292969 15.2510404586792 15.207263946533203 15.199808120727539 15.37388801574707 24.93199920654297 15.803359985351562 15.49407958984375 15.872608184814453 15.779423713684082 16.03126335144043 15.07811164855957 15.264384269714355 
15.901920318603516 15.420127868652344 15.293791770935059 15.186240196228027 15.23193645477295 15.486144065856934 15.47321605682373 15.327103614807129 15.411295890808105 15.378463745117188 15.749055862426758 15.471551895141602 15.798175811767578 15.396256446838379 15.28816032409668 16.019872665405273 
32.568641662597656 14.824128150939941 17.180063247680664 14.827391624450684 14.827103614807129 15.671263694763184 15.181280136108398 73.8868179321289 23.23308753967285 15.781087875366211 15.622912406921387 16.06012725830078 15.215007781982422 15.28809642791748 15.992287635803223 15.476287841796875 
15.58944034576416 15.154175758361816 15.109375953674316 15.130784034729004 15.179072380065918 15.23356819152832 15.203519821166992 15.500351905822754 18.56153678894043 15.582976341247559 15.342911720275879 16.00726318359375 15.939135551452637 15.808223724365234 15.854656219482422 16.30931282043457 
32.52790451049805 14.83033561706543 14.880576133728027 14.880672454833984 14.919232368469238 15.046079635620117 16.497600555419922 18.74675178527832 24.477951049804688 15.288479804992676 15.745759963989258 15.440704345703125 15.277952194213867 15.306591987609863 15.858719825744629 15.422240257263184 
15.524319648742676 15.167712211608887 15.220224380493164 15.267871856689453 15.431679725646973 15.258655548095703 15.199392318725586 15.419296264648438 19.249792098999023 16.35126495361328 15.653280258178711 15.48083209991455 15.480928421020508 16.059999465942383 15.646880149841309 15.416000366210938 
31.500640869140625 14.77724838256836 14.845791816711426 14.824319839477539 17.26425552368164 16.72652816772461 15.408608436584473 15.39145565032959 24.837087631225586 15.436256408691406 15.590080261230469 15.98412799835205 15.032447814941406 15.340191841125488 16.132831573486328 15.472512245178223 
15.521471977233887 15.111807823181152 15.215231895446777 15.321760177612305 15.504287719726562 15.4302396774292 15.375103950500488 15.43727970123291 18.293407440185547 16.5231990814209 15.760064125061035 15.633888244628906 16.248064041137695 15.973471641540527 15.419936180114746 16.226112365722656 
31.486976623535156 14.806015968322754 17.223039627075195 14.877023696899414 14.821951866149902 14.895487785339355 15.186880111694336 80.92339324951172 21.732864379882812 15.048064231872559 15.433247566223145 15.143808364868164 15.640128135681152 15.270112037658691 15.136799812316895 15.71571159362793 
15.5348482131958 15.17091178894043 15.233856201171875 15.23846435546875 15.135007858276367 15.14748764038086 15.145312309265137 15.184576034545898 17.6180477142334 16.44585609436035 15.264384269714355 15.638336181640625 16.212255477905273 15.514656066894531 15.588383674621582 16.288000106811523 
32.55311965942383 14.776288032531738 16.197343826293945 14.835807800292969 14.83676815032959 14.895711898803711 23.816543579101562 15.289728164672852 25.33683204650879 15.465120315551758 15.160287857055664 16.204448699951172 15.708959579467773 15.227744102478027 15.790335655212402 15.838432312011719 
15.226240158081055 15.097855567932129 15.096480369567871 15.191295623779297 15.125663757324219 15.3538236618042 15.44985580444336 19.39948844909668 18.940288543701172 15.994336128234863 15.676351547241211 16.36636734008789 15.779295921325684 15.488191604614258 15.875455856323242 15.477312088012695 
32.53728103637695 14.791007995605469 16.17411231994629 14.910688400268555 15.58505630493164 15.736448287963867 24.15443229675293 14.892512321472168 25.658815383911133 15.449536323547363 15.145983695983887 15.83465576171875 15.327520370483398 15.054112434387207 15.32470417022705 15.079232215881348 
15.840096473693848 15.356287956237793 15.202303886413574 15.10812759399414 15.206687927246094 15.21827220916748 15.179871559143066 15.18518352508545 17.58403205871582 15.493215560913086 15.82863998413086 15.286080360412598 15.455391883850098 15.617759704589844 16.155712127685547 16.217920303344727 
31.49305534362793 14.786527633666992 15.116800308227539 14.92630386352539 14.981439590454102 14.961759567260742 14.9967041015625 77.70941162109375 24.603839874267578 15.618271827697754 15.716320037841797 15.02393627166748 15.423359870910645 15.80787181854248 15.50432014465332 15.314144134521484 
15.660479545593262 15.229951858520508 15.17683219909668 15.419360160827637 15.615167617797852 15.737215995788574 15.517919540405273 15.22326374053955 19.621631622314453 17.086687088012695 15.39635181427002 15.720640182495117 15.354016304016113 15.817440032958984 15.199456214904785 15.765600204467773 
32.52617645263672 14.822463989257812 16.16636848449707 14.867008209228516 15.006943702697754 14.9136962890625 14.996255874633789 15.24448013305664 25.637760162353516 15.416128158569336 15.671839714050293 16.23302459716797 14.951616287231445 14.969535827636719 16.085472106933594 15.43404769897461 
15.334400177001953 15.094079971313477 15.089183807373047 15.246208190917969 15.311712265014648 15.168255805969238 15.224608421325684 15.462783813476562 18.317888259887695 16.165695190429688 16.18387222290039 15.149248123168945 15.197983741760254 16.18764877319336 15.784319877624512 15.1910400390625 
32.502750396728516 14.813311576843262 16.188255310058594 14.875871658325195 14.838784217834473 14.878527641296387 14.954367637634277 15.32044792175293 27.139583587646484 16.174848556518555 15.382911682128906 15.135807991027832 15.09552001953125 15.703583717346191 15.009023666381836 15.57049560546875 
15.89408016204834 15.508607864379883 15.355903625488281 15.241503715515137 15.33244800567627 15.391103744506836 15.412639617919922 15.331263542175293 17.567520141601562 16.32524871826172 15.679264068603516 15.562272071838379 15.832703590393066 16.05939292907715 15.160608291625977 15.536352157592773 
46.646400451660156 37.86764907836914 36.8251838684082 163.62351989746094 20.0633602142334 20.14726448059082 20.292800903320312 20.75289535522461 28.4652156829834 21.321855545043945 20.593664169311523 20.724576950073242 20.77574348449707 20.796192169189453 20.93987274169922 21.256576538085938 
43.542945861816406 31.48249626159668 28.413951873779297 28.430688858032227 116.62489318847656 28.292959213256836 20.744415283203125 20.202272415161133 29.26959991455078 20.61507225036621 20.938207626342773 21.355295181274414 21.31865692138672 20.746559143066406 20.847904205322266 20.831104278564453 
43.504798889160156 30.495840072631836 28.572895050048828 28.339136123657227 117.55481719970703 28.349727630615234 21.254432678222656 20.532928466796875 30.453279495239258 21.002208709716797 21.089344024658203 20.769695281982422 20.65951919555664 20.781024932861328 21.046079635620117 21.404800415039062 
43.534942626953125 29.41548728942871 28.666912078857422 29.357887268066406 113.30799865722656 28.422719955444336 20.921632766723633 20.525663375854492 28.532384872436523 20.93120002746582 21.874528884887695 20.73129653930664 20.682432174682617 20.781919479370117 21.16022491455078 21.25177574157715 
43.510337829589844 30.476320266723633 28.414079666137695 134.45884704589844 28.436607360839844 21.115808486938477 20.19286346435547 22.233823776245117 28.10870361328125 20.743776321411133 21.616479873657227 20.662464141845703 21.30121612548828 21.33216094970703 20.758975982666016 20.9385929107666 
44.530208587646484 29.51798439025879 28.341472625732422 29.467487335205078 110.31855773925781 28.372352600097656 21.697856903076172 20.298879623413086 29.509920120239258 20.636768341064453 20.923391342163086 21.465343475341797 21.371135711669922 20.755584716796875 20.877792358398438 20.800064086914062 
43.52601623535156 29.409408569335938 28.469728469848633 28.369823455810547 113.39180755615234 28.44691276550293 21.345184326171875 20.15433692932129 30.228351593017578 20.659263610839844 20.78112030029297 20.739456176757812 20.79465675354004 21.192703247070312 21.181472778320312 20.725984573364258 
43.54054260253906 28.363840103149414 28.446624755859375 28.36511993408203 118.69058990478516 28.3799991607666 22.015615463256836 20.15635108947754 28.35206413269043 20.813888549804688 21.468767166137695 20.946720123291016 20.762720108032227 20.9737606048584 20.896480560302734 21.040096282958984 
43.565696716308594 30.42905616760254 28.38559913635254 29.48636817932129 115.55097961425781 28.349504470825195 20.729663848876953 20.153152465820312 25.629535675048828 21.260799407958984 21.053728103637695 20.81123161315918 20.790016174316406 20.814048767089844 21.078784942626953 21.329696655273438 
43.50067138671875 31.5317440032959 28.44063949584961 28.49420738220215 114.47119903564453 28.329408645629883 20.830047607421875 20.481536865234375 27.776607513427734 20.670143127441406 20.641664505004883 21.106367111206055 21.407583236694336 20.962112426757812 20.69536018371582 20.932064056396484 
25.010528564453125 16.441024780273438 16.47279930114746 34.42278289794922 16.517536163330078 16.452768325805664 16.623903274536133 16.942720413208008 23.70150375366211 17.720256805419922 16.890527725219727 16.879104614257812 16.85215950012207 17.493919372558594 17.195999145507812 16.95734405517578 
15.694432258605957 15.356351852416992 15.328224182128906 15.262016296386719 15.5480318069458 15.99084758758545 16.160032272338867 15.803647994995117 15.161120414733887 16.701791763305664 16.082624435424805 15.697088241577148 16.77337646484375 15.37820816040039 15.79980754852295 15.93388843536377 
73.55804443359375 16.507104873657227 16.454879760742188 16.771488189697266 16.817279815673828 16.87731170654297 16.83260726928711 16.924863815307617 21.202016830444336 17.303264617919922 18.479360580444336 17.535615921020508 17.053695678710938 17.085887908935547 16.796415328979492 16.972063064575195 
15.704895973205566 15.344639778137207 15.538496017456055 15.744928359985352 15.639455795288086 15.679200172424316 15.618335723876953 15.442496299743652 15.834400177001953 16.260639190673828 16.157695770263672 15.582976341247559 15.770719528198242 16.103551864624023 15.741472244262695 16.08892822265625 
46.93967819213867 16.445375442504883 16.44051170349121 16.74291229248047 16.8123836517334 17.0664005279541 17.00668716430664 17.171232223510742 18.778560638427734 17.35651206970215 16.771455764770508 16.721376419067383 16.804224014282227 16.821184158325195 17.448640823364258 16.93414306640625 
15.711296081542969 15.30838394165039 15.234784126281738 15.277376174926758 15.856287956237793 15.50108814239502 15.678560256958008 15.726079940795898 19.15007972717285 16.833599090576172 15.689184188842773 16.713823318481445 15.313407897949219 15.282015800476074 16.1561279296875 15.5283842086792 
68.43756866455078 16.50476837158203 16.499263763427734 16.465503692626953 16.44153594970703 16.770816802978516 16.58915138244629 16.820159912109375 23.012287139892578 17.557024002075195 17.591840744018555 17.01785659790039 17.113727569580078 16.780895233154297 17.090431213378906 16.851295471191406 
15.665247917175293 15.297344207763672 15.29964828491211 15.29804801940918 15.68188762664795 15.7424955368042 15.892288208007812 15.965439796447754 17.8571834564209 16.521728515625 15.439647674560547 15.566271781921387 16.36457633972168 15.677120208740234 15.494048118591309 15.549471855163574 
69.35391998291016 16.496383666992188 16.45529556274414 16.478239059448242 16.564800262451172 16.572351455688477 16.85513687133789 16.811904907226562 21.91644859313965 17.0545597076416 17.20230484008789 17.216672897338867 17.008544921875 17.31177520751953 17.136991500854492 17.35558319091797 
15.68950366973877 15.362112045288086 15.386015892028809 15.415007591247559 15.483391761779785 15.610848426818848 15.585824012756348 15.340096473693848 19.435903549194336 16.391071319580078 15.688063621520996 16.549535751342773 15.35638427734375 15.356863975524902 16.135391235351562 15.673952102661133 
57.9370231628418 16.4617919921875 16.488000869750977 16.557823181152344 16.555551528930664 16.507455825805664 17.186880111694336 17.19424057006836 20.674591064453125 17.33135986328125 16.960895538330078 16.785184860229492 17.033279418945312 16.754623413085938 17.781600952148438 17.04035186767578 
15.542495727539062 15.61308765411377 15.430432319641113 15.425344467163086 15.413375854492188 15.381600379943848 15.411423683166504 15.936767578125 18.72480010986328 15.905440330505371 15.4617919921875 15.631903648376465 15.410688400268555 15.315936088562012 15.613120079040527 15.64134407043457 
80.51805114746094 16.516063690185547 16.591327667236328 16.739456176757812 16.586143493652344 16.614368438720703 16.935104370117188 16.89900779724121 21.30031967163086 17.1648006439209 16.98467254638672 17.104415893554688 16.898591995239258 17.412128448486328 17.15603256225586 16.8089599609375 
15.647871971130371 15.283231735229492 15.39798355102539 15.39846420288086 15.406399726867676 15.393407821655273 15.523167610168457 15.345439910888672 18.081823348999023 15.891551971435547 16.104223251342773 16.084863662719727 15.628704071044922 15.872384071350098 15.494367599487305 16.059711456298828 
50.187198638916016 16.491840362548828 16.493919372558594 16.901920318603516 16.989952087402344 16.98896026611328 16.82592010498047 16.670976638793945 22.265663146972656 17.266815185546875 16.9432315826416 16.97123146057129 17.100608825683594 17.218496322631836 16.953920364379883 17.921632766723633 
15.678624153137207 15.321439743041992 15.256735801696777 15.2193603515625 15.454591751098633 15.871935844421387 16.016128540039062 15.839712142944336 17.375904083251953 16.35990333557129 16.451520919799805 15.38646411895752 15.489119529724121 15.805472373962402 15.657247543334961 15.364288330078125 
67.24886322021484 16.432287216186523 16.476383209228516 16.43881607055664 16.83510398864746 16.73811149597168 16.76665687561035 16.830015182495117 20.86908721923828 17.939584732055664 17.67830467224121 17.027904510498047 16.797727584838867 16.662431716918945 16.821184158325195 17.348703384399414 
15.683168411254883 15.282624244689941 15.260479927062988 15.242688179016113 15.25107192993164 15.757120132446289 15.75011157989502 15.676480293273926 18.87753677368164 16.083520889282227 16.245311737060547 15.893376350402832 15.84067153930664 16.260799407958984 15.761119842529297 16.198944091796875 
73.55801391601562 16.49603271484375 16.39708709716797 16.455904006958008 16.425312042236328 16.71116828918457 16.753183364868164 16.843839645385742 21.35103988647461 18.582304000854492 17.60198402404785 17.086015701293945 16.940736770629883 16.813247680664062 17.045503616333008 17.100479125976562 
15.674240112304688 15.384896278381348 15.485471725463867 15.387552261352539 15.756575584411621 15.995903968811035 15.923808097839355 15.804863929748535 16.880704879760742 16.556127548217773 15.602304458618164 15.524288177490234 16.378080368041992 15.662688255310059 15.526944160461426 15.344639778137207 
98.87824249267578 30.784767150878906 30.60851287841797 30.54649543762207 30.700895309448242 31.790048599243164 31.52716827392578 31.716096878051758 41.551998138427734 31.474720001220703 32.1229133605957 32.212318420410156 32.50201416015625 32.23539352416992 32.376991271972656 35.072608947753906 
48.43084716796875 30.71958351135254 35.62275314331055 31.59654426574707 31.09324836730957 31.41427230834961 31.94156837463379 95.42931365966797 35.683040618896484 31.13030433654785 31.763744354248047 32.2355842590332 32.331905364990234 31.37446403503418 31.04684829711914 30.954816818237305 
48.44188690185547 30.58940887451172 34.14387130737305 32.439422607421875 32.35209655761719 32.1893424987793 32.11091232299805 121.64608001708984 38.83356857299805 31.917823791503906 32.17023849487305 31.628063201904297 30.97760009765625 31.065696716308594 31.52889633178711 31.925888061523438 
48.52153778076172 30.713472366333008 33.312095642089844 31.21446418762207 31.819583892822266 32.20889663696289 32.18582534790039 106.44230651855469 37.33881759643555 31.763551712036133 32.147552490234375 31.914592742919922 32.481727600097656 32.28153610229492 31.652320861816406 31.043903350830078 
48.48969650268555 30.777631759643555 32.66080093383789 32.43654251098633 32.79974365234375 32.22969436645508 108.66496276855469 45.15097427368164 38.41072082519531 30.742048263549805 31.01798439025879 32.19929504394531 32.0269775390625 31.974048614501953 32.481056213378906 32.32294464111328 
48.438175201416016 30.79199981689453 32.75628662109375 32.660831451416016 32.185279846191406 31.71660804748535 31.82966423034668 110.29503631591797 40.37376022338867 30.682880401611328 31.104448318481445 31.736352920532227 31.9215030670166 32.00422286987305 32.062496185302734 32.21980667114258 
49.489662170410156 31.12067222595215 31.93356704711914 31.596832275390625 32.291358947753906 32.20329666137695 32.56086349487305 103.33926391601562 40.477054595947266 31.40265655517578 31.86729621887207 32.17967987060547 32.42287826538086 31.733888626098633 30.841407775878906 31.456607818603516 
48.48233413696289 31.709632873535156 34.75551986694336 31.605375289916992 31.85545539855957 32.20441436767578 88.70585632324219 51.717342376708984 41.25580978393555 32.17353439331055 32.213279724121094 32.35232162475586 32.143070220947266 40.39052963256836 31.20675277709961 32.68320083618164 
48.44527816772461 30.57107162475586 33.03718566894531 32.79520034790039 31.548831939697266 32.07209777832031 31.856895446777344 98.26822662353516 41.56940841674805 31.35932731628418 32.23664093017578 32.15932846069336 31.255552291870117 32.11884689331055 31.529727935791016 31.04537582397461 
48.4832649230957 30.686912536621094 33.35728073120117 32.208641052246094 31.81603240966797 32.13679885864258 32.15190505981445 103.94755554199219 40.556575775146484 31.752031326293945 31.780672073364258 31.313343048095703 31.00111961364746 31.136287689208984 31.591712951660156 32.084800720214844 
30.41551971435547 16.15033531188965 17.89507293701172 16.461631774902344 18.678239822387695 78.90019226074219 49.25987243652344 16.278528213500977 21.25993537902832 16.45952033996582 16.48111915588379 16.481887817382812 16.836671829223633 16.737503051757812 17.07036781311035 16.578208923339844 
16.0449275970459 16.04755210876465 16.121055603027344 16.178815841674805 16.212575912475586 16.119007110595703 16.060287475585938 16.148479461669922 18.435583114624023 16.94153594970703 16.80793571472168 16.24777603149414 16.821504592895508 16.439136505126953 16.89289665222168 16.35094451904297 
30.416959762573242 16.138111114501953 16.361696243286133 16.421823501586914 16.85206413269043 17.183135986328125 121.7284164428711 16.3654727935791 18.91059112548828 16.874048233032227 16.76495933532715 17.071327209472656 16.435199737548828 16.920576095581055 16.948383331298828 16.582624435424805 
16.12335968017578 15.865504264831543 15.839615821838379 16.188575744628906 16.591552734375 16.797056198120117 16.523584365844727 16.185279846191406 17.834911346435547 16.148767471313477 16.39081573486328 16.178848266601562 16.36966323852539 16.769344329833984 16.340736389160156 16.406463623046875 
31.476768493652344 16.135391235351562 16.515199661254883 16.368928909301758 16.88707160949707 16.629791259765625 25.46771240234375 19.418336868286133 20.85536003112793 17.310400009155273 16.93142318725586 16.273439407348633 17.303232192993164 16.5894718170166 17.159135818481445 16.679840087890625 
15.994720458984375 15.943519592285156 16.189056396484375 16.400863647460938 16.286048889160156 16.158079147338867 16.515743255615234 16.568735122680664 15.907487869262695 16.568639755249023 16.0184326171875 16.27292823791504 16.20070457458496 16.08710479736328 16.0130558013916 16.21126365661621 
30.415679931640625 16.11555290222168 16.422239303588867 16.36147117614746 16.43382453918457 17.42540740966797 22.5283203125 16.6329288482666 21.3242244720459 16.41548728942871 17.55619239807129 16.694591522216797 16.31635284423828 16.4289608001709 17.214271545410156 16.67945671081543 
16.232351303100586 15.805472373962402 16.017728805541992 16.186111450195312 16.23628807067871 16.12575912475586 16.1343994140625 16.501632690429688 16.27552032470703 16.841983795166016 16.145376205444336 16.203744888305664 15.956159591674805 16.908512115478516 16.15724754333496 16.989343643188477 
31.44361686706543 16.158655166625977 16.584896087646484 16.449247360229492 18.891136169433594 34.4969596862793 16.666528701782227 16.3022403717041 21.382720947265625 16.783424377441406 17.175968170166016 16.62041664123535 17.114784240722656 16.857664108276367 16.489120483398438 16.480831146240234 
16.05116844177246 15.836959838867188 15.954751968383789 16.175264358520508 16.203744888305664 16.166784286499023 16.056447982788086 16.26038360595703 18.500320434570312 16.47270393371582 16.56492805480957 16.277631759643555 16.671743392944336 16.266368865966797 16.024320602416992 16.499679565429688 
31.494047164916992 16.165760040283203 16.268768310546875 16.287296295166016 16.348480224609375 17.659103393554688 16.80019187927246 23.63609504699707 22.035648345947266 16.79849624633789 16.657695770263672 16.349855422973633 16.770591735839844 16.32032012939453 16.446016311645508 16.357088088989258 
16.310495376586914 16.194944381713867 16.220640182495117 16.028287887573242 16.04159927368164 16.308992385864258 16.394527435302734 16.40390396118164 18.96998405456543 16.871807098388672 16.282848358154297 17.047199249267578 16.326047897338867 16.362079620361328 16.364864349365234 16.527488708496094 
31.483680725097656 16.09542465209961 16.389888763427734 16.38038444519043 17.1661434173584 18.5479679107666 17.326112747192383 16.654624938964844 21.556320190429688 16.591520309448242 16.6712646484375 16.332895278930664 16.858047485351562 16.303808212280273 16.94588851928711 16.21494483947754 
16.09600067138672 15.945695877075195 16.039840698242188 16.012672424316406 16.163232803344727 16.33616065979004 16.342464447021484 16.333248138427734 18.4553279876709 16.068159103393555 16.07276725769043 16.171552658081055 16.336383819580078 16.37958335876465 16.433727264404297 16.501567840576172 
30.43471908569336 17.193023681640625 16.374591827392578 16.243488311767578 16.593120574951172 17.375680923461914 16.76473617553711 16.880512237548828 21.118303298950195 16.364160537719727 16.886816024780273 16.85919952392578 16.84726333618164 16.63827133178711 16.556608200073242 16.659263610839844 
16.041568756103516 16.01932716369629 15.964096069335938 16.070751190185547 16.199199676513672 16.059871673583984 16.083520889282227 16.147167205810547 18.10748863220215 16.670944213867188 15.996095657348633 15.949055671691895 17.163583755493164 16.214336395263672 17.21526336669922 16.077152252197266 
30.38479995727539 16.76527976989746 16.260831832885742 17.327871322631836 17.86319923400879 17.007776260375977 16.45427131652832 17.300479888916016 20.50611114501953 16.996671676635742 16.325408935546875 17.667327880859375 16.676864624023438 16.77414321899414 16.507904052734375 16.459487915039062 
16.578304290771484 15.886688232421875 15.928383827209473 15.903519630432129 16.18489646911621 16.57379150390625 16.689504623413086 16.60089683532715 17.50383949279785 17.055999755859375 16.061439514160156 16.109024047851562 15.91209602355957 16.590944290161133 16.316831588745117 16.201343536376953 
31.438175201416016 16.16543960571289 16.836448669433594 16.332319259643555 16.333759307861328 16.583423614501953 53.89372634887695 17.39619255065918 21.337247848510742 17.042367935180664 16.495840072631836 16.44380760192871 16.579999923706055 16.537376403808594 16.34681510925293 16.648096084594727 
16.171104431152344 15.912735939025879 15.939647674560547 15.961759567260742 16.060447692871094 16.406240463256836 16.267135620117188 16.132511138916016 18.629215240478516 16.318687438964844 17.255935668945312 16.468095779418945 17.304384231567383 16.055360794067383 16.08038330078125 15.858624458312988 
33.334495544433594 17.699487686157227 17.817216873168945 17.9201602935791 19.11404800415039 18.001951217651367 17.851455688476562 222.8707275390625 26.16988754272461 17.900543212890625 17.612255096435547 17.653568267822266 17.553375244140625 18.072160720825195 17.093856811523438 21.38172721862793 
31.291263580322266 17.6757755279541 17.851999282836914 17.887231826782227 17.893503189086914 17.891103744506836 17.910335540771484 20.12575912475586 31.1298885345459 18.245920181274414 17.402240753173828 17.79532814025879 17.353471755981445 17.37366485595703 18.04649543762207 16.98192024230957 
31.302879333496094 17.703519821166992 18.984479904174805 17.93084716796875 18.869983673095703 17.79916763305664 19.989055633544922 17.890880584716797 27.905792236328125 17.848703384399414 17.95974349975586 17.80361557006836 17.42336082458496 18.20195198059082 17.546079635620117 17.637311935424805 
31.315807342529297 17.686208724975586 17.86012840270996 17.844640731811523 18.990816116333008 17.926912307739258 21.07689666748047 18.891008377075195 27.86777687072754 18.204927444458008 17.58505630493164 17.04243278503418 17.781280517578125 17.024927139282227 18.192991256713867 17.32044792175293 
31.300447463989258 17.662368774414062 17.899072647094727 18.89676856994629 19.95801544189453 17.90355110168457 18.901439666748047 19.089599609375 27.80998420715332 17.96620750427246 17.483488082885742 17.760223388671875 17.706207275390625 17.37401580810547 18.17919921875 17.478431701660156 
32.34912109375 17.682432174682617 17.86844825744629 18.939712524414062 17.86675262451172 17.897024154663086 20.08905601501465 18.862720489501953 26.816287994384766 18.083232879638672 17.71366310119629 17.203968048095703 18.256736755371094 17.040159225463867 18.485759735107422 17.652448654174805 
31.27017593383789 17.68934440612793 17.86137580871582 19.078655242919922 17.836896896362305 17.96393585205078 19.125696182250977 18.91801643371582 26.77449607849121 17.601728439331055 17.33091163635254 18.07708740234375 17.29964828491211 18.124479293823242 17.630207061767578 17.612415313720703 
31.318944931030273 17.6562557220459 17.86310386657715 17.871328353881836 17.89049530029297 17.884544372558594 18.993152618408203 18.990495681762695 28.378816604614258 18.1876163482666 17.760608673095703 17.84048080444336 17.688095092773438 17.159679412841797 18.215072631835938 17.28006362915039 
31.336576461791992 17.658687591552734 17.89036750793457 17.838367462158203 17.870271682739258 17.873184204101562 19.9550724029541 19.08940887451172 26.990047454833984 17.90732765197754 17.64793586730957 17.30201530456543 18.16819190979004 17.04582405090332 18.59846305847168 17.696640014648438 
31.293376922607422 17.68320083618164 17.861696243286133 17.92963218688965 19.17568016052246 17.797119140625 18.907424926757812 19.020383834838867 27.003456115722656 17.57232093811035 17.76688003540039 17.725439071655273 17.03215980529785 17.24857521057129 17.097759246826172 18.25369644165039 
48.74860763549805 32.628543853759766 33.08860778808594 33.44367980957031 34.23049545288086 34.310462951660156 35.110496520996094 34.08000183105469 39.589473724365234 33.43939208984375 33.122337341308594 33.09811019897461 33.461822509765625 32.96691131591797 34.91088104248047 33.54048156738281 
86.47264099121094 32.74127960205078 34.42582321166992 34.38777542114258 33.888607025146484 34.30419158935547 33.817054748535156 36.08313751220703 42.214271545410156 32.94755172729492 33.4400634765625 32.7913932800293 34.09983825683594 33.34697723388672 34.28428649902344 33.36646270751953 
64.44550323486328 32.601566314697266 34.40486526489258 34.25856018066406 33.89299011230469 34.36707305908203 34.28188705444336 36.612735748291016 41.81190490722656 33.23023986816406 32.95328140258789 34.76128005981445 33.122398376464844 33.333534240722656 33.3930549621582 33.03859329223633 
64.3025894165039 32.5689582824707 33.34230422973633 33.188865661621094 35.03276824951172 34.29612731933594 34.18147277832031 49.162113189697266 43.890625 32.9194221496582 33.44291305541992 33.613407135009766 33.67814254760742 33.43552017211914 32.97974395751953 33.37539291381836 
60.28131103515625 33.78156661987305 33.33961486816406 33.7782096862793 34.58777618408203 33.7476806640625 33.80886459350586 34.54595184326172 40.961761474609375 33.791839599609375 33.41862487792969 33.1952018737793 33.198177337646484 33.90528106689453 33.0689582824707 33.611167907714844 
61.301055908203125 32.55958557128906 34.13347244262695 34.63071823120117 33.85747146606445 34.34684753417969 34.4219856262207 33.708641052246094 41.44512176513672 33.1668815612793 33.00035095214844 33.5814094543457 32.98003387451172 32.912288665771484 33.39449691772461 33.13273620605469 
89.47993469238281 33.9824333190918 33.78643035888672 34.365760803222656 34.693153381347656 34.01241683959961 34.254112243652344 34.261566162109375 40.706817626953125 33.352638244628906 34.07340621948242 33.35542297363281 32.9496955871582 33.83894348144531 33.1278076171875 34.071617126464844 
59.080448150634766 32.56099319458008 32.7209587097168 34.69295883178711 34.04345703125 34.071006774902344 33.31782531738281 33.26790237426758 40.59686279296875 32.94761657714844 33.10054397583008 33.39788818359375 34.351104736328125 33.22489547729492 34.23161697387695 33.06195068359375 
67.3814697265625 32.50886535644531 33.38131332397461 33.53046417236328 33.95577621459961 33.93587112426758 34.57408142089844 33.805118560791016 41.57561492919922 33.11955261230469 33.51948928833008 33.36793518066406 34.30940628051758 32.98396682739258 34.12083053588867 33.05081558227539 
59.0610237121582 32.51852798461914 33.67148971557617 34.806495666503906 35.00483322143555 34.104000091552734 34.20659255981445 34.226016998291016 42.030433654785156 33.40460968017578 33.72768020629883 32.88790512084961 33.2154541015625 33.106239318847656 34.35295867919922 33.05571365356445 
46.95363235473633 17.858688354492188 17.940767288208008 18.00022315979004 18.095232009887695 18.152128219604492 18.22879981994629 18.755680084228516 25.58777618408203 19.07766342163086 19.011167526245117 18.809728622436523 18.26166343688965 18.572832107543945 18.666431427001953 18.810495376586914 
34.21241760253906 17.889728546142578 18.116256713867188 18.29964828491211 18.23187255859375 18.141664505004883 18.138591766357422 18.17033576965332 25.391712188720703 18.87766456604004 18.439104080200195 18.871007919311523 18.12518310546875 19.02854347229004 19.15990447998047 18.931488037109375 
34.214942932128906 17.871103286743164 17.868928909301758 17.937152862548828 18.190080642700195 18.366655349731445 18.38150405883789 18.242624282836914 25.530559539794922 18.26358413696289 19.28995132446289 19.264928817749023 18.99488067626953 18.55843162536621 18.785856246948242 18.92755126953125 
33.20515060424805 17.855392456054688 17.910367965698242 17.99190330505371 18.04857635498047 18.672767639160156 18.791200637817383 18.680095672607422 25.138463973999023 18.619903564453125 18.46531105041504 18.50271987915039 19.177120208740234 18.965696334838867 18.78691291809082 18.502111434936523 
33.21392059326172 18.07414436340332 17.867456436157227 17.93596839904785 18.35513687133789 18.646047592163086 18.789472579956055 18.56278419494629 26.0864315032959 18.300703048706055 18.29529571533203 19.314559936523438 18.560447692871094 18.54217529296875 17.993663787841797 19.516544342041016 
34.252864837646484 17.843168258666992 17.901439666748047 18.151264190673828 18.146047592163086 18.14588737487793 18.666431427001953 18.756607055664062 26.720287322998047 18.927200317382812 18.536447525024414 19.195199966430664 19.241247177124023 18.580671310424805 19.179264068603516 18.532320022583008 
34.20604705810547 17.86899185180664 17.961151123046875 18.099679946899414 18.32748794555664 18.529407501220703 18.470016479492188 18.416160583496094 27.887136459350586 19.05766487121582 19.239648818969727 18.677696228027344 18.45574378967285 18.021120071411133 19.320415496826172 19.053056716918945 
34.26076889038086 17.823423385620117 17.85856056213379 18.025632858276367 18.004480361938477 18.16022491455078 18.556447982788086 18.604127883911133 28.0064640045166 18.525856018066406 18.247711181640625 18.654272079467773 18.435199737548828 18.348352432250977 18.733728408813477 19.25503921508789 
34.23660659790039 17.86751937866211 17.882976531982422 17.917247772216797 18.039936065673828 18.071584701538086 18.373247146606445 18.39664077758789 26.14556884765625 18.82636833190918 18.67308807373047 18.07257652282715 19.322208404541016 19.203840255737305 19.129024505615234 18.656543731689453 
33.198974609375 17.853759765625 17.85990333557129 17.995040893554688 17.96518325805664 18.052448272705078 18.16659164428711 18.367712020874023 25.631935119628906 18.989376068115234 18.68492889404297 18.627456665039062 18.215328216552734 19.394432067871094 19.186752319335938 18.773216247558594 
29.36742401123047 19.76313591003418 19.780031204223633 20.31007957458496 20.375520706176758 20.314271926879883 20.347360610961914 37.20012664794922 23.825088500976562 20.35139274597168 20.301279067993164 20.306848526000977 20.269023895263672 20.956960678100586 20.201215744018555 20.44883155822754 
18.402111053466797 18.040159225463867 18.414207458496094 18.60361671447754 18.47871971130371 18.370655059814453 18.160608291625977 18.025440216064453 20.195552825927734 18.563871383666992 18.330751419067383 18.857088088989258 18.377151489257812 18.170080184936523 17.979583740234375 18.3023681640625 
57.659358978271484 19.719327926635742 19.90083122253418 20.19913673400879 20.23404884338379 20.225088119506836 20.349952697753906 150.6422119140625 21.250656127929688 20.591615676879883 20.37286376953125 20.34009552001953 20.322336196899414 20.49292755126953 20.341663360595703 20.45884895324707 
18.287647247314453 17.739967346191406 17.8734073638916 18.076000213623047 18.460735321044922 18.374591827392578 18.4913272857666 18.63599967956543 21.092384338378906 18.0533447265625 18.432064056396484 18.470111846923828 18.252735137939453 18.047040939331055 18.08505630493164 18.077024459838867 
56.625694274902344 19.81939125061035 19.752544403076172 19.802335739135742 20.530752182006836 20.743616104125977 20.85856056213379 140.90328979492188 22.790367126464844 20.40006446838379 20.8973445892334 20.197856903076172 20.27280044555664 20.491519927978516 20.245952606201172 20.353696823120117 
18.343551635742188 17.74982452392578 17.7476806640625 17.798784255981445 17.918527603149414 18.19126319885254 18.234207153320312 18.422975540161133 20.505311965942383 19.190847396850586 18.607168197631836 18.61916732788086 18.135456085205078 17.951072692871094 18.702144622802734 18.477279663085938 
52.435264587402344 19.712928771972656 19.735519409179688 19.823040008544922 20.040767669677734 20.262527465820312 20.302207946777344 133.03199768066406 23.016864776611328 20.406240463256836 20.253536224365234 20.627519607543945 20.314367294311523 20.396799087524414 20.537120819091797 20.388704299926758 
18.062816619873047 17.659168243408203 17.981151580810547 17.99488067626953 18.59663963317871 18.735136032104492 18.624671936035156 18.39232063293457 20.641536712646484 18.407712936401367 18.259136199951172 18.362112045288086 18.040544509887695 18.076383590698242 18.097824096679688 18.572832107543945 
61.86422348022461 19.702880859375 19.983583450317383 20.34275245666504 20.28860855102539 20.679231643676758 21.077791213989258 136.82217407226562 23.808223724365234 20.386016845703125 20.379520416259766 20.31862449645996 21.589088439941406 20.311168670654297 20.475616455078125 20.2673282623291 
18.293792724609375 17.763391494750977 17.668991088867188 17.8308162689209 17.815807342529297 18.067615509033203 18.26201629638672 18.6911678314209 19.97747230529785 18.00022315979004 18.39740753173828 18.526880264282227 18.31270408630371 18.00351905822754 18.087135314941406 19.394752502441406 
60.86640167236328 19.831104278564453 20.09609603881836 20.649375915527344 20.758975982666016 20.857919692993164 20.714048385620117 139.1730194091797 22.83964729309082 20.45065689086914 20.866336822509766 20.48512077331543 20.375232696533203 20.723583221435547 20.239648818969727 20.437759399414062 
18.315744400024414 17.844703674316406 18.064064025878906 18.012479782104492 17.96460723876953 17.9718074798584 17.94588851928711 18.228160858154297 20.747264862060547 18.540576934814453 18.20025634765625 18.226848602294922 18.594079971313477 18.50307273864746 18.3338565826416 18.350400924682617 
56.66579055786133 19.79088020324707 19.761152267456055 20.328575134277344 20.22310447692871 20.55289649963379 20.960384368896484 143.0343017578125 22.982336044311523 20.37696075439453 19.929887771606445 20.977920532226562 20.345151901245117 20.412479400634766 20.74198341369629 20.401599884033203 
18.23967933654785 17.919519424438477 17.724767684936523 17.736671447753906 17.755807876586914 17.795455932617188 18.160991668701172 18.193695068359375 21.376863479614258 18.319520950317383 18.702335357666016 18.025920867919922 18.31590461730957 17.908832550048828 17.989471435546875 18.545888900756836 
60.881534576416016 19.73811149597168 19.781856536865234 19.971296310424805 20.05628776550293 20.046112060546875 20.132287979125977 137.88755798339844 23.021696090698242 20.45542335510254 20.43916893005371 20.44371223449707 20.42233657836914 20.38003158569336 20.41811180114746 20.22425651550293 
18.127391815185547 17.764671325683594 18.018144607543945 18.241024017333984 18.278240203857422 18.191680908203125 18.007328033447266 17.987199783325195 20.111648559570312 18.29654312133789 18.050880432128906 17.93827247619629 18.231647491455078 17.961599349975586 17.991519927978516 19.344959259033203 
66.52381134033203 19.730527877807617 19.97475242614746 20.327327728271484 20.380128860473633 20.556352615356445 20.700000762939453 21.090015411376953 24.268159866333008 20.558176040649414 20.30099105834961 20.874624252319336 20.202688217163086 20.508256912231445 20.511903762817383 20.310304641723633 
18.228927612304688 17.782304763793945 17.94361686706543 18.144287109375 18.269088745117188 18.363584518432617 18.231647491455078 18.09222412109375 20.660991668701172 19.387903213500977 18.662303924560547 18.279584884643555 18.005855560302734 18.000064849853516 18.64703941345215 18.396255493164062 
53.47788619995117 19.784351348876953 20.05116844177246 20.091232299804688 20.26848030090332 20.623199462890625 20.558496475219727 144.72076416015625 23.300352096557617 20.305856704711914 20.030559539794922 20.117664337158203 20.31622314453125 20.24710464477539 20.36649513244629 20.42742347717285 
18.056255340576172 17.91257667541504 18.40630340576172 18.69411277770996 18.6711368560791 18.70262336730957 18.49273681640625 18.17804718017578 21.12246322631836 18.074560165405273 17.984479904174805 19.184511184692383 18.56211280822754 18.308128356933594 18.11942481994629 18.08252716064453 
39.264801025390625 19.91152000427246 19.884960174560547 20.278911590576172 20.351104736328125 20.47248077392578 20.464128494262695 93.94166564941406 23.92620849609375 20.405120849609375 20.842208862304688 20.552608489990234 20.310623168945312 20.87740707397461 20.532447814941406 20.343135833740234 
21.36591911315918 20.944639205932617 20.949344635009766 21.304479598999023 21.43984031677246 21.546911239624023 22.014080047607422 22.131328582763672 22.57196807861328 22.806528091430664 21.070751190185547 21.251487731933594 21.705663681030273 21.184608459472656 21.437664031982422 21.716032028198242 
75.06377410888672 19.950016021728516 19.949440002441406 19.96067237854004 20.302656173706055 20.31865692138672 20.359712600708008 20.46963119506836 25.023008346557617 20.5196475982666 20.583263397216797 20.695520401000977 20.655040740966797 20.378271102905273 20.788223266601562 20.613344192504883 
21.141183853149414 20.93574333190918 20.993152618408203 21.091487884521484 21.17670440673828 21.264223098754883 21.233055114746094 21.41484832763672 25.64672088623047 21.645631790161133 21.42095947265625 21.400768280029297 21.686080932617188 21.465280532836914 21.229440689086914 21.763967514038086 
69.81388854980469 19.967071533203125 19.978527069091797 19.975807189941406 20.488927841186523 20.75481605529785 21.02899169921875 21.368576049804688 27.766143798828125 20.63916778564453 20.46454429626465 20.501792907714844 20.73196792602539 20.393503189086914 20.362144470214844 20.635103225708008 
21.16147232055664 21.10851287841797 21.428319931030273 21.44220733642578 21.428064346313477 21.242015838623047 21.084928512573242 21.09459114074707 21.68134307861328 21.593599319458008 21.2574405670166 21.30998420715332 21.47056007385254 21.481504440307617 21.20902442932129 21.810911178588867 
67.68316650390625 19.955904006958008 20.602399826049805 20.802879333496094 20.99884796142578 21.02556800842285 20.919008255004883 59.01472091674805 24.392160415649414 20.42633628845215 20.804479598999023 20.285343170166016 20.357887268066406 20.7511043548584 20.66156768798828 20.333663940429688 
21.598175048828125 21.082271575927734 21.188352584838867 21.56048011779785 21.873023986816406 22.035072326660156 21.895776748657227 21.79840087890625 25.113759994506836 21.4039363861084 21.428991317749023 21.54867172241211 21.550495147705078 21.139039993286133 21.638399124145508 21.25596809387207 
71.3009262084961 19.95452880859375 20.007936477661133 20.548704147338867 20.42176055908203 20.568607330322266 20.589248657226562 20.65996742248535 25.012767791748047 20.983232498168945 20.440031051635742 20.142303466796875 20.773279190063477 20.342912673950195 20.68614387512207 20.82524871826172 
21.24015998840332 20.883007049560547 20.92473602294922 21.22550392150879 21.24844741821289 21.167104721069336 21.21615982055664 21.225696563720703 24.55708885192871 21.176864624023438 21.335840225219727 21.156639099121094 21.503904342651367 21.18889617919922 21.53900718688965 21.452768325805664 
79.15542602539062 20.01728057861328 19.992992401123047 20.190143585205078 20.41926383972168 20.44313621520996 20.42038345336914 20.365215301513672 24.709503173828125 20.656448364257812 20.283519744873047 20.972000122070312 20.54140853881836 20.428192138671875 20.702495574951172 20.815200805664062 
21.007936477661133 21.06332778930664 21.543935775756836 21.558368682861328 21.399839401245117 21.188640594482422 21.245023727416992 21.257631301879883 25.090335845947266 21.43529510498047 21.16422462463379 21.51068878173828 21.109792709350586 21.963359832763672 21.13916778564453 21.993728637695312 
82.3543701171875 19.999263763427734 20.12553596496582 20.180736541748047 20.439552307128906 20.55619239807129 20.566816329956055 20.523040771484375 24.210975646972656 20.612640380859375 20.64748764038086 20.5664005279541 20.48249626159668 20.907840728759766 20.52851104736328 20.45475196838379 
21.33193588256836 21.294815063476562 21.59676742553711 21.68022346496582 21.690752029418945 21.535871505737305 21.396575927734375 21.157184600830078 24.741695404052734 21.6461124420166 21.21811294555664 21.524288177490234 21.545024871826172 21.358688354492188 21.709087371826172 21.744192123413086 
79.10806274414062 20.021440505981445 20.069631576538086 20.550304412841797 20.764127731323242 20.82771110534668 20.78668785095215 20.889951705932617 23.871999740600586 20.57151985168457 20.249919891357422 20.504383087158203 20.683263778686523 20.661888122558594 20.377216339111328 20.885215759277344 
21.05120086669922 21.022655487060547 21.41449546813965 21.181215286254883 21.10963249206543 21.134624481201172 21.102783203125 21.074047088623047 24.467872619628906 21.262239456176758 21.391904830932617 21.731456756591797 21.225248336791992 21.39628791809082 21.527679443359375 21.690719604492188 
78.13081359863281 20.013696670532227 19.98873519897461 20.407167434692383 20.502944946289062 20.600128173828125 20.749727249145508 20.552608489990234 24.629056930541992 20.42451286315918 20.82863998413086 20.60793685913086 20.5230712890625 20.597888946533203 20.592927932739258 20.508447647094727 
21.39414405822754 20.979328155517578 21.117151260375977 21.228927612304688 21.353504180908203 21.709503173828125 21.95702362060547 21.935583114624023 24.799455642700195 21.47177505493164 21.45974349975586 21.283231735229492 21.514720916748047 21.54252815246582 21.286880493164062 21.39971160888672 
69.81852722167969 19.997888565063477 20.307615280151367 20.5732479095459 20.794815063476562 20.804960250854492 20.932575225830078 20.78835105895996 25.43097686767578 20.61507225036621 20.48294448852539 20.78700828552246 20.681503295898438 20.549728393554688 20.826400756835938 20.69254493713379 
21.11564826965332 21.22217559814453 21.43769645690918 21.542015075683594 21.479135513305664 21.239423751831055 21.157312393188477 21.244192123413086 24.605375289916992 21.648799896240234 21.15171241760254 21.203807830810547 21.647071838378906 21.218175888061523 21.624128341674805 21.413087844848633 
90.34105682373047 16.539615631103516 16.53219223022461 16.58121681213379 16.97987174987793 17.335647583007812 17.395584106445312 17.41689682006836 18.432607650756836 17.649856567382812 16.814559936523438 17.962528228759766 17.224384307861328 17.500831604003906 17.28108787536621 16.821247100830078 
17.568992614746094 17.262720108032227 17.192256927490234 17.194719314575195 17.199392318725586 17.12272071838379 17.068511962890625 17.129919052124023 18.879776000976562 17.2544002532959 17.494752883911133 17.02569580078125 17.78633689880371 17.36390495300293 16.89334487915039 17.12233543395996 
74.5179214477539 16.480703353881836 16.63871955871582 16.848928451538086 16.971424102783203 17.00396728515625 17.01318359375 108.84444427490234 23.11577606201172 17.040128707885742 17.166528701782227 16.870943069458008 16.768192291259766 17.505632400512695 16.82636833190918 17.016096115112305 
17.201759338378906 16.80518341064453 16.86751937866211 17.074495315551758 17.089439392089844 17.05366325378418 17.599456787109375 17.702144622802734 19.536319732666016 18.30294418334961 17.216384887695312 16.988672256469727 17.43916893005371 17.076095581054688 17.578784942626953 17.548608779907227 
59.89120101928711 16.428224563598633 17.11404800415039 16.480831146240234 16.546112060546875 16.613792419433594 17.066144943237305 17.426176071166992 23.119808197021484 17.226335525512695 17.559680938720703 16.92620849609375 17.919296264648438 17.155935287475586 16.78704071044922 17.29532814025879 
17.052127838134766 16.76723289489746 16.839935302734375 17.171648025512695 17.2043514251709 17.275136947631836 17.26710319519043 17.268512725830078 19.517536163330078 17.100608825683594 17.704896926879883 17.29897689819336 17.516447067260742 17.74060821533203 17.413759231567383 17.19772720336914 
55.648193359375 16.434816360473633 16.508991241455078 16.81385612487793 16.78281593322754 16.840288162231445 16.974943161010742 16.9050235748291 23.12460708618164 17.30022430419922 17.470048904418945 16.796640396118164 18.11689567565918 17.46940803527832 17.22150421142578 17.258207321166992 
16.95088005065918 16.754304885864258 16.93120002746582 17.059999465942383 17.29155158996582 17.360864639282227 17.473983764648438 17.497343063354492 17.10108757019043 17.56175994873047 17.359968185424805 16.952735900878906 16.944639205932617 17.211423873901367 17.113248825073242 17.440704345703125 
59.888736724853516 16.450944900512695 16.66102409362793 16.653696060180664 17.093791961669922 17.062335968017578 16.90812873840332 16.958528518676758 22.83475112915039 17.198144912719727 16.836000442504883 16.938688278198242 16.78700828552246 17.593151092529297 17.091840744018555 16.758272171020508 
17.17647933959961 16.8668155670166 16.83907127380371 16.83660888671875 16.86409568786621 17.334144592285156 17.333248138427734 17.434112548828125 19.37468719482422 17.56175994873047 16.956607818603516 16.947200775146484 17.27065658569336 16.998783111572266 18.111167907714844 17.308095932006836 
58.866432189941406 16.452863693237305 16.54534339904785 16.568544387817383 17.067520141601562 17.12326431274414 16.92483139038086 16.90630340576172 23.436128616333008 17.128864288330078 16.67919921875 17.475616455078125 16.826303482055664 17.464223861694336 17.190143585205078 16.853120803833008 
16.820768356323242 16.691999435424805 16.8121280670166 16.82956886291504 16.99020767211914 17.284543991088867 17.45132827758789 17.514816284179688 19.72492790222168 17.668447494506836 17.29324722290039 16.98569679260254 17.161727905273438 17.373632431030273 17.50067138671875 17.61471939086914 
55.669185638427734 16.467775344848633 16.422367095947266 16.7989444732666 17.123424530029297 17.220863342285156 17.24185562133789 17.215232849121094 21.167936325073242 17.34556770324707 16.76144027709961 17.884416580200195 16.91049575805664 17.466175079345703 17.096256256103516 16.740480422973633 
17.436511993408203 17.232223510742188 17.266080856323242 17.23404884338379 17.09872055053711 17.0611515045166 17.229312896728516 17.227903366088867 20.470720291137695 18.13158416748047 17.415775299072266 17.269695281982422 17.458208084106445 17.364608764648438 16.958816528320312 16.955904006958008 
76.67916870117188 16.48566436767578 16.543807983398438 16.574111938476562 16.93494415283203 16.960159301757812 16.918624877929688 16.965120315551758 23.0314884185791 17.0732479095459 16.73206329345703 17.110048294067383 17.150592803955078 17.574623107910156 17.30745506286621 17.29097557067871 
17.032703399658203 16.905792236328125 16.994176864624023 16.966079711914062 17.04297637939453 17.141151428222656 17.217952728271484 17.2128963470459 19.424575805664062 17.604000091552734 17.50204849243164 17.981151580810547 17.24287986755371 16.96985626220703 17.90483283996582 17.260927200317383 
66.67648315429688 16.465919494628906 16.48841667175293 16.464799880981445 17.309024810791016 16.853567123413086 17.09187126159668 17.08755111694336 19.847808837890625 17.36479949951172 16.864032745361328 17.0064640045166 16.816831588745117 16.845184326171875 16.641727447509766 17.45644760131836 
17.07366371154785 16.78121566772461 16.779359817504883 16.788576126098633 17.15068817138672 17.46281623840332 17.501216888427734 17.505407333374023 19.347583770751953 17.607616424560547 17.11734390258789 17.16649627685547 17.869792938232422 17.34534454345703 18.139551162719727 17.7458553314209 
57.80428695678711 16.47350311279297 16.543296813964844 18.426048278808594 16.8374080657959 16.821504592895508 16.85148811340332 16.952640533447266 24.19081687927246 16.84659194946289 17.445632934570312 17.17945671081543 16.751903533935547 17.176319122314453 16.77110481262207 17.513376235961914 
17.04582405090332 16.770687103271484 16.90729522705078 16.885759353637695 16.896223068237305 17.166624069213867 17.24060821533203 17.21116828918457 17.89673614501953 17.373119354248047 17.39904022216797 17.4965763092041 16.938016891479492 18.135391235351562 17.222015380859375 17.82975959777832 
69.20515441894531 31.833663940429688 32.0984001159668 32.90208053588867 32.85663986206055 32.642784118652344 32.652896881103516 84.8311996459961 39.623905181884766 33.10243225097656 33.07148742675781 33.31798553466797 32.860897064208984 32.03696060180664 32.096832275390625 32.45430374145508 
52.50454330444336 34.493473052978516 31.755615234375 31.80678367614746 32.87353515625 33.0643196105957 32.974815368652344 33.39244842529297 38.17292785644531 33.09756851196289 32.349727630615234 32.61881637573242 32.82672119140625 32.97395324707031 33.406368255615234 33.46214294433594 
57.57929611206055 31.527551651000977 31.4998722076416 32.61494445800781 32.90991973876953 33.04179382324219 32.73654556274414 32.408607482910156 38.24041748046875 32.58595275878906 32.2529296875 32.60620880126953 32.383583068847656 32.74313735961914 32.569087982177734 33.017311096191406 
47.324798583984375 34.42988967895508 32.72208023071289 33.26172637939453 32.853057861328125 33.133663177490234 33.4483528137207 36.591712951660156 44.45382308959961 32.486881256103516 32.67279815673828 32.33542251586914 32.26063919067383 32.28339385986328 32.40768051147461 32.57196807861328 
54.58585739135742 32.44403076171875 32.46815872192383 32.21779251098633 33.19375991821289 32.910945892333984 33.11231994628906 32.78092956542969 37.69481658935547 32.292991638183594 33.15827178955078 32.688926696777344 33.206111907958984 33.414878845214844 32.17174530029297 32.1165771484375 
52.501312255859375 35.83216094970703 31.968448638916016 32.60015869140625 33.574913024902344 33.05049514770508 33.329471588134766 33.273311614990234 39.5013427734375 32.36537551879883 32.25395202636719 32.199520111083984 33.19753646850586 32.27167892456055 32.14851379394531 32.145599365234375 
53.56620788574219 36.60966491699219 31.92470359802246 34.16425704956055 33.983551025390625 32.77705764770508 31.955263137817383 34.19657516479492 40.41462326049805 32.73881530761719 33.46761703491211 32.63532638549805 33.00284957885742 32.58233642578125 32.34579086303711 34.12623977661133 
58.732032775878906 31.535423278808594 33.08969497680664 33.20441436767578 33.39622497558594 33.511775970458984 32.62326431274414 32.68207931518555 39.95747375488281 32.14054489135742 32.21984100341797 32.042625427246094 32.84457778930664 32.275489807128906 32.176673889160156 32.31916809082031 
56.68544006347656 31.947776794433594 32.57574462890625 33.28268814086914 33.03196716308594 32.96156692504883 33.250526428222656 32.65903854370117 37.70867156982422 33.16716766357422 33.71184158325195 33.08729553222656 32.98134231567383 32.434879302978516 33.4304313659668 32.18588638305664 
50.52278518676758 33.36713409423828 31.901952743530273 33.78812789916992 33.811519622802734 32.6495361328125 32.08086395263672 32.52751922607422 39.491966247558594 32.98160171508789 33.45423889160156 32.71638488769531 32.225311279296875 32.170623779296875 32.37318420410156 33.33308792114258 
47.490657806396484 30.601343154907227 21.247392654418945 21.258943557739258 21.346527099609375 21.94371223449707 22.256959915161133 22.43084716796875 29.561216354370117 21.830080032348633 22.000736236572266 22.150976181030273 21.9532470703125 22.081119537353516 22.359296798706055 21.868511199951172 
40.05116653442383 21.349824905395508 21.37228775024414 22.095455169677734 22.7127685546875 22.57980728149414 22.313600540161133 22.089599609375 29.947263717651367 21.760480880737305 21.956960678100586 23.710847854614258 21.936351776123047 22.168127059936523 22.274368286132812 21.858367919921875 
40.18220901489258 21.492448806762695 21.33772850036621 21.785600662231445 22.348896026611328 22.595775604248047 22.356159210205078 22.2076473236084 29.21708869934082 22.28371238708496 21.782495498657227 22.400447845458984 22.369823455810547 22.041919708251953 22.194303512573242 22.028928756713867 
42.12723159790039 21.315807342529297 23.154560089111328 21.65123176574707 21.804256439208984 22.234783172607422 22.56220817565918 22.368064880371094 29.111520767211914 21.758176803588867 21.946367263793945 22.417375564575195 21.94553565979004 22.160736083984375 22.057632446289062 21.94780731201172 
42.21043014526367 21.30860710144043 21.534591674804688 21.670560836791992 21.687519073486328 21.724895477294922 21.56937599182129 21.54595184326172 31.19308853149414 22.0784969329834 21.912704467773438 22.43734359741211 21.896095275878906 21.935264587402344 22.79692840576172 21.823104858398438 
47.45686340332031 21.342496871948242 21.477184295654297 21.669984817504883 22.423583984375 22.297151565551758 22.124191284179688 22.106304168701172 26.945695877075195 22.225568771362305 22.026655197143555 22.22774314880371 22.178848266601562 22.030559539794922 22.016639709472656 21.912736892700195 
47.43772888183594 21.333759307861328 21.586271286010742 21.655967712402344 22.055648803710938 21.943679809570312 21.774112701416016 21.685823440551758 30.640640258789062 21.829504013061523 22.08835220336914 21.59427261352539 21.986623764038086 22.245376586914062 22.076255798339844 22.015968322753906 
40.11888122558594 21.344287872314453 22.06048011779785 21.837888717651367 21.823360443115234 21.907136917114258 21.706016540527344 21.721471786499023 30.63030433654785 21.84819221496582 22.453920364379883 22.312671661376953 21.91948890686035 21.811359405517578 22.480127334594727 21.87299156188965 
41.1739501953125 21.35055923461914 21.593503952026367 22.438688278198242 22.366527557373047 22.29136085510254 22.202463150024414 21.868192672729492 24.70083236694336 22.458879470825195 21.859487533569336 21.846912384033203 22.12995147705078 22.35683250427246 21.86137580871582 21.975296020507812 
40.07078552246094 21.35273551940918 21.624704360961914 21.77497673034668 21.774463653564453 21.7739200592041 21.757568359375 80.67932891845703 29.94540786743164 21.81100845336914 22.512287139892578 21.99718475341797 21.86639976501465 22.57366371154785 21.826400756835938 21.989248275756836 
79.69033813476562 46.68550491333008 48.08265686035156 47.078369140625 47.628990173339844 47.75766372680664 46.949951171875 48.27763366699219 53.51705551147461 45.59872055053711 45.76185607910156 46.001182556152344 46.916255950927734 46.313438415527344 45.75737762451172 45.64963150024414 
59.64390563964844 47.287105560302734 47.00764846801758 49.74105453491211 47.74857711791992 48.3551025390625 47.40755081176758 47.237152099609375 52.064414978027344 45.46041488647461 45.56614303588867 45.705535888671875 45.9093132019043 46.48249435424805 45.98009490966797 45.994239807128906 
73.29212951660156 47.746177673339844 47.05487823486328 47.67206573486328 47.59040069580078 46.96604919433594 46.78995132446289 47.90252685546875 52.60102462768555 45.817726135253906 45.628990173339844 46.02979278564453 46.59660720825195 46.58214569091797 45.64704132080078 46.04444885253906 
87.93561553955078 48.8699836730957 48.211360931396484 46.739295959472656 47.427486419677734 47.796958923339844 46.62793731689453 47.87139129638672 52.44518280029297 45.495262145996094 45.68937683105469 45.75187301635742 45.538814544677734 45.93324661254883 45.59254455566406 45.526527404785156 
85.94400024414062 46.485633850097656 46.70854568481445 47.395103454589844 47.00796890258789 47.65407943725586 47.70479965209961 47.370975494384766 52.76291275024414 45.34703826904297 46.0068473815918 46.97305679321289 46.272159576416016 47.83375930786133 46.03776168823242 45.49728012084961 
90.07164764404297 46.495262145996094 46.124542236328125 47.666751861572266 47.288673400878906 48.16844940185547 47.079200744628906 47.59590530395508 52.10831832885742 46.56671905517578 46.214847564697266 46.024383544921875 46.99798583984375 45.8350715637207 45.58822250366211 45.52684783935547 
69.03952026367188 47.67878341674805 48.19404983520508 49.47846221923828 47.258689880371094 46.81536102294922 48.50831985473633 47.09814453125 51.70073699951172 45.81315231323242 45.66035079956055 45.47353744506836 46.91142272949219 46.1572151184082 46.05158233642578 45.93894577026367 
72.28854370117188 46.5107536315918 47.067230224609375 47.81974411010742 48.13087844848633 47.453216552734375 46.56687927246094 48.82438278198242 54.142337799072266 45.372127532958984 46.38447952270508 47.39548873901367 47.281471252441406 46.39231872558594 45.675872802734375 45.67049789428711 
75.33309173583984 45.45161437988281 47.65270233154297 48.041664123535156 47.47391891479492 47.570945739746094 47.28518295288086 47.11299133300781 52.23219299316406 45.4420166015625 45.74505615234375 46.007423400878906 47.11334228515625 46.49750518798828 46.04342269897461 46.97897720336914 
68.18627166748047 47.37091064453125 47.55231857299805 48.633888244628906 47.35558319091797 47.327999114990234 47.72582244873047 47.424095153808594 54.801631927490234 45.95222473144531 46.00191879272461 46.31836700439453 47.365631103515625 46.52137756347656 45.74614334106445 45.57664108276367 
38.11881637573242 20.447296142578125 20.151615142822266 20.281152725219727 20.878080368041992 21.117855072021484 21.17308807373047 21.112735748291016 28.426496505737305 20.911327362060547 20.728160858154297 20.795167922973633 20.586271286010742 20.376768112182617 21.30384063720703 21.144704818725586 
35.70604705810547 20.109407424926758 20.2227840423584 20.6693115234375 20.714527130126953 20.7076473236084 21.19705581665039 21.397951126098633 28.208288192749023 20.494592666625977 20.661439895629883 20.810623168945312 21.147167205810547 21.343263626098633 21.06777572631836 20.51900863647461 
35.68940734863281 20.16044807434082 20.469343185424805 20.449087142944336 20.987871170043945 20.89344024658203 20.954336166381836 20.728864669799805 27.657663345336914 21.162687301635742 21.117664337158203 20.716575622558594 20.520416259765625 20.609024047851562 20.663551330566406 20.79248046875 
36.80595016479492 20.097183227539062 20.31769561767578 20.404064178466797 20.658592224121094 21.033504486083984 20.678239822387695 20.654367446899414 32.51411056518555 20.48201560974121 20.75200080871582 20.571392059326172 20.678367614746094 21.137407302856445 20.978912353515625 21.15875244140625 
38.916446685791016 20.075071334838867 20.153215408325195 20.414016723632812 20.50739288330078 20.510080337524414 20.4586238861084 20.519615173339844 28.065471649169922 20.564128875732422 20.683231353759766 21.110431671142578 21.870975494384766 20.6823673248291 20.364255905151367 20.7857608795166 
36.80380630493164 20.153247833251953 20.206592559814453 20.605056762695312 20.745407104492188 21.1910400390625 21.14134407043457 21.17500877380371 25.43657684326172 20.6212158203125 20.527456283569336 20.746719360351562 20.76959991455078 20.724960327148438 20.873760223388672 21.723360061645508 
36.7740478515625 20.125215530395508 20.103103637695312 20.2142391204834 20.374624252319336 20.34511947631836 20.381792068481445 20.456575393676758 27.545791625976562 20.586591720581055 20.77779197692871 20.722911834716797 20.5347843170166 20.882591247558594 21.254783630371094 20.623071670532227 
35.73427200317383 20.127168655395508 20.15318489074707 20.37660789489746 20.39174461364746 20.41529655456543 20.469440460205078 20.580543518066406 28.485631942749023 20.52851104736328 20.599008560180664 20.70684814453125 20.997791290283203 21.327104568481445 21.266143798828125 20.56230354309082 
49.34735870361328 20.133983612060547 20.505023956298828 20.495040893554688 21.118528366088867 20.92959976196289 21.010656356811523 20.721887588500977 27.31273651123047 20.5328311920166 20.620960235595703 21.137184143066406 20.52070426940918 20.517824172973633 21.307680130004883 22.343936920166016 
36.77881622314453 20.133344650268555 20.24095916748047 20.457120895385742 20.63590431213379 20.681791305541992 20.639936447143555 20.52707290649414 25.559999465942383 20.500959396362305 20.766271591186523 21.001792907714844 21.20751953125 20.66975975036621 20.8635196685791 20.593536376953125 
39.26134490966797 24.302560806274414 24.338048934936523 24.64089584350586 24.66227149963379 25.48627281188965 25.598751068115234 37.65900802612305 34.394527435302734 25.104320526123047 25.244415283203125 25.29689598083496 25.69817543029785 24.938623428344727 24.950624465942383 25.47337532043457 
57.353633880615234 24.403871536254883 24.398143768310547 25.07040023803711 24.956768035888672 25.583904266357422 25.509952545166016 24.859487533569336 31.383743286132812 25.567903518676758 25.37753677368164 25.623775482177734 25.473215103149414 27.685728073120117 25.673152923583984 25.16147232055664 
52.47635269165039 24.554527282714844 24.47590446472168 25.2741756439209 25.01759910583496 25.056480407714844 25.374656677246094 25.248096466064453 35.279903411865234 24.960800170898438 25.934816360473633 25.458208084106445 25.068159103393555 25.23263931274414 25.29030418395996 25.709760665893555 
54.214752197265625 24.433311462402344 24.516096115112305 24.805952072143555 24.648319244384766 25.619104385375977 25.77519989013672 24.99590492248535 38.56275177001953 25.26643180847168 25.406496047973633 25.288864135742188 27.0665283203125 25.516128540039062 25.062847137451172 24.741151809692383 
58.52012634277344 24.33135986328125 24.391775131225586 24.763551712036133 24.67145538330078 24.7412166595459 25.101152420043945 25.050432205200195 35.411041259765625 25.051776885986328 25.497312545776367 25.55843162536621 25.066879272460938 25.657024383544922 25.254016876220703 25.01430320739746 
49.33679962158203 24.525951385498047 24.390239715576172 24.819520950317383 25.411935806274414 25.373184204101562 24.64169692993164 25.50396728515625 36.83148956298828 24.893152236938477 25.57699203491211 24.675487518310547 25.458112716674805 25.469823837280273 25.208703994750977 25.124479293823242 
58.346336364746094 24.35590362548828 25.043903350830078 25.119199752807617 24.724063873291016 25.21887969970703 25.21251106262207 24.59017562866211 36.59222412109375 25.061664581298828 25.622272491455078 25.298847198486328 25.773759841918945 25.319007873535156 25.194656372070312 24.853727340698242 
51.12297439575195 24.402080535888672 24.71513557434082 25.032960891723633 24.873376846313477 25.039648056030273 25.35558319091797 25.30963134765625 37.18534469604492 25.040735244750977 25.336864471435547 24.96031951904297 25.4487361907959 25.5250244140625 25.41744041442871 25.121599197387695 
51.42211151123047 24.45699119567871 24.35526466369629 24.79363250732422 25.554975509643555 25.583391189575195 24.760608673095703 83.28256225585938 33.70761489868164 25.05833625793457 25.554176330566406 25.203327178955078 25.025279998779297 25.090463638305664 25.40163230895996 25.428287506103516 
52.17212677001953 24.390911102294922 24.41516876220703 24.519136428833008 24.57391929626465 25.03843116760254 25.123615264892578 25.22492790222168 36.07369613647461 24.68320083618164 25.202816009521484 25.561119079589844 25.37004852294922 25.49407958984375 26.952831268310547 25.187999725341797 
71.00627136230469 35.01225662231445 34.64448165893555 35.00467300415039 28.139007568359375 27.864704132080078 87.61357116699219 27.25984001159668 35.582496643066406 28.2346248626709 27.764480590820312 28.645952224731445 27.714336395263672 28.257728576660156 28.113311767578125 27.66547203063965 
52.03807830810547 35.4699821472168 36.51023864746094 36.53993606567383 139.1694793701172 27.02022361755371 27.009151458740234 27.48271942138672 39.21836853027344 28.325855255126953 27.558528900146484 28.79644775390625 27.677215576171875 27.480735778808594 28.49718475341797 27.770368576049805 
50.9730224609375 35.48284912109375 36.257022857666016 34.910369873046875 121.51324462890625 27.06537628173828 27.101055145263672 27.69615936279297 38.57913589477539 28.28268814086914 27.704959869384766 28.10495948791504 28.241695404052734 27.792991638183594 29.272607803344727 28.779775619506836 
52.00143814086914 35.467105865478516 38.419166564941406 34.62483215332031 115.96543884277344 27.08006477355957 27.262048721313477 28.095199584960938 40.8889274597168 27.672319412231445 28.425920486450195 27.559904098510742 28.641408920288086 27.98726463317871 28.559072494506836 27.89507293701172 
50.948158264160156 35.411808013916016 36.40620803833008 34.607295989990234 127.19398498535156 27.144319534301758 27.697919845581055 28.26153564453125 36.30934524536133 27.62335968017578 28.16383934020996 28.24176025390625 27.693439483642578 28.4334716796875 27.73855972290039 28.52297592163086 
50.9318733215332 35.12393569946289 36.8342399597168 48.30918502807617 118.13292694091797 27.043455123901367 28.245887756347656 28.6694393157959 37.41804885864258 27.604703903198242 28.38697624206543 27.981760025024414 27.492191314697266 28.348447799682617 27.651775360107422 28.205856323242188 
51.00428771972656 35.281246185302734 36.38751983642578 34.839073181152344 128.41456604003906 27.199296951293945 27.634559631347656 28.464223861694336 34.913185119628906 27.926048278808594 28.373472213745117 28.057247161865234 27.810527801513672 28.58064079284668 27.575008392333984 27.820192337036133 
53.04915237426758 35.42067337036133 38.600223541259766 35.513153076171875 140.96240234375 27.073984146118164 27.205951690673828 28.538368225097656 38.206817626953125 28.10972785949707 27.751007080078125 28.475072860717773 27.687711715698242 27.654239654541016 28.38982391357422 27.646207809448242 
50.91785430908203 35.180545806884766 38.16979217529297 37.051422119140625 135.49591064453125 27.077152252197266 27.33590316772461 28.10163116455078 36.73014450073242 28.117664337158203 28.332895278930664 28.516767501831055 27.619136810302734 28.632991790771484 27.67571258544922 28.09119987487793 
52.073726654052734 35.27500915527344 36.26451110839844 35.285377502441406 147.09336853027344 27.141984939575195 27.832351684570312 28.106624603271484 39.3639030456543 27.784767150878906 28.761280059814453 27.591615676879883 27.551103591918945 28.249408721923828 27.823711395263672 28.59071922302246 
42.74764633178711 32.21014404296875 32.778751373291016 32.9318733215332 83.98095703125 36.83961486816406 31.415359497070312 32.301631927490234 38.669921875 31.694047927856445 31.94598388671875 31.71718406677246 32.16659164428711 31.998559951782227 32.03241729736328 32.35286331176758 
44.853153228759766 31.626911163330078 33.327232360839844 33.39363098144531 32.572574615478516 32.598270416259766 118.64466857910156 31.441503524780273 39.374942779541016 31.931039810180664 32.072959899902344 31.756000518798828 32.90902328491211 32.30556869506836 32.40675354003906 31.869247436523438 
47.04179382324219 31.489503860473633 32.664161682128906 32.476318359375 32.293792724609375 31.964767456054688 122.57791900634766 31.384288787841797 40.196224212646484 32.220001220703125 32.273536682128906 32.26531219482422 32.494590759277344 32.130977630615234 31.932960510253906 32.16124725341797 
45.84627151489258 31.486495971679688 32.22691345214844 32.986305236816406 33.22832107543945 32.55424118041992 114.70745849609375 31.481151580810547 39.635616302490234 32.69753646850586 31.711904525756836 33.296607971191406 32.11065673828125 32.262847900390625 32.00252914428711 32.95481491088867 
45.93830490112305 31.62112045288086 32.175743103027344 32.84137725830078 32.40620803833008 32.14652633666992 117.95263671875 31.374176025390625 39.17036819458008 31.981536865234375 31.83718490600586 33.04035186767578 31.971263885498047 31.96031951904297 32.13123321533203 31.86342430114746 
46.897823333740234 31.695199966430664 32.91923141479492 32.699615478515625 32.14227294921875 33.26655960083008 32.454559326171875 101.5157470703125 39.039329528808594 32.07875061035156 31.883167266845703 31.98796844482422 32.43619155883789 32.42435073852539 32.084190368652344 32.419456481933594 
45.818145751953125 31.63667106628418 31.77836799621582 32.986881256103516 33.397216796875 32.91049575805664 101.0511703491211 31.475231170654297 39.18310546875 31.963808059692383 31.861024856567383 32.197662353515625 32.219390869140625 31.964799880981445 32.28105545043945 33.152992248535156 
45.89763259887695 31.512895584106445 32.06697463989258 31.96656036376953 32.441856384277344 33.2520637512207 33.51980972290039 93.3634262084961 38.60588836669922 31.942880630493164 32.37526321411133 32.03647994995117 31.63814353942871 32.12223815917969 32.05955123901367 32.06675338745117 
44.89692687988281 32.58323287963867 32.502559661865234 33.26655960083008 33.24095916748047 32.57868957519531 114.425537109375 31.3918399810791 38.91843032836914 31.810848236083984 32.09017562866211 31.954816818237305 32.069889068603516 32.30607986450195 32.222015380859375 32.06415939331055 
52.31193542480469 31.770816802978516 32.845664978027344 32.818241119384766 32.89299011230469 32.85334396362305 91.34473419189453 49.10697555541992 43.68067169189453 31.85798454284668 32.641822814941406 32.113792419433594 32.53068923950195 31.9385929107666 32.11564636230469 32.0283203125 
36.13631820678711 17.41417694091797 17.26982307434082 17.602144241333008 17.58083152770996 17.7063045501709 17.66582489013672 85.4085464477539 20.180927276611328 18.22972869873047 17.820512771606445 18.7906551361084 17.809919357299805 18.2739200592041 17.99065589904785 18.004863739013672 
16.909055709838867 16.598783493041992 16.680959701538086 16.830495834350586 16.871135711669922 16.891103744506836 17.151264190673828 17.09926414489746 19.364543914794922 17.186880111694336 17.255680084228516 17.092832565307617 16.79961585998535 17.26896095275879 17.190719604492188 16.912288665771484 
77.18179321289062 17.234304428100586 17.287839889526367 17.369312286376953 17.430335998535156 17.715839385986328 17.797151565551758 17.886335372924805 20.4051513671875 18.170175552368164 17.582304000854492 17.8338565826416 18.757856369018555 17.997695922851562 17.96441650390625 17.730527877807617 
16.87824058532715 16.61408042907715 16.740192413330078 16.690143585205078 16.699583053588867 16.714399337768555 17.1976318359375 16.942943572998047 19.307424545288086 16.954208374023438 17.257408142089844 16.768543243408203 16.759199142456055 17.499296188354492 17.18876838684082 16.85628890991211 
72.8199691772461 17.311071395874023 17.487455368041992 17.65888023376465 17.741600036621094 17.57686424255371 17.632383346557617 17.64918327331543 23.678272247314453 17.82156753540039 17.9335994720459 18.06972885131836 17.936256408691406 17.78713607788086 18.39936065673828 17.788576126098633 
17.00275230407715 16.829984664916992 16.932607650756836 17.178720474243164 17.282175064086914 17.34444808959961 17.272640228271484 16.92336082458496 19.110336303710938 17.383136749267578 16.82080078125 17.368160247802734 17.193824768066406 16.88163185119629 17.306495666503906 16.958656311035156 
75.09795379638672 17.232223510742188 17.55062484741211 17.71718406677246 17.970687866210938 17.961151123046875 17.917343139648438 17.799264907836914 22.040096282958984 17.881248474121094 18.268447875976562 17.754016876220703 17.92140769958496 17.670976638793945 18.487424850463867 17.877504348754883 
16.69772720336914 16.859487533569336 16.87286376953125 16.813663482666016 16.74985694885254 16.722272872924805 17.12601661682129 17.228384017944336 19.894367218017578 17.69321632385254 17.372512817382812 17.11939239501953 17.54243278503418 17.127296447753906 17.044767379760742 16.585472106933594 
72.97513580322266 17.244319915771484 17.2445125579834 17.62326431274414 17.69068717956543 18.058719635009766 18.009151458740234 17.900543212890625 22.87455940246582 17.730911254882812 17.663360595703125 17.60531234741211 18.016799926757812 17.99897575378418 17.789472579956055 18.20537567138672 
16.89913558959961 16.644031524658203 16.66659164428711 17.039648056030273 17.11212730407715 17.106399536132812 16.95142364501953 16.964736938476562 18.777376174926758 17.02886390686035 17.128799438476562 16.844480514526367 16.699167251586914 16.90598487854004 16.9136962890625 17.081567764282227 
56.17180633544922 17.262527465820312 17.60425567626953 17.646879196166992 18.0229434967041 17.972671508789062 17.80588722229004 17.745119094848633 23.04742431640625 17.91926383972168 18.677120208740234 18.0248966217041 17.835712432861328 17.775264739990234 18.62175941467285 17.650623321533203 
17.17420768737793 16.889984130859375 17.020896911621094 17.092416763305664 17.09734344482422 16.816160202026367 16.784704208374023 16.96793556213379 19.510751724243164 17.39664077758789 17.06777572631836 17.090496063232422 17.339136123657227 17.08483123779297 16.601919174194336 17.40336036682129 
74.0283203125 17.264415740966797 17.261280059814453 17.650976181030273 17.644800186157227 17.57414436340332 17.936479568481445 18.185760498046875 20.902912139892578 17.97862434387207 17.714080810546875 17.74163246154785 17.5861759185791 17.9737606048584 17.952896118164062 17.783647537231445 
16.752735137939453 16.609600067138672 16.927104949951172 16.971904754638672 17.297279357910156 17.366783142089844 17.066560745239258 16.9005126953125 19.235551834106445 17.16441535949707 17.573183059692383 16.997535705566406 17.124351501464844 17.052288055419922 17.074432373046875 17.134687423706055 
72.83385467529297 17.25712013244629 17.270240783691406 17.258464813232422 17.56710433959961 17.405696868896484 17.46691131591797 17.970975875854492 18.19215965270996 17.97881507873535 17.73846435546875 17.668575286865234 17.43235206604004 18.32102394104004 17.901504516601562 17.79859161376953 
16.872255325317383 16.62393569946289 16.657312393188477 16.916959762573242 17.124128341674805 17.247840881347656 17.049184799194336 16.96771240234375 17.01798439025879 17.46303939819336 16.791519165039062 17.13759994506836 16.933439254760742 16.85260772705078 17.03603172302246 16.856319427490234 
81.2204818725586 17.320575714111328 17.51603126525879 17.6878719329834 17.90131187438965 17.675840377807617 17.720319747924805 17.661632537841797 22.016000747680664 17.886463165283203 17.48691177368164 18.27449607849121 18.085311889648438 17.91312026977539 17.89206314086914 18.298751831054688 
16.96499252319336 16.708736419677734 16.64566421508789 17.10652732849121 17.232959747314453 17.231008529663086 17.08687973022461 16.95795249938965 19.169599533081055 17.42131233215332 16.998079299926758 17.03766441345215 17.26563262939453 16.85273551940918 17.17100715637207 17.098976135253906 
77.0354232788086 17.256128311157227 17.266271591186523 17.316064834594727 17.32771110534668 17.60425567626953 17.93401527404785 18.066560745239258 23.421920776367188 18.108543395996094 17.71820831298828 18.07904052734375 17.974367141723633 18.08687973022461 17.791200637817383 18.38604736328125 
16.980031967163086 16.698591232299805 16.625728607177734 17.08016014099121 17.23366355895996 17.225727081298828 17.047744750976562 16.92767906188965 19.398975372314453 17.259967803955078 17.03273582458496 16.878623962402344 17.239776611328125 17.09369659423828 16.83932876586914 17.355167388916016 
78.2386245727539 21.295808792114258 21.53273582458496 21.568544387817383 21.522815704345703 21.930688858032227 21.846752166748047 21.946624755859375 25.57593536376953 21.972288131713867 22.480960845947266 21.944032669067383 22.222368240356445 22.253055572509766 21.838239669799805 22.059999465942383 
32.76697540283203 21.22163200378418 21.392351150512695 21.560319900512695 21.85593605041504 22.180063247680664 22.067232131958008 22.068479537963867 26.56924819946289 21.979936599731445 22.302528381347656 22.149887084960938 21.98080062866211 22.12403106689453 22.218143463134766 23.232831954956055 
33.76732635498047 21.282495498657227 21.88809585571289 22.2174072265625 22.33193588256836 22.008384704589844 22.014080047607422 21.806655883789062 27.220224380493164 21.93084716796875 22.140928268432617 22.07391929626465 22.131519317626953 22.70921516418457 22.027328491210938 22.058719635009766 
43.25721740722656 21.28374481201172 21.266271591186523 21.935712814331055 22.149152755737305 22.14998435974121 22.176639556884766 21.960159301757812 26.01945686340332 22.04534339904785 21.77743911743164 22.093280792236328 22.369504928588867 21.888288497924805 22.112319946289062 22.193279266357422 
32.737728118896484 21.305984497070312 21.281503677368164 22.147584915161133 22.291967391967773 22.298816680908203 22.178560256958008 22.065439224243164 27.725727081298828 21.8504638671875 21.99772834777832 22.001855850219727 22.51215934753418 22.090112686157227 22.046560287475586 21.920799255371094 
33.79836654663086 21.356159210205078 21.618623733520508 21.88047981262207 22.057952880859375 22.05392074584961 22.09676742553711 21.809247970581055 26.076704025268555 21.906784057617188 22.191648483276367 22.372608184814453 21.761856079101562 22.643999099731445 21.990591049194336 22.080480575561523 
33.75929641723633 21.262367248535156 21.551008224487305 22.284927368164062 22.463327407836914 22.450719833374023 22.272512435913086 22.013792037963867 25.920255661010742 22.07276725769043 21.816991806030273 22.241024017333984 22.096031188964844 21.775903701782227 21.88515281677246 22.1694393157959 
32.712318420410156 21.278879165649414 21.195295333862305 21.269567489624023 21.45587158203125 21.45952033996582 21.78335952758789 22.542560577392578 25.203935623168945 22.028064727783203 22.262880325317383 21.507904052734375 21.71027183532715 22.154399871826172 22.1375675201416 22.136255264282227 
32.7856330871582 21.319551467895508 21.40163230895996 21.488544464111328 21.52191925048828 21.53500747680664 21.525184631347656 21.642656326293945 26.05523109436035 22.219135284423828 22.160415649414062 22.20534324645996 22.331552505493164 21.979263305664062 21.841279983520508 22.36969566345215 
33.78025436401367 21.24380874633789 21.237152099609375 21.407264709472656 21.736896514892578 22.25708770751953 22.526975631713867 22.223264694213867 25.73263931274414 22.064735412597656 21.865760803222656 22.463104248046875 22.130176544189453 21.898719787597656 22.647327423095703 22.001344680786133 
17.06015968322754 7.689023971557617 7.346720218658447 6.302783966064453 7.3606719970703125 6.3023681640625 6.301631927490234 6.317215919494629 20.80121612548828 5.890304088592529 5.872255802154541 5.855519771575928 5.8471360206604 5.849984169006348 5.876959800720215 5.8600640296936035 
8.58409595489502 5.6881279945373535 5.623839855194092 6.836480140686035 5.636608123779297 5.622655868530273 5.804416179656982 5.787360191345215 7.422848224639893 5.876192092895508 5.881760120391846 5.847519874572754 5.851679801940918 5.860415935516357 5.913440227508545 5.889952182769775 
8.30025577545166 5.723296165466309 5.668064117431641 5.611584186553955 5.607391834259033 5.613855838775635 5.626527786254883 5.619135856628418 7.621600151062012 5.871935844421387 5.86297607421875 5.858975887298584 5.867072105407715 5.867584228515625 5.862847805023193 5.860511779785156 
8.589344024658203 5.633920192718506 5.607967853546143 5.613984107971191 5.619423866271973 5.627391815185547 5.6275200843811035 5.631072044372559 7.829823970794678 5.862656116485596 5.8909759521484375 5.877024173736572 5.876768112182617 5.870848178863525 5.846015930175781 5.8394880294799805 
8.809887886047363 5.688223838806152 5.624415874481201 5.868127822875977 5.8291521072387695 5.604703903198242 5.613952159881592 5.64031982421875 7.337632179260254 5.838240146636963 5.840799808502197 5.832320213317871 5.814176082611084 5.8430399894714355 5.853407859802246 5.820032119750977 
8.834624290466309 5.62713623046875 5.601312160491943 5.630655765533447 5.64847993850708 5.606880187988281 5.62988805770874 5.640672206878662 7.865344047546387 5.893152236938477 5.859295845031738 5.884704113006592 5.86137580871582 5.85756778717041 5.845024108886719 5.861536026000977 
9.077343940734863 5.646880149841309 5.612480163574219 5.6071038246154785 5.614751815795898 5.599552154541016 5.606815814971924 5.617472171783447 8.1495361328125 5.8851518630981445 5.87007999420166 5.836383819580078 5.857952117919922 5.847871780395508 5.841407775878906 5.8466877937316895 
9.545087814331055 5.67903995513916 5.6518402099609375 5.889952182769775 5.864448070526123 5.673279762268066 5.63427209854126 5.638463973999023 8.160639762878418 5.889344215393066 5.8638081550598145 5.869952201843262 5.841728210449219 5.8673601150512695 5.887872219085693 5.903007984161377 
15.198080062866211 5.69593620300293 5.689087867736816 5.621952056884766 5.644032001495361 5.6154561042785645 5.609375953674316 5.627647876739502 7.571904182434082 5.882880210876465 5.856639862060547 5.853087902069092 5.821728229522705 5.82966423034668 5.8466877937316895 5.860352039337158 
9.799903869628906 5.63424015045166 5.626527786254883 5.613471984863281 5.637216091156006 5.666304111480713 5.631360054016113 5.649792194366455 7.473536014556885 5.868927955627441 5.848095893859863 5.854656219482422 5.854400157928467 5.846047878265381 5.823552131652832 5.820159912109375 
10.711423873901367 7.7782721519470215 7.779903888702393 7.766016006469727 7.761951923370361 7.739552021026611 7.765471935272217 7.790207862854004 8.265824317932129 8.033056259155273 8.034879684448242 7.925504207611084 7.852543830871582 7.969600200653076 8.119071960449219 8.007424354553223 
10.040575981140137 7.772672176361084 7.761343955993652 7.771071910858154 7.764287948608398 7.7717437744140625 7.779359817504883 7.805056095123291 8.11251163482666 8.047455787658691 7.924160003662109 7.881279945373535 8.030207633972168 8.03929615020752 7.945919990539551 7.881087779998779 
11.318559646606445 7.7824320793151855 7.756576061248779 7.790304183959961 7.799007892608643 7.7873921394348145 7.77235221862793 7.80131196975708 8.570688247680664 7.943424224853516 7.983039855957031 7.880928039550781 8.021632194519043 7.946047782897949 7.911968231201172 7.84662389755249 
10.854656219482422 7.788640022277832 7.774720191955566 7.782656192779541 7.787168025970459 7.7784318923950195 7.7790398597717285 7.83625602722168 8.16857624053955 7.997280120849609 7.8830718994140625 7.8679680824279785 7.82809591293335 7.962656021118164 7.95414400100708 7.929247856140137 
12.792703628540039 7.782144069671631 7.816864013671875 7.75705623626709 7.798111915588379 7.8496317863464355 7.825503826141357 7.880320072174072 8.366592407226562 7.9779839515686035 7.883967876434326 7.922848224639893 8.07151985168457 7.952832221984863 7.898079872131348 7.886720180511475 
10.606816291809082 7.783584117889404 7.806303977966309 7.796800136566162 7.784319877624512 7.783616065979004 7.81001615524292 7.935743808746338 8.081727981567383 7.964767932891846 7.873248100280762 7.965856075286865 8.020895957946777 8.084992408752441 7.924160003662109 7.922624111175537 
11.27462387084961 7.781280040740967 7.773759841918945 7.7699198722839355 7.772416114807129 7.786816120147705 7.774496078491211 7.8730878829956055 8.363295555114746 7.947840213775635 7.8679680824279785 7.898687839508057 7.947487831115723 7.903071880340576 7.974783897399902 7.954400062561035 
12.131999969482422 7.767327785491943 7.7554240226745605 7.783103942871094 7.7690558433532715 7.828959941864014 7.793856143951416 7.87824010848999 8.104960441589355 7.818304061889648 7.851583957672119 8.10905647277832 8.076671600341797 7.938015937805176 7.9273600578308105 7.936960220336914 
13.203583717346191 7.765312194824219 7.779200077056885 7.771615982055664 7.778336048126221 7.788544178009033 7.772319793701172 7.836287975311279 8.240608215332031 7.890783786773682 7.958655834197998 7.902431964874268 7.867040157318115 7.827648162841797 8.02575969696045 8.049663543701172 
11.692416191101074 7.765823841094971 7.783135890960693 7.797887802124023 7.811999797821045 7.786367893218994 7.796095848083496 7.834591865539551 8.061823844909668 7.8209919929504395 7.813151836395264 8.04047966003418 8.030976295471191 7.894720077514648 7.848447799682617 7.891168117523193 
25.64019203186035 21.044416427612305 21.506591796875 21.941696166992188 21.883968353271484 21.905887603759766 21.61555290222168 21.58233642578125 26.295360565185547 21.947647094726562 21.61382484436035 22.111520767211914 21.658079147338867 21.660064697265625 21.63724708557129 22.119007110595703 
35.86057662963867 21.232831954956055 21.449504852294922 21.596736907958984 21.63849639892578 21.673023223876953 21.854848861694336 22.285663604736328 25.36809539794922 22.01241683959961 21.494943618774414 21.873727798461914 22.08185577392578 21.966272354125977 21.722431182861328 22.20844841003418 
33.8070068359375 21.343103408813477 21.40937614440918 21.931455612182617 22.089792251586914 22.106687545776367 22.0053768157959 21.848575592041016 25.873600006103516 21.807167053222656 21.840576171875 21.97260856628418 21.88764762878418 21.98409652709961 21.79030418395996 22.03398323059082 
35.833473205566406 21.25334358215332 21.31987190246582 21.6843204498291 21.696704864501953 22.146751403808594 22.207839965820312 22.278656005859375 26.924415588378906 22.138816833496094 21.941791534423828 21.564287185668945 21.782623291015625 21.633888244628906 22.160640716552734 21.99523162841797 
33.793087005615234 21.198720932006836 21.881088256835938 21.873727798461914 22.02681541442871 21.797983169555664 21.655263900756836 21.714208602905273 26.04364776611328 21.914623260498047 21.765600204467773 22.15056037902832 21.60041618347168 21.903039932250977 21.594751358032227 22.265567779541016 
31.662784576416016 21.19286346435547 21.857152938842773 21.844512939453125 21.9204158782959 21.782880783081055 21.832319259643555 21.802623748779297 26.087871551513672 22.0263671875 21.674720764160156 22.00636863708496 21.90755271911621 21.821664810180664 21.501216888427734 22.154848098754883 
31.633087158203125 21.285728454589844 21.196063995361328 21.297760009765625 21.556575775146484 21.753311157226562 22.16080093383789 22.656160354614258 25.3832950592041 21.833984375 21.68726348876953 21.958431243896484 21.66716766357422 21.9400634765625 21.689760208129883 22.13654327392578 
37.91904067993164 21.207935333251953 21.249568939208984 21.619712829589844 21.714879989624023 21.838560104370117 21.96009635925293 22.275680541992188 25.88412857055664 21.731647491455078 22.074464797973633 21.746112823486328 21.813119888305664 21.67478370666504 21.959487915039062 22.02684783935547 
34.82486343383789 21.25699234008789 21.340160369873047 21.929855346679688 21.99158477783203 21.968448638916016 21.887327194213867 21.986751556396484 25.361248016357422 21.71286392211914 21.912031173706055 22.050207138061523 21.988256454467773 21.603679656982422 21.974271774291992 21.758752822875977 
31.683103561401367 21.213056564331055 21.37936019897461 21.63577651977539 21.620319366455078 21.814624786376953 21.611648559570312 21.80352020263672 25.8022403717041 21.7357120513916 22.00828742980957 21.813312530517578 22.046783447265625 21.8786563873291 21.77996826171875 22.429407119750977 
59.47267150878906 25.368127822875977 25.76697540283203 26.980224609375 26.60588836669922 26.379487991333008 26.657855987548828 26.39779281616211 30.829280853271484 26.155487060546875 26.421056747436523 26.21955108642578 25.858688354492188 25.90755271911621 25.942495346069336 26.149824142456055 
27.275104522705078 26.751840591430664 28.042911529541016 28.082624435424805 27.491968154907227 28.097280502319336 874.0855102539062 270.4158630371094 32.947425842285156 27.185375213623047 27.13920021057129 27.29267120361328 27.1112003326416 27.046464920043945 27.252063751220703 27.22060775756836 
40.48566436767578 25.83580780029297 26.064159393310547 26.15999984741211 26.641536712646484 56.71209716796875 42.5813102722168 25.33852767944336 30.006175994873047 25.889984130859375 26.041343688964844 25.88812828063965 26.443008422851562 25.872159957885742 26.11020851135254 26.54649543762207 
27.407487869262695 26.81167984008789 27.11408042907715 27.66646385192871 27.523391723632812 28.65737533569336 960.4708862304688 415.17156982421875 33.1899528503418 27.05513572692871 26.981599807739258 27.253408432006836 27.01068878173828 26.900575637817383 27.534208297729492 27.399999618530273 
40.55587387084961 25.933792114257812 26.128511428833008 26.051904678344727 26.513952255249023 150.8231964111328 25.318431854248047 25.54956817626953 31.167200088500977 25.869983673095703 25.778751373291016 25.984384536743164 26.111167907714844 25.779136657714844 26.80847930908203 26.128320693969727 
27.475008010864258 26.761184692382812 27.75142478942871 27.46771240234375 28.08415985107422 27.94060707092285 709.4041137695312 462.4395446777344 33.09596633911133 26.994495391845703 27.01865577697754 27.942432403564453 26.989599227905273 26.96563148498535 27.71299171447754 27.230016708374023 
41.57174301147461 25.288448333740234 25.49331283569336 26.74412727355957 36.774784088134766 84.71942138671875 44.80192184448242 25.224096298217773 30.18988800048828 25.78643226623535 25.889055252075195 26.30396842956543 26.544384002685547 26.19705581665039 25.846879959106445 25.823423385620117 
27.11609649658203 27.50921630859375 27.443199157714844 27.35852813720703 27.869600296020508 27.492416381835938 298.7364807128906 991.6979370117188 31.982784271240234 26.99577522277832 26.918624877929688 27.244640350341797 28.08687973022461 26.975135803222656 27.280736923217773 27.128511428833008 
42.629249572753906 25.301759719848633 25.590816497802734 25.78326416015625 26.795455932617188 153.2118682861328 25.205951690673828 25.584863662719727 30.408767700195312 26.235328674316406 26.11942481994629 25.78211212158203 25.773727416992188 26.173791885375977 26.076927185058594 26.102272033691406 
27.00864028930664 26.95078468322754 27.280160903930664 27.746944427490234 27.567487716674805 27.88902473449707 564.7545166015625 575.833740234375 31.643007278442383 26.837120056152344 27.465408325195312 26.837696075439453 27.31715202331543 26.924320220947266 26.849119186401367 27.590784072875977 
40.57673645019531 25.34009552001953 25.402368545532227 26.353439331054688 26.335071563720703 151.12754821777344 25.215551376342773 25.400480270385742 30.263168334960938 26.32758331298828 25.887327194213867 25.855648040771484 26.037023544311523 25.975296020507812 26.201568603515625 26.620223999023438 
27.180767059326172 27.43270492553711 27.60585594177246 27.23299217224121 27.417407989501953 27.91974449157715 1145.1243896484375 142.83811950683594 31.75702476501465 27.043743133544922 27.562175750732422 27.042015075683594 27.12067222595215 27.086240768432617 26.93199920654297 27.531551361083984 
40.49817657470703 25.904159545898438 26.132064819335938 26.183744430541992 26.547903060913086 32.821407318115234 95.6165771484375 25.35955238342285 30.224384307861328 25.700992584228516 25.552255630493164 25.904096603393555 26.165855407714844 26.249919891357422 26.14998435974121 26.228607177734375 
27.229631423950195 26.94223976135254 27.35807991027832 27.577119827270508 27.78748893737793 27.810176849365234 291.3553466796875 989.109375 33.57843017578125 27.128320693969727 27.030431747436523 26.920095443725586 27.189311981201172 28.050432205200195 26.905471801757812 27.707008361816406 
40.55036926269531 25.425344467163086 25.50704002380371 26.410144805908203 26.72015953063965 152.02029418945312 25.199199676513672 25.365888595581055 29.946495056152344 26.12704086303711 26.017343521118164 26.211519241333008 25.796031951904297 25.711231231689453 25.926496505737305 26.114784240722656 
27.20479965209961 26.915807723999023 27.354400634765625 27.63408088684082 27.287391662597656 27.16499137878418 292.3436584472656 858.382080078125 32.11772918701172 27.388896942138672 26.993087768554688 27.33558464050293 26.90764808654785 27.10598373413086 27.77052879333496 27.143583297729492 
41.5623664855957 25.72969627380371 25.904735565185547 26.243520736694336 27.068607330322266 33.525184631347656 105.07791900634766 25.259775161743164 30.48886489868164 26.142112731933594 26.643327713012695 25.728544235229492 25.915199279785156 25.999679565429688 26.081087112426758 26.206815719604492 
27.56012725830078 26.75049591064453 27.997600555419922 27.962080001831055 27.448448181152344 27.601919174194336 1237.78564453125 142.73977661132812 32.128543853759766 26.910175323486328 27.11017608642578 27.404640197753906 27.139232635498047 27.23379135131836 26.87398338317871 27.76972770690918 
41.60038375854492 25.3189754486084 25.78873634338379 26.55891227722168 26.93132781982422 144.6564178466797 25.26473617553711 25.228063583374023 30.71990394592285 25.786975860595703 26.04854393005371 25.886751174926758 26.11471939086914 26.062015533447266 26.390975952148438 26.29203224182129 
27.22047996520996 27.3275203704834 27.554719924926758 27.272192001342773 28.13488006591797 27.993152618408203 1012.9212036132812 282.3355712890625 31.973567962646484 26.96329689025879 27.583904266357422 27.416351318359375 27.532928466796875 27.005727767944336 27.043519973754883 27.5883846282959 
45.013248443603516 32.20841598510742 32.674495697021484 33.766334533691406 102.40739440917969 38.476158142089844 31.541568756103516 32.37299346923828 36.890689849853516 32.11280059814453 32.29417419433594 31.958112716674805 32.443424224853516 32.46063995361328 32.184608459472656 33.764225006103516 
27.944095611572266 56.90729522705078 310.09906005859375 216.6922607421875 334.337646484375 50.59244918823242 249.72674560546875 34.03468704223633 32.908287048339844 28.328479766845703 28.211936950683594 28.35625648498535 28.127967834472656 28.09539222717285 28.295808792114258 28.788448333740234 
43.956417083740234 31.90595245361328 32.880863189697266 32.5849609375 33.31270217895508 33.426273345947266 34.16281509399414 32.99184036254883 37.21033477783203 32.36547088623047 32.06480026245117 32.18620681762695 32.57542419433594 32.11369705200195 32.41865539550781 31.828319549560547 
28.241695404052734 64.02738952636719 307.0940856933594 398.4355773925781 202.06253051757812 237.0114288330078 27.466943740844727 66.57939147949219 32.184513092041016 28.408544540405273 28.049760818481445 28.69081687927246 28.0185604095459 28.741151809692383 28.228384017944336 28.42255973815918 
43.88751983642578 32.180320739746094 32.38991928100586 33.1255989074707 33.202720642089844 34.04313659667969 33.01356887817383 32.78246307373047 38.323646545410156 32.2507209777832 32.01308822631836 33.00697708129883 31.91721534729004 31.96883201599121 32.596160888671875 31.945215225219727 
28.041248321533203 61.69443130493164 303.0887756347656 401.8578796386719 190.90264892578125 31.7761287689209 230.2250518798828 68.96556854248047 33.257537841796875 28.270431518554688 28.51897621154785 28.275999069213867 28.552703857421875 28.174911499023438 28.557151794433594 28.17238426208496 
42.85113525390625 32.09142303466797 32.198814392089844 32.68307113647461 33.357086181640625 34.0807991027832 33.22079849243164 33.08620834350586 38.38959884643555 32.29740905761719 32.12303924560547 31.813695907592773 32.44358444213867 31.958656311035156 32.095584869384766 32.132606506347656 
28.055967330932617 65.25145721435547 302.8299865722656 225.20407104492188 183.23904418945312 184.88636779785156 50.78742218017578 223.00332641601562 33.87113571166992 28.346336364746094 28.28665542602539 28.448863983154297 27.874624252319336 28.61155128479004 28.2923526763916 28.455808639526367 
44.007713317871094 32.68230438232422 33.26406478881836 33.01728057861328 33.11280059814453 33.27097702026367 33.63862228393555 33.7916145324707 38.69862365722656 31.97747230529785 32.930145263671875 32.048160552978516 32.31001663208008 31.84182357788086 31.980159759521484 32.444095611572266 
28.070016860961914 31.106624603271484 40.826847076416016 297.31768798828125 225.1829071044922 326.8531188964844 35.0926399230957 251.28807067871094 31.834463119506836 28.280351638793945 28.59097671508789 28.049375534057617 28.678720474243164 28.134048461914062 28.636831283569336 28.43987274169922 
43.993247985839844 32.09120178222656 32.21318435668945 33.16563034057617 33.48886489868164 33.6776008605957 32.98448181152344 33.159263610839844 38.01980972290039 32.32310485839844 32.07344055175781 32.13334274291992 32.404544830322266 32.1978874206543 32.42387390136719 32.384544372558594 
27.962623596191406 59.22636795043945 306.8174743652344 398.7074279785156 205.86099243164062 247.54368591308594 80.2965087890625 27.339584350585938 33.008766174316406 28.40540885925293 28.2674560546875 28.342559814453125 28.040544509887695 28.832447052001953 28.09391975402832 28.4652156829834 
44.058494567871094 32.42988967895508 33.24089431762695 33.904991149902344 34.065025329589844 33.23289489746094 32.80598449707031 32.75580978393555 38.159393310546875 31.798336029052734 32.11040115356445 32.664512634277344 32.09523010253906 32.035423278808594 32.264095306396484 31.988224029541016 
28.144031524658203 55.3133430480957 313.9241638183594 231.40322875976562 194.4586181640625 180.0113983154297 29.833599090576172 230.27865600585938 32.51871871948242 28.470176696777344 28.315807342529297 28.51945686340332 27.93222427368164 28.113216400146484 28.517919540405273 27.946495056152344 
43.95036697387695 31.81920051574707 32.313568115234375 33.38742446899414 33.44044876098633 33.9381103515625 33.774017333984375 33.19398498535156 39.55043029785156 31.889408111572266 32.26812744140625 32.488033294677734 31.98863983154297 31.967391967773438 32.252960205078125 32.11804962158203 
28.107872009277344 61.55241775512695 296.17401123046875 397.0058898925781 186.75155639648438 31.93187141418457 232.68899536132812 67.48323059082031 31.412799835205078 28.344959259033203 28.114112854003906 29.25107192993164 28.173023223876953 28.632863998413086 28.131744384765625 28.158239364624023 
43.96873474121094 31.897823333740234 32.88991928100586 33.054752349853516 32.70851135253906 33.267391204833984 33.466590881347656 33.27804946899414 39.61145782470703 32.12428665161133 32.34422302246094 32.03705596923828 32.37590408325195 32.06886291503906 32.21894454956055 32.362335205078125 
28.05776023864746 66.3980484008789 295.032958984375 398.2325134277344 198.0184326171875 235.18316650390625 31.534975051879883 67.78089904785156 32.49747085571289 28.524320602416992 28.12998390197754 28.281824111938477 28.243488311767578 28.29190444946289 28.427711486816406 28.15500831604004 
43.90809631347656 32.679359436035156 32.49420928955078 32.7308464050293 33.72041702270508 32.93743896484375 33.321407318115234 34.13452911376953 38.11004638671875 32.070465087890625 32.084224700927734 31.93129539489746 32.70182418823242 32.104801177978516 32.120609283447266 32.486305236816406 
27.969343185424805 65.55193328857422 302.5742492675781 224.75535583496094 183.6544647216797 168.68202209472656 29.897279739379883 249.57862854003906 33.45782470703125 28.047168731689453 28.980863571166992 28.087488174438477 28.55062484741211 27.94620704650879 28.145376205444336 28.202848434448242 
24.06470489501953 18.724384307861328 18.807775497436523 19.035776138305664 68.86812591552734 18.758432388305664 18.98204803466797 65.98153686523438 21.920927047729492 19.673152923583984 19.19286346435547 19.580991744995117 19.598400115966797 19.244831085205078 19.156543731689453 18.847936630249023 
14.626432418823242 14.383071899414062 14.411295890808105 14.561152458190918 14.515839576721191 14.683263778686523 14.780799865722656 14.747967720031738 16.22774314880371 25.387487411499023 14.36950397491455 14.544416427612305 15.25216007232666 15.14303970336914 14.951744079589844 14.56332778930664 
66.5940170288086 18.67308807373047 18.705312728881836 19.07792091369629 19.070783615112305 19.238048553466797 19.568927764892578 19.568767547607422 22.74515151977539 20.005504608154297 19.45724868774414 19.327808380126953 19.073471069335938 19.467039108276367 19.305952072143555 19.52275276184082 
14.584320068359375 14.382304191589355 14.400799751281738 14.43331241607666 14.556960105895996 14.548895835876465 14.579615592956543 14.730208396911621 17.436416625976562 16.388479232788086 14.602272033691406 15.007871627807617 14.814240455627441 14.675871849060059 14.6211519241333 14.576319694519043 
64.33990478515625 18.700672149658203 18.840831756591797 18.981887817382812 19.293439865112305 19.37455940246582 19.23708724975586 19.2043514251709 22.28780746459961 19.365280151367188 19.3221435546875 19.26780891418457 19.53241539001465 19.393983840942383 19.460384368896484 19.00841522216797 
19.173023223876953 14.291520118713379 14.403936386108398 14.454527854919434 14.475935935974121 14.618911743164062 14.642399787902832 14.71993637084961 16.303871154785156 15.421088218688965 14.828543663024902 14.695391654968262 14.821344375610352 15.21225643157959 15.087264060974121 14.707551956176758 
61.1940803527832 18.685344696044922 18.674175262451172 18.744831085205078 19.10883140563965 19.108352661132812 19.134719848632812 19.621248245239258 25.016191482543945 19.784223556518555 19.383424758911133 19.82828712463379 19.36319923400879 19.04105567932129 19.634592056274414 19.67840003967285 
14.727168083190918 14.394944190979004 14.512031555175781 14.568991661071777 14.535807609558105 14.54419231414795 14.5600004196167 14.690752029418945 16.888320922851562 18.257728576660156 14.506815910339355 14.765791893005371 14.5381441116333 14.936863899230957 14.453503608703613 14.549599647521973 
66.43084716796875 18.616735458374023 18.6876163482666 18.85526466369629 18.892000198364258 19.173311233520508 19.150367736816406 19.288991928100586 21.28019142150879 19.433183670043945 18.988351821899414 19.111263275146484 18.975072860717773 19.599584579467773 19.261247634887695 19.278207778930664 
17.579103469848633 14.456095695495605 14.514464378356934 14.723135948181152 14.575008392333984 14.544608116149902 14.57759952545166 14.72492790222168 17.695552825927734 15.215935707092285 14.494720458984375 14.779295921325684 15.019968032836914 14.872096061706543 14.667872428894043 14.660127639770508 
64.33586883544922 18.68396759033203 18.68284797668457 18.806560516357422 18.96086311340332 18.93280029296875 18.948640823364258 19.711776733398438 23.151840209960938 19.67568016052246 19.2825927734375 19.313600540161133 19.354015350341797 19.234560012817383 19.092159271240234 19.706815719604492 
15.828607559204102 14.303711891174316 14.297760009765625 14.58944034576416 14.461471557617188 14.524064064025879 14.568351745605469 14.591520309448242 17.67737579345703 15.531328201293945 15.006879806518555 14.50387191772461 14.851391792297363 15.012960433959961 15.247872352600098 14.710592269897461 
70.78441619873047 18.657855987548828 18.61452865600586 18.70515251159668 18.902080535888672 18.986591339111328 19.08639907836914 19.166688919067383 22.143775939941406 19.66592025756836 19.248031616210938 19.459423065185547 19.293119430541992 19.369823455810547 19.45952033996582 18.952159881591797 
16.9215030670166 14.38265609741211 14.386015892028809 14.53974437713623 14.55014419555664 14.95081615447998 15.059167861938477 14.896544456481934 18.09164810180664 15.160256385803223 14.571552276611328 14.873503684997559 14.883456230163574 15.300959587097168 15.190496444702148 14.77609634399414 
45.603614807128906 18.69913673400879 19.040063858032227 18.660608291625977 18.726720809936523 19.237152099609375 19.175487518310547 19.515552520751953 22.647232055664062 19.34707260131836 19.07427215576172 19.484928131103516 19.379520416259766 19.19811248779297 19.15830421447754 19.260704040527344 
15.052000045776367 14.357664108276367 14.541119575500488 14.535743713378906 14.529088020324707 14.48857593536377 14.50387191772461 14.71235179901123 16.943008422851562 16.74367904663086 14.999263763427734 14.682880401611328 14.653984069824219 15.111968040466309 14.567359924316406 14.840415954589844 
72.73312377929688 18.648319244384766 18.698623657226562 18.62588882446289 18.688352584838867 19.113567352294922 19.015647888183594 19.185375213623047 23.404064178466797 19.39151954650879 19.169567108154297 19.23366355895996 19.434816360473633 19.67068862915039 19.119264602661133 19.24323272705078 
14.703935623168945 14.403743743896484 14.356736183166504 14.63811206817627 14.675071716308594 14.58358383178711 14.513855934143066 14.616800308227539 18.73664093017578 15.45695972442627 14.744064331054688 14.464320182800293 14.699456214904785 14.642911911010742 15.509984016418457 14.679136276245117 
68.69161224365234 18.627456665039062 18.721120834350586 19.002784729003906 19.248319625854492 19.1757755279541 19.234975814819336 19.765216827392578 22.81715202331543 19.52889633178711 19.62883186340332 19.39094352722168 19.375167846679688 19.217599868774414 19.22876739501953 19.510400772094727 
14.54537582397461 14.365471839904785 14.378911972045898 14.373215675354004 14.434080123901367 14.809056282043457 14.671744346618652 14.98742389678955 17.1878719329834 15.275391578674316 15.197600364685059 14.451616287231445 14.890111923217773 14.890656471252441 15.286080360412598 14.7193603515625 
79.7772445678711 31.197919845581055 31.611072540283203 31.13408088684082 31.471168518066406 32.64131164550781 32.327903747558594 32.40220642089844 36.270206451416016 31.59119987487793 31.405311584472656 31.036832809448242 31.971647262573242 32.891841888427734 32.38300704956055 32.3039665222168 
63.290977478027344 31.049312591552734 31.378751754760742 32.1541748046875 31.766559600830078 32.34195327758789 32.84307098388672 32.188961029052734 35.895774841308594 32.25779342651367 32.14543914794922 32.29836654663086 32.565982818603516 32.205665588378906 31.94870376586914 32.652671813964844 
61.01484680175781 31.391935348510742 32.642112731933594 32.4192008972168 31.819232940673828 31.2969913482666 32.18387222290039 39.35862350463867 41.5082893371582 31.177024841308594 31.637056350708008 31.53241539001465 32.936607360839844 31.569664001464844 32.11337661743164 32.58319854736328 
58.85299301147461 31.289344787597656 31.293535232543945 31.663040161132812 31.785568237304688 32.87859344482422 32.78704071044922 36.5055046081543 40.03055953979492 31.736032485961914 31.52787208557129 31.3472957611084 31.423168182373047 31.743871688842773 32.47081756591797 32.154720306396484 
65.33609771728516 31.392799377441406 32.439998626708984 32.12956619262695 32.261409759521484 32.95878219604492 32.8185920715332 31.773183822631836 35.41846466064453 31.03011131286621 31.474367141723633 31.891775131225586 31.441120147705078 32.77791976928711 32.53996658325195 32.53219223022461 
63.090816497802734 31.34841537475586 30.898880004882812 31.26483154296875 31.94620704650879 32.55315017700195 32.45423889160156 32.46003341674805 41.332801818847656 31.31612777709961 31.41561508178711 32.1478385925293 32.10383987426758 31.940351486206055 33.04502487182617 32.227264404296875 
65.41875457763672 30.7673282623291 31.98192024230957 32.46150588989258 32.3350715637207 31.987071990966797 32.05980682373047 31.931392669677734 40.25676727294922 32.21187210083008 32.14108657836914 32.56499099731445 32.314048767089844 31.647071838378906 31.391551971435547 31.291744232177734 
61.00582504272461 31.426624298095703 32.35715103149414 31.947872161865234 32.03456115722656 32.79030227661133 32.9068489074707 32.36860656738281 40.06835174560547 31.77574348449707 32.30527877807617 32.71894454956055 32.591617584228516 32.35184097290039 32.192222595214844 31.61609649658203 
63.10291290283203 31.36400032043457 32.24915313720703 32.4488639831543 32.25948715209961 32.066688537597656 32.3197135925293 31.744640350341797 39.247711181640625 31.482879638671875 31.43529510498047 31.564735412597656 32.42502212524414 32.315006256103516 32.18483352661133 32.324928283691406 
67.34009552001953 31.382720947265625 31.158527374267578 32.99705505371094 32.241214752197266 32.68998336791992 32.92784118652344 31.65648078918457 38.82444763183594 31.159072875976562 31.344863891601562 31.79097557067871 32.77372741699219 32.44790267944336 32.22905731201172 32.24979019165039 
35.032161712646484 20.039648056030273 20.23334312438965 20.60527992248535 20.625791549682617 20.536800384521484 20.356735229492188 79.59171295166016 21.83407974243164 20.78995132446289 20.424991607666016 20.97439956665039 20.96112060546875 21.151615142822266 21.043872833251953 20.89580726623535 
24.533119201660156 24.316831588745117 24.236352920532227 23.989152908325195 23.71820831298828 23.850496292114258 28.68160057067871 23.757535934448242 29.42243194580078 23.800416946411133 23.984895706176758 25.322399139404297 23.938079833984375 23.28950309753418 23.679424285888672 89.62351989746094 
37.16563034057617 19.998559951782227 19.946144104003906 20.38640022277832 179.34719848632812 20.0152645111084 20.078367233276367 20.326208114624023 24.509056091308594 20.839168548583984 20.749664306640625 20.994144439697266 21.031360626220703 21.39619255065918 21.31123161315918 20.577407836914062 
23.97283172607422 23.904447555541992 23.937952041625977 23.721887588500977 23.567808151245117 23.83452796936035 24.47203254699707 24.53273582458496 28.165664672851562 23.988224029541016 23.840351104736328 23.4899845123291 23.843551635742188 24.17100715637207 24.047903060913086 94.65913391113281 
35.07596969604492 19.95110321044922 20.367488861083984 20.87900733947754 184.772705078125 20.050975799560547 20.02288055419922 20.373727798461914 23.818592071533203 21.107263565063477 21.16383934020996 21.34899139404297 20.766944885253906 20.696640014648438 20.708415985107422 20.658815383911133 
23.532991409301758 23.625503540039062 23.81804847717285 23.669567108154297 23.51251220703125 24.30019187927246 30.723968505859375 23.826976776123047 28.06764793395996 23.859264373779297 23.6997127532959 23.930208206176758 23.892255783081055 23.536352157592773 23.931455612182617 90.8661117553711 
37.13587188720703 19.988767623901367 19.977951049804688 20.289663314819336 184.70297241210938 19.99830436706543 20.122783660888672 20.549663543701172 23.861568450927734 20.85468864440918 20.351680755615234 21.00707244873047 21.23161506652832 21.244672775268555 20.87468719482422 20.460960388183594 
23.908096313476562 23.694623947143555 23.97113609313965 23.872928619384766 23.773792266845703 23.867712020874023 30.93414306640625 23.81782341003418 27.47225570678711 24.103679656982422 23.961151123046875 23.949567794799805 23.736000061035156 23.884031295776367 23.891647338867188 94.49929809570312 
36.10969543457031 19.976608276367188 20.25961685180664 20.702463150024414 181.9073944091797 20.000608444213867 20.083263397216797 20.269023895263672 24.833759307861328 21.636608123779297 20.561119079589844 20.472864151000977 20.750816345214844 20.678752899169922 20.869056701660156 21.246688842773438 
24.75721549987793 23.58006477355957 23.483903884887695 24.48099136352539 24.477312088012695 23.858047485351562 23.655935287475586 23.99724769592285 28.488384246826172 23.67145538330078 24.07049560546875 24.042783737182617 23.641056060791016 23.59596824645996 23.950496673583984 90.31257629394531 
34.01308822631836 19.997760772705078 19.975839614868164 20.14339256286621 190.06243896484375 20.010784149169922 20.214080810546875 20.31270408630371 24.487775802612305 21.047040939331055 20.89638328552246 21.338623046875 20.843040466308594 20.952287673950195 20.885440826416016 20.56982421875 
23.936800003051758 23.87833595275879 23.720224380493164 23.58687973022461 23.534303665161133 23.691072463989258 29.47113609313965 23.666112899780273 26.869632720947266 24.066144943237305 23.462879180908203 23.853408813476562 24.14169692993164 23.869792938232422 24.023712158203125 91.15401458740234 
37.13897705078125 19.944000244140625 20.01113510131836 20.23311996459961 182.6727294921875 20.05843162536621 20.0402889251709 20.230207443237305 24.592416763305664 20.649728775024414 20.693056106567383 20.854623794555664 20.867456436157227 21.200735092163086 21.788799285888672 20.658687591552734 
23.450016021728516 23.562463760375977 24.367616653442383 24.39913558959961 23.925151824951172 23.626623153686523 24.00966453552246 24.538848876953125 27.161855697631836 23.853727340698242 23.514591217041016 24.04150390625 23.511423110961914 23.665376663208008 24.221696853637695 92.07081604003906 
35.02348709106445 19.972448348999023 19.988895416259766 20.080032348632812 182.85061645507812 20.03708839416504 20.007808685302734 20.32428741455078 23.76892852783203 21.006431579589844 20.899391174316406 21.20412826538086 21.482208251953125 20.756479263305664 20.523679733276367 20.68828773498535 
23.938304901123047 23.87276840209961 23.890655517578125 23.529983520507812 23.486623764038086 23.75071907043457 24.246240615844727 24.302719116210938 28.720703125 23.867328643798828 23.642976760864258 24.05414390563965 24.185504913330078 24.173824310302734 24.088224411010742 98.7278060913086 
37.124000549316406 19.96828842163086 20.01318359375 20.011743545532227 179.72723388671875 20.002399444580078 20.178592681884766 20.524288177490234 24.398271560668945 21.10915184020996 20.593568801879883 20.743743896484375 21.420927047729492 20.599679946899414 20.814592361450195 20.694047927856445 
23.9006404876709 23.52617645263672 23.479232788085938 23.39583969116211 23.694944381713867 24.496383666992188 25.0020809173584 24.071807861328125 27.76268768310547 23.86944007873535 23.85273551940918 25.28985595703125 23.87727928161621 23.464000701904297 23.727264404296875 92.68921661376953 
31.898048400878906 19.976255416870117 19.975200653076172 20.063392639160156 199.62547302246094 20.005407333374023 20.027807235717773 19.97318458557129 23.328256607055664 20.81929588317871 21.042400360107422 21.180160522460938 22.157087326049805 20.83888053894043 20.552703857421875 20.705888748168945 
24.050432205200195 23.587135314941406 23.599584579467773 23.412511825561523 23.446271896362305 23.580575942993164 24.466976165771484 24.492544174194336 27.241600036621094 23.91231918334961 23.70854377746582 23.625823974609375 24.016895294189453 24.123424530029297 24.493087768554688 91.50991821289062 
46.32080078125 29.094655990600586 207.98165893554688 28.286239624023438 28.437440872192383 22.07030487060547 21.915775299072266 22.566560745239258 30.146751403808594 22.52288055419922 22.515615463256836 22.755264282226562 22.485824584960938 22.57980728149414 22.68489646911621 22.55414390563965 
21.253408432006836 20.921279907226562 20.98431968688965 21.084064483642578 21.038944244384766 21.12291145324707 21.19811248779297 21.24336051940918 25.070175170898438 21.40924835205078 21.37276840209961 21.897151947021484 21.2455997467041 21.652544021606445 21.810272216796875 21.2739200592041 
51.56924819946289 29.086271286010742 28.91814422607422 106.7159652709961 28.374975204467773 28.62985610961914 29.313535690307617 25.540544509887695 28.4354248046875 22.621152877807617 22.716096878051758 22.71353530883789 22.564735412597656 22.709535598754883 22.63916778564453 22.536767959594727 
21.285503387451172 21.149152755737305 21.3417911529541 21.455551147460938 21.495359420776367 21.28246307373047 21.319135665893555 21.230560302734375 25.580352783203125 21.366655349731445 21.115232467651367 21.29270362854004 21.610559463500977 21.1343994140625 21.461984634399414 21.497600555419922 
51.51084899902344 29.2359676361084 123.9158706665039 29.464128494262695 29.547775268554688 29.406719207763672 29.624479293823242 22.904735565185547 28.213151931762695 22.28156852722168 22.520160675048828 22.797632217407227 22.562335968017578 22.926111221313477 22.612991333007812 22.761024475097656 
21.4682559967041 21.077184677124023 21.125247955322266 21.11452865600586 21.081951141357422 21.039583206176758 21.049983978271484 21.081472396850586 24.411968231201172 21.347936630249023 21.395263671875 21.26700782775879 21.475168228149414 21.837919235229492 21.35366439819336 21.490528106689453 
50.46870422363281 29.118335723876953 120.92806243896484 31.517087936401367 28.408447265625 28.428735733032227 28.59187126159668 22.209375381469727 25.02524757385254 22.43961524963379 22.61097526550293 22.46668815612793 22.58880043029785 22.584224700927734 22.635744094848633 23.124128341674805 
21.246816635131836 21.082048416137695 21.233152389526367 21.211328506469727 21.221567153930664 21.097728729248047 21.268991470336914 21.300064086914062 25.048927307128906 21.468704223632812 21.34726333618164 21.327167510986328 21.46883201599121 21.627199172973633 21.375551223754883 21.507936477661133 
45.240577697753906 30.190431594848633 121.85040283203125 29.445247650146484 28.574016571044922 30.344640731811523 28.513568878173828 23.136287689208984 28.398496627807617 22.5546875 22.459423065185547 22.5295352935791 22.72256088256836 22.60585594177246 22.555007934570312 22.871007919311523 
21.294431686401367 20.94121551513672 21.11414337158203 21.123872756958008 21.398080825805664 21.465120315551758 21.62019157409668 22.038911819458008 24.78054428100586 21.30544090270996 21.46556854248047 22.224384307861328 21.26211166381836 21.343263626098633 22.10095977783203 21.2872314453125 
48.35286331176758 29.150848388671875 29.519296646118164 125.96947479248047 28.398303985595703 28.48828887939453 28.437152862548828 22.18070411682129 28.07263946533203 22.384544372558594 22.653696060180664 22.725759506225586 22.464096069335938 22.62281608581543 22.853567123413086 22.570655822753906 
21.531007766723633 21.034719467163086 21.027584075927734 21.154687881469727 21.164064407348633 21.161279678344727 21.201791763305664 21.266464233398438 24.27859115600586 21.46623992919922 21.2708797454834 21.400896072387695 21.435327529907227 21.346752166748047 22.614463806152344 21.39583969116211 
49.45062255859375 29.084352493286133 136.559814453125 29.491615295410156 28.468704223632812 29.440223693847656 28.282495498657227 22.190336227416992 30.22870445251465 22.512767791748047 22.570079803466797 22.745439529418945 22.531423568725586 22.582399368286133 22.891263961791992 22.409055709838867 
21.302976608276367 21.40924835205078 21.56287956237793 21.785568237304688 21.828672409057617 21.999263763427734 21.678335189819336 21.41209602355957 24.833951950073242 21.398815155029297 21.4169921875 21.055551528930664 21.520191192626953 21.363967895507812 21.36310386657715 21.46723175048828 
51.56105422973633 30.19491195678711 29.612159729003906 109.03075408935547 29.529151916503906 28.427711486816406 30.015167236328125 27.393856048583984 27.31279945373535 22.53046417236328 22.94723129272461 23.130239486694336 22.617984771728516 22.605440139770508 22.49724769592285 22.71161651611328 
21.35628890991211 20.93129539489746 21.11311912536621 21.091712951660156 21.05878448486328 21.31350326538086 21.345312118530273 21.342239379882812 24.849599838256836 21.498048782348633 21.044639587402344 21.341472625732422 21.285600662231445 21.453439712524414 21.27996826171875 21.368736267089844 
48.41747283935547 29.09903907775879 30.492704391479492 113.45391845703125 28.37116813659668 29.51148796081543 28.396160125732422 22.33852767944336 25.183263778686523 22.855295181274414 22.406688690185547 22.46063995361328 22.507200241088867 22.793184280395508 22.39347267150879 22.63270378112793 
21.546783447265625 20.908159255981445 20.82489585876465 21.04732894897461 21.294784545898438 22.16092872619629 22.79136085510254 22.433439254760742 24.346176147460938 21.51910400390625 21.453887939453125 21.382688522338867 21.3407039642334 21.834943771362305 21.29193687438965 21.416767120361328 
48.37750244140625 29.110336303710938 29.559648513793945 119.61055755615234 29.553312301635742 29.45510482788086 28.469472885131836 22.22172737121582 30.171232223510742 22.743711471557617 22.717472076416016 22.43027114868164 22.656831741333008 22.28771209716797 22.73075294494629 22.610368728637695 
21.648767471313477 21.225183486938477 21.232160568237305 21.286176681518555 21.20345687866211 21.106304168701172 21.105119705200195 21.018495559692383 24.959423065185547 21.305599212646484 22.053600311279297 21.736480712890625 21.354944229125977 21.34262466430664 21.706144332885742 21.379743576049805 
34.928672790527344 18.26790428161621 18.278240203857422 18.552448272705078 108.2158432006836 18.33888053894043 18.45840072631836 18.708351135253906 22.264928817749023 18.763200759887695 18.43622398376465 19.42323112487793 19.32102394104004 20.011520385742188 19.53670310974121 19.426015853881836 
19.149375915527344 18.787551879882812 18.88649559020996 19.217504501342773 19.14681625366211 19.35820770263672 19.40140724182129 19.29270362854004 20.92799949645996 19.074016571044922 19.270719528198242 18.78374481201172 19.180255889892578 18.796768188476562 18.749759674072266 18.64143943786621 
30.735456466674805 18.260480880737305 18.35148811340332 18.555328369140625 18.794048309326172 18.785888671875 18.853023529052734 19.286272048950195 24.060575485229492 19.375743865966797 19.253952026367188 19.071136474609375 18.87596893310547 18.965919494628906 18.739328384399414 19.13417625427246 
19.083072662353516 18.480640411376953 18.502559661865234 18.800159454345703 18.986719131469727 19.19696044921875 19.113344192504883 19.165056228637695 22.114688873291016 19.16828727722168 18.644287109375 18.785247802734375 18.766847610473633 19.057247161865234 19.221792221069336 19.906463623046875 
38.05904006958008 18.260831832885742 18.29840087890625 18.372800827026367 18.40176010131836 18.782175064086914 18.64454460144043 18.819263458251953 22.8272647857666 18.746240615844727 18.935583114624023 19.287967681884766 19.47750473022461 19.744672775268555 19.101919174194336 18.934303283691406 
19.046911239624023 18.642719268798828 18.744991302490234 18.69705581665039 18.7142391204834 18.61078453063965 18.65862464904785 18.694400787353516 21.37606430053711 19.938079833984375 19.432512283325195 19.2142391204834 18.985919952392578 19.038463592529297 18.741247177124023 18.785024642944336 
47.51532745361328 18.315935134887695 18.291263580322266 18.665695190429688 18.782175064086914 19.05695915222168 19.057952880859375 19.106815338134766 24.32899284362793 18.6561279296875 19.24527931213379 19.456192016601562 19.86319923400879 19.28976058959961 19.09008026123047 19.231584548950195 
19.058271408081055 18.65782356262207 18.762399673461914 18.738431930541992 18.71334457397461 18.71228790283203 18.55638313293457 18.5645751953125 21.076608657836914 19.052223205566406 18.71161651611328 19.12723159790039 18.727327346801758 18.734848022460938 19.614431381225586 19.42451286315918 
39.08281707763672 18.252639770507812 18.5710391998291 18.96735954284668 19.11452865600586 19.151487350463867 19.19990348815918 19.062816619873047 22.932832717895508 18.69308853149414 19.117599487304688 19.46121597290039 19.26518440246582 19.3558406829834 19.294784545898438 19.16223907470703 
19.203584671020508 18.79145622253418 19.216800689697266 19.4400634765625 19.30463981628418 19.20400047302246 19.224000930786133 19.0831356048584 22.073503494262695 19.309215545654297 19.255807876586914 19.312511444091797 19.8437442779541 19.345535278320312 19.47292709350586 19.329952239990234 
36.99135971069336 18.331327438354492 18.347679138183594 18.511775970458984 18.61440086364746 18.780895233154297 18.890464782714844 19.105663299560547 24.412031173706055 19.157567977905273 19.916288375854492 19.552703857421875 19.228639602661133 19.05276870727539 18.687488555908203 19.01203155517578 
18.964160919189453 18.37455940246582 18.37753677368164 18.520511627197266 18.61894416809082 18.89753532409668 19.080127716064453 19.048351287841797 21.16169548034668 18.68502426147461 19.97395133972168 19.385568618774414 18.844959259033203 19.226816177368164 19.29542350769043 19.01430320739746 
39.10246276855469 18.30361557006836 18.360000610351562 18.534015655517578 18.58176040649414 18.644927978515625 18.597728729248047 18.64771270751953 24.590240478515625 18.89276885986328 18.724000930786133 19.03183937072754 19.38083267211914 18.830303192138672 18.794015884399414 19.069791793823242 
19.03411293029785 18.560863494873047 18.696287155151367 18.664287567138672 18.662303924560547 18.696544647216797 18.663232803344727 18.63385581970215 28.608287811279297 18.858816146850586 18.915935516357422 18.52457618713379 18.613920211791992 19.34931182861328 19.298879623413086 20.11359977722168 
38.08918380737305 18.27017593383789 18.28316879272461 18.338239669799805 18.73948860168457 18.760032653808594 18.81977653503418 18.908863067626953 24.138240814208984 18.73721694946289 18.76019287109375 19.7739200592041 19.32761573791504 19.241056442260742 19.23516845703125 18.941951751708984 
19.767263412475586 18.739551544189453 18.816287994384766 18.885568618774414 18.772544860839844 18.75948715209961 18.71833610534668 18.71161651611328 21.62131118774414 19.792320251464844 18.858943939208984 18.56070327758789 18.927583694458008 18.663711547851562 19.185535430908203 19.531808853149414 
37.04217529296875 18.301631927490234 18.51888084411621 18.750656127929688 18.821088790893555 19.10063934326172 19.52182388305664 19.524703979492188 24.777599334716797 18.981727600097656 19.86675262451172 19.195552825927734 19.16499137878418 19.03727912902832 19.005056381225586 18.672096252441406 
18.93356704711914 18.446304321289062 18.483295440673828 18.596031188964844 18.800384521484375 18.94419288635254 19.211103439331055 19.262399673461914 28.65337562561035 18.724288940429688 18.918367385864258 19.491167068481445 18.995616912841797 19.376991271972656 19.368255615234375 19.287328720092773 
44.39606475830078 18.305408477783203 18.317760467529297 18.45801544189453 18.637088775634766 18.73129653930664 18.707616806030273 19.336767196655273 24.10883140563965 19.171871185302734 18.69820785522461 19.286880493164062 19.333280563354492 19.329792022705078 19.49398422241211 19.23017692565918 
19.535167694091797 19.035551071166992 19.079456329345703 19.14134407043457 19.165088653564453 19.066911697387695 19.019807815551758 18.928255081176758 28.054527282714844 18.58745574951172 19.297311782836914 19.254976272583008 19.49692726135254 19.46790313720703 19.530271530151367 19.431615829467773 
42.94086456298828 21.551807403564453 21.729503631591797 22.165632247924805 22.00547218322754 22.015167236328125 21.934751510620117 22.165760040283203 25.824480056762695 22.591808319091797 22.535104751586914 22.69545555114746 23.036224365234375 22.322559356689453 22.286367416381836 22.4968318939209 
25.345312118530273 25.03059196472168 25.34444808959961 25.56425666809082 24.779584884643555 24.53023910522461 25.446144104003906 25.351423263549805 29.965248107910156 24.946720123291016 25.170751571655273 24.453760147094727 24.995168685913086 26.832639694213867 24.778112411499023 25.095552444458008 
51.61587142944336 21.977920532226562 21.65990447998047 21.915199279785156 22.074047088623047 22.37238311767578 22.11065673828125 22.051103591918945 26.335712432861328 22.32080078125 24.000640869140625 22.505023956298828 22.398399353027344 22.36672019958496 24.087360382080078 22.55084800720215 
25.093183517456055 25.144224166870117 25.12339210510254 24.684223175048828 24.362815856933594 24.417951583862305 25.1648006439209 24.979808807373047 30.534143447875977 24.307615280151367 25.458463668823242 24.51081657409668 24.476160049438477 24.888639450073242 24.994848251342773 25.165023803710938 
53.413150787353516 21.769535064697266 21.67145538330078 21.8637752532959 21.879776000976562 22.66204833984375 23.03843116760254 23.000255584716797 28.131776809692383 22.279552459716797 22.495519638061523 22.76278305053711 22.718944549560547 22.55619239807129 22.684480667114258 22.4849910736084 
24.9400634765625 24.7653751373291 24.92915153503418 24.62611198425293 24.790752410888672 25.223072052001953 25.211040496826172 24.46227264404297 29.667104721069336 24.696224212646484 25.027711868286133 25.1200008392334 26.11257553100586 24.931743621826172 25.119775772094727 24.675071716308594 
54.55775833129883 21.926368713378906 21.9466552734375 21.989919662475586 21.981088638305664 22.666271209716797 22.903648376464844 222.77468872070312 26.406208038330078 22.521087646484375 22.592735290527344 22.324575424194336 22.45465660095215 22.612064361572266 22.674495697021484 22.694047927856445 
25.10665512084961 24.228063583374023 24.26406478881836 24.77142333984375 25.25279998779297 25.166688919067383 24.552576065063477 25.127456665039062 30.862688064575195 24.94384002685547 25.467424392700195 25.04435157775879 24.397567749023438 25.067264556884766 25.23196792602539 25.3636474609375 
57.80201721191406 21.673791885375977 21.589439392089844 21.94313621520996 22.357759475708008 22.371936798095703 22.195871353149414 111.65452575683594 26.707103729248047 22.352224349975586 22.262752532958984 22.831647872924805 23.051776885986328 22.410560607910156 22.99772834777832 22.51523208618164 
25.49679946899414 24.215295791625977 24.135040283203125 24.264480590820312 25.235904693603516 24.873952865600586 24.682720184326172 25.250207901000977 28.78441619873047 24.776927947998047 24.664831161499023 24.54921531677246 25.138111114501953 24.837984085083008 24.968000411987305 24.75984001159668 
49.85811233520508 21.855743408203125 22.07529640197754 22.499135971069336 22.681856155395508 22.665983200073242 22.545055389404297 209.96954345703125 25.76464080810547 22.29257583618164 22.87824058532715 22.51372718811035 22.453184127807617 22.518815994262695 22.300384521484375 22.423999786376953 
24.99068832397461 24.482271194458008 24.42304039001465 24.43231964111328 24.81372833251953 25.11737632751465 24.89072036743164 24.567392349243164 30.009920120239258 24.70275115966797 24.824127197265625 24.532575607299805 24.66383934020996 24.37990379333496 25.1943359375 25.127872467041016 
52.1577262878418 21.64886474609375 21.804704666137695 22.367584228515625 22.36854362487793 22.401504516601562 22.218368530273438 22.25116729736328 26.977855682373047 22.77631950378418 22.320768356323242 22.655839920043945 22.609952926635742 22.416799545288086 23.03343963623047 22.579391479492188 
25.03343963623047 25.048288345336914 25.369600296020508 25.028671264648438 24.529216766357422 25.384864807128906 25.56438446044922 25.023359298706055 29.169471740722656 24.668479919433594 24.831296920776367 25.25276756286621 25.23174476623535 25.34931182861328 24.505088806152344 24.526016235351562 
49.00822448730469 21.831520080566406 21.76620864868164 21.918975830078125 21.93459129333496 22.024991989135742 22.2675838470459 214.26092529296875 27.55516815185547 22.273727416992188 22.710847854614258 22.303775787353516 22.686176300048828 22.59600067138672 22.390432357788086 22.672704696655273 
25.06470489501953 24.532672882080078 25.01763153076172 24.62892723083496 24.60691261291504 24.727359771728516 25.85763168334961 25.11440086364746 28.753311157226562 25.103456497192383 24.769472122192383 24.770368576049805 25.15532875061035 24.7205753326416 24.36467170715332 24.552671432495117 
50.075584411621094 21.67977523803711 21.682048797607422 22.30022430419922 22.28118324279785 22.243328094482422 22.108095169067383 22.10425567626953 25.99123191833496 22.467615127563477 22.412607192993164 22.391231536865234 22.61516761779785 22.29897689819336 22.606592178344727 22.685823440551758 
25.016191482543945 24.374399185180664 24.37436866760254 24.751808166503906 25.132831573486328 25.18783950805664 24.53865623474121 24.71161651611328 29.391136169433594 24.517183303833008 24.74787139892578 24.484256744384766 25.22198486328125 24.517728805541992 24.649248123168945 24.695552825927734 
51.531009674072266 21.886079788208008 21.582048416137695 22.08835220336914 22.689311981201172 22.88982391357422 22.781631469726562 22.448640823364258 26.32419204711914 22.76527976989746 22.556896209716797 22.86079978942871 22.512319564819336 22.672224044799805 22.494016647338867 22.552160263061523 
24.58505630493164 24.263263702392578 24.285663604736328 24.57855987548828 25.383455276489258 25.319040298461914 24.53673553466797 24.78278350830078 30.9552001953125 24.551488876342773 25.00534439086914 24.921344757080078 24.674367904663086 25.152511596679688 24.67024040222168 24.783584594726562 
40.845054626464844 20.584991455078125 20.859840393066406 20.813472747802734 20.99420738220215 21.138559341430664 21.08073616027832 23.670272827148438 24.69718360900879 20.789823532104492 21.20159912109375 20.91651153564453 20.769184112548828 20.62236785888672 21.00249671936035 20.67478370666504 
17.121055603027344 16.551456451416016 16.51603126525879 16.843679428100586 16.858335494995117 17.186975479125977 17.255104064941406 17.209983825683594 19.873376846313477 17.067039489746094 17.47439956665039 17.09436798095703 17.200319290161133 16.873920440673828 16.862144470214844 17.351871490478516 
72.17318725585938 20.302719116210938 20.31510353088379 20.725984573364258 20.74518394470215 20.9169921875 20.835615158081055 48.52854537963867 26.0435848236084 20.89411163330078 20.800064086914062 21.100671768188477 21.025983810424805 21.108320236206055 21.164703369140625 20.789152145385742 
20.59667205810547 16.48908805847168 16.56595230102539 16.975967407226562 17.000255584716797 17.05027198791504 17.208927154541016 17.11574363708496 19.18191909790039 17.17401695251465 17.185632705688477 16.682016372680664 16.778911590576172 16.757152557373047 17.392959594726562 17.144927978515625 
64.89177703857422 20.282047271728516 20.451072692871094 20.683391571044922 20.670015335083008 21.11903953552246 20.92527961730957 52.35606384277344 23.10598373413086 20.946975708007812 20.885055541992188 21.176544189453125 20.943679809570312 20.933631896972656 20.799999237060547 21.061983108520508 
19.162431716918945 16.49772834777832 16.750751495361328 16.974464416503906 17.100736618041992 17.09702491760254 16.856000900268555 16.820831298828125 18.028383255004883 16.957664489746094 17.235136032104492 17.12460708618164 16.95795249938965 17.89446449279785 16.86787223815918 17.942399978637695 
52.27443313598633 20.228736877441406 20.330720901489258 20.522239685058594 20.614208221435547 20.587167739868164 57.568511962890625 65.97792053222656 24.12563133239746 21.02684783935547 21.396448135375977 21.308895111083984 20.870080947875977 20.80415916442871 21.039871215820312 20.723936080932617 
17.92585563659668 16.5185604095459 16.46940803527832 16.503456115722656 17.00841522216797 16.97996711730957 17.3002872467041 17.18022346496582 19.351455688476562 17.03264045715332 17.26051139831543 16.997631072998047 17.124671936035156 17.08051109313965 16.666208267211914 16.782848358154297 
61.74652862548828 20.263071060180664 20.25436782836914 20.648448944091797 20.612031936645508 20.57734489440918 20.620319366455078 77.65164947509766 24.15894317626953 20.94940757751465 20.775583267211914 20.804256439208984 21.070783615112305 21.051328659057617 20.714815139770508 20.939775466918945 
20.073440551757812 16.460607528686523 16.461503982543945 16.88230323791504 16.792287826538086 16.741567611694336 16.83510398864746 17.027584075927734 19.473567962646484 17.60419273376465 16.610015869140625 17.627168655395508 16.798751831054688 16.797344207763672 16.990816116333008 17.07164764404297 
65.86608123779297 20.25449562072754 20.35759925842285 20.37820816040039 20.808448791503906 20.83945655822754 20.814111709594727 51.0233268737793 25.745344161987305 21.16204833984375 20.791168212890625 20.853055953979492 21.292512893676758 20.79199981689453 20.757152557373047 21.07686424255371 
19.12620735168457 16.481151580810547 16.503488540649414 16.933727264404297 16.94780731201172 16.88115119934082 16.850656509399414 16.883392333984375 19.787391662597656 18.617759704589844 17.119552612304688 16.754079818725586 17.66316795349121 17.12201690673828 16.9072322845459 17.058143615722656 
63.80940628051758 20.248992919921875 20.25312042236328 20.554176330566406 20.584896087646484 20.644447326660156 20.99500846862793 57.45686340332031 25.90166473388672 21.016992568969727 20.74995231628418 22.1114559173584 21.211488723754883 21.108224868774414 20.890592575073242 21.2458553314209 
16.96112060546875 16.564128875732422 16.536672592163086 16.675071716308594 16.976736068725586 16.971296310424805 17.28428840637207 17.462432861328125 19.234752655029297 16.86307144165039 17.333919525146484 16.834047317504883 16.775136947631836 17.14975929260254 16.61235237121582 16.774303436279297 
63.766273498535156 20.269760131835938 20.38582420349121 20.845823287963867 20.696352005004883 20.78678321838379 20.9748477935791 55.75609588623047 24.484224319458008 21.273088455200195 21.00819206237793 20.996959686279297 21.04924774169922 20.798688888549805 21.198495864868164 20.932607650756836 
16.881311416625977 16.673568725585938 16.611679077148438 17.032703399658203 17.278656005859375 17.247743606567383 17.06768035888672 16.97452735900879 19.252511978149414 17.20502471923828 17.48099136352539 16.778079986572266 17.113279342651367 17.5229434967041 17.319072723388672 16.848735809326172 
66.92221069335938 20.294879913330078 20.36128044128418 20.59369659423828 20.668703079223633 20.790592193603516 20.744159698486328 55.19305419921875 25.100831985473633 20.995296478271484 20.890911102294922 21.002656936645508 21.11542320251465 21.046144485473633 21.071935653686523 20.824352264404297 
18.294431686401367 16.504383087158203 16.582239151000977 16.942720413208008 17.253887176513672 17.287551879882812 17.111520767211914 16.95894432067871 19.87401580810547 16.74297523498535 16.768768310546875 16.724735260009766 17.33692741394043 17.014528274536133 16.73526382446289 17.151391983032227 
80.50115203857422 20.256895065307617 20.666080474853516 20.62281608581543 20.935264587402344 20.81203269958496 20.87126350402832 20.799007415771484 25.48726463317871 20.713472366333008 20.878816604614258 20.942176818847656 20.49001693725586 21.235424041748047 20.819040298461914 20.666112899780273 
21.21228790283203 16.48294448852539 16.469215393066406 16.65340805053711 16.60851287841797 16.641183853149414 17.019712448120117 17.326656341552734 19.428640365600586 17.97964859008789 17.024703979492188 17.927967071533203 17.144256591796875 16.90243148803711 17.63542366027832 17.00067138671875 
70.11737823486328 21.913440704345703 21.886655807495117 22.08028793334961 22.811967849731445 22.905471801757812 23.204160690307617 43.74739074707031 27.22332763671875 22.83305549621582 23.115583419799805 22.791744232177734 22.33558464050293 23.134912490844727 22.461727142333984 22.268224716186523 
19.32908821105957 18.912927627563477 19.174144744873047 19.27769660949707 19.19161605834961 19.17465591430664 19.050752639770508 18.876415252685547 22.043455123901367 19.466880798339844 19.07526397705078 19.81977653503418 19.195999145507812 19.046335220336914 19.950239181518555 19.999584197998047 
55.482398986816406 21.947200775146484 21.970495223999023 22.166015625 22.632863998413086 23.249055862426758 23.18988800048828 22.75699234008789 26.690656661987305 22.793567657470703 22.8919677734375 22.81043243408203 22.85430335998535 22.367168426513672 23.027360916137695 22.647903442382812 
19.13155174255371 18.758943557739258 19.04640007019043 19.172096252441406 19.150592803955078 19.46816062927246 19.455232620239258 19.441984176635742 21.46656036376953 19.529247283935547 19.448287963867188 19.044544219970703 19.185983657836914 19.283008575439453 19.43267250061035 19.088960647583008 
72.27763366699219 21.88435173034668 22.02115249633789 22.40559959411621 22.63827133178711 22.657215118408203 22.480480194091797 22.447263717651367 27.192800521850586 22.75187110900879 22.977088928222656 23.000896453857422 22.35852813720703 22.815135955810547 23.09503936767578 22.37824058532715 
19.153120040893555 19.0468807220459 19.161376953125 19.187423706054688 19.248992919921875 19.374431610107422 19.218624114990234 19.0614070892334 21.724735260009766 19.4418888092041 19.22127914428711 19.091136932373047 19.270463943481445 19.141408920288086 19.29033660888672 19.12393569946289 
63.922271728515625 21.930400848388672 22.015039443969727 22.37596893310547 22.46339225769043 22.489824295043945 22.437631607055664 22.500415802001953 27.415264129638672 22.82659149169922 22.621471405029297 24.632863998413086 22.348512649536133 23.76736068725586 22.816255569458008 23.289600372314453 
19.058208465576172 18.800384521484375 18.899999618530273 18.884416580200195 19.523263931274414 19.63033676147461 19.659711837768555 19.334880828857422 21.669599533081055 20.260095596313477 19.720256805419922 19.247615814208984 19.2840633392334 19.34272003173828 19.096128463745117 19.17945671081543 
59.69337463378906 21.97715187072754 22.539968490600586 22.684703826904297 22.760896682739258 22.47235107421875 22.489471435546875 22.502111434936523 27.429471969604492 22.723968505859375 23.132095336914062 22.68783950805664 22.901344299316406 22.988000869750977 23.645631790161133 22.721120834350586 
18.99932861328125 18.78438377380371 19.029184341430664 19.11814308166504 19.249919891357422 19.295040130615234 19.267871856689453 19.399328231811523 21.931711196899414 19.61680030822754 19.53171157836914 19.30950355529785 19.209440231323242 18.93427276611328 19.16655921936035 19.12460708618164 
68.96617889404297 21.95542335510254 22.306560516357422 22.615007400512695 22.830175399780273 23.001407623291016 22.64169692993164 22.397472381591797 26.399808883666992 22.912736892700195 22.5914249420166 22.520511627197266 23.070688247680664 22.45680046081543 22.95043182373047 22.698495864868164 
19.146080017089844 18.637344360351562 18.584543228149414 18.962751388549805 19.29257583618164 19.354080200195312 19.45644760131836 19.40902328491211 22.35798454284668 19.5447998046875 19.678016662597656 19.88640022277832 19.427488327026367 19.617311477661133 19.17203140258789 19.16409683227539 
57.585121154785156 21.94121551513672 22.320480346679688 22.232831954956055 22.129728317260742 22.4105281829834 22.322111129760742 22.577375411987305 26.524160385131836 23.008544921875 22.844768524169922 23.299583435058594 22.6378231048584 23.037919998168945 22.525279998779297 23.61577606201172 
19.177631378173828 18.6396484375 18.6231689453125 18.712127685546875 18.80646324157715 18.843936920166016 19.145952224731445 19.23196792602539 22.06172752380371 19.523008346557617 19.063840866088867 19.15532875061035 18.84409523010254 19.676191329956055 19.184608459472656 19.42076873779297 
79.55945587158203 21.936447143554688 21.92633628845215 22.263904571533203 22.32988739013672 22.528831481933594 23.224288940429688 23.543840408325195 26.534944534301758 22.497631072998047 22.247135162353516 22.617055892944336 22.81875228881836 22.491199493408203 22.70297622680664 22.865663528442383 
19.032032012939453 18.742271423339844 19.064287185668945 19.319168090820312 19.4498233795166 19.57414436340332 19.609920501708984 19.675743103027344 21.915264129638672 19.94223976135254 20.264448165893555 18.900672912597656 19.207456588745117 19.551040649414062 19.466943740844727 19.64348793029785 
61.622623443603516 21.89801597595215 21.96009635925293 22.114912033081055 22.332351684570312 22.487104415893555 22.477792739868164 23.44313621520996 27.033472061157227 23.021728515625 22.450111389160156 23.258399963378906 22.910751342773438 22.240543365478516 22.54025650024414 22.34067153930664 
19.435264587402344 18.805696487426758 19.147424697875977 19.321311950683594 19.430463790893555 19.169279098510742 19.56800079345703 19.697952270507812 23.1628475189209 19.432159423828125 19.37321662902832 19.394432067871094 19.441728591918945 19.21379280090332 19.162336349487305 18.99942398071289 
55.48704147338867 21.912607192993164 21.92051124572754 22.621055603027344 22.72377586364746 22.82352066040039 22.48454475402832 22.458240509033203 28.029951095581055 22.402719497680664 22.58118438720703 24.097536087036133 22.470304489135742 22.79542350769043 22.852863311767578 22.320863723754883 
19.21126365661621 18.856895446777344 19.285663604736328 19.241376876831055 19.036575317382812 18.933792114257812 18.826751708984375 18.8089599609375 23.344255447387695 19.49785614013672 19.51103973388672 19.02400016784668 19.15951919555664 19.18796730041504 18.990400314331055 19.452064514160156 
64.4040298461914 27.089183807373047 28.46054458618164 28.11859130859375 28.11039924621582 27.96575927734375 27.671903610229492 28.004608154296875 33.362430572509766 28.110719680786133 27.225791931152344 28.2893123626709 28.303071975708008 28.06108856201172 27.62508773803711 28.084096908569336 
34.98374557495117 34.5885124206543 35.685569763183594 36.0068473815918 36.20848083496094 35.03065490722656 35.91936111450195 36.14566421508789 41.55702209472656 34.37276840209961 34.43638229370117 34.71072006225586 34.79206466674805 34.507232666015625 34.607967376708984 34.61721420288086 
62.358558654785156 27.107648849487305 27.555648803710938 28.156320571899414 27.62339210510254 28.215808868408203 28.060224533081055 27.772544860839844 32.28460693359375 28.211776733398438 28.480640411376953 27.442079544067383 27.662752151489258 28.226943969726562 27.819904327392578 28.56870460510254 
35.310272216796875 34.98108673095703 36.27571105957031 36.4925422668457 35.79872131347656 35.58745574951172 35.65584182739258 36.55916976928711 41.14201736450195 34.2276496887207 35.01929473876953 34.81647872924805 34.31635284423828 34.655521392822266 35.08335876464844 36.253662109375 
51.824928283691406 27.107072830200195 29.132415771484375 28.58950424194336 28.59062385559082 28.6474552154541 28.136735916137695 28.509855270385742 35.05366516113281 28.769376754760742 27.715007781982422 28.05187225341797 28.589599609375 27.56438446044922 27.7390079498291 28.908384323120117 
35.24291229248047 34.5984001159668 34.98438262939453 36.32783889770508 36.13542556762695 35.06224060058594 35.1563835144043 36.04764938354492 40.73311996459961 34.3902702331543 35.106689453125 34.647743225097656 34.34342575073242 34.38787078857422 34.886592864990234 35.26835250854492 
52.82233428955078 27.068927764892578 27.75315284729004 28.373504638671875 28.22198486328125 28.10585594177246 28.739103317260742 28.19219207763672 33.232608795166016 28.320383071899414 27.749919891357422 28.406368255615234 28.095359802246094 28.028671264648438 27.43052864074707 28.703712463378906 
35.47932815551758 34.59379196166992 35.060672760009766 36.551326751708984 36.199806213378906 34.9659538269043 34.89292907714844 35.50259017944336 41.32767868041992 34.345279693603516 34.630271911621094 34.79475021362305 34.95430374145508 34.69001770019531 34.948638916015625 34.854496002197266 
52.82191848754883 27.10393524169922 28.816383361816406 28.81648063659668 28.77846336364746 28.176128387451172 27.91449546813965 28.09868812561035 31.661312103271484 28.092639923095703 28.24825668334961 27.613632202148438 28.249120712280273 28.062559127807617 28.015552520751953 28.81670379638672 
34.9002571105957 35.70742416381836 35.9918098449707 36.211936950683594 35.013824462890625 35.077598571777344 35.78035354614258 36.337406158447266 40.04502487182617 34.32748794555664 34.266143798828125 34.71353530883789 34.91215896606445 34.639137268066406 34.494720458984375 34.43600082397461 
47.67820739746094 27.14944076538086 27.49078369140625 27.782047271728516 28.78668785095215 29.092960357666016 28.22822380065918 50.997886657714844 33.74867248535156 27.564960479736328 27.954944610595703 28.66873550415039 27.368000030517578 27.96620750427246 28.77008056640625 28.090784072875977 
34.92396926879883 35.51548767089844 34.9027214050293 35.3908805847168 36.19014358520508 36.86886215209961 35.17424011230469 34.846561431884766 41.18080139160156 34.342529296875 34.86048126220703 35.07612609863281 35.29945755004883 34.310272216796875 34.95167922973633 35.84774398803711 
54.915584564208984 27.161376953125 28.531648635864258 28.310943603515625 27.79078483581543 28.810880661010742 28.221120834350586 28.302656173706055 34.08371353149414 28.148799896240234 27.855520248413086 28.5666561126709 28.213855743408203 28.124671936035156 28.413728713989258 27.626911163330078 
36.58652877807617 34.93337631225586 35.75846481323242 35.977630615234375 35.89801788330078 36.77632141113281 35.93913650512695 35.144737243652344 42.56438446044922 34.73779296875 36.492286682128906 34.80303955078125 34.61235046386719 34.39372634887695 34.682334899902344 35.009246826171875 
61.228065490722656 27.204896926879883 28.43657684326172 28.68297576904297 28.608671188354492 27.87107276916504 28.497888565063477 28.044416427612305 32.23049545288086 28.32815933227539 27.910112380981445 28.889663696289062 28.404064178466797 27.63871955871582 28.35628890991211 28.091167449951172 
34.60771179199219 34.8658561706543 35.44713592529297 36.514686584472656 36.32636642456055 35.38444900512695 35.61779022216797 35.9169921875 41.942527770996094 34.81974411010742 34.61753463745117 34.421630859375 34.415809631347656 34.68150329589844 34.88288116455078 34.83030319213867 
52.83686447143555 27.120223999023438 28.281728744506836 27.78937530517578 28.497983932495117 28.3438720703125 27.97417640686035 28.002111434936523 32.25209426879883 28.495071411132812 28.06015968322754 27.501760482788086 28.464704513549805 27.62726402282715 28.009855270385742 29.155935287475586 
34.91468811035156 34.95334243774414 36.75910568237305 37.14198303222656 36.306846618652344 35.619712829589844 35.72022247314453 36.39299011230469 40.55887985229492 34.650177001953125 34.27705764770508 34.40288162231445 34.87171173095703 35.35136032104492 34.658111572265625 34.488094329833984 
52.87206268310547 27.19865608215332 28.82489585876465 28.12451171875 28.016447067260742 28.49420738220215 28.439775466918945 28.7772159576416 32.983009338378906 28.32636833190918 28.13689613342285 28.13750457763672 28.542015075683594 27.57200050354004 28.609119415283203 28.124256134033203 
35.68057632446289 34.62275314331055 34.59270477294922 36.137569427490234 36.46543884277344 35.51001739501953 35.87247848510742 36.148799896240234 40.522911071777344 34.49580764770508 34.92931365966797 34.670654296875 34.44550323486328 34.49980926513672 35.06876754760742 35.25686264038086 
45.8120002746582 16.950687408447266 16.94118309020996 17.593280792236328 17.649248123168945 17.385536193847656 17.39414405822754 29.83795166015625 21.698240280151367 17.404224395751953 17.5382080078125 17.86016082763672 17.626176834106445 17.34774398803711 18.820383071899414 17.712127685546875 
21.413888931274414 20.970848083496094 21.665599822998047 21.90470314025879 21.800416946411133 21.59881591796875 21.476287841796875 21.506816864013672 24.147327423095703 21.193151473999023 21.221439361572266 21.345535278320312 21.048608779907227 20.773727416992188 21.527584075927734 21.260351181030273 
84.62860870361328 16.95350456237793 16.96460723876953 17.34048080444336 17.35161590576172 17.390304565429688 17.45123291015625 17.68329620361328 23.244640350341797 17.84636878967285 17.651615142822266 17.260160446166992 17.217952728271484 17.629375457763672 17.297439575195312 17.835424423217773 
21.38265609741211 21.225696563720703 21.269407272338867 21.327104568481445 21.27414321899414 21.1694393157959 21.016416549682617 21.096895217895508 25.165855407714844 21.34681510925293 21.133344650268555 21.356576919555664 21.23139190673828 21.057567596435547 21.489728927612305 21.96531105041504 
76.14915466308594 16.99395179748535 17.12041664123535 17.23904037475586 17.328767776489258 17.32624053955078 17.233856201171875 17.540576934814453 24.86515235900879 17.61369514465332 17.225183486938477 17.392032623291016 17.612607955932617 17.360960006713867 17.838207244873047 17.789888381958008 
21.036832809448242 20.775487899780273 20.928255081176758 21.568159103393555 21.92323112487793 21.982431411743164 21.803775787353516 21.65795135498047 24.97488021850586 21.47551918029785 20.96713638305664 20.885663986206055 21.150720596313477 21.131135940551758 21.346656799316406 21.425119400024414 
78.35327911376953 16.951936721801758 16.971935272216797 17.01148796081543 17.37900733947754 17.80691146850586 18.09401512145996 17.955232620239258 26.089920043945312 17.213119506835938 17.244319915771484 17.664960861206055 17.315135955810547 18.224960327148438 17.887744903564453 17.44416046142578 
21.34988784790039 20.907840728759766 20.963455200195312 20.930335998535156 21.05561637878418 21.249792098999023 21.282047271728516 21.880447387695312 24.512704849243164 21.83180809020996 21.413055419921875 21.024768829345703 21.322399139404297 20.95369529724121 21.503551483154297 21.48566436767578 
79.45030212402344 16.941823959350586 16.978496551513672 17.27680015563965 17.267263412475586 17.514175415039062 17.624544143676758 17.728256225585938 24.235071182250977 17.445791244506836 17.30816078186035 18.349952697753906 17.699743270874023 17.351200103759766 18.188608169555664 17.7542724609375 
21.08777618408203 20.80508804321289 21.066240310668945 21.553983688354492 21.672704696655273 21.89971160888672 21.812671661376953 21.74185562133789 24.27440071105957 21.249216079711914 21.269439697265625 22.270912170410156 21.07040023803711 21.401504516601562 21.632287979125977 21.6876163482666 
79.72124481201172 16.986112594604492 17.029216766357422 17.084320068359375 17.199392318725586 17.43846321105957 17.660512924194336 17.68943977355957 25.04732894897461 17.4866886138916 17.309568405151367 18.144384384155273 17.52681541442871 18.070240020751953 17.717344284057617 17.63363265991211 
21.183040618896484 20.87945556640625 21.102144241333008 21.559232711791992 21.886144638061523 21.995744705200195 21.694528579711914 21.670272827148438 24.34668731689453 21.180192947387695 21.396223068237305 21.28144073486328 21.292543411254883 21.35424041748047 21.863008499145508 21.51580810546875 
81.5159683227539 16.990943908691406 16.975488662719727 17.320383071899414 17.40025520324707 17.379680633544922 17.405920028686523 17.432767868041992 23.329151153564453 17.676000595092773 17.35036849975586 17.507680892944336 17.646751403808594 17.34726333618164 18.545791625976562 17.666400909423828 
21.65897560119629 21.403423309326172 21.728511810302734 21.82793617248535 21.819904327392578 21.54547119140625 21.469600677490234 21.023584365844727 24.530399322509766 21.163776397705078 21.28175926208496 21.152992248535156 21.26255989074707 21.147552490234375 21.35318374633789 21.63987159729004 
79.40991973876953 16.952959060668945 17.14134407043457 17.44121551513672 17.44384002685547 17.397632598876953 17.4071044921875 17.424192428588867 23.71379280090332 17.89411163330078 17.386560440063477 17.273727416992188 17.743999481201172 17.389631271362305 17.686016082763672 17.836864471435547 
21.214399337768555 21.221023559570312 21.491872787475586 21.527328491210938 21.674175262451172 21.560800552368164 21.435199737548828 21.315935134887695 25.0316162109375 21.336544036865234 20.98899269104004 20.90297508239746 21.452959060668945 21.008928298950195 21.316448211669922 21.152864456176758 
82.5782699584961 16.970367431640625 16.96233558654785 16.962207794189453 17.466880798339844 17.456480026245117 17.534143447875977 17.755807876586914 24.133344650268555 17.46518325805664 17.814367294311523 17.6180477142334 17.947904586791992 18.202783584594727 17.792095184326172 17.836095809936523 
21.311904907226562 20.805343627929688 20.958656311035156 20.99951934814453 21.20707130432129 21.28544044494629 21.239072799682617 21.719295501708984 24.86966323852539 21.091167449951172 21.419424057006836 20.905471801757812 21.25606346130371 21.053695678710938 21.16783905029297 21.396448135375977 
82.50947570800781 16.906719207763672 16.928159713745117 17.344127655029297 17.452159881591797 17.356159210205078 17.343008041381836 17.48953628540039 24.168575286865234 18.263519287109375 17.487680435180664 17.66975975036621 18.000640869140625 17.553855895996094 17.441247940063477 17.36787223815918 
21.24224090576172 21.088512420654297 21.321504592895508 21.37446403503418 21.517887115478516 21.40300750732422 20.988384246826172 20.991296768188477 24.817535400390625 21.051807403564453 21.19055938720703 21.354623794555664 20.81782341003418 22.056671142578125 21.15167999267578 21.61814308166504 
96.0316162109375 21.084800720214844 21.38185691833496 21.842592239379883 21.922016143798828 21.91049575805664 21.64182472229004 21.57948875427246 26.94166374206543 21.80668830871582 22.20560073852539 21.795839309692383 21.925695419311523 22.251487731933594 21.82796859741211 21.77894401550293 
21.56502342224121 20.687999725341797 20.590431213378906 20.650623321533203 20.615968704223633 20.696063995361328 20.589792251586914 20.56175994873047 25.47056007385254 21.26134490966797 21.272512435913086 21.418943405151367 20.772991180419922 21.187999725341797 21.152063369750977 21.241376876831055 
46.73068618774414 21.149696350097656 21.37558364868164 21.41379165649414 21.39695930480957 21.53049659729004 21.475391387939453 21.741376876831055 26.04876708984375 21.904863357543945 22.07695960998535 22.868671417236328 21.807552337646484 22.176319122314453 22.28985595703125 21.85740852355957 
20.776159286499023 20.451871871948242 20.422367095947266 20.55891227722168 20.60086441040039 20.5830078125 20.510496139526367 20.554752349853516 23.70479965209961 21.03388786315918 21.193567276000977 21.235136032104492 21.278879165649414 21.29267120361328 21.088703155517578 21.090335845947266 
47.790592193603516 21.100000381469727 21.112863540649414 21.597471237182617 22.05289649963379 22.055967330932617 21.814655303955078 21.418655395507812 25.162656784057617 22.104896545410156 21.9880313873291 22.94166374206543 21.981983184814453 22.010143280029297 21.918495178222656 22.109792709350586 
21.814559936523438 20.58403205871582 20.52387237548828 20.563488006591797 20.786815643310547 20.6844482421875 20.65951919555664 20.66035270690918 24.46784019470215 21.124544143676758 21.0600643157959 20.7542724609375 21.453760147094727 21.486175537109375 21.017471313476562 21.253183364868164 
45.784767150878906 21.08678436279297 21.1474552154541 21.542144775390625 22.01807975769043 22.105056762695312 21.81452751159668 21.68057632446289 25.63385581970215 21.873088836669922 21.875455856323242 22.130783081054688 21.679168701171875 21.802112579345703 22.04265594482422 22.097408294677734 
21.028255462646484 20.44371223449707 20.44384002685547 20.51945686340332 20.57561683654785 20.61337661743164 20.616832733154297 20.565343856811523 24.522367477416992 21.27676773071289 20.922847747802734 21.174528121948242 21.022592544555664 21.252384185791016 21.696256637573242 20.722047805786133 
47.83193588256836 21.120351791381836 21.104896545410156 21.430879592895508 21.508960723876953 21.456512451171875 21.561983108520508 22.284704208374023 26.092863082885742 21.81670379638672 22.594207763671875 21.89311981201172 22.1343994140625 22.105087280273438 21.951648712158203 22.131200790405273 
21.087743759155273 20.840255737304688 21.254175186157227 21.433631896972656 21.111103057861328 21.1625919342041 21.14067268371582 21.05414390563965 25.016128540039062 21.28447914123535 21.943296432495117 21.159263610839844 20.967872619628906 21.798080444335938 21.40902328491211 21.84137535095215 
66.706787109375 21.101919174194336 21.047391891479492 21.326719284057617 21.567007064819336 22.07904052734375 22.27129554748535 22.321247100830078 24.660736083984375 22.096351623535156 21.949247360229492 22.440799713134766 22.059551239013672 22.006784439086914 21.62067222595215 22.275711059570312 
20.972543716430664 20.53206443786621 20.74553680419922 20.874399185180664 20.89574432373047 20.713760375976562 20.818912506103516 21.19932746887207 24.593727111816406 20.9979190826416 20.71072006225586 21.801759719848633 21.311168670654297 20.899232864379883 21.227231979370117 21.263103485107422 
47.82227325439453 21.183744430541992 21.663040161132812 22.08755111694336 22.12566375732422 22.133119583129883 22.07263946533203 21.959552764892578 26.142431259155273 22.112064361572266 21.911104202270508 22.072704315185547 22.146879196166992 21.936864852905273 22.272192001342773 22.07606315612793 
20.844480514526367 20.58118438720703 20.76812744140625 21.000768661499023 20.947328567504883 21.004928588867188 20.904064178466797 20.72390365600586 24.43395233154297 21.491424560546875 21.82758331298828 20.963647842407227 21.137279510498047 21.141599655151367 21.637407302856445 21.219999313354492 
69.84339141845703 21.079647064208984 21.06015968322754 21.21900749206543 21.86534309387207 21.965471267700195 22.12384033203125 21.834848403930664 29.32044792175293 21.77654457092285 22.339872360229492 22.029247283935547 21.992448806762695 21.998592376708984 22.270944595336914 22.088287353515625 
21.32268714904785 20.708480834960938 20.789920806884766 21.341215133666992 21.437088012695312 21.402015686035156 21.33782386779785 21.232032775878906 24.630847930908203 21.602304458618164 21.313631057739258 21.283679962158203 21.070528030395508 21.622079849243164 22.56879997253418 21.02739143371582 
47.77657699584961 21.135488510131836 21.386240005493164 21.552288055419922 21.581087112426758 21.51263999938965 21.515104293823242 21.555679321289062 25.19808006286621 21.885087966918945 22.10540771484375 22.052608489990234 21.99558448791504 22.151935577392578 21.99126434326172 22.119840621948242 
21.23699188232422 20.50998306274414 20.4768009185791 20.593183517456055 20.590015411376953 20.657695770263672 20.826751708984375 21.195039749145508 25.047584533691406 21.176864624023438 20.960063934326172 21.26140785217285 21.510656356811523 21.65827178955078 21.1231689453125 20.974239349365234 
48.828094482421875 21.157663345336914 21.32921600341797 21.34809684753418 21.548160552978516 21.51603126525879 21.46723175048828 21.730688095092773 24.989023208618164 22.089311599731445 21.969823837280273 21.914016723632812 22.927520751953125 22.049856185913086 22.036256790161133 22.02899169921875 
21.28607940673828 20.627840042114258 20.44976043701172 20.44438362121582 20.487424850463867 20.499744415283203 20.47395133972168 20.56096076965332 23.77030372619629 21.268863677978516 20.96169662475586 21.051103591918945 21.09040069580078 20.957056045532227 20.991008758544922 21.35865592956543 
50.754337310791016 31.841472625732422 33.642303466796875 33.965248107910156 33.49836730957031 33.981056213378906 33.404510498046875 89.6036148071289 42.31078338623047 32.53664016723633 32.69734573364258 32.96540832519531 33.547393798828125 33.16128158569336 32.40886306762695 32.691551208496094 
51.90739059448242 32.00422286987305 32.08607864379883 33.54006576538086 32.97520065307617 33.39014434814453 33.281185150146484 32.94771194458008 41.50128173828125 32.409889221191406 32.79993438720703 32.70083236694336 34.09513473510742 32.27276611328125 33.209632873535156 32.67091369628906 
50.19247817993164 32.2237434387207 33.799072265625 33.95478439331055 33.91331100463867 33.66502380371094 33.007713317871094 34.50582504272461 41.719295501708984 32.78230285644531 32.78076934814453 32.91017532348633 35.06537628173828 32.43503952026367 33.3647346496582 33.6894416809082 
50.01996612548828 31.871103286743164 32.683616638183594 32.54643249511719 32.9351692199707 33.40972900390625 33.54159927368164 33.4466552734375 41.1578254699707 32.316097259521484 32.84524917602539 32.565311431884766 32.25932693481445 32.40547180175781 32.6690559387207 33.11180877685547 
48.98953628540039 31.905248641967773 32.83599853515625 33.8994255065918 33.92009735107422 33.93040084838867 33.47145462036133 33.01945495605469 38.60438537597656 33.322784423828125 32.55027389526367 34.0860481262207 32.3658561706543 33.05526351928711 33.22060775756836 32.94307327270508 
50.87356948852539 31.895776748657227 31.922367095947266 33.256351470947266 33.665889739990234 33.31955337524414 33.108097076416016 33.23788833618164 42.22175979614258 32.259681701660156 32.925537109375 32.80739212036133 33.20809555053711 32.405120849609375 32.610591888427734 32.56959915161133 
51.06147384643555 32.34950256347656 33.311038970947266 33.20256042480469 33.15647888183594 33.564544677734375 33.24473571777344 32.844703674316406 35.66764831542969 32.73612976074219 33.125152587890625 32.51932907104492 32.54787063598633 32.70934295654297 32.47439956665039 32.68329620361328 
69.92591857910156 32.42438507080078 33.32233428955078 33.756446838378906 33.14060974121094 33.46521759033203 33.80201721191406 33.74012756347656 42.18659210205078 32.559200286865234 33.04848098754883 33.13740921020508 32.633888244628906 32.3616943359375 32.47734451293945 32.70937728881836 
54.028926849365234 32.42326354980469 33.399681091308594 33.69289779663086 32.99494552612305 33.81049728393555 33.68902587890625 32.94879913330078 37.85299301147461 32.650848388671875 33.15817642211914 33.02668762207031 32.508544921875 32.67571258544922 32.747615814208984 33.39990234375 
51.17097473144531 32.806175231933594 33.287841796875 33.71567916870117 34.245025634765625 33.40719985961914 33.46694564819336 105.70976257324219 42.559326171875 32.70867156982422 32.892127990722656 33.37257766723633 32.72367858886719 33.67891311645508 32.919647216796875 33.39503860473633 
29.131168365478516 15.827360153198242 16.151872634887695 16.551359176635742 16.63609504699707 16.467456817626953 50.513633728027344 39.88102340698242 19.513568878173828 16.494272232055664 16.395456314086914 16.260671615600586 16.804447174072266 16.149568557739258 16.380416870117188 16.612640380859375 
15.744256019592285 15.387392044067383 15.345503807067871 15.586976051330566 15.595904350280762 15.894495964050293 15.718815803527832 15.760736465454102 18.00409507751465 16.026527404785156 16.275999069213867 16.237407684326172 16.001440048217773 15.946847915649414 15.818495750427246 16.159008026123047 
55.36172866821289 15.83523178100586 15.978495597839355 16.348960876464844 16.13055992126465 16.105567932128906 16.055391311645508 135.3805389404297 19.17795181274414 16.32454490661621 16.343839645385742 16.388511657714844 16.42915153503418 16.271263122558594 16.400415420532227 16.318592071533203 
16.022335052490234 15.525919914245605 15.47110366821289 15.929183959960938 15.943488121032715 15.916768074035645 15.859328269958496 15.785216331481934 17.310335159301758 15.79747200012207 15.81158447265625 16.2728328704834 15.87059211730957 16.15737533569336 16.340255737304688 15.984000205993652 
57.47264099121094 15.776191711425781 15.95036792755127 16.102975845336914 16.06902313232422 16.089567184448242 16.05628776550293 16.17523193359375 18.789791107177734 16.550975799560547 16.379167556762695 16.37276840209961 16.38947105407715 16.75619125366211 16.410432815551758 16.75379180908203 
16.033952713012695 15.480704307556152 15.505791664123535 15.853759765625 16.01545524597168 16.15007972717285 15.832991600036621 15.801024436950684 18.847200393676758 17.003040313720703 15.629055976867676 16.83964729309082 15.651200294494629 15.664223670959473 16.020959854125977 15.696736335754395 
51.21440124511719 15.793824195861816 15.799327850341797 15.817791938781738 15.846015930175781 16.195648193359375 16.20582389831543 16.17286491394043 20.170848846435547 16.221120834350586 16.732704162597656 16.483871459960938 16.704256057739258 16.435712814331055 16.266176223754883 16.263839721679688 
16.3306884765625 16.079200744628906 15.987199783325195 16.0861759185791 15.697952270507812 15.613183975219727 15.668800354003906 15.984640121459961 17.614240646362305 16.911264419555664 16.34707260131836 15.79535961151123 16.194015502929688 16.22480010986328 15.957792282104492 15.904352188110352 
51.18073654174805 15.813759803771973 15.8121919631958 16.041439056396484 16.054527282714844 16.103391647338867 153.0166473388672 15.888447761535645 17.04262351989746 16.841983795166016 16.174240112304688 16.91324806213379 16.567903518676758 16.873952865600586 16.243711471557617 16.287872314453125 
15.765055656433105 15.413311958312988 15.621664047241211 15.76966381072998 15.854304313659668 15.801247596740723 15.65670394897461 15.883423805236816 17.998655319213867 16.315488815307617 16.084447860717773 16.262176513671875 15.964384078979492 15.799519538879395 16.457183837890625 15.846912384033203 
57.49433517456055 15.772704124450684 15.821951866149902 15.918944358825684 16.40630340576172 16.40492820739746 16.62985610961914 16.647775650024414 17.04819107055664 17.063968658447266 16.229248046875 16.693504333496094 16.562463760375977 16.79193687438965 16.227039337158203 16.299007415771484 
15.840895652770996 15.409791946411133 15.616288185119629 15.755328178405762 15.843647956848145 15.75648021697998 15.667360305786133 15.901087760925293 17.23676872253418 15.854816436767578 15.819616317749023 15.522591590881348 15.496928215026855 15.770751953125 15.934816360473633 15.799839973449707 
56.3787841796875 15.755711555480957 15.814784049987793 15.84819221496582 16.28019142150879 16.34998321533203 16.542495727539062 16.48467254638672 19.320480346679688 16.642911911010742 16.268672943115234 17.1562557220459 16.28963279724121 16.288223266601562 16.271839141845703 17.1125431060791 
15.868160247802734 15.444607734680176 15.760479927062988 15.876128196716309 15.847071647644043 15.756511688232422 15.666720390319824 15.711551666259766 18.478271484375 16.949344635009766 15.628928184509277 16.428735733032227 15.599007606506348 16.32758331298828 15.86303997039795 15.809056282043457 
61.63788986206055 15.754976272583008 15.781184196472168 15.839296340942383 15.818207740783691 16.35830307006836 16.418943405151367 16.25129508972168 19.186464309692383 16.549312591552734 16.956640243530273 16.106111526489258 17.160383224487305 16.62067222595215 16.655712127685547 16.259296417236328 
16.129087448120117 15.808768272399902 15.648159980773926 15.656224250793457 15.641311645507812 15.655712127685547 15.845120429992676 16.08527946472168 18.219776153564453 15.779647827148438 15.693696022033691 16.359935760498047 15.675040245056152 16.550432205200195 15.70412826538086 15.862303733825684 
57.43571090698242 15.787872314453125 15.7990083694458 15.79088020324707 15.875200271606445 16.199071884155273 16.2093448638916 16.195423126220703 20.347423553466797 16.483455657958984 16.15519905090332 16.166080474853516 16.347999572753906 16.299840927124023 16.44780731201172 16.480960845947266 
15.907487869262695 15.622015953063965 15.592320442199707 15.971327781677246 15.680447578430176 15.700799942016602 15.730527877807617 15.881343841552734 17.048736572265625 16.484352111816406 16.321887969970703 15.612288475036621 15.848735809326172 16.322240829467773 15.661343574523926 15.681792259216309 
55.30758285522461 15.756159782409668 15.790975570678711 15.80463981628418 16.537952423095703 15.864895820617676 16.463712692260742 16.621952056884766 19.99135971069336 17.316320419311523 16.43824005126953 16.853792190551758 16.6777286529541 16.569568634033203 16.14169692993164 16.724863052368164 
15.944064140319824 15.479071617126465 15.435808181762695 15.47539234161377 15.820223808288574 16.025407791137695 16.204832077026367 15.820672035217285 16.275039672851562 16.0743350982666 15.738335609436035 15.723808288574219 15.813920021057129 15.764479637145996 15.55241584777832 15.60921573638916 
53.02531051635742 18.493087768554688 18.7293758392334 19.040319442749023 19.00934410095215 19.07360076904297 19.195968627929688 19.2827205657959 21.631999969482422 19.21139144897461 19.369312286376953 19.726848602294922 19.936511993408203 18.962688446044922 19.526016235351562 19.479007720947266 
23.365856170654297 22.907808303833008 22.861087799072266 22.81110382080078 23.264575958251953 23.72879981994629 23.988672256469727 23.904224395751953 26.646047592163086 23.307104110717773 23.010623931884766 23.220672607421875 23.406463623046875 23.308639526367188 23.147968292236328 23.753408432006836 
36.30137634277344 18.55945587158203 18.63033676147461 19.041248321533203 19.18035125732422 19.017343521118164 18.83977508544922 19.171072006225586 22.346336364746094 19.00601577758789 19.003328323364258 19.663232803344727 19.428672790527344 19.541343688964844 19.57823944091797 19.877504348754883 
23.117151260375977 22.862560272216797 22.925439834594727 23.101184844970703 23.36444854736328 24.030336380004883 23.977951049804688 23.533567428588867 26.653663635253906 22.99065589904785 23.498559951782227 23.4583683013916 22.849760055541992 23.044160842895508 23.772863388061523 23.852991104125977 
50.95683288574219 18.64169692993164 19.20947265625 19.392192840576172 19.067136764526367 19.257568359375 19.34752082824707 19.401599884033203 24.589120864868164 19.136064529418945 18.94281578063965 20.121055603027344 19.667360305786133 19.589632034301758 19.597631454467773 19.546911239624023 
24.069311141967773 23.423744201660156 22.811552047729492 22.96735954284668 23.017120361328125 23.276735305786133 23.625951766967773 23.669984817504883 25.764671325683594 22.98409652709961 24.00115203857422 23.365631103515625 22.930143356323242 23.10438346862793 23.01206398010254 24.069984436035156 
38.360511779785156 18.53183937072754 18.800800323486328 19.325151443481445 19.297056198120117 18.93110466003418 19.237184524536133 19.24608039855957 21.399871826171875 20.10326385498047 19.65875244140625 19.72211265563965 19.711040496826172 19.076799392700195 19.243328094482422 19.576223373413086 
23.609695434570312 23.09663963317871 22.841344833374023 23.05523109436035 23.255359649658203 23.668352127075195 23.750080108642578 23.619199752807617 26.616544723510742 23.08847999572754 23.199935913085938 24.757823944091797 24.44588851928711 23.1889591217041 22.8472957611084 23.569856643676758 
55.174625396728516 18.956735610961914 19.274560928344727 19.179519653320312 19.438016891479492 19.447967529296875 19.314239501953125 19.351455688476562 18.552671432495117 19.184160232543945 18.96272087097168 18.943744659423828 18.982847213745117 20.031776428222656 19.389728546142578 19.11712074279785 
24.282880783081055 23.39638328552246 23.092639923095703 23.508352279663086 23.776479721069336 23.77996826171875 23.377952575683594 23.160383224487305 27.01260757446289 23.242080688476562 23.30745506286621 22.95427131652832 22.867359161376953 23.152191162109375 23.32784080505371 23.51260757446289 
32.059326171875 18.57423973083496 18.702367782592773 19.19615936279297 19.234432220458984 18.878175735473633 18.835552215576172 18.892704010009766 22.32307243347168 19.597055435180664 18.97100830078125 19.63360023498535 19.193920135498047 19.420320510864258 19.317983627319336 19.013856887817383 
23.575328826904297 23.33612823486328 23.40991973876953 23.314943313598633 23.066944122314453 23.115680694580078 23.363391876220703 23.849279403686523 25.955167770385742 23.221023559570312 23.174943923950195 23.0644474029541 23.077280044555664 23.409568786621094 23.348608016967773 23.691200256347656 
33.13129425048828 18.544864654541016 19.088224411010742 19.457439422607422 19.30668830871582 19.414304733276367 19.473440170288086 19.43027114868164 22.09270477294922 19.873023986816406 19.370464324951172 19.480607986450195 19.697952270507812 19.695711135864258 19.9354248046875 19.700960159301758 
24.193471908569336 23.1713924407959 23.03932762145996 23.040672302246094 23.158143997192383 23.668031692504883 23.40060806274414 23.269760131835938 27.582815170288086 23.300735473632812 23.498912811279297 23.11123275756836 23.496864318847656 23.26246452331543 23.35875129699707 24.697952270507812 
81.81126403808594 18.936992645263672 18.945215225219727 18.52025604248047 18.749183654785156 18.796768188476562 18.718015670776367 177.36944580078125 22.221311569213867 19.0914249420166 19.720928192138672 18.86147117614746 19.597759246826172 19.570816040039062 19.726943969726562 19.897632598876953 
23.71843147277832 23.006656646728516 22.966432571411133 23.134111404418945 23.204639434814453 23.80633544921875 23.94540786743164 23.52252769470215 26.93824005126953 23.1823673248291 23.051647186279297 23.180896759033203 22.962047576904297 23.541088104248047 23.39580726623535 23.251455307006836 
32.111358642578125 18.539583206176758 18.706623077392578 19.241504669189453 19.29974365234375 18.864704132080078 18.76265525817871 18.840192794799805 20.128864288330078 19.702016830444336 19.41584014892578 19.7108154296875 19.56889533996582 19.80748748779297 19.51705551147461 19.555776596069336 
23.451200485229492 23.103168487548828 22.96454429626465 23.033279418945312 23.249984741210938 23.468704223632812 24.124000549316406 23.707040786743164 27.61417579650879 23.0328311920166 23.527360916137695 23.371231079101562 23.490432739257812 23.240095138549805 23.527936935424805 23.361343383789062 
32.08015823364258 18.556991577148438 18.659807205200195 19.008928298950195 19.26723289489746 19.173248291015625 18.84934425354004 18.83977508544922 22.971296310424805 20.075103759765625 19.126848220825195 19.362079620361328 19.71392059326172 19.539743423461914 19.927040100097656 19.405376434326172 
23.59391975402832 22.948095321655273 22.941631317138672 22.96393585205078 23.041120529174805 23.623104095458984 23.748640060424805 23.423519134521484 27.360864639282227 23.279008865356445 22.842496871948242 23.393983840942383 23.494272232055664 23.347808837890625 23.11840057373047 23.18230438232422 
30.000192642211914 18.92336082458496 18.972896575927734 19.33679962158203 19.979808807373047 19.683679580688477 101.96495819091797 18.795743942260742 23.82956886291504 19.682144165039062 19.343936920166016 19.588672637939453 19.720863342285156 19.221887588500977 19.4268798828125 19.310592651367188 
17.298303604125977 16.825504302978516 16.8472957611084 16.7109432220459 27.851520538330078 16.615327835083008 16.561920166015625 16.552671432495117 19.87001609802246 18.316640853881836 17.01740837097168 17.618816375732422 17.194368362426758 16.864160537719727 17.263103485107422 16.672576904296875 
35.135616302490234 165.28799438476562 18.809120178222656 18.742656707763672 19.17363166809082 19.509695053100586 19.478239059448242 19.486879348754883 23.685951232910156 19.661407470703125 19.63871955871582 19.402944564819336 19.47551918029785 19.895679473876953 19.49839973449707 19.713823318481445 
16.92176055908203 16.568063735961914 16.60870361328125 16.689088821411133 22.58995246887207 16.603967666625977 16.537696838378906 16.494335174560547 19.910751342773438 16.9718074798584 28.008384704589844 17.79088020324707 17.21023941040039 17.494943618774414 17.611167907714844 17.107391357421875 
33.064064025878906 18.84003257751465 152.74864196777344 18.701248168945312 18.648639678955078 19.330015182495117 19.477279663085938 19.626943588256836 24.90070343017578 19.417375564575195 19.45088005065918 19.43199920654297 19.823808670043945 19.249887466430664 19.486303329467773 19.57209587097168 
16.90995216369629 16.502656936645508 16.70457649230957 21.290719985961914 30.82646369934082 16.546688079833984 16.49488067626953 16.836191177368164 17.325504302978516 17.491552352905273 23.228063583374023 16.96131134033203 16.533248901367188 17.10198402404785 17.110271453857422 17.447967529296875 
36.16739273071289 18.778560638427734 158.0408935546875 18.724672317504883 18.81216049194336 18.829343795776367 19.058944702148438 19.0533447265625 24.525056838989258 19.903167724609375 19.401695251464844 19.66057586669922 19.821151733398438 19.469120025634766 19.97772789001465 19.434656143188477 
17.083295822143555 16.529247283935547 16.782400131225586 17.100128173828125 18.685344696044922 17.214271545410156 17.15660858154297 16.7457275390625 21.015968322753906 17.82592010498047 17.165279388427734 17.16169548034668 17.459327697753906 16.743711471557617 17.9052791595459 16.98080062866211 
35.22300720214844 18.86422348022461 154.76856994628906 18.765056610107422 18.865407943725586 19.174335479736328 19.5218563079834 19.62828826904297 23.941375732421875 19.72774314880371 19.26691246032715 19.557472229003906 19.41484832763672 19.640384674072266 19.36502456665039 19.539264678955078 
16.971904754638672 16.6167049407959 16.635263442993164 21.82268714904785 19.637216567993164 16.37731170654297 16.422399520874023 16.45916748046875 21.904640197753906 17.477855682373047 19.168447494506836 17.818464279174805 16.95369529724121 18.14214324951172 17.201440811157227 17.128896713256836 
33.10851287841797 18.799936294555664 152.74508666992188 18.81942367553711 18.830495834350586 18.880544662475586 19.225696563720703 19.68764877319336 23.472864151000977 19.650304794311523 19.444032669067383 19.640832901000977 19.973407745361328 19.67523193359375 19.814912796020508 19.58527946472168 
17.13382339477539 16.518911361694336 16.568031311035156 16.54595184326172 25.51468849182129 16.651199340820312 16.623071670532227 17.03856086730957 20.089792251586914 17.085376739501953 25.901567459106445 17.698911666870117 17.230464935302734 16.981887817382812 16.693119049072266 16.65532875061035 
38.317440032958984 18.831327438354492 154.843994140625 18.729663848876953 18.791263580322266 18.823999404907227 18.961984634399414 19.395263671875 21.275968551635742 19.87718391418457 19.519136428833008 19.491647720336914 19.420543670654297 19.483135223388672 19.711456298828125 19.600191116333008 
17.27350425720215 16.641952514648438 17.256576538085938 20.506080627441406 26.04640007019043 16.467199325561523 16.510271072387695 16.71014404296875 21.81376075744629 17.26367950439453 18.6496639251709 16.957151412963867 18.12233543395996 17.30188751220703 16.828351974487305 17.319807052612305 
35.09628677368164 160.0775604248047 18.802719116210938 18.749984741210938 19.097951889038086 19.07036781311035 19.624319076538086 19.427104949951172 23.59769630432129 20.15727996826172 19.601184844970703 19.355775833129883 19.49171257019043 19.485279083251953 20.36444854736328 19.26678466796875 
17.093952178955078 16.550495147705078 16.485183715820312 16.55788803100586 23.314687728881836 16.523168563842773 16.93619155883789 17.128192901611328 20.967744827270508 17.475807189941406 18.864639282226562 17.144351959228516 17.543167114257812 18.051904678344727 17.198623657226562 17.247615814208984 
37.27174377441406 172.553955078125 18.686464309692383 18.657920837402344 19.04489517211914 19.18726348876953 19.474912643432617 19.66262435913086 24.536863327026367 19.967199325561523 19.687583923339844 19.550783157348633 19.809568405151367 19.731775283813477 19.657535552978516 19.673503875732422 
17.019840240478516 16.54400062561035 16.552000045776367 16.855039596557617 23.289152145385742 16.62041664123535 16.579328536987305 17.08118438720703 19.192319869995117 17.977855682373047 17.440832138061523 17.099136352539062 18.061248779296875 17.36617660522461 17.855615615844727 17.231647491455078 
38.25609588623047 110.74176025390625 18.79529571533203 19.0413761138916 29.515199661254883 19.025535583496094 19.037696838378906 19.272031784057617 24.06867218017578 19.563488006591797 20.245983123779297 19.5295352935791 19.725311279296875 19.800512313842773 19.755807876586914 19.55891227722168 
17.05392074584961 16.575231552124023 16.54707145690918 16.70956802368164 29.555519104003906 16.508159637451172 16.428735733032227 16.443679809570312 21.577375411987305 17.092287063598633 19.35491180419922 17.1507511138916 16.979711532592773 17.65056037902832 16.89958381652832 17.886016845703125 
34.06857681274414 17.0383358001709 232.95411682128906 16.928672790527344 16.94419288635254 16.951711654663086 16.994783401489258 17.429536819458008 20.271648406982422 17.947999954223633 17.37455940246582 18.661151885986328 17.65395164489746 17.340896606445312 18.478944778442383 18.111583709716797 
21.354175567626953 20.937503814697266 20.904287338256836 20.95587158203125 21.391359329223633 21.62166404724121 21.823040008544922 22.143264770507812 24.623680114746094 21.947839736938477 21.343231201171875 21.051008224487305 21.56345558166504 21.18342399597168 20.98543930053711 21.728160858154297 
51.92646408081055 17.075551986694336 17.127904891967773 17.14588737487793 17.21241569519043 17.28607940673828 17.343904495239258 17.570112228393555 22.170207977294922 18.132959365844727 18.870784759521484 17.61408042907715 17.52444839477539 18.11942481994629 18.1015682220459 17.33807945251465 
22.36832046508789 21.551904678344727 21.138240814208984 21.14681625366211 21.131135940551758 21.158720016479492 21.124223709106445 21.328800201416016 24.37868881225586 21.550752639770508 21.591167449951172 21.270336151123047 21.96566390991211 21.381183624267578 22.495744705200195 21.83785629272461 
59.286399841308594 17.078432083129883 17.068096160888672 17.098560333251953 17.108352661132812 17.70591926574707 17.794912338256836 17.8505916595459 25.072383880615234 17.940383911132812 17.553119659423828 17.83558464050293 18.374080657958984 17.590015411376953 18.510784149169922 18.187744140625 
21.581151962280273 21.386720657348633 21.60915184020996 22.080320358276367 22.054719924926758 21.848960876464844 21.646528244018555 21.32499122619629 24.504959106445312 21.684864044189453 21.344064712524414 21.515552520751953 22.11612892150879 21.552032470703125 21.93062400817871 21.95849609375 
52.98406219482422 17.036224365234375 17.070016860961914 17.506240844726562 17.64067268371582 17.762048721313477 17.942399978637695 17.736543655395508 20.410175323486328 18.09916877746582 17.246431350708008 17.915584564208984 17.940799713134766 17.360288619995117 18.928064346313477 18.0251522064209 
21.370208740234375 20.960224151611328 21.048288345336914 21.49728012084961 21.837696075439453 22.352319717407227 21.847423553466797 21.735904693603516 26.08550453186035 21.408384323120117 21.805152893066406 21.361663818359375 21.61884880065918 21.519487380981445 21.20342445373535 22.126367568969727 
54.01011276245117 17.05446434020996 17.079519271850586 17.15020751953125 17.468544006347656 17.46460723876953 17.784095764160156 18.188447952270508 25.68623924255371 17.926368713378906 18.4418888092041 17.489791870117188 18.90425682067871 18.540319442749023 17.97875213623047 17.77519989013672 
22.208576202392578 21.353055953979492 21.189504623413086 21.15577507019043 21.02739143371582 21.079103469848633 21.07481575012207 21.187135696411133 20.77324867248535 21.988096237182617 21.213024139404297 22.94780731201172 21.340192794799805 21.610271453857422 21.621280670166016 22.664287567138672 
57.15827178955078 17.110464096069336 17.090816497802734 17.10416030883789 17.60950469970703 17.917760848999023 18.132192611694336 18.033695220947266 22.79043197631836 18.210208892822266 17.697792053222656 18.1724796295166 18.777088165283203 17.80950355529785 18.139007568359375 18.457216262817383 
21.49945640563965 21.139936447143555 21.30816078186035 21.291135787963867 21.495519638061523 21.624576568603516 21.261856079101562 21.20966339111328 25.80886459350586 21.54534339904785 21.315359115600586 23.085664749145508 21.28691291809082 21.504959106445312 21.36297607421875 22.92678451538086 
56.091102600097656 17.11248016357422 17.064992904663086 17.065824508666992 17.170591354370117 17.725664138793945 17.699552536010742 17.738527297973633 26.393247604370117 17.743776321411133 18.105632781982422 17.609376907348633 17.698335647583008 17.932575225830078 17.408287048339844 18.429567337036133 
22.190431594848633 21.247520446777344 21.309856414794922 21.31270408630371 21.250751495361328 21.231008529663086 21.228544235229492 21.15724754333496 26.126976013183594 21.51456069946289 21.419200897216797 22.029504776000977 21.696704864501953 21.265024185180664 21.919519424438477 21.60153579711914 
53.97209548950195 17.097375869750977 17.110944747924805 17.262752532958984 17.37603187561035 17.66454315185547 17.781984329223633 18.012128829956055 23.827232360839844 17.16649627685547 18.731199264526367 17.86841583251953 17.928192138671875 18.21059226989746 18.165952682495117 17.577407836914062 
21.49519920349121 20.940895080566406 20.947519302368164 21.00966453552246 21.125791549682617 21.058879852294922 21.266176223754883 21.42508888244629 25.168960571289062 21.794912338256836 21.45350456237793 21.585119247436523 21.71824073791504 21.471967697143555 21.444448471069336 21.98975944519043 
55.087711334228516 17.061344146728516 17.066272735595703 17.662879943847656 17.69424057006836 17.744831085205078 17.91084861755371 18.226335525512695 21.493728637695312 18.044031143188477 17.815744400024414 18.360607147216797 18.040447235107422 17.673856735229492 18.462560653686523 18.0402889251709 
21.291040420532227 20.977407455444336 20.942527770996094 21.07529640197754 21.211008071899414 21.218303680419922 21.806751251220703 21.96259117126465 25.86342430114746 21.44643211364746 21.51411247253418 21.24390411376953 21.589887619018555 21.430912017822266 21.786720275878906 21.92140769958496 
61.347999572753906 17.05193519592285 17.18659210205078 17.329471588134766 17.296159744262695 17.294719696044922 17.502399444580078 17.703231811523438 25.990591049194336 18.2706241607666 17.9671688079834 17.38275146484375 18.642240524291992 17.873727798461914 17.37331199645996 18.532672882080078 
22.207359313964844 21.490432739257812 21.551071166992188 21.526687622070312 21.531936645507812 21.509408950805664 21.291711807250977 21.17740821838379 25.397024154663086 21.638463973999023 21.18284797668457 21.886432647705078 21.552223205566406 21.174495697021484 21.456703186035156 21.48099136352539 
53.34764862060547 14.546560287475586 14.62230396270752 14.84943962097168 14.759008407592773 14.807519912719727 14.88806438446045 14.990655899047852 20.864288330078125 15.157983779907227 14.820863723754883 15.030719757080078 15.458720207214355 15.693632125854492 14.929280281066895 15.574560165405273 
18.055776596069336 17.791072845458984 18.012224197387695 18.116544723510742 18.211103439331055 18.00271987915039 17.781600952148438 17.788959503173828 20.47337532043457 17.88684844970703 17.703359603881836 17.827680587768555 18.159360885620117 17.636159896850586 17.650047302246094 17.928512573242188 
72.74607849121094 14.536224365234375 14.553600311279297 14.56991958618164 14.641535758972168 14.850879669189453 14.883135795593262 14.894880294799805 20.429887771606445 16.05846405029297 15.340096473693848 15.305055618286133 14.897855758666992 14.806528091430664 15.649151802062988 15.143360137939453 
17.438688278198242 17.282047271728516 17.757823944091797 17.791519165039062 18.074176788330078 18.205663681030273 18.29827117919922 18.09516716003418 20.975616455078125 17.917600631713867 17.678592681884766 17.459487915039062 18.891904830932617 17.844575881958008 17.54332733154297 17.92745590209961 
57.48835372924805 14.548447608947754 14.497535705566406 14.578720092773438 14.539775848388672 14.583359718322754 14.95695972442627 14.904864311218262 22.56550407409668 15.017888069152832 15.397248268127441 14.950143814086914 14.695327758789062 14.844223976135254 15.813759803771973 15.20406436920166 
17.47551918029785 17.26108741760254 17.37171173095703 17.75049591064453 17.96076774597168 18.033952713012695 18.043903350830078 18.051359176635742 20.544448852539062 17.833568572998047 17.680063247680664 17.68764877319336 17.541664123535156 17.650304794311523 17.64896011352539 17.99555206298828 
74.30582427978516 14.607487678527832 14.54470443725586 14.555680274963379 14.979104042053223 14.974495887756348 14.98095989227295 14.988160133361816 19.409696578979492 15.103936195373535 15.453791618347168 15.12723159790039 14.869824409484863 14.982175827026367 16.224512100219727 14.932255744934082 
17.631488800048828 17.333887100219727 17.258432388305664 17.231487274169922 17.89619255065918 18.101600646972656 18.142911911010742 18.391904830932617 19.789888381958008 18.002208709716797 18.45667266845703 17.675935745239258 17.70582389831543 17.799104690551758 17.75257682800293 18.064992904663086 
54.37526321411133 14.618176460266113 16.25503921508789 14.618144035339355 14.6146879196167 14.71241569519043 15.138208389282227 15.146143913269043 19.399839401245117 15.418656349182129 14.970272064208984 14.851103782653809 14.955455780029297 15.40675163269043 15.195072174072266 15.067968368530273 
17.777088165283203 17.429983139038086 17.427616119384766 17.420127868652344 17.729087829589844 17.754335403442383 17.942752838134766 17.961952209472656 20.596416473388672 17.692703247070312 17.268863677978516 17.538719177246094 17.658687591552734 17.531999588012695 17.69772720336914 18.511104583740234 
76.40751647949219 14.492192268371582 14.538432121276855 14.507967948913574 14.841407775878906 15.01756763458252 15.134688377380371 15.190272331237793 23.75119972229004 15.913727760314941 14.732159614562988 15.08944034576416 14.889375686645508 15.074655532836914 14.779680252075195 14.994463920593262 
17.990591049194336 17.739168167114258 17.689247131347656 17.7840633392334 17.727008819580078 17.632511138916016 17.501855850219727 17.491775512695312 20.293344497680664 18.17683219909668 17.852800369262695 17.58847999572754 17.562591552734375 17.639711380004883 17.87708854675293 17.986848831176758 
77.98783874511719 14.558655738830566 14.53433609008789 14.522080421447754 14.886816024780273 14.878463745117188 14.872544288635254 16.723039627075195 20.592384338378906 15.092255592346191 14.71343994140625 15.062496185302734 14.843647956848145 15.528512001037598 14.843199729919434 14.836480140686035 
17.86992073059082 17.78540802001953 17.75129508972168 17.69388771057129 17.536096572875977 17.601055145263672 17.477888107299805 17.73753547668457 20.4737606048584 17.931360244750977 17.49123191833496 17.449663162231445 17.942272186279297 17.788671493530273 17.690336227416992 17.81782341003418 
54.36240005493164 14.52627182006836 15.317919731140137 14.618111610412598 14.80294418334961 14.792223930358887 14.777536392211914 14.76576042175293 19.721471786499023 15.627872467041016 15.15129566192627 15.068896293640137 14.893983840942383 14.863424301147461 15.294015884399414 15.555359840393066 
17.59702491760254 17.2838077545166 17.269311904907227 17.254207611083984 17.820863723754883 18.134687423706055 17.979711532592773 17.8176326751709 21.501407623291016 17.824575424194336 18.03116798400879 18.417024612426758 17.57164764404297 17.76425552368164 17.720224380493164 17.663711547851562 
77.43907165527344 14.515839576721191 14.501503944396973 14.593184471130371 14.752767562866211 14.98265552520752 15.051551818847656 15.170528411865234 21.469600677490234 15.823840141296387 14.78006362915039 14.878144264221191 15.492735862731934 15.265439987182617 14.928128242492676 15.333024024963379 
17.856735229492188 17.72256088256836 17.84377670288086 18.05948829650879 18.070432662963867 17.92425537109375 17.783039093017578 17.716447830200195 21.481151580810547 18.018016815185547 17.640384674072266 17.280607223510742 17.798336029052734 17.714271545410156 17.84236717224121 17.837631225585938 
76.40080261230469 14.575008392333984 14.60489559173584 14.752287864685059 14.744607925415039 14.752479553222656 14.753984451293945 15.149056434631348 20.085376739501953 15.552767753601074 14.90176010131836 15.204671859741211 15.63862419128418 15.346559524536133 15.058879852294922 15.7739839553833 
18.214752197265625 17.50886344909668 17.51763153076172 17.525279998779297 17.89356803894043 17.813472747802734 17.669471740722656 17.532703399658203 19.1362247467041 17.894975662231445 17.6824951171875 17.74950408935547 17.6378231048584 17.739391326904297 18.257984161376953 17.943775177001953 
87.07721710205078 19.525663375854492 19.563199996948242 20.335296630859375 20.77452850341797 20.75372886657715 20.661792755126953 20.69843292236328 23.811391830444336 20.80348777770996 20.100799560546875 20.028640747070312 20.206783294677734 20.064512252807617 20.228160858154297 20.077119827270508 
21.22982406616211 21.364736557006836 21.858495712280273 21.97327995300293 21.91209602355957 21.85161590576172 21.77190399169922 21.444799423217773 26.078880310058594 21.559999465942383 21.56447982788086 21.56675148010254 21.6231689453125 21.537567138671875 21.794944763183594 21.754880905151367 
32.780513763427734 19.496959686279297 19.464832305908203 19.575584411621094 20.279071807861328 209.42623901367188 19.412832260131836 19.46019172668457 25.39206314086914 20.757823944091797 20.639455795288086 20.16217613220215 20.131135940551758 20.511327743530273 20.171072006225586 20.156063079833984 
21.76348876953125 21.66307258605957 21.839008331298828 21.913408279418945 21.751808166503906 21.707712173461914 21.593599319458008 27.47475242614746 24.744192123413086 21.65238380432129 21.62495994567871 22.046367645263672 21.536096572875977 21.62006378173828 21.924991607666016 21.50217628479004 
34.59971237182617 19.521440505981445 19.53046417236328 19.842527389526367 20.144927978515625 117.90415954589844 19.410144805908203 19.43497657775879 24.535072326660156 20.111007690429688 20.25324821472168 20.184160232543945 20.143199920654297 20.166336059570312 20.28825569152832 20.37958335876465 
21.65558433532715 21.438047409057617 21.816383361816406 21.803264617919922 21.74025535583496 21.81942367553711 21.383359909057617 21.19491195678711 24.364351272583008 21.600767135620117 21.535295486450195 21.653600692749023 21.74064064025879 21.52943992614746 21.751007080078125 21.596864700317383 
33.590110778808594 19.50182342529297 19.593599319458008 19.839136123657227 20.044832229614258 195.1308135986328 19.419456481933594 19.654752731323242 24.438720703125 20.198015213012695 20.22604751586914 20.170623779296875 20.243616104125977 19.737695693969727 20.287616729736328 20.28835105895996 
21.66908836364746 21.246368408203125 21.517375946044922 22.00111961364746 21.78771209716797 21.341983795166016 21.224000930786133 21.166879653930664 24.513280868530273 21.660991668701172 21.50339126586914 21.6144962310791 21.659040451049805 21.04524803161621 21.703392028808594 21.647680282592773 
33.527809143066406 19.50377655029297 19.626848220825195 20.25212860107422 20.927871704101562 116.74412536621094 19.400672912597656 19.445215225219727 24.92790412902832 20.509376525878906 20.341503143310547 20.611488342285156 20.75939178466797 21.31667137145996 21.08028793334961 20.01740837097168 
21.616512298583984 21.004127502441406 21.138303756713867 21.272960662841797 21.238399505615234 21.702335357666016 21.994016647338867 22.03094482421875 24.201887130737305 21.46272087097168 21.60089683532715 21.505151748657227 21.54262351989746 21.798080444335938 21.469375610351562 21.51705551147461 
32.50582504272461 19.504064559936523 19.590015411376953 19.71001625061035 20.19049644470215 196.57635498046875 19.451200485229492 19.555456161499023 25.391807556152344 20.23708724975586 20.722431182861328 20.421344757080078 20.748992919921875 20.845216751098633 20.388832092285156 21.2161922454834 
21.67078399658203 21.32271957397461 21.806976318359375 22.183103561401367 22.03775978088379 21.891008377075195 21.742687225341797 21.773151397705078 24.54422378540039 21.658687591552734 21.630943298339844 22.268800735473633 21.486719131469727 21.565536499023438 22.263967514038086 21.665504455566406 
32.487552642822266 19.490528106689453 19.53878402709961 19.681535720825195 19.96735954284668 116.93917083740234 19.45145606994629 19.493408203125 24.422176361083984 19.97065544128418 20.032960891723633 19.936735153198242 20.13052749633789 20.07548713684082 20.122528076171875 20.18284797668457 
21.43270492553711 21.32271957397461 21.491519927978516 21.789472579956055 21.801664352416992 21.862367630004883 21.626399993896484 21.353759765625 23.951007843017578 21.524639129638672 21.559072494506836 21.608320236206055 21.825824737548828 21.639328002929688 21.613407135009766 21.676959991455078 
32.51193618774414 19.532032012939453 19.697023391723633 19.805824279785156 20.069183349609375 201.53219604492188 19.417055130004883 19.469375610351562 23.48419189453125 20.106367111206055 20.181055068969727 20.261695861816406 20.02841567993164 20.127647399902344 20.150527954101562 20.458816528320312 
21.531648635864258 21.25212860107422 21.41321563720703 21.535232543945312 21.57606315612793 21.628223419189453 21.42915153503418 21.231807708740234 22.587360382080078 21.950624465942383 21.98793601989746 21.610464096069336 21.737855911254883 21.640127182006836 21.58620834350586 21.801759719848633 
33.561344146728516 19.538496017456055 19.84332847595215 20.27622413635254 20.672800064086914 114.53081512451172 19.390560150146484 19.51215934753418 27.300384521484375 20.424671173095703 20.49849510192871 20.55129623413086 21.389184951782227 20.131328582763672 20.096288681030273 20.38252830505371 
21.48192024230957 21.055456161499023 21.344575881958008 21.90991973876953 21.962879180908203 21.90435218811035 21.892192840576172 21.9003849029541 25.268352508544922 21.613887786865234 21.64156723022461 21.689407348632812 21.540800094604492 22.71855926513672 21.69923210144043 21.617151260375977 
32.512351989746094 19.550559997558594 19.584863662719727 19.7936954498291 19.956127166748047 198.82742309570312 19.384607315063477 19.48147201538086 23.482080459594727 20.232799530029297 20.07414436340332 20.095487594604492 20.144351959228516 20.266016006469727 20.117759704589844 20.204832077026367 
21.529407501220703 21.41744041442871 21.838111877441406 21.8287353515625 21.900127410888672 21.62246322631836 21.3590087890625 21.181568145751953 24.20150375366211 21.525983810424805 21.386911392211914 22.120895385742188 21.39449691772461 21.597183227539062 21.7794246673584 21.506399154663086 
34.3144645690918 20.419328689575195 20.742048263549805 21.013151168823242 21.260480880737305 106.00137329101562 20.319040298461914 20.40492820739746 25.189119338989258 21.17011260986328 21.617919921875 20.822847366333008 21.113983154296875 21.20921516418457 21.104352951049805 21.70195198059082 
26.545312881469727 25.94576072692871 25.917984008789062 25.243999481201172 25.183263778686523 25.430784225463867 25.884000778198242 25.45964813232422 30.98601531982422 25.185216903686523 24.79033660888672 24.9769287109375 25.253183364868164 25.58710479736328 25.158655166625977 25.512832641601562 
78.65235137939453 20.50511932373047 20.42963218688965 20.65862464904785 21.06380844116211 20.90447998046875 20.915903091430664 20.99785614013672 25.31279945373535 21.296640396118164 21.159008026123047 21.64044761657715 21.236831665039062 21.6494083404541 21.102624893188477 21.371679306030273 
26.57276725769043 25.08483123779297 25.024736404418945 25.704511642456055 25.425376892089844 25.484256744384766 26.170719146728516 25.940959930419922 29.90902328491211 25.584287643432617 25.540864944458008 26.65670394897461 25.04332733154297 25.18876838684082 25.13711929321289 25.359647750854492 
81.75183868408203 20.717920303344727 20.426111221313477 20.635936737060547 20.721952438354492 20.6759033203125 20.996671676635742 21.08687973022461 25.052671432495117 21.30227279663086 21.74300765991211 21.662336349487305 21.189727783203125 21.425567626953125 22.07423973083496 21.263647079467773 
26.17535972595215 25.348831176757812 25.087263107299805 25.062271118164062 25.465120315551758 26.015392303466797 25.338016510009766 25.71196746826172 30.1777286529541 25.510112762451172 25.444416046142578 25.23846435546875 25.1279354095459 25.28870391845703 25.215967178344727 25.220096588134766 
63.85785675048828 20.794048309326172 21.342880249023438 21.10259246826172 21.43235206604004 21.650463104248047 21.596864700317383 21.583776473999023 25.608736038208008 21.370464324951172 21.68195152282715 20.947647094726562 21.214496612548828 21.41823959350586 21.649887084960938 21.02547264099121 
25.981760025024414 25.379648208618164 25.17158317565918 25.238880157470703 25.4400634765625 25.737119674682617 25.25814437866211 25.994335174560547 30.044479370117188 25.329696655273438 25.210847854614258 25.336544036865234 25.609760284423828 25.773855209350586 25.364416122436523 25.457056045532227 
63.82236862182617 20.87491226196289 20.48726463317871 20.8143367767334 20.826271057128906 20.838144302368164 20.95452880859375 20.78214454650879 27.047391891479492 21.340639114379883 21.612512588500977 21.57596778869629 21.065343856811523 21.500192642211914 21.64249610900879 21.320480346679688 
25.690784454345703 25.677631378173828 25.354463577270508 25.10860824584961 25.077791213989258 25.953407287597656 25.629472732543945 25.40559959411621 32.69804763793945 25.214208602905273 25.866943359375 25.1343994140625 25.23632049560547 25.57257652282715 26.460927963256836 25.53116798400879 
66.0182113647461 20.71878433227539 20.479135513305664 20.65078353881836 20.709056854248047 20.831199645996094 20.753952026367188 20.7838077545166 27.594207763671875 21.130176544189453 21.360960006713867 21.501920700073242 21.033695220947266 21.189504623413086 21.44643211364746 23.26790428161621 
25.5578556060791 25.342304229736328 25.183744430541992 25.204736709594727 25.927135467529297 26.263200759887695 25.510944366455078 25.336671829223633 29.928512573242188 25.20649528503418 26.08880043029785 25.435808181762695 25.374048233032227 25.28870391845703 25.124095916748047 25.624895095825195 
63.84476852416992 20.80905532836914 20.84137535095215 20.84115219116211 21.183935165405273 21.251327514648438 21.314815521240234 21.195775985717773 26.801984786987305 21.98249626159668 21.09663963317871 20.914112091064453 21.599647521972656 21.773727416992188 21.321247100830078 21.364959716796875 
25.618303298950195 25.10483169555664 25.034303665161133 25.68022346496582 26.1876163482666 25.645343780517578 25.19113540649414 26.176767349243164 29.84774398803711 26.228384017944336 25.56502342224121 25.098848342895508 24.906591415405273 25.037887573242188 25.1889591217041 25.592607498168945 
65.98348999023438 20.790719985961914 20.43814468383789 20.66876792907715 20.759647369384766 20.770431518554688 20.819839477539062 20.827104568481445 27.172128677368164 21.467071533203125 21.49488067626953 21.96227264404297 21.05504035949707 21.239776611328125 21.87763214111328 21.347776412963867 
25.735551834106445 25.364704132080078 25.26950454711914 25.190399169921875 26.081920623779297 26.122432708740234 25.635135650634766 25.720767974853516 30.86307144165039 25.782047271728516 25.740095138549805 25.628543853759766 25.17401695251465 26.486623764038086 25.228832244873047 25.386144638061523 
74.4189453125 20.734560012817383 20.488319396972656 20.786399841308594 21.323423385620117 21.79756736755371 21.954496383666992 21.760896682739258 27.03433609008789 21.25040054321289 21.907520294189453 21.426143646240234 21.005760192871094 21.333375930786133 21.443775177001953 21.464096069335938 
25.9355525970459 25.841279983520508 25.67977523803711 25.204160690307617 25.61859130859375 26.38275146484375 25.56163215637207 25.218368530273438 30.49951934814453 25.822431564331055 25.86742401123047 25.095935821533203 25.48736000061035 25.31158447265625 25.160736083984375 25.19398307800293 
67.02861022949219 20.777759552001953 20.733184814453125 20.77132797241211 20.975391387939453 21.24620819091797 21.235776901245117 21.207103729248047 27.71993637084961 21.317407608032227 20.75904083251953 21.673824310302734 21.827871322631836 21.052064895629883 21.22051239013672 21.719520568847656 
25.792768478393555 25.12076759338379 25.892160415649414 26.039520263671875 25.401504516601562 25.53696060180664 26.051776885986328 25.52035140991211 29.741119384765625 25.325439453125 24.98259162902832 25.965599060058594 25.417247772216797 25.171615600585938 25.0863037109375 25.326751708984375 
67.95353698730469 20.079967498779297 20.142976760864258 20.297119140625 20.38483238220215 20.693248748779297 20.907136917114258 33.366432189941406 26.148160934448242 20.746400833129883 21.108415603637695 20.48588752746582 20.565696716308594 20.71392059326172 20.26313591003418 20.58937644958496 
19.295263290405273 18.867168426513672 18.814687728881836 18.963327407836914 19.33523178100586 19.449983596801758 19.365856170654297 19.320415496826172 22.339296340942383 19.142208099365234 18.93926429748535 19.722047805786133 18.933151245117188 19.400352478027344 20.189023971557617 19.69558334350586 
55.30928039550781 19.641664505004883 19.706655502319336 19.772960662841797 19.79497528076172 20.041311264038086 20.115583419799805 162.4984893798828 25.412063598632812 20.712383270263672 21.219200134277344 20.46659278869629 19.993120193481445 20.548992156982422 20.518016815185547 20.658239364624023 
19.29987144470215 18.712064743041992 18.809247970581055 19.009727478027344 19.036256790161133 19.15228843688965 19.097856521606445 19.265727996826172 22.338111877441406 19.994943618774414 19.526079177856445 18.871967315673828 19.213119506835938 19.17305564880371 19.06812858581543 19.18060874938965 
55.349246978759766 19.685504913330078 19.73526382446289 20.15724754333496 20.444927215576172 20.488832473754883 20.578367233276367 166.09718322753906 24.226272583007812 20.396896362304688 20.722719192504883 21.281984329223633 20.580671310424805 20.610912322998047 20.291807174682617 20.347360610961914 
19.492511749267578 18.81964874267578 18.974367141723633 19.067232131958008 19.276735305786133 19.447200775146484 19.419679641723633 19.351104736328125 22.825023651123047 20.193599700927734 19.465791702270508 19.31612777709961 18.93484878540039 19.302431106567383 19.06844711303711 19.325952529907227 
54.32521438598633 19.744224548339844 19.748863220214844 20.04368019104004 20.01923179626465 20.02908706665039 20.03443145751953 171.39625549316406 25.690719604492188 20.54991912841797 20.24515151977539 20.539264678955078 20.257856369018555 20.07980728149414 20.788063049316406 20.528255462646484 
19.32271957397461 18.64031982421875 18.632671356201172 18.797056198120117 19.03673553466797 19.417728424072266 19.41481590270996 19.303359985351562 22.276159286499023 19.1265926361084 19.052223205566406 19.2989444732666 18.890560150146484 19.25507164001465 19.99612808227539 19.719999313354492 
55.271934509277344 19.7040958404541 19.727455139160156 20.028608322143555 20.04128074645996 19.941696166992188 19.968704223632812 164.90818786621094 22.768159866333008 21.145856857299805 20.26576042175293 20.229248046875 20.705440521240234 20.599456787109375 20.72127914428711 20.49126434326172 
19.06572723388672 18.582752227783203 18.554367065429688 18.56972885131836 18.609792709350586 18.836896896362305 19.047744750976562 19.25801658630371 22.690719604492188 19.927167892456055 19.08255958557129 19.6363525390625 19.698400497436523 19.86947250366211 20.203935623168945 19.617055892944336 
63.76784133911133 19.715360641479492 19.81385612487793 20.029216766357422 20.483423233032227 20.681856155395508 20.717056274414062 165.5022735595703 24.726943969726562 20.53603172302246 20.398591995239258 20.387296676635742 20.257728576660156 20.278400421142578 20.131519317626953 20.94985580444336 
19.191680908203125 18.543359756469727 18.558303833007812 19.04412841796875 19.42336082458496 19.290143966674805 19.210655212402344 19.185760498046875 21.99785614013672 19.47875213623047 19.058208465576172 19.149215698242188 19.10188865661621 19.31216049194336 19.810943603515625 19.07539176940918 
54.28348922729492 19.67888069152832 19.64614486694336 19.924640655517578 20.505023956298828 20.390464782714844 20.197120666503906 178.0377960205078 24.382015228271484 20.492576599121094 20.087839126586914 20.50543975830078 20.62428855895996 20.625503540039062 21.42144012451172 20.33679962158203 
18.99123191833496 18.606815338134766 18.655040740966797 18.715679168701172 18.675424575805664 18.861568450927734 18.707103729248047 18.7542724609375 22.084447860717773 19.234176635742188 19.09369659423828 20.186912536621094 19.6408634185791 19.5930233001709 19.402816772460938 19.322975158691406 
53.2749137878418 19.71552085876465 19.760095596313477 19.74787139892578 19.963455200195312 19.936960220336914 20.173376083374023 161.91632080078125 23.990367889404297 20.577632904052734 20.68886375427246 20.746143341064453 20.566463470458984 20.32598304748535 20.391231536865234 20.491743087768555 
18.986528396606445 18.823808670043945 19.04431915283203 19.061439514160156 19.430912017822266 19.70537567138672 19.786720275878906 19.66921615600586 23.21766471862793 19.364416122436523 19.199296951293945 19.538368225097656 18.970975875854492 19.39580726623535 19.042207717895508 19.432640075683594 
53.21923065185547 19.70751953125 19.678495407104492 19.842016220092773 20.021503448486328 20.13983917236328 20.376415252685547 175.25820922851562 23.8288631439209 20.876672744750977 19.862239837646484 20.69366455078125 20.58016014099121 20.412031173706055 20.48214340209961 20.833152770996094 
19.226463317871094 18.577632904052734 18.985183715820312 19.15305519104004 19.2227840423584 19.277568817138672 19.271135330200195 19.29737663269043 21.577600479125977 19.256832122802734 19.39967918395996 20.5053768157959 19.251583099365234 19.696704864501953 19.901920318603516 19.90447998046875 
53.28822326660156 19.696800231933594 19.727231979370117 19.762624740600586 20.058975219726562 20.320415496826172 20.56598472595215 172.58677673339844 24.72982406616211 20.415424346923828 20.153663635253906 20.397024154663086 20.933120727539062 20.6363525390625 20.572959899902344 20.503551483154297 
18.864831924438477 18.737728118896484 18.925151824951172 18.916000366210938 18.945024490356445 18.829984664916992 18.736480712890625 18.754880905151367 23.185792922973633 19.562944412231445 19.24448013305664 19.968544006347656 19.082496643066406 19.038848876953125 19.190176010131836 19.427263259887695 
54.14284896850586 21.204320907592773 21.27827262878418 21.809152603149414 22.06060791015625 22.223936080932617 22.277376174926758 156.6669464111328 25.6810245513916 21.835424423217773 22.249055862426758 21.936479568481445 21.992671966552734 22.004959106445312 22.11123275756836 21.967679977416992 
27.558752059936523 26.539615631103516 27.443519592285156 27.166080474853516 27.3272647857666 27.56265640258789 27.010047912597656 26.84761619567871 31.498271942138672 26.495071411132812 27.04707145690918 26.736928939819336 26.688383102416992 26.825151443481445 26.899520874023438 26.695648193359375 
64.70051574707031 21.41222381591797 21.62371253967285 21.567424774169922 21.67616081237793 21.6843204498291 21.806655883789062 21.879135131835938 25.491615295410156 22.134368896484375 21.977855682373047 21.470592498779297 21.85887908935547 21.854080200195312 22.045120239257812 22.097759246826172 
27.5479679107666 26.93779182434082 26.642751693725586 26.718944549560547 26.985567092895508 26.971040725708008 28.137439727783203 27.569887161254883 31.44486427307129 26.454944610595703 26.922143936157227 26.780223846435547 26.67296028137207 26.627487182617188 26.8723201751709 27.13475227355957 
75.22431945800781 21.626720428466797 21.66499137878418 21.621023178100586 21.483264923095703 21.4913272857666 21.858335494995117 22.513696670532227 25.74665641784668 21.99750328063965 21.816255569458008 21.837055206298828 22.065536499023438 22.12486457824707 21.931264877319336 21.759071350097656 
27.553728103637695 27.021024703979492 26.65657615661621 27.69513511657715 27.571903228759766 27.084192276000977 27.396095275878906 27.120832443237305 31.72585678100586 26.61555290222168 26.33647918701172 26.6746883392334 26.705984115600586 26.949472427368164 26.79155158996582 27.06537628173828 
84.54678344726562 21.54902458190918 21.64156723022461 21.780000686645508 21.57151985168457 22.396127700805664 22.42838478088379 22.504608154296875 26.22412872314453 22.071168899536133 21.929088592529297 21.84284782409668 21.88470458984375 21.755615234375 22.016639709472656 22.00819206237793 
27.075775146484375 26.59507179260254 27.32054328918457 27.179296493530273 27.965375900268555 27.92540740966797 27.08857536315918 27.554208755493164 32.55420684814453 26.995328903198242 26.418367385864258 26.64009666442871 26.796415328979492 26.500288009643555 26.953535079956055 26.752927780151367 
76.2561264038086 21.686176300048828 21.652544021606445 21.369056701660156 22.088031768798828 22.106111526489258 22.186559677124023 21.9051513671875 23.547264099121094 22.415712356567383 21.887584686279297 21.704832077026367 22.41084861755371 21.8690242767334 21.956192016601562 22.202144622802734 
27.219743728637695 26.596351623535156 27.549152374267578 27.260639190673828 26.817119598388672 27.587007522583008 26.89891242980957 26.834016799926758 31.78700828552246 26.778560638427734 26.8088321685791 26.785247802734375 26.61916732788086 26.599071502685547 27.261695861816406 26.74278450012207 
75.1377944946289 21.643327713012695 21.805919647216797 21.628448486328125 21.509695053100586 21.887327194213867 22.051103591918945 22.45871925354004 26.427200317382812 22.190847396850586 21.9586238861084 23.179231643676758 21.776639938354492 21.794687271118164 21.99692726135254 21.932064056396484 
27.48054313659668 27.1180477142334 26.77244758605957 28.044384002685547 28.08582305908203 27.22742462158203 27.544288635253906 27.06572723388672 30.722463607788086 26.695423126220703 27.60688018798828 26.746944427490234 26.740800857543945 26.650400161743164 26.865760803222656 26.61680030822754 
77.3128662109375 21.637535095214844 21.957408905029297 21.498943328857422 21.48700714111328 22.025888442993164 21.655263900756836 21.614368438720703 25.352767944335938 21.929664611816406 21.964895248413086 21.985471725463867 21.935264587402344 22.2030086517334 21.814271926879883 21.923263549804688 
27.054208755493164 26.37491226196289 27.850143432617188 28.322847366333008 27.4466552734375 27.635744094848633 27.227712631225586 26.901216506958008 31.24006462097168 26.84771156311035 26.937088012695312 27.393728256225586 26.721023559570312 26.77168083190918 26.887392044067383 26.554079055786133 
68.36345672607422 21.553760528564453 22.1658878326416 22.056480407714844 21.810239791870117 21.900127410888672 21.743263244628906 21.77555274963379 26.084640502929688 21.935199737548828 22.136320114135742 21.88457679748535 21.846176147460938 21.891136169433594 21.94825553894043 22.015071868896484 
27.197343826293945 26.40924835205078 27.191007614135742 27.33286476135254 26.89334487915039 27.739776611328125 27.92310333251953 27.221023559570312 31.22015953063965 26.982112884521484 27.366239547729492 26.558143615722656 26.476064682006836 26.805023193359375 26.801727294921875 27.0795841217041 
77.90316772460938 21.56867218017578 21.553983688354492 21.69487953186035 22.026655197143555 22.393856048583984 22.346303939819336 22.278688430786133 26.743711471557617 21.928735733032227 22.09343910217285 21.72003173828125 22.072223663330078 21.92336082458496 22.124319076538086 21.857919692993164 
27.232511520385742 27.378591537475586 27.312480926513672 27.01705551147461 27.65817642211914 27.2989444732666 27.068927764892578 27.52569580078125 32.27590560913086 26.91097640991211 26.73846435546875 26.561311721801758 26.64316749572754 26.745983123779297 27.283199310302734 26.9552001953125 
76.38925170898438 21.649248123168945 21.81692886352539 22.338783264160156 22.31510353088379 22.394208908081055 22.141599655151367 22.19455909729004 25.062591552734375 21.914016723632812 21.62009620666504 21.89472007751465 21.903871536254883 21.780672073364258 22.33750343322754 21.889984130859375 
27.0948486328125 27.289024353027344 27.15407943725586 27.204383850097656 27.814016342163086 27.19206428527832 27.770496368408203 27.71561622619629 32.609153747558594 26.655744552612305 26.411968231201172 26.52422332763672 26.444927215576172 26.67296028137207 27.44371223449707 27.088287353515625 
83.83500671386719 30.587711334228516 30.851680755615234 31.728160858154297 31.948928833007812 31.755775451660156 30.991487503051758 30.84239959716797 40.53433609008789 31.041471481323242 31.4932804107666 31.843679428100586 31.90220832824707 31.384960174560547 30.711200714111328 30.910079956054688 
64.07174682617188 31.224639892578125 33.44927978515625 30.684703826904297 30.926591873168945 31.268159866333008 31.46486473083496 31.44121551513672 37.11743927001953 31.741056442260742 31.078271865844727 30.80451202392578 30.686016082763672 31.266559600830078 31.78860855102539 31.59004783630371 
63.14400100708008 30.292064666748047 30.93724822998047 31.369632720947266 31.428735733032227 31.389856338500977 31.07004737854004 30.640928268432617 39.65951919555664 31.432416915893555 31.58608055114746 31.5230712890625 30.60028839111328 30.39017677307129 31.869247436523438 31.793855667114258 
66.28428649902344 30.068256378173828 31.57129669189453 31.959583282470703 31.784255981445312 31.47315216064453 30.938880920410156 31.461631774902344 39.56012725830078 31.620479583740234 32.736961364746094 31.927648544311523 32.15052795410156 31.40176010131836 30.996192932128906 30.92019271850586 
63.19692611694336 30.49331283569336 32.02908706665039 31.0446720123291 31.282943725585938 31.78771209716797 31.870080947875977 31.202783584594727 34.907745361328125 30.58025550842285 31.31622314453125 31.55891227722168 31.993247985839844 31.705280303955078 30.80316734313965 30.429664611816406 
65.1118392944336 30.092512130737305 31.46451187133789 31.558176040649414 31.524255752563477 31.29680061340332 31.316608428955078 30.63523292541504 37.67824172973633 30.79088020324707 30.386367797851562 31.335296630859375 31.69219207763672 30.717119216918945 30.66387176513672 31.675615310668945 
95.76691436767578 30.438655853271484 31.001855850219727 30.997472763061523 31.72380828857422 32.08211135864258 31.450271606445312 31.688575744628906 39.33184051513672 30.586912155151367 31.305376052856445 32.26531219482422 31.88262367248535 31.794591903686523 30.999296188354492 31.21062469482422 
64.1944351196289 34.22294235229492 30.956928253173828 31.437471389770508 31.549087524414062 31.479135513305664 30.763647079467773 31.32428741455078 37.051361083984375 31.886207580566406 31.39299201965332 30.993471145629883 30.9453125 31.85055923461914 31.786752700805664 30.608768463134766 
65.24153900146484 30.029951095581055 31.54092788696289 31.788799285888672 31.152448654174805 31.56768035888672 31.47372817993164 30.8089599609375 37.06745529174805 30.257183074951172 30.906400680541992 31.65273666381836 31.787296295166016 31.74892807006836 30.77827262878418 30.909759521484375 
62.119102478027344 30.02851104736328 31.72217559814453 31.801151275634766 31.748672485351562 31.986591339111328 30.891008377075195 31.330976486206055 38.266334533691406 32.00067138671875 30.697568893432617 31.140480041503906 31.455039978027344 31.75971221923828 32.013023376464844 31.798847198486328 
51.62460708618164 19.542783737182617 19.34454345703125 19.867551803588867 20.398719787597656 20.34739112854004 20.348543167114258 20.504671096801758 23.02467155456543 20.112415313720703 19.905536651611328 19.79475212097168 20.166656494140625 19.758432388305664 19.832351684570312 20.02025604248047 
20.420095443725586 20.32796859741211 20.548799514770508 20.824480056762695 20.769216537475586 20.645727157592773 20.698240280151367 20.739839553833008 24.386367797851562 20.99679946899414 20.602783203125 20.76915168762207 20.991680145263672 20.627519607543945 20.309663772583008 20.215007781982422 
73.39987182617188 19.300703048706055 19.31100845336914 19.37936019897461 19.774560928344727 19.83625602722168 19.779359817504883 19.967103958129883 23.664287567138672 19.831104278564453 19.81203269958496 19.876544952392578 19.835840225219727 19.87183952331543 20.075424194335938 19.913663864135742 
20.273439407348633 19.879167556762695 20.22444725036621 20.388671875 20.49126434326172 20.485599517822266 20.42095947265625 20.415552139282227 24.50966453552246 21.031967163085938 20.267839431762695 20.514591217041016 20.84604835510254 20.483808517456055 20.869951248168945 20.944223403930664 
65.03785705566406 19.3090877532959 19.978975296020508 19.782623291015625 19.88319969177246 19.870080947875977 19.974464416503906 20.17558479309082 23.611679077148438 20.204832077026367 20.412160873413086 19.771007537841797 20.662784576416016 20.03215980529785 19.805856704711914 19.788448333740234 
20.48374366760254 19.840896606445312 19.89411163330078 19.932832717895508 19.927391052246094 19.95574378967285 20.029951095581055 20.032352447509766 23.914304733276367 20.44588851928711 20.580480575561523 20.468191146850586 20.455936431884766 20.47711944580078 20.740480422973633 21.014495849609375 
68.1502685546875 19.29305648803711 19.329504013061523 20.00339126586914 20.01807975769043 20.237247467041016 20.120704650878906 20.152063369750977 22.58723258972168 19.75052833557129 19.75916862487793 19.80601692199707 19.990304946899414 19.871295928955078 19.982559204101562 20.047712326049805 
20.839744567871094 20.041439056396484 20.292768478393555 20.28976058959961 20.360544204711914 20.331167221069336 20.342912673950195 20.351520538330078 23.579328536987305 20.49942398071289 20.51513671875 20.456159591674805 20.212799072265625 20.207103729248047 20.315168380737305 20.581119537353516 
67.13843536376953 19.29955291748047 19.285120010375977 19.34671974182129 19.616928100585938 19.706111907958984 19.641599655151367 19.726335525512695 23.08799934387207 20.199968338012695 20.35331153869629 20.817279815673828 19.809375762939453 19.812480926513672 19.816991806030273 19.845760345458984 
20.367103576660156 19.905567169189453 20.121280670166016 20.342687606811523 20.352863311767578 20.327167510986328 20.257471084594727 20.5097599029541 24.926048278808594 20.727615356445312 20.898399353027344 20.13916778564453 20.864736557006836 20.463232040405273 20.38819122314453 20.66223907470703 
59.77369689941406 19.317888259887695 19.312288284301758 19.616960525512695 19.95132827758789 211.44940185546875 19.202592849731445 19.27440071105957 23.218368530273438 19.795488357543945 19.82383918762207 19.791648864746094 20.426559448242188 19.723648071289062 19.829120635986328 19.882368087768555 
20.369792938232422 20.33772850036621 20.716768264770508 20.853504180908203 20.72617530822754 20.64419174194336 20.638111114501953 20.662080764770508 24.34761619567871 20.664608001708984 20.43814468383789 20.49951934814453 20.256000518798828 20.221759796142578 20.683391571044922 20.62553596496582 
62.895263671875 19.27452850341797 19.311935424804688 19.34841537475586 19.707935333251953 208.00335693359375 19.235456466674805 19.291616439819336 23.26358413696289 20.139135360717773 19.722911834716797 20.230655670166016 20.135616302490234 20.42540740966797 20.568864822387695 19.977088928222656 
20.77395248413086 19.84614372253418 19.786815643310547 19.773727416992188 19.87411117553711 19.83660888671875 20.082271575927734 20.000896453857422 24.046592712402344 20.454368591308594 20.231584548950195 20.3852481842041 20.354751586914062 20.145343780517578 20.30291175842285 20.831615447998047 
80.7873306274414 19.33033561706543 19.45110321044922 19.788799285888672 19.752544403076172 20.00534439086914 20.2293758392334 20.17033576965332 22.64668846130371 19.99590492248535 19.881248474121094 20.027584075927734 20.026079177856445 20.470752716064453 20.165983200073242 20.514944076538086 
20.83475112915039 20.154495239257812 19.83203125 19.83852767944336 19.908735275268555 19.84761619567871 19.9169921875 19.93552017211914 23.563968658447266 20.749696731567383 20.540672302246094 20.880159378051758 21.0798397064209 20.253023147583008 19.746047973632812 20.304576873779297 
71.2973403930664 19.3221435546875 19.36288070678711 19.729568481445312 19.793855667114258 19.783231735229492 19.81564712524414 19.967487335205078 22.87596893310547 19.789472579956055 19.766815185546875 19.832256317138672 19.745920181274414 20.6345272064209 20.005151748657227 19.76803207397461 
21.083263397216797 20.549407958984375 20.635616302490234 20.588096618652344 20.539743423461914 20.560800552368164 20.70515251159668 20.436128616333008 23.72275161743164 20.589696884155273 21.223520278930664 20.492128372192383 20.242656707763672 20.40505599975586 20.412128448486328 20.58755111694336 
74.46195220947266 19.334016799926758 19.302528381347656 19.332895278930664 19.415136337280273 19.765727996826172 19.834943771362305 19.925344467163086 23.371456146240234 20.66499137878418 20.378944396972656 20.637983322143555 19.836639404296875 19.655040740966797 21.25382423400879 19.768672943115234 
20.385311126708984 19.847135543823242 19.769088745117188 19.83340835571289 19.861024856567383 19.928287506103516 19.89334487915039 19.93814468383789 24.388992309570312 20.436128616333008 21.34931182861328 20.45039939880371 20.221216201782227 20.574655532836914 20.449440002441406 20.752735137939453 
74.29145812988281 19.583839416503906 19.609600067138672 19.924928665161133 20.002559661865234 20.072864532470703 20.036256790161133 20.180255889892578 26.06038475036621 20.29657554626465 20.27097511291504 20.202560424804688 20.242015838623047 20.17081642150879 20.378559112548828 20.08255958557129 
20.24553680419922 19.956031799316406 20.46790313720703 20.73619270324707 20.650592803955078 20.75641632080078 20.64614486694336 20.46428871154785 22.7524471282959 20.39411163330078 20.192480087280273 20.341535568237305 20.439647674560547 20.240320205688477 19.83318328857422 20.700576782226562 
61.63734436035156 19.544639587402344 19.714271545410156 20.013376235961914 20.20342445373535 20.094112396240234 20.125791549682617 20.199392318725586 22.72319984436035 20.41974449157715 20.01535987854004 20.241504669189453 20.218624114990234 20.226015090942383 20.098207473754883 20.24060821533203 
20.306976318359375 19.8056640625 19.946687698364258 19.96620750427246 20.02569580078125 20.12825584411621 20.071168899536133 19.987680435180664 22.350784301757812 20.2906551361084 20.31532859802246 20.86390495300293 20.365312576293945 21.49558448791504 20.362655639648438 20.427967071533203 
67.04163360595703 19.612287521362305 19.67081642150879 20.0032958984375 20.162912368774414 20.20012855529785 20.270719528198242 20.386079788208008 24.462207794189453 20.15443229675293 20.35545539855957 20.273439407348633 20.244224548339844 21.03868865966797 20.254623413085938 20.222848892211914 
20.74006462097168 19.956832885742188 19.850528717041016 19.95680046081543 20.095232009887695 20.096927642822266 20.203487396240234 20.146848678588867 23.41548728942871 20.26134490966797 20.3306884765625 20.18681526184082 20.222719192504883 20.946752548217773 20.318143844604492 20.451391220092773 
63.42758560180664 19.563840866088867 19.667583465576172 20.03183937072754 20.146303176879883 20.165536880493164 20.10063934326172 20.178688049316406 26.1790714263916 20.154943466186523 20.292415618896484 20.224000930786133 20.407360076904297 20.20159912109375 20.68707275390625 20.29360008239746 
20.239328384399414 20.28563117980957 20.416959762573242 20.412416458129883 20.40265655517578 20.418912887573242 20.457088470458984 20.516767501831055 21.281503677368164 20.27222442626953 20.2708797454834 20.425312042236328 20.275423049926758 20.381919860839844 20.955167770385742 20.492511749267578 
52.92483139038086 19.582592010498047 19.558176040649414 20.114431381225586 20.205440521240234 20.226112365722656 20.297887802124023 20.377792358398438 24.87500762939453 20.267967224121094 20.305919647216797 20.090272903442383 20.354400634765625 20.240127563476562 20.231136322021484 20.345600128173828 
20.362367630004883 19.81158447265625 20.042400360107422 20.132896423339844 20.1779842376709 20.11142349243164 20.2161922454834 20.211904525756836 22.52604866027832 20.289215087890625 20.360095977783203 20.51628875732422 20.25155258178711 20.351520538330078 20.85593605041504 20.433536529541016 
42.826271057128906 19.57766342163086 19.607135772705078 19.860767364501953 20.037120819091797 20.244991302490234 20.25606346130371 20.164031982421875 25.62771224975586 20.15635108947754 20.11078453063965 20.448863983154297 20.735071182250977 20.292415618896484 20.18332862854004 20.487295150756836 
20.140703201293945 19.96028709411621 19.94233512878418 20.295072555541992 20.41391944885254 20.567167282104492 20.684032440185547 20.614591598510742 24.12873649597168 20.552608489990234 20.052095413208008 20.174911499023438 20.62678337097168 20.329919815063477 20.25324821472168 20.495647430419922 
72.8617935180664 19.572383880615234 19.745471954345703 20.306400299072266 20.316640853881836 20.307231903076172 20.6013126373291 20.485599517822266 23.521215438842773 19.905920028686523 20.285568237304688 20.13702392578125 20.202335357666016 20.652544021606445 20.215391159057617 20.280832290649414 
22.6114559173584 19.959455490112305 20.546688079833984 20.7142391204834 20.61939239501953 20.5631046295166 20.503360748291016 20.59539222717285 23.156192779541016 20.227872848510742 21.6495361328125 20.294111251831055 20.18275260925293 20.446367263793945 20.182783126831055 20.4102725982666 
63.8158073425293 19.50454330444336 19.576223373413086 19.85651206970215 19.95702362060547 19.99247932434082 19.98886489868164 20.349056243896484 24.532928466796875 20.23699188232422 20.07161521911621 20.947967529296875 20.21164894104004 20.243167877197266 20.612415313720703 20.26982307434082 
20.406272888183594 19.932479858398438 19.957216262817383 20.10188865661621 20.01366424560547 20.147584915161133 20.049663543701172 20.100799560546875 23.25372886657715 20.33363151550293 20.368192672729492 20.2391357421875 20.250368118286133 20.277151107788086 20.459232330322266 20.366527557373047 
61.72604751586914 19.570144653320312 19.897472381591797 20.40390396118164 20.82713508605957 20.986047744750977 20.518911361694336 20.720800399780273 20.53830337524414 20.171167373657227 20.279071807861328 20.466144561767578 20.10576057434082 20.358816146850586 20.740192413330078 20.260480880737305 
20.082304000854492 19.829696655273438 19.949663162231445 20.02400016784668 20.31865692138672 20.3121280670166 20.101951599121094 20.304607391357422 24.12393569946289 20.370271682739258 20.226688385009766 20.25811195373535 21.00307273864746 20.30454444885254 20.018207550048828 20.488927841186523 
64.46857452392578 19.547584533691406 19.535104751586914 19.653663635253906 20.34499168395996 20.311424255371094 20.225536346435547 20.262239456176758 26.154464721679688 20.114336013793945 20.66409683227539 20.325408935546875 20.43328094482422 20.532672882080078 20.254751205444336 19.91360092163086 
20.532480239868164 19.965824127197266 19.904800415039062 19.961471557617188 19.996095657348633 20.031936645507812 19.99625587463379 20.064960479736328 22.31500816345215 20.441375732421875 20.301952362060547 20.222976684570312 21.51571273803711 20.269184112548828 20.18400001525879 20.522335052490234 
76.90595245361328 21.530208587646484 21.551359176635742 22.59174346923828 22.702720642089844 22.735071182250977 22.414688110351562 22.223648071289062 28.14169692993164 22.294111251831055 23.149343490600586 22.61577606201172 22.63488006591797 23.096351623535156 22.233600616455078 22.68729591369629 
24.111967086791992 23.327232360839844 24.072927474975586 24.15497589111328 23.83318328857422 23.331680297851562 23.49977684020996 24.261632919311523 28.390432357788086 23.882848739624023 23.902175903320312 24.011999130249023 24.96214485168457 23.729215621948242 23.475711822509766 24.293376922607422 
54.84729766845703 21.587135314941406 21.810176849365234 21.950912475585938 21.744224548339844 22.413951873779297 22.990816116333008 128.8763885498047 27.678560256958008 22.44473648071289 22.479232788085938 22.539039611816406 22.396127700805664 22.20649528503418 22.353599548339844 22.73206329345703 
24.00387191772461 23.294208526611328 24.087200164794922 23.914016723632812 23.927295684814453 23.385984420776367 23.354400634765625 24.32988739013672 27.77020835876465 23.535968780517578 24.75279998779297 24.17215919494629 23.591903686523438 23.755807876586914 24.105344772338867 24.135967254638672 
46.45635223388672 23.056991577148438 22.024639129638672 21.817472457885742 21.85750389099121 22.776031494140625 23.102304458618164 126.76624298095703 27.793664932250977 22.392576217651367 22.61849594116211 22.5413761138916 22.69968032836914 22.885087966918945 22.623104095458984 22.765119552612305 
23.789663314819336 23.928064346313477 24.029407501220703 23.9267520904541 23.48089599609375 23.622175216674805 24.265695571899414 24.493696212768555 28.22969627380371 23.47305679321289 24.061952590942383 23.773727416992188 25.325536727905273 23.64192008972168 24.32956886291504 24.174367904663086 
57.69481658935547 22.000736236572266 22.393600463867188 21.740352630615234 21.769567489624023 22.12303924560547 22.900800704956055 113.0354232788086 27.41315269470215 22.38310432434082 23.038976669311523 22.282047271728516 23.25939178466797 22.4748477935791 22.64668846130371 22.433120727539062 
24.058528900146484 23.446624755859375 23.241823196411133 23.257984161376953 23.355775833129883 24.19478416442871 23.913663864135742 23.88652801513672 28.340511322021484 23.96326446533203 24.071552276611328 24.66815948486328 23.7542724609375 24.81350326538086 24.117055892944336 23.968544006347656 
50.65788650512695 21.599103927612305 22.431072235107422 22.27827262878418 22.242431640625 22.644128799438477 22.3852481842041 116.27715301513672 28.149215698242188 22.320415496826172 22.30588722229004 22.605152130126953 22.32713508605957 23.01353645324707 22.291872024536133 22.92755126953125 
23.802560806274414 23.75267219543457 23.839359283447266 23.862335205078125 23.458879470825195 23.64633560180664 24.37660789489746 24.192895889282227 27.815135955810547 24.091583251953125 23.30419158935547 23.7172794342041 23.9039363861084 23.8819522857666 24.027008056640625 24.07587242126465 
49.295265197753906 21.57904052734375 22.204416275024414 21.918880462646484 21.893760681152344 21.847200393676758 21.784543991088867 126.27526092529297 26.223039627075195 22.771520614624023 22.49558448791504 22.32703971862793 23.248416900634766 22.354944229125977 22.921632766723633 22.497440338134766 
24.523712158203125 23.4685115814209 23.30998420715332 24.118911743164062 24.349824905395508 24.143552780151367 23.529184341430664 23.489599227905273 27.305503845214844 24.022144317626953 23.342079162597656 23.91200065612793 23.687040328979492 24.033151626586914 24.08348846435547 23.892959594726562 
49.6064338684082 21.603872299194336 22.35228729248047 22.054624557495117 22.374048233032227 22.379776000976562 22.169248580932617 120.07778930664062 24.528287887573242 23.007776260375977 22.38982391357422 22.77859115600586 22.461856842041016 22.148000717163086 22.40662384033203 22.683168411254883 
24.32080078125 23.943071365356445 24.115135192871094 24.071775436401367 23.49737548828125 23.435903549194336 24.23017692565918 24.479103088378906 27.440319061279297 23.89129638671875 23.117088317871094 23.551071166992188 23.63225555419922 23.908287048339844 24.131263732910156 23.893728256225586 
48.560672760009766 21.565183639526367 22.063936233520508 22.09903907775879 22.335487365722656 22.34832000732422 22.25971221923828 121.37232208251953 24.436479568481445 22.478912353515625 22.567007064819336 22.49888038635254 22.590848922729492 22.62771224975586 22.286399841308594 22.900480270385742 
23.85750389099121 23.355968475341797 24.100927352905273 24.15056037902832 23.496896743774414 23.37763214111328 23.7620792388916 24.32111930847168 28.73244857788086 24.08550453186035 23.70345687866211 24.111295700073242 23.889951705932617 24.33897590637207 23.769472122192383 24.071392059326172 
46.14457702636719 21.691743850708008 22.30361557006836 22.134592056274414 22.044607162475586 22.186752319335938 22.096576690673828 125.03196716308594 27.691072463989258 22.4998722076416 23.15328025817871 22.71526336669922 22.59587287902832 22.63091278076172 22.551776885986328 22.738815307617188 
24.02249526977539 23.244224548339844 23.72947120666504 24.06991958618164 24.128192901611328 23.827648162841797 23.810016632080078 24.080352783203125 27.384319305419922 23.697311401367188 23.938432693481445 24.296415328979492 23.856735229492188 24.558719635009766 23.837888717651367 24.347904205322266 
49.295265197753906 21.492511749267578 22.58915138244629 22.626304626464844 22.55392074584961 22.609216690063477 22.50806427001953 122.06681823730469 28.285375595092773 22.20217514038086 22.571903228759766 22.5545597076416 22.476543426513672 22.78166389465332 22.449567794799805 24.01206398010254 
23.686464309692383 23.416831970214844 23.646015167236328 23.669919967651367 23.443008422851562 23.866304397583008 24.206016540527344 24.139583587646484 27.893823623657227 24.22844886779785 23.738752365112305 23.97939109802246 23.994815826416016 24.197280883789062 23.330400466918945 24.041887283325195 
46.31625747680664 15.601823806762695 22.198272705078125 14.299072265625 14.187487602233887 14.367168426513672 14.352736473083496 16.289535522460938 18.701824188232422 15.434335708618164 14.974559783935547 14.695903778076172 14.51142406463623 14.44825553894043 15.29702377319336 15.125215530395508 
14.636896133422852 14.487456321716309 14.458911895751953 14.28656005859375 14.224255561828613 14.411359786987305 14.473471641540527 14.431072235107422 17.414527893066406 15.232447624206543 14.861248016357422 14.152192115783691 14.66204833984375 14.794655799865723 14.980192184448242 15.062047958374023 
62.418270111083984 14.102751731872559 14.094752311706543 14.1112642288208 14.301024436950684 14.30412769317627 14.27843189239502 14.267583847045898 19.24287986755371 16.008544921875 15.114591598510742 14.455424308776855 14.217599868774414 14.417152404785156 15.235808372497559 15.585951805114746 
14.532735824584961 14.281120300292969 14.179360389709473 14.195072174072266 14.225791931152344 14.4302396774292 14.442079544067383 14.302271842956543 16.21718406677246 15.384832382202148 15.374879837036133 14.998880386352539 14.185407638549805 14.290143966674805 14.685407638549805 14.963968276977539 
27.79795265197754 14.109631538391113 14.102560043334961 14.212384223937988 14.206624031066895 14.604767799377441 14.351679801940918 14.402655601501465 20.059743881225586 16.128864288330078 15.015616416931152 14.769439697265625 14.545056343078613 14.641311645507812 14.551103591918945 15.119104385375977 
14.458815574645996 14.246720314025879 14.1812162399292 14.139103889465332 14.356127738952637 14.37183952331543 14.72111988067627 14.786239624023438 14.01916790008545 15.318880081176758 14.399744033813477 14.29475212097168 14.633536338806152 14.470047950744629 15.01740837097168 15.094240188598633 
49.829246520996094 14.148159980773926 14.104288101196289 14.145983695983887 14.156607627868652 14.380127906799316 14.619327545166016 14.593695640563965 19.736671447753906 14.400992393493652 14.603743553161621 14.542464256286621 15.463423728942871 14.88691234588623 14.6844482421875 14.59331226348877 
14.398719787597656 14.135552406311035 14.153471946716309 14.1845121383667 14.16659164428711 14.384544372558594 14.55958366394043 14.675711631774902 16.93836784362793 15.524224281311035 14.869664192199707 14.398303985595703 14.864959716796875 15.638879776000977 14.945183753967285 14.518879890441895 
46.67222213745117 14.159647941589355 14.123200416564941 14.113727569580078 14.142687797546387 14.179871559143066 14.407679557800293 14.388352394104004 20.24448013305664 14.473695755004883 14.518783569335938 14.973759651184082 15.465536117553711 14.936320304870605 14.291808128356934 14.298272132873535 
14.533760070800781 14.168095588684082 14.142016410827637 14.22374439239502 14.215167999267578 14.225503921508789 14.23532772064209 14.607583999633789 17.103328704833984 16.636320114135742 15.71615982055664 15.378144264221191 14.62764835357666 14.266112327575684 14.269920349121094 14.717696189880371 
61.39059066772461 14.075167655944824 14.114944458007812 14.097311973571777 14.263744354248047 14.474528312683105 14.415231704711914 14.845439910888672 20.027423858642578 15.292927742004395 14.826656341552734 14.477631568908691 14.874336242675781 15.32630443572998 14.801952362060547 14.413248062133789 
14.35696029663086 14.06003189086914 14.087583541870117 14.18518352508545 14.100671768188477 14.077376365661621 14.128031730651855 14.249216079711914 14.49135971069336 15.526592254638672 14.43449592590332 14.389472007751465 14.442144393920898 15.01580810546875 15.402463912963867 14.912896156311035 
72.9136962890625 14.149279594421387 14.142623901367188 14.135968208312988 14.162400245666504 14.308544158935547 14.561471939086914 14.574496269226074 19.87763214111328 14.466912269592285 14.427712440490723 14.389632225036621 15.203583717346191 15.351840019226074 14.753312110900879 14.452256202697754 
14.489279747009277 14.106080055236816 14.181535720825195 14.282784461975098 14.243680000305176 14.2675199508667 14.515775680541992 14.617440223693848 15.179903984069824 16.00444793701172 14.975071907043457 14.174752235412598 14.204416275024414 14.41385555267334 15.151871681213379 14.6178560256958 
60.3502082824707 14.116191864013672 14.149215698242188 14.083776473999023 14.16147232055664 14.15766429901123 14.435711860656738 14.362496376037598 19.340063095092773 15.00108814239502 15.191231727600098 15.407103538513184 14.453696250915527 14.404928207397461 14.931136131286621 15.078592300415039 
14.63753604888916 14.327391624450684 14.214624404907227 14.311136245727539 14.498208045959473 14.607423782348633 14.458175659179688 14.474495887756348 17.311967849731445 15.664928436279297 14.35366439819336 14.266719818115234 14.417247772216797 14.922335624694824 15.136639595031738 15.232319831848145 
60.31798553466797 14.105952262878418 14.137408256530762 14.200480461120605 14.224896430969238 14.266079902648926 14.253631591796875 14.30777645111084 19.09071922302246 15.389599800109863 14.63702392578125 14.897631645202637 14.594112396240234 14.584832191467285 14.887743949890137 14.511072158813477 
14.947775840759277 14.222975730895996 14.26585578918457 14.241375923156738 14.428031921386719 14.529919624328613 14.290111541748047 14.3569917678833 17.133920669555664 15.947168350219727 14.777664184570312 14.758015632629395 14.996928215026855 14.73686408996582 14.470272064208984 14.225503921508789 
60.32620620727539 14.101183891296387 14.17574405670166 14.184736251831055 14.231040000915527 14.454015731811523 14.446240425109863 14.451199531555176 20.53215980529785 15.089119911193848 14.663840293884277 14.216256141662598 14.642463684082031 15.074272155761719 15.760095596313477 15.102944374084473 
14.26636791229248 14.227775573730469 14.157471656799316 14.152288436889648 14.217791557312012 14.314208030700684 14.371871948242188 14.472895622253418 15.817248344421387 16.14806365966797 14.568575859069824 14.488160133361816 14.702239990234375 14.351615905761719 14.90783977508545 15.095808029174805 
48.2786865234375 22.827327728271484 22.91632080078125 23.309600830078125 24.12460708618164 24.263967514038086 23.871999740600586 136.61888122558594 26.455839157104492 23.749183654785156 23.393535614013672 23.75606346130371 23.61814308166504 23.71526336669922 23.50592041015625 23.971616744995117 
22.46784019470215 21.664960861206055 22.035680770874023 22.002944946289062 22.024864196777344 21.804224014282227 21.647872924804688 21.70534324645996 26.43110466003418 21.822559356689453 21.834495544433594 23.234880447387695 21.642175674438477 22.036256790161133 21.909568786621094 22.007423400878906 
56.787872314453125 23.104991912841797 22.878015518188477 23.149471282958984 23.70572853088379 24.053184509277344 23.887903213500977 23.550464630126953 24.65225601196289 23.71139144897461 23.32352066040039 23.699296951293945 23.621536254882812 23.72060775756836 23.29702377319336 23.719295501708984 
21.883424758911133 21.754240036010742 22.1200008392334 22.14352035522461 22.199392318725586 22.05743980407715 21.862592697143555 21.881023406982422 25.150495529174805 21.844736099243164 22.737152099609375 21.964832305908203 22.061824798583984 21.837888717651367 21.80143928527832 21.860191345214844 
66.10694122314453 23.3907527923584 22.95270347595215 23.022111892700195 23.598112106323242 23.484703063964844 23.459423065185547 24.252031326293945 27.92767906188965 23.444671630859375 23.72809600830078 24.33558464050293 23.264863967895508 23.53340721130371 23.730112075805664 23.60483169555664 
21.754560470581055 21.41472053527832 21.604639053344727 22.26076889038086 22.37183952331543 22.269023895263672 22.28963279724121 22.192672729492188 25.60361671447754 21.885663986206055 22.054624557495117 22.02092742919922 21.819232940673828 22.056671142578125 21.795679092407227 21.8720645904541 
86.05286407470703 23.22118377685547 23.196640014648438 23.287071228027344 23.273664474487305 23.31020736694336 23.32326316833496 23.89580726623535 26.993728637695312 23.432416915893555 23.60736083984375 23.475008010864258 23.562816619873047 23.457504272460938 23.597759246826172 23.588159561157227 
21.741792678833008 21.673120498657227 21.65657615661621 21.930559158325195 21.827808380126953 21.863168716430664 21.749408721923828 21.60870361328125 25.559072494506836 21.819551467895508 21.860671997070312 21.864063262939453 22.11507225036621 21.90777587890625 22.01206398010254 21.945087432861328 
68.23551940917969 23.238367080688477 23.192384719848633 23.1724796295166 23.198848724365234 24.12348747253418 24.38153648376465 24.21062469482422 27.472991943359375 23.6243839263916 23.28998374938965 23.299999237060547 23.830656051635742 23.570432662963867 23.77680015563965 23.461759567260742 
21.93552017211914 21.426048278808594 21.480287551879883 21.488224029541016 21.712703704833984 21.718528747558594 21.981887817382812 22.465824127197266 25.3305606842041 21.720991134643555 22.58118438720703 22.226943969726562 21.88140869140625 21.9234561920166 22.3536319732666 21.865375518798828 
70.59740447998047 23.130495071411133 22.783424377441406 22.849088668823242 23.9204158782959 24.362783432006836 24.202239990234375 23.610912322998047 27.726015090942383 23.480960845947266 23.940319061279297 23.39798355102539 23.385311126708984 23.66067123413086 24.98099136352539 23.41641616821289 
21.86832046508789 21.482336044311523 21.499359130859375 21.460224151611328 21.52841567993164 21.687744140625 21.677568435668945 22.46566390991211 25.379295349121094 21.77440071105957 21.874784469604492 21.88617515563965 21.576671600341797 21.884607315063477 21.828672409057617 21.969375610351562 
67.16368103027344 23.18217658996582 22.999103546142578 23.01366424560547 23.410207748413086 24.31702423095703 24.35433578491211 24.057952880859375 26.985279083251953 23.673152923583984 23.53971290588379 24.12601661682129 23.438112258911133 24.236064910888672 23.718751907348633 23.591968536376953 
21.80931282043457 21.384511947631836 21.798015594482422 22.153247833251953 22.432992935180664 22.3492488861084 22.263839721679688 22.066816329956055 25.202495574951172 21.855487823486328 21.873920440673828 22.906112670898438 21.888063430786133 21.947071075439453 22.130592346191406 21.823808670043945 
84.106689453125 22.98124885559082 23.425151824951172 23.542816162109375 23.5449275970459 23.431072235107422 23.54297637939453 24.047359466552734 26.694944381713867 23.67750358581543 23.355871200561523 23.490943908691406 23.555936813354492 24.050495147705078 23.57676887512207 23.47145652770996 
22.09014320373535 21.589696884155273 21.857759475708008 21.793920516967773 21.64476776123047 21.506624221801758 21.643295288085938 21.642847061157227 25.860095977783203 22.10326385498047 21.934080123901367 21.97123146057129 22.282623291015625 21.813663482666016 21.848031997680664 22.17897605895996 
68.2740478515625 23.214208602905273 22.8951358795166 23.506847381591797 23.453632354736328 23.420703887939453 24.261215209960938 24.130847930908203 27.888416290283203 23.8438720703125 23.601696014404297 23.462528228759766 23.837791442871094 23.882688522338867 23.80451202392578 23.484224319458008 
21.63983917236328 21.315711975097656 21.48691177368164 21.531871795654297 21.911712646484375 22.29020881652832 22.502304077148438 22.45635223388672 25.485023498535156 21.845312118530273 21.91689682006836 21.580352783203125 22.181184768676758 21.77497673034668 21.835039138793945 22.2194881439209 
82.9928970336914 23.17635154724121 23.172639846801758 23.596288681030273 23.985855102539062 23.914623260498047 23.567264556884766 23.5948486328125 27.38604736328125 23.734399795532227 23.4418888092041 23.50739288330078 23.457855224609375 23.917055130004883 23.654783248901367 23.45337677001953 
22.15500831604004 21.31612777709961 21.381759643554688 21.42745590209961 21.40073585510254 21.666080474853516 22.56540870666504 22.812480926513672 25.215295791625977 21.83145523071289 21.905248641967773 21.67401695251465 21.80745506286621 22.144224166870117 21.87241554260254 21.974367141723633 
71.20022583007812 27.600191116333008 27.47488021850586 27.851072311401367 28.310304641723633 29.03513526916504 29.06595230102539 70.36262512207031 35.840576171875 27.93199920654297 27.752735137939453 27.761247634887695 30.14249610900879 28.49283218383789 28.323455810546875 28.01126480102539 
76.70464324951172 27.49286460876465 27.51740837097168 29.012191772460938 28.762367248535156 28.791839599609375 28.6147518157959 27.97225570678711 36.01424026489258 27.814687728881836 27.73299217224121 28.32588768005371 27.77440071105957 28.311391830444336 27.899391174316406 28.815231323242188 
91.0660171508789 27.46486473083496 28.134784698486328 28.89504051208496 28.926015853881836 28.18659210205078 28.352767944335938 28.17193603515625 36.52425765991211 28.12335968017578 27.878080368041992 28.53171157836914 27.83635139465332 28.352832794189453 27.888479232788086 28.62073516845703 
66.01609802246094 27.423263549804688 27.605567932128906 28.372352600097656 28.806432723999023 28.61916732788086 28.01318359375 28.053279876708984 35.700801849365234 28.257568359375 28.060543060302734 27.99785614013672 27.864959716796875 28.398239135742188 27.794048309326172 28.765056610107422 
65.83491516113281 27.373119354248047 27.467775344848633 28.317407608032227 28.201087951660156 28.245119094848633 28.453887939453125 29.263391494750977 37.5618896484375 27.658655166625977 28.028064727783203 27.87558364868164 28.19932746887207 28.862367630004883 28.293760299682617 28.624479293823242 
67.15625762939453 27.488800048828125 27.390335083007812 27.83807945251465 28.116352081298828 29.16089630126953 28.20800018310547 59.283103942871094 35.23088073730469 28.38217544555664 27.81724739074707 29.081600189208984 27.850656509399414 28.500288009643555 27.870912551879883 28.50444793701172 
66.97785949707031 27.535680770874023 27.71295928955078 27.982208251953125 28.638687133789062 28.398527145385742 28.551712036132812 28.052064895629883 36.731231689453125 27.815296173095703 27.99897575378418 27.83692741394043 28.49395179748535 27.81808090209961 28.494688034057617 28.011327743530273 
66.88796997070312 27.40652847290039 28.963775634765625 28.96396827697754 28.752351760864258 28.918912887573242 28.208959579467773 28.39651107788086 36.07993698120117 27.735200881958008 27.95769691467285 28.226112365722656 27.712223052978516 28.36409568786621 27.80735969543457 29.14179229736328 
66.92809295654297 27.479040145874023 27.497472763061523 28.36070442199707 28.167936325073242 28.387968063354492 28.345279693603516 29.25494384765625 35.48249435424805 28.053247451782227 27.76924705505371 27.995519638061523 28.120864868164062 28.15340805053711 28.39811134338379 28.403520584106445 
66.95394897460938 28.138463973999023 28.259807586669922 28.01603126525879 28.752384185791016 28.39081573486328 28.37455940246582 28.84716796875 36.404544830322266 27.656639099121094 28.05718421936035 28.42915153503418 27.723360061645508 28.32624053955078 27.952159881591797 28.48931121826172 
72.23133087158203 38.68803024291992 33.85152053833008 35.498207092285156 28.376928329467773 122.2647705078125 27.10550308227539 27.358591079711914 36.169246673583984 28.10691261291504 28.062847137451172 29.08336067199707 27.69094467163086 27.84511947631836 27.848031997680664 27.974687576293945 
28.457727432250977 28.251327514648438 30.0262393951416 29.384544372558594 29.64182472229004 29.17532730102539 30.079328536987305 29.534175872802734 34.716575622558594 28.87273597717285 28.76076889038086 28.580575942993164 28.758527755737305 28.87833595275879 28.849760055541992 28.867359161376953 
52.231422424316406 37.702911376953125 91.64995574951172 34.35676956176758 27.4368953704834 27.42233657836914 27.84000015258789 29.79292869567871 37.333248138427734 27.819679260253906 27.799007415771484 27.902816772460938 27.765216827392578 28.218751907348633 27.7761287689209 28.249887466430664 
28.948192596435547 28.42176055908203 29.738143920898438 29.911136627197266 29.781503677368164 29.606239318847656 29.587743759155273 29.56559944152832 35.226593017578125 28.812288284301758 29.00649642944336 28.780736923217773 28.617855072021484 28.923839569091797 28.7040958404541 28.78188705444336 
54.4315185546875 35.45097732543945 91.229248046875 110.18201446533203 27.049312591552734 28.549535751342773 28.815391540527344 29.063520431518555 31.743200302124023 27.62950325012207 27.80191993713379 28.326784133911133 28.264415740966797 28.091007232666016 27.736032485961914 27.51024055480957 
29.09174346923828 28.699167251586914 29.07766342163086 29.54140853881836 28.926591873168945 28.87603187561035 28.77027130126953 29.541664123535156 33.611358642578125 28.51136016845703 28.727840423583984 28.286495208740234 28.75632095336914 28.6744327545166 28.9453125 28.753183364868164 
58.67484664916992 35.70380783081055 34.91980743408203 77.20563507080078 27.396543502807617 27.2063045501709 27.81769561767578 27.853792190551758 34.072513580322266 27.667552947998047 28.097919464111328 27.62588882446289 27.852031707763672 27.781536102294922 28.45699119567871 27.701152801513672 
28.852031707763672 29.17078399658203 29.32966423034668 30.118623733520508 29.50432014465332 29.87539291381836 29.624095916748047 29.734848022460938 34.033504486083984 28.780864715576172 28.556800842285156 29.3055362701416 28.589567184448242 28.720767974853516 28.8558406829834 30.64396858215332 
52.31507110595703 36.54118347167969 104.24114990234375 93.77164459228516 26.994016647338867 27.190271377563477 28.78563117980957 28.415935516357422 35.01136016845703 27.618783950805664 28.05059242248535 27.61520004272461 27.897184371948242 27.728992462158203 27.928415298461914 27.811519622802734 
29.08025550842285 29.756479263305664 29.061439514160156 29.370559692382812 29.252288818359375 30.26563262939453 30.076576232910156 30.164064407348633 34.09632110595703 28.70355224609375 29.120960235595703 28.935359954833984 28.695552825927734 28.672191619873047 29.003456115722656 28.73072052001953 
51.38345718383789 35.30099105834961 88.30159759521484 33.511009216308594 28.4420166015625 27.896543502807617 29.17228889465332 29.05414390563965 36.25065612792969 27.55014419555664 27.87651252746582 27.793312072753906 28.1680965423584 28.368896484375 27.838176727294922 28.014368057250977 
28.700639724731445 28.602527618408203 28.529312133789062 28.51875114440918 28.80975914001465 30.2607364654541 29.66320037841797 30.189760208129883 34.31315231323242 28.547199249267578 28.873056411743164 29.86137580871582 28.672128677368164 28.702911376953125 28.971744537353516 29.046367645263672 
49.0549430847168 37.76163101196289 106.26668548583984 96.26729583740234 27.086687088012695 28.343936920166016 28.291263580322266 28.07302474975586 36.48348617553711 28.176544189453125 28.058176040649414 27.79702377319336 27.778560638427734 27.824127197265625 27.91062355041504 27.774656295776367 
28.913759231567383 28.76495933532715 28.966144561767578 28.91779136657715 29.70649528503418 28.890079498291016 29.882783889770508 28.912256240844727 33.103328704833984 28.466880798339844 28.83203125 29.00147247314453 29.402048110961914 29.98431968688965 29.5001277923584 28.74505615234375 
52.33545684814453 35.94015884399414 86.99430084228516 34.352542877197266 27.65567970275879 27.503807067871094 27.693599700927734 30.982879638671875 36.62099075317383 27.730623245239258 27.907743453979492 27.77724838256836 27.800735473632812 27.745983123779297 28.214815139770508 28.03388786315918 
28.959264755249023 28.799104690551758 28.67238426208496 29.934879302978516 29.51136016845703 29.890975952148438 29.163583755493164 29.4434871673584 34.01878356933594 28.848064422607422 28.838720321655273 28.647903442382812 28.682144165039062 28.650304794311523 28.755935668945312 28.895647048950195 
55.279457092285156 36.71811294555664 72.74720001220703 131.9989776611328 27.437824249267578 27.889087677001953 27.703231811523438 27.677536010742188 37.3699836730957 27.892799377441406 28.673023223876953 28.326303482055664 27.883743286132812 28.20787239074707 27.96873664855957 28.02934455871582 
28.81622314453125 28.349727630615234 29.33340835571289 28.84009552001953 29.324703216552734 29.40470314025879 28.9715518951416 29.340255737304688 32.947166442871094 28.648544311523438 28.638784408569336 28.81772804260254 28.43894386291504 28.84409523010254 29.101184844970703 29.8110408782959 
50.03644943237305 38.7204475402832 89.27606201171875 33.742942810058594 28.14201545715332 28.22889518737793 27.888832092285156 29.087167739868164 37.40358352661133 28.1713924407959 27.762815475463867 27.970975875854492 28.16147232055664 27.79747200012207 27.928287506103516 27.790048599243164 
28.77712059020996 28.31590461730957 28.921567916870117 28.94710350036621 30.186368942260742 29.536191940307617 28.90630340576172 29.025888442993164 33.6341438293457 28.510400772094727 28.873151779174805 29.04844856262207 28.74822425842285 28.755680084228516 30.06844711303711 29.016511917114258 
51.19878387451172 29.67647933959961 29.53718376159668 29.986719131469727 29.80182456970215 29.577695846557617 47.314334869384766 28.545663833618164 36.37907028198242 29.927520751953125 29.951583862304688 29.819456100463867 29.136831283569336 29.507648468017578 30.18819236755371 28.808799743652344 
75.34729766845703 29.649248123168945 28.989728927612305 29.52422332763672 29.598432540893555 29.32854461669922 29.16988754272461 30.263999938964844 39.86083221435547 29.607423782348633 30.113248825073242 29.39244842529297 29.567136764526367 29.33238410949707 31.432575225830078 28.85206413269043 
59.546112060546875 28.63088035583496 28.669471740722656 29.07548713684082 30.08393669128418 30.423423767089844 30.185087203979492 30.546207427978516 37.78435134887695 28.904064178466797 30.37116813659668 29.209407806396484 30.322847366333008 29.34204864501953 30.185056686401367 28.925792694091797 
83.53116607666016 28.674528121948242 29.207551956176758 30.29657554626465 30.63363265991211 30.603071212768555 29.927072525024414 30.105152130126953 37.25910568237305 28.89936065673828 29.868383407592773 29.34342384338379 30.25916862487793 29.02889633178711 30.163135528564453 29.04457664489746 
80.25312042236328 28.64588737487793 29.09427261352539 29.67897605895996 30.316320419311523 29.6910400390625 29.68943977355957 29.644895553588867 36.550559997558594 29.881216049194336 28.872159957885742 30.243967056274414 29.625215530395508 30.14192008972168 29.476415634155273 30.425376892089844 
72.19026947021484 29.192575454711914 29.34351921081543 29.803936004638672 30.912832260131836 30.32156753540039 30.152128219604492 30.560800552368164 36.799137115478516 29.845407485961914 29.344480514526367 30.604032516479492 29.78665542602539 30.113920211791992 29.694143295288086 29.825599670410156 
77.42700958251953 29.5296630859375 29.687999725341797 29.25004768371582 29.695295333862305 29.905536651611328 30.09404754638672 29.9289608001709 37.26230239868164 30.1114559173584 29.059328079223633 29.895103454589844 29.346208572387695 29.518495559692383 29.65443229675293 30.2063045501709 
88.97596740722656 28.649791717529297 29.756128311157227 29.75372886657715 30.00227165222168 29.944543838500977 30.376480102539062 30.122560501098633 36.46214294433594 29.579423904418945 29.922208786010742 29.6975040435791 30.009471893310547 29.602336883544922 30.229503631591797 29.54742431640625 
73.26780700683594 28.618207931518555 28.80419158935547 29.89958381652832 29.621023178100586 29.906335830688477 30.467647552490234 29.899072647094727 35.545631408691406 29.67136001586914 29.97260856628418 29.5897274017334 29.97420883178711 29.383487701416016 30.191936492919922 29.639135360717773 
74.51846313476562 28.582239151000977 29.747840881347656 29.37343978881836 29.776416778564453 29.802047729492188 29.5664005279541 29.803871154785156 35.155006408691406 28.861631393432617 29.972543716430664 29.26460838317871 30.300512313842773 29.202207565307617 30.932479858398438 29.740800857543945 
64.66284942626953 35.31296157836914 26.31273651123047 24.18556785583496 24.223968505859375 159.16458129882812 16.220352172851562 27.62883186340332 21.25779151916504 17.12895965576172 16.72208023071289 17.178207397460938 17.372447967529297 16.73308753967285 17.47270393371582 16.939424514770508 
15.555647850036621 15.56214427947998 15.72713565826416 15.95251178741455 15.771455764770508 15.825183868408203 15.97913646697998 16.25939178466797 19.190176010131836 16.59164810180664 15.943584442138672 16.688159942626953 15.785183906555176 16.658336639404297 16.23084831237793 16.31065559387207 
38.2191047668457 23.84048080444336 27.386688232421875 24.25379180908203 24.237119674682617 24.179391860961914 24.409696578979492 26.217824935913086 31.60755157470703 16.67568016052246 16.63644790649414 16.75107192993164 17.3687686920166 17.011167526245117 17.440832138061523 17.219392776489258 
16.009952545166016 15.67251205444336 15.645376205444336 15.790816307067871 15.87343978881836 16.077152252197266 16.084768295288086 15.898591995239258 16.59097671508789 16.011520385742188 16.26620864868164 16.12566375732422 16.054399490356445 16.227264404296875 15.999135971069336 16.6843204498291 
37.129825592041016 24.924991607666016 25.329023361206055 25.257919311523438 46.22972869873047 151.85455322265625 16.207103729248047 16.259679794311523 27.91379165649414 17.013696670532227 16.940671920776367 16.64668846130371 16.72444725036621 16.67635154724121 17.066816329956055 16.883007049560547 
15.687711715698242 15.637855529785156 15.640512466430664 15.657407760620117 15.622048377990723 15.92841625213623 16.010528564453125 16.200576782226562 19.079904556274414 18.77244758605957 15.921664237976074 15.817888259887695 15.776448249816895 16.745088577270508 15.937600135803223 16.235200881958008 
38.18320083618164 23.89676856994629 24.22425651550293 24.245119094848633 24.18454360961914 25.26595115661621 24.28825569152832 26.367807388305664 30.61097526550293 16.88787269592285 16.979999542236328 16.58345603942871 17.11078453063965 16.893152236938477 16.90336036682129 16.872703552246094 
15.893983840942383 15.617183685302734 15.732959747314453 15.698816299438477 15.948160171508789 15.876416206359863 15.882847785949707 15.944095611572266 19.014432907104492 16.54947280883789 15.892800331115723 15.903200149536133 15.815839767456055 15.985631942749023 16.26038360595703 15.849535942077637 
37.19830322265625 23.81497573852539 24.26905632019043 24.221792221069336 24.168575286865234 173.35757446289062 16.195039749145508 16.23593521118164 24.746400833129883 16.82169532775879 16.708415985107422 17.503936767578125 16.839807510375977 17.483776092529297 16.89423942565918 16.790016174316406 
15.653663635253906 15.705183982849121 15.71395206451416 15.774239540100098 15.769472122192383 16.038816452026367 16.181568145751953 16.17638397216797 17.934463500976562 16.330303192138672 16.360544204711914 16.004608154296875 16.641536712646484 15.800064086914062 16.366336822509766 15.810591697692871 
37.107425689697266 26.010400772094727 25.302783966064453 25.312543869018555 36.72550582885742 24.270719528198242 24.41846466064453 25.123104095458984 27.547935485839844 17.564735412597656 17.031455993652344 16.799583435058594 17.043615341186523 16.7587833404541 16.798463821411133 16.927295684814453 
15.778783798217773 15.576095581054688 15.573280334472656 15.644864082336426 15.870464324951172 15.852191925048828 15.737695693969727 16.042879104614258 17.627168655395508 18.459455490112305 15.897151947021484 15.684000015258789 15.703935623168945 16.09382438659668 15.931872367858887 15.894495964050293 
38.22371292114258 23.860607147216797 24.20899200439453 25.263839721679688 36.79167938232422 158.45765686035156 16.22185516357422 16.47532844543457 21.528352737426758 17.64841651916504 16.766624450683594 17.471200942993164 16.953344345092773 16.59609603881836 17.199552536010742 17.104543685913086 
15.802335739135742 15.59001636505127 15.598431587219238 15.860511779785156 15.907072067260742 15.909055709838867 15.937472343444824 16.287296295166016 18.34992027282715 16.43008041381836 15.847711563110352 16.06831932067871 16.483360290527344 16.07935905456543 16.552480697631836 15.822336196899414 
39.256126403808594 24.877471923828125 27.364511489868164 43.130401611328125 25.2825927734375 24.287391662597656 25.243776321411133 24.231775283813477 26.664480209350586 17.60089683532715 16.824159622192383 17.221920013427734 16.67932891845703 16.7259521484375 17.144800186157227 16.966495513916016 
15.795583724975586 15.634559631347656 15.698080062866211 16.0534725189209 15.96895980834961 15.817407608032227 15.989439964294434 16.026399612426758 18.71001625061035 15.93881607055664 16.233184814453125 15.625375747680664 16.250591278076172 16.644672393798828 16.10304069519043 16.21126365661621 
37.130367279052734 23.87228775024414 25.258207321166992 25.299455642700195 24.19923210144043 170.43373107910156 16.16979217529297 16.41619110107422 25.408735275268555 17.043359756469727 17.29363250732422 17.052736282348633 16.649503707885742 17.002687454223633 16.662399291992188 17.12940788269043 
15.805215835571289 15.662528038024902 15.582240104675293 15.884832382202148 15.847935676574707 15.920928001403809 16.072511672973633 15.987648010253906 18.819616317749023 16.100799560546875 15.771391868591309 15.699007987976074 16.03036880493164 15.802847862243652 15.876992225646973 16.315711975097656 
38.226783752441406 23.852415084838867 24.21468734741211 24.21513557434082 24.189023971557617 25.339967727661133 24.295520782470703 25.311264038085938 29.369312286376953 16.849151611328125 16.996063232421875 16.8438720703125 16.728927612304688 17.49305534362793 16.968992233276367 16.755199432373047 
15.766624450683594 15.64681625366211 15.746784210205078 15.663935661315918 15.670271873474121 16.18057632446289 16.269472122192383 16.04198455810547 19.212831497192383 17.080032348632812 15.935647964477539 16.931583404541016 15.850367546081543 16.485248565673828 16.2806396484375 16.25049591064453 
33.75651168823242 18.79587173461914 18.80143928527832 146.3718719482422 18.865375518798828 18.884000778198242 18.93984031677246 19.39241600036621 22.978208541870117 19.6711368560791 19.362688064575195 19.20732879638672 19.385120391845703 19.333696365356445 19.511903762817383 19.291872024536133 
18.196352005004883 18.05504035949707 18.048992156982422 18.133216857910156 18.171871185302734 18.50601577758789 18.460031509399414 18.480735778808594 20.433311462402344 18.62678337097168 18.276960372924805 18.69273567199707 19.371488571166992 19.365312576293945 18.844287872314453 18.735776901245117 
61.04288101196289 18.7728328704834 18.804832458496094 19.05094337463379 19.119136810302734 19.09903907775879 19.2675838470459 147.47923278808594 22.48054313659668 19.475744247436523 19.478559494018555 19.319135665893555 19.284704208374023 19.615520477294922 19.408447265625 19.33737564086914 
18.335840225219727 18.07699203491211 18.10950469970703 18.091615676879883 18.138208389282227 18.18079948425293 18.456928253173828 18.579551696777344 21.458688735961914 18.963199615478516 18.525632858276367 18.348447799682617 18.422367095947266 18.601247787475586 19.31043243408203 19.042688369750977 
52.60454559326172 18.79974365234375 18.785600662231445 18.84899139404297 18.904096603393555 18.966175079345703 166.73385620117188 18.770240783691406 22.039424896240234 19.749183654785156 19.450592041015625 19.42742347717285 19.87411117553711 19.48566436767578 19.536256790161133 19.41267204284668 
18.325727462768555 18.148479461669922 18.667552947998047 19.046367645263672 18.879104614257812 18.56671905517578 18.404895782470703 18.33545684814453 20.65340805053711 19.277280807495117 18.474016189575195 18.49795150756836 18.500640869140625 18.692832946777344 19.331008911132812 19.10335922241211 
58.83875274658203 18.78927993774414 18.830303192138672 18.868511199951172 18.88502311706543 19.15385627746582 19.258304595947266 141.3621826171875 24.916128158569336 20.038848876953125 19.327167510986328 19.63475227355957 19.40108871459961 19.544864654541016 19.562559127807617 19.783647537231445 
18.341888427734375 18.403743743896484 18.541248321533203 18.755935668945312 18.595487594604492 18.419776916503906 18.23321533203125 18.212703704833984 21.879615783691406 19.548095703125 18.6810245513916 18.743040084838867 18.30828857421875 19.921663284301758 18.928863525390625 19.353439331054688 
52.533409118652344 18.807008743286133 18.78118324279785 19.005599975585938 19.010175704956055 19.275903701782227 19.19647979736328 173.00341796875 23.82009506225586 19.74083137512207 19.690656661987305 19.65670394897461 18.990432739257812 19.081151962280273 19.527584075927734 19.61542320251465 
18.784832000732422 18.71072006225586 18.294240951538086 18.211807250976562 18.413503646850586 18.49839973449707 18.58448028564453 18.615999221801758 21.214879989624023 19.42246437072754 18.510719299316406 18.310016632080078 19.0665283203125 18.758464813232422 18.48307228088379 18.541759490966797 
64.1283187866211 18.718399047851562 18.82259178161621 19.424543380737305 19.607616424560547 19.691743850708008 19.631263732910156 146.2484130859375 23.951072692871094 19.42803192138672 19.60371208190918 19.77359962463379 19.749088287353516 19.49500846862793 19.18262481689453 19.480928421020508 
18.633472442626953 18.102527618408203 18.36288070678711 18.48956871032715 18.478496551513672 18.513343811035156 18.27846336364746 18.140703201293945 22.53785514831543 18.688064575195312 18.296415328979492 18.514080047607422 19.04035186767578 18.911968231201172 18.60860824584961 18.72096061706543 
57.8152961730957 18.773536682128906 18.79110336303711 18.815872192382812 18.850976943969727 19.010080337524414 19.08140754699707 152.53721618652344 23.52672004699707 19.414112091064453 19.645599365234375 20.046527862548828 19.40435218811035 19.685375213623047 19.537376403808594 19.58857536315918 
18.677024841308594 18.160959243774414 18.45404815673828 18.845855712890625 19.029983520507812 19.004064559936523 18.944448471069336 18.781375885009766 21.809696197509766 18.892288208007812 18.551712036132812 18.23347282409668 18.59756851196289 19.144575119018555 19.070655822753906 18.830080032348633 
69.35574340820312 18.767488479614258 18.767520904541016 18.82486343383789 18.923776626586914 18.995807647705078 19.05695915222168 137.73341369628906 23.40435218811035 19.387935638427734 19.32598304748535 19.671903610229492 19.67568016052246 19.544992446899414 19.29622459411621 19.39561653137207 
18.505279541015625 18.054752349853516 18.145408630371094 18.13759994506836 18.099775314331055 18.141056060791016 18.38060760498047 18.622528076171875 20.96905517578125 18.65670394897461 18.33718490600586 18.366432189941406 19.298368453979492 19.1964168548584 19.29849624633789 18.48294448852539 
41.296958923339844 18.74787139892578 18.808992385864258 18.878175735473633 19.946815490722656 19.940031051635742 153.3244171142578 18.77996826171875 24.4256649017334 19.540128707885742 19.5053768157959 19.759807586669922 19.23993682861328 19.914016723632812 19.571359634399414 19.441728591918945 
18.430879592895508 18.36240005493164 18.4716796875 18.88150405883789 19.062400817871094 18.965343475341797 18.837791442871094 18.676416397094727 22.11497688293457 18.71455955505371 18.826143264770508 20.078975677490234 19.740575790405273 19.047391891479492 18.804031372070312 18.65987205505371 
58.93404769897461 18.78144073486328 18.860000610351562 18.902847290039062 18.816320419311523 19.619455337524414 19.8637752532959 153.3190155029297 24.12259292602539 19.5817928314209 19.456863403320312 19.264127731323242 19.38902473449707 19.41753578186035 19.367839813232422 19.471359252929688 
18.268991470336914 18.05583953857422 18.042335510253906 18.165727615356445 18.191295623779297 18.149951934814453 18.363040924072266 18.536224365234375 20.813919067382812 19.132448196411133 18.60588836669922 18.33344078063965 18.319072723388672 18.36195182800293 19.471359252929688 18.769216537475586 
57.83065414428711 17.124160766601562 17.131071090698242 17.22710418701172 17.828319549560547 18.22047996520996 18.23948860168457 18.34332847595215 24.721664428710938 17.391584396362305 17.42403221130371 17.58915138244629 17.59494400024414 17.658784866333008 17.804096221923828 17.849504470825195 
16.893983840942383 16.598751068115234 16.594655990600586 16.565311431884766 16.81977653503418 16.832351684570312 17.277280807495117 17.03308868408203 20.77020835876465 17.847423553466797 17.474592208862305 17.006879806518555 17.40140724182129 16.927391052246094 16.675167083740234 17.665407180786133 
65.1319351196289 17.10153579711914 17.110591888427734 17.211679458618164 17.28278350830078 17.273183822631836 17.875743865966797 18.322784423828125 24.526336669921875 17.773216247558594 17.816959381103516 17.602144241333008 17.752639770507812 17.736480712890625 17.49216079711914 17.632352828979492 
17.3940486907959 16.945663452148438 16.854015350341797 16.82534408569336 17.047040939331055 17.028831481933594 16.75052833557129 16.926719665527344 20.439359664916992 17.710111618041992 17.44156837463379 17.022687911987305 17.138336181640625 16.7740478515625 16.86854362487793 17.53286361694336 
76.72777557373047 17.087583541870117 17.258464813232422 17.221952438354492 17.268991470336914 17.403839111328125 17.56287956237793 17.542144775390625 20.99420738220215 18.482688903808594 17.90105628967285 17.680896759033203 17.435199737548828 18.707584381103516 17.75312042236328 17.93462371826172 
17.18364715576172 16.635488510131836 16.52739143371582 16.527328491210938 16.927743911743164 16.91868782043457 16.872095108032227 16.932191848754883 19.874624252319336 17.567712783813477 16.98374366760254 16.771648406982422 17.032575607299805 17.0416316986084 17.20217514038086 16.740480422973633 
77.75299072265625 17.123647689819336 17.1646728515625 17.310495376586914 17.535167694091797 17.64828872680664 17.723968505859375 17.956480026245117 24.738143920898438 17.476703643798828 17.429279327392578 17.677568435668945 17.500831604003906 17.729183197021484 17.8768310546875 17.97420883178711 
16.923551559448242 16.68764877319336 16.588224411010742 16.629600524902344 16.485408782958984 16.616256713867188 17.078176498413086 17.059616088867188 19.507007598876953 17.545663833618164 17.39366340637207 17.0512638092041 16.98214340209961 17.392864227294922 16.87126350402832 17.588703155517578 
67.23673248291016 17.11382484436035 17.549312591552734 17.62495994567871 17.748672485351562 17.793407440185547 17.773311614990234 17.588064193725586 23.902175903320312 17.87468719482422 17.375808715820312 17.809215545654297 17.542720794677734 17.525279998779297 17.829280853271484 17.605247497558594 
17.206815719604492 16.62518310546875 16.64303970336914 16.663423538208008 16.685728073120117 17.26255989074707 17.456703186035156 17.36992073059082 19.830047607421875 17.788576126098633 17.435264587402344 16.849407196044922 17.428768157958984 17.302623748779297 16.972543716430664 17.077632904052734 
59.94108963012695 17.138559341430664 17.420320510864258 17.47395133972168 17.420352935791016 17.448896408081055 17.574079513549805 17.50921630859375 25.4617919921875 17.624704360961914 17.50934410095215 17.71023941040039 17.546720504760742 17.879199981689453 17.66089630126953 18.30860710144043 
17.230144500732422 16.755680084228516 16.79862403869629 17.199615478515625 17.25926399230957 17.035680770874023 17.029504776000977 16.97337532043457 19.051647186279297 17.53286361694336 16.732479095458984 17.370271682739258 17.0864315032959 16.805471420288086 17.79193687438965 16.976959228515625 
68.31958770751953 17.091455459594727 17.110559463500977 17.215999603271484 18.302976608276367 17.497472763061523 17.814239501953125 18.100095748901367 22.826143264770508 18.080575942993164 18.057567596435547 17.833728790283203 17.69753646850586 17.5447998046875 17.750560760498047 17.731935501098633 
16.861215591430664 16.496543884277344 16.45702362060547 16.68956756591797 16.660703659057617 17.13337516784668 17.16547203063965 17.073984146118164 20.147104263305664 17.259552001953125 17.535839080810547 17.103391647338867 16.96156883239746 17.369983673095703 16.93449592590332 17.836416244506836 
67.30000305175781 17.08857536315918 17.330272674560547 17.644672393798828 17.65545654296875 17.566944122314453 17.559263229370117 17.663135528564453 22.741024017333984 17.471424102783203 17.6628475189209 18.502016067504883 17.671871185302734 17.684864044189453 17.540544509887695 17.781312942504883 
17.21299171447754 17.098880767822266 17.055007934570312 16.98691177368164 16.65987205505371 16.644512176513672 16.60598373413086 16.69318389892578 18.752288818359375 17.273088455200195 17.46873664855957 16.895647048950195 17.766464233398438 17.108192443847656 17.027488708496094 16.786239624023438 
66.67756652832031 17.09539222717285 17.124544143676758 17.09984016418457 17.345279693603516 17.80089569091797 18.136863708496094 18.271360397338867 27.369855880737305 17.451871871948242 18.32636833190918 17.76927947998047 17.919296264648438 17.82431983947754 17.577695846557617 17.68191909790039 
17.059999465942383 16.77654457092285 16.904224395751953 17.030271530151367 16.885408401489258 16.849536895751953 16.851104736328125 16.96019172668457 19.863040924072266 18.136991500854492 17.03500747680664 17.06287956237793 16.719200134277344 16.725248336791992 17.17171287536621 17.18329620361328 
63.104000091552734 17.144704818725586 17.496768951416016 17.804800033569336 17.896991729736328 17.90835189819336 17.888896942138672 17.741920471191406 24.662464141845703 17.5947208404541 17.450176239013672 17.3789119720459 17.608320236206055 17.6810245513916 17.565248489379883 17.813472747802734 
17.58675193786621 16.76438331604004 16.87295913696289 16.992319107055664 16.858495712280273 16.690208435058594 16.782495498657227 16.90550422668457 19.77609634399414 17.341215133666992 17.170719146728516 16.774560928344727 16.825664520263672 17.197919845581055 17.029823303222656 17.155136108398438 
85.77699279785156 25.772480010986328 25.877439498901367 26.120128631591797 25.918304443359375 26.128896713256836 26.287551879882812 26.014751434326172 33.13273620605469 26.063264846801758 26.201183319091797 25.984479904174805 25.808639526367188 25.932191848754883 26.20457649230957 25.958463668823242 
43.988670349121094 25.935039520263672 25.526912689208984 26.40435218811035 26.683744430541992 26.492191314697266 26.147232055664062 26.97545623779297 32.92399978637695 25.758560180664062 26.127647399902344 25.945951461791992 26.039968490600586 26.28188705444336 25.70137596130371 26.009599685668945 
45.1580810546875 25.8175048828125 25.879968643188477 25.99056053161621 26.58025550842285 26.737951278686523 26.498079299926758 29.866239547729492 33.102943420410156 25.709087371826172 25.968128204345703 26.126272201538086 25.943296432495117 25.94927978515625 26.04140853881836 25.948095321655273 
46.23023986816406 25.866304397583008 26.093311309814453 26.40608024597168 26.57427215576172 26.051776885986328 26.314847946166992 29.538816452026367 32.77199935913086 25.925567626953125 26.376544952392578 25.998783111572266 26.00611114501953 26.793792724609375 26.036224365234375 26.588096618652344 
45.17363357543945 25.828960418701172 25.417184829711914 25.808992385864258 26.404415130615234 26.050912857055664 26.884511947631836 31.388704299926758 33.29359817504883 26.215904235839844 26.467487335205078 25.957632064819336 26.093183517456055 26.155519485473633 26.40729522705078 26.391040802001953 
43.11801528930664 25.873504638671875 25.964191436767578 26.829856872558594 26.779136657714844 26.360031127929688 25.951967239379883 26.37331199645996 33.864479064941406 25.84012794494629 25.731840133666992 25.99228858947754 26.39958381652832 26.06867218017578 26.226848602294922 26.187776565551758 
45.13545608520508 25.821727752685547 25.600255966186523 26.175199508666992 26.46143913269043 26.142751693725586 26.379711151123047 28.380287170410156 32.785343170166016 25.965152740478516 26.456512451171875 26.201440811157227 26.535903930664062 26.16054344177246 26.27292823791504 26.35327911376953 
45.126976013183594 25.79897689819336 25.41360092163086 26.969343185424805 26.54083251953125 26.256223678588867 26.66659164428711 29.505727767944336 34.06147384643555 25.967967987060547 26.40662384033203 26.132160186767578 26.502944946289062 26.0416316986084 26.07744026184082 25.991743087768555 
45.19318389892578 25.42643165588379 25.547935485839844 25.867839813232422 26.50704002380371 26.215391159057617 27.101184844970703 26.964672088623047 32.93779373168945 26.269023895263672 26.404735565185547 25.938751220703125 25.928192138671875 26.245023727416992 26.345279693603516 26.097087860107422 
46.22422409057617 25.757375717163086 25.525663375854492 26.30419158935547 26.111711502075195 26.163999557495117 26.538368225097656 26.01308822631836 34.547969818115234 25.90403175354004 26.72105598449707 26.37740707397461 26.327648162841797 26.287168502807617 26.031679153442383 26.030784606933594 
32.491905212402344 20.991455078125 17.784448623657227 17.85420799255371 18.148096084594727 18.169984817504883 18.157503128051758 18.08345603942871 23.158559799194336 19.03606414794922 18.43008041381836 18.103328704833984 18.36476707458496 19.326208114624023 18.950592041015625 18.516416549682617 
21.538816452026367 20.885055541992188 20.843103408813477 21.02409553527832 21.34409523010254 21.85628890991211 21.9737606048584 22.00998306274414 25.287872314453125 21.316896438598633 21.366079330444336 21.25904083251953 21.43401527404785 20.78972816467285 21.363616943359375 21.363935470581055 
70.0923843383789 17.720287322998047 17.715551376342773 17.73049545288086 17.96883201599121 17.976064682006836 17.949888229370117 18.00921630859375 23.326208114624023 18.694976806640625 18.922880172729492 19.673376083374023 18.53980827331543 18.137056350708008 18.288671493530273 19.2906551361084 
21.431135177612305 21.02355194091797 21.150911331176758 21.41417694091797 21.451679229736328 21.470975875854492 21.156639099121094 20.98579216003418 24.65830421447754 21.509056091308594 21.346847534179688 21.26950454711914 21.591520309448242 21.5251522064209 21.451520919799805 21.609695434570312 
57.52659225463867 17.740032196044922 17.756288528442383 17.834239959716797 18.454015731811523 18.696287155151367 18.85327911376953 18.874656677246094 22.78678321838379 19.499040603637695 18.400192260742188 18.427648544311523 18.370431900024414 19.127840042114258 18.730623245239258 18.122848510742188 
21.373855590820312 20.793216705322266 20.79769515991211 20.750656127929688 20.926591873168945 20.970048904418945 21.17535972595215 21.17731285095215 24.11497688293457 21.63430404663086 22.340576171875 21.206815719604492 22.174816131591797 21.087072372436523 21.873855590820312 21.474048614501953 
66.0516128540039 17.730655670166016 17.715648651123047 18.114240646362305 18.13884735107422 18.646272659301758 18.776287078857422 18.832096099853516 21.734336853027344 19.27168083190918 18.301023483276367 18.293216705322266 18.24393653869629 18.996736526489258 19.28678321838379 18.508895874023438 
21.430496215820312 20.868160247802734 20.797439575195312 20.873279571533203 20.87673568725586 21.698368072509766 22.051040649414062 21.799423217773438 21.578048706054688 21.304927825927734 21.863231658935547 21.10963249206543 21.568096160888672 21.473087310791016 21.3819522857666 21.385568618774414 
70.09785461425781 17.719711303710938 17.722143173217773 18.161088943481445 18.172224044799805 18.344959259033203 18.420671463012695 18.54956817626953 23.8155517578125 18.965951919555664 18.890079498291016 18.457056045532227 18.17318344116211 18.389984130859375 18.555360794067383 17.985599517822266 
21.511615753173828 20.835712432861328 20.727359771728516 20.90403175354004 20.984352111816406 20.923200607299805 20.941471099853516 21.028160095214844 25.867679595947266 21.696544647216797 21.20867156982422 21.180896759033203 21.865312576293945 21.26153564453125 21.40185546875 21.71708869934082 
72.1942367553711 17.731903076171875 17.76041603088379 17.824575424194336 18.12054443359375 18.11555290222168 18.24835205078125 18.794687271118164 23.628543853759766 18.381696701049805 18.292991638183594 18.652896881103516 18.093984603881836 18.426143646240234 19.3756160736084 18.982431411743164 
21.246431350708008 21.15007972717285 21.497695922851562 21.808063507080078 21.720672607421875 21.62713623046875 21.43824005126953 21.384384155273438 24.24844741821289 21.414592742919922 21.273344039916992 21.22755241394043 22.62259292602539 21.470943450927734 21.14246368408203 21.547487258911133 
69.01487731933594 17.709535598754883 17.755456924438477 18.018783569335938 18.061824798583984 18.516511917114258 18.7589111328125 18.811935424804688 20.982912063598633 18.578271865844727 19.165376663208008 19.180095672607422 19.223295211791992 18.380224227905273 17.951391220092773 18.420127868652344 
22.16022491455078 21.435264587402344 21.017728805541992 20.799936294555664 20.899200439453125 20.927967071533203 20.883615493774414 20.954431533813477 25.46659278869629 21.250240325927734 21.20582389831543 22.75801658630371 21.078943252563477 21.143295288085938 21.56118392944336 21.278400421142578 
60.63257598876953 17.75142478942871 17.78803253173828 17.93552017211914 17.96246337890625 18.005855560302734 17.974111557006836 18.269216537475586 22.958303451538086 18.58073616027832 19.27084732055664 18.6276798248291 17.901119232177734 18.519136428833008 19.936511993408203 18.603424072265625 
21.350208282470703 21.07689666748047 21.74870491027832 21.89174461364746 21.71990394592285 21.53900718688965 21.414304733276367 21.119104385375977 24.695392608642578 21.556703567504883 20.92780876159668 21.58291244506836 20.89910316467285 21.247392654418945 21.510175704956055 21.252031326293945 
69.02166748046875 17.711008071899414 17.725120544433594 17.817407608032227 18.552095413208008 18.482816696166992 18.456735610961914 18.587648391723633 24.131488800048828 19.152128219604492 18.861791610717773 18.42723274230957 18.879487991333008 19.115968704223633 18.538848876953125 18.509408950805664 
21.043071746826172 20.66329574584961 20.738880157470703 20.79363250732422 20.763872146606445 21.053760528564453 21.696575164794922 21.928607940673828 24.90790367126465 22.77244758605957 21.0533447265625 21.28700828552246 21.672351837158203 21.326175689697266 21.330656051635742 21.470304489135742 
70.1022720336914 17.725439071655273 17.740352630615234 17.821664810180664 17.89472007751465 17.928640365600586 18.346559524536133 18.459135055541992 21.638687133789062 19.04115104675293 18.50809669494629 17.804832458496094 18.31760025024414 19.00214385986328 18.441375732421875 18.01945686340332 
21.99247932434082 21.004192352294922 20.83919906616211 20.77324867248535 20.870624542236328 21.088319778442383 20.94233512878418 20.991424560546875 25.958560943603516 22.132352828979492 21.303327560424805 21.093536376953125 21.82419204711914 21.24812889099121 21.419391632080078 21.35456085205078 
76.13763427734375 21.708736419677734 22.093280792236328 22.1345272064209 23.165952682495117 90.33443450927734 24.217376708984375 41.007198333740234 21.945280075073242 14.460320472717285 14.442015647888184 14.689184188842773 15.040767669677734 14.609151840209961 14.34444808959961 14.550175666809082 
16.678592681884766 15.932576179504395 15.845503807067871 15.879424095153809 16.009023666381836 16.06972885131836 16.31532859802246 16.145248413085938 18.08367919921875 15.766783714294434 16.248096466064453 15.967679977416992 15.934240341186523 16.11408042907715 16.116064071655273 16.931903839111328 
36.279457092285156 21.661951065063477 22.112255096435547 22.14569664001465 22.077983856201172 22.156288146972656 22.140480041503906 23.261119842529297 23.074399948120117 14.743295669555664 14.583488464355469 14.470527648925781 14.419039726257324 15.199872016906738 14.54736042022705 14.354592323303223 
16.552448272705078 15.879615783691406 15.882047653198242 15.968992233276367 16.172447204589844 16.328895568847656 16.16396713256836 16.07321548461914 18.349504470825195 15.742400169372559 15.789119720458984 16.416767120361328 16.12668800354004 16.67340850830078 16.07321548461914 16.528831481933594 
38.366432189941406 21.689695358276367 22.140064239501953 162.73904418945312 22.119552612304688 14.814271926879883 13.999872207641602 14.307711601257324 20.001663208007812 14.753024101257324 14.562496185302734 14.356415748596191 14.678336143493652 15.320735931396484 14.901023864746094 14.40931224822998 
16.425247192382812 15.772319793701172 15.844544410705566 15.820799827575684 15.996800422668457 16.023263931274414 16.03811264038086 16.04128074645996 18.966655731201172 15.838080406188965 15.902432441711426 16.03001594543457 16.685760498046875 16.0413761138916 16.111648559570312 15.927647590637207 
38.02131271362305 22.023040771484375 22.13747215270996 23.189952850341797 22.137344360351562 22.112031936645508 22.200895309448242 23.17251205444336 21.700992584228516 14.415040016174316 14.499135971069336 14.425760269165039 15.185952186584473 14.648127555847168 14.616800308227539 14.544447898864746 
17.097312927246094 15.943167686462402 15.892288208007812 15.979392051696777 16.31273651123047 16.404191970825195 16.561599731445312 16.274879455566406 18.639551162719727 17.140031814575195 15.92182445526123 16.385696411132812 15.921440124511719 15.844191551208496 15.841983795166016 16.327903747558594 
36.25507354736328 21.682016372680664 22.131040573120117 22.122304916381836 162.77049255371094 14.535615921020508 13.970975875854492 14.516127586364746 20.167455673217773 15.528639793395996 14.39452838897705 14.326784133911133 14.719391822814941 15.089887619018555 14.779232025146484 15.197376251220703 
16.455583572387695 15.836128234863281 15.835040092468262 15.806559562683105 16.04332733154297 16.073984146118164 16.072256088256836 16.084575653076172 19.035839080810547 16.35686492919922 16.185823440551758 15.972288131713867 16.0798397064209 16.397279739379883 16.33126449584961 16.055583953857422 
41.17145538330078 107.06221008300781 22.12006378173828 23.256128311157227 22.12112045288086 22.081024169921875 22.081472396850586 18.69443130493164 19.133087158203125 14.993120193481445 14.30031967163086 14.532383918762207 14.599424362182617 15.142911911010742 14.7991361618042 14.35478401184082 
16.396255493164062 15.836288452148438 15.85696029663086 16.188671112060547 16.250112533569336 16.165279388427734 16.124544143676758 16.14588737487793 16.440256118774414 15.955743789672852 16.29827117919922 16.3240966796875 17.11507225036621 16.148096084594727 16.294815063476562 16.14473533630371 
38.02348709106445 22.034048080444336 22.097087860107422 23.162912368774414 160.669189453125 14.559743881225586 13.993951797485352 15.284000396728516 20.489055633544922 15.093152046203613 14.947711944580078 14.7042236328125 14.542624473571777 14.707807540893555 14.739232063293457 15.32595157623291 
16.65932846069336 15.951168060302734 15.999648094177246 16.014976501464844 15.92950439453125 15.955488204956055 16.120927810668945 16.12713623046875 18.739776611328125 15.937055587768555 15.8853759765625 15.817312240600586 16.456159591674805 16.068639755249023 16.180864334106445 15.905920028686523 
37.339359283447266 21.657119750976562 22.125024795532227 52.55900955200195 22.12009620666504 22.286848068237305 23.005151748657227 22.178464889526367 20.280576705932617 15.070560455322266 15.069055557250977 14.65078353881836 14.389599800109863 14.443296432495117 14.57472038269043 15.0796480178833 
16.887327194213867 16.281312942504883 16.199296951293945 16.19513511657715 16.157791137695312 16.05446434020996 16.125919342041016 16.291168212890625 17.86944007873535 15.836895942687988 16.28748893737793 15.997056007385254 15.945247650146484 15.832639694213867 16.236543655395508 16.07916831970215 
37.296417236328125 21.657760620117188 22.137184143066406 48.39775848388672 125.97532653808594 21.81545639038086 13.970175743103027 14.028608322143555 19.612319946289062 14.485407829284668 14.419967651367188 14.681183815002441 15.143360137939453 14.826944351196289 14.289088249206543 14.51244831085205 
16.66409683227539 15.950016021728516 15.889375686645508 15.937888145446777 16.06617546081543 15.942432403564453 15.925056457519531 15.897343635559082 20.008703231811523 15.696319580078125 16.488319396972656 16.161760330200195 16.48271942138672 15.926239967346191 16.53321647644043 16.008127212524414 
36.25471878051758 27.993440628051758 22.13532829284668 66.18224334716797 22.20185661315918 24.165504455566406 22.12825584411621 22.130720138549805 20.96758460998535 15.008735656738281 14.345664024353027 14.630240440368652 14.731167793273926 14.491007804870605 15.111167907714844 14.510432243347168 
16.577856063842773 16.136415481567383 16.16156768798828 16.211584091186523 16.04911994934082 16.049312591552734 15.97110366821289 16.024864196777344 18.49577522277832 15.998559951782227 16.03727912902832 15.98691177368164 16.173311233520508 16.869632720947266 16.158496856689453 15.87887954711914 
36.05014419555664 19.592863082885742 19.695552825927734 19.938623428344727 19.945472717285156 19.955039978027344 109.73308563232422 19.644384384155273 25.70524787902832 20.704608917236328 20.93827247619629 20.53228759765625 20.57539176940918 20.050432205200195 20.128095626831055 20.495807647705078 
19.392000198364258 19.042591094970703 19.094655990600586 19.637216567993164 19.828895568847656 19.70502471923828 19.48137664794922 19.362688064575195 23.28771209716797 19.848224639892578 19.773120880126953 19.526655197143555 19.60710334777832 19.698816299438477 20.423744201660156 19.675519943237305 
35.016639709472656 19.545215606689453 19.624128341674805 19.763647079467773 38.87865447998047 19.999168395996094 72.2774429321289 19.466527938842773 23.936864852905273 20.577407836914062 20.680320739746094 22.22844886779785 20.113088607788086 20.17238426208496 20.313247680664062 20.28441619873047 
19.50592041015625 19.243167877197266 19.616928100585938 19.914112091064453 20.062719345092773 20.011167526245117 19.746240615844727 19.877119064331055 24.504512786865234 19.646207809448242 19.560991287231445 20.323808670043945 19.363359451293945 19.479232788085938 19.452543258666992 19.54377555847168 
35.0016975402832 19.603103637695312 19.59939193725586 19.924863815307617 56.42192077636719 54.12870407104492 19.501312255859375 19.57587242126465 24.14803123474121 20.488191604614258 21.280160903930664 20.099775314331055 20.39743995666504 20.906208038330078 20.836544036865234 20.747936248779297 
19.841472625732422 19.221920013427734 18.978464126586914 19.097919464111328 19.057247161865234 19.194656372070312 19.66636848449707 19.779071807861328 24.293567657470703 19.949247360229492 20.044095993041992 20.08006477355957 19.807680130004883 19.948287963867188 19.606975555419922 19.380064010620117 
34.984256744384766 19.575040817260742 19.859296798706055 19.986303329467773 42.71315383911133 19.962400436401367 78.71916961669922 19.517440795898438 23.978559494018555 20.68169593811035 20.383264541625977 20.157407760620117 20.47987174987793 20.16454315185547 20.295455932617188 20.52025604248047 
19.39676856994629 19.332319259643555 19.408191680908203 19.8371524810791 19.898208618164062 19.87753677368164 19.91119956970215 20.150720596313477 22.91904067993164 20.27894401550293 19.792095184326172 19.533695220947266 19.676128387451172 19.52796745300293 19.155712127685547 19.909664154052734 
33.91436767578125 19.566560745239258 19.662687301635742 19.66326332092285 42.07353591918945 19.983776092529297 77.74972534179688 19.52217674255371 24.367103576660156 20.246240615844727 19.87945556640625 20.013376235961914 20.101024627685547 20.58742332458496 20.33350372314453 20.647743225097656 
19.60851287841797 19.1343994140625 19.13849639892578 19.60201644897461 19.96348762512207 19.833984375 19.82054328918457 19.829599380493164 23.644128799438477 20.068992614746094 20.011295318603516 20.010080337524414 19.926591873168945 19.318912506103516 23.250463485717773 19.6779842376709 
34.99808120727539 19.60361671447754 19.818464279174805 19.858047485351562 31.2227840423584 20.261056900024414 78.4261474609375 19.684831619262695 24.539487838745117 20.616544723510742 19.9135684967041 20.764223098754883 20.08086395263672 20.25551986694336 20.4881591796875 20.511648178100586 
19.93721580505371 19.198144912719727 19.151103973388672 19.50579261779785 19.652639389038086 19.615360260009766 19.701791763305664 19.689504623413086 22.89481544494629 19.683584213256836 19.719871520996094 20.321407318115234 19.81216049194336 19.659488677978516 20.23891258239746 20.16035270690918 
33.984703063964844 19.616287231445312 19.552095413208008 19.729888916015625 24.33024024963379 20.453760147094727 78.74931335449219 19.604352951049805 24.26915168762207 20.477439880371094 20.275360107421875 19.877056121826172 20.3953914642334 20.320863723754883 20.18783950805664 20.189472198486328 
22.322784423828125 19.035200119018555 19.391712188720703 19.461023330688477 19.658367156982422 19.673728942871094 19.863136291503906 20.09004783630371 22.483583450317383 19.644832611083984 19.352415084838867 21.110015869140625 19.249408721923828 19.799232482910156 19.942623138427734 20.123104095458984 
34.973472595214844 19.542943954467773 19.71174430847168 19.85990333557129 20.15433692932129 32.285247802734375 19.953088760375977 64.63993835449219 24.80735969543457 20.448223114013672 20.27129554748535 20.183616638183594 20.185951232910156 20.293312072753906 20.05299186706543 20.20364761352539 
19.98182487487793 19.267295837402344 19.54102325439453 19.88707160949707 20.01535987854004 19.94710350036621 19.984256744384766 20.004671096801758 22.926048278808594 19.82428741455078 19.387807846069336 19.628768920898438 20.113344192504883 20.006175994873047 20.05731201171875 19.749216079711914 
33.934654235839844 19.61961555480957 19.834592819213867 20.197376251220703 37.1383056640625 20.197599411010742 74.03231811523438 19.46883201599121 25.88649559020996 20.510784149169922 20.416576385498047 20.278911590576172 20.203840255737305 20.17843246459961 20.273696899414062 20.22902488708496 
19.666719436645508 19.123199462890625 19.525279998779297 19.896543502807617 19.893024444580078 19.900192260742188 19.966751098632812 20.04979133605957 23.191743850708008 19.797504425048828 19.716928482055664 19.807008743286133 19.68707275390625 19.7096004486084 19.562528610229492 19.479616165161133 
34.99798583984375 19.52979278564453 20.097440719604492 36.05801773071289 89.60809326171875 19.473663330078125 19.482528686523438 19.75708770751953 24.929920196533203 20.481279373168945 20.927072525024414 20.715072631835938 20.81376075744629 20.415712356567383 20.589792251586914 20.502111434936523 
19.4204158782959 18.988000869750977 19.339616775512695 19.328096389770508 19.2708797454834 19.08608055114746 19.107744216918945 19.136640548706055 22.238847732543945 19.44476890563965 19.837696075439453 19.217344284057617 19.61827278137207 19.529727935791016 20.383392333984375 20.70128059387207 
43.45817565917969 28.70732879638672 29.109535217285156 30.003040313720703 30.29599952697754 29.287071228027344 66.5755844116211 28.105087280273438 37.509727478027344 29.052000045776367 28.770559310913086 29.42563247680664 29.187551498413086 29.736543655395508 28.987520217895508 29.249248504638672 
112.63398742675781 28.121152877807617 28.236064910888672 28.81622314453125 29.319232940673828 29.55526351928711 29.357696533203125 29.439456939697266 37.209503173828125 28.736000061035156 29.411392211914062 29.080799102783203 28.575904846191406 29.447200775146484 29.237056732177734 30.16476821899414 
58.16739273071289 28.21343994140625 28.516576766967773 29.91868782043457 30.1760311126709 29.880287170410156 29.679872512817383 33.745567321777344 36.76076889038086 30.34671974182129 28.473312377929688 29.164159774780273 29.239776611328125 29.677248001098633 29.588703155517578 29.379423141479492 
54.405601501464844 28.126976013183594 28.141855239868164 29.05059242248535 29.6844482421875 29.700416564941406 28.99897575378418 29.509824752807617 34.81462478637695 29.03887939453125 28.912704467773438 29.388927459716797 28.417695999145508 29.54854393005371 28.53500747680664 29.380640029907227 
55.037086486816406 28.215551376342773 29.051488876342773 28.867584228515625 29.656768798828125 29.23129653930664 29.54265594482422 29.563615798950195 37.23401641845703 28.887039184570312 29.2544002532959 29.19817543029785 29.338815689086914 29.26265525817871 29.761760711669922 29.14803123474121 
55.165279388427734 28.650527954101562 28.939807891845703 29.162752151489258 29.75004768371582 29.85958480834961 29.99087905883789 29.502880096435547 38.32710266113281 29.293760299682617 29.08799934387207 29.246912002563477 29.2524471282959 29.323904037475586 29.132448196411133 29.240127563476562 
59.13721466064453 28.20355224609375 29.345184326171875 29.100448608398438 29.762399673461914 29.14169692993164 29.765247344970703 32.312320709228516 33.98713684082031 28.88662338256836 29.07366371154785 29.472192764282227 29.179359436035156 29.3110408782959 29.750015258789062 29.177471160888672 
56.01408004760742 28.170272827148438 28.208480834960938 29.226303100585938 29.90233612060547 29.718048095703125 29.124319076538086 32.88496017456055 36.30838394165039 29.33523178100586 29.16102409362793 29.16713523864746 29.4520320892334 29.089088439941406 29.323711395263672 28.574079513549805 
57.2874870300293 28.176767349243164 28.873727798461914 29.687040328979492 29.795839309692383 29.963903427124023 29.679872512817383 29.54412841796875 37.837406158447266 29.30451202392578 28.580928802490234 31.112287521362305 29.339616775512695 30.029727935791016 29.097728729248047 29.36275291442871 
60.18182373046875 28.128000259399414 28.12396812438965 29.00716781616211 29.174976348876953 30.00150489807129 29.303680419921875 30.14841651916504 35.28742218017578 28.784832000732422 29.53228759765625 28.75974464416504 28.83510398864746 28.904064178466797 29.290016174316406 29.756864547729492 
47.23494338989258 18.984479904174805 18.984960556030273 18.963520050048828 19.234655380249023 19.577184677124023 19.91334342956543 44.14521789550781 23.396320343017578 19.812480926513672 19.341440200805664 20.382911682128906 19.692607879638672 19.492639541625977 19.65897560119629 19.799711227416992 
19.076736450195312 18.83513641357422 18.850431442260742 18.94086456298828 18.975040435791016 19.01568031311035 19.2139835357666 19.43129539489746 23.734336853027344 19.7890567779541 19.57561683654785 19.3022403717041 19.611648559570312 19.904640197753906 19.792448043823242 19.606719970703125 
89.16716766357422 18.909439086914062 19.155519485473633 19.195520401000977 19.688735961914062 20.0513916015625 20.07263946533203 20.138111114501953 24.25481605529785 19.57859230041504 19.60860824584961 19.457151412963867 19.19273567199707 19.784543991088867 19.61180877685547 19.242015838623047 
19.408063888549805 18.93721580505371 18.94812774658203 18.91481590270996 18.996448516845703 19.200607299804688 19.167680740356445 19.248640060424805 22.713727951049805 19.571199417114258 19.356159210205078 19.459135055541992 20.023040771484375 19.36147117614746 18.975807189941406 19.704896926879883 
62.87443161010742 18.928831100463867 19.0263671875 19.53763198852539 19.818143844604492 19.63862419128418 19.714111328125 19.5849609375 25.816192626953125 19.75993537902832 19.234176635742188 19.82054328918457 19.902143478393555 19.776992797851562 19.525312423706055 19.67136001586914 
19.2238712310791 19.082399368286133 19.38479995727539 19.566335678100586 19.436960220336914 19.330015182495117 19.32918357849121 19.22640037536621 22.804447174072266 19.59894371032715 19.451616287231445 20.578527450561523 19.473600387573242 19.836576461791992 19.332992553710938 19.005855560302734 
60.87187194824219 19.009824752807617 18.99452781677246 19.19171142578125 19.19696044921875 19.226783752441406 19.331680297851562 19.321151733398438 22.90729522705078 19.772159576416016 19.69715118408203 19.773664474487305 20.155136108398438 19.63065528869629 19.17305564880371 19.874143600463867 
19.14179229736328 18.90131187438965 18.870784759521484 19.00480079650879 19.09766387939453 19.185056686401367 19.298912048339844 19.280479431152344 23.0677433013916 19.848800659179688 19.195072174072266 19.227872848510742 19.461952209472656 19.65555191040039 19.407583236694336 19.505088806152344 
49.262046813964844 18.887935638427734 18.951072692871094 19.338111877441406 19.520191192626953 19.583967208862305 19.42144012451172 19.431840896606445 25.141855239868164 19.809696197509766 19.539936065673828 19.62303924560547 19.70467185974121 20.112672805786133 19.48748779296875 19.620512008666992 
19.363231658935547 18.918912887573242 18.947200775146484 19.060895919799805 18.99817657470703 19.034847259521484 19.227455139160156 19.39583969116211 23.10576057434082 19.93529510498047 19.397216796875 19.39507293701172 19.40176010131836 19.136415481567383 19.716064453125 19.645599365234375 
87.01622772216797 18.95635223388672 18.90812873840332 19.017824172973633 19.336671829223633 19.43561553955078 19.774463653564453 19.651168823242188 25.104768753051758 19.91596794128418 20.242719650268555 19.192800521850586 20.638591766357422 19.966175079345703 19.89081573486328 19.702911376953125 
19.506784439086914 18.93891143798828 18.87708854675293 18.977983474731445 19.34079933166504 19.30191993713379 19.320032119750977 19.485952377319336 20.505535125732422 20.053855895996094 19.904096603393555 19.618751525878906 19.734272003173828 20.510143280029297 19.152191162109375 20.012544631958008 
60.7540168762207 18.9071044921875 19.088672637939453 19.405696868896484 19.442623138427734 19.392480850219727 19.3852481842041 19.281280517578125 25.613920211791992 19.730688095092773 19.832063674926758 19.626304626464844 19.581472396850586 19.665088653564453 19.775423049926758 19.63871955871582 
19.122528076171875 18.871936798095703 19.21494483947754 19.16908836364746 19.11587142944336 19.004032135009766 18.982208251953125 19.074495315551758 22.839616775512695 19.68671989440918 19.129152297973633 19.515968322753906 19.541183471679688 19.288576126098633 19.517728805541992 19.55401611328125 
61.81331253051758 18.915327072143555 18.927616119384766 18.94380760192871 19.13667106628418 19.19068717956543 19.198463439941406 19.18739128112793 26.45782470703125 20.260543823242188 19.49616050720215 19.06537628173828 19.74937629699707 19.642431259155273 20.04140853881836 19.465248107910156 
19.23904037475586 18.83782386779785 18.902175903320312 18.95929527282715 19.248159408569336 19.312223434448242 19.482751846313477 19.383647918701172 22.65113639831543 19.447872161865234 20.37843132019043 19.559263229370117 19.443391799926758 19.266016006469727 20.36182403564453 20.19331169128418 
60.84617614746094 18.98476791381836 19.074495315551758 19.427040100097656 19.458879470825195 19.475008010864258 19.56368064880371 19.345407485961914 24.434112548828125 19.86639976501465 21.14739227294922 19.713024139404297 19.809215545654297 19.789472579956055 19.682079315185547 20.08131217956543 
19.233600616455078 18.8450870513916 18.901887893676758 19.28633689880371 19.339584350585938 19.33123207092285 19.33990478515625 19.362367630004883 22.825408935546875 19.808000564575195 19.35593605041504 19.534048080444336 19.3272647857666 19.139039993286133 20.23244857788086 19.486175537109375 
61.854976654052734 18.977760314941406 18.97372817993164 19.162687301635742 19.26134490966797 19.219135284423828 19.203487396240234 19.32748794555664 22.09823989868164 19.809024810791016 19.333759307861328 19.507904052734375 19.51897621154785 19.507871627807617 19.67616081237793 19.326271057128906 
19.147775650024414 18.92076873779297 18.856544494628906 18.956607818603516 18.95427131652832 19.02943992614746 19.10211181640625 19.076416015625 22.424320220947266 19.485088348388672 20.425344467163086 19.451904296875 19.59267234802246 19.78438377380371 19.663007736206055 20.34115219116211 
57.10441589355469 15.266240119934082 15.243904113769531 15.551360130310059 15.62713623046875 15.701663970947266 15.672896385192871 15.698880195617676 19.21824073791504 15.784671783447266 15.759712219238281 15.862560272216797 15.667167663574219 16.174335479736328 15.439071655273438 15.937215805053711 
14.392416000366211 14.236448287963867 14.238752365112305 14.180959701538086 14.164640426635742 14.205984115600586 14.186752319335938 14.392255783081055 17.32636833190918 15.292736053466797 14.92841625213623 14.545727729797363 14.250656127929688 14.431296348571777 14.337311744689941 14.937984466552734 
63.41398239135742 15.250656127929688 15.17625617980957 15.268351554870605 15.586784362792969 15.467647552490234 15.46009635925293 15.55561637878418 22.014432907104492 15.707712173461914 15.463359832763672 15.40009593963623 15.62720012664795 15.396063804626465 15.480863571166992 16.030784606933594 
14.36838436126709 14.223615646362305 14.206399917602539 14.217344284057617 14.39628791809082 14.644288063049316 14.852383613586426 14.48748779296875 17.69526481628418 15.209919929504395 14.903552055358887 14.444928169250488 14.369152069091797 14.262944221496582 14.418911933898926 15.026399612426758 
59.19398498535156 15.224543571472168 15.134271621704102 15.260671615600586 15.40505599975586 15.410431861877441 15.594304084777832 15.632991790771484 21.585311889648438 15.524288177490234 15.38976001739502 15.766624450683594 15.666208267211914 16.435199737548828 15.998784065246582 16.02694320678711 
14.278271675109863 14.128543853759766 14.146368026733398 14.13593578338623 14.40675163269043 14.39087963104248 14.707967758178711 14.365856170654297 17.101343154907227 14.82915210723877 14.821824073791504 15.045215606689453 14.575615882873535 14.196800231933594 14.285408020019531 14.344736099243164 
63.42825698852539 15.127552032470703 15.159392356872559 15.416064262390137 15.591903686523438 15.812064170837402 15.789216041564941 15.769824028015137 21.25257682800293 15.542400360107422 15.911744117736816 16.14473533630371 15.599072456359863 16.36332893371582 15.510880470275879 16.046367645263672 
14.339648246765137 14.20678424835205 14.219264030456543 14.240608215332031 14.25158405303955 14.390687942504883 14.578080177307129 14.594623565673828 17.716064453125 15.42182445526123 14.364031791687012 14.148863792419434 14.198080062866211 14.578304290771484 14.72646427154541 14.908448219299316 
62.33420944213867 15.159520149230957 15.274592399597168 15.328767776489258 15.461376190185547 15.426464080810547 15.414624214172363 15.793375968933105 21.808448791503906 16.438016891479492 15.458335876464844 15.464159965515137 15.788479804992676 15.81497573852539 15.594719886779785 15.377663612365723 
14.558079719543457 14.247072219848633 14.191424369812012 14.259488105773926 14.33027172088623 14.301664352416992 14.256608009338379 14.286080360412598 16.386240005493164 15.103584289550781 14.869312286376953 14.24118423461914 14.385120391845703 15.09932804107666 14.965503692626953 14.40988826751709 
41.39363098144531 15.127296447753906 15.175871849060059 15.29520034790039 15.335136413574219 15.424799919128418 15.828288078308105 15.748512268066406 20.919008255004883 15.926015853881836 16.421247482299805 15.452608108520508 15.888832092285156 15.663423538208008 15.700799942016602 16.115327835083008 
14.271007537841797 14.051103591918945 14.118751525878906 14.331007957458496 14.26524829864502 14.278016090393066 14.430912017822266 14.37558364868164 17.078752517700195 15.155327796936035 14.291584014892578 14.260736465454102 14.308159828186035 14.45462417602539 15.067359924316406 15.024928092956543 
52.861663818359375 15.149663925170898 15.188192367553711 15.239871978759766 15.261983871459961 15.423839569091797 15.58995246887207 15.71286392211914 22.53433609008789 16.4484806060791 16.11395263671875 15.847616195678711 15.672863960266113 15.44048023223877 15.430975914001465 16.47148895263672 
14.397791862487793 14.09881591796875 14.127391815185547 14.293567657470703 14.275327682495117 14.296128273010254 14.422911643981934 14.302240371704102 17.30396842956543 14.891936302185059 14.476832389831543 14.195103645324707 14.581184387207031 14.677760124206543 15.064672470092773 14.68505573272705 
45.5629768371582 15.170975685119629 15.177472114562988 16.702592849731445 15.387007713317871 15.428319931030273 15.419424057006836 15.559967994689941 19.88924789428711 15.575679779052734 15.529952049255371 15.505760192871094 15.453248023986816 15.580256462097168 15.38377571105957 15.468799591064453 
14.597248077392578 14.18716812133789 14.133440017700195 14.251615524291992 14.295007705688477 14.321087837219238 14.32425594329834 14.479104042053223 17.046783447265625 15.096735954284668 14.151583671569824 14.191072463989258 14.280832290649414 14.523584365844727 14.929120063781738 14.78809642791748 
58.047489166259766 15.204447746276855 15.185503959655762 15.229696273803711 15.404064178466797 15.39475154876709 15.395232200622559 15.538911819458008 23.02764892578125 15.78816032409668 16.509855270385742 15.656096458435059 15.652511596679688 15.372320175170898 15.586655616760254 16.263872146606445 
14.316096305847168 14.133760452270508 14.113663673400879 14.306112289428711 14.288512229919434 14.46009635925293 14.507424354553223 14.484319686889648 16.914304733276367 15.464896202087402 14.43660831451416 14.272543907165527 14.429120063781738 14.901727676391602 15.1080961227417 14.646495819091797 
49.65660858154297 15.137760162353516 15.189151763916016 15.439616203308105 15.51148796081543 15.672351837158203 15.68175983428955 15.73043155670166 21.488224029541016 15.759231567382812 16.061920166015625 15.617823600769043 15.81065559387207 15.815103530883789 15.72755241394043 16.775423049926758 
14.388928413391113 14.221407890319824 14.255200386047363 14.217184066772461 14.269184112548828 14.218591690063477 14.239680290222168 14.279359817504883 17.501951217651367 15.407648086547852 14.58672046661377 14.509440422058105 14.334848403930664 14.564672470092773 14.301471710205078 14.42300796508789 
64.94000244140625 20.37990379333496 20.381439208984375 20.607839584350586 20.679935455322266 21.073087692260742 21.351551055908203 21.550432205200195 25.793407440185547 21.218751907348633 21.924896240234375 21.158655166625977 21.074079513549805 21.479583740234375 21.154239654541016 20.98624038696289 
21.19513511657715 20.438207626342773 20.591999053955078 20.87785530090332 20.947423934936523 20.704832077026367 20.66326332092285 20.646495819091797 24.578624725341797 21.118688583374023 21.022432327270508 20.448352813720703 20.3536319732666 20.25062370300293 21.286943435668945 20.57334327697754 
65.00972747802734 20.41779136657715 20.45769691467285 20.7620792388916 20.870624542236328 20.990272521972656 20.877952575683594 20.973024368286133 23.892160415649414 21.27190399169922 21.235008239746094 21.00579261779785 21.37264060974121 21.23356819152832 21.177888870239258 21.21843147277832 
20.342464447021484 20.092416763305664 20.306880950927734 20.40140724182129 20.442752838134766 20.449087142944336 20.570240020751953 20.585599899291992 22.893856048583984 20.67046356201172 20.507423400878906 20.66771125793457 20.99020767211914 20.599712371826172 20.714208602905273 20.4902400970459 
39.756446838378906 20.385408401489258 20.474367141723633 21.005151748657227 20.95929527282715 20.87785530090332 20.852703094482422 20.9649600982666 24.44416046142578 21.305856704711914 21.12985610961914 21.922304153442383 21.185792922973633 20.92304039001465 21.73734474182129 21.187583923339844 
20.37388801574707 20.179231643676758 20.58790397644043 20.812959671020508 20.763967514038086 20.912799835205078 20.792800903320312 20.673248291015625 24.036287307739258 20.6015682220459 20.4517765045166 20.502527236938477 20.809247970581055 20.41481590270996 20.849184036254883 21.09676742553711 
38.790367126464844 20.49500846862793 20.60201644897461 21.36934471130371 21.628223419189453 21.545183181762695 21.59436798095703 223.93927001953125 23.726015090942383 21.17843246459961 21.261823654174805 21.776384353637695 21.05548858642578 21.170368194580078 21.847423553466797 21.112415313720703 
20.47216033935547 19.990943908691406 20.07529640197754 20.398656845092773 20.357088088989258 20.40787124633789 20.432767868041992 20.583999633789062 23.7890567779541 20.94384002685547 20.27084732055664 20.809856414794922 20.584447860717773 20.40015983581543 20.565120697021484 20.802751541137695 
39.76873779296875 20.452415466308594 20.410720825195312 20.798688888549805 20.982175827026367 20.973888397216797 20.979232788085938 20.969696044921875 24.526464462280273 21.2412166595459 21.42630386352539 21.829631805419922 21.10527992248535 21.152191162109375 21.99990463256836 21.26982307434082 
20.3187198638916 20.186399459838867 20.514368057250977 20.604799270629883 20.499488830566406 20.53945541381836 20.623584747314453 20.81385612487793 24.58687973022461 20.56438446044922 20.60793685913086 20.718719482421875 21.300352096557617 20.445152282714844 20.05286407470703 20.36569595336914 
38.78140640258789 20.43948745727539 20.4683837890625 20.479135513305664 20.683744430541992 20.761503219604492 21.022655487060547 131.91043090820312 23.618688583374023 21.345247268676758 21.32806396484375 21.41878318786621 21.214080810546875 21.1713924407959 21.365663528442383 21.21331214904785 
20.670528411865234 20.232511520385742 20.497663497924805 21.09676742553711 21.12505531311035 21.125024795532227 20.9716796875 20.979711532592773 23.39776039123535 20.609472274780273 20.576736450195312 21.165855407714844 20.641408920288086 20.393247604370117 20.53433609008789 20.610912322998047 
39.77497482299805 20.42892837524414 20.383647918701172 21.24358367919922 21.799039840698242 21.851360321044922 21.717376708984375 208.28671264648438 24.542112350463867 21.218175888061523 21.26495933532715 21.133920669555664 21.008832931518555 21.359359741210938 21.154943466186523 21.48236846923828 
20.554719924926758 19.923200607299805 19.88559913635254 19.974559783935547 20.016576766967773 20.072927474975586 20.032512664794922 20.098495483398438 23.122783660888672 21.372095108032227 20.38025665283203 20.186559677124023 20.55743980407715 20.410783767700195 20.518815994262695 20.76140785217285 
37.6739501953125 20.46678352355957 20.446815490722656 20.817472457885742 21.18262481689453 21.118623733520508 21.572895050048828 139.5135955810547 23.81180763244629 21.288639068603516 20.882240295410156 21.55695915222168 21.16713523864746 21.30678367614746 21.40870475769043 20.952608108520508 
20.4052791595459 20.209087371826172 20.522367477416992 20.614240646362305 20.891807556152344 20.807327270507812 20.783456802368164 20.672767639160156 22.92393684387207 20.38751983642578 20.685535430908203 20.556896209716797 20.393503189086914 20.547168731689453 21.085376739501953 21.017919540405273 
39.82729721069336 20.48953628540039 20.733247756958008 20.879743576049805 20.944480895996094 20.880992889404297 20.84662437438965 237.07801818847656 24.943519592285156 21.206207275390625 21.456832885742188 21.777055740356445 21.100095748901367 21.255327224731445 22.043359756469727 21.186080932617188 
20.362272262573242 20.224000930786133 20.45235252380371 20.507200241088867 20.596479415893555 20.683807373046875 20.790815353393555 20.66988754272461 23.631296157836914 20.718175888061523 20.128704071044922 20.517759323120117 21.07414436340332 20.981887817382812 20.54310417175293 20.45587158203125 
38.69062423706055 20.38492774963379 20.431968688964844 20.683807373046875 21.107295989990234 21.436864852905273 21.495391845703125 21.317888259887695 25.33033561706543 21.125696182250977 20.87798309326172 21.166336059570312 21.047391891479492 21.263967514038086 21.348224639892578 21.258079528808594 
20.781696319580078 20.029695510864258 20.119680404663086 20.055295944213867 20.180095672607422 20.29167938232422 20.2794246673584 20.356800079345703 23.121471405029297 20.592384338378906 20.467008590698242 20.786848068237305 21.269664764404297 20.67545509338379 20.13750457763672 20.28268814086914 
39.947166442871094 21.233407974243164 21.343679428100586 21.773536682128906 21.78678321838379 21.72150421142578 21.58415985107422 21.681312561035156 27.781856536865234 21.648767471313477 22.400096893310547 21.76348876953125 21.648832321166992 22.2642879486084 21.955232620239258 21.56220817565918 
37.90140914916992 21.331199645996094 21.314592361450195 21.656192779541016 21.600799560546875 22.516223907470703 21.954336166381836 84.2061767578125 29.764448165893555 21.80726432800293 21.858015060424805 22.5882568359375 21.82326316833496 21.9552001953125 22.063488006591797 21.78211212158203 
39.961761474609375 21.2542724609375 21.66703987121582 21.79756736755371 22.02716827392578 22.125856399536133 21.998048782348633 21.84067153930664 28.83718490600586 21.733055114746094 22.825536727905273 21.718399047851562 22.122655868530273 22.73904037475586 21.787391662597656 22.149311065673828 
38.935550689697266 21.234464645385742 21.583200454711914 21.803903579711914 21.939903259277344 22.06220817565918 21.880992889404297 21.731359481811523 28.135839462280273 21.87923240661621 21.504032135009766 21.9835205078125 21.992576599121094 22.499040603637695 22.132991790771484 22.076831817626953 
38.907615661621094 21.284255981445312 21.405376434326172 21.524608612060547 21.46348762512207 22.77686309814453 21.65897560119629 22.201663970947266 24.627103805541992 22.182464599609375 21.861536026000977 21.544063568115234 21.994752883911133 22.091360092163086 21.91187286376953 21.915584564208984 
36.80307388305664 21.26963233947754 21.243328094482422 21.314111709594727 21.829727172851562 23.91142463684082 21.952768325805664 94.72032165527344 28.77084732055664 21.717056274414062 21.772544860839844 22.16476821899414 21.90496063232422 21.837472915649414 22.23142433166504 21.843456268310547 
38.91136169433594 21.253952026367188 21.589248657226562 21.692960739135742 21.977664947509766 21.983104705810547 21.772192001342773 21.726335525512695 28.28335952758789 21.854816436767578 22.4671688079834 21.85353660583496 21.9102725982666 22.71455955505371 21.75071907043457 22.206432342529297 
36.84377670288086 21.219680786132812 21.362911224365234 21.383840560913086 21.629375457763672 23.878751754760742 21.680831909179688 88.29955291748047 28.771263122558594 21.751680374145508 22.300607681274414 21.911359786987305 21.749439239501953 22.084640502929688 21.908512115478516 22.183807373046875 
37.85862350463867 21.253023147583008 21.34636878967285 21.80031967163086 21.64908790588379 22.40166473388672 21.654592514038086 21.82134437561035 28.37388801574707 21.749664306640625 21.807104110717773 22.179487228393555 21.780288696289062 21.976064682006836 23.28188705444336 21.640384674072266 
41.05244827270508 21.383392333984375 21.847776412963867 22.001184463500977 22.014528274536133 23.341760635375977 21.779232025146484 21.72870445251465 28.18169593811035 21.824960708618164 21.971200942993164 21.756128311157227 22.039104461669922 22.103904724121094 21.815616607666016 21.91209602355957 
78.55795288085938 33.298431396484375 34.94790267944336 34.53363037109375 34.337310791015625 35.01948928833008 35.24089431762695 34.75603103637695 43.197086334228516 34.20316696166992 35.93446350097656 34.39350509643555 35.413856506347656 33.698753356933594 35.10460662841797 34.56537628173828 
52.3600959777832 33.40262222290039 35.02083206176758 34.81321716308594 34.29471969604492 34.976158142089844 35.32896041870117 34.7217903137207 42.58009719848633 34.490238189697266 33.72227096557617 33.788734436035156 35.06028747558594 33.81043243408203 33.59747314453125 34.73990249633789 
93.21202850341797 33.59564971923828 34.56617736816406 34.38041687011719 34.610721588134766 34.471744537353516 34.25715255737305 34.470848083496094 42.83555221557617 34.74099349975586 34.45222473144531 35.20579147338867 33.81836700439453 34.916351318359375 33.681278228759766 35.316959381103516 
54.71503829956055 33.64921569824219 33.92732620239258 34.297664642333984 35.07993698120117 35.220863342285156 34.41328048706055 34.00156784057617 42.93427276611328 33.77248001098633 34.42118453979492 33.963294982910156 33.878177642822266 35.130977630615234 34.622657775878906 33.59552001953125 
56.783775329589844 33.622432708740234 33.951904296875 34.85331344604492 35.06617736816406 34.66908645629883 34.55148696899414 34.56528091430664 42.72867202758789 34.0206413269043 35.09040069580078 34.14915084838867 35.7193603515625 34.63539123535156 35.51222229003906 33.92927932739258 
59.7283821105957 33.142208099365234 33.815521240234375 33.82825469970703 34.86867141723633 34.548831939697266 34.98003387451172 34.82169723510742 41.36252975463867 33.77385711669922 34.77372741699219 34.569183349609375 34.02137756347656 33.518497467041016 34.935455322265625 34.03392028808594 
53.35452651977539 33.60076904296875 35.3548469543457 35.31817626953125 34.64441680908203 35.037086486816406 34.9169921875 38.74796676635742 48.29724884033203 33.948062896728516 33.63772964477539 34.28355026245117 34.1060791015625 34.851680755615234 33.780799865722656 35.05807876586914 
51.316734313964844 33.62150573730469 33.50067138671875 34.240543365478516 34.10076904296875 35.0601921081543 35.01232147216797 34.53193664550781 39.17647933959961 33.7369270324707 35.047584533691406 34.564449310302734 35.20102310180664 33.79987335205078 34.1135368347168 34.9719352722168 
51.24998474121094 33.1591682434082 33.8370246887207 35.1396484375 34.915103912353516 34.37968063354492 34.3120002746582 35.22438430786133 41.282527923583984 33.48921585083008 34.133697509765625 34.88963317871094 34.19206237792969 34.171871185302734 34.494720458984375 34.3935661315918 
52.40361785888672 33.2210578918457 33.880672454833984 33.81145477294922 34.12150573730469 34.73187255859375 36.7606086730957 34.0794563293457 43.25779342651367 34.624542236328125 34.10076904296875 35.56099319458008 34.18806457519531 36.60249710083008 33.64611053466797 33.84454345703125 
39.422401428222656 24.823488235473633 25.22150421142578 25.757568359375 25.968767166137695 25.258623123168945 25.731359481811523 25.861120223999023 32.58287811279297 25.73859214782715 27.442176818847656 25.684864044189453 25.5897274017334 25.349279403686523 25.741151809692383 25.880640029907227 
50.94646453857422 24.537023544311523 24.89423942565918 24.945728302001953 24.87606430053711 25.1378231048584 25.439199447631836 25.108448028564453 32.60464096069336 25.347808837890625 25.765024185180664 25.84934425354004 25.890592575073242 25.53343963623047 25.369375228881836 25.516864776611328 
44.513248443603516 24.804351806640625 24.7542724609375 25.109088897705078 24.967744827270508 25.209503173828125 25.72447967529297 91.15638732910156 32.2562255859375 25.142656326293945 25.58768081665039 26.048511505126953 26.123199462890625 25.717119216918945 26.013919830322266 25.33238410949707 
50.93305587768555 24.523263931274414 25.340511322021484 25.574880599975586 25.472736358642578 25.193279266357422 25.27734375 86.61103820800781 33.087646484375 25.525184631347656 25.67078399658203 25.290752410888672 25.45020866394043 25.771039962768555 25.454303741455078 25.758943557739258 
49.781375885009766 24.897151947021484 24.514591217041016 24.536832809448242 25.226688385009766 25.12166404724121 25.288959503173828 69.21097564697266 32.76067352294922 25.542463302612305 25.53593635559082 25.57948875427246 25.600831985473633 26.970752716064453 25.737855911254883 25.48409652709961 
46.713470458984375 24.781951904296875 24.630815505981445 25.419200897216797 25.07423973083496 25.5034236907959 25.867551803588867 93.8351058959961 31.349695205688477 25.54787254333496 25.421855926513672 26.19321632385254 26.03548812866211 26.40345573425293 25.84828758239746 25.9072322845459 
45.655967712402344 24.795711517333984 24.54537582397461 25.487104415893555 25.90755271911621 25.56572723388672 25.04204750061035 87.4450912475586 33.41328048706055 25.461856842041016 25.44643211364746 25.519935607910156 25.326175689697266 25.57423973083496 25.835264205932617 25.301311492919922 
48.821407318115234 24.768543243408203 24.694591522216797 25.41596794128418 25.02217674255371 25.04038429260254 25.14531135559082 95.15251159667969 32.75791931152344 25.377376556396484 26.226015090942383 25.577024459838867 25.530048370361328 25.543743133544922 25.879104614257812 25.80611228942871 
47.639041900634766 24.986719131469727 24.762399673461914 25.437023162841797 25.18227195739746 25.13871955871582 25.41084861755371 64.8760986328125 31.072256088256836 25.200288772583008 25.944000244140625 25.779199600219727 25.6911678314209 25.746143341064453 25.937503814697266 25.81203269958496 
47.68742370605469 24.913055419921875 24.549631118774414 25.427040100097656 25.68524742126465 25.661151885986328 25.4420166015625 65.62057495117188 30.905792236328125 25.217119216918945 25.768415451049805 27.024959564208984 25.586240768432617 24.8569278717041 25.66819190979004 25.899776458740234 
43.30793762207031 20.417823791503906 20.193824768066406 20.464351654052734 20.58460807800293 20.582975387573242 20.62335968017578 20.711328506469727 30.154111862182617 20.875680923461914 20.685440063476562 20.873023986816406 20.650623321533203 20.94723129272461 20.824064254760742 20.82383918762207 
19.571552276611328 19.497472763061523 19.758527755737305 19.77564811706543 19.829248428344727 20.115520477294922 20.14076805114746 532.9780883789062 22.905376434326172 20.30614471435547 19.587135314941406 19.561439514160156 19.64963150024414 19.65385627746582 19.75503921508789 19.530048370361328 
33.64521789550781 20.143680572509766 20.170207977294922 20.53603172302246 20.608287811279297 20.906816482543945 62.25721740722656 20.37059211730957 27.9117431640625 20.660512924194336 20.589120864868164 21.229631423950195 20.79145622253418 20.80601692199707 21.06915283203125 20.816608428955078 
19.731103897094727 19.360544204711914 19.533855438232422 19.673696517944336 19.674560546875 19.54867172241211 19.5064640045166 541.3533325195312 23.331104278564453 19.616832733154297 19.53468894958496 19.695392608642578 19.749216079711914 19.73676872253418 19.6125431060791 19.802976608276367 
33.672481536865234 20.187007904052734 20.416927337646484 20.6810245513916 21.028831481933594 21.430591583251953 21.841087341308594 21.569215774536133 29.920671463012695 20.765247344970703 20.765151977539062 21.046592712402344 20.702911376953125 21.096576690673828 21.31177520751953 20.73632049560547 
19.46067237854004 19.271360397338867 19.324480056762695 19.893856048583984 20.215232849121094 20.364255905151367 444.36126708984375 111.73596954345703 22.387008666992188 19.7109432220459 19.69424057006836 19.718496322631836 19.936832427978516 20.020511627197266 19.788799285888672 19.948543548583984 
34.7501106262207 20.157312393188477 20.22764778137207 20.37081527709961 20.92064094543457 21.333280563354492 21.37059211730957 21.28892707824707 25.441919326782227 20.843488693237305 20.59939193725586 20.786304473876953 20.84636878967285 20.889984130859375 20.893184661865234 20.877792358398438 
20.69708824157715 19.280351638793945 19.327327728271484 19.314239501953125 19.403615951538086 19.41651153564453 19.551424026489258 540.7427978515625 19.9998722076416 19.819135665893555 19.59542465209961 19.796415328979492 19.46713638305664 19.687456130981445 19.986143112182617 19.726144790649414 
33.708961486816406 20.163455963134766 20.294368743896484 20.61235237121582 20.728927612304688 20.750015258789062 211.06793212890625 20.217792510986328 24.266399383544922 20.73855972290039 20.827327728271484 21.344480514526367 20.7653751373291 20.792768478393555 21.207040786743164 20.801664352416992 
19.67251205444336 19.41244888305664 19.583999633789062 19.829471588134766 20.043039321899414 20.16217613220215 20.655071258544922 429.2590026855469 22.577472686767578 20.37161636352539 19.606847763061523 19.641408920288086 19.556320190429688 19.365856170654297 19.30793571472168 19.617216110229492 
33.64972686767578 20.131488800048828 20.187231063842773 20.45078468322754 20.566207885742188 20.65884780883789 20.547712326049805 20.7142391204834 25.41094398498535 20.7587833404541 20.98428726196289 20.747936248779297 20.82841682434082 20.983423233032227 20.921663284301758 20.629056930541992 
19.824607849121094 19.306880950927734 19.317535400390625 19.480287551879883 19.4849910736084 19.419679641723633 19.47478485107422 537.308837890625 22.05116844177246 19.855039596557617 19.61408042907715 19.747840881347656 19.737728118896484 19.73980712890625 20.091392517089844 19.92393684387207 
33.63372802734375 20.084800720214844 20.267967224121094 20.496768951416016 20.57094383239746 20.65385627746582 20.577056884765625 20.663999557495117 26.537439346313477 20.730815887451172 21.089120864868164 20.759647369384766 20.814144134521484 21.166080474853516 20.832319259643555 20.61939239501953 
19.54262351989746 19.16655921936035 19.646272659301758 19.917152404785156 19.970111846923828 19.957120895385742 558.2929077148438 18.975488662719727 22.65228843688965 19.606943130493164 19.160383224487305 19.757600784301758 19.505216598510742 19.884639739990234 19.487520217895508 19.68195152282715 
34.71184158325195 20.10736083984375 20.581504821777344 20.721471786499023 20.819263458251953 21.087968826293945 199.8656005859375 20.2574405670166 24.133760452270508 20.85558319091797 20.9849910736084 20.725984573364258 20.6724796295166 20.648128509521484 21.182559967041016 20.744159698486328 
19.835872650146484 19.351072311401367 19.492544174194336 19.568639755249023 19.625919342041016 19.64473533630371 19.524959564208984 538.7308959960938 21.32067108154297 19.554847717285156 19.50284767150879 19.573503494262695 19.652799606323242 19.601408004760742 19.78607940673828 19.895200729370117 
33.6545295715332 20.134464263916016 20.327295303344727 20.5 20.55936050415039 20.539039611816406 26.92140769958496 20.58019256591797 25.859519958496094 20.68182373046875 20.93996810913086 20.698495864868164 20.80396842956543 21.532896041870117 20.777568817138672 20.920000076293945 
19.933408737182617 19.194623947143555 19.25916862487793 19.487424850463867 19.53868865966797 19.589439392089844 19.605024337768555 542.7728271484375 22.11894416809082 24.03868865966797 19.37446403503418 19.510784149169922 19.725248336791992 19.843135833740234 19.511423110961914 19.693119049072266 
34.73676681518555 20.147808074951172 20.09676742553711 20.600000381469727 20.704959869384766 20.670143127441406 20.719263076782227 20.785120010375977 24.745407104492188 20.824256896972656 20.79305648803711 20.72287940979004 20.865951538085938 20.77065658569336 20.903968811035156 20.86422348022461 
19.931264877319336 19.586111068725586 19.716543197631836 20.07756805419922 20.210464477539062 20.349407196044922 20.33420753479004 539.0595092773438 22.876224517822266 19.717248916625977 19.954496383666992 19.5914249420166 19.525087356567383 19.6397762298584 19.629152297973633 19.640031814575195 
22.127647399902344 16.384191513061523 16.44495964050293 16.63203239440918 16.9421443939209 17.053247451782227 17.296735763549805 17.56048011779785 23.6727352142334 17.145984649658203 17.643295288085938 16.99577522277832 17.170591354370117 17.179807662963867 16.899200439453125 17.050527572631836 
14.464927673339844 14.177824020385742 14.127488136291504 14.275263786315918 14.271231651306152 14.614720344543457 14.584671974182129 14.742207527160645 17.438432693481445 15.41817569732666 14.892224311828613 15.234111785888672 14.491680145263672 14.751744270324707 15.027071952819824 14.55299186706543 
60.96934509277344 16.373472213745117 16.428991317749023 16.388416290283203 16.786815643310547 17.168991088867188 17.157024383544922 17.090879440307617 22.649824142456055 17.62816047668457 17.180831909179688 17.555423736572266 17.00067138671875 17.12224006652832 16.923839569091797 16.656864166259766 
14.676095962524414 14.348064422607422 14.294560432434082 14.277471542358398 14.269280433654785 14.683712005615234 14.7640962600708 14.553343772888184 16.921024322509766 15.386879920959473 15.375776290893555 14.568032264709473 14.35529613494873 14.488320350646973 15.11689567565918 14.95792007446289 
60.990718841552734 16.408416748046875 16.329727172851562 16.472768783569336 16.921567916870117 16.99065589904785 17.03856086730957 17.175872802734375 24.790752410888672 17.12668800354004 18.02137565612793 17.027423858642578 17.004959106445312 17.023231506347656 17.106016159057617 16.834848403930664 
14.565888404846191 14.108448028564453 14.093855857849121 14.528287887573242 14.655936241149902 14.591872215270996 14.632384300231934 14.626336097717285 17.242015838623047 15.386719703674316 14.3919677734375 14.403583526611328 14.319647789001465 14.541472434997559 14.384736061096191 14.256223678588867 
61.02937698364258 16.368640899658203 16.429855346679688 16.799903869628906 17.040800094604492 17.06403160095215 17.016544342041016 16.970720291137695 22.547359466552734 17.247072219848633 16.9783992767334 17.368576049804688 17.04070472717285 16.9716796875 16.566207885742188 16.90323257446289 
14.589632034301758 14.180831909179688 14.224767684936523 14.447903633117676 14.48953628540039 14.318655967712402 14.59830379486084 14.708000183105469 16.63248062133789 14.555135726928711 14.442144393920898 14.343680381774902 15.122912406921387 14.523743629455566 14.282655715942383 14.431679725646973 
53.33689498901367 16.42083168029785 16.38640022277832 16.649215698242188 16.819616317749023 16.876672744750977 17.358688354492188 17.377151489257812 21.15337562561035 17.22777557373047 17.04204750061035 17.02252769470215 17.12825584411621 16.980287551879883 16.837631225585938 17.02060890197754 
14.502880096435547 14.220735549926758 14.316800117492676 14.28883171081543 14.249055862426758 14.537887573242188 14.445952415466309 14.597984313964844 15.692031860351562 15.157504081726074 14.814656257629395 14.772831916809082 14.412575721740723 14.515904426574707 15.102560043334961 14.640447616577148 
57.879295349121094 16.392160415649414 16.40755271911621 16.796287536621094 17.182783126831055 17.202848434448242 16.99724769592285 16.96601676940918 21.945087432861328 17.73948860168457 16.846336364746094 17.020671844482422 17.038368225097656 17.069055557250977 17.092256546020508 16.830528259277344 
14.631360054016113 14.364319801330566 14.254015922546387 14.484095573425293 14.362431526184082 14.570015907287598 14.579936027526855 14.512224197387695 16.292543411254883 14.767007827758789 14.673407554626465 14.32044792175293 14.70531177520752 14.316736221313477 14.43500804901123 14.685888290405273 
59.979679107666016 16.30838394165039 16.45043182373047 16.432992935180664 16.631359100341797 17.186880111694336 17.2673282623291 17.391551971435547 22.854944229125977 17.218975067138672 17.288223266601562 17.10585594177246 17.05072021484375 17.032224655151367 16.982879638671875 17.00067138671875 
14.457887649536133 14.144479751586914 14.100000381469727 14.321951866149902 14.456480026245117 14.45638370513916 14.625951766967773 14.686367988586426 17.140960693359375 15.274911880493164 14.667424201965332 14.86729621887207 14.524288177490234 14.570143699645996 14.347423553466797 14.496992111206055 
64.1214370727539 16.381183624267578 16.440095901489258 16.54934310913086 16.847871780395508 16.873279571533203 16.88150405883789 16.990816116333008 23.67750358581543 17.290367126464844 16.9815673828125 17.435264587402344 17.175615310668945 17.083295822143555 16.868064880371094 17.087072372436523 
15.195327758789062 14.245887756347656 14.232959747314453 14.410592079162598 14.574015617370605 14.521087646484375 14.338720321655273 14.652959823608398 17.288543701171875 14.687071800231934 14.63980770111084 15.465503692626953 14.772928237915039 14.481056213378906 14.540224075317383 14.85968017578125 
34.44847869873047 16.392383575439453 16.373695373535156 16.443296432495117 16.540159225463867 17.15545654296875 17.120864868164062 17.227359771728516 17.865312576293945 17.374143600463867 17.036800384521484 17.06185531616211 16.9215030670166 17.081119537353516 16.992576599121094 17.495744705200195 
14.444448471069336 14.228992462158203 14.21446418762207 14.245535850524902 14.459391593933105 14.532416343688965 14.415040016174316 14.548095703125 14.75654411315918 15.193023681640625 14.300383567810059 14.458847999572754 14.592096328735352 15.097567558288574 14.674400329589844 14.476127624511719 
50.30886459350586 16.337984085083008 16.422143936157227 16.370336532592773 16.650815963745117 17.261280059814453 17.42892837524414 17.477951049804688 25.74291229248047 17.023040771484375 17.057056427001953 16.935487747192383 17.432159423828125 17.0710391998291 17.109888076782227 16.629472732543945 
14.640704154968262 14.169792175292969 14.15385627746582 14.387935638427734 14.584575653076172 14.855936050415039 14.535712242126465 14.824992179870605 17.190271377563477 15.641504287719727 14.446880340576172 14.63475227355957 14.421407699584961 15.003456115722656 14.496735572814941 14.34614372253418 
84.51705932617188 21.72662353515625 22.24166488647461 22.579328536987305 22.62335968017578 22.71139144897461 22.54412841796875 22.266048431396484 24.830720901489258 22.37606430053711 23.47881507873535 22.61676788330078 22.39241600036621 22.504352569580078 22.37343978881836 22.61244773864746 
27.98899269104004 27.899808883666992 27.765024185180664 28.11248016357422 28.21561622619629 27.790464401245117 28.176544189453125 27.986207962036133 33.11663818359375 27.699487686157227 27.04924774169922 27.287744522094727 27.307615280151367 27.403648376464844 27.222015380859375 27.666976928710938 
83.58207702636719 22.15951919555664 22.97884750366211 22.880287170410156 22.788192749023438 22.66966438293457 22.393312454223633 22.32134437561035 27.032352447509766 22.801759719848633 22.268672943115234 22.466432571411133 22.42639923095703 23.24995231628418 22.367488861083984 22.509471893310547 
28.135360717773438 27.84534454345703 27.406272888183594 28.331680297851562 28.10323143005371 27.972063064575195 28.323999404907227 27.803743362426758 32.32115173339844 27.962879180908203 27.611743927001953 27.17545509338379 27.388288497924805 27.560768127441406 27.452320098876953 27.707456588745117 
64.56143951416016 22.08064079284668 22.170015335083008 22.281152725219727 22.139232635498047 22.754751205444336 22.657087326049805 22.538848876953125 26.326400756835938 22.434816360473633 22.478111267089844 22.327423095703125 22.625951766967773 22.388320922851562 22.4751033782959 22.38515281677246 
28.569631576538086 27.3404483795166 27.913312911987305 28.068832397460938 27.65648078918457 27.718015670776367 27.73833656311035 27.818880081176758 32.717472076416016 29.026527404785156 26.943744659423828 27.816448211669922 27.39776039123535 27.349088668823242 27.30406379699707 27.574783325195312 
65.58096313476562 22.0883846282959 22.200000762939453 22.130720138549805 22.255807876586914 22.750368118286133 23.278207778930664 23.08675193786621 25.270431518554688 22.83078384399414 22.2840633392334 22.403200149536133 22.44598388671875 22.408447265625 22.47532844543457 23.185056686401367 
28.20796775817871 27.744800567626953 27.531360626220703 28.5152645111084 27.8734073638916 28.349727630615234 28.14201545715332 27.699264526367188 34.05235290527344 27.230560302734375 27.20636749267578 27.383712768554688 27.50716781616211 27.019872665405273 27.334976196289062 27.522111892700195 
79.3226547241211 22.16054344177246 22.77587127685547 22.908063888549805 22.67411231994629 22.932096481323242 22.59110450744629 22.39580726623535 26.594655990600586 22.3492488861084 22.406719207763672 22.484031677246094 22.45964813232422 22.315168380737305 22.770431518554688 22.48543930053711 
27.60492706298828 27.13724708557129 27.52057647705078 29.0100154876709 28.001855850219727 28.468320846557617 27.909120559692383 28.691776275634766 31.813791275024414 27.154239654541016 28.112831115722656 27.443679809570312 27.168352127075195 27.42051124572754 27.33568000793457 27.564159393310547 
67.72297668457031 22.20515251159668 22.659488677978516 22.63363265991211 22.41916847229004 22.54979133605957 22.3570556640625 22.295103073120117 26.60483169555664 22.51036834716797 22.51193618774414 22.64543914794922 22.55183982849121 22.298368453979492 22.446752548217773 22.54115104675293 
27.660255432128906 26.990528106689453 28.451391220092773 28.696544647216797 27.7073917388916 27.78611183166504 27.592544555664062 28.496448516845703 32.346622467041016 27.311935424804688 27.16192054748535 27.571199417114258 27.767967224121094 27.37379264831543 27.729215621948242 27.56947135925293 
77.24547576904297 22.148128509521484 22.477855682373047 22.399200439453125 22.22675132751465 22.15839958190918 22.10688018798828 22.126047134399414 26.0534725189209 22.433055877685547 22.003711700439453 22.200992584228516 22.434368133544922 22.55299186706543 22.49065589904785 22.48863983154297 
28.171520233154297 27.027584075927734 28.04854393005371 28.457311630249023 27.760831832885742 28.36662483215332 27.902048110961914 27.862016677856445 32.41273498535156 27.214496612548828 27.3571834564209 27.275455474853516 27.366687774658203 27.261600494384766 27.434112548828125 27.391136169433594 
67.74374389648438 22.12544059753418 22.49078369140625 22.450016021728516 22.285120010375977 22.27516746520996 22.304351806640625 22.602495193481445 27.033119201660156 22.791584014892578 22.334623336791992 22.340543746948242 22.48758316040039 22.443391799926758 22.79033660888672 22.5184326171875 
28.374176025390625 27.621856689453125 27.848159790039062 27.74198341369629 28.68604850769043 28.2476806640625 28.031583786010742 28.25347137451172 34.09516906738281 27.4005126953125 27.220256805419922 27.290847778320312 27.358976364135742 27.02764892578125 27.44108772277832 28.454303741455078 
46.75651168823242 21.86419105529785 22.191360473632812 22.698463439941406 22.387840270996094 22.17465591430664 22.110336303710938 22.174560546875 26.683584213256836 22.1777286529541 22.803903579711914 22.942047119140625 22.421951293945312 22.651391983032227 22.58451271057129 22.443199157714844 
27.459871292114258 27.00409507751465 27.166303634643555 27.762624740600586 27.767263412475586 28.807903289794922 28.237600326538086 28.30816078186035 32.508609771728516 27.467424392700195 28.083616256713867 27.260160446166992 27.38457679748535 27.31987190246582 27.31932830810547 27.474815368652344 
68.7933120727539 22.05843162536621 22.673599243164062 22.7587833404541 22.6760311126709 22.731487274169922 22.49193572998047 22.316543579101562 27.29724884033203 22.507999420166016 22.211519241333008 22.356735229492188 22.994752883911133 22.394559860229492 22.688512802124023 22.629568099975586 
28.186975479125977 27.367807388305664 28.091039657592773 28.232927322387695 28.059616088867188 28.51033592224121 27.82694435119629 28.488767623901367 33.28028869628906 27.434080123901367 27.396543502807617 27.477216720581055 27.06447982788086 27.534528732299805 27.39084815979004 27.797311782836914 
75.1885757446289 33.52284622192383 28.2805118560791 28.341215133666992 27.358911514282227 105.99858856201172 20.324352264404297 20.377952575683594 26.57606315612793 21.023935317993164 20.87727928161621 21.363487243652344 20.971424102783203 21.068735122680664 22.17136001586914 20.887392044067383 
19.776704788208008 19.6200008392334 24.573984146118164 425.29864501953125 19.2490234375 19.50841522216797 19.830591201782227 19.906143188476562 23.006399154663086 19.97443199157715 19.754432678222656 19.920671463012695 19.98569679260254 20.021312713623047 19.994720458984375 20.91868782043457 
38.37807846069336 29.0152645111084 26.432031631469727 20.382047653198242 20.38140869140625 20.814720153808594 21.126911163330078 21.409984588623047 24.612159729003906 21.335615158081055 21.071359634399414 21.136512756347656 21.177343368530273 20.912639617919922 21.232383728027344 21.0894718170166 
19.801536560058594 19.564096450805664 19.578847885131836 19.733600616455078 416.18157958984375 19.204992294311523 19.214208602905273 19.77587127685547 22.687135696411133 20.61052894592285 19.912384033203125 19.742111206054688 20.08768081665039 19.915199279785156 21.09587287902832 20.100191116333008 
202.177978515625 28.979520797729492 24.733440399169922 20.380191802978516 20.626911163330078 20.664512634277344 20.712095260620117 20.71241569519043 24.993024826049805 21.020288467407227 20.998655319213867 21.266464233398438 21.096479415893555 21.549888610839844 21.111135482788086 21.11907196044922 
20.02252769470215 19.591360092163086 19.451072692871094 227.70013427734375 205.3824005126953 19.269088745117188 19.530336380004883 19.978464126586914 23.17241668701172 20.003936767578125 19.978015899658203 19.751136779785156 19.946687698364258 19.989952087402344 20.035743713378906 26.444128036499023 
38.438175201416016 27.955488204956055 27.64486312866211 28.314559936523438 28.354175567626953 29.37174415588379 27.37811279296875 27.762367248535156 26.24166488647461 21.223007202148438 20.830175399780273 21.316736221313477 21.3057918548584 20.848800659179688 21.230335235595703 21.15760040283203 
19.6376953125 19.432863235473633 25.590784072875977 423.6638488769531 19.190975189208984 19.30259132385254 19.3621768951416 19.539936065673828 22.649568557739258 20.0446720123291 20.09436798095703 19.963071823120117 19.968320846557617 20.30499267578125 20.002592086791992 20.069664001464844 
195.84371948242188 28.055648803710938 27.280736923217773 20.793472290039062 20.947872161865234 20.960800170898438 21.008384704589844 21.081024169921875 25.77996826171875 21.084320068359375 21.424800872802734 21.532320022583008 21.14896011352539 20.850624084472656 21.332992553710938 20.831584930419922 
19.957279205322266 19.613279342651367 20.00694465637207 429.93316650390625 19.172895431518555 19.24015998840332 20.040864944458008 22.804672241210938 22.141504287719727 20.02729606628418 19.895584106445312 19.8656005859375 19.94438362121582 19.85990333557129 20.069856643676758 21.7576961517334 
197.9391326904297 29.113216400146484 26.95599937438965 20.917695999145508 20.695552825927734 21.491552352905273 21.408607482910156 21.427135467529297 25.31769561767578 21.368703842163086 20.89094352722168 21.003040313720703 21.149696350097656 21.039104461669922 21.23868751525879 21.14192008972168 
20.531776428222656 20.411327362060547 25.160255432128906 425.2391052246094 19.27187156677246 19.314943313598633 19.770912170410156 19.777856826782227 22.8242244720459 20.269023895263672 19.692352294921875 19.908607482910156 21.549440383911133 19.900768280029297 19.935871124267578 20.041471481323242 
49.85737609863281 29.072032928466797 27.29795265197754 21.024991989135742 20.7073917388916 21.373056411743164 21.277088165283203 21.216703414916992 24.678464889526367 21.258304595947266 21.271167755126953 20.957855224609375 21.19558334350586 21.291391372680664 21.024608612060547 21.120512008666992 
20.11440086364746 19.580320358276367 19.609376907348633 19.868671417236328 415.5728454589844 19.250240325927734 19.697792053222656 20.15167999267578 23.045055389404297 20.15167999267578 19.670368194580078 20.60723114013672 20.281471252441406 19.936063766479492 19.92313575744629 22.333824157714844 
201.160888671875 27.944448471069336 26.55116844177246 20.509952545166016 20.54300880432129 21.242464065551758 21.368383407592773 21.41980743408203 24.223424911499023 21.196447372436523 22.002784729003906 21.141023635864258 21.13222312927246 20.920576095581055 21.306751251220703 21.130592346191406 
19.89468765258789 19.519807815551758 24.32796859741211 419.1423645019531 19.231103897094727 19.205408096313477 19.434463500976562 19.586496353149414 23.337568283081055 20.213600158691406 19.964479446411133 20.015167236328125 19.762752532958984 20.5150089263916 19.87238311767578 20.048831939697266 
206.39520263671875 28.9616641998291 21.54204750061035 20.73859214782715 20.63580894470215 21.601184844970703 21.675487518310547 21.538047790527344 26.116640090942383 20.836383819580078 21.110464096069336 21.135744094848633 21.126848220825195 21.09017562866211 21.035968780517578 21.355487823486328 
19.725439071655273 19.617279052734375 19.831743240356445 20.06937599182129 417.5357971191406 19.21708869934082 19.52521514892578 19.524736404418945 23.45792007446289 20.032512664794922 20.057695388793945 20.453216552734375 20.00182342529297 19.920255661010742 20.137664794921875 20.195648193359375 
199.07302856445312 27.92095947265625 26.696863174438477 20.828767776489258 20.83919906616211 20.900127410888672 20.854496002197266 20.935775756835938 26.810495376586914 21.112415313720703 21.012544631958008 21.090303421020508 21.045120239257812 25.418720245361328 21.12723159790039 20.90889549255371 
20.078079223632812 19.786527633666992 19.958112716674805 428.68670654296875 19.205951690673828 19.353408813476562 19.5798397064209 19.846080780029297 21.240352630615234 19.982463836669922 20.005983352661133 20.086336135864258 19.89116859436035 20.071104049682617 20.14543914794922 23.646495819091797 
64.09331512451172 51.71315383911133 159.11354064941406 47.263423919677734 54.024288177490234 46.11555099487305 45.48160171508789 47.337406158447266 53.12351989746094 124.58041381835938 128.32342529296875 128.56675720214844 128.3930206298828 128.33859252929688 128.3488006591797 132.3751678466797 
66.22102355957031 52.13203048706055 55.496673583984375 51.49580764770508 103.20195007324219 45.576351165771484 46.59894561767578 47.80534362792969 57.93174362182617 128.5755157470703 136.36685180664062 128.4195556640625 128.4138946533203 128.28732299804688 128.43055725097656 128.46546936035156 
64.09225463867188 54.37654495239258 56.490753173828125 52.9422721862793 88.52217864990234 45.131744384765625 44.89823913574219 48.57689666748047 54.29734420776367 124.51074981689453 128.23741149902344 132.39862060546875 128.37596130371094 128.32579040527344 128.41481018066406 128.43423461914062 
64.21952056884766 52.67212677001953 58.659969329833984 51.24576187133789 106.23251342773438 44.48057556152344 47.30819320678711 47.07686233520508 53.36272048950195 128.4720916748047 128.28182983398438 128.17599487304688 128.37196350097656 128.4706268310547 139.959228515625 128.41285705566406 
66.021728515625 54.354881286621094 55.016990661621094 50.63475036621094 107.07904052734375 45.78300857543945 46.36931228637695 45.76348876953125 56.43907165527344 124.53123474121094 128.18812561035156 128.49334716796875 128.4146270751953 128.42271423339844 128.59561157226562 128.5789794921875 
66.07833862304688 51.64374542236328 55.07289505004883 52.89155197143555 106.9269790649414 46.178497314453125 45.646942138671875 46.9607048034668 59.39388656616211 128.60400390625 128.3027801513672 128.5432891845703 128.466552734375 128.38470458984375 128.35792541503906 128.4568634033203 
64.1391372680664 51.306880950927734 53.777217864990234 50.95955276489258 103.69334411621094 45.74803161621094 46.21712112426758 47.61100769042969 56.8392333984375 124.4540786743164 128.3225555419922 128.548095703125 128.39788818359375 128.3668212890625 132.8905029296875 128.4644775390625 
65.12169647216797 52.75766372680664 54.47545623779297 50.77334213256836 98.95958709716797 46.48793411254883 47.009918212890625 46.34908676147461 58.72972869873047 128.51190185546875 127.78966522216797 128.23846435546875 128.43792724609375 127.9420166015625 128.30252075195312 128.3922882080078 
64.20524597167969 53.78230285644531 54.831966400146484 51.81955337524414 108.13887786865234 45.15827178955078 46.362369537353516 45.85331344604492 56.46031951904297 124.62604522705078 128.27232360839844 128.389404296875 128.38902282714844 128.65087890625 128.4979248046875 128.67062377929688 
65.00592041015625 53.01830291748047 53.18278503417969 51.93017578125 103.77372741699219 45.917598724365234 46.61286544799805 47.39299011230469 57.99740982055664 124.40025329589844 128.1920928955078 128.47024536132812 128.48162841796875 128.3538818359375 129.09376525878906 128.31817626953125 
29.162336349487305 16.817407608032227 16.865440368652344 17.0513916015625 68.73289489746094 16.88684844970703 70.2441635131836 35.68288040161133 20.502431869506836 17.67513656616211 17.060640335083008 17.615360260009766 17.399200439453125 17.2392635345459 18.2906551361084 17.276384353637695 
16.459808349609375 16.240192413330078 16.201663970947266 16.57187271118164 16.75484848022461 16.812511444091797 16.852832794189453 16.593599319458008 18.210847854614258 16.605247497558594 17.09040069580078 16.630687713623047 17.677343368530273 16.77743911743164 17.36911964416504 16.74131202697754 
53.28803253173828 16.831584930419922 17.04412841796875 17.23868751525879 17.354080200195312 17.288799285888672 17.28041648864746 17.27257537841797 20.93231964111328 17.303936004638672 17.258623123168945 17.389184951782227 17.41980743408203 17.484159469604492 17.333120346069336 17.27724838256836 
16.57792091369629 16.29827117919922 16.426912307739258 16.502912521362305 16.719839096069336 16.738943099975586 16.703168869018555 16.757631301879883 19.65760040283203 16.67318344116211 16.525279998779297 16.524991989135742 17.56380844116211 16.706880569458008 16.43414306640625 16.926496505737305 
51.19001770019531 16.881471633911133 16.85430335998535 17.210176467895508 17.177440643310547 17.522783279418945 17.602815628051758 17.76198387145996 18.330272674560547 17.36319923400879 17.41187286376953 17.424095153808594 17.376895904541016 17.259199142456055 17.91219139099121 17.487903594970703 
16.369632720947266 16.24675178527832 16.309343338012695 16.30451202392578 16.71295928955078 16.73017692565918 16.652320861816406 16.539775848388672 16.625919342041016 17.23276710510254 16.434368133544922 17.004575729370117 16.61187171936035 17.207712173461914 16.63417625427246 16.897823333740234 
53.25388717651367 16.812320709228516 17.120128631591797 17.42076873779297 17.743263244628906 17.6964168548584 17.69545555114746 17.324127197265625 20.90140724182129 18.005184173583984 17.59644889831543 17.563039779663086 17.147008895874023 17.481184005737305 17.451648712158203 17.247583389282227 
16.561248779296875 16.52979278564453 16.704160690307617 16.764480590820312 16.736831665039062 16.6298885345459 16.5548152923584 16.513696670532227 19.154367446899414 17.198144912719727 16.895008087158203 16.791391372680664 16.891807556152344 16.692256927490234 16.59833526611328 16.952159881591797 
43.80534362792969 16.84320068359375 16.883743286132812 16.819072723388672 16.89788818359375 17.407840728759766 17.645248413085938 17.490943908691406 19.486528396606445 17.951967239379883 17.45849609375 17.514400482177734 17.333951950073242 17.26896095275879 17.47737693786621 17.243616104125977 
16.646015167236328 16.583904266357422 16.655519485473633 16.915903091430664 16.88390350341797 16.65385627746582 16.565919876098633 16.52694320678711 18.550464630126953 17.86444854736328 17.312639236450195 17.108543395996094 16.624767303466797 16.454879760742188 16.69487953186035 16.67964744567871 
49.05100631713867 16.821792602539062 16.854944229125977 16.946752548217773 17.10393524169922 17.21455955505371 17.87126350402832 116.51708984375 19.728511810302734 17.474239349365234 17.217056274414062 17.194271087646484 18.050016403198242 17.511903762817383 17.235103607177734 18.06502342224121 
16.4869441986084 16.44620704650879 16.55401611328125 16.49190330505371 16.416223526000977 16.45088005065918 16.520639419555664 16.838943481445312 18.707168579101562 17.20636749267578 16.53913688659668 16.944639205932617 16.315168380737305 17.49225616455078 16.663103103637695 17.717920303344727 
44.87654495239258 16.830175399780273 16.76924705505371 16.89251136779785 17.091840744018555 17.35327911376953 17.236671447753906 17.235872268676758 18.902080535888672 17.701248168945312 17.4005126953125 17.17955207824707 17.15500831604004 17.43929672241211 17.240543365478516 17.806304931640625 
16.781824111938477 16.468704223632812 16.644800186157227 16.496320724487305 16.473312377929688 16.761472702026367 16.739871978759766 17.036991119384766 19.399328231811523 17.101024627685547 16.802112579345703 16.687007904052734 17.00998306274414 16.41187286376953 17.23401641845703 16.678495407104492 
57.522464752197266 16.85875129699707 16.81817626953125 17.367231369018555 17.506752014160156 17.549728393554688 17.772192001342773 17.646272659301758 19.598432540893555 17.408159255981445 17.15567970275879 17.94870376586914 17.740863800048828 17.200031280517578 18.154399871826172 17.518848419189453 
17.01456069946289 16.387807846069336 16.38528060913086 16.538368225097656 16.73094367980957 16.753664016723633 17.010080337524414 16.81830406188965 17.94099235534668 17.266239166259766 16.61846351623535 16.857952117919922 16.668384552001953 16.398847579956055 17.214815139770508 16.413856506347656 
51.17465591430664 16.86092758178711 17.137664794921875 17.43471908569336 17.555423736572266 17.422239303588867 17.468992233276367 17.466720581054688 20.066816329956055 17.34239959716797 17.48828887939453 17.432960510253906 17.17411231994629 17.518047332763672 17.233312606811523 17.271488189697266 
16.54876708984375 16.31769561767578 16.398944854736328 16.420223236083984 16.687904357910156 16.557376861572266 16.555871963500977 16.675392150878906 19.588895797729492 17.110240936279297 16.74073600769043 16.899423599243164 17.293792724609375 16.552223205566406 16.62291145324707 16.86240005493164 
85.45487976074219 16.802688598632812 16.99488067626953 17.305696487426758 17.426143646240234 17.683040618896484 17.429664611816406 17.32691192626953 21.689279556274414 17.831039428710938 17.49625587463379 17.433696746826172 17.270368576049805 17.25676727294922 17.392383575439453 17.256383895874023 
17.026399612426758 16.507648468017578 16.5150089263916 16.708608627319336 16.8176326751709 16.594560623168945 16.58028793334961 16.60576057434082 18.672191619873047 17.04470443725586 16.401887893676758 16.959871292114258 16.395456314086914 17.220447540283203 16.74297523498535 17.031103134155273 
58.96160125732422 17.526464462280273 17.549663543701172 17.73369598388672 17.941312789916992 18.275968551635742 18.193344116210938 112.51254272460938 18.25811195373535 18.380863189697266 17.95350456237793 17.86310386657715 18.419391632080078 18.404800415039062 17.958560943603516 18.004480361938477 
17.058719635009766 16.583168029785156 16.593088150024414 16.970687866210938 17.23219108581543 17.22643280029297 17.04198455810547 16.844928741455078 19.414976119995117 17.303871154785156 17.365760803222656 16.683040618896484 16.79350471496582 16.818687438964844 18.069984436035156 17.175743103027344 
84.0871353149414 17.553119659423828 17.590688705444336 17.671295166015625 18.02387237548828 18.153600692749023 18.210176467895508 18.37513542175293 21.501760482788086 18.13100814819336 18.044191360473633 18.173311233520508 18.11302375793457 17.990144729614258 17.875104904174805 18.153247833251953 
17.047840118408203 16.718624114990234 16.876768112182617 16.791296005249023 16.780288696289062 16.809919357299805 16.993408203125 17.321504592895508 18.94723129272461 17.954143524169922 16.888511657714844 17.678207397460938 16.815839767456055 17.15590476989746 17.89139175415039 17.096927642822266 
43.21263885498047 17.5435848236084 17.546112060546875 17.80284881591797 17.905664443969727 17.918655395507812 17.867456436157227 47.634464263916016 17.583423614501953 18.53763198852539 18.13257598876953 17.990848541259766 17.981056213378906 18.09369659423828 18.293535232543945 18.28972816467285 
17.01465606689453 16.533536911010742 16.539775848388672 17.041311264038086 17.014720916748047 17.023839950561523 17.032127380371094 17.233152389526367 18.814111709594727 17.287328720092773 17.686912536621094 16.7174072265625 17.930463790893555 17.175264358520508 17.375839233398438 16.779935836791992 
37.96681594848633 17.53766441345215 17.48966407775879 17.600351333618164 18.072895050048828 18.278783798217773 18.35977554321289 53.19590377807617 25.706079483032227 17.825023651123047 18.026016235351562 18.970720291137695 17.979328155517578 18.195295333862305 17.97964859008789 18.008319854736328 
17.452543258666992 17.069856643676758 16.86345672607422 17.060768127441406 17.21683120727539 17.148927688598633 16.87331199645996 16.88483238220215 19.860511779785156 17.094816207885742 16.946624755859375 17.123008728027344 17.339519500732422 17.226783752441406 16.908960342407227 17.80169677734375 
40.044734954833984 17.5185604095459 17.7357120513916 17.775840759277344 18.264192581176758 18.35660743713379 18.5699520111084 42.88572692871094 26.314207077026367 18.1810245513916 18.06278419494629 17.848608016967773 18.553951263427734 18.209951400756836 18.123327255249023 18.009855270385742 
17.03571128845215 16.618751525878906 16.671615600585938 16.936864852905273 17.31283187866211 17.372800827026367 17.33577537536621 17.054880142211914 19.745824813842773 17.40003204345703 16.84899139404297 18.211872100830078 17.15225601196289 17.00761604309082 17.41935920715332 16.750080108642578 
41.13382339477539 17.568927764892578 17.53340721130371 17.910240173339844 17.94607925415039 18.467327117919922 18.395008087158203 49.535648345947266 25.106464385986328 18.575136184692383 18.35206413269043 18.112703323364258 18.308671951293945 17.962751388549805 17.989471435546875 17.859519958496094 
17.579200744628906 16.73708724975586 16.7741756439209 16.990432739257812 16.85686492919922 16.72969627380371 16.782751083374023 16.999008178710938 17.491680145263672 17.183744430541992 17.589088439941406 17.160127639770508 16.741504669189453 17.582815170288086 17.043359756469727 17.408479690551758 
30.609792709350586 17.54092788696289 17.566015243530273 17.591392517089844 18.002784729003906 18.00339126586914 18.067039489746094 40.12108612060547 25.527103424072266 18.714048385620117 18.12460708618164 17.993824005126953 18.0435848236084 17.79529571533203 18.190143585205078 18.225919723510742 
17.139360427856445 16.7379207611084 16.585567474365234 16.755935668945312 16.97862434387207 17.303104400634766 17.4814395904541 17.268415451049805 19.455904006958008 17.623903274536133 16.84102439880371 17.17375946044922 17.25279998779297 16.772512435913086 17.459264755249023 16.86639976501465 
39.04256057739258 17.493568420410156 17.5361270904541 17.750688552856445 17.947776794433594 18.013023376464844 17.964448928833008 63.33612823486328 24.47148895263672 18.15318489074707 18.01683235168457 17.80726432800293 18.249759674072266 17.9869441986084 18.229312896728516 17.963584899902344 
17.04092788696289 16.551456451416016 16.82383918762207 17.000288009643555 17.194976806640625 17.36684799194336 17.213760375976562 17.041471481323242 18.992223739624023 17.4751033782959 16.775423049926758 17.454143524169922 17.13055992126465 16.730527877807617 17.42905616760254 16.87958335876465 
43.18988800048828 17.50275230407715 17.552799224853516 17.90345573425293 18.030336380004883 18.290016174316406 18.331424713134766 49.8164176940918 23.94380760192871 18.118911743164062 18.587743759155273 18.245376586914062 17.998464584350586 17.99135971069336 18.535871505737305 18.478431701660156 
17.072608947753906 16.723840713500977 16.779552459716797 16.996896743774414 16.901216506958008 16.84320068359375 16.843231201171875 17.22015953063965 19.706783294677734 17.050752639770508 16.853343963623047 17.0533447265625 17.392831802368164 17.113759994506836 16.947904586791992 17.510303497314453 
37.965248107910156 17.538848876953125 17.513856887817383 17.509471893310547 17.559072494506836 17.976608276367188 18.05062484741211 52.31955337524414 26.16694450378418 18.116544723510742 17.84182357788086 17.80124855041504 19.056575775146484 18.268831253051758 18.084447860717773 17.898784637451172 
16.7675838470459 16.462495803833008 16.74198341369629 17.058847427368164 17.196735382080078 17.065248489379883 16.851104736328125 16.75632095336914 19.33612823486328 17.44380760192871 17.18988800048828 17.74025535583496 16.799903869628906 17.78118324279785 17.01318359375 17.368288040161133 
53.171905517578125 24.677568435668945 24.63523292541504 25.265663146972656 25.87004852294922 26.114431381225586 25.789344787597656 118.31734466552734 29.844831466674805 25.44380760192871 25.63270378112793 25.821216583251953 25.646015167236328 25.159488677978516 24.999935150146484 25.537887573242188 
24.203136444091797 23.97113609313965 24.91200065612793 24.897567749023438 24.507999420166016 24.358688354492188 25.140735626220703 25.44060707092285 29.07151985168457 24.440736770629883 24.951391220092773 24.337343215942383 24.695423126220703 24.86966323852539 24.92291259765625 25.11510467529297 
68.86233520507812 24.609535217285156 24.662527084350586 25.035999298095703 25.615327835083008 25.74287986755371 25.51433563232422 151.8817901611328 31.141056060791016 25.622400283813477 25.819520950317383 25.487167358398438 26.839935302734375 25.011903762817383 25.11510467529297 25.150495529174805 
24.068735122680664 23.892255783081055 24.04128074645996 25.022687911987305 24.829055786132812 24.2109432220459 24.23004722595215 25.09404754638672 27.788959503173828 24.507200241088867 24.283903121948242 24.77395248413086 24.092992782592773 24.697696685791016 24.77903938293457 24.918943405151367 
48.91471862792969 24.64419174194336 24.592287063598633 25.291168212890625 25.48736000061035 25.58620834350586 26.00284767150879 122.0499496459961 30.613792419433594 25.01148796081543 25.740480422973633 25.58415985107422 24.98464012145996 25.00499153137207 25.00796890258789 25.130943298339844 
24.11315155029297 23.975711822509766 24.678016662597656 24.814239501953125 24.491487503051758 24.249792098999023 25.09974479675293 25.218048095703125 27.80588722229004 24.69865608215332 24.142303466796875 24.736831665039062 24.752927780151367 24.89606475830078 25.147743225097656 24.854719161987305 
70.943359375 24.82624053955078 25.18659210205078 25.411104202270508 25.428224563598633 26.181503295898438 26.529056549072266 136.03506469726562 29.78326416015625 25.087871551513672 25.407583236694336 25.16160011291504 25.279680252075195 24.914079666137695 25.155231475830078 25.459999084472656 
24.228832244873047 24.66659164428711 25.12041664123535 24.807903289794922 24.351072311401367 24.816991806030273 25.135583877563477 24.835296630859375 28.86400032043457 24.257055282592773 24.509151458740234 24.76425552368164 24.845375061035156 26.045759201049805 25.06928062438965 25.058303833007812 
69.8201904296875 24.60371208190918 24.887104034423828 25.823040008544922 25.70675277709961 25.55183982849121 25.680160522460938 139.00096130371094 32.47123336791992 25.323104858398438 25.670751571655273 25.084735870361328 25.853055953979492 25.816896438598633 25.396127700805664 25.09177589416504 
23.973344802856445 23.805408477783203 23.925216674804688 24.957408905029297 24.7392635345459 24.21321678161621 24.22876739501953 24.878944396972656 29.541919708251953 24.594112396240234 25.049184799194336 25.102144241333008 24.9816951751709 24.953664779663086 24.73891258239746 24.674240112304688 
68.80796813964844 24.811199188232422 25.101856231689453 25.751007080078125 25.37763214111328 26.126623153686523 26.28611183166504 141.388671875 30.60419273376465 25.214271545410156 24.889087677001953 25.104799270629883 25.463775634765625 25.75619125366211 25.769344329833984 25.596351623535156 
24.185632705688477 23.82067108154297 23.910911560058594 25.074623107910156 25.166175842285156 24.58310317993164 24.265823364257812 25.22265625 29.36934471130371 24.29270362854004 24.15564727783203 24.772159576416016 24.719776153564453 24.486719131469727 24.641151428222656 24.869632720947266 
70.9079360961914 24.583871841430664 24.67830467224121 25.88217544555664 25.871776580810547 25.639455795288086 25.570911407470703 135.5193328857422 29.984224319458008 25.70207977294922 25.52390480041504 25.846752166748047 25.78374481201172 25.626527786254883 24.966848373413086 25.023008346557617 
24.14409637451172 23.909055709838867 24.403839111328125 25.019424438476562 24.672191619873047 24.24176025390625 24.330591201782227 25.18124771118164 28.469823837280273 24.440959930419922 25.036640167236328 24.59164810180664 25.271263122558594 24.25004768371582 24.26246452331543 24.488704681396484 
69.93718719482422 24.589216232299805 24.71552085876465 25.844032287597656 25.236000061035156 143.8865203857422 24.616064071655273 24.87980842590332 29.61123275756836 25.196575164794922 25.434240341186523 25.273216247558594 25.912704467773438 24.970144271850586 24.90505599975586 25.04422378540039 
24.085983276367188 24.010047912597656 24.85990333557129 25.124479293823242 24.72275161743164 24.3319034576416 25.180767059326172 25.232799530029297 29.808223724365234 24.45404815673828 24.886560440063477 26.046464920043945 24.642976760864258 25.035072326660156 24.952896118164062 24.671680450439453 
68.88374328613281 24.65888023376465 25.678207397460938 25.917280197143555 25.593120574951172 25.811552047729492 26.115488052368164 138.30323791503906 31.358367919921875 24.979328155517578 25.53936004638672 24.950143814086914 25.087167739868164 25.056640625 25.057024002075195 25.128320693969727 
24.206335067749023 24.1013126373291 24.350303649902344 24.826175689697266 24.680736541748047 24.299903869628906 25.077407836914062 25.23436737060547 29.985599517822266 24.613344192504883 25.016416549682617 24.916095733642578 24.429471969604492 24.75833511352539 24.904800415039062 24.55299186706543 
69.8260498046875 24.673120498657227 25.049184799194336 25.13916778564453 25.544191360473633 26.117727279663086 25.796159744262695 145.21717834472656 31.68070411682129 25.12835121154785 24.76915168762207 25.06108856201172 25.028032302856445 25.128896713256836 25.479679107666016 25.030656814575195 
24.034175872802734 23.875808715820312 24.136991500854492 24.863168716430664 24.74028778076172 24.228511810302734 24.6845760345459 25.08745574951172 26.56812858581543 24.588287353515625 24.19228744506836 24.265695571899414 24.31564712524414 24.936416625976562 25.22377586364746 24.907007217407227 
52.4944953918457 18.89641571044922 19.190879821777344 19.521312713623047 19.641408920288086 19.88630485534668 19.908031463623047 43.629886627197266 25.118656158447266 19.754016876220703 19.76041603088379 19.811967849731445 19.26697540283203 21.348735809326172 19.664512634277344 19.40425682067871 
19.52249526977539 19.102815628051758 19.07004737854004 19.0894718170166 19.131135940551758 19.128223419189453 19.185983657836914 19.220640182495117 23.45452880859375 20.039775848388672 19.979103088378906 19.840511322021484 20.037216186523438 20.15830421447754 20.0849609375 19.857791900634766 
55.68620681762695 18.98249626159668 19.021408081054688 19.15238380432129 19.333696365356445 19.434240341186523 19.550016403198242 19.441471099853516 21.426528930664062 20.49830436706543 20.329599380493164 20.349760055541992 20.236928939819336 19.790464401245117 20.32326316833496 19.719423294067383 
19.08678436279297 18.959360122680664 19.009471893310547 19.4899845123291 19.507871627807617 19.425567626953125 19.460351943969727 19.497600555419922 22.738624572753906 19.741792678833008 19.99577522277832 20.386592864990234 19.318111419677734 19.635744094848633 19.87740707397461 19.908544540405273 
83.68281555175781 18.926591873168945 18.997600555419922 19.17510414123535 19.198335647583008 19.28451156616211 19.34396743774414 19.34662437438965 23.895008087158203 19.964351654052734 19.793920516967773 20.3286075592041 19.881664276123047 20.502944946289062 19.655712127685547 19.270687103271484 
19.724576950073242 19.216703414916992 19.08220863342285 19.084928512573242 19.277023315429688 19.221311569213867 19.20560073852539 19.475231170654297 22.758623123168945 20.354047775268555 20.125696182250977 19.93212890625 20.102144241333008 20.061248779296875 20.140607833862305 20.782207489013672 
68.97686767578125 18.938400268554688 19.114208221435547 19.449504852294922 19.822463989257812 19.86016082763672 19.842559814453125 19.61782455444336 24.416576385498047 19.664031982421875 19.795391082763672 19.574464797973633 19.49523162841797 19.842880249023438 19.534751892089844 19.74627113342285 
19.542272567749023 19.22265625 19.291648864746094 19.410303115844727 19.421951293945312 19.373727798461914 19.38652801513672 19.389856338500977 22.406591415405273 19.92959976196289 20.029855728149414 19.509279251098633 20.572128295898438 19.74051284790039 19.586463928222656 19.784128189086914 
77.72169494628906 18.947423934936523 19.136640548706055 19.662527084350586 19.85660743713379 19.703264236450195 19.718719482421875 19.88547134399414 23.55081558227539 19.906431198120117 20.05881690979004 20.535839080810547 19.906015396118164 19.934368133544922 19.831104278564453 19.472896575927734 
19.92736053466797 19.169055938720703 19.063871383666992 19.02720069885254 19.37500762939453 19.359264373779297 19.363487243652344 19.67215919494629 22.900224685668945 19.77199935913086 19.47977638244629 19.678815841674805 19.756864547729492 19.822559356689453 19.655136108398438 19.53264045715332 
81.66454315185547 18.978208541870117 18.98147201538086 19.070655822753906 18.985183715820312 19.161792755126953 19.239551544189453 19.188064575195312 23.960416793823242 19.89776039123535 20.15328025817871 20.161439895629883 20.102048873901367 20.19068717956543 20.321887969970703 19.992000579833984 
20.155391693115234 19.156543731689453 19.090656280517578 19.05740737915039 19.029760360717773 19.049407958984375 19.47327995300293 19.557727813720703 23.34662437438965 19.813247680664062 19.61347198486328 19.177568435668945 19.501312255859375 19.560575485229492 19.567903518676758 19.646976470947266 
78.52428436279297 18.939647674560547 18.948768615722656 19.49728012084961 19.62073516845703 19.69820785522461 19.76300811767578 19.801599502563477 24.404672622680664 20.190303802490234 19.987136840820312 19.863264083862305 20.17148780822754 20.34876823425293 20.32067108154297 19.766815185546875 
19.840896606445312 19.3703670501709 19.13523292541504 19.452255249023438 19.428735733032227 19.46620750427246 19.537023544311523 19.599552154541016 23.19811248779297 20.09004783630371 20.0281925201416 19.256479263305664 19.925216674804688 19.35887908935547 19.425216674804688 19.655807495117188 
87.88313293457031 18.983903884887695 19.017696380615234 19.389280319213867 19.508800506591797 19.533695220947266 19.484256744384766 20.019359588623047 22.80076789855957 19.910655975341797 19.747488021850586 21.338207244873047 19.825952529907227 19.70083236694336 19.579391479492188 19.71824073791504 
19.386079788208008 19.106048583984375 19.081951141357422 19.043296813964844 19.17344093322754 19.183263778686523 19.317535400390625 19.29654312133789 23.41766357421875 20.180992126464844 19.510879516601562 19.336544036865234 19.54457664489746 19.67638397216797 19.95417594909668 19.584415435791016 
82.70390319824219 18.940767288208008 18.978303909301758 19.156543731689453 19.09721565246582 19.263744354248047 19.34534454345703 19.35536003112793 23.777952194213867 19.907360076904297 19.8603515625 19.687328338623047 21.274944305419922 19.72444725036621 19.476959228515625 19.68492889404297 
19.473888397216797 19.09459114074707 19.068096160888672 19.114688873291016 19.153568267822266 19.373855590820312 19.295679092407227 19.25334358215332 22.833696365356445 20.388736724853516 19.93939208984375 19.870975494384766 19.907039642333984 19.745887756347656 20.079776763916016 20.0031681060791 
80.62505340576172 18.947744369506836 18.982303619384766 19.13420867919922 19.878271102905273 20.144832611083984 20.073408126831055 20.048063278198242 23.958112716674805 20.314847946166992 19.303359985351562 19.38662338256836 19.72643280029297 19.627168655395508 19.96348762512207 19.50409507751465 
19.227296829223633 19.03104019165039 18.969568252563477 19.15622329711914 19.164608001708984 19.434207916259766 19.477312088012695 19.260671615600586 22.04431915283203 20.576927185058594 20.120576858520508 20.504735946655273 19.68886375427246 19.750911712646484 19.71990394592285 19.397504806518555 
77.30815887451172 17.272319793701172 17.347360610961914 17.363264083862305 17.364864349365234 17.717727661132812 18.12620735168457 18.206079483032227 22.811264038085938 18.41484832763672 17.92540740966797 17.711519241333008 17.819744110107422 18.03990364074707 17.70979118347168 18.665023803710938 
18.506591796875 17.701311111450195 17.906400680541992 18.02118492126465 18.022367477416992 18.00227165222168 17.723360061645508 17.634784698486328 20.792896270751953 18.613216400146484 18.1395206451416 17.838144302368164 17.975296020507812 18.720767974853516 18.348384857177734 17.555519104003906 
57.39209747314453 17.284576416015625 17.28646469116211 17.459455490112305 17.790367126464844 17.826080322265625 17.823104858398438 18.133535385131836 27.393760681152344 18.492448806762695 18.191200256347656 17.591808319091797 18.247743606567383 18.380640029907227 18.117759704589844 18.364736557006836 
18.41747283935547 18.344928741455078 18.012672424316406 18.288448333740234 18.24367904663086 18.258975982666016 17.985599517822266 17.86944007873535 19.284671783447266 24.45395278930664 17.75334358215332 17.66681671142578 18.603008270263672 18.59712028503418 17.976831436157227 18.271839141845703 
63.67571258544922 17.29987144470215 17.27168083190918 17.5295352935791 17.57254409790039 17.89356803894043 18.184768676757812 18.02649688720703 21.759328842163086 18.116512298583984 17.93084716796875 17.842464447021484 17.94166374206543 17.586687088012695 18.96784019470215 18.444992065429688 
18.123424530029297 17.53875160217285 17.544031143188477 17.473888397216797 17.496000289916992 17.614591598510742 17.888639450073242 17.931455612182617 20.332927703857422 18.078432083129883 18.40982437133789 17.9399356842041 17.91926383972168 17.700288772583008 19.165727615356445 18.43199920654297 
56.37123107910156 17.29532814025879 17.29497528076172 17.59859275817871 17.744096755981445 18.212928771972656 73.47388458251953 136.90748596191406 22.016672134399414 18.50809669494629 18.158239364624023 18.705888748168945 18.799840927124023 18.20707130432129 17.693632125854492 17.601951599121094 
17.82655906677246 17.56671905517578 17.89948844909668 17.724416732788086 17.594335556030273 17.62761688232422 17.78553581237793 17.88153648376465 20.68764877319336 19.045791625976562 18.14668846130371 18.11350440979004 17.91267204284668 18.640928268432617 18.298912048339844 17.709951400756836 
58.42591857910156 17.26860809326172 17.368896484375 17.6375675201416 18.08086395263672 18.216447830200195 18.328128814697266 18.146015167236328 19.83577537536621 18.309471130371094 17.74947166442871 18.325824737548828 18.417631149291992 18.024192810058594 18.39472007751465 18.672927856445312 
17.797983169555664 17.74224090576172 17.85424041748047 17.917919158935547 17.83171272277832 17.705408096313477 17.689599990844727 17.944255828857422 24.078271865844727 18.27257537841797 18.578432083129883 18.272512435913086 18.239423751831055 18.830591201782227 18.72528076171875 18.163135528564453 
58.4442253112793 17.297119140625 17.423904418945312 17.733055114746094 18.02681541442871 18.03455924987793 17.977951049804688 17.664831161499023 21.20806312561035 18.070079803466797 18.42767906188965 18.43951988220215 18.164384841918945 18.58025550842285 18.349599838256836 18.323936462402344 
18.106496810913086 17.526687622070312 17.46611213684082 17.42633628845215 17.790687561035156 17.839231491088867 17.839168548583984 18.020832061767578 20.118431091308594 22.957088470458984 17.583616256713867 18.64259147644043 18.05855941772461 18.14303970336914 18.201183319091797 18.465152740478516 
51.111968994140625 17.288415908813477 17.537151336669922 17.69558334350586 17.832639694213867 17.843936920166016 17.893247604370117 17.877023696899414 21.170368194580078 18.568864822387695 18.02729606628418 17.621408462524414 17.69875144958496 18.0614070892334 17.656991958618164 18.096160888671875 
18.366079330444336 17.936384201049805 18.20012855529785 18.110464096069336 17.900447845458984 17.594560623168945 17.637088775634766 17.64227294921875 21.380767822265625 19.254911422729492 17.992128372192383 18.100831985473633 18.303359985351562 18.47862434387207 18.21887969970703 17.911231994628906 
57.430240631103516 17.2490234375 17.389535903930664 17.40870475769043 17.508991241455078 17.908416748046875 18.071712493896484 18.079776763916016 21.250783920288086 18.714143753051758 18.19820785522461 17.891103744506836 18.47260856628418 18.890783309936523 18.069631576538086 18.795616149902344 
18.33238410949707 17.81737518310547 17.752351760864258 17.958208084106445 18.269664764404297 18.346784591674805 18.167232513427734 17.98931121826172 20.704736709594727 18.57606315612793 18.981983184814453 18.175519943237305 18.499263763427734 18.97648048400879 18.596128463745117 18.20047950744629 
59.4951057434082 17.285568237304688 17.26767921447754 17.389631271362305 17.68182373046875 17.970016479492188 17.963520050048828 18.250015258789062 22.227327346801758 18.046335220336914 17.9036808013916 19.002111434936523 18.020832061767578 17.91846466064453 18.483903884887695 18.30179214477539 
17.883136749267578 17.528480529785156 17.421247482299805 17.393632888793945 17.805376052856445 18.071552276611328 18.023744583129883 18.083839416503906 20.784992218017578 19.710464477539062 17.920032501220703 18.04649543762207 19.113983154296875 18.166976928710938 17.981887817382812 18.87571144104004 
61.61113739013672 17.2521915435791 17.283584594726562 17.294464111328125 17.30678367614746 17.590240478515625 17.7923526763916 17.849119186401367 22.39347267150879 18.188447952270508 17.85327911376953 17.98569679260254 17.531391143798828 18.72127914428711 18.281631469726562 17.96009635925293 
17.814048767089844 17.454111099243164 17.632095336914062 17.637439727783203 17.66364860534668 17.89206314086914 18.052352905273438 17.945951461791992 20.927616119384766 18.47724723815918 18.52908706665039 18.105440139770508 17.697599411010742 18.548927307128906 18.3287353515625 18.075136184692383 
68.9461441040039 23.890655517578125 23.95510482788086 24.846559524536133 24.81292724609375 24.906848907470703 24.367647171020508 25.19388771057129 35.572288513183594 24.414783477783203 24.73276710510254 24.581632614135742 24.989824295043945 24.539615631103516 25.385120391845703 24.472896575927734 
42.77033615112305 24.535167694091797 24.027936935424805 24.355199813842773 24.389087677001953 24.557632446289062 25.033151626586914 106.51849365234375 31.937152862548828 24.72118377685547 24.713823318481445 24.557119369506836 26.419456481933594 25.08064079284668 24.36934471130371 24.971616744995117 
42.905086517333984 24.239776611328125 24.857311248779297 24.782207489013672 24.86150360107422 24.929983139038086 25.228832244873047 109.34905242919922 34.32883071899414 24.392576217651367 25.37571144104004 24.658111572265625 24.5184326171875 24.6878719329834 24.891231536865234 24.582687377929688 
48.07164764404297 26.316448211669922 24.200639724731445 24.516895294189453 24.877471923828125 24.663999557495117 24.516992568969727 79.70137786865234 33.533470153808594 24.937440872192383 24.746400833129883 24.93084716796875 24.338783264160156 24.922975540161133 24.87164878845215 24.870912551879883 
46.15929412841797 24.165599822998047 24.395647048950195 24.788896560668945 24.914527893066406 24.650623321533203 24.457664489746094 103.44265747070312 35.48774337768555 24.456575393676758 24.536991119384766 24.900320053100586 24.601951599121094 24.874975204467773 24.818208694458008 24.719999313354492 
45.11065673828125 24.313215255737305 24.306304931640625 24.57360076904297 24.749887466430664 25.661888122558594 26.018495559692383 105.5765151977539 34.44076919555664 24.47871971130371 24.570560455322266 24.512863159179688 24.73859214782715 24.443071365356445 24.724895477294922 24.963584899902344 
45.02092742919922 24.13382339477539 24.24825668334961 24.8338565826416 24.631328582763672 24.496095657348633 24.40656089782715 102.09868621826172 35.84220886230469 24.805919647216797 24.569759368896484 24.538015365600586 25.155967712402344 24.492000579833984 24.672639846801758 24.734848022460938 
41.939937591552734 24.183807373046875 24.269119262695312 24.30348777770996 25.53228759765625 25.533344268798828 25.446495056152344 108.44662475585938 33.865631103515625 24.434175491333008 24.41059112548828 24.48031997680664 24.65817642211914 25.091264724731445 24.595552444458008 24.68035125732422 
41.915103912353516 24.397247314453125 24.47760009765625 24.4901123046875 24.442623138427734 24.73753547668457 25.823200225830078 103.24813079833984 33.01484680175781 24.907360076904297 24.586048126220703 24.871999740600586 24.732479095458984 24.777536392211914 24.54934310913086 24.636032104492188 
43.92863845825195 23.974655151367188 24.519071578979492 24.536928176879883 24.48796844482422 25.140384674072266 25.03126335144043 103.34617614746094 33.51606369018555 24.43231964111328 25.328096389770508 24.565887451171875 24.59017562866211 24.533184051513672 25.089664459228516 24.677120208740234 
46.96012878417969 30.202239990234375 30.19811248779297 30.741024017333984 30.86844825744629 31.152416229248047 30.636512756347656 31.46463966369629 36.688926696777344 31.295488357543945 31.370271682739258 31.211584091186523 30.364511489868164 30.379487991333008 30.971071243286133 31.083040237426758 
51.826942443847656 30.835039138793945 30.465791702270508 30.465824127197266 30.360416412353516 31.46588706970215 30.922719955444336 30.84819221496582 35.642112731933594 29.777952194213867 31.124160766601562 30.57004737854004 30.006399154663086 30.156448364257812 30.61871910095215 30.537919998168945 
52.97817611694336 29.89731216430664 29.772607803344727 29.864608764648438 30.605056762695312 30.965408325195312 30.952064514160156 30.98236846923828 35.8238410949707 29.80054473876953 30.591583251953125 30.469440460205078 30.514944076538086 30.87539291381836 31.0314884185791 30.591840744018555 
58.511199951171875 29.693023681640625 30.893856048583984 31.36092758178711 31.416000366210938 30.390527725219727 30.493215560913086 30.295711517333984 33.92745590209961 30.49612808227539 30.882272720336914 30.911136627197266 30.29363250732422 30.83990478515625 31.45737648010254 31.067840576171875 
62.729984283447266 29.730592727661133 30.49500846862793 30.652191162109375 31.106143951416016 30.560895919799805 30.818687438964844 31.175647735595703 38.117889404296875 30.93951988220215 30.659456253051758 30.632991790771484 31.020288467407227 30.92736053466797 32.20444869995117 30.016191482543945 
57.283809661865234 29.808671951293945 30.369792938232422 30.815744400024414 30.91913604736328 30.682111740112305 30.978239059448242 31.239839553833008 35.72835159301758 30.76038360595703 30.17043113708496 30.499616622924805 30.19011116027832 30.904319763183594 30.568096160888672 30.535263061523438 
55.192352294921875 29.734880447387695 29.865760803222656 31.06608009338379 31.748672485351562 31.713600158691406 31.535295486450195 30.85251235961914 38.69504165649414 30.184608459472656 30.116928100585938 30.745216369628906 31.005760192871094 30.78771209716797 30.149728775024414 30.17945671081543 
55.44355010986328 29.59721565246582 31.3819522857666 31.075712203979492 31.037216186523438 30.768064498901367 31.306047439575195 31.54684829711914 37.494239807128906 30.002559661865234 30.656448364257812 30.56831932067871 30.421663284301758 30.20243263244629 30.973791122436523 30.871488571166992 
60.43065643310547 29.59177589416504 30.231552124023438 31.24131202697754 31.582975387573242 31.510143280029297 31.274112701416016 30.677343368530273 38.09539031982422 30.418495178222656 30.808799743652344 30.903488159179688 30.809568405151367 30.169248580932617 30.422239303588867 30.9454402923584 
55.0711669921875 29.921728134155273 29.94495964050293 30.266271591186523 30.624479293823242 31.129728317260742 30.65763282775879 31.0284481048584 37.96361541748047 30.510080337524414 30.260128021240234 30.44393539428711 30.833728790283203 31.229951858520508 30.541471481323242 30.31603240966797 
49.21491241455078 22.05187225341797 22.75212860107422 22.821407318115234 30.21353530883789 22.782272338867188 22.888256072998047 28.761280059814453 25.27244758605957 22.9749755859375 22.635263442993164 22.55571174621582 22.940256118774414 22.62396812438965 22.61689567565918 22.977088928222656 
20.268640518188477 19.827104568481445 19.84659194946289 20.006879806518555 20.030431747436523 20.129535675048828 20.094879150390625 20.102720260620117 23.158912658691406 20.42527961730957 20.234304428100586 20.291296005249023 20.270143508911133 20.337024688720703 20.607872009277344 20.85753631591797 
41.805023193359375 22.277984619140625 22.863872528076172 22.601919174194336 22.545183181762695 22.646175384521484 23.01568031311035 210.70217895507812 25.661216735839844 22.7542724609375 22.609888076782227 22.653919219970703 22.740800857543945 23.26959991455078 22.834144592285156 22.396831512451172 
20.165279388427734 20.025951385498047 20.195327758789062 20.235519409179688 20.254976272583008 20.27168083190918 20.550432205200195 20.540128707885742 24.009727478027344 20.379072189331055 20.497695922851562 20.38217544555664 20.299808502197266 21.54572868347168 20.13372802734375 20.476768493652344 
47.10124969482422 22.417024612426758 22.73276710510254 22.840320587158203 22.950143814086914 22.960351943969727 22.98588752746582 125.23673248291016 25.669919967651367 22.77519989013672 22.593727111816406 22.729248046875 23.09587287902832 22.936351776123047 22.937055587768555 22.977312088012695 
20.200191497802734 19.787519454956055 19.921215057373047 20.074655532836914 20.099775314331055 20.232160568237305 20.149568557739258 20.177471160888672 21.06268882751465 20.419103622436523 20.20809555053711 20.40399932861328 20.2890567779541 20.360992431640625 20.410432815551758 20.086719512939453 
44.9815673828125 22.294496536254883 22.56540870666504 23.16681671142578 23.4586238861084 23.409055709838867 22.922399520874023 207.92825317382812 23.94316864013672 23.025279998779297 22.587839126586914 22.479488372802734 22.518400192260742 23.264320373535156 22.990367889404297 22.638656616210938 
20.15817642211914 19.740703582763672 19.988096237182617 20.081567764282227 20.12611198425293 20.051103591918945 20.145856857299805 20.147615432739258 20.691455841064453 20.24198341369629 20.28767967224121 20.219680786132812 20.412256240844727 20.330944061279297 20.992576599121094 20.274751663208008 
46.07516860961914 22.474016189575195 22.63862419128418 22.968448638916016 22.95180892944336 22.838239669799805 22.730688095092773 117.1319351196289 26.461824417114258 22.92963218688965 22.450944900512695 22.910655975341797 22.65180778503418 22.63577651977539 23.10588836669922 23.059232711791992 
20.29635238647461 19.829023361206055 19.88256072998047 19.9979190826416 20.013439178466797 20.23004722595215 20.200063705444336 20.229408264160156 22.719263076782227 20.414464950561523 20.322847366333008 20.390527725219727 20.1627197265625 20.341951370239258 20.35206413269043 20.379520416259766 
48.119998931884766 22.540672302246094 22.343936920166016 22.35158348083496 22.72719955444336 22.697439193725586 174.15577697753906 22.156095504760742 25.55606460571289 22.49955177307129 22.965984344482422 22.61369514465332 22.82512092590332 22.985408782958984 22.84556770324707 22.73891258239746 
20.230464935302734 20.15167999267578 20.246688842773438 20.670303344726562 20.819103240966797 20.68886375427246 20.63270378112793 20.59600067138672 22.59062385559082 20.655935287475586 20.303232192993164 20.14579200744629 20.506975173950195 20.80089569091797 20.369855880737305 20.228479385375977 
45.04636764526367 22.312095642089844 22.474624633789062 22.543167114257812 22.52444839477539 22.84614372253418 23.28486442565918 23.35113525390625 25.836544036865234 22.620512008666992 22.872831344604492 22.82691192626953 22.38812828063965 22.845760345458984 23.364320755004883 22.821887969970703 
20.137855529785156 19.780895233154297 20.002656936645508 20.107168197631836 20.17830467224121 20.293920516967773 20.202911376953125 20.093280792236328 23.6627197265625 20.446367263793945 20.39740753173828 20.33942413330078 20.34707260131836 20.50262451171875 20.318880081176758 20.866464614868164 
42.98271942138672 22.370208740234375 22.727680206298828 22.901216506958008 22.862688064575195 23.071456909179688 22.846399307250977 22.75551986694336 26.286176681518555 22.823040008544922 22.697952270507812 22.78700828552246 22.771007537841797 22.651647567749023 23.112512588500977 22.825632095336914 
20.167072296142578 19.81929588317871 20.04096031188965 19.976768493652344 20.15020751953125 20.178016662597656 20.038047790527344 20.20217514038086 23.87161636352539 20.36511993408203 20.313663482666016 20.359743118286133 20.407712936401367 20.50636863708496 20.03436851501465 20.6079044342041 
43.91183853149414 22.31603240966797 22.386592864990234 22.562623977661133 23.417024612426758 23.384672164916992 23.038175582885742 194.91693115234375 26.775136947631836 22.70947265625 23.010400772094727 22.63804817199707 22.861055374145508 24.293216705322266 22.877567291259766 22.572832107543945 
20.228736877441406 20.010208129882812 20.016639709472656 20.28054428100586 20.51955223083496 20.489887237548828 20.566015243530273 20.550399780273438 23.25315284729004 20.336959838867188 20.2774715423584 20.205184936523438 20.177696228027344 20.54377555847168 21.04140853881836 20.31622314453125 
51.33747100830078 22.467775344848633 22.31737518310547 22.614816665649414 23.447071075439453 23.332191467285156 23.026336669921875 201.4574432373047 27.17465591430664 22.485984802246094 22.858495712280273 22.838464736938477 22.68889617919922 22.952959060668945 23.004831314086914 23.186559677124023 
20.146400451660156 19.829120635986328 20.134016036987305 20.092863082885742 20.187488555908203 20.28700828552246 20.232864379882812 20.284671783447266 23.21295928955078 20.349536895751953 20.114688873291016 20.491039276123047 20.408863067626953 20.33510398864746 20.24710464477539 20.315231323242188 
60.47305679321289 16.558719635009766 16.562591552734375 16.613759994506836 16.9451847076416 16.982112884521484 17.104896545410156 17.106687545776367 21.708511352539062 17.302335739135742 17.496864318847656 17.798080444335938 17.28704071044922 17.006975173950195 16.96063995361328 16.906112670898438 
17.727296829223633 17.15884780883789 17.349056243896484 17.456703186035156 17.3209285736084 17.14240074157715 17.05084800720215 17.188831329345703 25.774784088134766 17.380191802978516 17.534591674804688 17.166336059570312 17.68182373046875 17.445215225219727 17.058015823364258 17.87571144104004 
70.50614166259766 16.550207138061523 16.797151565551758 16.931936264038086 16.956159591674805 16.937152862548828 17.0133113861084 17.008447647094727 22.255456924438477 17.13759994506836 16.748863220214844 17.196767807006836 16.85593605041504 17.396703720092773 17.0914249420166 17.54911994934082 
17.548864364624023 17.005952835083008 16.981599807739258 16.907743453979492 16.985471725463867 17.148128509521484 17.40003204345703 17.584415435791016 26.39187240600586 17.223072052001953 17.32988739013672 17.078752517700195 17.314847946166992 17.302623748779297 17.60483169555664 17.577247619628906 
69.50399780273438 16.626943588256836 16.60553550720215 16.655807495117188 17.181312561035156 17.2589111328125 17.421823501586914 17.55254364013672 23.055776596069336 17.395584106445312 16.80953598022461 16.85424041748047 16.93382453918457 18.207744598388672 17.14531135559082 16.871871948242188 
17.54764747619629 17.255840301513672 17.302400588989258 17.176191329956055 17.07561683654785 17.016639709472656 17.251615524291992 17.285152435302734 17.18332862854004 17.666751861572266 17.679807662963867 17.95747184753418 17.96985626220703 17.047712326049805 17.81145668029785 17.52617645263672 
72.4098892211914 16.53481674194336 16.538015365600586 16.802560806274414 16.857248306274414 17.176576614379883 17.45199966430664 17.242496490478516 20.086143493652344 17.423391342163086 16.9006404876709 17.828767776489258 17.09107208251953 18.000991821289062 17.31500816345215 17.020448684692383 
17.292991638183594 16.985952377319336 17.032447814941406 17.030048370361328 17.167200088500977 17.09574317932129 17.078880310058594 17.240928649902344 18.99795150756836 17.38163185119629 17.351680755615234 17.627424240112305 17.078752517700195 17.66988754272461 17.479328155517578 17.093151092529297 
73.663330078125 16.5849609375 16.692352294921875 16.656415939331055 17.11612892150879 17.47737693786621 17.365888595581055 17.35968017578125 22.180448532104492 17.45724868774414 17.006399154663086 17.05183982849121 17.225727081298828 17.04172706604004 17.421247482299805 16.825759887695312 
17.605632781982422 17.1243839263916 17.321216583251953 17.425312042236328 17.29814338684082 17.273056030273438 17.13164710998535 17.39017677307129 19.622528076171875 17.24665641784668 17.52662467956543 17.08367919921875 17.164255142211914 17.36579132080078 17.0166072845459 18.158720016479492 
69.51510620117188 16.528736114501953 16.55846405029297 16.60086441040039 16.63155174255371 17.12214469909668 17.249216079711914 17.37673568725586 23.46009635925293 17.79350471496582 16.88159942626953 17.914751052856445 17.271711349487305 16.810400009155273 17.61292839050293 17.121152877807617 
17.694080352783203 16.9781436920166 16.963071823120117 17.269119262695312 17.326143264770508 17.266847610473633 17.174367904663086 17.13737678527832 24.66262435913086 16.96099281311035 16.961727142333984 17.2609920501709 17.144927978515625 17.675935745239258 17.26857566833496 17.47871971130371 
43.223934173583984 16.57062339782715 16.540735244750977 16.657695770263672 17.030879974365234 17.056543350219727 17.043968200683594 33.366241455078125 19.256383895874023 17.00739288330078 17.51136016845703 17.245759963989258 17.0097599029541 17.94816017150879 17.11065673828125 17.276416778564453 
17.3767032623291 16.96518325805664 17.079967498779297 17.005023956298828 17.039487838745117 17.06528091430664 17.12505531311035 17.47964859008789 19.739871978759766 18.005247116088867 17.40617561340332 17.442880630493164 17.60755157470703 17.536096572875977 17.752639770507812 17.833471298217773 
68.43824005126953 16.603647232055664 16.746240615844727 16.843551635742188 16.80620765686035 16.875423431396484 16.969087600708008 17.142208099365234 22.870080947875977 17.33087921142578 16.818016052246094 16.884000778198242 16.91971206665039 17.951904296875 17.315488815307617 17.273120880126953 
17.759552001953125 17.178720474243164 17.141759872436523 17.373472213745117 17.37766456604004 17.231584548950195 17.114944458007812 17.360544204711914 16.995487213134766 17.261920928955078 17.914560317993164 17.299104690551758 16.931072235107422 17.725183486938477 17.111007690429688 17.594463348388672 
29.58745574951172 16.532608032226562 16.582624435424805 16.574975967407227 16.64361572265625 17.03436851501465 17.05766487121582 17.38390350341797 24.21945571899414 17.16521644592285 16.859743118286133 16.86911964416504 18.09619140625 17.240320205688477 17.07472038269043 17.64803123474121 
17.552703857421875 16.92140769958496 16.85660743713379 17.06483268737793 17.280223846435547 17.320768356323242 17.275264739990234 17.421632766723633 26.563264846801758 17.268800735473633 17.31705665588379 17.076576232910156 17.75049591064453 17.400287628173828 17.039199829101562 17.137792587280273 
71.57968139648438 16.546079635620117 16.8437442779541 16.938880920410156 17.123104095458984 17.02889633178711 17.093151092529297 17.343360900878906 23.846208572387695 17.319839477539062 16.749792098999023 18.015296936035156 17.355039596557617 16.87539291381836 17.454208374023438 16.82988739013672 
17.71379280090332 17.199647903442383 17.41481590270996 17.40447998046875 17.30886459350586 17.20694351196289 17.179840087890625 17.235488891601562 19.237823486328125 17.625408172607422 17.13360023498535 18.26691246032715 17.553695678710938 17.132511138916016 17.909664154052734 17.841087341308594 
38.821441650390625 16.156415939331055 16.1661434173584 16.19708824157715 16.392671585083008 16.501440048217773 16.66988754272461 68.87651062011719 25.444095611572266 17.263519287109375 17.498687744140625 16.628480911254883 17.11187171936035 17.2042236328125 16.835168838500977 17.330591201782227 
15.631263732910156 15.454336166381836 15.70911979675293 15.945343971252441 16.15875244140625 15.799327850341797 15.809408187866211 15.879615783691406 17.170272827148438 17.98486328125 15.92790412902832 15.887743949890137 16.444896697998047 15.648320198059082 15.738783836364746 16.026527404785156 
42.039390563964844 16.208864212036133 16.19398307800293 16.365440368652344 16.677600860595703 16.685951232910156 16.74515151977539 16.86288070678711 27.608543395996094 17.140064239501953 16.824256896972656 16.459487915039062 16.942367553710938 17.15558433532715 17.68556785583496 17.780256271362305 
15.720864295959473 15.491744041442871 15.599807739257812 15.763327598571777 15.861472129821777 15.923999786376953 15.780735969543457 15.740192413330078 17.166719436645508 21.405887603759766 15.422847747802734 15.718591690063477 16.27097511291504 15.705375671386719 16.27846336364746 15.666399955749512 
42.57958221435547 16.1615047454834 16.183584213256836 16.365087509155273 16.68396759033203 17.114656448364258 17.095199584960938 16.895647048950195 19.205856323242188 17.048095703125 17.706335067749023 16.8538875579834 17.432575225830078 16.84435272216797 17.221824645996094 16.925216674804688 
15.702143669128418 15.704768180847168 15.639967918395996 15.654208183288574 15.573535919189453 15.640000343322754 16.131744384765625 16.194528579711914 18.17616081237793 16.735904693603516 15.840288162231445 16.083232879638672 16.07753562927246 15.77558422088623 16.59097671508789 15.94495964050293 
34.6893424987793 16.675424575805664 16.185407638549805 16.280864715576172 16.575424194335938 16.57811164855957 16.467775344848633 16.525503158569336 23.83286476135254 16.971712112426758 16.666528701782227 17.066240310668945 16.55081558227539 16.5248966217041 16.527807235717773 17.1812801361084 
15.577983856201172 15.509568214416504 15.572992324829102 15.63167953491211 15.63366413116455 15.635968208312988 15.854720115661621 15.915583610534668 18.298688888549805 17.222400665283203 15.909343719482422 16.420255661010742 15.841856002807617 15.89139175415039 16.44643211364746 15.628512382507324 
32.640865325927734 16.154464721679688 16.236480712890625 16.557472229003906 16.47974395751953 16.679807662963867 16.71548843383789 16.879392623901367 23.73404884338379 16.544095993041992 16.954912185668945 16.611103057861328 17.118783950805664 16.48134422302246 16.620447158813477 16.412607192993164 
15.858816146850586 15.58460807800293 15.595487594604492 15.533280372619629 15.654751777648926 15.651616096496582 15.853535652160645 15.731904029846191 17.43667221069336 16.33475112915039 15.957856178283691 16.60163116455078 15.955519676208496 16.862239837646484 15.762144088745117 16.277311325073242 
54.584800720214844 16.177759170532227 16.221824645996094 16.205759048461914 16.52684783935547 16.867616653442383 17.05014419555664 125.49987030029297 22.695232391357422 17.47222328186035 17.510143280029297 16.80112075805664 17.70697593688965 16.80860710144043 17.693056106567383 16.993375778198242 
15.705375671386719 15.671711921691895 15.673376083374023 15.960320472717285 15.713536262512207 15.909440040588379 16.02115249633789 16.066911697387695 17.52694320678711 16.41993522644043 16.597183227539062 15.751615524291992 17.07859230041504 15.82528018951416 16.028095245361328 16.083871841430664 
40.46870422363281 16.17407989501953 16.159135818481445 16.16864013671875 16.224639892578125 16.72707176208496 16.7043514251709 113.26976013183594 24.165088653564453 16.568607330322266 17.38915252685547 16.43231964111328 16.555391311645508 16.37603187561035 16.959487915039062 16.533119201660156 
15.873920440673828 15.628416061401367 15.560832023620605 15.650848388671875 15.842240333557129 15.88099193572998 16.032512664794922 15.827872276306152 17.65827178955078 17.314239501953125 16.25324821472168 15.865792274475098 15.890591621398926 16.72537612915039 15.824352264404297 16.967391967773438 
40.91494369506836 16.156288146972656 16.374624252319336 16.235231399536133 16.61743927001953 16.7293758392334 16.718463897705078 123.71564483642578 22.660320281982422 17.35433578491211 16.381759643554688 16.422367095947266 16.42076873779297 17.51919937133789 16.542272567749023 17.484447479248047 
15.628607749938965 15.425888061523438 15.47935962677002 15.949312210083008 16.099199295043945 16.03875160217285 15.887552261352539 15.909407615661621 16.989152908325195 16.559871673583984 15.903424263000488 16.500959396362305 16.04310417175293 16.251136779785156 16.19113540649414 15.998880386352539 
46.268672943115234 16.185983657836914 16.290719985961914 16.299072265625 16.705888748168945 16.542400360107422 16.554624557495117 56.70399856567383 20.727872848510742 17.34048080444336 16.872831344604492 16.82592010498047 17.06972885131836 16.94691276550293 16.7392635345459 17.039583206176758 
15.66592025756836 15.631584167480469 15.782560348510742 15.858912467956543 15.69052791595459 15.67625617980957 15.735103607177734 15.738592147827148 17.95574378967285 16.071744918823242 15.891167640686035 15.641535758972168 16.06060791015625 15.81174373626709 15.774880409240723 16.194015502929688 
55.62579345703125 16.171232223510742 16.174943923950195 16.20204734802246 16.349855422973633 16.408832550048828 16.592575073242188 115.1407699584961 21.06787109375 16.79167938232422 16.85763168334961 17.091840744018555 16.431615829467773 17.617599487304688 16.39347267150879 17.6213436126709 
15.707136154174805 15.396672248840332 15.78003215789795 16.050016403198242 16.23196792602539 16.028799057006836 15.68124771118164 15.836671829223633 18.316959381103516 17.15238380432129 16.136383056640625 16.522335052490234 15.797760009765625 15.81446361541748 16.481184005737305 16.2063045501709 
38.46656036376953 18.021215438842773 18.08198356628418 18.392288208007812 18.43071937561035 18.494783401489258 18.447423934936523 18.718687057495117 25.912992477416992 18.67340850830078 18.656192779541016 18.67737579345703 18.663040161132812 18.65318489074707 18.604799270629883 18.623455047607422 
17.697280883789062 17.313919067382812 17.401248931884766 17.613536834716797 17.9201602935791 17.998048782348633 17.88934326171875 17.78019142150879 20.1059513092041 17.883583068847656 17.617919921875 17.38719940185547 17.62291145324707 17.84771156311035 17.463647842407227 17.382976531982422 
60.371742248535156 18.0231990814209 18.029823303222656 18.651840209960938 19.10419273376465 19.43212890625 18.78883171081543 18.623519897460938 25.574399948120117 18.728960037231445 18.38083267211914 19.36115264892578 18.67945671081543 18.705087661743164 18.651391983032227 18.670944213867188 
17.727584838867188 17.264991760253906 17.185504913330078 17.25833511352539 17.480159759521484 17.54332733154297 17.551040649414062 17.938720703125 19.970815658569336 18.072383880615234 17.695520401000977 17.365440368652344 17.83148765563965 17.77724838256836 17.424896240234375 17.544063568115234 
67.07923126220703 18.00227165222168 18.027328491210938 18.062976837158203 18.722911834716797 18.981887817382812 19.033504486083984 18.849727630615234 22.064735412597656 18.849952697753906 18.60972785949707 18.775680541992188 18.777311325073242 18.838239669799805 18.88604736328125 18.61974334716797 
17.55958366394043 17.159744262695312 17.10963249206543 17.375263214111328 17.40243148803711 17.628896713256836 17.823680877685547 17.88697624206543 20.52694320678711 17.67945671081543 17.765535354614258 17.7093448638916 17.285247802734375 17.868127822875977 17.824607849121094 17.503488540649414 
38.75471878051758 18.011552810668945 18.07651138305664 18.284799575805664 18.31987190246582 18.32137680053711 18.475040435791016 52.2441291809082 25.988544464111328 18.518016815185547 19.022783279418945 19.12668800354004 18.540639877319336 18.963775634765625 18.955392837524414 18.83251190185547 
17.605119705200195 17.283039093017578 17.284351348876953 17.313888549804688 17.53548812866211 17.308992385864258 17.37603187561035 17.52012825012207 19.401023864746094 17.671424865722656 17.45039939880371 18.075199127197266 17.603904724121094 17.422304153442383 17.481311798095703 17.599775314331055 
65.60015869140625 18.05913543701172 18.03228759765625 18.116191864013672 18.271392822265625 18.42848014831543 18.45075225830078 18.53273582458496 23.448320388793945 19.4300479888916 18.53286361694336 18.7840633392334 18.582592010498047 18.67305564880371 18.791296005249023 18.824447631835938 
17.97292709350586 17.38492774963379 17.581119537353516 17.748544692993164 17.711488723754883 17.699424743652344 17.534656524658203 17.428735733032227 20.42630386352539 17.606592178344727 17.69536018371582 17.389856338500977 17.33670425415039 18.112224578857422 17.664608001708984 17.845727920532227 
57.19731140136719 18.019807815551758 18.406143188476562 18.6026554107666 18.5314884185791 18.704448699951172 18.63692855834961 18.63702392578125 23.890304565429688 19.365375518798828 18.753408432006836 18.865087509155273 18.711423873901367 18.57891273498535 18.683679580688477 18.607072830200195 
17.54105567932129 17.15996742248535 17.135360717773438 17.26201629638672 17.196128845214844 17.16080093383789 17.474016189575195 17.82476806640625 20.538719177246094 18.264768600463867 18.579200744628906 17.70832061767578 17.407360076904297 18.205055236816406 17.797792434692383 17.526559829711914 
66.02281951904297 18.02124786376953 18.063199996948242 18.033920288085938 18.34726333618164 18.443456649780273 18.73526382446289 18.764095306396484 24.835935592651367 18.674720764160156 18.832447052001953 18.69468879699707 19.216960906982422 18.691360473632812 18.81737518310547 18.68886375427246 
17.597055435180664 17.240671157836914 17.197887420654297 17.167871475219727 17.19411277770996 17.49795150756836 17.551103591918945 17.761503219604492 20.020063400268555 18.870271682739258 17.667936325073242 17.352672576904297 17.994016647338867 17.609312057495117 17.844383239746094 17.776832580566406 
54.15760040283203 18.022720336914062 18.0133113861084 18.12268829345703 18.0850887298584 18.720319747924805 18.611328125 18.67731285095215 23.544479370117188 18.609535217285156 18.625600814819336 18.61212730407715 19.04911994934082 18.884511947631836 18.6231689453125 18.6276798248291 
17.89187240600586 17.223840713500977 17.48873519897461 17.523487091064453 17.852191925048828 17.976608276367188 17.847776412963867 17.62188720703125 19.9267520904541 18.099647521972656 17.49523162841797 17.406688690185547 17.401439666748047 17.70252799987793 17.36467170715332 17.80396842956543 
61.38966369628906 18.00726318359375 18.244863510131836 18.582815170288086 18.49456024169922 18.54934310913086 18.50876808166504 18.44633674621582 24.580928802490234 18.553695678710938 18.708480834960938 18.56220817565918 19.562623977661133 18.5166072845459 18.625024795532227 18.50873565673828 
17.43440055847168 17.156511306762695 17.416095733642578 17.47974395751953 17.89036750793457 17.918848037719727 17.678911209106445 17.470592498779297 19.98137664794922 18.070880889892578 17.50579261779785 17.417760848999023 17.476831436157227 17.66111946105957 17.674943923950195 17.805055618286133 
46.81843185424805 18.07232093811035 17.9768009185791 18.121183395385742 18.358943939208984 18.757152557373047 18.86249542236328 18.9531192779541 25.993024826049805 19.159008026123047 18.563295364379883 18.746944427490234 19.030527114868164 18.70159912109375 18.875167846679688 18.798688888549805 
17.95337677001953 17.40982437133789 17.485279083251953 17.457120895385742 17.347583770751953 17.359264373779297 17.66873550415039 17.68921661376953 20.394847869873047 17.505504608154297 17.477567672729492 17.461408615112305 17.396223068237305 18.164255142211914 17.654783248901367 17.71308708190918 
82.47577667236328 29.37366485595703 30.805856704711914 30.648319244384766 30.9005126953125 30.968223571777344 30.830303192138672 30.894880294799805 39.93753433227539 29.850080490112305 30.743040084838867 31.374624252319336 29.85590362548828 31.426176071166992 31.10246467590332 31.032575607299805 
51.2097282409668 29.981088638305664 29.940000534057617 30.81395149230957 30.659168243408203 30.812992095947266 30.60063934326172 30.71798324584961 39.3713264465332 30.661792755126953 31.22902488708496 30.219999313354492 30.298208236694336 31.000864028930664 30.38934326171875 30.273151397705078 
50.21430587768555 30.058687210083008 30.312255859375 31.15657615661621 30.99001693725586 30.72332763671875 30.226655960083008 29.944543838500977 39.9771842956543 30.578655242919922 31.129472732543945 29.914655685424805 30.81808090209961 31.233951568603516 30.71392059326172 30.052480697631836 
54.246910095214844 30.11520004272461 30.04854393005371 30.902496337890625 30.401248931884766 31.096960067749023 30.531583786010742 30.678848266601562 39.53830337524414 30.349088668823242 29.779552459716797 30.725919723510742 30.33456039428711 29.666719436645508 31.20732879638672 30.368255615234375 
53.26713562011719 30.505664825439453 30.479103088378906 31.25663948059082 31.514080047607422 30.73535919189453 30.365856170654297 30.34499168395996 38.72431945800781 30.77743911743164 29.80828857421875 31.055328369140625 33.059776306152344 32.64780807495117 30.479679107666016 30.53603172302246 
48.4021110534668 30.230560302734375 30.363967895507812 30.10425567626953 31.157024383544922 31.28780746459961 30.437599182128906 30.798080444335938 39.46227264404297 29.84067153930664 30.64531135559082 31.207744598388672 31.642208099365234 29.762144088745117 30.803071975708008 31.909984588623047 
50.18345642089844 30.493152618408203 30.348703384399414 31.07321548461914 31.290496826171875 30.96134376525879 30.366464614868164 30.20863914489746 34.71686553955078 30.700992584228516 29.77782440185547 30.77382469177246 30.9685115814209 29.797151565551758 31.027008056640625 31.168607711791992 
54.257022857666016 29.778879165649414 29.587871551513672 29.79043197631836 30.542240142822266 31.086336135864258 30.771615982055664 31.016223907470703 39.07743835449219 30.854656219482422 31.30508804321289 31.233503341674805 30.634944915771484 30.337600708007812 31.214624404907227 31.199552536010742 
49.157535552978516 30.415935516357422 30.497407913208008 30.46886444091797 30.69183921813965 31.41632080078125 30.5664005279541 31.91152000427246 39.182369232177734 31.075103759765625 30.064960479736328 30.39027214050293 30.912479400634766 29.900480270385742 30.6760311126709 30.992671966552734 
57.428382873535156 29.783071517944336 29.983903884887695 31.404064178466797 30.84105682373047 30.84332847595215 29.985824584960938 30.360031127929688 37.287872314453125 31.1942081451416 30.748992919921875 30.546688079833984 31.18409538269043 30.778303146362305 30.04844856262207 31.173791885375977 
40.416961669921875 25.880224227905273 25.983200073242188 26.377248764038086 26.52627182006836 26.538816452026367 26.463232040405273 137.70640563964844 31.728832244873047 25.94220733642578 25.97702407836914 26.068639755249023 26.203264236450195 26.775104522705078 25.973600387573242 26.105823516845703 
22.245248794555664 21.995935440063477 22.191551208496094 22.532447814941406 22.62112045288086 22.30713653564453 22.17532730102539 22.707231521606445 25.499679565429688 22.4768009185791 22.62246322631836 22.333663940429688 22.377567291259766 22.43984031677246 22.49225616455078 22.606239318847656 
63.29715347290039 25.557567596435547 27.26108741760254 27.032575607299805 26.952991485595703 26.925504684448242 43.09785461425781 83.69590759277344 33.264225006103516 26.010112762451172 26.50169563293457 25.92291259765625 26.12940788269043 26.302143096923828 26.610719680786133 26.0283203125 
22.334239959716797 22.03443145751953 22.454015731811523 22.4454402923584 22.60576057434082 22.51308822631836 22.31760025024414 22.35638427734375 26.39913558959961 22.323040008544922 22.493087768554688 22.376256942749023 22.54844856262207 22.596256256103516 22.487071990966797 22.46892738342285 
70.63667297363281 25.495744705200195 25.551776885986328 26.177888870239258 26.377056121826172 26.67545509338379 41.310142517089844 33.06355285644531 32.32255935668945 25.740575790405273 26.368959426879883 26.01103973388672 26.876800537109375 26.306560516357422 26.419391632080078 26.02774429321289 
22.239328384399414 22.2193603515625 22.392288208007812 22.532703399658203 22.677120208740234 22.309152603149414 22.46428871154785 22.47203254699707 26.593503952026367 22.323680877685547 22.933088302612305 22.2873592376709 22.556255340576172 22.9803524017334 22.558879852294922 22.464128494262695 
58.110145568847656 25.54128074645996 25.60531234741211 26.101408004760742 26.678207397460938 26.21660804748535 26.44633674621582 26.762527465820312 31.01852798461914 25.82828712463379 25.96303939819336 26.09040069580078 26.660831451416016 25.810848236083984 26.000288009643555 26.4085750579834 
22.425983428955078 21.87504005432129 21.949792861938477 21.9781436920166 21.97430419921875 23.063840866088867 23.250368118286133 22.99772834777832 25.258047103881836 22.43177604675293 22.683135986328125 22.347455978393555 22.457984924316406 22.483200073242188 22.8439998626709 22.438335418701172 
67.27247619628906 25.45417594909668 25.69865608215332 26.539199829101562 26.650047302246094 26.29689598083496 32.954078674316406 82.5249252319336 30.731647491455078 26.134815216064453 26.31612777709961 25.788127899169922 25.910015106201172 26.085023880004883 26.17043113708496 26.745311737060547 
22.27382469177246 21.868959426879883 22.216447830200195 22.9366397857666 23.154783248901367 22.955839157104492 22.681760787963867 22.316287994384766 26.141536712646484 22.2989444732666 22.75391960144043 22.504192352294922 22.592384338378906 22.4770565032959 22.584352493286133 22.492351531982422 
73.79747009277344 25.629568099975586 26.38163185119629 26.62816047668457 26.523584365844727 26.74185562133789 39.61043167114258 26.15884780883789 31.007936477661133 26.011072158813477 27.074880599975586 26.140575408935547 26.194656372070312 26.20400047302246 26.145856857299805 26.163583755493164 
22.358848571777344 21.83452796936035 21.822208404541016 22.505216598510742 22.998655319213867 22.87171173095703 22.877887725830078 22.711328506469727 25.299455642700195 22.366880416870117 22.74140739440918 22.52239990234375 22.329824447631836 22.461759567260742 22.619136810302734 22.27849578857422 
66.4626235961914 25.7509765625 26.079999923706055 26.165119171142578 26.06038475036621 26.216575622558594 45.532318115234375 25.707775115966797 32.67923355102539 26.029600143432617 26.086687088012695 27.619775772094727 26.16739273071289 26.1976318359375 26.455904006958008 25.982208251953125 
22.10371208190918 21.84102439880371 22.326080322265625 22.934816360473633 22.767391204833984 22.55014419555664 22.382688522338867 22.284704208374023 26.088863372802734 22.50057601928711 22.928287506103516 22.52364730834961 22.050432205200195 22.56377601623535 22.38355255126953 22.506528854370117 
68.5672607421875 25.48076820373535 25.555679321289062 26.103328704833984 26.779327392578125 26.36604881286621 43.73062515258789 31.67296028137207 32.821983337402344 25.930368423461914 26.520095825195312 26.101280212402344 26.67046356201172 26.029600143432617 26.089887619018555 25.882976531982422 
22.267200469970703 21.839263916015625 22.449344635009766 22.427520751953125 22.2259521484375 22.087167739868164 22.1760311126709 22.31865692138672 25.754592895507812 22.29827117919922 22.33500862121582 22.74995231628418 22.285791397094727 22.7640323638916 22.32316780090332 22.79747200012207 
72.74687957763672 25.518400192260742 26.4816951751709 26.908287048339844 26.5281925201416 26.58844757080078 27.051488876342773 26.4333438873291 31.30076789855957 26.02979278564453 26.378719329833984 26.040767669677734 25.88003158569336 26.106048583984375 26.619647979736328 26.02137565612793 
22.313343048095703 22.166175842285156 22.51750373840332 22.8275203704834 22.810016632080078 22.674623489379883 22.47804832458496 22.308992385864258 25.506271362304688 22.313152313232422 22.5914249420166 22.678176879882812 22.470304489135742 23.10201644897461 22.582368850708008 22.465120315551758 
67.41756439208984 25.49190330505371 25.826208114624023 26.128320693969727 26.097471237182617 26.348064422607422 47.40825653076172 25.8450870513916 32.26704025268555 26.18716812133789 26.194400787353516 26.208511352539062 26.195039749145508 26.194368362426758 26.224544525146484 25.996864318847656 
22.292896270751953 21.97350311279297 22.271455764770508 22.700576782226562 22.660831451416016 22.54230308532715 22.269855499267578 22.292192459106445 25.413856506347656 22.347776412963867 22.388639450073242 22.473567962646484 22.3602237701416 22.486303329467773 22.332256317138672 22.53932762145996 
38.52656173706055 16.898048400878906 16.84048080444336 16.967327117919922 16.934783935546875 17.007232666015625 17.360960006713867 76.2363510131836 23.66966438293457 18.19683265686035 17.338367462158203 17.510143280029297 17.101247787475586 17.25712013244629 17.67251205444336 17.389280319213867 
16.32761573791504 15.912960052490234 15.928064346313477 16.32512092590332 16.483104705810547 16.375263214111328 16.173023223876953 16.297536849975586 19.781471252441406 17.370208740234375 16.568096160888672 16.87116813659668 16.787616729736328 16.83126449584961 16.553632736206055 17.23084831237793 
88.72284698486328 16.64156723022461 16.645599365234375 16.656160354614258 16.811744689941406 16.9036808013916 17.479488372802734 17.432512283325195 20.78771209716797 17.80512046813965 17.417728424072266 17.397184371948242 17.35353660583496 17.328960418701172 18.157024383544922 17.26585578918457 
16.359424591064453 15.937088012695312 16.0435848236084 16.329727172851562 16.560352325439453 16.317535400390625 16.27529525756836 16.50111961364746 18.704832077026367 17.56991958618164 16.317920684814453 16.703935623168945 16.92348861694336 16.77097511291504 17.012224197387695 16.541311264038086 
60.307838439941406 16.648799896240234 16.662656784057617 16.67807960510254 16.714111328125 17.025440216064453 17.049375534057617 17.056352615356445 21.893184661865234 17.31065559387207 17.626367568969727 17.459327697753906 16.938528060913086 17.601247787475586 17.43734359741211 17.402271270751953 
17.122207641601562 16.172992706298828 16.109695434570312 16.047103881835938 16.020416259765625 16.276351928710938 16.36591911315918 16.54092788696289 18.361663818359375 16.84662437438965 16.38751983642578 16.19388771057129 16.12451171875 16.65648078918457 16.54854393005371 16.72153663635254 
71.3022689819336 16.671552658081055 16.747392654418945 16.724096298217773 16.781503677368164 16.84636878967285 16.927040100097656 17.21664047241211 21.403104782104492 17.941951751708984 17.34623908996582 17.253759384155273 17.370527267456055 16.974367141723633 18.788864135742188 17.44268798828125 
17.209247589111328 15.964672088623047 16.051040649414062 16.2840633392334 16.397375106811523 16.39459228515625 16.16192054748535 16.228927612304688 18.689760208129883 17.092479705810547 16.214719772338867 16.186656951904297 16.834592819213867 16.642688751220703 16.4150390625 16.57548713684082 
79.70211029052734 16.645824432373047 16.66979217529297 16.656160354614258 16.792800903320312 17.19468879699707 17.106399536132812 16.90822410583496 21.82009506225586 17.065664291381836 17.505760192871094 17.3624324798584 17.059968948364258 17.94246482849121 17.33568000793457 17.398752212524414 
16.985984802246094 16.327360153198242 16.345407485961914 16.095840454101562 16.05638313293457 16.095808029174805 16.092863082885742 16.71625518798828 18.76848030090332 16.606943130493164 17.081600189208984 16.856191635131836 16.809024810791016 16.27084732055664 16.293567657470703 15.996159553527832 
88.1114273071289 16.66646385192871 16.692319869995117 16.914527893066406 17.045536041259766 17.361024856567383 17.245983123779297 135.06985473632812 22.1760311126709 17.822879791259766 17.013280868530273 18.112831115722656 17.403135299682617 17.71664047241211 16.919071197509766 16.988927841186523 
16.769920349121094 16.106687545776367 16.066207885742188 16.264415740966797 16.071680068969727 16.057727813720703 16.187040328979492 16.46691131591797 18.743263244628906 17.250112533569336 16.68547248840332 16.66966438293457 16.242271423339844 16.341760635375977 17.328224182128906 16.49990463256836 
78.65055847167969 16.63814353942871 16.645824432373047 16.67136001586914 16.736223220825195 17.03276824951172 17.037887573242188 17.07980728149414 21.398591995239258 17.28563117980957 17.827295303344727 17.188159942626953 17.683744430541992 17.885568618774414 17.36467170715332 17.198911666870117 
16.439424514770508 16.06598472595215 16.1231689453125 16.095008850097656 16.133056640625 16.10870361328125 16.61907196044922 16.61212730407715 19.744415283203125 17.09075164794922 16.891616821289062 16.805055618286133 16.962783813476562 16.542015075683594 16.52720069885254 16.646047592163086 
80.75801849365234 16.640127182006836 16.665056228637695 16.760639190673828 17.157695770263672 17.217376708984375 17.178752899169922 17.039072036743164 22.79190444946289 18.119712829589844 17.49407958984375 17.470111846923828 18.15500831604004 17.72876739501953 16.89836883544922 18.190528869628906 
16.707839965820312 16.056543350219727 16.005664825439453 16.279296875 16.48044776916504 16.676000595092773 16.53811264038086 16.336576461791992 18.192895889282227 17.454879760742188 16.366432189941406 16.16441535949707 16.066944122314453 16.82067108154297 16.93552017211914 16.70627212524414 
81.80191802978516 16.648895263671875 16.657983779907227 16.680959701538086 16.735488891601562 17.171295166015625 17.10918426513672 16.92313575744629 21.34217643737793 17.227840423583984 18.168319702148438 17.336320877075195 17.774112701416016 17.78348731994629 17.164575576782227 18.13609504699707 
16.56243133544922 16.045312881469727 16.04572868347168 16.065759658813477 16.064863204956055 16.57516860961914 16.522079467773438 16.42336082458496 19.918880462646484 16.721088409423828 16.559551239013672 16.951648712158203 16.651840209960938 17.058752059936523 16.56208038330078 17.08768081665039 
80.23939514160156 16.60905647277832 16.81839942932129 16.836448669433594 17.1779842376709 17.166656494140625 17.178112030029297 16.949216842651367 21.91971206665039 17.532703399658203 17.060575485229492 17.43462371826172 17.363487243652344 17.384384155273438 17.27084732055664 16.882944107055664 
17.357696533203125 16.350303649902344 16.267135620117188 16.12233543395996 16.08153533935547 16.342239379882812 16.447040557861328 16.676607131958008 18.805408477783203 17.224096298217773 16.606592178344727 16.360416412353516 16.173952102661133 17.475391387939453 16.426912307739258 17.033056259155273 
110.33599853515625 37.39129638671875 38.47840118408203 38.31043243408203 37.6602897644043 37.579872131347656 37.100894927978516 37.45849609375 47.14726257324219 36.67158508300781 37.313438415527344 37.31923294067383 37.11360168457031 38.1253776550293 37.97004699707031 37.06108856201172 
76.70947265625 36.407711029052734 37.03129577636719 37.01331329345703 38.93366241455078 38.7501106262207 38.60067367553711 37.7718391418457 52.16249465942383 36.41273498535156 37.41609573364258 36.69305419921875 36.680030822753906 37.212032318115234 36.5398063659668 36.93510437011719 
73.53020477294922 36.19443130493164 37.51388931274414 37.3936653137207 38.3370246887207 38.38825607299805 38.57487869262695 38.02921676635742 43.68000030517578 36.36662292480469 36.31990432739258 36.670143127441406 37.04572677612305 36.62879943847656 36.65187072753906 38.94883346557617 
74.26143646240234 36.132511138916016 36.291168212890625 37.50691223144531 38.3076171875 38.299808502197266 38.25484848022461 38.01884841918945 44.51023864746094 36.81193542480469 37.10758590698242 36.96662521362305 37.794593811035156 36.898529052734375 36.56902313232422 36.91177749633789 
87.13516998291016 36.04646301269531 36.065025329589844 38.64393615722656 38.367103576660156 37.90332794189453 38.26047897338867 38.1473274230957 44.08659362792969 36.66313552856445 37.21388626098633 36.92723083496094 36.778465270996094 36.67884826660156 36.95481491088867 36.94464111328125 
68.36093139648438 37.31513595581055 36.67609786987305 38.14982223510742 38.02422332763672 37.28636932373047 37.224639892578125 37.94550323486328 44.82896041870117 36.63679885864258 36.34502410888672 36.41721725463867 37.095489501953125 36.41001510620117 36.81126403808594 37.34668731689453 
73.53791809082031 36.657344818115234 37.9694709777832 38.94812774658203 38.43231964111328 37.856353759765625 37.423648834228516 37.957279205322266 46.188961029052734 37.12451171875 36.95289611816406 37.58345413208008 37.80006408691406 36.91126251220703 37.6409912109375 37.271263122558594 
71.6712646484375 36.08476638793945 37.7592658996582 38.06953430175781 38.051326751708984 37.61161422729492 36.940608978271484 38.834686279296875 45.93756866455078 36.43164825439453 36.33491134643555 37.410240173339844 36.46819305419922 37.82649612426758 37.104766845703125 36.771968841552734 
92.4719009399414 36.13347244262695 36.94870376586914 37.80495834350586 38.296897888183594 37.29500961303711 36.944480895996094 36.68755340576172 44.044254302978516 36.94784164428711 36.92844772338867 37.003326416015625 36.76688003540039 36.70000076293945 37.43056106567383 37.06422424316406 
81.83257293701172 36.323360443115234 38.01155090332031 37.22633743286133 37.67350387573242 38.82169723510742 37.65631866455078 36.95177459716797 43.87385559082031 36.47126388549805 36.59977722167969 36.54790496826172 38.062015533447266 36.43065643310547 36.23990249633789 36.648353576660156 
45.63606262207031 19.806528091430664 19.564512252807617 19.4815673828125 19.540544509887695 19.637056350708008 19.66035270690918 19.968000411987305 24.011871337890625 20.2840633392334 20.111103057861328 20.233983993530273 20.30134391784668 20.021535873413086 20.322975158691406 20.125856399536133 
21.689311981201172 21.630399703979492 21.94723129272461 22.069631576538086 22.034303665161133 21.905887603759766 21.89619255065918 21.957632064819336 26.19353675842285 24.97996711730957 21.922208786010742 21.786815643310547 22.01468849182129 22.70672035217285 21.834623336791992 22.343584060668945 
73.14662170410156 19.49456024169922 19.543136596679688 19.57494354248047 20.015487670898438 20.005056381225586 20.000255584716797 20.040063858032227 26.239839553833008 20.222335815429688 20.070079803466797 19.936128616333008 20.302303314208984 20.033119201660156 19.772640228271484 19.983104705810547 
22.009471893310547 21.51024055480957 21.43222427368164 21.748607635498047 21.836448669433594 21.940128326416016 21.898656845092773 22.328128814697266 25.984895706176758 22.1495361328125 22.015520095825195 22.258527755737305 22.097375869750977 21.73971176147461 22.022432327270508 22.28531265258789 
60.528350830078125 19.49216079711914 19.538143157958984 19.740224838256836 19.974271774291992 20.134784698486328 20.407936096191406 20.35126495361328 25.763200759887695 20.19254493713379 20.141408920288086 20.323776245117188 20.15603256225586 20.102943420410156 20.09926414489746 20.05571174621582 
21.72127914428711 21.70412826538086 22.220096588134766 22.271135330200195 21.9432315826416 21.778688430786133 21.6844482421875 21.81772804260254 25.021728515625 22.13929557800293 21.66396713256836 22.15363121032715 22.67673683166504 22.195711135864258 21.79929542541504 22.259904861450195 
77.31999969482422 19.513504028320312 19.496448516845703 19.759775161743164 19.793312072753906 19.84102439880371 19.838783264160156 20.02617645263672 23.23174476623535 20.495487213134766 19.986528396606445 19.757919311523438 20.43427276611328 20.084224700927734 20.074623107910156 20.252256393432617 
21.877504348754883 21.59324836730957 21.530048370361328 21.79782485961914 21.867807388305664 21.935680389404297 22.480512619018555 22.834304809570312 25.021984100341797 21.797344207763672 22.028032302856445 21.962848663330078 22.058368682861328 22.01740837097168 21.845407485961914 22.45372772216797 
66.84457397460938 19.50275230407715 19.53481674194336 19.680479049682617 19.80284881591797 19.84659194946289 19.91935920715332 20.091360092163086 25.32099151611328 19.962751388549805 19.7774715423584 20.199039459228516 20.175424575805664 20.277503967285156 20.093055725097656 20.090112686157227 
21.818208694458008 22.196224212646484 22.435775756835938 22.418336868286133 22.3756160736084 22.076831817626953 21.79193687438965 21.841663360595703 25.638879776000977 21.951263427734375 21.82784080505371 22.26700782775879 21.838687896728516 21.87936019897461 21.80076789855957 22.512287139892578 
73.10492706298828 19.496288299560547 19.562271118164062 20.001951217651367 20.205791473388672 20.360960006713867 20.420703887939453 20.38697624206543 25.053247451782227 21.08403205871582 20.48271942138672 20.242719650268555 20.19817543029785 20.15068817138672 20.32137680053711 20.027328491210938 
21.833215713500977 21.6845760345459 21.98636817932129 21.92732810974121 21.873760223388672 21.856224060058594 21.79631996154785 22.007583618164062 24.979455947875977 22.156991958618164 21.64236831665039 21.704927444458008 22.16217613220215 22.183839797973633 21.623104095458984 22.136608123779297 
73.90729522705078 19.49852752685547 19.795040130615234 20.09868812561035 20.120447158813477 20.202335357666016 20.49977684020996 20.590240478515625 25.891359329223633 20.105472564697266 20.480640411376953 20.066015243530273 20.08940887451172 20.224992752075195 20.019487380981445 20.072704315185547 
21.665151596069336 21.495967864990234 21.5600643157959 21.668224334716797 21.859392166137695 21.833023071289062 21.90947151184082 22.788127899169922 25.261247634887695 27.267200469970703 22.039167404174805 21.8918399810791 22.266496658325195 22.374975204467773 21.773311614990234 22.476831436157227 
68.93878173828125 19.49020767211914 19.51750373840332 19.695423126220703 19.6790714263916 19.882047653198242 19.8255672454834 20.082847595214844 23.774240493774414 20.079551696777344 19.98886489868164 20.72547149658203 20.09164810180664 19.741567611694336 20.24127960205078 20.186016082763672 
21.778175354003906 21.71321678161621 21.906335830688477 21.698688507080078 21.80531120300293 21.802303314208984 21.789695739746094 21.888511657714844 25.303936004638672 21.90902328491211 21.739744186401367 22.11952018737793 22.626815795898438 21.852384567260742 23.028064727783203 22.22345542907715 
82.54544067382812 19.456832885742188 19.534048080444336 20.059423446655273 20.83091163635254 21.10825538635254 20.567487716674805 20.46156883239746 25.729536056518555 20.25574493408203 19.946048736572266 20.056032180786133 20.214208602905273 20.15020751953125 20.124448776245117 20.3536319732666 
22.007200241088867 21.55695915222168 21.639135360717773 21.73459243774414 21.9105281829834 21.973087310791016 22.232479095458984 22.402591705322266 25.553823471069336 22.334720611572266 21.958816528320312 21.989599227905273 22.406240463256836 21.839263916015625 22.087520599365234 22.084096908569336 
65.79363250732422 19.47475242614746 19.806943893432617 20.330175399780273 20.272512435913086 20.526432037353516 20.515424728393555 20.504575729370117 20.931520462036133 20.1495361328125 20.17990493774414 20.312671661376953 19.953920364379883 20.09187126159668 20.633407592773438 20.044992446899414 
22.053247451782227 21.592479705810547 21.718496322631836 21.767168045043945 22.298208236694336 22.57427215576172 22.5164794921875 22.18035125732422 25.327808380126953 21.89574432373047 21.986879348754883 21.978559494018555 23.057695388793945 21.673728942871094 22.902175903320312 22.4168643951416 
96.69401550292969 23.60972785949707 23.877023696899414 24.878591537475586 25.25289535522461 24.776063919067383 24.38924789428711 24.6362247467041 31.28144073486328 24.715167999267578 24.726240158081055 24.799936294555664 24.866111755371094 24.54470443725586 24.389663696289062 25.52992057800293 
20.630815505981445 20.147808074951172 20.40412712097168 20.60985565185547 20.79203224182129 21.16057586669922 21.2227840423584 21.178176879882812 24.7620792388916 20.892255783081055 20.959423065185547 20.694528579711914 20.769920349121094 21.0479679107666 21.518463134765625 20.88684844970703 
55.371009826660156 23.730815887451172 24.273408889770508 24.563167572021484 24.319551467895508 24.201120376586914 25.17807960510254 25.11667251586914 29.2159366607666 24.61510467529297 24.87139129638672 24.592384338378906 24.539840698242188 24.5513916015625 24.48758316040039 25.017696380615234 
20.775840759277344 20.227039337158203 20.777183532714844 20.822111129760742 20.710176467895508 20.66067123413086 20.670879364013672 20.818815231323242 25.263999938964844 20.77654457092285 20.678783416748047 20.533920288085938 20.638368606567383 20.932575225830078 21.022111892700195 21.70070457458496 
55.4600944519043 23.627424240112305 24.870527267456055 25.052703857421875 24.30944061279297 24.054304122924805 24.0828800201416 44.65193557739258 29.72163200378418 24.302335739135742 25.08777618408203 24.50444793701172 24.142688751220703 24.162208557128906 24.38595199584961 24.6146240234375 
21.241024017333984 20.213056564331055 20.478431701660156 20.495168685913086 20.448448181152344 20.71491241455078 20.5199031829834 20.463199615478516 25.14339256286621 20.635040283203125 20.64908790588379 20.757951736450195 21.38742446899414 22.924448013305664 20.502399444580078 20.678272247314453 
51.285953521728516 23.55824089050293 23.997407913208008 24.425024032592773 24.30486488342285 24.45369529724121 24.05219268798828 24.153215408325195 28.289888381958008 24.08255958557129 24.683616638183594 24.623743057250977 24.571775436401367 24.72902488708496 24.792224884033203 24.831071853637695 
20.34649658203125 20.01923179626465 20.86729621887207 21.194303512573242 21.309215545654297 21.195072174072266 21.134559631347656 20.96384048461914 24.9267520904541 21.20275115966797 21.04547119140625 21.245887756347656 20.723360061645508 20.83510398864746 20.587743759155273 20.152544021606445 
47.018272399902344 23.665536880493164 24.425119400024414 24.439008712768555 24.216032028198242 24.77020835876465 24.655136108398438 24.39801597595215 31.12601661682129 24.353471755981445 25.245311737060547 24.707744598388672 24.65132713317871 24.623199462890625 24.429855346679688 24.681760787963867 
20.5928955078125 20.065536499023438 20.854848861694336 21.116512298583984 21.15433692932129 21.07257652282715 21.056991577148438 21.061952590942383 25.316991806030273 20.693727493286133 20.857023239135742 21.18172836303711 21.661344528198242 20.80851173400879 20.284032821655273 20.815584182739258 
51.21567916870117 23.603168487548828 24.009952545166016 24.660383224487305 24.846847534179688 24.834016799926758 43.98067092895508 87.45635223388672 29.46188735961914 24.57529640197754 24.263904571533203 24.487104415893555 24.311840057373047 24.088735580444336 24.035615921020508 24.291744232177734 
20.532512664794922 20.243295669555664 20.462175369262695 20.684255599975586 20.65203285217285 20.49488067626953 20.4552001953125 20.440383911132812 22.308095932006836 21.1312313079834 21.15158462524414 20.925952911376953 21.124191284179688 20.810943603515625 20.848928451538086 20.56403160095215 
53.327999114990234 23.666656494140625 24.2392635345459 24.5230712890625 24.613792419433594 24.41472053527832 24.079744338989258 24.649311065673828 28.34435272216797 24.253087997436523 23.891359329223633 24.725984573364258 24.83558464050293 24.553632736206055 24.323200225830078 24.285600662231445 
21.35113525390625 20.028383255004883 20.02195167541504 20.260128021240234 20.26131248474121 20.346752166748047 20.449472427368164 20.60643196105957 24.507295608520508 20.807327270507812 20.80851173400879 20.71855926513672 20.57027244567871 20.819360733032227 21.209951400756836 21.232160568237305 
52.260894775390625 23.666624069213867 24.12620735168457 24.407360076904297 24.974912643432617 24.926271438598633 24.357952117919922 34.4780158996582 28.45827293395996 24.323551177978516 24.50828742980957 24.490463256835938 24.238975524902344 24.100671768188477 24.766143798828125 24.1125431060791 
20.57811164855957 20.145280838012695 20.642623901367188 20.61520004272461 20.634368896484375 20.380128860473633 20.295167922973633 20.1845760345459 24.877119064331055 20.77244758605957 20.836063385009766 20.548736572265625 20.203359603881836 20.54857635498047 21.131200790405273 21.334688186645508 
53.336448669433594 23.62406349182129 24.023168563842773 24.97590446472168 24.711711883544922 24.085311889648438 24.097824096679688 24.686527252197266 30.47920036315918 24.527584075927734 24.931743621826172 24.980575561523438 24.305343627929688 24.1409912109375 24.347808837890625 24.003807067871094 
20.752639770507812 20.225183486938477 20.254976272583008 20.529184341430664 20.548799514770508 20.346559524536133 20.380767822265625 20.27631950378418 24.566848754882812 20.828447341918945 22.021440505981445 20.479936599731445 20.733503341674805 20.765024185180664 21.154048919677734 20.979103088378906 
44.9521598815918 23.579519271850586 24.25606346130371 24.85980796813965 24.932416915893555 24.397247314453125 47.97830581665039 84.52861022949219 27.735904693603516 24.413536071777344 24.783872604370117 24.664255142211914 24.658687591552734 24.358367919921875 24.431455612182617 24.563135147094727 
20.355424880981445 19.97715187072754 20.035232543945312 20.17401695251465 20.250591278076172 20.473791122436523 20.441312789916992 20.509567260742188 25.087520599365234 20.76473617553711 20.762624740600586 20.567712783813477 20.574016571044922 20.858943939208984 21.209856033325195 21.90768051147461 
48.22819137573242 20.26265525817871 20.63382339477539 21.09609603881836 20.974336624145508 20.50934410095215 20.5784969329834 20.79167938232422 24.40880012512207 20.901920318603516 20.72060775756836 21.083616256713867 20.932479858398438 20.56787109375 21.205568313598633 21.114336013793945 
20.370880126953125 20.08451271057129 20.370304107666016 20.477088928222656 20.823104858398438 20.913440704345703 20.933120727539062 20.989376068115234 23.0996150970459 20.43667221069336 20.43667221069336 20.846080780029297 20.224960327148438 20.60348892211914 20.334592819213867 20.305952072143555 
50.43500900268555 20.359264373779297 20.921855926513672 21.0251522064209 21.034944534301758 21.41312026977539 21.420352935791016 21.137407302856445 25.141183853149414 20.96009635925293 20.904991149902344 21.141376495361328 21.029216766357422 20.970176696777344 20.84160041809082 20.73196792602539 
20.231712341308594 19.951936721801758 20.286367416381836 20.491104125976562 20.727455139160156 20.778175354003906 20.708223342895508 20.5097599029541 22.298912048339844 20.29689598083496 20.289440155029297 20.451072692871094 20.3022403717041 20.680416107177734 21.192607879638672 20.220863342285156 
74.4768295288086 20.540992736816406 21.004831314086914 20.659648895263672 20.781024932861328 21.14543914794922 21.021215438842773 20.972320556640625 25.94144058227539 21.26348876953125 21.136512756347656 20.95756721496582 21.14463996887207 21.089567184448242 20.97292709350586 20.94927978515625 
21.03228759765625 20.247455596923828 20.385887145996094 20.401472091674805 20.43891143798828 20.47772789001465 20.44927978515625 20.325759887695312 22.53068733215332 20.660736083984375 20.362815856933594 20.254175186157227 20.526975631713867 20.520896911621094 20.819040298461914 20.315391540527344 
65.26166534423828 20.479839324951172 21.876127243041992 20.685344696044922 20.85433578491211 21.248191833496094 21.07200050354004 21.164384841918945 24.342784881591797 20.832351684570312 21.101919174194336 21.150432586669922 20.949951171875 20.933727264404297 21.048255920410156 21.014015197753906 
20.342880249023438 20.163904190063477 20.506175994873047 20.86911964416504 20.94419288635254 20.88153648376465 20.821247100830078 20.73103904724121 22.612735748291016 20.33113670349121 20.799232482910156 21.784543991088867 20.20467185974121 20.26630401611328 20.463071823120117 20.399839401245117 
66.304931640625 20.452255249023438 21.9085750579834 20.58665657043457 20.62985610961914 20.691743850708008 21.052640914916992 21.041568756103516 20.85590362548828 20.954015731811523 21.053375244140625 21.606752395629883 20.906463623046875 21.10985565185547 22.237503051757812 20.977760314941406 
20.179487228393555 20.113983154296875 20.3721923828125 20.391551971435547 20.352352142333984 20.347904205322266 20.368608474731445 20.388959884643555 23.219295501708984 20.48761558532715 20.22889518737793 20.53500747680664 20.584800720214844 20.691072463989258 20.474464416503906 20.129440307617188 
66.29612731933594 20.513887405395508 21.88057518005371 20.816160202026367 20.77324867248535 20.7544002532959 20.872255325317383 20.792287826538086 25.93142318725586 21.315200805664062 21.299232482910156 20.8569278717041 21.29987144470215 21.476287841796875 20.921184539794922 20.902175903320312 
20.88787269592285 20.11471939086914 20.100831985473633 20.164384841918945 20.240415573120117 20.215904235839844 20.173728942871094 20.248287200927734 22.674623489379883 20.923616409301758 20.080671310424805 20.29372787475586 20.487552642822266 20.426176071166992 20.482624053955078 21.17184066772461 
64.21113586425781 20.41904067993164 20.912031173706055 20.726560592651367 20.670976638793945 21.291584014892578 21.673791885375977 21.71299171447754 25.499231338500977 20.9967041015625 21.006752014160156 21.59071922302246 20.835519790649414 21.221920013427734 21.577247619628906 20.860767364501953 
20.102720260620117 20.13920021057129 20.30303955078125 20.363487243652344 20.777727127075195 20.80633544921875 20.698463439941406 20.569599151611328 22.27084732055664 20.25107192993164 20.288000106811523 20.459936141967773 20.368223190307617 20.582304000854492 20.75904083251953 20.9051513671875 
55.62527847290039 20.335168838500977 20.915231704711914 20.690431594848633 20.8242244720459 20.951295852661133 20.80988883972168 20.78540802001953 25.09836769104004 20.83558464050293 20.827392578125 21.00454330444336 20.94963264465332 21.006175994873047 21.066911697387695 20.93484878540039 
20.525983810424805 19.927391052246094 19.991167068481445 20.191328048706055 20.16262435913086 20.26892852783203 20.389568328857422 20.40563201904297 22.899072647094727 20.44767951965332 20.432640075683594 20.800031661987305 20.321983337402344 20.61155128479004 20.227712631225586 20.591392517089844 
66.29788970947266 20.47327995300293 21.902048110961914 20.590368270874023 20.76278305053711 20.792383193969727 20.7871036529541 20.859743118286133 26.421695709228516 20.743711471557617 20.767072677612305 20.97420883178711 20.985919952392578 21.07097625732422 21.015743255615234 21.078304290771484 
20.485471725463867 19.933183670043945 20.097984313964844 20.271711349487305 20.42393684387207 20.494943618774414 21.010400772094727 21.334911346435547 23.049503326416016 20.481983184814453 20.170400619506836 20.28438377380371 20.654016494750977 20.536991119384766 20.696256637573242 20.4234561920166 
72.73238372802734 20.5251522064209 20.637279510498047 20.513568878173828 20.66249656677246 20.942304611206055 21.1014404296875 21.098175048828125 24.19366455078125 21.053951263427734 20.71196746826172 21.43622398376465 20.889184951782227 20.904863357543945 21.67184066772461 20.971647262573242 
20.36720085144043 20.102848052978516 20.42188835144043 20.45475196838379 20.434911727905273 20.364511489868164 20.37766456604004 20.33024024963379 22.6265926361084 20.256799697875977 20.699296951293945 20.22982406616211 20.487455368041992 20.91062355041504 20.736543655395508 20.272703170776367 
68.20086669921875 20.813472747802734 20.96112060546875 20.806655883789062 21.079200744628906 21.268287658691406 21.259904861450195 21.50912094116211 25.070207595825195 21.594463348388672 21.476160049438477 21.436031341552734 21.80316734313965 21.85958480834961 21.349119186401367 21.46771240234375 
24.153247833251953 23.400287628173828 23.309696197509766 23.566816329956055 24.0762882232666 24.389631271362305 24.035680770874023 23.529632568359375 28.583391189575195 23.51430320739746 23.836448669433594 25.255456924438477 23.886751174926758 24.213151931762695 23.571775436401367 23.669727325439453 
68.14534759521484 20.5533447265625 20.76473617553711 20.825759887695312 20.916128158569336 21.219615936279297 21.267839431762695 21.237184524536133 26.309951782226562 21.209856033325195 21.14419174194336 22.1856632232666 21.479999542236328 21.428863525390625 21.779552459716797 21.77676773071289 
23.854496002197266 23.86934471130371 23.949983596801758 23.834623336791992 23.388736724853516 23.42799949645996 24.19398307800293 24.469600677490234 27.751455307006836 23.774688720703125 23.906400680541992 23.79859161376953 23.419584274291992 24.130943298339844 24.16966438293457 23.9899845123291 
65.01996612548828 20.852352142333984 20.580671310424805 21.21116828918457 21.5830078125 21.65331268310547 21.5133113861084 21.574655532836914 26.35103988647461 21.42412757873535 21.701791763305664 21.65001678466797 21.535295486450195 21.343807220458984 21.31705665588379 22.392000198364258 
24.467327117919922 24.087360382080078 24.492639541625977 24.165023803710938 23.63759994506836 23.432159423828125 24.106592178344727 24.53545570373535 28.45587158203125 23.683807373046875 23.944320678710938 23.7359676361084 24.06025505065918 23.382463455200195 24.005983352661133 24.262847900390625 
66.0667495727539 20.56732749938965 20.714336395263672 21.4434871673584 21.470048904418945 21.620895385742188 21.245792388916016 21.283552169799805 25.128543853759766 21.420095443725586 21.580991744995117 21.13465690612793 21.68307113647461 20.962623596191406 21.547199249267578 21.990720748901367 
23.80873680114746 23.45568084716797 23.747615814208984 23.575136184692383 23.43622398376465 23.360736846923828 24.31407928466797 24.235231399536133 28.392255783081055 23.766464233398438 23.37651252746582 24.118879318237305 23.511104583740234 24.167423248291016 23.987648010253906 23.82796859741211 
68.1517105102539 20.626399993896484 20.94915199279785 21.06108856201172 21.128992080688477 21.02230453491211 21.029375076293945 21.297311782836914 27.207839965820312 21.214847564697266 21.650175094604492 21.353696823120117 21.294784545898438 21.775840759277344 21.449695587158203 21.363935470581055 
23.688735961914062 23.340576171875 23.379680633544922 23.343360900878906 23.408863067626953 24.41414451599121 24.520448684692383 24.379968643188477 28.268415451049805 23.924896240234375 23.765056610107422 23.910015106201172 23.871328353881836 23.58687973022461 23.514175415039062 24.101119995117188 
68.15567779541016 20.64899253845215 20.647167205810547 20.772703170776367 20.982656478881836 21.096960067749023 21.34012794494629 21.523168563842773 26.48956871032715 21.95075225830078 21.53126335144043 21.24127960205078 21.69977569580078 21.854400634765625 21.428192138671875 21.624895095825195 
24.200288772583008 23.26313591003418 23.25984001159668 23.663999557495117 24.35443115234375 24.262239456176758 24.028831481933594 23.493696212768555 28.20070457458496 23.478687286376953 23.99728012084961 24.151744842529297 23.363807678222656 23.387615203857422 24.085344314575195 24.0729923248291 
68.2100830078125 20.655935287475586 20.677471160888672 21.444992065429688 21.765056610107422 21.600448608398438 21.652544021606445 21.704639434814453 26.960960388183594 21.442304611206055 21.410432815551758 22.038976669311523 21.69651222229004 21.223615646362305 21.43609619140625 21.67919921875 
24.147808074951172 23.924800872802734 24.14192008972168 24.083168029785156 23.479616165161133 23.317440032958984 23.423871994018555 24.237855911254883 28.194143295288086 23.789119720458984 24.030080795288086 23.247007369995117 23.699296951293945 23.76799964904785 23.810367584228516 23.581920623779297 
59.742271423339844 20.607711791992188 20.616384506225586 20.938432693481445 21.527616500854492 21.389087677001953 21.4682559967041 21.507455825805664 26.504032135009766 21.453855514526367 21.558687210083008 21.454431533813477 21.535999298095703 21.586463928222656 22.034208297729492 21.74051284790039 
23.65497589111328 23.323232650756836 23.57151985168457 23.541120529174805 23.46566390991211 23.510208129882812 24.245088577270508 24.106624603271484 28.071104049682617 23.84534454345703 24.10361671447754 23.94972801208496 24.77801513671875 23.804000854492188 23.394752502441406 24.082656860351562 
67.9715805053711 20.578624725341797 20.911775588989258 21.481952667236328 21.4418888092041 21.49942398071289 21.306047439575195 21.113567352294922 26.697792053222656 21.584640502929688 21.621856689453125 21.336448669433594 21.280031204223633 21.892864227294922 21.268447875976562 21.379615783691406 
23.841663360595703 23.421215057373047 23.364288330078125 23.70128059387207 24.0883846282959 24.421632766723633 24.253568649291992 23.78441619873047 28.222431182861328 23.868255615234375 23.245216369628906 23.61180877685547 23.861312866210938 23.984895706176758 23.495071411132812 24.19094467163086 
73.36528015136719 20.585344314575195 20.881919860839844 20.88492774963379 21.22015953063965 21.285215377807617 21.407007217407227 21.413536071777344 25.80419158935547 21.606847763061523 20.860864639282227 21.56707191467285 21.9751033782959 21.397504806518555 21.50249671936035 22.426687240600586 
23.917375564575195 23.464767456054688 23.921632766723633 23.88140869140625 23.54368019104004 23.389568328857422 24.17580795288086 24.405311584472656 28.59996795654297 23.44281578063965 23.789247512817383 24.680959701538086 23.73664093017578 23.548864364624023 23.67091178894043 24.405664443969727 
56.80815887451172 23.09552001953125 23.42416000366211 23.686016082763672 24.022815704345703 23.678752899169922 24.255680084228516 24.551008224487305 27.061504364013672 23.529504776000977 23.50102424621582 23.687551498413086 24.15203285217285 23.549535751342773 23.785247802734375 23.547775268554688 
29.84111976623535 29.79520034790039 29.360383987426758 29.435808181762695 29.537343978881836 28.99622344970703 29.28246307373047 30.178239822387695 32.87753677368164 28.395423889160156 28.73289680480957 28.327999114990234 28.82703971862793 28.682655334472656 28.897727966308594 29.132287979125977 
45.24143981933594 23.000640869140625 23.32364845275879 23.907487869262695 24.211904525756836 23.791423797607422 23.60665512084961 24.39788818359375 27.241504669189453 23.437280654907227 23.449600219726562 23.433792114257812 23.9169921875 23.63715171813965 23.454336166381836 24.089183807373047 
29.4619197845459 28.65260887145996 29.9880313873291 29.61846351623535 29.96112060546875 29.464576721191406 30.224191665649414 29.7640323638916 34.46406555175781 28.524288177490234 28.755359649658203 29.04425621032715 29.594783782958984 29.673311233520508 28.928224563598633 29.18467140197754 
54.17657470703125 22.897663116455078 22.8951358795166 23.455808639526367 23.50796890258789 23.346303939819336 23.774911880493164 24.37798309326172 27.462080001831055 23.90233612060547 23.672256469726562 23.629440307617188 23.62995147705078 24.04252815246582 23.705759048461914 23.751359939575195 
29.225120544433594 29.093568801879883 28.737472534179688 28.933887481689453 29.347455978393555 30.650720596313477 30.633663177490234 31.51363182067871 35.608577728271484 28.922399520874023 28.707359313964844 28.673664093017578 28.446975708007812 28.58345603942871 28.71459197998047 28.66694450378418 
61.04822540283203 22.919424057006836 22.96784019470215 23.212799072265625 23.97590446472168 24.32022476196289 24.024959564208984 23.688032150268555 28.795072555541992 23.799488067626953 23.575328826904297 24.877023696899414 23.56937599182129 23.437599182128906 23.743967056274414 23.492895126342773 
29.22979164123535 29.028160095214844 28.971935272216797 29.629663467407227 29.032960891723633 29.853952407836914 29.049728393554688 30.16352081298828 33.46080017089844 28.632896423339844 28.61916732788086 28.294111251831055 29.026432037353516 28.649696350097656 28.6658878326416 28.64668846130371 
56.82428741455078 22.88800048828125 23.648128509521484 23.979808807373047 24.161344528198242 24.01318359375 23.418912887573242 23.97715187072754 27.31942367553711 23.44540786743164 23.54515266418457 23.602432250976562 23.559999465942383 23.725568771362305 23.699167251586914 23.769184112548828 
29.58131217956543 28.97148895263672 29.480512619018555 29.761856079101562 29.825664520263672 29.379104614257812 29.464799880981445 30.429279327392578 33.47478485107422 28.484447479248047 28.880064010620117 28.775903701782227 28.489215850830078 28.768831253051758 29.199199676513672 28.975872039794922 
59.974143981933594 22.891071319580078 23.036224365234375 23.16543960571289 23.287168502807617 24.319232940673828 24.425247192382812 23.884672164916992 27.814495086669922 23.517343521118164 23.5993595123291 23.668384552001953 23.61142349243164 23.956768035888672 23.740352630615234 23.529312133789062 
29.307039260864258 29.61315155029297 29.242528915405273 29.271455764770508 29.733535766601562 29.485855102539062 30.259904861450195 30.175935745239258 34.39081573486328 28.557247161865234 28.89571189880371 28.430944442749023 28.870399475097656 28.832544326782227 28.644031524658203 28.747392654418945 
62.069793701171875 22.863679885864258 23.369600296020508 23.4400634765625 23.36524772644043 23.737119674682617 23.976768493652344 23.92508888244629 27.342527389526367 23.418848037719727 23.988128662109375 23.455232620239258 23.531328201293945 23.890527725219727 23.89743995666504 23.669151306152344 
29.450687408447266 29.47881507873535 29.296512603759766 29.94256019592285 29.66281509399414 29.2040958404541 29.1680965423584 30.579328536987305 32.80771255493164 28.66387176513672 28.59440040588379 28.552448272705078 28.70204734802246 28.55683135986328 28.91142463684082 28.59231948852539 
58.92192077636719 22.854623794555664 22.917407989501953 23.195775985717773 23.34217643737793 24.133056640625 24.03046417236328 23.666688919067383 27.88751983642578 23.547775268554688 23.755775451660156 23.536479949951172 24.024991989135742 23.633087158203125 24.1648006439209 23.555583953857422 
29.131967544555664 29.22051239013672 29.15897560119629 29.32486343383789 28.960416793823242 29.1396484375 30.11142349243164 32.50057601928711 33.6890869140625 28.651456832885742 28.821887969970703 28.612991333007812 28.325151443481445 28.88912010192871 28.443744659423828 28.60223960876465 
55.81254577636719 22.912832260131836 23.479488372802734 23.441823959350586 23.454975128173828 23.5830078125 24.21548843383789 23.879423141479492 26.643871307373047 23.473567962646484 23.70902442932129 23.745344161987305 23.6744327545166 23.876352310180664 23.810720443725586 23.46214485168457 
29.55753517150879 28.977439880371094 29.23481559753418 29.842784881591797 29.78374481201172 29.489471435546875 30.171199798583984 30.63360023498535 34.048736572265625 28.55062484741211 28.73027229309082 28.904767990112305 28.659456253051758 29.37763214111328 28.956127166748047 28.952543258666992 
57.87027359008789 22.862688064575195 22.929920196533203 23.495328903198242 24.533184051513672 24.918943405151367 24.382816314697266 23.482271194458008 26.205631256103516 23.530431747436523 23.4671688079834 23.638368606567383 23.507583618164062 24.19001579284668 23.673120498657227 23.53215980529785 
29.636735916137695 29.900415420532227 29.609119415283203 29.728607177734375 29.643295288085938 29.741567611694336 29.792512893676758 29.989503860473633 34.560577392578125 28.673568725585938 28.650400161743164 28.571744918823242 28.891040802001953 28.81884765625 28.921600341796875 28.805824279785156 
91.87625885009766 14.798720359802246 16.636991500854492 14.778847694396973 14.796544075012207 16.68124771118164 15.20844841003418 15.08233642578125 21.10268783569336 15.668543815612793 15.075615882873535 16.046335220336914 15.575008392333984 15.24623966217041 15.584128379821777 15.571328163146973 
18.70230484008789 15.760640144348145 16.020000457763672 16.168224334716797 16.262880325317383 16.271007537841797 16.175199508666992 16.091264724731445 18.78428840637207 17.3002872467041 16.204959869384766 16.53830337524414 16.232351303100586 16.694623947143555 16.219871520996094 16.80975914001465 
34.46406555175781 14.805695533752441 14.811103820800781 14.811519622802734 14.8306884765625 14.952799797058105 15.063776016235352 15.55884838104248 22.572351455688477 15.431584358215332 15.076864242553711 15.896608352661133 15.26153564453125 15.161567687988281 15.740896224975586 15.542655944824219 
16.227039337158203 15.743807792663574 15.842304229736328 16.326400756835938 16.45142364501953 16.3002872467041 16.113536834716797 16.2708797454834 18.280576705932617 16.722400665283203 16.246463775634766 16.243488311767578 15.968576431274414 16.21820831298828 16.855167388916016 16.240896224975586 
30.25632095336914 14.791232109069824 14.806624412536621 14.79916763305664 14.867103576660156 15.21350383758545 15.190400123596191 16.308191299438477 22.829727172851562 15.761280059814453 15.125823974609375 16.215967178344727 15.233792304992676 15.203807830810547 15.981823921203613 15.422176361083984 
16.407455444335938 15.833439826965332 16.064128875732422 16.25775909423828 16.37696075439453 16.224767684936523 16.1048641204834 16.127199172973633 18.085664749145508 17.036479949951172 16.264896392822266 16.08460807800293 16.216352462768555 16.268640518188477 16.267520904541016 16.34998321533203 
30.276287078857422 14.792767524719238 14.823807716369629 14.873600006103516 14.974720001220703 15.195199966430664 15.336864471435547 15.492927551269531 22.410240173339844 15.408224105834961 15.2009916305542 15.944992065429688 15.714559555053711 15.201151847839355 16.254304885864258 15.431903839111328 
16.402368545532227 15.911168098449707 15.997695922851562 16.298368453979492 16.309215545654297 16.257280349731445 16.138303756713867 16.143808364868164 17.092735290527344 16.744224548339844 16.118528366088867 16.26527976989746 15.932160377502441 16.283967971801758 16.430335998535156 16.1712646484375 
30.27484893798828 14.79526424407959 14.89078426361084 15.04969596862793 15.068511962890625 15.210623741149902 15.3538236618042 15.528160095214844 22.056352615356445 15.363936424255371 15.56112003326416 15.005184173583984 15.303359985351562 15.610400199890137 15.323904037475586 15.395359992980957 
16.770496368408203 16.08019256591797 16.048032760620117 16.0020809173584 16.372928619384766 16.35740852355957 16.34364891052246 16.3371524810791 18.5645751953125 16.548704147338867 16.77132797241211 15.895359992980957 16.99897575378418 15.941727638244629 16.784704208374023 15.896575927734375 
31.33475112915039 14.788224220275879 14.757696151733398 14.79798412322998 14.897664070129395 15.306303977966309 15.426624298095703 15.379520416259766 23.586687088012695 15.139936447143555 15.933568000793457 15.297792434692383 15.187007904052734 15.787039756774902 15.548831939697266 15.055487632751465 
16.367616653442383 15.912256240844727 15.77734375 16.118528366088867 16.145343780517578 16.26313591003418 16.17919921875 16.16659164428711 18.48796844482422 18.112768173217773 16.0163516998291 16.228864669799805 16.073759078979492 16.086912155151367 16.165407180786133 16.116960525512695 
29.22774314880371 14.80627155303955 14.820416450500488 14.785152435302734 14.87548828125 15.088064193725586 16.673311233520508 15.450464248657227 22.004959106445312 15.640640258789062 15.200384140014648 15.77126407623291 15.313440322875977 15.167263984680176 15.650688171386719 15.572832107543945 
16.22332763671875 15.762944221496582 15.80288028717041 16.329696655273438 16.463455200195312 16.392192840576172 16.125919342041016 16.14352035522461 17.45462417602539 16.173568725585938 17.272991180419922 16.14124870300293 17.002912521362305 16.089599609375 17.01363182067871 16.143264770507812 
30.315616607666016 14.791808128356934 14.912063598632812 15.069439888000488 15.286527633666992 15.168224334716797 15.21123218536377 15.734432220458984 23.39676856994629 16.400800704956055 15.32265567779541 15.58572769165039 15.82374382019043 15.053279876708984 15.171487808227539 16.04889678955078 
16.849407196044922 15.89635181427002 16.079647064208984 16.20470428466797 16.327680587768555 16.1428165435791 16.044191360473633 16.198528289794922 17.433183670043945 16.747360229492188 16.434816360473633 17.015647888183594 16.4835205078125 16.339231491088867 16.56697654724121 16.129119873046875 
29.21004867553711 14.8154878616333 14.808927536010742 14.799455642700195 15.242655754089355 15.242207527160645 15.382975578308105 15.345600128173828 22.25347137451172 15.89788818359375 15.40278434753418 15.09280014038086 14.984352111816406 15.678239822387695 15.368063926696777 15.57158374786377 
16.72345542907715 16.21571159362793 16.126527786254883 16.145952224731445 16.082656860351562 16.087936401367188 16.096479415893555 16.27199935913086 18.53104019165039 16.194496154785156 16.339231491088867 16.94803237915039 16.43324851989746 16.076927185058594 16.30975914001465 16.104320526123047 
30.253568649291992 14.777824401855469 14.926752090454102 14.997823715209961 14.996224403381348 15.17033576965332 15.195648193359375 15.47878360748291 23.98569679260254 15.54428768157959 15.036352157592773 15.20691204071045 15.913439750671387 15.337984085083008 15.291808128356934 15.919360160827637 
16.81760025024414 16.042848587036133 16.16713523864746 16.270143508911133 16.10492706298828 15.970720291137695 16.052736282348633 16.331104278564453 18.99216079711914 16.72870445251465 16.367679595947266 16.547487258911133 16.096384048461914 16.207263946533203 16.036863327026367 16.877695083618164 
44.71846389770508 25.15603256225586 25.386367797851562 26.1125431060791 26.36841583251953 26.252479553222656 26.464128494262695 79.79561614990234 36.630977630615234 25.70345687866211 26.32428741455078 26.358367919921875 26.030752182006836 26.376256942749023 26.5086727142334 26.42438316345215 
39.71500778198242 25.174528121948242 25.368000030517578 26.155807495117188 26.227296829223633 26.50441551208496 26.484960556030273 128.57618713378906 35.449790954589844 25.82703971862793 26.48204803466797 26.382144927978516 26.629695892333984 26.402847290039062 26.239200592041016 26.40345573425293 
39.61564636230469 25.155391693115234 25.47667121887207 25.793376922607422 25.897951126098633 25.540159225463867 26.14409637451172 27.946016311645508 34.816192626953125 26.013120651245117 26.566144943237305 26.13702392578125 26.390975952148438 26.593280792236328 27.418432235717773 26.195615768432617 
40.703102111816406 25.18569564819336 25.185983657836914 25.21887969970703 25.659168243408203 25.936416625976562 25.520191192626953 26.40153694152832 35.1080322265625 26.184864044189453 26.43292808532715 26.41926383972168 26.3024959564209 26.490591049194336 26.59769630432129 26.350496292114258 
42.754878997802734 25.163776397705078 25.193952560424805 26.33558464050293 26.500768661499023 25.810047149658203 26.18227195739746 135.25552368164062 34.4219856262207 26.016639709472656 26.63248062133789 25.526880264282227 26.013408660888672 26.07491111755371 26.060768127441406 26.264352798461914 
41.68377685546875 25.124736785888672 25.334976196289062 25.654815673828125 25.929439544677734 25.704063415527344 25.308895111083984 123.14886474609375 33.229984283447266 25.950559616088867 26.22483253479004 26.451904296875 26.037248611450195 26.179231643676758 26.379039764404297 26.975872039794922 
44.77958297729492 25.471359252929688 25.684288024902344 25.769216537475586 25.899232864379883 25.643680572509766 26.37727928161621 123.7081298828125 34.15379333496094 25.927743911743164 27.677087783813477 25.9814395904541 26.237407684326172 26.082239151000977 26.124671936035156 25.964479446411133 
43.742366790771484 25.0960636138916 25.476192474365234 25.818687438964844 26.170175552368164 26.237119674682617 25.829023361206055 128.74710083007812 35.80668640136719 25.78118324279785 26.24083137512207 26.128320693969727 26.3832950592041 26.28985595703125 26.417695999145508 26.479360580444336 
43.84364700317383 25.09507179260254 25.223840713500977 25.66681671142578 26.338144302368164 26.04787254333496 26.037216186523438 130.5677490234375 31.538623809814453 25.80188751220703 26.061344146728516 27.504928588867188 26.78633689880371 25.86662483215332 26.07244873046875 25.986848831176758 
42.74755096435547 25.174976348876953 25.258752822875977 26.290559768676758 26.689376831054688 26.30316734313965 26.12678337097168 26.34480094909668 36.794273376464844 26.247135162353516 25.959455490112305 26.086143493652344 26.08310317993164 26.5579833984375 26.184640884399414 25.94428825378418 
37.07244873046875 22.940479278564453 23.03571128845215 24.202112197875977 23.155168533325195 71.31033325195312 14.746111869812012 14.867712020874023 27.414304733276367 15.688128471374512 15.214847564697266 15.27734375 15.759967803955078 18.632959365844727 15.598912239074707 15.304415702819824 
14.738911628723145 14.224672317504883 14.194784164428711 14.210176467895508 14.181856155395508 14.39475154876709 14.563008308410645 14.607744216918945 25.135583877563477 14.213343620300293 14.330464363098145 14.658720016479492 15.045439720153809 14.809920310974121 14.60102367401123 14.379776000976562 
36.920223236083984 22.904767990112305 23.143232345581055 148.1214141845703 14.739456176757812 14.762271881103516 14.813216209411621 15.048095703125 22.757280349731445 15.232735633850098 15.531999588012695 15.462752342224121 15.284223556518555 15.962271690368652 15.081536293029785 15.246591567993164 
14.598496437072754 14.238176345825195 14.167136192321777 14.36348819732666 14.34768009185791 14.824640274047852 14.492223739624023 14.413056373596191 27.41231918334961 14.862272262573242 14.87395191192627 14.255552291870117 14.474528312683105 14.691328048706055 15.07795238494873 14.65993595123291 
36.877567291259766 23.964479446411133 23.197471618652344 128.09461975097656 14.678688049316406 15.26195240020752 14.880512237548828 14.94934368133545 24.068992614746094 15.31276798248291 15.236991882324219 15.054047584533691 15.008255958557129 15.19603157043457 15.697471618652344 15.124128341674805 
15.218048095703125 14.225983619689941 14.279071807861328 14.268351554870605 14.461888313293457 14.375295639038086 14.482560157775879 14.542495727539062 21.656831741333008 15.126879692077637 14.917887687683105 15.13270378112793 14.660863876342773 14.325119972229004 14.462271690368652 15.049375534057617 
37.91936111450195 25.01238441467285 44.17331314086914 110.135009765625 16.29270362854004 14.664511680603027 14.699392318725586 15.050496101379395 24.173856735229492 15.071711540222168 15.092255592346191 15.71452808380127 15.077247619628906 15.102368354797363 15.893983840942383 15.143296241760254 
14.694496154785156 14.322303771972656 14.340319633483887 14.4235200881958 14.518464088439941 14.40015983581543 14.384832382202148 14.582816123962402 22.178592681884766 14.794143676757812 15.363424301147461 14.517760276794434 14.275487899780273 14.25545597076416 14.335968017578125 15.065535545349121 
37.932193756103516 23.925312042236328 54.87855911254883 23.999263763427734 158.03634643554688 14.670432090759277 14.73523235321045 14.80793571472168 22.67203140258789 15.40294361114502 15.763711929321289 15.691519737243652 15.224736213684082 15.843392372131348 15.086976051330566 15.079872131347656 
14.817824363708496 14.382335662841797 14.269632339477539 14.370240211486816 14.355487823486328 14.431551933288574 14.37491226196289 14.394399642944336 28.082687377929688 15.015680313110352 14.228096008300781 14.39350414276123 14.665247917175293 15.300064086914062 14.643967628479004 14.296480178833008 
36.93503952026367 22.8907527923584 23.10870361328125 52.57990264892578 171.76902770996094 14.688896179199219 14.686047554016113 14.717920303344727 22.624160766601562 15.30998420715332 15.247520446777344 15.914624214172363 15.50051212310791 15.401280403137207 15.883935928344727 15.379839897155762 
14.924511909484863 14.365983963012695 14.255264282226562 14.31612777709961 14.360480308532715 14.412704467773438 14.40652847290039 14.722528457641602 28.059904098510742 14.794943809509277 14.47321605682373 14.383551597595215 14.836447715759277 14.42739200592041 15.012479782104492 14.64243221282959 
36.907230377197266 22.908639907836914 25.26188850402832 24.253503799438477 23.134048461914062 23.195552825927734 18.795808792114258 14.72332763671875 25.865184783935547 15.2042875289917 15.188128471374512 16.02217674255371 14.936736106872559 15.006848335266113 15.898943901062012 15.373855590820312 
14.701824188232422 14.186911582946777 14.194496154785156 14.199520111083984 14.582048416137695 14.34182357788086 14.463456153869629 14.536992073059082 26.67100715637207 14.799712181091309 14.751104354858398 14.609312057495117 14.35315227508545 14.616864204406738 14.459296226501465 15.043456077575684 
36.89833450317383 22.890079498291016 23.160831451416016 25.29497528076172 114.3249282836914 14.95241641998291 14.728447914123535 14.718912124633789 25.634111404418945 15.254207611083984 15.00387191772461 15.884127616882324 15.099040031433105 15.116703987121582 15.58614444732666 15.208064079284668 
14.914815902709961 14.374143600463867 14.270560264587402 14.546367645263672 14.558176040649414 14.813471794128418 14.431136131286621 14.461248397827148 27.352256774902344 14.549951553344727 14.993824005126953 14.381248474121094 14.565088272094727 14.316831588745117 14.456735610961914 15.01734447479248 
37.95657730102539 22.863712310791016 23.181055068969727 52.559326171875 23.154815673828125 16.007999420166016 14.73788833618164 14.724032402038574 27.1409912109375 15.194592475891113 15.181792259216309 16.069631576538086 15.009344100952148 15.250080108642578 16.045663833618164 15.166624069213867 
14.844736099243164 14.227583885192871 14.215968132019043 14.485823631286621 14.516287803649902 14.44918441772461 14.470751762390137 14.5250244140625 27.64009666442871 14.68569564819336 14.483839988708496 14.400927543640137 14.391807556152344 14.548288345336914 15.103584289550781 14.819808006286621 
36.920928955078125 22.87388801574707 23.128192901611328 24.273056030273438 111.5179214477539 14.681952476501465 14.656512260437012 14.725919723510742 26.65862464904785 15.129568099975586 15.540831565856934 15.985343933105469 15.087679862976074 15.057984352111816 15.488927841186523 15.230719566345215 
14.770208358764648 14.283935546875 14.226592063903809 14.190784454345703 14.45148754119873 14.331487655639648 14.629152297973633 14.602944374084473 22.058015823364258 14.811519622802734 14.896703720092773 14.807552337646484 14.479776382446289 14.419039726257324 14.418144226074219 15.210111618041992 
33.4760627746582 17.511295318603516 17.525888442993164 17.616607666015625 118.81590270996094 17.40131187438965 17.601343154907227 17.630624771118164 22.439008712768555 18.36342430114746 17.98201560974121 18.19647979736328 17.907072067260742 18.751232147216797 18.572063446044922 18.359392166137695 
22.33193588256836 22.07472038269043 22.25187110900879 22.53228759765625 22.48031997680664 22.23414421081543 22.26700782775879 22.454912185668945 26.328096389770508 22.738304138183594 22.60220718383789 22.788671493530273 23.047136306762695 22.57187271118164 22.165023803710938 22.749792098999023 
56.53071975708008 17.478527069091797 17.838176727294922 17.967872619628906 17.865055084228516 17.84396743774414 17.755136489868164 17.782047271728516 24.34441566467285 18.16543960571289 18.188383102416992 18.1232967376709 17.84547233581543 18.46828842163086 18.78486442565918 18.22755241394043 
22.50649642944336 22.607616424560547 22.903839111328125 22.99465560913086 22.82579231262207 22.688512802124023 22.62553596496582 22.505504608154297 24.634719848632812 22.724735260009766 22.668352127075195 22.34137535095215 22.599872589111328 22.695039749145508 22.47420883178711 22.743776321411133 
53.37318420410156 17.501888275146484 18.797632217407227 17.93734359741211 18.25391960144043 18.287456512451172 18.054431915283203 18.00998306274414 23.62940788269043 18.17862319946289 17.89967918395996 17.760223388671875 18.9770565032959 18.617183685302734 18.198720932006836 17.890975952148438 
22.95964813232422 22.3417911529541 22.024032592773438 22.15862464904785 22.832767486572266 23.228960037231445 23.00409507751465 22.520191192626953 26.486976623535156 22.427743911743164 23.13420867919922 22.36137580871582 22.424543380737305 22.728160858154297 22.350496292114258 22.494976043701172 
52.315425872802734 19.44144058227539 18.91641616821289 17.676319122314453 17.72991943359375 17.71615982055664 17.81564712524414 18.224191665649414 25.244192123413086 18.084928512573242 17.985088348388672 17.80975914001465 18.524639129638672 18.446495056152344 18.403072357177734 17.91548728942871 
24.419008255004883 22.836320877075195 22.735200881958008 22.964832305908203 22.68217658996582 22.47964859008789 22.214719772338867 22.23798370361328 26.00281524658203 22.688831329345703 22.550975799560547 22.655744552612305 22.804576873779297 23.0567684173584 22.13324737548828 22.356128692626953 
52.3133430480957 17.512319564819336 17.516639709472656 17.743776321411133 17.83558464050293 17.93391990661621 18.387935638427734 18.208864212036133 21.05289649963379 17.843103408813477 17.923328399658203 19.162752151489258 18.329023361206055 18.241024017333984 17.87401580810547 18.035167694091797 
23.381887435913086 22.605087280273438 22.203935623168945 22.001920700073242 22.199167251586914 22.134559631347656 23.41868782043457 23.263999938964844 26.220319747924805 22.521631240844727 22.403711318969727 22.864831924438477 23.20992088317871 22.536672592163086 22.655296325683594 23.175968170166016 
54.38710403442383 17.499008178710938 17.733951568603516 17.726816177368164 17.69487953186035 17.762720108032227 17.995328903198242 18.25632095336914 27.10326385498047 17.99247932434082 19.127775192260742 18.28704071044922 18.036096572875977 17.803871154785156 17.75606346130371 18.319135665893555 
22.639263153076172 22.70515251159668 22.6079044342041 22.577600479125977 22.43846321105957 22.287071228027344 22.22822380065918 22.257312774658203 26.949567794799805 22.50783920288086 25.04310417175293 23.010143280029297 22.250080108642578 23.495935440063477 22.63257598876953 22.346111297607422 
56.52511978149414 17.516544342041016 17.74687957763672 17.761503219604492 18.386751174926758 18.638240814208984 18.386432647705078 18.24870491027832 25.267871856689453 18.758207321166992 18.356895446777344 18.43987274169922 17.86016082763672 18.00771141052246 18.83014488220215 18.2673282623291 
23.352319717407227 22.545055389404297 22.55776023864746 22.577152252197266 22.426591873168945 22.29692840576172 22.348224639892578 22.35625648498535 24.084447860717773 22.766048431396484 22.359039306640625 22.91904067993164 22.780672073364258 22.0784969329834 22.97747230529785 22.41779136657715 
59.65769577026367 17.475616455078125 17.529760360717773 17.87164878845215 17.937952041625977 17.80451202392578 17.84239959716797 17.849727630615234 23.64841651916504 17.95244789123535 17.7871036529541 18.567840576171875 18.238496780395508 18.014463424682617 17.94153594970703 18.980575561523438 
22.958911895751953 22.26416015625 22.115264892578125 22.106847763061523 22.144479751586914 22.194623947143555 22.463455200195312 22.580415725708008 26.620800018310547 22.784223556518555 22.212383270263672 24.01193618774414 22.529888153076172 22.10678482055664 22.721376419067383 22.707487106323242 
57.606689453125 20.437824249267578 18.92019271850586 17.76825523376465 17.972576141357422 17.977439880371094 17.953472137451172 17.922399520874023 24.09756851196289 18.08367919921875 17.830848693847656 18.84172821044922 18.598112106323242 18.402687072753906 17.981855392456055 17.862720489501953 
23.650527954101562 22.74812889099121 22.27471923828125 22.24937629699707 22.42470359802246 23.165536880493164 22.926111221313477 22.699743270874023 27.620256423950195 22.51692771911621 22.218944549560547 22.805952072143555 22.690847396850586 22.590368270874023 22.563295364379883 23.067039489746094 
58.62480163574219 17.476287841796875 17.47609519958496 17.88515281677246 17.938751220703125 18.181760787963867 18.16217613220215 18.394880294799805 25.334047317504883 18.165311813354492 17.864160537719727 18.179744720458984 17.826112747192383 17.861248016357422 18.981887817382812 18.258176803588867 
22.60793685913086 22.63667106628418 22.725215911865234 22.757247924804688 22.56425666809082 22.27350425720215 22.212543487548828 22.43600082397461 25.719104766845703 22.388896942138672 22.91200065612793 22.81376075744629 22.160640716552734 23.10259246826172 22.740032196044922 22.17804718017578 
69.255615234375 30.093727111816406 30.285120010375977 31.062463760375977 30.720735549926758 30.913280487060547 31.03785514831543 31.122495651245117 40.62688064575195 30.501951217651367 31.274784088134766 31.285600662231445 31.482175827026367 31.172895431518555 30.178112030029297 30.57695960998535 
64.24972534179688 29.831775665283203 31.323135375976562 31.093503952026367 31.403039932250977 30.85353660583496 30.68979263305664 31.0916805267334 39.8350715637207 30.8819522857666 31.61315155029297 30.928319931030273 30.353824615478516 30.2040958404541 31.478208541870117 31.530784606933594 
62.18150329589844 30.137056350708008 31.230112075805664 31.108448028564453 31.456703186035156 30.746591567993164 30.770912170410156 31.183263778686523 39.16291046142578 30.266944885253906 31.123327255249023 31.553600311279297 30.309663772583008 31.778751373291016 30.352031707763672 31.56915283203125 
64.22195434570312 29.9267520904541 30.41321563720703 30.990272521972656 31.307584762573242 31.443744659423828 31.73129653930664 39.30924987792969 38.126495361328125 32.17168045043945 31.618751525878906 31.652191162109375 31.40598487854004 30.655136108398438 30.428159713745117 32.42652893066406 
65.28201293945312 29.833471298217773 31.282272338867188 30.55580711364746 31.307775497436523 31.083295822143555 30.82703971862793 31.870847702026367 38.56156921386719 31.245344161987305 30.364927291870117 30.799680709838867 31.373119354248047 30.80860710144043 31.130624771118164 30.510303497314453 
69.42192077636719 29.913503646850586 29.9335994720459 31.037696838378906 30.894624710083008 31.029855728149414 30.831520080566406 31.003135681152344 39.846622467041016 29.997983932495117 30.317888259887695 30.917631149291992 30.870655059814453 31.639488220214844 30.231264114379883 30.717792510986328 
62.052513122558594 29.91904067993164 31.12214469909668 31.571136474609375 31.845184326171875 31.018239974975586 30.871360778808594 93.72444915771484 40.22447967529297 31.017120361328125 30.79587173461914 30.4138240814209 30.513919830322266 31.425472259521484 31.79324722290039 30.66499137878418 
61.14726257324219 30.697216033935547 30.300479888916016 32.96063995361328 31.168895721435547 31.218271255493164 31.87433624267578 32.16041564941406 39.77699279785156 30.284543991088867 31.08780860900879 31.191776275634766 31.245311737060547 30.46656036376953 30.312768936157227 31.853567123413086 
66.33110046386719 29.901887893676758 32.0766716003418 30.622880935668945 31.073888778686523 32.04771041870117 32.09308624267578 31.32863998413086 41.21763229370117 30.410879135131836 31.160383224487305 32.129249572753906 31.57792091369629 30.853151321411133 30.856096267700195 31.01171112060547 
62.13382339477539 31.150175094604492 30.80838394165039 30.89846420288086 31.103679656982422 30.732223510742188 30.617952346801758 31.519392013549805 40.34358215332031 31.09097671508789 31.307775497436523 31.13871955871582 30.413536071777344 30.768159866333008 31.169599533081055 31.53376007080078 
61.414913177490234 27.47417640686035 27.344928741455078 28.097183227539062 28.816383361816406 28.532127380371094 28.312192916870117 27.625152587890625 37.260223388671875 27.836416244506836 28.47599983215332 27.43142318725586 28.35443115234375 28.440223693847656 28.201919555664062 28.8272647857666 
44.402015686035156 27.14896011352539 27.425823211669922 28.082176208496094 28.4967041015625 28.412128448486328 27.869216918945312 27.801536560058594 38.62348937988281 28.214336395263672 27.780576705932617 28.052959442138672 28.023263931274414 27.52979278564453 28.17407989501953 28.727008819580078 
45.59443283081055 27.315200805664062 28.013216018676758 27.804351806640625 28.937952041625977 28.84444808959961 28.270048141479492 42.65033721923828 35.09983825683594 28.283008575439453 28.33772850036621 28.27952003479004 28.908096313476562 27.607519149780273 28.335039138793945 28.488895416259766 
45.357215881347656 27.091840744018555 27.56015968322754 28.17535972595215 27.812864303588867 27.967391967773438 28.28121566772461 28.719104766845703 33.47964859008789 28.120832443237305 28.349952697753906 28.222143173217773 28.750879287719727 27.580703735351562 28.100799560546875 28.341535568237305 
46.55097579956055 27.18934440612793 27.307231903076172 28.066816329956055 28.72585678100586 28.57539176940918 28.64374351501465 27.798015594482422 36.905887603759766 27.846975326538086 28.522911071777344 27.92643165588379 28.128704071044922 28.673952102661133 28.044992446899414 28.358720779418945 
46.47663879394531 27.139904022216797 27.885887145996094 28.223840713500977 28.200319290161133 28.82659149169922 28.924480438232422 29.133888244628906 33.60182571411133 28.194623947143555 27.997760772705078 29.050975799560547 27.648448944091797 28.345727920532227 28.15292739868164 27.729759216308594 
46.496639251708984 27.201120376586914 27.985279083251953 28.28598403930664 28.0150089263916 28.361343383789062 28.186208724975586 28.743295669555664 33.2108154296875 27.5534725189209 28.141151428222656 28.368511199951172 28.074975967407227 28.658687591552734 28.240447998046875 27.920671463012695 
83.12290954589844 27.22483253479004 27.77516746520996 28.906816482543945 28.912992477416992 28.152095794677734 28.330591201782227 27.993087768554688 36.762718200683594 27.998687744140625 27.644607543945312 28.397504806518555 28.97417640686035 28.224672317504883 28.817663192749023 27.518144607543945 
46.59209442138672 27.50668716430664 27.84332847595215 27.803104400634766 28.096031188964844 28.070911407470703 28.472639083862305 28.6167049407959 38.76230239868164 28.099071502685547 27.63577651977539 28.765600204467773 27.710336685180664 28.626432418823242 28.469280242919922 28.239360809326172 
47.58937454223633 27.147071838378906 28.920480728149414 28.945663452148438 28.571744918823242 28.552032470703125 28.126880645751953 28.362144470214844 38.19955062866211 28.315040588378906 28.389408111572266 27.50771141052246 28.67750358581543 27.690080642700195 28.015392303466797 28.678688049316406 
51.7408332824707 44.24911880493164 44.14393615722656 46.33321762084961 45.27907180786133 44.36259078979492 44.92335891723633 46.62358474731445 49.60908889770508 43.990081787109375 43.29056167602539 43.48448181152344 43.41961669921875 43.519775390625 43.5313606262207 43.46499252319336 
98.11743927001953 43.31596755981445 44.98508834838867 46.19267272949219 45.391136169433594 44.93017578125 45.31593704223633 45.96931076049805 51.37401580810547 43.392127990722656 43.28281784057617 43.617374420166016 43.55926513671875 43.81593704223633 43.87308883666992 43.32320022583008 
117.10352325439453 43.5948486328125 45.20905685424805 46.68751907348633 45.44326400756836 44.60764694213867 80.50940704345703 43.29180908203125 50.55305480957031 43.33910369873047 43.67552185058594 43.318782806396484 43.71200180053711 43.96403121948242 43.6910400390625 43.63932800292969 
120.10054779052734 44.87753677368164 45.82502365112305 44.52207946777344 46.20345687866211 46.31315231323242 68.31024169921875 43.44572830200195 52.77862548828125 44.46207809448242 43.576480865478516 43.87948989868164 43.581695556640625 43.92038345336914 44.629600524902344 43.56051254272461 
118.12464141845703 44.94678497314453 45.60076904296875 44.84012985229492 46.45113754272461 45.37116622924805 76.09894561767578 43.23273468017578 51.95625686645508 43.286529541015625 43.68080139160156 43.401214599609375 44.010337829589844 43.946144104003906 43.42448043823242 44.18822479248047 
98.0633316040039 44.508544921875 45.14543914794922 44.49955368041992 45.08534240722656 45.855167388916016 88.88662719726562 43.420448303222656 50.166175842285156 44.180545806884766 43.37936019897461 43.654815673828125 43.63004684448242 43.75369644165039 44.56787109375 43.3616943359375 
114.847900390625 44.97840118408203 46.008094787597656 44.96992111206055 46.2817268371582 46.02492904663086 70.87055969238281 43.471614837646484 52.195777893066406 43.5214729309082 43.335777282714844 43.8488655090332 43.734718322753906 43.83590316772461 43.79542541503906 43.40991973876953 
119.16655731201172 44.29692840576172 45.59996795654297 44.72022247314453 45.349281311035156 44.44371032714844 43.93910217285156 45.63916778564453 48.74924850463867 43.597408294677734 43.600990295410156 43.60665512084961 43.60611343383789 44.622528076171875 44.565216064453125 43.67148971557617 
107.65574645996094 43.25564956665039 47.938846588134766 45.62188720703125 44.50640106201172 44.25600051879883 76.27101135253906 46.081504821777344 49.93222427368164 44.28179168701172 43.321407318115234 43.377281188964844 43.28755187988281 44.09302520751953 43.3469123840332 43.69071960449219 
127.80825805664062 43.769630432128906 44.28694534301758 46.74319839477539 46.133182525634766 44.60396957397461 60.03590393066406 44.15894317626953 50.63798522949219 44.300193786621094 43.48303985595703 43.948638916015625 43.25852966308594 44.04188919067383 43.47865676879883 43.146270751953125 
110.80633544921875 16.422943115234375 16.450176239013672 16.468095779418945 16.629087448120117 16.979679107666016 16.92393684387207 16.92291259765625 25.41289520263672 17.283872604370117 17.013599395751953 16.9052791595459 17.01888084411621 16.71241569519043 17.149471282958984 17.037599563598633 
29.43756866455078 16.438720703125 16.492544174194336 16.710527420043945 16.687807083129883 17.204256057739258 17.086687088012695 16.737951278686523 26.507776260375977 17.16227149963379 17.094783782958984 17.645343780517578 16.794784545898438 17.661216735839844 17.206432342529297 17.448959350585938 
30.43622398376465 16.39993667602539 16.443647384643555 16.44153594970703 16.670207977294922 16.9638729095459 16.867103576660156 16.747488021850586 24.540576934814453 16.693471908569336 17.99648094177246 16.999296188354492 17.49945640563965 17.1760311126709 16.635456085205078 17.131423950195312 
29.433984756469727 16.409536361694336 16.406911849975586 16.43270492553711 16.74073600769043 17.070079803466797 17.188255310058594 16.989696502685547 23.96393585205078 17.957439422607422 16.696319580078125 18.33647918701172 17.100767135620117 17.452735900878906 17.349952697753906 17.077024459838867 
30.399999618530273 16.37664031982422 16.488800048828125 16.687488555908203 16.765024185180664 16.790239334106445 16.907936096191406 17.057952880859375 24.473407745361328 16.846336364746094 16.89638328552246 16.682239532470703 17.07062339782715 16.64508819580078 17.4703369140625 16.62620735168457 
29.367136001586914 16.43987274169922 16.421823501586914 16.46329689025879 16.981311798095703 17.129375457763672 17.017791748046875 16.970048904418945 23.4553279876709 17.144031524658203 16.96031951904297 17.20966339111328 16.653440475463867 17.144607543945312 16.659648895263672 16.58835220336914 
29.408479690551758 16.430912017822266 16.42870330810547 16.391647338867188 16.451391220092773 16.4881591796875 16.990272521972656 17.066944122314453 22.587488174438477 18.370624542236328 16.880319595336914 17.31273651123047 16.905536651611328 17.38947105407715 17.130687713623047 17.097312927246094 
29.402912139892578 16.471391677856445 16.44278335571289 16.42313575744629 16.775936126708984 16.76304054260254 17.066335678100586 17.37433624267578 22.616832733154297 17.28780746459961 16.804927825927734 17.319168090820312 16.69036865234375 17.172576904296875 16.61017608642578 17.73859214782715 
29.380224227905273 16.43814468383789 16.466175079345703 16.599647521972656 16.604576110839844 16.581504821777344 16.55344009399414 17.04863929748535 24.26483154296875 16.701248168945312 17.489856719970703 16.596927642822266 18.39232063293457 17.07651138305664 17.636959075927734 17.30841636657715 
29.416704177856445 16.4466552734375 16.405120849609375 16.473247528076172 16.46723175048828 16.925920486450195 17.04876708984375 17.00044822692871 23.139551162719727 17.788192749023438 16.555936813354492 16.570207595825195 16.565183639526367 17.85753631591797 17.037887573242188 17.41484832763672 
49.119041442871094 34.564640045166016 36.16828918457031 36.48601531982422 35.54159927368164 35.65049743652344 36.25689697265625 39.66128158569336 43.282718658447266 34.84793472290039 34.71321487426758 34.9284782409668 35.16886520385742 34.743614196777344 35.131744384765625 34.92787170410156 
64.85234832763672 34.332576751708984 35.794334411621094 35.72623825073242 35.66304016113281 35.67030334472656 35.51446533203125 36.062721252441406 40.224159240722656 34.54572677612305 34.8856315612793 36.19792175292969 34.53036880493164 34.70713424682617 34.817054748535156 35.08291244506836 
51.96006393432617 34.10505676269531 36.01852798461914 35.39228820800781 35.887454986572266 35.39484786987305 35.24147033691406 99.01789093017578 43.70323181152344 34.7371826171875 35.3039665222168 34.67881774902344 35.009246826171875 34.6962890625 34.88924789428711 37.1201286315918 
52.96799850463867 35.46748733520508 35.228126525878906 35.08678436279297 35.320926666259766 36.355712890625 36.46963119506836 98.13209533691406 42.14227294921875 34.72025680541992 35.03830337524414 35.02569580078125 34.89990234375 35.03862380981445 34.763038635253906 34.60883331298828 
51.121246337890625 34.85686492919922 35.192352294921875 35.08051300048828 35.566463470458984 36.53731155395508 36.30080032348633 94.35043334960938 43.77334213256836 34.82080078125 34.97516632080078 34.59708786010742 35.34729766845703 34.55302429199219 34.71209716796875 35.1923828125 
53.98847961425781 34.23632049560547 35.20646286010742 35.74867248535156 35.87635040283203 35.08319854736328 34.697601318359375 93.69471740722656 41.76931381225586 36.00831985473633 34.68339157104492 34.82534408569336 34.76371383666992 35.648353576660156 34.681663513183594 34.75212860107422 
54.02115249633789 34.23497772216797 35.659584045410156 35.824031829833984 35.597408294677734 35.196895599365234 35.905086517333984 36.30713653564453 43.7690544128418 34.58473587036133 34.69001770019531 34.6102409362793 34.75766372680664 35.17593765258789 35.748897552490234 35.48246383666992 
55.12374496459961 34.170654296875 35.147361755371094 36.25651168823242 35.8935661315918 35.94607925415039 35.51084899902344 35.82371139526367 38.9758415222168 34.98400115966797 34.801025390625 34.931583404541016 35.17353439331055 34.797950744628906 34.662750244140625 34.97459030151367 
52.98303985595703 34.15382385253906 34.562782287597656 36.754112243652344 36.211360931396484 35.54079818725586 35.95328140258789 111.73693084716797 42.18467330932617 34.770206451416016 36.04412841796875 35.64003372192383 34.70771026611328 34.985984802246094 35.05449676513672 34.74755096435547 
51.9068489074707 34.49590301513672 34.57279968261719 35.39273452758789 35.34102249145508 35.31462478637695 34.66329574584961 87.46185302734375 42.11500930786133 34.669246673583984 34.68262481689453 35.33881759643555 35.41526412963867 34.774112701416016 35.46495819091797 34.915008544921875 
39.88118362426758 24.87500762939453 26.303327560424805 25.268672943115234 25.435136795043945 117.71430206298828 18.008895874023438 18.281408309936523 23.38368034362793 19.563968658447266 19.200735092163086 18.816736221313477 18.534208297729492 19.327808380126953 18.51558494567871 19.18364715576172 
19.631103515625 18.658592224121094 18.771615982055664 19.04844856262207 19.13190460205078 19.181087493896484 19.2827205657959 19.36579132080078 27.492544174194336 18.49388885498047 18.912864685058594 18.833824157714844 18.789472579956055 18.980480194091797 18.940288543701172 18.623455047607422 
37.7116813659668 24.885183334350586 27.378496170043945 27.363264083862305 25.303295135498047 28.396032333374023 25.252704620361328 70.01725006103516 22.901023864746094 18.753887176513672 18.443071365356445 18.452064514160156 19.746112823486328 19.18499183654785 19.229888916015625 19.316255569458008 
18.9366397857666 18.67011260986328 18.820159912109375 18.985376358032227 18.87763214111328 18.820287704467773 18.725727081298828 18.668256759643555 23.729631423950195 18.62601661682129 19.19913673400879 19.808095932006836 18.698623657226562 18.9881591796875 18.92304039001465 18.758560180664062 
38.76124954223633 24.88457679748535 25.258623123168945 25.338176727294922 25.271392822265625 26.34137535095215 25.2554874420166 88.90966033935547 22.965824127197266 18.771263122558594 18.678464889526367 18.63055992126465 19.33919906616211 19.190399169921875 18.972063064575195 18.67401695251465 
18.840511322021484 18.37696075439453 18.33148765563965 18.45952033996582 18.55615997314453 18.60550308227539 18.768896102905273 18.802560806274414 25.23379135131836 19.046016693115234 19.007295608520508 18.540416717529297 18.56550407409668 18.77814483642578 19.3819522857666 19.987648010253906 
37.7147216796875 24.89187240600586 25.273311614990234 26.330495834350586 26.566112518310547 26.175968170166016 25.244192123413086 85.8895034790039 22.77619171142578 18.73628807067871 18.888383865356445 19.612895965576172 19.08780860900879 18.974079132080078 18.76233673095703 18.565439224243164 
18.938335418701172 18.471935272216797 18.435712814331055 18.632095336914062 18.795616149902344 18.870336532592773 18.915264129638672 19.039583206176758 22.92508888244629 19.036415100097656 19.599807739257812 18.852352142333984 18.79136085510254 19.163103103637695 18.54960060119629 19.03107261657715 
39.748512268066406 24.963808059692383 25.258207321166992 25.251327514648438 25.293216705322266 26.446048736572266 25.201152801513672 97.72614288330078 22.536319732666016 18.493728637695312 18.41094398498535 19.111743927001953 19.400896072387695 19.267744064331055 18.94767951965332 18.673856735229492 
18.80940818786621 18.33113670349121 18.342592239379883 18.53670310974121 18.599424362182617 18.78633689880371 18.727615356445312 18.769535064697266 24.61680030822754 19.384767532348633 19.139711380004883 19.926048278808594 19.208383560180664 19.060672760009766 18.87945556640625 18.744447708129883 
37.712318420410156 24.862272262573242 25.285184860229492 25.291135787963867 25.248672485351562 25.24675178527832 71.92774200439453 24.7890567779541 23.43622398376465 18.827455520629883 18.378559112548828 18.44175910949707 18.48419189453125 19.112735748291016 18.7073917388916 18.634239196777344 
18.66476821899414 18.293792724609375 18.459999084472656 18.5664005279541 18.626815795898438 18.81177520751953 18.834144592285156 18.853343963623047 24.461151123046875 19.051776885986328 18.763872146606445 19.381376266479492 18.9401912689209 18.651968002319336 18.568864822387695 19.440959930419922 
38.744384765625 24.91084861755371 26.327167510986328 25.266496658325195 25.258047103881836 26.316192626953125 26.40729522705078 97.46717071533203 22.623584747314453 18.752256393432617 19.460128784179688 19.636192321777344 18.929471969604492 19.13052749633789 18.50783920288086 18.522464752197266 
19.0914249420166 18.55129623413086 18.695072174072266 18.86275291442871 18.871007919311523 18.773439407348633 18.77030372619629 18.87993621826172 23.345855712890625 19.034048080444336 18.817888259887695 18.521503448486328 18.555967330932617 18.609344482421875 19.38947105407715 19.172256469726562 
38.7325439453125 24.916095733642578 26.32828712463379 26.323936462402344 25.270816802978516 26.38083267211914 25.235103607177734 111.07113647460938 24.048864364624023 18.48099136352539 18.277664184570312 19.3624324798584 19.05638313293457 18.89027214050293 18.641952514648438 19.91756820678711 
18.874752044677734 18.290464401245117 18.45008087158203 18.762943267822266 19.048736572265625 18.970144271850586 18.9682559967041 18.957984924316406 25.153919219970703 18.554399490356445 18.480127334594727 19.264415740966797 19.113727569580078 18.9652156829834 19.35443115234375 19.081247329711914 
37.69465637207031 24.923519134521484 25.407167434692383 25.172800064086914 25.26473617553711 26.327743530273438 25.265920639038086 94.10105895996094 23.22015953063965 19.053855895996094 19.173471450805664 18.559904098510742 18.72742462158203 18.50092887878418 19.12214469909668 19.18681526184082 
19.31372833251953 18.639999389648438 18.597183227539062 18.825023651123047 18.93984031677246 18.90617561340332 18.96886444091797 19.35750389099121 23.47148895263672 19.14348793029785 18.925983428955078 18.711936950683594 18.38262367248535 18.5644474029541 19.049407958984375 19.90025520324707 
40.87526321411133 24.875455856323242 26.351200103759766 26.273216247558594 25.273855209350586 28.444671630859375 25.231807708740234 79.19055938720703 22.370527267456055 19.107295989990234 19.36297607421875 19.170976638793945 18.749311447143555 18.801599502563477 18.36720085144043 19.064096450805664 
19.22710418701172 18.76790428161621 18.623519897460938 18.744640350341797 18.814624786376953 18.87353515625 19.088544845581055 19.051103591918945 23.120031356811523 18.668224334716797 18.61516761779785 18.570112228393555 19.582624435424805 18.670015335083008 19.05878448486328 18.88198471069336 
33.70751953125 18.122175216674805 18.121984481811523 18.487680435180664 18.862560272216797 18.849536895751953 18.857088088989258 18.516511917114258 21.733535766601562 19.0762882232666 19.88252830505371 19.299392700195312 19.103839874267578 18.56879997253418 18.66703987121582 19.1213436126709 
21.07548713684082 20.08038330078125 19.904191970825195 19.93891143798828 19.921855926513672 19.99603271484375 20.11644744873047 20.044031143188477 31.070463180541992 20.24060821533203 20.264352798461914 20.03638458251953 20.214208602905273 20.440351486206055 20.263168334960938 20.444704055786133 
54.74649429321289 18.120704650878906 18.229888916015625 18.323871612548828 18.37606430053711 18.525632858276367 18.434368133544922 18.451616287231445 22.743423461914062 19.210975646972656 18.731552124023438 18.504831314086914 18.179424285888672 19.54262351989746 20.0231990814209 19.31692886352539 
20.3786563873291 19.864063262939453 19.750207901000977 20.40550422668457 20.581823348999023 20.723072052001953 20.594303131103516 20.413408279418945 30.083999633789062 20.668672561645508 20.39910316467285 20.1646728515625 20.173599243164062 19.984479904174805 20.264896392822266 20.646751403808594 
65.17324829101562 18.069664001464844 18.097152709960938 18.27129554748535 18.824127197265625 18.71660804748535 18.773984909057617 18.59600067138672 23.029951095581055 20.131807327270508 19.586687088012695 19.353151321411133 18.789024353027344 18.407455444335938 18.48054313659668 19.45097541809082 
22.09347152709961 21.177791595458984 19.822751998901367 19.76790428161621 19.709440231323242 19.75484848022461 19.915008544921875 19.859264373779297 24.33296012878418 20.37923240661621 20.46793556213379 20.475488662719727 20.614368438720703 20.636703491210938 20.358400344848633 20.37107276916504 
66.28268432617188 18.09391975402832 18.142751693725586 18.4116153717041 18.42857551574707 18.44361686706543 18.740224838256836 18.744831085205078 22.427711486816406 19.014240264892578 19.154943466186523 19.77452850341797 19.994367599487305 19.211231231689453 18.812223434448242 18.538496017456055 
20.06083106994629 19.642688751220703 19.695775985717773 19.76483154296875 19.825279235839844 19.709728240966797 19.651775360107422 19.630271911621094 24.02556800842285 20.279455184936523 20.38969612121582 20.35161590576172 20.477951049804688 20.45542335510254 20.455936431884766 21.14313507080078 
64.1619873046875 18.102975845336914 18.133119583129883 18.15977668762207 18.21459197998047 18.385984420776367 18.35443115234375 18.563135147094727 23.779136657714844 18.913280487060547 19.18671989440918 19.621183395385742 20.057279586791992 19.19254493713379 18.87228775024414 18.342687606811523 
20.1876163482666 19.702016830444336 19.70732879638672 19.71129608154297 19.739839553833008 19.925472259521484 19.958656311035156 19.875328063964844 22.129663467407227 20.45292854309082 20.206687927246094 20.042367935180664 20.107807159423828 20.186336517333984 20.068832397460938 20.420352935791016 
65.20556640625 18.07811164855957 18.110687255859375 18.15670394897461 18.574975967407227 18.877504348754883 18.874591827392578 18.818239212036133 23.455488204956055 18.526464462280273 18.793888092041016 19.129247665405273 19.982112884521484 19.412128448486328 18.976608276367188 18.82956886291504 
20.192575454711914 19.690528869628906 19.599584579467773 19.692832946777344 19.7042236328125 19.914623260498047 19.895904541015625 19.909088134765625 29.134336471557617 20.576223373413086 20.12860870361328 20.139904022216797 20.145248413085938 20.118240356445312 20.384063720703125 20.615711212158203 
57.85887908935547 18.08051109313965 18.107999801635742 18.32044792175293 18.46303939819336 18.469247817993164 18.366304397583008 18.51955223083496 21.771583557128906 18.968032836914062 18.38822364807129 18.542400360107422 19.37049674987793 19.798784255981445 19.15670394897461 19.098560333251953 
20.191871643066406 19.74025535583496 19.838560104370117 19.851200103759766 19.971040725708008 19.941791534423828 19.90729522705078 19.921951293945312 29.493728637695312 20.05254364013672 20.190752029418945 20.403648376464844 20.092639923095703 20.588512420654297 20.469247817993164 20.87366485595703 
64.12985229492188 18.085792541503906 18.209375381469727 18.59017562866211 18.660736083984375 18.842432022094727 18.99635124206543 19.02720069885254 23.95680046081543 19.092992782592773 19.5262393951416 19.2174072265625 19.17635154724121 18.686464309692383 18.67081642150879 18.969472885131836 
20.962112426757812 20.141759872436523 20.14614486694336 19.9638729095459 20.04198455810547 19.945951461791992 20.092992782592773 20.61395263671875 30.28188705444336 20.06287956237793 20.057024002075195 20.468223571777344 20.408063888549805 21.016639709472656 20.392223358154297 20.295488357543945 
69.3884506225586 18.111072540283203 18.189279556274414 18.21958351135254 18.35500717163086 18.847328186035156 18.984256744384766 83.25536346435547 21.95724868774414 18.820768356323242 19.274656295776367 20.12403106689453 19.447391510009766 19.009599685668945 18.8703670501709 18.47020721435547 
20.282880783081055 19.74496078491211 19.638751983642578 19.736736297607422 19.771711349487305 19.859647750854492 20.06540870666504 19.876991271972656 23.430400848388672 20.283327102661133 21.858144760131836 20.35759925842285 19.943391799926758 20.442623138427734 20.116287231445312 20.410144805908203 
58.88774490356445 18.118816375732422 18.118175506591797 18.478975296020508 18.857568740844727 18.93401527404785 18.95859146118164 18.718399047851562 22.374208450317383 19.483104705810547 19.662080764770508 18.879167556762695 18.753215789794922 18.658143997192383 19.267744064331055 19.55580711364746 
20.897695541381836 19.974496841430664 19.970720291137695 20.273984909057617 20.20854377746582 20.1724796295166 20.18022346496582 20.29408073425293 24.295520782470703 20.610048294067383 20.421184539794922 20.35001564025879 19.92972755432129 21.0248966217041 20.129215240478516 19.8571834564209 
60.241729736328125 18.365856170654297 18.41859245300293 18.60393524169922 18.718656539916992 18.67977523803711 18.715423583984375 18.707744598388672 24.213407516479492 19.254528045654297 19.145183563232422 19.131263732910156 19.349184036254883 19.325727462768555 19.170207977294922 19.50102424621582 
19.48588752746582 18.889728546142578 18.865760803222656 18.974464416503906 19.155519485473633 19.301376342773438 19.27631950378418 19.344383239746094 22.753952026367188 19.39686393737793 19.519935607910156 19.225120544433594 19.510719299316406 19.042367935180664 18.946975708007812 19.24095916748047 
41.33407974243164 18.40496063232422 18.507551193237305 18.807327270507812 19.050495147705078 18.64396858215332 18.56870460510254 192.23269653320312 24.43881607055664 19.663936614990234 18.97760009765625 19.676223754882812 19.332576751708984 19.65068817138672 19.118688583374023 19.61123275756836 
19.02956771850586 18.59823989868164 18.63817596435547 18.865055084228516 18.936511993408203 18.901824951171875 18.958431243896484 18.96892738342285 22.261024475097656 19.219039916992188 19.315616607666016 19.473600387573242 19.357696533203125 18.879072189331055 19.06608009338379 18.995967864990234 
52.88284683227539 18.410783767700195 18.75276756286621 19.524703979492188 19.39446449279785 19.132736206054688 18.84499168395996 87.52460479736328 25.156831741333008 19.908992767333984 19.599552154541016 19.507776260375977 19.07142448425293 19.36636734008789 18.999391555786133 19.333248138427734 
18.993696212768555 18.592575073242188 18.69500732421875 18.69647979736328 18.771135330200195 18.847135543823242 19.0262393951416 19.16089630126953 20.832735061645508 19.864639282226562 19.422143936157227 19.292255401611328 19.30134391784668 18.9003849029541 18.90924835205078 18.890399932861328 
64.62691497802734 18.79052734375 19.031103134155273 18.84511947631836 18.907136917114258 18.920608520507812 18.823808670043945 18.93961524963379 24.187328338623047 19.564287185668945 19.054431915283203 18.990495681762695 19.253503799438477 19.0183048248291 18.902816772460938 18.91062355041504 
19.80454444885254 18.981792449951172 18.96556854248047 19.003616333007812 19.445119857788086 19.384159088134766 19.271455764770508 19.267488479614258 26.896575927734375 18.878816604614258 19.04159927368164 19.382816314697266 18.96793556213379 19.384000778198242 19.441247940063477 19.690271377563477 
51.82592010498047 18.49955177307129 18.766111373901367 19.028383255004883 18.68726348876953 18.60585594177246 112.45455932617188 18.305471420288086 25.05580711364746 19.280128479003906 19.063583374023438 19.059072494506836 20.109119415283203 19.047903060913086 19.150527954101562 19.53545570373535 
19.537919998168945 18.908992767333984 18.98700714111328 19.002111434936523 19.14352035522461 19.260095596313477 19.259775161743164 19.255680084228516 24.795263290405273 19.0435848236084 19.534719467163086 19.8787841796875 19.568384170532227 19.37183952331543 19.035615921020508 19.411775588989258 
51.907936096191406 18.403648376464844 18.799455642700195 19.010847091674805 18.85580825805664 18.64838409423828 188.11033630371094 18.33718490600586 22.959264755249023 19.180831909179688 19.630271911621094 20.074016571044922 19.67375946044922 19.111072540283203 19.57916831970215 19.40790367126465 
19.38707160949707 18.998079299926758 19.365568161010742 19.711200714111328 19.85923194885254 19.313695907592773 19.347200393676758 19.443359375 25.242591857910156 18.874656677246094 18.92416000366211 19.559551239013672 19.712575912475586 19.95894432067871 19.72470474243164 19.621248245239258 
37.137184143066406 18.333919525146484 18.596256256103516 19.100351333618164 18.976032257080078 18.593568801879883 18.863168716430664 90.578369140625 25.424640655517578 19.141376495361328 18.99305534362793 18.627775192260742 19.332256317138672 18.963008880615234 19.867008209228516 19.42742347717285 
19.35651206970215 18.768768310546875 18.866975784301758 18.971168518066406 19.03558349609375 19.275007247924805 19.22879981994629 19.361215591430664 25.95734405517578 19.02387237548828 19.316896438598633 19.96124839782715 19.58950424194336 19.593791961669922 19.57369613647461 19.5994873046875 
48.70854568481445 18.358400344848633 18.756288528442383 19.031328201293945 19.153919219970703 19.350496292114258 19.34809684753418 183.06582641601562 22.47715187072754 19.189695358276367 19.330495834350586 19.272960662841797 18.92585563659668 19.41107177734375 19.678239822387695 19.032447814941406 
19.49635124206543 18.880544662475586 19.16694450378418 19.250431060791016 19.406911849975586 19.55423927307129 19.84739112854004 19.923519134521484 22.94211196899414 19.431007385253906 18.913408279418945 18.89401626586914 19.242015838623047 19.127424240112305 20.010208129882812 19.528831481933594 
45.5346565246582 18.421728134155273 18.546112060546875 18.89299201965332 19.00009536743164 18.789247512817383 115.20550537109375 18.33660888671875 24.65113639831543 19.687744140625 19.17795181274414 19.673824310302734 19.408416748046875 19.109439849853516 18.942176818847656 19.127744674682617 
19.03558349609375 18.635135650634766 18.72867202758789 18.792959213256836 18.97590446472168 19.136383056640625 19.14691162109375 19.254623413085938 22.271648406982422 19.80415916442871 19.36262321472168 19.612192153930664 19.533119201660156 19.20038414001465 19.45801544189453 19.108320236206055 
48.68732833862305 18.415071487426758 18.597375869750977 18.97327995300293 18.88185691833496 18.620832443237305 18.723360061645508 188.18751525878906 21.838207244873047 19.15772819519043 19.19059181213379 19.50396728515625 20.121055603027344 19.607423782348633 19.08412742614746 19.610048294067383 
19.060224533081055 18.87548828125 18.927743911743164 18.986112594604492 19.625152587890625 19.77168083190918 19.77555274963379 19.714143753051758 26.113536834716797 18.991167068481445 19.046560287475586 20.13750457763672 18.865856170654297 18.987871170043945 19.172096252441406 19.131744384765625 
50.38771057128906 24.65167999267578 25.286144256591797 25.3023681640625 25.48512077331543 25.67888069152832 25.170207977294922 56.621150970458984 32.66032028198242 25.290016174316406 25.723583221435547 25.619552612304688 26.110336303710938 25.961824417114258 25.265024185180664 25.94713592529297 
61.182273864746094 24.873952865600586 24.655424118041992 24.898624420166016 25.104543685913086 25.595136642456055 25.406047821044922 97.30131530761719 29.12272071838379 26.081727981567383 26.137855529785156 25.42313575744629 25.600383758544922 25.6744327545166 25.859519958496094 25.990272521972656 
63.174400329589844 24.577983856201172 25.366912841796875 25.62384033203125 25.600767135620117 25.613088607788086 25.699935913085938 25.62566375732422 32.828575134277344 25.379392623901367 25.999488830566406 25.606752395629883 25.524768829345703 25.409536361694336 26.186527252197266 25.46758460998535 
59.081695556640625 24.648191452026367 24.62268829345703 25.494112014770508 25.688928604125977 25.575359344482422 25.303327560424805 25.638015747070312 34.11363220214844 25.431455612182617 25.655424118041992 25.85308837890625 25.789087295532227 25.712095260620117 25.57651138305664 26.03878402709961 
63.11212921142578 24.62950325012207 24.960607528686523 25.294015884399414 26.25948715209961 26.083999633789062 25.39811134338379 26.504064559936523 32.95280075073242 25.556575775146484 25.741376876831055 26.182912826538086 25.463199615478516 25.661792755126953 25.677663803100586 26.01638412475586 
55.83929443359375 24.581920623779297 25.525535583496094 25.943456649780273 25.53539276123047 25.355775833129883 25.816383361816406 25.699840545654297 34.9598388671875 25.779647827148438 26.07267189025879 25.595552444458008 25.44486427307129 26.018815994262695 25.60793685913086 25.635007858276367 
59.92617416381836 24.631071090698242 24.952863693237305 25.12518310546875 25.126848220825195 25.276159286499023 25.506656646728516 25.596479415893555 33.98495864868164 25.16748809814453 26.138687133789062 25.5512638092041 25.84342384338379 25.332063674926758 26.128063201904297 25.80975914001465 
60.10553741455078 24.60748863220215 24.945568084716797 24.82249641418457 25.496000289916992 25.814048767089844 25.326528549194336 25.088415145874023 36.10665512084961 25.458911895751953 26.6297607421875 25.538047790527344 25.391359329223633 25.5831356048584 25.565696716308594 26.11404800415039 
56.72441482543945 24.611936569213867 24.668384552001953 25.024032592773438 25.24617576599121 25.53811264038086 25.058271408081055 25.13484764099121 32.7872314453125 25.361984252929688 25.79088020324707 27.428895950317383 25.605920791625977 25.066112518310547 26.09449577331543 25.59676742553711 
62.18134307861328 24.640127182006836 25.102848052978516 25.017791748046875 25.38105583190918 26.040607452392578 25.75142478942871 26.67638397216797 33.437374114990234 25.396352767944336 25.462528228759766 26.317792892456055 25.492191314697266 26.007551193237305 25.696096420288086 26.106367111206055 
56.06748962402344 19.058048248291016 18.849151611328125 18.908063888549805 18.944032669067383 19.22528076171875 19.290271759033203 19.38719940185547 25.552448272705078 19.32374382019043 19.44879913330078 19.303680419921875 19.531200408935547 19.356096267700195 19.14156723022461 19.551456451416016 
18.96758460998535 18.75062370300293 18.79305648803711 18.85251235961914 18.861120223999023 18.93129539489746 18.963455200195312 19.044095993041992 20.63750457763672 19.153440475463867 19.105632781982422 19.163936614990234 19.675647735595703 19.049312591552734 18.83660888671875 19.394847869873047 
63.17747116088867 18.84172821044922 18.863391876220703 19.102176666259766 19.220544815063477 19.271039962768555 19.283552169799805 19.337888717651367 23.192031860351562 19.410303115844727 19.873472213745117 19.398656845092773 19.000511169433594 19.32908821105957 19.351680755615234 19.572223663330078 
19.017440795898438 18.74630355834961 19.0020809173584 18.998624801635742 18.964096069335938 18.960031509399414 18.897855758666992 18.878368377685547 22.046335220336914 19.0797119140625 19.712928771972656 19.048032760620117 19.140544891357422 19.27952003479004 19.24025535583496 19.80169677734375 
63.18796920776367 18.817951202392578 18.871488571166992 19.015296936035156 19.186687469482422 19.298816680908203 19.41267204284668 19.50092887878418 23.75644874572754 19.495168685913086 19.688032150268555 20.105247497558594 19.413183212280273 19.33577537536621 19.35523223876953 19.381887435913086 
18.99625587463379 18.72444725036621 18.80998420715332 18.989343643188477 18.981632232666016 18.929248809814453 18.897247314453125 19.03209686279297 21.31599998474121 19.244224548339844 19.444255828857422 19.52649688720703 19.055200576782227 19.19878387451172 19.251903533935547 19.223487854003906 
66.34563446044922 18.865312576293945 19.026464462280273 19.43084716796875 19.623104095458984 19.610719680786133 19.789152145385742 19.844064712524414 24.125152587890625 19.511743545532227 19.341184616088867 19.387840270996094 19.48633575439453 19.56598472595215 19.725759506225586 19.573471069335938 
19.161439895629883 18.983840942382812 19.098527908325195 19.246400833129883 19.212543487548828 19.41059112548828 19.324512481689453 19.675264358520508 21.254240036010742 19.125728607177734 19.11177635192871 20.493471145629883 19.05129623413086 19.040512084960938 19.093151092529297 19.12188720703125 
60.069793701171875 18.810367584228516 18.846464157104492 19.1810245513916 19.186880111694336 20.17430305480957 19.801471710205078 19.678592681884766 24.49158477783203 19.99724769592285 19.467872619628906 19.420352935791016 19.436927795410156 19.15827178955078 19.199392318725586 19.410432815551758 
18.985471725463867 18.701568603515625 18.691776275634766 18.87183952331543 18.953216552734375 18.901472091674805 18.883136749267578 18.9967041015625 22.466623306274414 21.547712326049805 19.038175582885742 19.339839935302734 19.075328826904297 19.17740821838379 19.189151763916016 19.250368118286133 
49.51689529418945 18.82329559326172 18.883071899414062 19.22809600830078 19.30905532836914 19.419296264648438 19.481056213378906 19.566303253173828 25.390207290649414 19.79350471496582 19.30508804321289 19.401824951171875 19.368192672729492 19.40355110168457 19.45052719116211 19.49273681640625 
18.911455154418945 19.03718376159668 19.37740707397461 19.418272018432617 19.638687133789062 19.39072036743164 19.304960250854492 19.118560791015625 21.801599502563477 19.145536422729492 19.143871307373047 19.11907196044922 18.803071975708008 19.022911071777344 19.429855346679688 19.24060821533203 
63.18860626220703 18.851072311401367 18.875072479248047 19.518688201904297 19.967647552490234 19.854656219482422 20.003711700439453 20.225727081298828 24.092927932739258 19.438016891479492 19.258047103881836 19.41916847229004 19.44393539428711 19.456768035888672 19.503456115722656 19.530847549438477 
19.274879455566406 18.9748477935791 19.27190399169922 19.30940818786621 19.521055221557617 19.613727569580078 19.750272750854492 19.792800903320312 19.581056594848633 19.523839950561523 18.973791122436523 19.005855560302734 19.063264846801758 19.45644760131836 19.0250244140625 18.680864334106445 
86.40223693847656 18.894176483154297 18.876415252685547 18.989120483398438 19.272319793701172 19.269535064697266 19.277856826782227 19.409791946411133 26.455135345458984 19.508480072021484 19.385408401489258 19.551136016845703 19.74563217163086 20.43395233154297 19.682432174682617 19.41200065612793 
18.90991973876953 18.67420768737793 18.709184646606445 18.72617530822754 18.853824615478516 19.03830337524414 19.081056594848633 19.29529571533203 22.023168563842773 19.24928092956543 18.93769645690918 19.043455123901367 19.108991622924805 19.004575729370117 19.084672927856445 19.098560333251953 
60.0305290222168 18.75174331665039 18.85196876525879 19.169504165649414 19.2258243560791 19.239871978759766 19.198368072509766 19.234912872314453 22.77836799621582 19.538911819458008 19.3973445892334 19.42505645751953 19.421344757080078 19.62771224975586 19.502784729003906 19.468128204345703 
18.84000015258789 18.944480895996094 19.00271987915039 19.29199981689453 19.43657684326172 19.444223403930664 19.36479949951172 19.277311325073242 20.779104232788086 18.96272087097168 19.082176208496094 18.985279083251953 19.3734073638916 18.999231338500977 18.89798355102539 19.115327835083008 
43.29859161376953 18.89072036743164 18.80678367614746 19.12995147705078 19.24787139892578 19.520000457763672 19.424287796020508 60.55807876586914 24.490591049194336 19.928159713745117 19.520000457763672 19.496768951416016 19.16748809814453 20.16383934020996 19.458175659179688 19.399551391601562 
19.117887496948242 18.793664932250977 18.7872314453125 18.870655059814453 18.979583740234375 19.191808700561523 19.047359466552734 19.109216690063477 22.184127807617188 19.148639678955078 19.090879440307617 19.14726448059082 19.11359977722168 19.334688186645508 19.144960403442383 19.15376091003418 
70.86348724365234 26.77574348449707 27.78838348388672 28.525951385498047 27.438112258911133 28.00614356994629 27.513504028320312 30.972576141357422 34.36943817138672 27.6494083404541 27.885759353637695 27.66396713256836 27.562559127807617 27.694496154785156 27.958528518676758 28.22332763671875 
44.62473678588867 28.546335220336914 29.345855712890625 27.358463287353516 27.729248046875 27.44588851928711 91.38121795654297 43.2437744140625 35.01987075805664 27.285215377807617 27.389568328857422 27.84774398803711 28.437280654907227 27.858240127563477 27.531967163085938 27.591487884521484 
43.58531188964844 27.6778564453125 28.01897621154785 26.99020767211914 27.86319923400879 29.455711364746094 27.825088500976562 106.6148452758789 36.86064147949219 27.40323257446289 28.038528442382812 27.643871307373047 27.58745574951172 28.03571128845215 27.82694435119629 28.109119415283203 
43.530303955078125 27.120832443237305 28.55459213256836 27.8525447845459 28.06707191467285 28.369600296020508 31.94937515258789 107.92393493652344 37.92115020751953 27.119359970092773 27.493568420410156 27.46828842163086 27.666015625 28.188480377197266 27.932832717895508 28.14352035522461 
43.566654205322266 28.762592315673828 29.078208923339844 26.92265510559082 26.95123291015625 27.034048080444336 27.516544342041016 95.62566375732422 35.699520111083984 28.03651237487793 28.05401611328125 27.735071182250977 27.681407928466797 27.663711547851562 28.33135986328125 27.990623474121094 
43.565406799316406 26.97385597229004 28.848512649536133 27.87830352783203 27.34671974182129 29.087039947509766 27.386592864990234 107.6813735961914 36.064735412597656 27.241439819335938 27.90617561340332 28.038143157958984 28.352672576904297 28.03468894958496 28.012287139892578 27.976831436157227 
44.55168151855469 28.245759963989258 27.934112548828125 27.713760375976562 28.153472900390625 28.101472854614258 28.36390495300293 109.66051483154297 35.32726287841797 28.04591941833496 27.90985679626465 27.814687728881836 27.536319732666016 27.950847625732422 28.030656814575195 27.503936767578125 
43.46796798706055 28.24060821533203 28.888639450073242 27.946144104003906 27.410463333129883 27.98956871032715 27.27894401550293 106.35151672363281 35.581214904785156 27.28883171081543 28.29043197631836 31.047040939331055 27.41155242919922 27.447616577148438 27.767295837402344 28.33344078063965 
43.50316619873047 27.726207733154297 29.573375701904297 27.290624618530273 27.9451847076416 27.54102325439453 27.280672073364258 93.45126342773438 34.63203048706055 27.705888748168945 27.900768280029297 27.845439910888672 28.592256546020508 27.7838077545166 27.530176162719727 27.752479553222656 
43.536865234375 27.121856689453125 27.914464950561523 28.054399490356445 28.136768341064453 28.378368377685547 28.33737564086914 122.21478271484375 35.18016052246094 27.291072845458984 28.548063278198242 28.21161651611328 28.439712524414062 27.67616081237793 28.526208877563477 27.836767196655273 
44.80121612548828 28.651744842529297 28.921119689941406 28.86639976501465 29.215072631835938 29.00227165222168 29.275327682495117 100.54707336425781 36.02012634277344 29.128416061401367 28.4814395904541 29.384735107421875 29.122783660888672 29.56732749938965 29.282175064086914 29.265216827392578 
49.291358947753906 28.303295135498047 28.818239212036133 29.05615997314453 29.24380874633789 29.19059181213379 29.294015884399414 29.7106876373291 37.9633903503418 29.18764877319336 28.837696075439453 29.011104583740234 29.35923194885254 29.654624938964844 28.679872512817383 29.138208389282227 
49.208831787109375 28.608383178710938 28.783967971801758 29.50079917907715 29.414527893066406 29.857887268066406 29.805471420288086 29.82159996032715 36.94255828857422 29.210111618041992 29.70604705810547 29.48828887939453 28.745216369628906 30.1396484375 29.210912704467773 29.038015365600586 
50.277278900146484 28.562047958374023 29.953855514526367 30.534175872802734 30.150047302246094 29.407264709472656 29.18057632446289 111.1701431274414 38.31043243408203 28.914688110351562 29.68943977355957 28.509599685668945 29.38198471069336 28.79145622253418 29.606719970703125 29.019487380981445 
47.06291198730469 28.77484893798828 28.893152236938477 29.854719161987305 29.941152572631836 29.864992141723633 29.353376388549805 29.231935501098633 37.711551666259766 28.718975067138672 29.301088333129883 28.71811294555664 29.24355125427246 29.033184051513672 29.621503829956055 29.123584747314453 
48.141761779785156 28.640640258789062 28.960063934326172 29.677152633666992 29.216928482055664 29.368640899658203 29.157920837402344 28.908607482910156 38.88479995727539 29.18294334411621 29.075647354125977 29.01375961303711 28.607040405273438 29.47702407836914 29.03775978088379 30.30352020263672 
49.188480377197266 28.673856735229492 29.089824676513672 29.782527923583984 29.2511043548584 29.82032012939453 29.132352828979492 29.77872085571289 37.7176628112793 28.780799865722656 29.2106876373291 29.010751724243164 29.30463981628418 29.099519729614258 28.982080459594727 29.27155113220215 
63.94918441772461 28.23366355895996 28.721696853637695 29.250335693359375 29.640703201293945 29.102336883544922 29.654720306396484 28.958112716674805 35.40755081176758 29.070816040039062 29.158239364624023 29.405183792114258 29.27881622314453 28.988319396972656 29.34864044189453 29.118112564086914 
49.27734375 28.265567779541016 28.755840301513672 28.997055053710938 29.528608322143555 29.719392776489258 28.82851219177246 137.29087829589844 36.99283218383789 29.37558364868164 28.44905662536621 29.342432022094727 28.980640411376953 29.390975952148438 29.144287109375 29.518367767333984 
47.0228157043457 28.832128524780273 28.714176177978516 28.73865509033203 29.47443199157715 29.103071212768555 29.51900863647461 30.02332878112793 35.64303970336914 28.987295150756836 29.068288803100586 28.68694305419922 29.006879806518555 31.639616012573242 28.707744598388672 29.390975952148438 
39.338623046875 22.66659164428711 27.6582088470459 22.538368225097656 22.54262351989746 22.487648010253906 22.416479110717773 22.583263397216797 33.53948974609375 23.106367111206055 23.28451156616211 23.357791900634766 23.605215072631836 22.739999771118164 23.741344451904297 23.317119598388672 
39.39654541015625 22.841888427734375 22.733823776245117 22.878751754760742 22.84009552001953 23.024383544921875 22.776607513427734 22.823360443115234 33.4284782409668 22.644479751586914 22.95884895324707 22.893375396728516 22.64793586730957 23.034208297729492 22.89151954650879 23.964895248413086 
38.26649475097656 25.07494354248047 22.21708869934082 22.844255447387695 22.937280654907227 22.697280883789062 22.45568084716797 22.56671905517578 34.13119888305664 22.470720291137695 23.83977508544922 23.168352127075195 23.52230453491211 22.849023818969727 23.51763153076172 23.284320831298828 
39.3353271484375 23.030431747436523 22.771711349487305 22.92527961730957 22.976736068725586 22.571935653686523 22.422304153442383 22.378591537475586 35.01007843017578 23.245311737060547 22.80339241027832 23.390655517578125 22.801727294921875 22.83888053894043 23.104511260986328 23.393600463867188 
46.88963317871094 22.368640899658203 22.42959976196289 22.675424575805664 22.559040069580078 22.80352020263672 23.057247161865234 23.31679916381836 30.665536880493164 22.829919815063477 23.649919509887695 23.018239974975586 23.593727111816406 23.00102424621582 23.377151489257812 23.178848266601562 
38.30489730834961 23.966943740844727 22.287200927734375 22.51024055480957 22.529056549072266 22.74403190612793 23.307167053222656 23.51513671875 38.8757438659668 23.570144653320312 23.207679748535156 23.62201690673828 23.679136276245117 23.52035140991211 22.517887115478516 23.595903396606445 
38.214656829833984 23.11996841430664 22.247167587280273 22.283615112304688 22.434175491333008 23.38243293762207 23.507583618164062 23.42140769958496 33.49216079711914 22.85696029663086 22.477312088012695 24.338048934936523 23.043359756469727 22.89904022216797 23.091455459594727 22.979103088378906 
41.96207809448242 22.5633602142334 22.202943801879883 22.32624053955078 22.492223739624023 22.50432014465332 23.24336051940918 23.302431106567383 34.29280090332031 23.327232360839844 22.903520584106445 23.85424041748047 22.99385643005371 23.740095138549805 23.690431594848633 23.43337631225586 
39.33750534057617 24.063520431518555 22.179296493530273 22.334272384643555 22.36524772644043 22.42812728881836 23.340383529663086 23.659936904907227 35.113216400146484 23.201343536376953 23.83795166015625 23.864063262939453 22.869888305664062 23.33955192565918 23.5993595123291 23.37923240661621 
38.32831954956055 24.042272567749023 22.18057632446289 22.478527069091797 22.571744918823242 23.0118408203125 23.67487907409668 23.449504852294922 28.493247985839844 22.96998405456543 24.32806396484375 22.996192932128906 23.28540802001953 22.93987274169922 23.54742431640625 23.230144500732422 
39.64931106567383 23.48793601989746 23.190528869628906 23.779359817504883 23.83465576171875 23.800928115844727 23.959135055541992 91.1583023071289 28.868576049804688 23.723840713500977 23.886016845703125 24.161760330200195 24.05120086669922 23.571680068969727 23.77686309814453 23.994335174560547 
37.42729568481445 23.199520111083984 23.28870391845703 24.193567276000977 24.363296508789062 23.857311248779297 23.64803123474121 23.915456771850586 30.981311798095703 23.785791397094727 23.953311920166016 23.957151412963867 23.840864181518555 24.076351165771484 23.901504516601562 24.176095962524414 
38.53315353393555 23.135263442993164 23.487232208251953 24.026975631713867 24.31430435180664 24.016223907470703 23.89148712158203 24.13974380493164 29.46656036376953 23.66716766357422 23.724191665649414 24.266464233398438 23.839584350585938 23.647327423095703 23.899871826171875 24.54979133605957 
37.4290885925293 23.435007095336914 23.32089614868164 24.17888069152832 24.386367797851562 24.14905548095703 23.89139175415039 23.90470314025879 28.77801513671875 23.837888717651367 24.231231689453125 23.84921646118164 24.127647399902344 23.956384658813477 23.997888565063477 24.191104888916016 
39.61219024658203 23.210304260253906 23.134496688842773 23.38595199584961 24.01433563232422 23.899295806884766 23.878976821899414 23.804224014282227 26.0067195892334 23.6823673248291 23.809152603149414 23.745952606201172 24.089984893798828 24.182464599609375 23.761215209960938 23.834495544433594 
37.44224166870117 23.60793685913086 23.738752365112305 24.153823852539062 23.996063232421875 23.641952514648438 24.070783615112305 24.869888305664062 30.329856872558594 24.006879806518555 23.70707130432129 23.82089614868164 23.776031494140625 24.087615966796875 23.76246452331543 24.22185516357422 
39.5863037109375 23.138111114501953 23.144672393798828 23.216543197631836 24.696447372436523 24.67215919494629 24.143327713012695 23.737407684326172 32.8507194519043 23.620031356811523 24.318880081176758 23.655168533325195 23.89049530029297 24.01263999938965 23.84342384338379 23.93440055847168 
39.52579116821289 23.159711837768555 23.198335647583008 24.501855850219727 24.612960815429688 24.191936492919922 23.7425594329834 23.832256317138672 29.68070411682129 23.76665687561035 24.159423828125 23.665727615356445 23.737184524536133 24.14156723022461 24.078144073486328 23.721343994140625 
37.45119857788086 23.651456832885742 23.16204833984375 23.77667236328125 23.716480255126953 23.951295852661133 24.057247161865234 24.258432388305664 30.610687255859375 23.776832580566406 24.261568069458008 24.251615524291992 23.893184661865234 23.695423126220703 23.99091148376465 24.216064453125 
37.416351318359375 23.211519241333008 23.193471908569336 23.393375396728516 24.450271606445312 24.207168579101562 23.76697540283203 23.561983108520508 31.971935272216797 23.69513511657715 24.696191787719727 23.746784210205078 24.28175926208496 24.106464385986328 23.830944061279297 23.97987174987793 
29.229055404663086 16.897056579589844 16.874784469604492 17.05788803100586 17.192480087280273 17.231359481811523 17.18764877319336 17.19049644470215 24.07209587097168 17.294431686401367 16.942527770996094 17.441280364990234 17.311872482299805 17.173696517944336 17.21660804748535 17.51263999938965 
15.528863906860352 15.086015701293945 15.16476821899414 15.185215950012207 15.776896476745605 15.545215606689453 15.490592002868652 15.751615524291992 18.256864547729492 16.093952178955078 15.558303833007812 15.860896110534668 16.051008224487305 15.574527740478516 16.270591735839844 15.742527961730957 
82.59772491455078 16.770496368408203 16.803199768066406 16.989248275756836 17.0251522064209 17.00809669494629 17.44361686706543 17.6331844329834 20.654783248901367 17.473215103149414 17.486848831176758 17.261695861816406 17.147520065307617 18.253280639648438 17.575807571411133 17.42518424987793 
15.909215927124023 15.268768310546875 15.214816093444824 15.49392032623291 15.290975570678711 15.294879913330078 15.470399856567383 15.529952049255371 18.10198402404785 15.95299243927002 16.121440887451172 15.735072135925293 15.939167976379395 16.089824676513672 15.86627197265625 16.056640625 
77.3340835571289 16.76134490966797 17.078399658203125 17.232479095458984 17.194143295288086 17.180864334106445 17.237855911254883 17.588287353515625 21.533952713012695 17.18819236755371 17.431264877319336 17.688447952270508 17.22710418701172 17.197952270507812 18.36400032043457 17.462432861328125 
15.716927528381348 15.075008392333984 15.114432334899902 15.138463973999023 15.271072387695312 15.234911918640137 15.264320373535156 15.719136238098145 18.511327743530273 16.344928741455078 15.792160034179688 15.834943771362305 16.451744079589844 15.958592414855957 15.719136238098145 16.414400100708008 
79.48873901367188 16.738143920898438 16.739551544189453 16.837312698364258 17.334144592285156 17.350976943969727 17.40825653076172 17.418495178222656 22.993696212768555 17.606943130493164 17.38991928100586 17.297887802124023 17.88217544555664 17.39904022216797 17.198495864868164 17.125343322753906 
15.54800033569336 15.148287773132324 15.120736122131348 15.245920181274414 15.212160110473633 15.246368408203125 15.661888122558594 15.517696380615234 18.4418888092041 16.30518341064453 15.44752025604248 16.00339126586914 15.917152404785156 15.656895637512207 16.357952117919922 15.758432388305664 
76.30732727050781 16.818239212036133 16.79897689819336 16.944576263427734 17.145471572875977 17.192991256713867 17.45903968811035 17.681472778320312 21.500864028930664 17.29964828491211 17.416032791137695 17.38921546936035 17.244192123413086 17.343616485595703 17.576736450195312 17.27289581298828 
15.849056243896484 15.122912406921387 15.347871780395508 15.378911972045898 15.59609603881836 15.330240249633789 15.312704086303711 15.373056411743164 18.154752731323242 16.018463134765625 16.67558479309082 15.332863807678223 15.858528137207031 15.749504089355469 15.84444808959961 15.841471672058105 
76.27574157714844 16.741376876831055 16.749216079711914 16.776960372924805 17.301599502563477 17.311424255371094 17.268192291259766 17.2906551361084 22.73459243774414 17.656864166259766 17.1648006439209 17.2857608795166 17.813312530517578 17.32796859741211 17.21353530883789 17.0963191986084 
15.60972785949707 15.13043212890625 15.112383842468262 15.181599617004395 15.495519638061523 15.618080139160156 15.55072021484375 15.36729621887207 18.367551803588867 16.502944946289062 15.67251205444336 16.110048294067383 15.785887718200684 15.910016059875488 16.640832901000977 15.493535995483398 
76.29312133789062 16.792543411254883 16.850303649902344 17.038175582885742 17.053375244140625 17.07481575012207 17.071552276611328 17.380352020263672 21.986495971679688 17.188640594482422 17.7708797454834 17.561599731445312 17.151840209960938 18.015775680541992 17.681663513183594 17.383712768554688 
15.7608642578125 15.099167823791504 15.100959777832031 15.120575904846191 15.155263900756836 15.226367950439453 15.760031700134277 15.947039604187012 18.2838077545166 15.92300796508789 15.54691219329834 15.767007827758789 15.659040451049805 15.305760383605957 16.067392349243164 15.52233600616455 
78.40080261230469 16.763296127319336 16.93084716796875 16.96976089477539 17.0196475982666 17.180543899536133 17.180767059326172 17.302976608276367 23.074304580688477 17.818527221679688 17.426912307739258 17.4531192779541 17.285184860229492 17.188512802124023 17.374975204467773 17.36614418029785 
15.833087921142578 15.187104225158691 15.167648315429688 15.46003246307373 15.254048347473145 15.393728256225586 15.449631690979004 15.511648178100586 15.432671546936035 15.8603515625 15.726880073547363 16.623775482177734 15.698687553405762 15.92585563659668 15.586560249328613 15.2193603515625 
77.30060577392578 16.75644874572754 16.79599952697754 16.923423767089844 17.012672424316406 17.407615661621094 17.428607940673828 17.714624404907227 21.072288513183594 17.38582420349121 17.427391052246094 17.398591995239258 17.238784790039062 17.246240615844727 17.576255798339844 17.460704803466797 
15.568960189819336 15.192607879638672 15.116352081298828 15.290111541748047 15.405632019042969 15.236031532287598 15.379839897155762 15.44825553894043 18.2042236328125 16.54547119140625 15.709600448608398 15.511296272277832 16.208415985107422 16.13711929321289 15.632351875305176 16.508447647094727 
76.3496322631836 16.811840057373047 16.776479721069336 16.8220157623291 16.913728713989258 17.582496643066406 17.574848175048828 17.691680908203125 22.591712951660156 17.71945571899414 17.415903091430664 17.474367141723633 17.68492889404297 17.46563148498535 17.36662483215332 17.256832122802734 
16.026016235351562 15.589088439941406 15.518752098083496 15.524415969848633 15.299615859985352 15.363615989685059 15.793439865112305 15.767840385437012 18.06902313232422 17.071487426757812 15.925024032592773 15.888416290283203 15.593567848205566 15.804096221923828 16.009567260742188 15.934687614440918 
76.22515106201172 17.243167877197266 17.305696487426758 17.708511352539062 17.781503677368164 18.013856887817383 18.326688766479492 18.155744552612305 21.563039779663086 18.10326385498047 17.903392791748047 17.555391311645508 18.298368453979492 18.104511260986328 17.712064743041992 18.21548843383789 
19.47942352294922 18.992767333984375 19.02908706665039 19.034496307373047 19.37868881225586 19.37763214111328 19.309280395507812 19.570560455322266 22.296159744262695 19.166303634643555 18.915647506713867 18.997663497924805 19.17804718017578 18.854175567626953 19.64259147644043 19.380544662475586 
39.43967819213867 17.20921516418457 17.242847442626953 17.37811279296875 17.49875259399414 17.86739158630371 17.819583892822266 17.802431106567383 22.49305534362793 17.595903396606445 18.317216873168945 18.3055362701416 17.619359970092773 17.845823287963867 18.89580726623535 17.867231369018555 
19.060672760009766 18.57587242126465 18.594783782958984 18.728864669799805 18.85856056213379 18.860416412353516 18.87558364868164 19.128704071044922 21.816320419311523 18.734207153320312 18.95235252380371 18.932479858398438 18.922719955444336 18.948928833007812 18.848127365112305 18.85843276977539 
35.25347137451172 17.23859214782715 17.26838493347168 17.770431518554688 17.81760025024414 17.830047607421875 18.151103973388672 171.95606994628906 21.529024124145508 18.188480377197266 17.86252784729004 18.2423038482666 18.021055221557617 17.631488800048828 17.827007293701172 18.127872467041016 
21.345760345458984 18.56060791015625 18.617408752441406 18.681440353393555 18.652320861816406 18.786144256591797 18.859712600708008 18.839487075805664 21.756256103515625 18.52239990234375 18.945728302001953 19.348064422607422 18.961984634399414 18.721952438354492 18.985567092895508 18.988479614257812 
37.3392333984375 17.637535095214844 17.237407684326172 17.32374382019043 17.695167541503906 17.855775833129883 18.08358383178711 149.07965087890625 22.355199813842773 19.05891227722168 18.08847999572754 17.626144409179688 17.866111755371094 18.43734359741211 18.13100814819336 17.615264892578125 
19.837312698364258 18.698400497436523 18.77516746520996 18.987680435180664 19.090240478515625 19.1790714263916 19.107200622558594 19.18239974975586 21.8372802734375 18.784543991088867 18.91753578186035 18.90003204345703 18.973567962646484 18.9901123046875 19.103904724121094 19.285951614379883 
46.76006317138672 17.215103149414062 17.227455139160156 17.222688674926758 17.436159133911133 17.82512092590332 17.87660789489746 18.223295211791992 20.926816940307617 18.058015823364258 17.6297607421875 17.94326400756836 18.522239685058594 18.164064407348633 17.70047950744629 18.54528045654297 
19.85683250427246 18.933536529541016 18.92038345336914 19.138559341430664 19.272512435913086 19.197280883789062 19.352928161621094 19.329952239990234 22.2161922454834 18.836639404296875 18.98089599609375 19.106048583984375 18.67705535888672 19.817312240600586 19.294879913330078 19.203327178955078 
40.49420928955078 17.24777603149414 17.332351684570312 17.374208450317383 17.844192504882812 18.006752014160156 18.04627227783203 172.13760375976562 20.945152282714844 18.196895599365234 17.8287353515625 17.501535415649414 18.411680221557617 17.90003204345703 17.596799850463867 17.80499267578125 
19.844768524169922 18.938432693481445 18.959327697753906 18.980863571166992 19.592287063598633 19.778207778930664 19.800575256347656 19.77324867248535 23.042400360107422 18.882848739624023 19.172895431518555 19.17475128173828 19.228479385375977 19.256000518798828 19.061248779296875 19.07107162475586 
39.43056106567383 17.233312606811523 17.26803207397461 17.400800704956055 17.573280334472656 17.712703704833984 17.694015502929688 31.477888107299805 20.11382484436035 18.257408142089844 17.97007942199707 17.536096572875977 17.601856231689453 17.915584564208984 17.590591430664062 18.06643295288086 
19.2728328704834 18.862335205078125 19.07267189025879 19.12883186340332 19.321664810180664 19.26265525817871 19.371328353881836 19.575231552124023 18.72211265563965 18.871967315673828 18.93462371826172 19.378559112548828 18.937280654907227 19.013599395751953 18.74412727355957 19.254655838012695 
38.43257522583008 17.228384017944336 17.390016555786133 17.719327926635742 17.96112060546875 17.875743865966797 17.909408569335938 163.4705352783203 20.951520919799805 18.391040802001953 18.109439849853516 17.563552856445312 17.519519805908203 17.895456314086914 17.67046356201172 17.823007583618164 
19.442399978637695 18.87424087524414 18.969728469848633 18.9770565032959 19.029375076293945 19.680095672607422 19.60108757019043 19.634912490844727 21.71625518798828 18.788063049316406 19.032896041870117 18.963167190551758 19.036256790161133 19.2412166595459 18.844959259033203 18.819007873535156 
41.54323196411133 17.222976684570312 17.543519973754883 17.754880905151367 17.826112747192383 17.827871322631836 17.82383918762207 163.5878143310547 21.603904724121094 17.914688110351562 18.432416915893555 17.724063873291016 17.592735290527344 18.050783157348633 18.413759231567383 18.06800079345703 
19.70128059387207 18.794879913330078 18.716096878051758 18.672607421875 18.65395164489746 18.644287109375 18.90656089782715 19.15932846069336 22.28780746459961 18.66160011291504 19.056543350219727 19.260128021240234 19.1309757232666 19.71686363220215 18.852352142333984 19.299007415771484 
44.692161560058594 17.209888458251953 17.19385528564453 17.339807510375977 17.968671798706055 17.79587173461914 17.723968505859375 172.78182983398438 21.684480667114258 18.06812858581543 17.50979232788086 17.58687973022461 17.87401580810547 17.532480239868164 18.304895401000977 18.376447677612305 
19.363040924072266 18.755104064941406 18.91868782043457 18.90166473388672 18.819551467895508 18.74496078491211 18.76134490966797 18.718496322631836 21.627519607543945 18.78144073486328 19.005504608154297 19.049888610839844 18.92176055908203 19.079999923706055 18.9498233795166 19.11471939086914 
56.18956756591797 29.853120803833008 30.292543411254883 30.727264404296875 30.905855178833008 31.137727737426758 31.738431930541992 98.1957778930664 38.67593765258789 30.363359451293945 30.82806396484375 30.86409568786621 31.113311767578125 30.88640022277832 31.39481544494629 30.512895584106445 
70.07965087890625 30.858015060424805 31.383968353271484 31.874208450317383 31.10825538635254 31.346399307250977 30.65363121032715 30.6778564453125 39.26665496826172 30.830656051635742 31.457504272460938 30.400863647460938 30.847135543823242 30.408384323120117 30.809247970581055 31.323936462402344 
60.121856689453125 29.876415252685547 31.369600296020508 30.899168014526367 31.152767181396484 31.67430305480957 31.7127685546875 30.984575271606445 37.063262939453125 30.31715202331543 31.708768844604492 31.295743942260742 31.167743682861328 30.800735473632812 30.890335083007812 30.871488571166992 
67.89715576171875 29.87558364868164 31.441919326782227 31.556928634643555 31.39606475830078 30.89017677307129 31.033952713012695 31.614816665649414 38.09913635253906 30.41801643371582 30.463712692260742 31.039487838745117 31.4652156829834 31.336992263793945 30.625408172607422 30.441503524780273 
115.08326721191406 30.321184158325195 30.76892852783203 31.641727447509766 31.638240814208984 31.103008270263672 30.994400024414062 31.388608932495117 36.37519836425781 30.577728271484375 30.766624450683594 31.141311645507812 30.642080307006836 30.422143936157227 30.84009552001953 31.038528442382812 
65.90774536132812 29.89139175415039 29.972063064575195 31.139999389648438 31.692928314208984 31.573888778686523 31.347904205322266 33.19772720336914 38.666080474853516 30.427936553955078 30.98646354675293 30.229536056518555 30.495647430419922 30.65692710876465 30.836416244506836 31.251136779785156 
66.2448959350586 29.94153594970703 30.167680740356445 31.368831634521484 31.42585563659668 31.684127807617188 31.490047454833984 34.250526428222656 36.318878173828125 30.81216049194336 31.12246322631836 31.146848678588867 30.124767303466797 30.398271560668945 31.11680030822754 31.1507511138916 
57.54127883911133 30.25609588623047 30.535263061523438 30.754655838012695 30.868608474731445 30.846527099609375 31.264928817749023 30.960224151611328 38.16019058227539 30.6744327545166 30.87014389038086 30.465152740478516 32.97145462036133 30.773855209350586 31.263647079467773 31.53183937072754 
64.07059478759766 29.903104782104492 30.962400436401367 31.378496170043945 31.229568481445312 31.526432037353516 31.374784469604492 32.0557746887207 33.80915069580078 30.970399856567383 31.06879997253418 30.375776290893555 30.368383407592773 30.949695587158203 31.2872314453125 30.604032516479492 
53.44246292114258 30.409727096557617 30.501312255859375 30.74665641784668 31.209535598754883 30.968320846557617 31.034015655517578 31.024351119995117 35.7503662109375 30.72889518737793 31.32681655883789 31.433216094970703 31.068864822387695 30.84761619567871 30.506656646728516 30.620319366455078 
50.73555374145508 19.61871910095215 19.515968322753906 19.786304473876953 19.964096069335938 19.92460823059082 19.915199279785156 19.905792236328125 24.858623504638672 21.031679153442383 21.142431259155273 19.847232818603516 20.45465660095215 20.185951232910156 20.048255920410156 20.31603240966797 
24.014240264892578 23.739200592041016 23.994144439697266 24.026432037353516 24.159679412841797 24.20403289794922 24.799999237060547 24.690879821777344 29.677600860595703 24.408672332763672 25.4050235748291 23.999967575073242 24.572032928466797 24.112287521362305 23.805599212646484 24.25529670715332 
56.78764724731445 19.479936599731445 19.502559661865234 19.97577667236328 20.061664581298828 20.672767639160156 20.676223754882812 20.710176467895508 25.15727996826172 21.074464797973633 20.4866886138916 20.240415573120117 19.900800704956055 20.289152145385742 20.483871459960938 20.0230712890625 
24.09542465209961 24.48726463317871 24.59507179260254 24.494848251342773 24.099424362182617 24.234848022460938 24.911039352416992 24.627487182617188 28.597824096679688 23.818944931030273 24.146976470947266 23.955232620239258 24.589920043945312 24.20217514038086 24.163999557495117 24.237375259399414 
43.12928009033203 19.460224151611328 19.459199905395508 19.8220157623291 19.86956787109375 20.301855087280273 20.390335083007812 20.384735107421875 24.913728713989258 20.146272659301758 20.083423614501953 20.302047729492188 20.506912231445312 20.53606414794922 20.667423248291016 20.78927993774414 
24.81407928466797 23.824703216552734 23.927520751953125 24.57916831970215 24.554784774780273 24.013151168823242 23.83785629272461 25.0295352935791 28.24492835998535 23.95097541809082 24.37139129638672 24.566240310668945 24.283231735229492 24.45270347595215 23.9105281829834 23.944608688354492 
49.51113510131836 19.43017578125 19.71651268005371 20.04172706604004 20.02681541442871 20.15875244140625 20.343904495239258 20.200159072875977 24.300575256347656 20.24006462097168 20.04960060119629 20.603200912475586 20.089248657226562 20.88256072998047 20.37660789489746 20.128768920898438 
24.56105613708496 23.920543670654297 23.859359741210938 23.858495712280273 23.81679916381836 24.500703811645508 24.58515167236328 24.257247924804688 29.239967346191406 24.28607940673828 24.598848342895508 24.015552520751953 23.632959365844727 23.817663192749023 24.274816513061523 24.449504852294922 
49.513919830322266 19.49068832397461 19.53875160217285 19.599456787109375 19.678592681884766 19.75119972229004 19.789152145385742 19.850175857543945 25.406335830688477 20.55846405029297 20.660831451416016 20.311552047729492 20.3767032623291 20.043519973754883 19.73027229309082 20.116256713867188 
24.189247131347656 24.23289680480957 24.387264251708984 24.021087646484375 23.895296096801758 23.95369529724121 23.89798355102539 24.625408172607422 28.692480087280273 24.45756721496582 23.898527145385742 24.63711929321289 24.067232131958008 24.58310317993164 24.292736053466797 23.790048599243164 
55.559104919433594 19.383039474487305 19.431167602539062 19.52649688720703 20.292448043823242 20.158720016479492 20.14803123474121 20.123680114746094 25.232511520385742 20.476192474365234 20.2390079498291 20.982751846313477 20.031999588012695 20.398496627807617 19.95964813232422 20.267711639404297 
23.904512405395508 23.803936004638672 23.953632354736328 23.812000274658203 23.720640182495117 23.761695861816406 24.513856887817383 24.634143829345703 27.524255752563477 23.91231918334961 23.963199615478516 24.404096603393555 24.565919876098633 24.053728103637695 23.874975204467773 23.943584442138672 
51.3408317565918 19.44816017150879 19.54630470275879 19.7076473236084 19.89948844909668 20.054079055786133 19.982528686523438 20.124736785888672 23.207712173461914 20.140287399291992 20.129728317260742 20.31500816345215 20.13033676147461 20.33612823486328 20.244831085205078 20.47305679321289 
24.145824432373047 23.838720321655273 23.63385581970215 23.702239990234375 24.146047592163086 24.652063369750977 24.5295352935791 24.038976669311523 27.418624877929688 24.458431243896484 24.364864349365234 24.23574447631836 24.071584701538086 24.057024002075195 23.994592666625977 23.85321617126465 
54.498878479003906 19.452608108520508 19.421184539794922 19.42643165588379 19.598047256469727 19.87171173095703 19.81500816345215 178.8404541015625 25.181631088256836 20.894079208374023 20.083295822143555 20.151840209960938 19.90345573425293 20.33011245727539 20.34592056274414 19.964576721191406 
23.97212791442871 23.9052791595459 24.455839157104492 24.04425621032715 23.929759979248047 24.52662467956543 24.706111907958984 24.568191528320312 29.4783992767334 24.125375747680664 23.605087280273438 23.84396743774414 24.16908836364746 24.17647933959961 24.46726417541504 24.51411247253418 
58.69395065307617 19.447872161865234 19.67398452758789 19.7390079498291 20.40403175354004 20.80348777770996 20.720064163208008 20.605440139770508 23.697919845581055 20.47148895263672 19.920255661010742 20.20070457458496 20.197120666503906 20.324384689331055 20.48476791381836 20.1549129486084 
24.716991424560547 23.793119430541992 23.660064697265625 24.33510398864746 24.770784378051758 24.577823638916016 24.104000091552734 24.000288009643555 27.67862319946289 24.221471786499023 23.664159774780273 23.7857608795166 23.739519119262695 24.610336303710938 24.61350440979004 24.836383819580078 
50.56051254272461 19.490848541259766 19.969568252563477 20.366207122802734 20.366464614868164 20.236127853393555 20.470720291137695 20.55116844177246 24.514911651611328 20.422815322875977 20.232736587524414 20.19478416442871 21.253599166870117 20.055776596069336 20.028383255004883 20.32374382019043 
24.06857681274414 23.874080657958984 23.784191131591797 23.72617530822754 23.661344528198242 24.201568603515625 24.553119659423828 24.468448638916016 27.420576095581055 24.165023803710938 23.868000030517578 23.875423431396484 24.509855270385742 24.225215911865234 24.50476837158203 24.21196746826172 
89.69120025634766 27.23891258239746 27.91414451599121 30.541471481323242 28.93712043762207 28.10313606262207 28.636159896850586 28.613407135009766 37.18889617919922 27.932064056396484 28.129215240478516 28.78054428100586 27.813535690307617 28.49238395690918 29.820032119750977 27.796672821044922 
43.15542221069336 36.595680236816406 28.867807388305664 29.39676856994629 28.49519920349121 28.475807189941406 28.942623138427734 89.32096099853516 37.11372756958008 28.38902473449707 28.566112518310547 30.051456451416016 28.882080078125 27.773408889770508 28.082687377929688 28.569120407104492 
46.2523193359375 31.65078353881836 29.814624786376953 28.01568031311035 27.941055297851562 30.927200317382812 28.74720001220703 92.1562271118164 38.65740966796875 27.93382453918457 28.660831451416016 28.13689613342285 28.055776596069336 28.60755157470703 28.17407989501953 28.39561653137207 
46.38105773925781 32.32118225097656 27.813695907592773 28.71664047241211 28.949119567871094 28.698591232299805 28.68828773498535 88.03421020507812 33.40671920776367 27.85126495361328 28.567935943603516 28.79305648803711 28.2938232421875 28.600927352905273 28.190752029418945 27.604639053344727 
43.95283126831055 32.80860900878906 29.94268798828125 29.252256393432617 29.934207916259766 28.84364891052246 34.314720153808594 98.23430633544922 38.83148956298828 27.596864700317383 28.232288360595703 28.270816802978516 27.501951217651367 28.29324722290039 28.8787841796875 28.165855407714844 
44.25356674194336 34.44300842285156 28.820287704467773 29.902687072753906 28.651039123535156 27.985088348388672 28.556255340576172 85.73849487304688 36.2446403503418 28.21251106262207 27.837535858154297 28.403711318969727 28.7825927734375 28.208480834960938 28.639360427856445 28.432512283325195 
44.149375915527344 35.74736022949219 28.938304901123047 28.76518440246582 28.29167938232422 30.038240432739258 28.68329620361328 78.23040008544922 35.6866569519043 27.820064544677734 27.5086727142334 28.50067138671875 28.1529598236084 28.154783248901367 28.965343475341797 28.268512725830078 
44.22467041015625 33.480831146240234 27.91878318786621 28.599327087402344 29.10380744934082 28.26767921447754 28.587135314941406 85.86905670166016 35.21113586425781 28.36307144165039 27.750560760498047 27.971200942993164 28.981952667236328 27.73347282409668 28.102272033691406 28.57868766784668 
45.26982498168945 32.438270568847656 29.08780860900879 27.84707260131836 29.088640213012695 28.827648162841797 32.52374267578125 90.04045104980469 37.39718246459961 28.390880584716797 28.868032455444336 28.06435203552246 33.61939239501953 28.06559944152832 28.83228874206543 28.55615997314453 
44.17523193359375 35.55171203613281 27.763391494750977 28.47929573059082 28.455455780029297 30.004959106445312 28.52124786376953 87.10012817382812 33.95747375488281 28.476863861083984 28.10348892211914 28.157695770263672 28.575071334838867 27.924224853515625 28.414976119995117 28.771936416625977 
40.06883239746094 43.33894348144531 54.38854217529297 26.378047943115234 26.340831756591797 25.235679626464844 25.2259521484375 82.72438049316406 31.671648025512695 18.615264892578125 18.398208618164062 18.525503158569336 18.589759826660156 19.884639739990234 19.394367218017578 19.073535919189453 
39.07072067260742 26.302879333496094 25.212831497192383 30.570880889892578 25.21004867553711 26.357887268066406 25.28112030029297 25.29030418395996 31.735551834106445 18.78473663330078 18.570911407470703 18.67193603515625 18.42742347717285 18.981632232666016 19.376447677612305 19.504512786865234 
41.304351806640625 26.24095916748047 26.206623077392578 28.45155143737793 25.357215881347656 26.216127395629883 26.332447052001953 25.296960830688477 28.47542381286621 19.110496520996094 19.34115219116211 19.029727935791016 18.762367248535156 18.73753547668457 18.4083194732666 18.613279342651367 
39.10764694213867 25.225311279296875 25.265344619750977 29.483999252319336 25.238079071044922 26.300607681274414 28.420352935791016 25.2873592376709 29.03673553466797 19.323040008544922 19.235679626464844 19.081920623779297 18.987136840820312 18.44291114807129 18.841279983520508 18.611583709716797 
40.12492752075195 26.314048767089844 25.229087829589844 28.445695877075195 25.234464645385742 27.32655906677246 27.35990333557129 25.346912384033203 30.1212158203125 19.525344848632812 19.18934440612793 18.972383499145508 18.77395248413086 18.458080291748047 18.35001564025879 18.634048461914062 
40.078304290771484 25.321760177612305 25.177343368530273 29.53753662109375 25.268512725830078 26.298912048339844 27.446048736572266 25.23072052001953 26.854816436767578 18.899520874023438 18.72287940979004 18.451711654663086 18.555744171142578 19.569440841674805 19.081567764282227 19.179712295532227 
40.17782211303711 26.27452850341797 25.273216247558594 29.75676727294922 25.94121551513672 26.36070442199707 25.234176635742188 25.36185646057129 28.50547218322754 18.944000244140625 18.837120056152344 18.71731185913086 18.319744110107422 18.606304168701172 19.192224502563477 19.626848220825195 
39.06800079345703 25.295488357543945 26.331552505493164 25.218656539916992 25.24425506591797 26.335487365722656 26.321088790893555 25.30803108215332 27.45894432067871 18.672992706298828 18.868799209594727 18.381696701049805 19.195072174072266 18.823455810546875 19.32099151611328 19.19196891784668 
40.131038665771484 26.326271057128906 25.214752197265625 29.522016525268555 25.200960159301758 27.388383865356445 26.30544090270996 25.28704071044922 29.2989444732666 18.715839385986328 18.859296798706055 19.10246467590332 19.526079177856445 18.92438316345215 18.700576782226562 18.407360076904297 
39.094398498535156 27.310239791870117 26.36617660522461 27.332096099853516 25.235551834106445 26.298816680908203 25.306432723999023 25.280607223510742 28.74297523498535 19.462495803833008 19.04627227783203 19.130016326904297 19.11017608642578 18.435392379760742 18.48054313659668 18.519615173339844 
33.134849548339844 21.270015716552734 21.295520782470703 21.340320587158203 21.430400848388672 48.871585845947266 21.448640823364258 26.85759925842285 27.923967361450195 21.897632598876953 21.754335403442383 21.422176361083984 22.210655212402344 22.194368362426758 21.917631149291992 22.003007888793945 
51.93894577026367 21.240415573120117 21.174367904663086 21.445215225219727 22.333568572998047 22.3492488861084 22.29193687438965 22.174943923950195 27.57423973083496 21.884735107421875 22.383136749267578 21.841503143310547 23.312223434448242 22.272991180419922 22.6461124420166 21.791072845458984 
33.03327941894531 21.13587188720703 21.227136611938477 21.314943313598633 22.245344161987305 22.198688507080078 22.263200759887695 22.33247947692871 26.91814422607422 22.424575805664062 21.857759475708008 21.422304153442383 21.851200103759766 21.874271392822266 21.894336700439453 21.90892791748047 
33.076927185058594 21.28313636779785 21.583232879638672 21.612831115722656 21.48627281188965 21.39833641052246 21.440288543701172 21.500064849853516 26.899551391601562 22.252159118652344 21.963327407836914 22.012287139892578 22.25775909423828 22.02195167541504 22.126623153686523 22.566591262817383 
33.072959899902344 21.23481559753418 21.635711669921875 21.677087783813477 21.495616912841797 21.511520385742188 21.44643211364746 21.61084747314453 26.866079330444336 22.20751953125 22.150848388671875 22.55740737915039 22.3143367767334 22.02239990234375 21.78873634338379 22.46169662475586 
33.04073715209961 21.23855972290039 21.761503219604492 21.97260856628418 21.970304489135742 22.154783248901367 22.048288345336914 21.75641632080078 26.031648635864258 22.156831741333008 22.148319244384766 23.034944534301758 22.18681526184082 22.02355194091797 21.9138240814209 22.14508819580078 
31.936159133911133 21.210847854614258 21.525728225708008 22.185951232910156 22.289663314819336 22.2458553314209 22.04003143310547 21.800384521484375 28.350624084472656 21.929536819458008 21.687551498413086 22.606176376342773 21.74675178527832 21.9135684967041 21.83830451965332 21.911487579345703 
34.159969329833984 21.222623825073242 21.429759979248047 21.694623947143555 21.666208267211914 21.70684814453125 21.666719436645508 21.61452865600586 26.779008865356445 21.75142478942871 22.032575607299805 22.28883171081543 22.09756851196289 22.13052749633789 22.27916717529297 22.12281608581543 
41.37059020996094 21.199071884155273 21.146207809448242 21.526208877563477 21.537023544311523 21.52252769470215 21.74812889099121 22.499135971069336 28.03104019165039 21.954496383666992 21.876415252685547 21.997760772705078 21.95747184753418 23.46019172668457 22.024608612060547 21.81065559387207 
33.12700653076172 21.177471160888672 21.27555274963379 21.598400115966797 21.585439682006836 21.56822395324707 21.604032516479492 21.616384506225586 26.868928909301758 21.84662437438965 22.175264358520508 22.32067108154297 22.11555290222168 22.535167694091797 22.094079971313477 22.108928680419922 
40.449344635009766 16.840991973876953 16.855039596557617 17.274656295776367 17.260608673095703 17.593183517456055 17.90336036682129 18.100448608398438 23.494752883911133 17.688512802124023 17.433183670043945 17.169279098510742 17.744224548339844 17.445920944213867 17.34105682373047 17.950111389160156 
18.821792602539062 18.222623825073242 18.251007080078125 18.25187110900879 18.287424087524414 18.362367630004883 18.324352264404297 18.787551879882812 34.94441604614258 18.429216384887695 18.375904083251953 19.27619171142578 18.261568069458008 18.66975975036621 19.451072692871094 18.724000930786133 
49.85161590576172 16.754911422729492 16.944704055786133 17.230304718017578 17.386272430419922 17.45452880859375 17.351680755615234 17.32099151611328 23.359487533569336 18.048992156982422 17.515071868896484 17.22313690185547 17.821184158325195 17.550495147705078 17.18569564819336 17.74790382385254 
18.69487953186035 18.29052734375 18.706815719604492 18.555776596069336 18.513887405395508 18.386816024780273 18.493183135986328 18.60588836669922 21.819232940673828 18.79132843017578 18.402559280395508 18.511615753173828 18.760480880737305 18.45689582824707 18.5948486328125 18.860864639282227 
42.56246566772461 16.83305549621582 16.835071563720703 17.03785514831543 17.12816047668457 17.071584701538086 17.16364860534668 17.704544067382812 22.816608428955078 17.530912399291992 17.13225555419922 17.71356773376465 17.4899845123291 17.187807083129883 18.494688034057617 17.431840896606445 
18.739519119262695 18.142175674438477 18.054176330566406 18.24233627319336 18.56505584716797 18.53980827331543 18.7142391204834 18.82601547241211 21.86012840270996 18.72585678100586 18.16806411743164 19.072832107543945 18.542015075683594 19.42144012451172 18.887744903564453 18.778751373291016 
48.82195281982422 16.77872085571289 16.76140785217285 16.781951904296875 17.463071823120117 17.57472038269043 17.676319122314453 17.634559631347656 26.593984603881836 17.679519653320312 17.444351196289062 17.144384384155273 17.16783905029297 17.46531105041504 17.15228843688965 18.0532169342041 
18.87606430053711 18.13408088684082 18.27939224243164 18.329343795776367 18.34992027282715 18.352672576904297 18.432031631469727 18.49612808227539 20.62928009033203 18.775999069213867 18.45667266845703 19.23151969909668 18.473535537719727 18.826080322265625 18.68172836303711 18.674240112304688 
44.6519660949707 16.75961685180664 16.8022403717041 16.999935150146484 17.5218563079834 17.62505531311035 17.57721519470215 17.527040481567383 25.856767654418945 17.554655075073242 17.156383514404297 17.449472427368164 17.4532470703125 17.42131233215332 17.879392623901367 17.55286407470703 
18.806720733642578 18.152320861816406 18.070175170898438 18.179712295532227 18.498207092285156 18.53843116760254 18.614559173583984 18.737184524536133 21.415903091430664 19.179967880249023 18.961503982543945 18.44384002685547 18.95382308959961 18.377695083618164 18.740800857543945 18.83145523071289 
42.463199615478516 17.081504821777344 16.997215270996094 16.928800582885742 17.032543182373047 17.047231674194336 17.162527084350586 17.199487686157227 22.485919952392578 17.831615447998047 17.456031799316406 17.149152755737305 17.842912673950195 17.361343383789062 17.245567321777344 17.920671463012695 
18.697824478149414 18.202560424804688 18.141887664794922 18.16694450378418 18.234399795532227 18.32009506225586 18.968191146850586 18.87628746032715 21.311391830444336 19.43391990661621 18.600255966186523 18.589248657226562 18.3787841796875 18.481760025024414 18.49839973449707 18.5996150970459 
46.84912109375 16.805599212646484 16.803775787353516 16.807104110717773 17.077951431274414 17.46931266784668 17.424415588378906 17.505760192871094 22.140703201293945 17.334463119506836 18.217920303344727 17.524991989135742 17.09212875366211 18.38876724243164 17.44384002685547 17.271007537841797 
19.165023803710938 18.352031707763672 18.35638427734375 18.530208587646484 18.698495864868164 18.861984252929688 19.12063980102539 19.152992248535156 21.751392364501953 18.766176223754883 18.586271286010742 18.689823150634766 18.51411247253418 18.821535110473633 18.542240142822266 18.729087829589844 
45.726688385009766 16.778911590576172 16.80227279663086 16.93065643310547 17.03740882873535 17.08790397644043 17.669824600219727 17.9268798828125 25.921728134155273 17.41983985900879 17.101408004760742 17.678367614746094 17.548736572265625 17.19772720336914 17.929920196533203 17.490175247192383 
18.76563262939453 18.181119918823242 18.247135162353516 18.470144271850586 18.38387107849121 18.562816619873047 18.62214469909668 18.702239990234375 21.34934425354004 18.805728912353516 18.499135971069336 18.69811248779297 18.260223388671875 18.44745635986328 18.607200622558594 19.31167984008789 
52.06582260131836 16.78873634338379 17.019935607910156 17.249727249145508 17.45484733581543 17.26268768310547 17.35798454284668 17.431455612182617 21.99897575378418 17.633567810058594 17.581600189208984 17.454431533813477 17.164575576782227 17.76144027709961 17.48031997680664 17.13260841369629 
18.476032257080078 18.202207565307617 18.466400146484375 18.809024810791016 18.9487361907959 18.917152404785156 18.93951988220215 18.693344116210938 21.26006317138672 18.90822410583496 18.53696060180664 18.50739288330078 18.667743682861328 18.50377655029297 18.48102378845215 18.31100845336914 
40.4931526184082 16.77884864807129 16.76643180847168 16.828096389770508 17.09619140625 17.207040786743164 17.322368621826172 17.3687686920166 25.230079650878906 17.399295806884766 17.540992736816406 17.164960861206055 18.503456115722656 17.8702392578125 17.212127685546875 17.48796844482422 
19.025503158569336 18.568288803100586 18.78233528137207 18.849760055541992 18.926015853881836 18.684192657470703 18.562559127807617 18.53379249572754 21.023296356201172 18.74857521057129 18.52409553527832 18.364255905151367 18.491647720336914 18.891071319580078 18.518463134765625 18.530527114868164 
54.398399353027344 33.737056732177734 34.39801788330078 34.86483383178711 35.148414611816406 35.0467529296875 35.03577423095703 34.57455825805664 41.12614440917969 34.49100875854492 33.98863983154297 34.34758377075195 34.444190979003906 34.44163131713867 34.063392639160156 34.44460678100586 
50.096927642822266 34.71830368041992 34.1828498840332 34.77097702026367 35.37062454223633 34.67283248901367 34.672481536865234 76.68109130859375 37.50953674316406 34.30534362792969 34.29724884033203 34.29228973388672 35.166561126708984 34.44412612915039 34.36463928222656 34.578529357910156 
98.10009765625 33.49091339111328 34.93027114868164 34.779361724853516 34.914527893066406 35.62480163574219 34.814910888671875 34.76095962524414 39.79411315917969 34.30758285522461 35.26406478881836 34.09651184082031 34.00636672973633 34.73369598388672 34.68931198120117 34.53180694580078 
50.181121826171875 33.423583984375 35.13993453979492 34.66636657714844 34.71311950683594 35.02783966064453 34.67817687988281 42.27471923828125 38.37059020996094 34.2993278503418 33.98185729980469 34.503807067871094 34.612064361572266 34.50320053100586 35.6379508972168 34.7553596496582 
50.210750579833984 33.52316665649414 35.040992736816406 34.74323272705078 34.71836853027344 34.24310302734375 35.782527923583984 53.50502395629883 42.220863342285156 33.94188690185547 34.62745666503906 34.0645751953125 34.5681266784668 34.15110397338867 34.455841064453125 34.32451248168945 
51.92291259765625 33.466529846191406 34.45235061645508 35.49353790283203 34.659393310546875 35.717281341552734 34.824928283691406 35.23148727416992 38.7020149230957 34.71830368041992 34.305152893066406 34.00707244873047 34.77199935913086 34.22880172729492 34.7619514465332 34.01532745361328 
49.40095901489258 35.53152084350586 34.93952178955078 35.693695068359375 35.62403106689453 35.496734619140625 35.27833557128906 45.07436752319336 40.8540153503418 34.278560638427734 33.89897537231445 35.36671829223633 33.92707061767578 34.46691131591797 34.276832580566406 34.6187858581543 
49.480960845947266 33.7852783203125 33.55686569213867 33.94300842285156 35.18067169189453 34.74486541748047 35.24998474121094 43.5786247253418 39.31033706665039 34.56687927246094 34.2938232421875 34.41984176635742 34.43900680541992 36.10464096069336 34.139583587646484 34.277889251708984 
50.210784912109375 34.70134353637695 35.18057632446289 35.27580642700195 35.216896057128906 35.630943298339844 35.48188781738281 43.17766571044922 42.08745574951172 34.47955322265625 33.9161262512207 34.3454704284668 34.02899169921875 34.62092971801758 35.6478385925293 33.96015930175781 
50.4598388671875 33.56147384643555 34.21430587768555 36.62771224975586 36.12675094604492 34.927711486816406 35.706783294677734 35.288448333740234 39.91203308105469 34.47270584106445 34.22111892700195 34.56972885131836 34.19404983520508 34.36265563964844 34.665855407714844 34.07129669189453 
42.24150466918945 30.86569595336914 32.44236755371094 31.892000198364258 31.620128631591797 31.650272369384766 31.83955192565918 34.40809631347656 38.32780838012695 31.053728103637695 31.300575256347656 31.100799560546875 31.03753662109375 30.800512313842773 31.8022403717041 31.239360809326172 
30.21615982055664 28.719327926635742 28.494815826416016 29.218751907348633 29.3822078704834 29.42835235595703 28.797504425048828 29.754112243652344 36.177921295166016 28.817087173461914 28.71990394592285 29.09062385559082 28.586496353149414 28.74380874633789 29.3272647857666 28.646240234375 
68.53148651123047 30.56697654724121 31.357215881347656 31.305343627929688 31.942848205566406 32.4865608215332 132.44918823242188 30.476608276367188 37.803680419921875 30.837247848510742 31.353471755981445 31.25257682800293 31.16374397277832 31.314783096313477 31.019136428833008 31.038623809814453 
28.851903915405273 29.52662467956543 28.92243194580078 29.24300765991211 29.05344009399414 28.781984329223633 28.88764762878418 29.864320755004883 35.158687591552734 28.48784065246582 28.56060791015625 29.490432739257812 28.763647079467773 28.94713592529297 29.397184371948242 29.16192054748535 
50.75686264038086 30.54105567932129 31.359296798706055 32.69606399536133 32.584129333496094 32.04380798339844 140.70278930664062 30.314464569091797 38.220542907714844 31.091360092163086 31.490463256835938 31.084768295288086 33.19446563720703 30.797983169555664 31.86739158630371 31.24425506591797 
28.659263610839844 28.68979263305664 28.88902473449707 29.41116714477539 29.167936325073242 29.91059112548828 29.57651138305664 29.927295684814453 36.27372741699219 29.008319854736328 28.98758316040039 28.830623626708984 28.685632705688477 28.89411163330078 28.758272171020508 29.308256149291992 
71.68697357177734 30.460384368896484 32.30022430419922 31.62758445739746 31.811840057373047 32.27558517456055 31.68489646911621 40.633216857910156 38.578369140625 30.978111267089844 31.28156852722168 31.458879470825195 31.327552795410156 31.38707160949707 31.400320053100586 31.30054473876953 
28.849151611328125 28.955520629882812 28.626623153686523 29.30735969543457 29.03868865966797 29.99750328063965 29.832256317138672 30.091583251953125 34.100223541259766 28.719999313354492 28.876384735107422 28.990144729614258 28.616064071655273 30.261152267456055 28.678239822387695 29.847904205322266 
86.21408081054688 30.785696029663086 30.82431983947754 32.473087310791016 31.86390495300293 31.723264694213867 31.935199737548828 138.5897216796875 36.41136169433594 30.964672088623047 30.740032196044922 30.845056533813477 30.99216079711914 31.07980728149414 31.190336227416992 31.113727569580078 
28.8022403717041 28.336864471435547 29.681568145751953 29.82454490661621 30.230016708374023 29.63212776184082 29.972543716430664 29.776287078857422 34.880767822265625 28.701631546020508 29.09667205810547 29.425151824951172 29.138368606567383 28.85923194885254 29.391008377075195 28.851200103759766 
64.35804748535156 30.479711532592773 31.700223922729492 31.48476791381836 31.67487907409668 32.397056579589844 135.2698211669922 30.399744033813477 36.92550277709961 30.92207908630371 31.137311935424805 30.949344635009766 32.03865432739258 31.40822410583496 32.79481506347656 31.42076873779297 
29.88684844970703 28.465728759765625 28.614784240722656 28.773279190063477 30.023231506347656 29.41379165649414 29.30281639099121 29.299104690551758 34.84880065917969 28.67203140258789 28.36582374572754 29.386016845703125 28.707712173461914 28.619007110595703 29.429248809814453 28.99715232849121 
52.72748947143555 30.601152420043945 32.30428695678711 31.678016662597656 31.789567947387695 32.67910385131836 32.11836624145508 116.84480285644531 38.257728576660156 31.08687973022461 31.29097557067871 31.41846466064453 31.0817928314209 31.23017692565918 31.249120712280273 31.646976470947266 
31.724576950073242 28.835168838500977 28.493120193481445 29.649375915527344 29.198144912719727 30.148927688598633 29.86185646057129 30.085407257080078 35.8474235534668 28.7761287689209 29.055423736572266 28.654272079467773 29.722688674926758 29.433536529541016 28.54911994934082 28.907167434692383 
66.37996673583984 30.546815872192383 30.700672149658203 31.908191680908203 32.21788787841797 31.36422348022461 32.516544342041016 125.73763275146484 37.179073333740234 30.80259132385254 30.962047576904297 31.726207733154297 31.223487854003906 32.222686767578125 31.837600708007812 31.283935546875 
28.85321617126465 29.054304122924805 29.238143920898438 29.058656692504883 29.546815872192383 28.724000930786133 29.69196891784668 29.216768264770508 33.748382568359375 28.94655990600586 29.035839080810547 28.515840530395508 28.72115135192871 28.680160522460938 29.012447357177734 28.898975372314453 
58.042335510253906 30.88172721862793 30.662784576416016 30.676544189453125 31.522592544555664 31.829023361206055 31.793119430541992 119.531005859375 36.17500686645508 30.99363136291504 31.05187225341797 31.211776733398438 31.061824798583984 30.91449546813965 31.058271408081055 31.17024040222168 
28.651424407958984 28.692127227783203 28.65020751953125 29.604223251342773 28.864831924438477 29.26255989074707 29.431455612182617 30.042240142822266 35.542110443115234 28.754783630371094 28.765151977539062 29.059040069580078 28.791839599609375 29.30179214477539 29.09503936767578 29.58451271057129 
65.37161254882812 30.558752059936523 30.848127365112305 32.280094146728516 32.69139099121094 32.53456115722656 143.18360900878906 30.332000732421875 38.723838806152344 31.136383056640625 33.5184326171875 30.990720748901367 31.068063735961914 31.199071884155273 31.114368438720703 31.14134407043457 
30.251968383789062 28.64454460144043 29.590816497802734 29.694080352783203 29.37708854675293 29.303455352783203 28.86636734008789 28.94812774658203 34.54876708984375 28.932416915893555 28.524063110351562 28.818368911743164 28.592063903808594 28.767711639404297 29.322751998901367 28.864063262939453 
67.63938903808594 28.74166488647461 29.23651123046875 29.101696014404297 29.228511810302734 28.802751541137695 29.620223999023438 50.41436767578125 34.790592193603516 28.77849578857422 28.703231811523438 28.551040649414062 28.721120834350586 29.055999755859375 28.578624725341797 28.73302459716797 
53.165504455566406 28.17180824279785 28.30303955078125 29.356767654418945 29.05673599243164 29.565664291381836 29.260608673095703 114.13926696777344 33.91993713378906 28.607839584350586 29.330400466918945 28.652320861816406 28.50214385986328 29.040416717529297 28.567487716674805 28.868608474731445 
55.019134521484375 29.011871337890625 29.26464080810547 29.7794246673584 29.698976516723633 29.628992080688477 29.50150489807129 85.77276611328125 36.42070388793945 29.09270477294922 28.779071807861328 28.591552734375 29.062015533447266 28.671743392944336 28.801984786987305 28.941728591918945 
54.10124969482422 28.09187126159668 28.493759155273438 29.095935821533203 28.852672576904297 29.110591888427734 28.914783477783203 126.8891830444336 36.70585632324219 28.834815979003906 28.886816024780273 28.655935287475586 28.866912841796875 28.65247917175293 28.667808532714844 28.877567291259766 
56.21235275268555 28.227487564086914 29.77347183227539 29.478591918945312 29.472192764282227 29.61008071899414 28.89251136779785 94.7564468383789 34.040321350097656 28.979551315307617 28.63164710998535 28.600736618041992 28.98566436767578 28.68262481689453 28.62835121154785 28.70204734802246 
56.16579055786133 28.10041618347168 29.606111526489258 29.015039443969727 29.203519821166992 29.485248565673828 30.153472900390625 89.45587158203125 36.58233642578125 28.588224411010742 28.66694450378418 28.680063247680664 28.807296752929688 28.673824310302734 28.76665687561035 29.017791748046875 
51.94473648071289 28.12575912475586 29.130592346191406 28.936511993408203 29.302335739135742 29.138656616210938 28.872575759887695 122.60070037841797 34.984352111816406 28.519519805908203 28.707136154174805 28.708576202392578 28.617216110229492 28.57257652282715 28.540063858032227 28.853504180908203 
58.18134307861328 28.77903938293457 28.826751708984375 30.264768600463867 29.872159957885742 29.822175979614258 29.494848251342773 79.08688354492188 35.55583953857422 29.017919540405273 28.463680267333984 28.684703826904297 28.816415786743164 28.46735954284668 28.799968719482422 29.042495727539062 
53.03740692138672 28.805599212646484 29.050079345703125 28.868000030517578 29.0229434967041 28.70636749267578 29.332416534423828 112.22892761230469 36.3737907409668 28.612319946289062 29.220800399780273 28.96918487548828 28.68822479248047 29.040864944458008 28.84236717224121 28.809120178222656 
52.00128173828125 28.200639724731445 28.052223205566406 29.366464614868164 29.079647064208984 29.591936111450195 28.779743194580078 89.86198425292969 35.76076889038086 28.81865692138672 29.125471115112305 28.57187271118164 28.874784469604492 28.972383499145508 28.53843116760254 29.081951141357422 
55.27289581298828 34.33308792114258 24.181215286254883 24.306751251220703 25.5666561126709 23.860448837280273 33.14329528808594 16.455808639526367 29.618623733520508 16.84160041809082 17.43065643310547 17.02822494506836 17.034208297729492 17.46124839782715 16.827808380126953 17.64633560180664 
16.737791061401367 16.54096031188965 16.467456817626953 16.47599983215332 16.489791870117188 16.80463981628418 17.16089630126953 17.272415161132812 19.677183151245117 17.574560165405273 17.14089584350586 16.808223724365234 17.52457618713379 17.016576766967773 16.5479679107666 17.126527786254883 
38.53132629394531 24.773759841918945 138.6260223388672 24.275711059570312 24.222015380859375 20.659135818481445 16.398624420166016 16.475839614868164 24.817344665527344 17.626720428466797 17.42406463623047 17.50934410095215 17.063552856445312 17.505952835083008 16.932960510253906 16.876928329467773 
17.119808197021484 16.869632720947266 16.760160446166992 16.943456649780273 16.668127059936523 16.564064025878906 16.725536346435547 16.834304809570312 20.12460708618164 18.25155258178711 17.253183364868164 17.059551239013672 16.723648071289062 16.785951614379883 16.55254364013672 17.52649688720703 
37.46886444091797 24.809343338012695 143.89334106445312 24.277151107788086 24.1081600189209 19.342079162597656 16.482271194458008 16.5350399017334 28.30054473876953 17.39731216430664 17.113279342651367 16.92265510559082 17.27680015563965 17.213279724121094 17.330175399780273 17.24630355834961 
16.533695220947266 16.36639976501465 16.42470359802246 17.054912567138672 17.007007598876953 17.07161521911621 16.88128089904785 16.70252799987793 18.991008758544922 20.567840576171875 16.710464477539062 17.1026554107666 16.66067123413086 16.727903366088867 16.61942481994629 17.46031951904297 
37.433502197265625 24.85558319091797 142.7926788330078 25.294944763183594 24.1824951171875 18.587360382080078 16.451391220092773 16.99260711669922 27.486719131469727 16.9401912689209 17.622655868530273 17.297151565551758 16.929887771606445 17.987199783325195 17.258975982666016 17.274431228637695 
16.88483238220215 16.83260726928711 16.82134437561035 16.701087951660156 16.544288635253906 16.716575622558594 16.782943725585938 17.096256256103516 19.556928634643555 17.546367645263672 16.66771125793457 16.818815231323242 16.867456436157227 17.77359962463379 17.077503204345703 17.26905632019043 
37.40550231933594 24.88230323791504 136.5252227783203 24.216384887695312 24.19584083557129 20.661855697631836 16.40496063232422 16.48044776916504 24.122047424316406 17.16761589050293 17.886240005493164 17.15999984741211 17.71491241455078 17.627552032470703 17.275936126708984 16.89958381652832 
16.881664276123047 16.76963233947754 16.963455200195312 16.688512802124023 16.705087661743164 16.77280044555664 16.77574348449707 17.051328659057617 19.133472442626953 18.816608428955078 16.786880493164062 16.86092758178711 17.059680938720703 16.682783126831055 17.605695724487305 16.95267105102539 
37.43231964111328 24.814367294311523 148.07833862304688 24.235584259033203 24.253376007080078 16.82748794555664 16.456703186035156 17.014623641967773 26.316448211669922 17.20899200439453 17.21126365661621 17.018911361694336 16.859872817993164 16.999967575073242 17.493600845336914 17.203872680664062 
16.56617546081543 16.477279663085938 16.455711364746094 16.60518455505371 16.99305534362793 17.156192779541016 16.99407958984375 16.77654457092285 18.934816360473633 17.533023834228516 16.6297607421875 17.241920471191406 16.88982391357422 17.278432846069336 17.00592041015625 16.994400024414062 
64.7452163696289 24.818431854248047 163.77378845214844 24.19513511657715 16.848255157470703 16.7574405670166 16.747455596923828 16.792640686035156 18.50275230407715 17.496192932128906 16.97007942199707 17.56777572631836 17.28099250793457 16.81395149230957 17.75494384765625 17.398880004882812 
16.719423294067383 16.42255973815918 16.596799850463867 16.610815048217773 16.972063064575195 17.020959854125977 16.712160110473633 16.694400787353516 19.716480255126953 18.803808212280273 17.02022361755371 17.229759216308594 17.182048797607422 16.88649559020996 17.385887145996094 16.990495681762695 
36.37846374511719 24.854656219482422 136.5102081298828 24.23980712890625 24.216320037841797 23.26793670654297 16.383039474487305 16.560991287231445 25.532447814941406 17.302400588989258 17.905536651611328 17.240352630615234 16.820480346679688 17.551328659057617 17.07574462890625 17.75116729736328 
16.87718391418457 16.66979217529297 16.801408767700195 16.807327270507812 16.681983947753906 16.700288772583008 16.866943359375 16.928255081176758 19.01817512512207 19.34867286682129 16.912288665771484 16.609407424926758 16.619295120239258 16.633216857910156 17.268640518188477 16.929311752319336 
37.43446350097656 24.839679718017578 145.99501037597656 24.210784912109375 24.248096466064453 16.855743408203125 16.410207748413086 16.59539222717285 25.618911743164062 17.547359466552734 17.40652847290039 17.267488479614258 17.08799934387207 17.55299186706543 17.00908851623535 17.452064514160156 
16.717727661132812 16.52908706665039 16.579423904418945 16.531423568725586 16.65238380432129 16.967872619628906 17.099903106689453 17.12723159790039 19.92460823059082 18.30681610107422 17.373695373535156 17.026111602783203 17.105440139770508 16.658784866333008 16.60371208190918 17.308895111083984 
36.33571243286133 24.829919815063477 133.35350036621094 24.253183364868164 24.224512100219727 22.55526351928711 16.369600296020508 16.480031967163086 26.86310386657715 17.01763153076172 17.084415435791016 16.781600952148438 17.523391723632812 17.269216537475586 16.9300479888916 18.120512008666992 
16.85411262512207 16.546432495117188 16.564735412597656 16.639999389648438 16.905536651611328 17.005632400512695 16.959232330322266 16.974464416503906 19.307647705078125 19.490816116333008 17.220895767211914 16.876352310180664 16.975872039794922 16.981216430664062 16.673215866088867 17.53913688659668 
33.211326599121094 18.310367584228516 18.243999481201172 18.476543426513672 128.44137573242188 73.23458862304688 18.194368362426758 18.2392635345459 21.66979217529297 19.248031616210938 19.04707145690918 19.099231719970703 18.913471221923828 18.901824951171875 18.37763214111328 19.138944625854492 
18.487136840820312 17.921951293945312 18.12156867980957 18.21708869934082 18.332544326782227 18.549888610839844 18.656991958618164 18.661888122558594 20.467071533203125 18.611839294433594 18.064287185668945 18.416959762573242 19.463008880615234 18.7475528717041 18.465280532836914 18.05846405029297 
77.32281494140625 18.322431564331055 18.310527801513672 18.56787109375 18.622783660888672 19.396575927734375 19.308992385864258 51.15052795410156 22.69219207763672 18.938688278198242 18.804384231567383 18.800031661987305 19.001760482788086 19.20038414001465 19.23676872253418 19.4800968170166 
18.60793685913086 18.310495376586914 18.357759475708008 18.267200469970703 18.46224021911621 18.49350357055664 18.444799423217773 18.813472747802734 21.440128326416016 18.58185577392578 19.381248474121094 19.05718421936035 18.31612777709961 18.398656845092773 18.00396728515625 19.233280181884766 
78.31868743896484 18.254079818725586 18.279264450073242 18.551616668701172 18.989856719970703 19.046527862548828 19.010528564453125 51.63411331176758 20.378847122192383 19.32499122619629 19.15171241760254 18.989248275756836 19.049055099487305 19.063871383666992 19.045183181762695 19.45894432067871 
18.34480094909668 17.8656005859375 17.84841537475586 17.929824829101562 18.250463485717773 18.304000854492188 18.58425521850586 18.792512893676758 21.364543914794922 18.71558380126953 19.34796714782715 18.510271072387695 18.854272842407227 18.64348793029785 18.44585609436035 18.41721534729004 
76.20272064208984 18.262208938598633 18.608383178710938 18.624319076538086 18.62950325012207 18.947744369506836 19.180288314819336 51.35145568847656 23.14112091064453 19.070144653320312 18.850624084472656 18.718048095703125 18.941951751708984 18.61542320251465 19.894176483154297 19.496864318847656 
18.723487854003906 18.154207229614258 18.150367736816406 18.123199462890625 18.150848388671875 18.411455154418945 18.544864654541016 18.38515281677246 21.39891242980957 18.677536010742188 18.61520004272461 18.122560501098633 18.261568069458008 19.10598373413086 18.703231811523438 18.41868782043457 
79.35059356689453 18.2576961517334 18.422016143798828 18.878944396972656 19.162208557128906 19.177663803100586 19.26825523376465 48.484928131103516 23.673568725585938 19.218015670776367 18.90812873840332 18.83888053894043 18.62233543395996 18.847328186035156 19.042911529541016 19.620864868164062 
18.411455154418945 17.912799835205078 17.944799423217773 18.355072021484375 18.455263137817383 18.66035270690918 18.765119552612305 18.7392635345459 21.300352096557617 18.771648406982422 18.5229434967041 17.958528518676758 18.665983200073242 19.001087188720703 18.4979190826416 18.389631271362305 
77.22643280029297 18.32521629333496 18.352031707763672 18.347808837890625 18.824159622192383 18.934335708618164 18.960800170898438 57.34479904174805 23.168928146362305 19.386560440063477 19.229951858520508 19.268768310546875 18.61871910095215 18.902751922607422 18.99782371520996 18.84547233581543 
18.265119552612305 17.938560485839844 17.887712478637695 18.00841522216797 18.37500762939453 18.43631935119629 18.415199279785156 18.43619155883789 21.429983139038086 18.97279930114746 18.55526351928711 18.47430419921875 18.899423599243164 18.8623046875 19.23206329345703 18.901952743530273 
83.51817321777344 18.273088455200195 18.26371192932129 18.321247100830078 18.51807975769043 18.991487503051758 19.095359802246094 55.513023376464844 24.609567642211914 19.087711334228516 18.650720596313477 19.933696746826172 18.913312911987305 18.973920822143555 19.867103576660156 18.959264755249023 
18.57689666748047 18.039264678955078 18.009376525878906 18.08799934387207 18.157344818115234 18.493152618408203 18.582752227783203 18.51411247253418 21.842016220092773 18.594175338745117 18.727840423583984 18.246143341064453 18.563007354736328 18.06879997253418 19.042400360107422 18.86579132080078 
82.46259307861328 18.283615112304688 18.265920639038086 18.38960075378418 18.90096092224121 19.306623458862305 19.452255249023438 52.270240783691406 24.67830467224121 19.105440139770508 19.181631088256836 18.654144287109375 18.738719940185547 19.039295196533203 19.009536743164062 19.52911949157715 
18.391103744506836 17.82953643798828 17.991392135620117 18.259296417236328 18.436128616333008 18.61756706237793 18.685279846191406 18.682432174682617 21.911455154418945 18.488224029541016 19.525983810424805 18.72831916809082 18.943744659423828 18.461856842041016 18.00035285949707 18.24937629699707 
84.56416320800781 18.289567947387695 18.343807220458984 18.37455940246582 18.668672561645508 18.71036720275879 19.091712951660156 52.351200103759766 22.630624771118164 19.69264030456543 19.049407958984375 19.417984008789062 19.310720443725586 20.108671188354492 19.470720291137695 19.622943878173828 
18.878847122192383 18.244287490844727 18.08684730529785 18.296192169189453 18.703872680664062 18.8636474609375 18.807296752929688 18.63702392578125 21.117855072021484 19.21811294555664 18.551712036132812 18.732608795166016 18.535871505737305 18.216896057128906 18.402463912963867 19.699647903442383 
83.55999755859375 18.263999938964844 18.28099250793457 18.554304122924805 18.58684730529785 18.53718376159668 19.06595230102539 56.680416107177734 23.227359771728516 19.861984252929688 19.287519454956055 19.294912338256836 19.12838363647461 18.842592239379883 18.93267250061035 18.91302490234375 
18.253759384155273 17.83126449584961 17.81875228881836 17.776256561279297 17.813472747802734 17.807167053222656 18.21164894104004 18.533599853515625 22.581504821777344 18.933151245117188 18.275808334350586 18.27801513671875 18.520544052124023 18.455007553100586 18.344480514526367 18.458656311035156 
81.44348907470703 17.228063583374023 17.21561622619629 17.25814437866211 17.839967727661133 18.1279354095459 18.149343490600586 18.206335067749023 24.6397762298584 17.91779136657715 18.262432098388672 18.069759368896484 18.23811149597168 17.828767776489258 17.523744583129883 17.749631881713867 
17.726720809936523 17.52764892578125 17.5347843170166 17.4847354888916 17.537311553955078 17.506175994873047 17.735008239746094 17.98307228088379 19.725215911865234 17.76700782775879 18.391040802001953 17.80726432800293 17.595199584960938 18.76793670654297 18.301376342773438 17.60848045349121 
53.11299133300781 17.261951446533203 17.306047439575195 17.45622444152832 17.483936309814453 17.55766487121582 17.7544002532959 17.948863983154297 25.20207977294922 17.583072662353516 18.15862464904785 18.383712768554688 18.323680877685547 17.63033676147461 17.9354248046875 18.300064086914062 
17.47907257080078 17.382688522338867 17.4202880859375 17.510879516601562 17.539072036743164 17.665632247924805 17.68377685546875 17.774303436279297 20.999103546142578 18.45238494873047 18.25961685180664 18.451839447021484 17.912416458129883 17.6691837310791 17.961471557617188 17.908512115478516 
32.07097625732422 17.675071716308594 17.21468734741211 17.263967514038086 17.594528198242188 17.606111526489258 67.89965057373047 27.28883171081543 26.761568069458008 17.682880401611328 18.641023635864258 17.978336334228516 18.591455459594727 17.916223526000977 18.040672302246094 17.921056747436523 
17.572832107543945 17.36672019958496 17.593311309814453 17.829471588134766 17.866111755371094 18.304288864135742 18.313343048095703 18.021343231201172 20.83692741394043 17.990591049194336 17.509279251098633 17.582592010498047 17.87321662902832 17.517568588256836 18.68921661376953 18.05936050415039 
48.912864685058594 17.19820785522461 17.52454376220703 17.463424682617188 18.145471572875977 18.339296340942383 18.005887985229492 17.83184051513672 28.556543350219727 17.845184326171875 17.558847427368164 18.109344482421875 17.68230438232422 17.592256546020508 17.97337532043457 18.462656021118164 
17.82646369934082 17.530399322509766 17.607967376708984 17.61587142944336 17.654783248901367 17.65622329711914 17.761823654174805 18.024991989135742 19.985919952392578 17.75472068786621 18.516159057617188 18.059999465942383 17.46816062927246 18.69308853149414 17.72390365600586 17.697856903076172 
50.99884796142578 17.29852867126465 17.235424041748047 17.644927978515625 17.778976440429688 17.887840270996094 17.92095947265625 17.99964714050293 26.31011199951172 18.156063079833984 17.555456161499023 18.160703659057617 17.707807540893555 17.8635196685791 17.52092742919922 18.20796775817871 
17.6711368560791 17.453760147094727 17.613727569580078 17.622623443603516 17.523231506347656 17.557823181152344 17.640640258789062 17.69683265686035 20.700639724731445 17.639904022216797 17.77788734436035 17.7936954498291 17.535327911376953 18.354496002197266 18.452287673950195 17.92755126953125 
49.95366287231445 17.261184692382812 17.374271392822266 17.6397762298584 17.74627113342285 17.733247756958008 17.687231063842773 17.723840713500977 22.008480072021484 17.819744110107422 18.075584411621094 18.385663986206055 17.926719665527344 17.76697540283203 17.899776458740234 18.24720001220703 
17.806432723999023 17.46976089477539 17.352863311767578 17.505407333374023 17.616960525512695 17.767135620117188 17.99545669555664 18.334272384643555 20.27123260498047 17.83238410949707 18.608448028564453 18.1297607421875 17.985376358032227 17.567007064819336 18.18320083618164 17.964832305908203 
63.55641555786133 17.245248794555664 17.257823944091797 17.37411117553711 17.984479904174805 18.065536499023438 18.059072494506836 18.167648315429688 29.82089614868164 17.51238441467285 18.396575927734375 18.083232879638672 17.759584426879883 18.43516731262207 18.53740882873535 17.859743118286133 
17.453535079956055 17.292640686035156 17.376447677612305 17.678911209106445 17.76697540283203 17.942304611206055 18.046688079833984 18.15238380432129 20.218975067138672 18.374879837036133 17.707807540893555 17.503360748291016 18.082687377929688 18.049856185913086 17.53276824951172 18.037311553955078 
49.92822265625 17.23865509033203 17.220703125 17.452159881591797 17.49331283569336 17.60748863220215 17.705055236816406 17.747039794921875 30.08892822265625 17.660064697265625 18.584224700927734 18.314655303955078 17.994272232055664 17.65056037902832 17.86479949951172 17.66022491455078 
17.726848602294922 17.411935806274414 17.451711654663086 17.459680557250977 17.519487380981445 17.79475212097168 17.893407821655273 18.212736129760742 19.225536346435547 18.033920288085938 17.498624801635742 18.148000717163086 17.80227279663086 17.589599609375 17.991615295410156 18.30803108215332 
45.761470794677734 17.23504066467285 17.51251220703125 17.761951446533203 17.774784088134766 17.830944061279297 17.891008377075195 18.09699249267578 27.189983367919922 18.584096908569336 17.85411262512207 17.690784454345703 17.743648529052734 18.13420867919922 17.955135345458984 17.571840286254883 
18.27894401550293 18.015071868896484 17.714208602905273 17.791807174682617 17.994943618774414 18.148128509521484 18.009567260742188 17.74028778076172 20.15830421447754 18.178112030029297 18.171775817871094 17.91481590270996 17.547840118408203 18.671520233154297 18.08025550842285 18.030784606933594 
52.045982360839844 17.297727584838867 17.272064208984375 17.733407974243164 17.75632095336914 17.844192504882812 18.277311325073242 18.271743774414062 29.313631057739258 17.467775344848633 18.93337631225586 18.421184539794922 18.108095169067383 17.57926368713379 17.788864135742188 17.909151077270508 
17.539295196533203 17.349184036254883 17.417695999145508 17.68627166748047 18.039936065673828 18.281471252441406 18.174335479736328 18.134048461914062 20.05824089050293 18.159135818481445 18.228736877441406 17.790687561035156 18.238208770751953 18.292959213256836 18.20307159423828 17.661279678344727 
64.13740539550781 25.584224700927734 26.265888214111328 26.669023513793945 26.172191619873047 26.027008056640625 26.594240188598633 40.329280853271484 31.471647262573242 26.03126335144043 26.74220848083496 26.222848892211914 26.256671905517578 26.343584060668945 26.27452850341797 26.050752639770508 
47.61948776245117 25.597888946533203 26.11871910095215 26.643552780151367 26.68294334411621 26.298336029052734 26.498432159423828 109.37875366210938 31.837312698364258 26.26473617553711 27.087488174438477 26.205408096313477 26.36204719543457 25.833759307861328 26.00262451171875 26.166688919067383 
48.6992301940918 25.654495239257812 25.578815460205078 26.83286476135254 26.25382423400879 27.06777572631836 27.025440216064453 99.42671966552734 31.640352249145508 26.120223999023438 26.553728103637695 26.621023178100586 26.164287567138672 25.8734073638916 25.7840633392334 26.054655075073242 
48.722110748291016 25.456575393676758 25.4116153717041 25.43440055847168 26.420991897583008 26.25859260559082 26.244415283203125 110.77986907958984 31.00499153137207 26.059776306152344 26.062271118164062 26.309280395507812 26.421855926513672 26.388160705566406 26.552608489990234 26.904191970825195 
49.760318756103516 25.460031509399414 25.437152862548828 25.660160064697266 26.57084846496582 26.51158332824707 26.024320602416992 103.38166046142578 31.27619171142578 25.832128524780273 25.759296417236328 26.789600372314453 26.182559967041016 26.07334327697754 26.57561683654785 26.50934410095215 
45.533470153808594 25.445375442504883 26.122047424316406 26.651647567749023 26.36083221435547 26.531648635864258 26.67840003967285 105.54863739013672 31.40015983581543 25.74687957763672 26.201824188232422 27.560352325439453 26.717504501342773 26.493728637695312 26.39036750793457 25.918048858642578 
46.61705780029297 25.68649673461914 25.646303176879883 25.86092758178711 25.808000564575195 26.82383918762207 26.53811264038086 105.2429428100586 32.01276779174805 25.944799423217773 26.725664138793945 25.84921646118164 26.167423248291016 26.274560928344727 26.31875228881836 26.851295471191406 
48.69670486450195 25.461984634399414 25.40015983581543 25.794048309326172 26.750751495361328 26.3492488861084 26.690624237060547 94.88349151611328 33.391422271728516 26.25209617614746 26.507904052734375 26.321855545043945 25.849536895751953 25.7890567779541 26.379104614257812 26.143423080444336 
77.91426849365234 25.481632232666016 25.546911239624023 25.91663932800293 25.990463256835938 26.184160232543945 26.523935317993164 26.329727172851562 30.445728302001953 25.812671661376953 26.099872589111328 26.058208465576172 26.24095916748047 27.928415298461914 26.65760040283203 26.389375686645508 
48.70732879638672 25.425439834594727 26.340511322021484 26.561279296875 26.638816833496094 26.699583053588867 26.71001625061035 107.03743743896484 33.20518493652344 26.161983489990234 26.401439666748047 25.93097686767578 26.563743591308594 26.1343994140625 25.780576705932617 26.131040573120117 
50.26707077026367 28.010847091674805 28.412031173706055 29.203935623168945 29.44393539428711 29.009023666381836 28.967615127563477 92.84220886230469 33.547359466552734 28.497407913208008 28.792800903320312 28.916704177856445 29.296703338623047 28.618688583374023 28.72140884399414 28.881248474121094 
54.40092849731445 28.04604721069336 28.7936954498291 29.43084716796875 29.357887268066406 29.007488250732422 28.979488372802734 82.66767883300781 36.67619323730469 28.878816604614258 28.269983291625977 28.567840576171875 28.893056869506836 28.502880096435547 28.855199813842773 28.839839935302734 
49.210079193115234 28.419904708862305 28.444543838500977 29.807392120361328 29.65545654296875 29.317951202392578 29.373184204101562 114.27327728271484 35.67289733886719 28.524383544921875 29.186975479125977 28.382944107055664 28.73638343811035 28.697856903076172 29.402080535888672 28.63817596435547 
52.28435134887695 28.535520553588867 28.691104888916016 28.931808471679688 29.585344314575195 28.94598388671875 28.963167190551758 79.62908935546875 34.90031814575195 28.657215118408203 29.35651206970215 29.91606330871582 29.1976318359375 28.571935653686523 29.03670310974121 29.061824798583984 
58.56556701660156 28.060863494873047 28.426368713378906 29.96883201599121 29.754047393798828 29.616575241088867 29.159168243408203 96.0448989868164 34.882015228271484 28.452512741088867 29.19584083557129 28.565759658813477 28.68467140197754 28.7139835357666 28.798847198486328 28.93110466003418 
88.94640350341797 28.965824127197266 29.20649528503418 29.409215927124023 29.607135772705078 28.854976654052734 29.054719924926758 121.18953704833984 38.650367736816406 28.539072036743164 28.376224517822266 28.585472106933594 29.231103897094727 28.649311065673828 28.685983657836914 29.087007522583008 
50.128639221191406 28.11087989807129 28.07094383239746 29.51568031311035 28.868864059448242 29.224863052368164 28.60710334777832 111.59091186523438 33.50751876831055 28.833023071289062 28.55356788635254 28.671232223510742 28.945632934570312 28.604095458984375 29.328479766845703 29.119680404663086 
52.2097282409668 28.577056884765625 28.90083122253418 29.03913688659668 29.187551498413086 28.470016479492188 29.07526397705078 112.15369415283203 35.53830337524414 28.510879516601562 29.113279342651367 28.542112350463867 28.57948875427246 30.74291229248047 28.372896194458008 29.087936401367188 
49.139713287353516 28.53785514831543 28.645376205444336 28.67398452758789 29.267135620117188 29.898656845092773 29.810016632080078 106.69522857666016 36.88364791870117 28.73923110961914 28.719743728637695 28.467071533203125 28.43961524963379 28.598175048828125 30.020160675048828 29.14124870300293 
50.23440170288086 28.032255172729492 29.560192108154297 29.3973445892334 29.945215225219727 29.54547119140625 29.315807342529297 111.93382263183594 36.05388641357422 28.44691276550293 28.736255645751953 29.525535583496094 28.885311126708984 28.838592529296875 29.56879997253418 28.603647232055664 
