144.49063110351562 13.06771183013916 13.055456161499023 13.234272003173828 13.277088165283203 13.21945571899414 13.230208396911621 13.425984382629395 16.217695236206055 14.84870433807373 13.918144226074219 13.605536460876465 13.754655838012695 13.467071533203125 13.487680435180664 13.449888229370117 
16.393184661865234 16.220991134643555 16.321056365966797 16.66966438293457 16.727872848510742 16.40598487854004 16.35647964477539 16.43065643310547 19.43168067932129 16.92406463623047 16.906816482543945 16.659616470336914 16.44806480407715 16.78985595703125 16.38751983642578 16.325759887695312 
73.18777465820312 13.1812162399292 13.154080390930176 13.167903900146484 13.202912330627441 13.550175666809082 13.647711753845215 13.619487762451172 18.281984329223633 14.355711936950684 14.12332820892334 13.432479858398438 14.02297592163086 13.942432403564453 13.701055526733398 13.457504272460938 
16.37740707397461 16.262847900390625 16.24336051940918 16.379968643188477 16.298431396484375 16.363168716430664 16.463680267333984 16.587936401367188 19.866655349731445 17.180255889892578 16.292287826538086 16.416255950927734 16.61414337158203 16.455936431884766 16.58527946472168 16.758560180664062 
79.508544921875 13.137120246887207 13.135168075561523 13.216192245483398 13.233023643493652 13.28604793548584 13.33779239654541 13.526944160461426 21.477983474731445 13.78991985321045 13.518495559692383 13.658528327941895 13.846847534179688 13.731167793273926 13.924832344055176 14.15459156036377 
16.873823165893555 16.406368255615234 16.32659149169922 16.234304428100586 16.340255737304688 16.380352020263672 16.47315216064453 16.526399612426758 18.370912551879883 16.80054473876953 16.79747200012207 16.29840087890625 16.371423721313477 16.780160903930664 16.4289608001709 17.224288940429688 
85.79462432861328 13.154047966003418 13.154560089111328 13.170592308044434 13.996543884277344 13.451168060302734 13.54691219329834 13.51632022857666 18.720064163208008 14.616448402404785 13.37177562713623 13.368255615234375 13.51375961303711 13.374943733215332 13.352864265441895 13.424832344055176 
16.54934310913086 16.222719192504883 16.349056243896484 16.27782440185547 16.55548858642578 16.80575942993164 16.494367599487305 16.338592529296875 18.954496383666992 16.646495819091797 16.713056564331055 16.518367767333984 16.34569549560547 16.391103744506836 16.413984298706055 16.416000366210938 
78.45708465576172 13.145631790161133 13.167679786682129 13.168255805969238 13.440735816955566 13.478336334228516 13.385696411132812 13.49289608001709 20.648479461669922 13.595935821533203 13.409088134765625 13.315360069274902 13.461119651794434 13.35814380645752 13.384384155273438 13.452863693237305 
16.384319305419922 16.222688674926758 16.19113540649414 16.51795196533203 16.583168029785156 16.568607330322266 16.438560485839844 16.413055419921875 19.245023727416992 16.667072296142578 16.264991760253906 16.327072143554688 16.323200225830078 16.437471389770508 16.42755126953125 16.631103515625 
83.81468963623047 13.160544395446777 13.166943550109863 13.166048049926758 14.852895736694336 13.219072341918945 13.397664070129395 13.462047576904297 18.402591705322266 14.032352447509766 14.427136421203613 14.194144248962402 13.63145637512207 13.517279624938965 14.021984100341797 13.822879791259766 
16.564800262451172 16.335935592651367 16.49852752685547 16.596416473388672 16.456863403320312 16.380352020263672 16.564607620239258 16.81123161315918 19.361631393432617 18.439712524414062 16.375551223754883 16.85923194885254 16.423328399658203 16.189311981201172 16.367328643798828 16.59222412109375 
77.81951904296875 13.15174388885498 13.159168243408203 13.159647941589355 13.198880195617676 13.191871643066406 13.195712089538574 13.246208190917969 21.021312713623047 14.007455825805664 13.63263988494873 13.414976119995117 13.571264266967773 13.567839622497559 13.501855850219727 13.325440406799316 
16.30112075805664 16.097631454467773 16.202016830444336 16.231712341308594 16.52796745300293 16.436832427978516 16.427520751953125 16.498239517211914 16.173343658447266 16.65603256225586 16.73299217224121 16.426111221313477 16.600032806396484 16.639551162719727 16.48201560974121 16.4017276763916 
66.26399993896484 13.149279594421387 13.1561279296875 13.168288230895996 14.563424110412598 13.339424133300781 13.334495544433594 13.367775917053223 19.995712280273438 13.954879760742188 13.564864158630371 13.275808334350586 13.655136108398438 13.342944145202637 13.453503608703613 13.376416206359863 
16.44051170349121 16.1265926361084 16.37731170654297 16.52787208557129 16.543167114257812 16.4704647064209 16.35139274597168 16.444128036499023 19.734848022460938 16.947776794433594 16.32601547241211 16.524415969848633 16.365535736083984 16.63862419128418 16.482112884521484 17.329023361206055 
79.58582305908203 13.184864044189453 13.15078353881836 13.166015625 13.176192283630371 13.166080474853516 13.214879989624023 13.43881607055664 20.660160064697266 14.16921615600586 13.539584159851074 13.54310417175293 13.793888092041016 13.810208320617676 13.882399559020996 13.500415802001953 
16.428640365600586 16.350143432617188 16.472511291503906 16.540992736816406 16.397216796875 16.34764862060547 16.499263763427734 16.519392013549805 19.53593635559082 16.994911193847656 16.672224044799805 16.362943649291992 16.73084831237793 16.5250244140625 16.685855865478516 16.58915138244629 
79.51277160644531 13.146240234375 13.136287689208984 13.301504135131836 13.305983543395996 13.377408027648926 13.487296104431152 13.652383804321289 20.82966423034668 13.755104064941406 13.583871841430664 13.624320030212402 13.504544258117676 13.399423599243164 13.399680137634277 13.373632431030273 
16.519840240478516 16.29395294189453 16.29497528076172 16.59814453125 16.520416259765625 16.473024368286133 16.364959716796875 16.496511459350586 18.890623092651367 17.40870475769043 16.281152725219727 16.567808151245117 16.719999313354492 16.474336624145508 16.828575134277344 16.455615997314453 
97.98281860351562 24.123903274536133 28.670047760009766 25.379487991333008 23.842912673950195 23.964256286621094 24.47711944580078 24.94278335571289 32.043678283691406 24.247520446777344 24.542911529541016 24.418176651000977 24.031967163085938 24.819232940673828 23.955167770385742 24.228479385375977 
41.38294219970703 23.998367309570312 23.845407485961914 24.17635154724121 24.00556755065918 23.944896697998047 24.179744720458984 85.82195281982422 29.383712768554688 24.28495979309082 24.281471252441406 24.945375442504883 24.24812889099121 24.243616104125977 24.24233627319336 24.31078338623047 
41.37801742553711 23.842527389526367 24.362783432006836 24.575103759765625 24.408096313476562 23.89232063293457 24.912960052490234 83.85004425048828 31.068511962890625 24.163904190063477 24.442272186279297 24.43791961669922 24.163999557495117 26.189279556274414 24.173215866088867 24.153343200683594 
41.343135833740234 23.307071685791016 23.856351852416992 23.4781436920166 24.795679092407227 25.041343688964844 24.18988800048828 80.09718322753906 32.1723518371582 24.153919219970703 24.130815505981445 24.132160186767578 24.09539222717285 24.150592803955078 24.341663360595703 24.46121597290039 
42.42601776123047 24.134719848632812 24.446048736572266 24.15123176574707 24.115711212158203 24.444255828857422 95.04022216796875 36.72208023071289 31.034496307373047 23.879615783691406 24.20684814453125 23.99692726135254 24.236736297607422 24.34172821044922 24.510751724243164 24.50614356994629 
42.39846420288086 24.10095977783203 23.332767486572266 24.225311279296875 24.289440155029297 24.874784469604492 24.858976364135742 76.70697784423828 31.513343811035156 23.86777687072754 24.472959518432617 23.91587257385254 24.07913589477539 24.318111419677734 24.324512481689453 24.321664810180664 
41.351009368896484 24.121952056884766 24.069120407104492 23.49782371520996 24.013216018676758 24.757375717163086 24.364639282226562 94.6641616821289 32.83776092529297 23.92313575744629 23.835359573364258 24.271808624267578 24.337919235229492 24.46847915649414 23.96063995361328 25.138431549072266 
41.40227127075195 24.04035186767578 24.212480545043945 24.244192123413086 24.30575942993164 24.50806427001953 94.8542709350586 24.351200103759766 29.923648834228516 24.164831161499023 24.39423942565918 25.435775756835938 24.09859275817871 24.458463668823242 24.385343551635742 24.278560638427734 
42.426239013671875 24.149152755737305 24.257375717163086 24.465280532836914 24.121280670166016 23.976160049438477 24.841344833374023 111.46902465820312 31.78598403930664 24.088991165161133 24.249055862426758 25.456384658813477 24.256927490234375 24.05526351928711 24.247455596923828 24.339487075805664 
41.34012985229492 25.3090877532959 24.299327850341797 24.297183990478516 24.02351951599121 24.04991912841797 24.747135162353516 92.79987335205078 32.67164611816406 24.016799926757812 24.34966468811035 25.245471954345703 24.2325439453125 24.244895935058594 24.3702392578125 24.29193687438965 
30.755615234375 17.23664093017578 17.33776092529297 17.54198455810547 17.537824630737305 17.474720001220703 17.53811264038086 126.36851501464844 21.990976333618164 17.78860855102539 17.37343978881836 18.241056442260742 17.702272415161133 17.54422378540039 17.439231872558594 17.794496536254883 
32.84931182861328 17.207935333251953 17.243135452270508 17.32111930847168 17.65235137939453 17.841440200805664 17.87014389038086 17.773216247558594 21.071935653686523 17.97043228149414 18.119295120239258 17.842975616455078 17.332191467285156 17.317119598388672 17.66329574584961 17.38947105407715 
33.88092803955078 17.220800399780273 17.19171142578125 17.273279190063477 17.323040008544922 17.529024124145508 17.98521614074707 18.38934326171875 20.725088119506836 17.609088897705078 18.47942352294922 17.79257583618164 18.244768142700195 17.55392074584961 18.225183486938477 17.748960494995117 
47.540382385253906 17.18137550354004 17.189632415771484 17.42848014831543 17.4803524017334 17.64841651916504 18.34307289123535 18.136320114135742 21.30963134765625 17.605344772338867 18.303264617919922 18.024639129638672 17.422687530517578 18.672639846801758 17.946975708007812 17.542272567749023 
33.88742446899414 17.211551666259766 17.208351135253906 17.25472068786621 17.285024642944336 17.3787841796875 17.568288803100586 17.848608016967773 23.868799209594727 18.104576110839844 17.994016647338867 17.456703186035156 17.83420753479004 17.74835205078125 17.56800079345703 18.15884780883789 
34.94019317626953 17.17158317565918 17.196928024291992 17.221920013427734 17.78438377380371 17.562463760375977 17.569599151611328 17.5001277923584 18.064096450805664 18.273439407348633 17.752544403076172 17.495712280273438 18.77142333984375 17.964256286621094 17.39507293701172 18.674272537231445 
32.83126449584961 17.238624572753906 17.17673683166504 17.198816299438477 17.307552337646484 17.310943603515625 17.359647750854492 17.817983627319336 24.801408767700195 17.821216583251953 17.43440055847168 17.821887969970703 18.026079177856445 17.388608932495117 18.628704071044922 17.990047454833984 
30.733983993530273 17.173248291015625 17.322399139404297 17.36204719543457 17.342239379882812 17.547008514404297 17.53116798400879 17.418399810791016 22.70806312561035 17.54751968383789 17.925312042236328 17.64156723022461 17.37366485595703 17.826335906982422 18.166751861572266 17.62918472290039 
31.775775909423828 17.17580795288086 17.225696563720703 17.368640899658203 17.44223976135254 17.917184829711914 18.244064331054688 18.392704010009766 23.514432907104492 17.68841552734375 17.64614486694336 17.924896240234375 17.347904205322266 17.9202880859375 17.99385643005371 17.87718391418457 
32.84726333618164 17.175039291381836 17.203840255737305 17.259296417236328 17.23561668395996 17.326112747192383 17.684736251831055 17.873376846313477 22.31769561767578 17.72208023071289 18.269792556762695 18.106239318847656 17.818016052246094 17.44598388671875 17.427776336669922 17.825471878051758 
47.104095458984375 25.92083168029785 26.221216201782227 27.722335815429688 27.116607666015625 26.393983840942383 27.05673599243164 28.393280029296875 34.56828689575195 26.803071975708008 26.891775131225586 27.149728775024414 27.27654457092285 26.89254379272461 27.074304580688477 26.83603286743164 
42.825439453125 26.106847763061523 27.502559661865234 27.099199295043945 26.84931182861328 27.011648178100586 27.33590316772461 131.2941131591797 38.2125129699707 26.82793617248535 27.5295352935791 27.08348846435547 27.027456283569336 27.04364776611328 26.957984924316406 26.569215774536133 
42.895294189453125 25.983936309814453 27.53276824951172 27.684383392333984 27.776447296142578 26.65068817138672 27.070655822753906 135.3296661376953 34.10995101928711 26.878591537475586 27.252544403076172 27.343103408813477 27.11187171936035 27.14396858215332 26.64860725402832 27.036863327026367 
42.87481689453125 26.425472259521484 27.841440200805664 27.601215362548828 28.30780792236328 26.873376846313477 26.46348762512207 134.96730041503906 31.778560638427734 26.913759231567383 26.778112411499023 27.296960830688477 27.357471466064453 26.59833526611328 26.986495971679688 27.012832641601562 
44.98441696166992 26.112895965576172 27.227712631225586 26.964160919189453 28.578367233276367 27.043840408325195 26.633407592773438 156.36000061035156 39.58006286621094 26.74790382385254 27.263744354248047 31.65577507019043 26.67033576965332 26.902048110961914 26.72435188293457 27.26531219482422 
42.90140914916992 26.060768127441406 27.58470344543457 26.97907257080078 27.312768936157227 26.518463134765625 26.730304718017578 132.18357849121094 36.2808952331543 26.78118324279785 26.898239135742188 27.187679290771484 27.26959991455078 27.314655303955078 26.900480270385742 26.956287384033203 
42.89545440673828 26.388896942138672 27.511808395385742 27.378623962402344 26.50454330444336 26.949567794799805 26.524799346923828 131.449951171875 34.806304931640625 26.685792922973633 26.83647918701172 26.95916748046875 26.942367553710938 27.2957763671875 27.112863540649414 27.136320114135742 
42.897216796875 26.071680068969727 27.502559661865234 27.32828712463379 28.91881561279297 28.039583206176758 26.976160049438477 140.24758911132812 37.706783294677734 27.083871841430664 27.086719512939453 27.08220863342285 27.231103897094727 27.108640670776367 26.76134490966797 26.96131134033203 
43.97660827636719 26.069984436035156 27.971872329711914 27.369951248168945 27.674943923950195 26.784832000732422 27.341663360595703 127.8238754272461 35.18876647949219 26.714080810546875 26.792383193969727 27.046464920043945 27.251808166503906 27.723712921142578 27.148767471313477 27.057632446289062 
43.928863525390625 26.105119705200195 27.834943771362305 27.386911392211914 26.75872039794922 27.35660743713379 26.501312255859375 129.9613494873047 39.54819107055664 26.907264709472656 27.088415145874023 26.824960708618164 26.851232528686523 27.21548843383789 27.0731201171875 27.173856735229492 
42.25596618652344 29.994592666625977 30.286592483520508 29.406208038330078 30.34569549560547 30.64588737487793 30.352928161621094 72.321533203125 34.68374252319336 29.508991241455078 30.00908851623535 30.732479095458984 30.963359832763672 29.942079544067383 29.959360122680664 30.3187198638916 
46.51705551147461 29.513887405395508 29.550687789916992 29.27280044555664 29.899967193603516 30.832895278930664 30.83443260192871 30.568960189819336 36.334014892578125 29.98076820373535 30.075904846191406 29.735551834106445 30.192800521850586 29.38742446899414 29.917024612426758 29.799583435058594 
46.42457580566406 29.827167510986328 30.030847549438477 30.831039428710938 30.714527130126953 30.406496047973633 29.839935302734375 30.40470314025879 35.701377868652344 29.58131217956543 30.529855728149414 29.58515167236328 30.114879608154297 29.915199279785156 29.798015594482422 30.381023406982422 
48.58918380737305 28.877824783325195 29.316255569458008 29.670495986938477 30.353120803833008 29.893535614013672 30.514623641967773 29.892704010009766 37.67094421386719 29.827392578125 29.40505599975586 30.184799194335938 29.388704299926758 30.406816482543945 29.18524742126465 30.393856048583984 
48.57459259033203 28.943199157714844 28.939712524414062 30.633983612060547 30.33888053894043 29.955360412597656 29.537151336669922 30.23151969909668 33.879390716552734 29.488000869750977 29.839679718017578 29.51523208618164 30.050111770629883 29.72969627380371 30.00796890258789 31.860639572143555 
47.45692825317383 28.93155288696289 28.999296188354492 30.45782470703125 30.97715187072754 30.425376892089844 30.437440872192383 30.169055938720703 34.545921325683594 30.17795181274414 29.555295944213867 30.613792419433594 30.03376007080078 29.946176528930664 30.292736053466797 29.457855224609375 
103.16512298583984 29.29689598083496 29.48431968688965 30.58995246887207 30.317663192749023 30.64246368408203 30.854976654052734 30.43564796447754 38.11248016357422 30.01353645324707 30.407360076904297 29.798303604125977 30.3591365814209 29.51558494567871 30.03241539001465 29.642688751220703 
48.5939826965332 28.949983596801758 28.938432693481445 30.59212875366211 30.36016082763672 30.10643196105957 29.470943450927734 29.924543380737305 36.696128845214844 29.55913543701172 30.388864517211914 29.882080078125 29.739744186401367 30.405824661254883 29.381183624267578 30.663711547851562 
47.46467208862305 29.160768508911133 29.445951461791992 30.51260757446289 30.397727966308594 29.95804786682129 29.561248779296875 30.19856071472168 35.97808074951172 29.76051139831543 29.96553611755371 29.842144012451172 30.398271560668945 29.430816650390625 30.713184356689453 30.06777572631836 
45.56342315673828 28.91379165649414 29.174175262451172 29.80473518371582 29.928863525390625 30.398944854736328 29.906688690185547 29.987903594970703 39.11600112915039 29.968576431274414 29.343456268310547 31.069087982177734 30.512544631958008 29.235328674316406 30.40822410583496 31.111391067504883 
36.09123229980469 18.876447677612305 18.847871780395508 19.001792907714844 19.0533447265625 19.048095703125 19.063615798950195 58.25059127807617 28.279199600219727 19.272096633911133 19.509952545166016 19.038496017456055 19.29692840576172 19.095584869384766 19.689599990844727 19.1329288482666 
32.96883010864258 18.81679916381836 18.828224182128906 18.95267105102539 19.05193519592285 19.102815628051758 19.314655303955078 19.41334342956543 30.25654411315918 19.54582405090332 19.697248458862305 19.66761589050293 19.63100814819336 19.803199768066406 19.540224075317383 19.703136444091797 
34.035457611083984 18.933216094970703 18.823328018188477 18.963232040405273 19.13827133178711 19.10361671447754 19.167808532714844 19.363040924072266 21.60428810119629 19.973440170288086 19.266592025756836 19.47635269165039 19.413759231567383 19.082111358642578 19.201887130737305 19.309600830078125 
33.99747085571289 18.836767196655273 18.8209285736084 18.94825553894043 19.198047637939453 19.164831161499023 19.166976928710938 19.237472534179688 24.921247482299805 19.246431350708008 19.300479888916016 19.139616012573242 19.101503372192383 19.2159366607666 19.163103103637695 20.268415451049805 
32.96995162963867 18.817663192749023 18.896703720092773 19.190656661987305 19.677152633666992 19.772735595703125 19.58233642578125 19.68623924255371 24.29145622253418 19.790496826171875 19.15328025817871 19.8055362701416 19.854816436767578 19.595359802246094 19.627296447753906 19.509471893310547 
35.04364776611328 18.851232528686523 18.870880126953125 19.399871826171875 19.961503982543945 20.82499122619629 19.918399810791016 19.935712814331055 21.777088165283203 19.70992088317871 19.242624282836914 19.57923126220703 19.39788818359375 19.267391204833984 19.085567474365234 18.906879425048828 
33.971038818359375 18.875072479248047 18.840896606445312 18.843488693237305 19.240928649902344 19.433439254760742 19.66819190979004 19.870431900024414 27.84726333618164 19.41926383972168 19.170528411865234 19.192256927490234 19.657567977905273 19.200672149658203 19.338336944580078 19.695743560791016 
32.98883056640625 18.91334342956543 18.845312118530273 18.842559814453125 19.013408660888672 19.034591674804688 19.069503784179688 19.16383934020996 25.753599166870117 19.674911499023438 19.7491512298584 19.97724723815918 19.529151916503906 19.59280014038086 19.583711624145508 19.242111206054688 
35.000640869140625 18.864543914794922 18.836095809936523 18.860736846923828 18.874656677246094 19.122943878173828 19.098047256469727 19.18182373046875 24.672191619873047 19.31635284423828 19.140512466430664 19.261152267456055 19.432767868041992 19.269344329833984 19.190048217773438 19.31167984008789 
32.970401763916016 18.857280731201172 18.8503360748291 18.911712646484375 19.177663803100586 19.352703094482422 19.634559631347656 19.621023178100586 20.2840633392334 19.257568359375 19.32294464111328 19.891136169433594 19.343263626098633 19.43155288696289 19.636064529418945 19.42460823059082 
48.595489501953125 30.357696533203125 32.08073425292969 31.937759399414062 32.0483512878418 31.673023223876953 31.44099235534668 31.544288635253906 38.203521728515625 31.879520416259766 32.0230712890625 31.336000442504883 31.21945571899414 31.691455841064453 31.944799423217773 31.787647247314453 
68.24921417236328 30.323871612548828 30.42870330810547 31.265439987182617 32.206783294677734 31.61737632751465 31.32966423034668 32.080894470214844 39.71833419799805 31.353792190551758 33.18422317504883 31.939647674560547 34.638206481933594 31.200960159301758 31.21059226989746 31.08883285522461 
63.2720947265625 30.405311584472656 31.34566307067871 31.0850887298584 31.316511154174805 30.790624618530273 31.989215850830078 31.959199905395508 35.57436752319336 31.264671325683594 31.008703231811523 31.118431091308594 31.910463333129883 32.06595230102539 32.20703887939453 30.58358383178711 
61.978912353515625 30.328319549560547 31.715360641479492 31.52079963684082 31.75155258178711 31.45292854309082 31.281503677368164 31.354976654052734 34.77436828613281 30.570816040039062 31.751007080078125 32.03644943237305 31.575775146484375 30.956480026245117 30.9671688079834 32.104095458984375 
62.17948913574219 30.329696655273438 30.948671340942383 31.233919143676758 32.16444778442383 31.65996742248535 31.808256149291992 32.45926284790039 39.62543869018555 30.85526466369629 31.59984016418457 31.64739227294922 31.758207321166992 31.02092742919922 30.968128204345703 32.5463981628418 
66.13174438476562 31.44428825378418 31.866687774658203 32.05718231201172 31.428159713745117 31.33247947692871 31.58505630493164 31.47417640686035 37.96393585205078 31.593759536743164 31.839263916015625 32.32896041870117 31.469663619995117 31.317535400390625 31.715072631835938 32.74089431762695 
69.55328369140625 30.37491226196289 31.275232315063477 31.630495071411133 32.219905853271484 31.622079849243164 31.553279876708984 31.281503677368164 37.89059066772461 31.239456176757812 32.02617645263672 31.01728057861328 31.110496520996094 32.14409637451172 32.31913757324219 31.850080490112305 
64.35858917236328 30.37660789489746 30.454784393310547 31.53539276123047 31.253631591796875 31.39187240600586 31.23699188232422 31.544031143188477 36.42700958251953 31.13488006591797 31.16681671142578 31.98726463317871 31.982303619384766 32.21779251098633 31.489343643188477 31.310144424438477 
60.9318733215332 30.380704879760742 30.85753631591797 30.78825569152832 31.32476806640625 31.387807846069336 31.3057918548584 31.573280334472656 35.69007873535156 30.957792282104492 31.693151473999023 31.572063446044922 32.29305648803711 31.66716766357422 31.023391723632812 31.064287185668945 
60.11356735229492 30.33977508544922 30.515743255615234 31.366592407226562 32.1923828125 31.80988883972168 31.706432342529297 31.2076473236084 36.677120208740234 30.86089515686035 31.41801643371582 31.88751983642578 32.19750213623047 31.263296127319336 30.834592819213867 31.728511810302734 
64.41190338134766 28.514240264892578 29.707136154174805 30.311071395874023 30.05779266357422 29.242719650268555 33.38694381713867 86.96562957763672 37.06361770629883 29.474624633789062 29.7640323638916 29.376991271972656 29.219968795776367 29.54070472717285 29.435487747192383 29.445152282714844 
62.18729782104492 30.337055206298828 31.341407775878906 29.936416625976562 29.301504135131836 30.183935165405273 135.63626098632812 29.98044776916504 38.96473693847656 28.795583724975586 29.417600631713867 29.457759857177734 28.835935592651367 29.48467254638672 28.903743743896484 30.128639221191406 
64.31478118896484 28.884544372558594 30.32569694519043 29.716575622558594 29.807519912719727 28.878047943115234 140.2791290283203 28.149568557739258 36.96192169189453 29.782880783081055 29.74367904663086 29.369247436523438 29.60095977783203 29.36467170715332 29.195423126220703 28.94883155822754 
56.92921447753906 28.930463790893555 30.97808074951172 30.361024856567383 29.337888717651367 29.171327590942383 29.495487213134766 122.81884765625 40.1519660949707 29.110240936279297 29.26790428161621 29.606239318847656 29.245567321777344 29.43324851989746 29.743776321411133 29.32863998413086 
57.97283172607422 28.879648208618164 31.13055992126465 29.974464416503906 29.342304229736328 30.374624252319336 32.199745178222656 119.55452728271484 34.15708923339844 28.661439895629883 31.322336196899414 29.283552169799805 29.68822479248047 28.866592407226562 29.33839988708496 29.11884880065918 
58.01398468017578 28.84307289123535 31.11676788330078 29.860736846923828 29.719072341918945 30.25836753845215 40.879390716552734 108.62854766845703 39.00476837158203 29.459360122680664 29.249984741210938 29.226783752441406 29.443552017211914 29.729215621948242 29.262527465820312 29.40825653076172 
57.01910400390625 31.193248748779297 30.2106876373291 30.23404884338379 29.145856857299805 30.1362247467041 93.70342254638672 38.63071823120117 35.44230270385742 29.084863662719727 29.194944381713867 29.34364891052246 29.544864654541016 29.2521915435791 29.30953598022461 29.679616928100586 
58.05129623413086 28.791423797607422 30.36617660522461 29.693727493286133 29.829952239990234 29.39753532409668 29.42108726501465 123.19955444335938 38.334686279296875 29.935583114624023 29.048831939697266 29.44540786743164 29.08687973022461 29.42406463623047 29.310367584228516 28.679519653320312 
58.06163024902344 28.798240661621094 31.055744171142578 30.087200164794922 29.345407485961914 30.20889663696289 34.916160583496094 112.12745666503906 40.76947021484375 29.402591705322266 29.163904190063477 29.906719207763672 28.72982406616211 29.455551147460938 29.274303436279297 29.360288619995117 
58.06016159057617 28.83126449584961 30.384992599487305 30.288063049316406 29.054847717285156 29.59334373474121 34.10319900512695 121.08505249023438 32.94182586669922 29.203296661376953 28.487775802612305 29.58336067199707 28.714208602905273 29.41801643371582 29.4202880859375 29.709951400756836 
63.109375 36.37366485595703 36.45891189575195 35.14726257324219 37.71878433227539 82.63203430175781 27.92140769958496 28.752864837646484 34.124542236328125 28.103391647338867 28.891359329223633 29.03366470336914 31.723072052001953 28.517471313476562 28.70310401916504 28.7871036529541 
50.53628921508789 35.50543975830078 35.422401428222656 160.6658172607422 35.634559631347656 34.83942413330078 28.211103439331055 28.378400802612305 40.048160552978516 28.086143493652344 28.87708854675293 28.119264602661133 28.91257667541504 28.12665557861328 29.008384704589844 28.404991149902344 
49.42041778564453 36.11503982543945 40.21964645385742 44.41980743408203 53.20102310180664 39.3098258972168 36.21644973754883 35.07360076904297 32.61231994628906 28.658527374267578 28.225631713867188 28.790559768676758 28.387039184570312 29.034912109375 28.330175399780273 28.381088256835938 
50.42784118652344 38.24678421020508 36.961761474609375 49.080352783203125 66.42086029052734 35.75020980834961 35.788063049316406 33.93116760253906 39.506431579589844 28.282432556152344 28.42745590209961 28.570432662963867 27.968351364135742 28.48784065246582 28.303552627563477 28.923967361450195 
50.52735900878906 37.027584075927734 37.279998779296875 153.98658752441406 35.889984130859375 32.68854522705078 27.777856826782227 28.02681541442871 37.664512634277344 28.790687561035156 28.257888793945312 29.752031326293945 28.257600784301758 29.366975784301758 28.49635124206543 28.768415451049805 
49.42451095581055 37.10521697998047 37.24345779418945 43.13123321533203 70.12284851074219 35.61423873901367 36.075870513916016 36.68486404418945 39.769569396972656 28.881824493408203 28.768352508544922 28.621503829956055 28.401695251464844 28.405088424682617 28.327775955200195 28.425600051879883 
50.455806732177734 36.12694549560547 37.14147186279297 43.092830657958984 70.17420959472656 36.78732681274414 35.84182357788086 35.36592102050781 38.07040023803711 28.960960388183594 28.272384643554688 28.150592803955078 28.128320693969727 28.977216720581055 28.761600494384766 29.026432037353516 
49.46025466918945 36.51625442504883 35.60736083984375 48.20460891723633 57.22876739501953 37.560096740722656 35.54828643798828 35.69830322265625 36.85295867919922 28.387615203857422 28.360992431640625 28.751680374145508 28.41004753112793 28.555456161499023 28.426111221313477 29.01740837097168 
50.44825744628906 36.032352447509766 35.876033782958984 159.57359313964844 35.87104034423828 33.96672058105469 28.385055541992188 28.602975845336914 37.695552825927734 28.134592056274414 28.78665542602539 28.262399673461914 29.946687698364258 28.152896881103516 28.92313575744629 28.513216018676758 
49.35881423950195 36.44428634643555 38.60255813598633 41.37200164794922 73.70543670654297 35.46073532104492 35.95743942260742 37.150943756103516 37.040096282958984 28.06928062438965 28.40390396118164 28.454368591308594 29.00704002380371 28.25779151916504 28.96281623840332 28.438623428344727 
47.60620880126953 30.509023666381836 30.575008392333984 32.19472122192383 47.32342529296875 30.446847915649414 33.56367874145508 30.673120498657227 36.36288070678711 30.75868797302246 31.12656021118164 30.66044807434082 30.977983474731445 30.6343994140625 30.607519149780273 31.35036849975586 
47.952735900878906 30.052959442138672 30.89673614501953 30.506431579589844 31.186752319335938 31.785888671875 30.69968032836914 31.380863189697266 40.14409637451172 30.59939193725586 30.64409637451172 30.848512649536133 31.131423950195312 31.14886474609375 30.644832611083984 31.067903518676758 
48.86528015136719 30.214080810546875 31.441120147705078 31.86511993408203 31.464895248413086 31.124671936035156 31.437055587768555 127.7027816772461 35.51651382446289 30.644704818725586 30.522815704345703 31.245952606201172 31.198335647583008 31.07904052734375 30.778528213500977 30.59823989868164 
46.80806350708008 30.724288940429688 31.348352432250977 32.02182388305664 31.665151596069336 32.264190673828125 31.311328887939453 41.983585357666016 34.248863220214844 30.825759887695312 30.696704864501953 30.593536376953125 30.67430305480957 30.63916778564453 31.771839141845703 31.13920021057129 
47.968223571777344 31.233440399169922 31.26268768310547 32.02431869506836 31.40403175354004 31.3056640625 30.7774715423584 126.78473663330078 35.362335205078125 30.629919052124023 30.74336051940918 31.123071670532227 30.699264526367188 30.858015060424805 30.707136154174805 30.604703903198242 
94.82048034667969 30.12918472290039 30.109535217285156 30.37001609802246 31.557279586791992 31.0185604095459 31.492351531982422 31.941280364990234 37.06051254272461 30.875743865966797 30.777984619140625 31.73302459716797 31.21798324584961 31.102848052978516 30.677087783813477 30.711008071899414 
47.96207809448242 30.915647506713867 31.494592666625977 31.996448516845703 31.35366439819336 31.119232177734375 30.77622413635254 147.54165649414062 36.42281723022461 30.467552185058594 30.57923126220703 31.78713607788086 30.847200393676758 31.252704620361328 30.920127868652344 30.738367080688477 
48.997920989990234 30.218080520629883 31.571712493896484 31.036800384521484 31.12224006652832 31.008544921875 31.138208389282227 30.950016021728516 34.57392120361328 30.563583374023438 30.849855422973633 30.407936096191406 31.01535987854004 31.194015502929688 31.20150375366211 31.09062385559082 
47.05961608886719 30.53443145751953 30.335552215576172 30.918176651000977 31.15007972717285 31.567455291748047 31.167455673217773 133.5741729736328 35.39100646972656 30.894784927368164 31.355552673339844 32.44646453857422 30.41948890686035 30.921791076660156 30.771360397338867 30.677888870239258 
46.7531852722168 31.286239624023438 31.442848205566406 32.064544677734375 31.343168258666992 31.202495574951172 30.72211265563965 145.75030517578125 34.42316818237305 30.5501766204834 30.776575088500977 31.232704162597656 31.094144821166992 30.71843147277832 30.82771110534668 30.733312606811523 
53.49814224243164 36.42259216308594 36.812992095947266 38.543968200683594 37.52934265136719 36.838783264160156 36.855167388916016 37.24710464477539 40.2283821105957 35.833438873291016 36.218910217285156 36.749183654785156 36.00239944458008 36.27881622314453 36.56399917602539 36.57183837890625 
70.05286407470703 36.71039962768555 37.43756866455078 36.92822265625 36.58108901977539 36.900672912597656 36.509952545166016 37.207454681396484 40.173824310302734 36.472415924072266 36.45920181274414 36.60627365112305 36.477630615234375 36.29129409790039 36.045921325683594 36.120094299316406 
84.81747436523438 36.09036636352539 37.95561599731445 38.297630310058594 37.82710266113281 37.8583984375 36.62416076660156 36.94412612915039 41.37644958496094 36.63529586791992 36.561729431152344 36.06963348388672 36.493377685546875 36.31382369995117 35.95827102661133 35.97808074951172 
73.21887969970703 35.64761734008789 36.796897888183594 37.2327995300293 37.94803237915039 36.574527740478516 38.060447692871094 54.447296142578125 42.52774429321289 36.3908805847168 36.47919845581055 37.37980651855469 36.48281478881836 36.41350555419922 35.937889099121094 36.19855880737305 
70.12105560302734 36.24755096435547 37.82489776611328 38.539615631103516 37.753761291503906 36.57449722290039 36.58063888549805 37.16377639770508 42.98515319824219 36.186431884765625 36.61507034301758 36.477569580078125 36.48124694824219 36.75900650024414 36.436832427978516 36.573089599609375 
68.92652893066406 36.204063415527344 36.31647872924805 36.70377731323242 36.30051040649414 37.395713806152344 38.34473419189453 37.53868865966797 41.87071990966797 35.98316955566406 36.17424011230469 36.59574508666992 36.532222747802734 36.820831298828125 36.69279861450195 36.87664031982422 
82.78112030029297 35.65990447998047 37.56617736816406 36.5470085144043 37.82624053955078 37.195648193359375 36.785057067871094 37.30713653564453 41.30624008178711 36.412960052490234 36.389278411865234 36.442527770996094 36.488895416259766 36.73516845703125 36.860286712646484 36.580543518066406 
76.44236755371094 35.96828842163086 37.59436798095703 36.876670837402344 37.95920181274414 37.867103576660156 37.317054748535156 37.08348846435547 43.051841735839844 36.3355827331543 36.455135345458984 35.75001525878906 36.60281753540039 36.32451248168945 36.679039001464844 36.002559661865234 
70.00899505615234 35.814720153808594 35.7562255859375 37.52812957763672 38.57279968261719 37.81612777709961 36.74604797363281 36.66169738769531 40.168670654296875 36.33625411987305 35.854400634765625 35.932926177978516 36.807838439941406 36.496673583984375 36.54195022583008 36.48115158081055 
66.98441314697266 36.71388626098633 37.590431213378906 38.5101432800293 37.904449462890625 36.814239501953125 36.64089584350586 37.310943603515625 41.51472091674805 35.99433517456055 36.44255828857422 36.62102508544922 36.610015869140625 36.28790283203125 37.29270553588867 36.5794563293457 
76.74601745605469 27.136192321777344 27.166624069213867 27.821216583251953 27.82489585876465 28.591552734375 28.79030418395996 27.838367462158203 35.82166290283203 28.163455963134766 28.5317440032959 27.84659194946289 28.064863204956055 28.150720596313477 27.42799949645996 27.97644805908203 
47.50166320800781 27.189760208129883 27.60527992248535 28.2076473236084 27.607711791992188 28.340864181518555 27.813888549804688 79.12582397460938 32.70393753051758 27.671743392944336 28.4769287109375 29.265024185180664 28.33350372314453 28.343807220458984 28.06879997253418 27.679840087890625 
45.53696060180664 27.24127960205078 27.627456665039062 28.162527084350586 27.98271942138672 28.678848266601562 28.778688430786133 28.55401611328125 33.96966552734375 28.189247131347656 27.96294403076172 28.068479537963867 30.19923210144043 27.70515251159668 28.407167434692383 28.53603172302246 
42.06345748901367 27.480224609375 27.51795196533203 27.66476821899414 27.615135192871094 28.720735549926758 28.665184020996094 77.52937316894531 34.42745590209961 28.28563117980957 27.903072357177734 27.98966407775879 28.296127319335938 28.233312606811523 28.19036865234375 28.625503540039062 
43.37180709838867 27.57606315612793 27.57993507385254 27.719711303710938 27.71183967590332 27.924480438232422 28.025951385498047 111.43020629882812 37.15545654296875 27.944063186645508 29.080320358276367 27.951520919799805 28.10767936706543 28.547744750976562 27.879680633544922 27.95894432067871 
47.5970573425293 28.37241554260254 28.282943725585938 27.844383239746094 27.834911346435547 27.873920440673828 28.280895233154297 89.91535949707031 34.19504165649414 27.835744857788086 27.659360885620117 28.867616653442383 27.64918327331543 27.928447723388672 28.466527938842773 28.50048065185547 
45.4376335144043 27.279008865356445 27.334815979003906 28.46233558654785 28.571840286254883 28.792991638183594 28.21129608154297 73.49152374267578 35.949344635009766 28.232704162597656 28.114591598510742 28.187231063842773 28.34320068359375 27.95680046081543 27.82467269897461 27.694976806640625 
45.43769454956055 27.172544479370117 27.201984405517578 28.027488708496094 27.943584442138672 27.775680541992188 27.93891143798828 87.49356842041016 32.09132766723633 28.424480438232422 27.995040893554688 28.51958465576172 28.08905601501465 28.311744689941406 27.813663482666016 28.143199920654297 
45.52163314819336 27.279743194580078 28.126176834106445 28.295391082763672 27.977439880371094 28.743839263916016 28.463327407836914 80.05596923828125 34.94163131713867 27.656864166259766 28.471967697143555 28.570112228393555 27.623584747314453 27.890975952148438 28.7739200592041 28.791488647460938 
42.318016052246094 27.5729923248291 28.032255172729492 27.710655212402344 27.72444725036621 28.01081657409668 27.714048385620117 27.977344512939453 33.683040618896484 28.105215072631836 28.49020767211914 27.951072692871094 27.943679809570312 29.642688751220703 27.530048370361328 27.939071655273438 
47.940895080566406 30.752992630004883 30.796064376831055 31.761247634887695 32.437408447265625 32.109920501708984 32.45964813232422 32.68918228149414 36.54902267456055 31.231103897094727 31.3272647857666 31.56915283203125 32.818721771240234 32.09328079223633 32.05503845214844 32.313697814941406 
64.95635223388672 31.015615463256836 31.41222381591797 31.923200607299805 31.941919326782227 32.29673767089844 31.37481689453125 31.549312591552734 36.522239685058594 32.15296173095703 32.052127838134766 31.47750473022461 31.748319625854492 31.368928909301758 31.47216033935547 31.460607528686523 
60.2848014831543 30.741727828979492 31.238048553466797 32.01295852661133 32.562496185302734 31.971328735351562 31.914432525634766 31.341279983520508 38.55436706542969 31.57593536376953 32.285152435302734 31.687776565551758 32.8897590637207 31.9619197845459 32.87343978881836 32.096832275390625 
61.365089416503906 31.422367095947266 31.263456344604492 32.32454299926758 32.31196975708008 32.15932846069336 32.156158447265625 32.23347091674805 35.60243225097656 31.268672943115234 31.139680862426758 31.954687118530273 32.14080047607422 32.0975341796875 32.314208984375 31.676128387451172 
63.900447845458984 30.75062370300293 31.8571834564209 32.23411178588867 32.45024108886719 32.07779312133789 32.20060729980469 33.091102600097656 36.54316711425781 31.39449691772461 31.6845760345459 31.834400177001953 33.09628677368164 32.0722541809082 32.3963508605957 32.504032135009766 
63.47465515136719 30.76300811767578 30.735551834106445 31.365663528442383 32.81135940551758 32.55433654785156 31.843679428100586 31.590784072875977 38.9194221496582 31.63222312927246 31.540864944458008 32.35801696777344 31.97875213623047 32.160160064697266 32.59199905395508 32.41971206665039 
68.69312286376953 31.596288681030273 31.72140884399414 32.533695220947266 32.777950286865234 31.877952575683594 31.164703369140625 31.793535232543945 37.587135314941406 31.230144500732422 31.143104553222656 31.657535552978516 32.067649841308594 32.348350524902344 33.88044738769531 31.9564151763916 
63.44793701171875 30.747455596923828 31.372608184814453 31.44495964050293 32.05964660644531 32.02732849121094 31.858911514282227 32.32668685913086 35.57612609863281 31.980480194091797 31.66659164428711 31.44723129272461 31.300447463989258 31.468416213989258 32.22188949584961 32.757408142089844 
67.76863861083984 31.33286476135254 30.987552642822266 31.669343948364258 32.820926666259766 32.618526458740234 32.12192153930664 35.13199996948242 37.63689422607422 31.629663467407227 31.4366397857666 31.85603141784668 31.353151321411133 31.978879928588867 32.08649444580078 32.2209587097168 
62.75529479980469 30.728927612304688 31.461727142333984 31.81305694580078 31.741344451904297 32.48998260498047 32.478271484375 32.073184967041016 37.094913482666016 31.487520217895508 32.18646240234375 32.24265670776367 32.069950103759766 32.30009460449219 32.582977294921875 32.13292694091797 
59.37801742553711 21.898975372314453 21.882944107055664 22.053024291992188 23.221343994140625 23.261375427246094 22.775327682495117 22.683839797973633 29.5296630859375 23.031391143798828 22.961408615112305 23.00547218322754 22.55721664428711 23.132415771484375 22.65433692932129 23.010208129882812 
43.655521392822266 21.97987174987793 22.198015213012695 22.524192810058594 22.488767623901367 22.299680709838867 22.21455955505371 22.405696868896484 26.088735580444336 22.830944061279297 22.608383178710938 22.947839736938477 22.321664810180664 23.367263793945312 22.525279998779297 23.0677433013916 
42.580448150634766 21.943647384643555 22.25974464416504 22.634368896484375 22.427135467529297 22.43824005126953 22.48636817932129 96.7973403930664 26.140703201293945 22.8604793548584 22.58937644958496 22.60393524169922 22.8756160736084 22.91756820678711 22.4704647064209 23.302623748779297 
56.207489013671875 21.994016647338867 21.989280700683594 22.243040084838867 22.65862464904785 22.731008529663086 22.629087448120117 22.51968002319336 27.919391632080078 22.577791213989258 22.817312240600586 22.984256744384766 22.70368003845215 22.826143264770508 22.725568771362305 22.86150360107422 
44.69113540649414 21.94985580444336 22.228416442871094 22.3920955657959 22.346176147460938 22.247264862060547 22.41548728942871 23.09097671508789 30.789152145385742 22.77507209777832 22.861408233642578 22.78179168701172 23.474367141723633 22.755456924438477 23.072927474975586 22.669408798217773 
43.6629753112793 21.969247817993164 21.966751098632812 21.99782371520996 22.501184463500977 23.38275146484375 23.56889533996582 23.300064086914062 26.59004783630371 22.571935653686523 23.272287368774414 22.574975967407227 22.55411148071289 23.395008087158203 22.587135314941406 22.437599182128906 
44.701438903808594 22.00054359436035 23.246400833129883 22.107967376708984 22.150880813598633 22.131999969482422 22.709728240966797 23.13804817199707 30.94371223449707 22.85977554321289 22.873056411743164 22.506559371948242 24.32761573791504 22.512767791748047 23.1200008392334 22.88057518005371 
43.64499282836914 22.016319274902344 22.033824920654297 22.1200008392334 22.99292755126953 23.210399627685547 22.86908721923828 87.30332946777344 29.33113670349121 22.77382469177246 22.73619270324707 23.02035140991211 22.63590431213379 22.877887725830078 22.822431564331055 22.508575439453125 
43.658817291259766 21.984928131103516 22.070335388183594 22.270687103271484 22.456703186035156 22.463008880615234 22.870752334594727 23.257343292236328 28.49510383605957 22.494400024414062 22.58902359008789 23.32806396484375 22.790815353393555 22.903871536254883 22.607711791992188 22.553823471069336 
44.651424407958984 21.981792449951172 21.982751846313477 22.5581111907959 22.369184494018555 22.324447631835938 22.679487228393555 23.214496612548828 28.756959915161133 22.513919830322266 23.022655487060547 22.54047966003418 22.87664031982422 22.847423553466797 22.73219108581543 22.932191848754883 
59.69462585449219 36.54412841796875 37.78112030029297 38.46553421020508 37.66361618041992 38.32950210571289 38.1324462890625 38.42387390136719 41.175777435302734 36.65382385253906 36.720672607421875 37.488800048828125 37.07427215576172 36.81907272338867 37.452640533447266 36.873313903808594 
60.8771858215332 36.92675018310547 37.64409637451172 37.73027038574219 38.48134231567383 38.623294830322266 39.16896057128906 38.586944580078125 41.43939208984375 37.32534408569336 37.169822692871094 37.50288009643555 37.17273712158203 37.376895904541016 37.65126419067383 36.88947296142578 
53.49158477783203 36.593631744384766 36.9381103515625 37.73411178588867 38.19001770019531 39.21091079711914 38.59475326538086 37.32787322998047 43.49158477783203 37.160640716552734 36.97391891479492 37.41939163208008 37.001502990722656 38.14121627807617 36.54710388183594 36.640865325927734 
56.66368103027344 36.448638916015625 37.08924865722656 37.07148742675781 38.219425201416016 37.67609786987305 39.28035354614258 38.729087829589844 42.08003234863281 36.69334411621094 37.10966491699219 37.360862731933594 38.35398483276367 36.596736907958984 36.57299041748047 36.88627243041992 
57.72390365600586 36.73292922973633 37.36761474609375 38.79359817504883 37.8361930847168 37.60313415527344 38.038753509521484 38.33871841430664 42.60895919799805 37.1673583984375 36.843711853027344 37.3006706237793 36.75923156738281 36.76047897338867 36.621055603027344 37.2044792175293 
56.76192092895508 36.71171188354492 37.98281478881836 38.25532913208008 37.52985763549805 37.403968811035156 37.913631439208984 37.6993293762207 42.14908981323242 36.798526763916016 36.8908805847168 36.778526306152344 37.218753814697266 36.54003143310547 36.64691162109375 36.8875846862793 
56.684513092041016 38.18137741088867 38.58195114135742 38.21558380126953 37.641632080078125 37.81417465209961 38.42108917236328 37.522335052490234 42.442081451416016 37.39817428588867 37.04304122924805 37.12905502319336 37.40902328491211 37.854270935058594 36.82521438598633 37.45606231689453 
60.8930549621582 36.86812973022461 37.88431930541992 38.01744079589844 38.22175979614258 37.73107147216797 38.079872131347656 37.395423889160156 41.763328552246094 36.90582275390625 36.610721588134766 36.59571075439453 37.103424072265625 36.532222747802734 36.67494583129883 37.70252990722656 
55.682369232177734 36.68137741088867 37.56777572631836 37.96876907348633 38.08844757080078 38.373023986816406 38.487327575683594 37.88969421386719 42.75251388549805 36.81388854980469 36.564544677734375 36.62851333618164 36.83327865600586 36.73289489746094 36.69059371948242 36.898719787597656 
62.71807861328125 36.29430389404297 37.03228759765625 37.80112075805664 37.6214714050293 38.95062255859375 38.88684844970703 37.507102966308594 42.197120666503906 36.938560485839844 36.74220657348633 37.28611373901367 36.6379508972168 36.689697265625 37.06505584716797 37.798622131347656 
45.41984176635742 34.793216705322266 24.879743576049805 25.68195152282715 25.503904342651367 25.59052848815918 26.63599967956543 25.855104446411133 31.447359085083008 25.589120864868164 26.780128479003906 25.934368133544922 25.810848236083984 25.87116813659668 26.033119201660156 26.045631408691406 
38.071231842041016 25.3240966796875 24.824384689331055 25.22163200378418 26.09382438659668 25.973791122436523 25.423263549804688 25.4649600982666 30.111616134643555 25.701663970947266 26.341951370239258 25.901119232177734 26.45238494873047 25.387327194213867 26.00921630859375 26.255552291870117 
38.966304779052734 25.266752243041992 25.691423416137695 25.61631965637207 25.70262336730957 26.571584701538086 26.337919235229492 26.05939292907715 32.029502868652344 25.939456939697266 25.845184326171875 26.407360076904297 25.746944427490234 26.06604766845703 25.918048858642578 26.150175094604492 
41.31184005737305 25.162687301635742 25.55900764465332 26.03398323059082 25.494815826416016 25.82467269897461 26.338560104370117 25.681535720825195 30.14899253845215 25.941919326782227 25.629087448120117 26.010080337524414 25.93929672241211 26.243648529052734 26.149824142456055 25.71049690246582 
46.62364959716797 24.971519470214844 24.86262321472168 25.528352737426758 26.19478416442871 26.06025505065918 25.445920944213867 26.300159454345703 33.39708709716797 25.857791900634766 26.36115264892578 26.036319732666016 26.08438491821289 25.992511749267578 26.119104385375977 25.71887969970703 
73.79558563232422 24.902271270751953 25.568288803100586 25.448640823364258 26.00432014465332 26.12531280517578 25.421951293945312 25.73232078552246 31.182144165039062 25.832544326782227 25.856159210205078 26.022239685058594 25.776447296142578 26.050048828125 26.003679275512695 26.551551818847656 
38.10966491699219 25.430944442749023 25.754240036010742 25.85625648498535 25.35353660583496 25.223487854003906 25.70355224609375 25.76198387145996 32.991424560546875 26.12566375732422 25.91484832763672 25.74166488647461 25.990751266479492 26.41744041442871 25.9215030670166 26.007551193237305 
40.23948669433594 25.354976654052734 24.906047821044922 25.783231735229492 25.906719207763672 25.81430435180664 25.567615509033203 26.179264068603516 31.38217544555664 25.663679122924805 25.791584014892578 26.122272491455078 26.247520446777344 25.802303314208984 26.454240798950195 25.51113510131836 
40.17180633544922 25.395999908447266 25.286367416381836 25.27008056640625 25.14080047607422 26.091840744018555 26.07097625732422 25.58051109313965 30.357759475708008 26.010784149169922 25.92108726501465 25.723840713500977 25.848575592041016 25.95737648010254 25.760608673095703 26.323360443115234 
38.171871185302734 25.24166488647461 25.98428726196289 25.744064331054688 25.296768188476562 25.800703048706055 26.096607208251953 25.707935333251953 33.02880096435547 25.540767669677734 26.01910400390625 25.743743896484375 26.05606460571289 25.90403175354004 26.490047454833984 26.01571273803711 
51.169952392578125 29.726240158081055 29.970399856567383 30.545312881469727 30.427200317382812 30.23734474182129 30.33932876586914 30.32988739013672 36.789695739746094 30.91059112548828 30.362943649291992 31.309471130371094 30.955392837524414 30.47417640686035 30.088224411010742 30.956863403320312 
60.5972785949707 29.44883155822754 30.887231826782227 31.252384185791016 31.023136138916016 30.86911964416504 30.732576370239258 30.841472625732422 34.79052734375 30.183935165405273 30.087936401367188 30.00543975830078 31.26799964904785 31.061119079589844 30.27872085571289 30.619232177734375 
72.17017364501953 33.67599868774414 30.04729652404785 30.81884765625 31.315391540527344 31.223039627075195 31.2860164642334 30.867103576660156 35.08969497680664 30.478944778442383 32.036319732666016 31.027456283569336 30.21228790283203 31.19340705871582 31.11155128479004 30.070175170898438 
63.80908966064453 29.432512283325195 30.384319305419922 30.947904586791992 31.174495697021484 30.597759246826172 30.387231826782227 30.124351501464844 34.89817428588867 29.978591918945312 31.000160217285156 30.937408447265625 30.293855667114258 30.46998405456543 31.013599395751953 30.332544326782227 
99.16531372070312 29.87068748474121 30.773311614990234 30.69331169128418 31.07708740234375 31.03433609008789 30.454368591308594 30.888032913208008 36.868446350097656 30.53209686279297 30.128639221191406 30.07036781311035 31.1625919342041 31.95644760131836 30.164159774780273 30.443775177001953 
70.16671752929688 29.844287872314453 30.030559539794922 31.022783279418945 30.673503875732422 31.02217674255371 30.035072326660156 30.132896423339844 42.51612854003906 30.67286491394043 30.352575302124023 30.15558433532715 31.044031143188477 31.022239685058594 30.37116813659668 30.43177604675293 
60.66239929199219 30.47929573059082 30.828384399414062 31.013471603393555 30.712831497192383 30.883424758911133 30.281055450439453 30.49907112121582 35.63568115234375 30.99737548828125 31.02911949157715 30.510175704956055 30.463104248046875 30.811935424804688 30.36675262451172 30.227872848510742 
66.96771240234375 29.438175201416016 30.028575897216797 30.416831970214844 30.616640090942383 30.975807189941406 30.430944442749023 30.871551513671875 35.4760627746582 30.08812713623047 30.588224411010742 31.326208114624023 30.413471221923828 30.268447875976562 30.75382423400879 30.788063049316406 
63.84294509887695 29.52070426940918 30.609760284423828 29.97577667236328 30.586240768432617 31.444320678710938 31.060768127441406 30.582143783569336 37.34883117675781 30.146848678588867 30.862207412719727 30.366432189941406 29.999231338500977 30.93459129333496 30.34172821044922 29.981279373168945 
68.96451568603516 29.399871826171875 30.05094337463379 30.40118408203125 30.118656158447266 30.14080047607422 30.529727935791016 30.557119369506836 37.32681655883789 30.968576431274414 30.03785514831543 29.985631942749023 31.139392852783203 30.124767303466797 30.173280715942383 30.849695205688477 
55.17171096801758 30.169248580932617 26.237184524536133 26.990463256835938 27.261695861816406 26.781951904296875 27.922815322875977 27.657535552978516 33.07600021362305 26.763647079467773 26.7490234375 26.914880752563477 27.245248794555664 27.573440551757812 27.407392501831055 27.280576705932617 
47.7474250793457 26.88479995727539 27.218656539916992 27.391071319580078 27.56777572631836 27.352096557617188 26.68137550354004 27.90732765197754 33.819583892822266 27.253856658935547 27.07868766784668 26.926624298095703 26.727872848510742 26.863008499145508 27.46406364440918 27.701791763305664 
50.992862701416016 26.193023681640625 26.19968032836914 26.39027214050293 26.605823516845703 26.676063537597656 26.47145652770996 27.114784240722656 35.277313232421875 27.134368896484375 27.680896759033203 27.40233612060547 27.224159240722656 27.007295608520508 26.77587127685547 27.265439987182617 
47.86854553222656 26.35750389099121 26.4901123046875 26.387584686279297 27.119264602661133 26.75872039794922 27.465951919555664 27.35260772705078 32.789886474609375 27.151391983032227 29.240863800048828 27.265504837036133 26.850400924682617 26.932384490966797 26.927936553955078 27.130144119262695 
47.81071853637695 27.059711456298828 27.104896545410156 26.72559928894043 27.913375854492188 27.87830352783203 26.803712844848633 28.583648681640625 32.75564956665039 27.114944458007812 27.6843204498291 26.91084861755371 26.771648406982422 26.846527099609375 26.865631103515625 27.493408203125 
49.936161041259766 26.548383712768555 26.90470314025879 26.677631378173828 26.62371253967285 27.270048141479492 26.79465675354004 26.56608009338379 33.01193618774414 26.876800537109375 26.74073600769043 27.36854362487793 27.298816680908203 27.04956817626953 27.226367950439453 27.240703582763672 
51.015777587890625 26.784223556518555 27.299488067626953 27.26691246032715 27.430591583251953 27.152095794677734 26.669248580932617 27.143455505371094 34.56828689575195 27.23004722595215 27.027584075927734 26.696863174438477 26.85852813720703 27.27222442626953 27.440223693847656 27.46998405456543 
50.01567840576172 26.30784034729004 26.32921600341797 26.356639862060547 27.74297523498535 27.642656326293945 26.963008880615234 27.14041519165039 34.53299331665039 27.346847534179688 27.400224685668945 27.069568634033203 26.383935928344727 26.601823806762695 26.87923240661621 27.25606346130371 
49.932830810546875 26.374208450317383 26.998144149780273 27.43462371826172 27.109920501708984 27.73094367980957 27.7142391204834 26.697376251220703 32.82128143310547 26.75609588623047 27.073440551757812 26.412639617919922 27.09881591796875 27.09440040588379 27.388608932495117 27.364160537719727 
58.1959342956543 26.22444725036621 26.46883201599121 26.352352142333984 26.461599349975586 27.323423385620117 26.704959869384766 27.224224090576172 33.04006576538086 27.114784240722656 27.202655792236328 26.822784423828125 27.677120208740234 26.599872589111328 26.991968154907227 27.501888275146484 
54.142112731933594 29.45078468322754 28.276416778564453 29.463455200195312 29.42243194580078 29.61996841430664 143.1357421875 27.524288177490234 32.390174865722656 22.363712310791016 22.626047134399414 22.20262336730957 22.106592178344727 22.908863067626953 22.26598358154297 22.35980796813965 
50.72675323486328 28.382591247558594 29.44268798828125 134.525634765625 33.53734588623047 29.71900749206543 22.273344039916992 21.81702423095703 32.73507308959961 22.00752067565918 22.547199249267578 22.414207458496094 22.448543548583984 22.321151733398438 22.41868782043457 22.397375106811523 
47.60940933227539 29.34364891052246 31.610815048217773 131.27932739257812 28.440799713134766 28.40403175354004 22.601951599121094 21.67193603515625 30.23040008544922 22.252511978149414 22.570688247680664 22.455583572387695 22.889503479003906 22.32908821105957 22.327232360839844 23.1213436126709 
46.51599884033203 29.419776916503906 30.5545597076416 131.26153564453125 29.4968318939209 28.538496017456055 22.441631317138672 21.923328399658203 35.68204879760742 22.293184280395508 23.041824340820312 22.290912628173828 22.567455291748047 22.276960372924805 22.359296798706055 22.288768768310547 
50.80064010620117 29.3887996673584 32.59360122680664 137.5182342529297 29.49456024169922 29.403743743896484 22.779935836791992 21.750688552856445 33.81840133666992 22.123071670532227 22.653343200683594 22.327648162841797 22.564607620239258 22.29427146911621 22.541887283325195 22.403295516967773 
47.6346549987793 31.471391677856445 28.392704010009766 29.565887451171875 134.39208984375 29.38479995727539 22.189983367919922 21.787456512451172 31.42572784423828 22.39263916015625 22.237152099609375 23.080768585205078 22.2194881439209 22.448768615722656 22.799680709838867 22.27952003479004 
47.59222412109375 28.51171112060547 31.524608612060547 28.624704360961914 122.6078109741211 28.406591415405273 28.553119659423828 23.29248046875 33.17881774902344 22.450592041015625 22.309375762939453 22.07948875427246 22.33660888671875 22.46713638305664 22.42905616760254 22.279584884643555 
47.57158279418945 28.39347267150879 30.506752014160156 131.34796142578125 29.493759155273438 29.45305633544922 22.178335189819336 22.412031173706055 29.301311492919922 22.13920021057129 22.38934326171875 22.29020881652832 22.559520721435547 22.43974494934082 22.78883171081543 22.29840087890625 
48.67977523803711 29.38742446899414 32.55331039428711 133.3870391845703 29.765216827392578 28.250303268432617 22.1362247467041 21.861248016357422 33.847808837890625 22.350431442260742 22.247520446777344 22.283039093017578 22.451583862304688 22.27110481262207 22.85296058654785 22.464672088623047 
46.53897476196289 28.415264129638672 30.454687118530273 129.19027709960938 29.467424392700195 28.736095428466797 22.32486343383789 21.894624710083008 35.63452911376953 22.290111541748047 23.358335494995117 22.19059181213379 22.536928176879883 22.23904037475586 22.785888671875 22.226720809936523 
38.68966293334961 20.521568298339844 20.52092742919922 21.001728057861328 21.179296493530273 108.59193420410156 20.55081558227539 20.631391525268555 27.34502410888672 21.451391220092773 21.471168518066406 21.684255599975586 21.26896095275879 21.02239990234375 21.481792449951172 21.5600643157959 
42.916831970214844 20.614240646362305 21.07923126220703 21.28428840637207 21.273151397705078 21.448448181152344 21.219072341918945 21.191680908203125 27.49920082092285 21.332895278930664 21.39676856994629 21.403615951538086 21.105632781982422 21.35273551940918 21.557600021362305 21.371103286743164 
42.90883255004883 20.611360549926758 21.04694366455078 21.415199279785156 21.423648834228516 21.561248779296875 21.52124786376953 21.394847869873047 27.160415649414062 21.582271575927734 21.444416046142578 21.319679260253906 21.249696731567383 21.447839736938477 20.92959976196289 23.23401641845703 
42.94300842285156 20.61942481994629 20.92643165588379 21.003328323364258 21.0380802154541 21.529056549072266 21.467327117919922 21.270368576049805 28.553024291992188 21.341632843017578 21.067264556884766 21.031776428222656 21.494688034057617 21.34009552001953 21.727359771728516 21.118080139160156 
44.000736236572266 20.61248016357422 20.62486457824707 20.6212158203125 20.670047760009766 20.7774715423584 20.865087509155273 20.958080291748047 31.70806312561035 20.924543380737305 21.143648147583008 21.476831436157227 21.692607879638672 21.96329689025879 21.260223388671875 21.20345687866211 
44.001953125 20.560447692871094 20.71049690246582 20.932384490966797 21.19081687927246 21.00383949279785 20.940927505493164 20.95132827758789 25.81337547302246 22.046016693115234 21.501855850219727 21.126815795898438 21.430944442749023 21.56425666809082 21.669343948364258 21.724767684936523 
42.92707061767578 20.650400161743164 20.946687698364258 21.14143943786621 21.174528121948242 21.37295913696289 21.236543655395508 21.34480094909668 28.459487915039062 20.975679397583008 21.641727447509766 21.511104583740234 21.336000442504883 21.0416316986084 21.36947250366211 21.496864318847656 
46.05958557128906 20.591840744018555 20.737503051757812 20.738880157470703 21.021312713623047 20.98828887939453 20.962495803833008 21.044031143188477 26.815231323242188 21.436128616333008 21.5163516998291 21.29827117919922 21.307968139648438 21.461536407470703 21.34239959716797 21.04412841796875 
42.95235061645508 20.60108757019043 20.915424346923828 20.929216384887695 21.02672004699707 21.44576072692871 21.44646453857422 21.322336196899414 26.04297637939453 21.14793586730957 21.598560333251953 22.172191619873047 21.371295928955078 21.076448440551758 21.115007400512695 21.471904754638672 
44.01887893676758 20.604736328125 20.87264060974121 21.204320907592773 21.23561668395996 21.221599578857422 21.333215713500977 21.298751831054688 27.33772850036621 21.12371253967285 21.83135986328125 21.488672256469727 21.222496032714844 21.268320083618164 21.231231689453125 21.456256866455078 
49.05686569213867 26.241439819335938 28.393823623657227 26.30659294128418 27.361888885498047 25.267744064331055 25.306880950927734 25.322368621826172 28.373247146606445 17.998432159423828 18.862943649291992 19.242464065551758 18.592639923095703 18.297311782836914 18.363487243652344 19.208831787109375 
41.66940689086914 28.387327194213867 25.28447914123535 25.253215789794922 25.23232078552246 26.268543243408203 25.350528717041016 25.31177520751953 27.750240325927734 18.11587142944336 18.3799991607666 18.51238441467285 18.065120697021484 18.517824172973633 18.40825653076172 18.379968643188477 
41.7017936706543 26.2193603515625 27.39148712158203 25.194175720214844 25.322463989257812 27.388639450073242 25.282848358154297 25.266719818115234 28.036287307739258 19.01215934753418 18.660287857055664 18.501056671142578 18.248416900634766 18.33843231201172 19.090591430664062 18.598400115966797 
41.66262435913086 30.432384490966797 25.303712844848633 25.262880325317383 25.24950408935547 27.4072322845459 26.27987289428711 25.314271926879883 28.319904327392578 18.187360763549805 18.738527297973633 18.533824920654297 18.136320114135742 18.72844886779785 18.938655853271484 18.663135528564453 
41.63270568847656 26.298879623413086 25.256736755371094 25.346784591674805 25.204927444458008 26.341856002807617 25.284032821655273 25.328479766845703 25.78620719909668 18.684032440185547 18.503904342651367 18.328224182128906 19.106687545776367 18.857280731201172 18.58563232421875 18.31996726989746 
41.66649627685547 26.268735885620117 25.314847946166992 25.341567993164062 26.283679962158203 26.35750389099121 25.174976348876953 25.300703048706055 27.809919357299805 18.297311782836914 18.106367111206055 18.796607971191406 18.669151306152344 18.276992797851562 18.199487686157227 19.262176513671875 
41.64553451538086 25.237472534179688 27.393407821655273 25.243711471557617 25.29302406311035 26.51817512512207 25.173952102661133 25.205312728881836 28.245920181274414 18.301471710205078 18.086240768432617 19.18284797668457 18.9102725982666 18.29132843017578 18.389631271362305 18.937759399414062 
41.64863967895508 26.2359676361084 26.370975494384766 25.24947166442871 25.365631103515625 26.285247802734375 25.22559928894043 25.30521583557129 26.009695053100586 18.088287353515625 18.35411262512207 19.505088806152344 18.325504302978516 18.097055435180664 18.589536666870117 19.043359756469727 
41.70336151123047 27.275583267211914 25.27017593383789 25.298368453979492 25.20502471923828 27.544031143188477 25.126848220825195 25.260576248168945 27.410367965698242 18.364383697509766 18.340608596801758 18.806272506713867 19.035999298095703 18.493024826049805 17.738176345825195 18.817951202392578 
41.672542572021484 27.294944763183594 25.25926399230957 25.336416244506836 25.18828773498535 26.32569694519043 25.25484848022461 25.303743362426758 22.036224365234375 19.247520446777344 19.02454376220703 18.67136001586914 18.086496353149414 18.100704193115234 18.920799255371094 18.53772735595703 
45.57855987548828 28.84239959716797 29.342079162597656 29.338144302368164 29.36089515686035 31.012447357177734 28.702112197875977 28.65385627746582 34.69385528564453 28.862592697143555 28.488256454467773 28.87606430053711 28.704832077026367 29.21993637084961 28.506847381591797 29.18953514099121 
102.2166748046875 28.23027229309082 28.12940788269043 28.520479202270508 29.81337547302246 29.941343307495117 29.371423721313477 29.670368194580078 32.67763137817383 28.99190330505371 28.788480758666992 29.38243293762207 28.64182472229004 29.093727111816406 28.93462371826172 29.085952758789062 
46.58329772949219 28.62665557861328 28.52355194091797 29.24412727355957 28.701152801513672 29.727680206298828 28.961759567260742 28.959104537963867 32.641727447509766 28.760576248168945 28.70627212524414 29.992895126342773 29.0666561126709 29.780288696289062 29.030559539794922 29.162464141845703 
49.77222442626953 28.63030433654785 28.18511962890625 28.76892852783203 29.61408042907715 29.531967163085938 29.663328170776367 29.530656814575195 34.712894439697266 28.75142478942871 29.459808349609375 29.10860824584961 28.83011245727539 29.11894416809082 28.638944625854492 28.966880798339844 
45.724609375 28.462560653686523 28.966495513916016 28.85820770263672 29.20355224609375 29.323904037475586 29.710880279541016 29.463232040405273 34.377281188964844 28.80873680114746 29.31203269958496 28.956832885742188 29.115808486938477 28.552160263061523 29.230911254882812 28.37494468688965 
101.13398742675781 28.25347137451172 28.906400680541992 28.522016525268555 29.196863174438477 28.70694351196289 28.533023834228516 28.773120880126953 34.37152099609375 29.150815963745117 28.919551849365234 28.991680145263672 29.102720260620117 28.735584259033203 29.030784606933594 29.25596809387207 
47.6798095703125 28.700031280517578 29.34601593017578 28.551040649414062 28.96031951904297 29.063488006591797 29.279136657714844 28.675519943237305 34.37027359008789 28.38444709777832 29.159008026123047 28.833215713500977 29.061567306518555 29.143360137939453 28.574623107910156 28.949888229370117 
47.699806213378906 28.774080276489258 28.43712043762207 29.755168914794922 30.096736907958984 29.95737648010254 29.36502456665039 29.46291160583496 35.62575912475586 28.55062484741211 28.93391990661621 28.631807327270508 29.021535873413086 28.682111740112305 28.607839584350586 28.992511749267578 
52.93113708496094 28.599008560180664 28.219167709350586 29.599872589111328 30.298303604125977 30.084800720214844 29.74323272705078 29.597824096679688 33.6324462890625 28.972768783569336 28.602272033691406 29.51807975769043 28.57196807861328 29.22617530822754 28.597152709960938 29.061920166015625 
45.579166412353516 29.193504333496094 29.425952911376953 29.982080459594727 29.806751251220703 29.72537612915039 29.65238380432129 28.827360153198242 34.654815673828125 28.46544075012207 29.374784469604492 28.89583969116211 28.959135055541992 28.922016143798828 28.98873519897461 28.675264358520508 
44.736961364746094 34.60335922241211 34.71129608154297 34.69660949707031 35.66960144042969 35.8408317565918 34.93753433227539 57.04518508911133 40.62384033203125 34.26486587524414 34.347007751464844 34.897918701171875 34.49046325683594 34.07926559448242 34.946815490722656 34.809696197509766 
63.75155258178711 34.289920806884766 34.82761764526367 35.0898551940918 35.45462417602539 35.19718551635742 35.53200149536133 82.87081909179688 41.9568977355957 34.6899528503418 34.41312026977539 35.30876922607422 34.33030319213867 34.906494140625 35.279422760009766 34.185184478759766 
66.86521911621094 34.0623664855957 34.20393753051758 36.02329635620117 35.452640533447266 34.78950500488281 34.686561584472656 99.35852813720703 47.67500686645508 34.11337661743164 34.960960388183594 34.50902557373047 34.96809768676758 34.880287170410156 34.67327880859375 34.59404754638672 
65.77891540527344 34.174015045166016 34.360897064208984 35.294654846191406 35.18048095703125 35.137664794921875 35.98553466796875 111.95795440673828 43.364192962646484 34.496673583984375 34.48854446411133 34.81148910522461 34.90848159790039 34.605438232421875 34.82262420654297 34.85795211791992 
72.21270751953125 34.08143997192383 35.582401275634766 35.64060974121094 35.105438232421875 34.833343505859375 35.154911041259766 81.91388702392578 39.913856506347656 34.36579132080078 34.54912185668945 34.32499313354492 34.71161651611328 34.8770866394043 34.41606521606445 34.87744140625 
59.67385482788086 34.20188903808594 35.67891311645508 35.37071990966797 35.10630416870117 34.96908950805664 34.996864318847656 82.47245025634766 41.20070266723633 34.48284912109375 34.068511962890625 34.37036895751953 36.5709114074707 33.994686126708984 34.19116973876953 34.91231918334961 
66.95804595947266 34.1901741027832 34.8837776184082 35.38691329956055 36.270782470703125 35.65407943725586 39.161312103271484 68.41926574707031 42.10067367553711 34.8936653137207 34.474334716796875 34.311073303222656 34.629695892333984 34.72163009643555 34.75846481323242 34.1798095703125 
59.57769775390625 34.71955108642578 34.43574523925781 35.24396896362305 35.42393493652344 35.26185607910156 34.793888092041016 88.51532745361328 42.53647994995117 34.82012939453125 34.550559997558594 34.337406158447266 34.771297454833984 34.4051513671875 34.28374481201172 34.93203353881836 
97.41171264648438 34.035518646240234 34.817665100097656 35.14499282836914 35.599361419677734 34.87206268310547 34.96275329589844 71.26815795898438 43.317569732666016 34.461151123046875 34.35366439819336 35.20265579223633 34.427486419677734 34.47711944580078 34.94054412841797 34.93715286254883 
63.665313720703125 34.53692626953125 34.98963165283203 35.21772766113281 35.380191802978516 35.15011215209961 34.87491226196289 87.90940856933594 42.2275505065918 34.23161697387695 34.84953689575195 34.424095153808594 34.30863952636719 34.7110710144043 34.679073333740234 34.56499099731445 
70.92569732666016 24.952064514160156 25.099136352539062 25.684383392333984 26.107999801635742 26.0927677154541 25.658784866333008 26.474111557006836 34.10246276855469 25.77676773071289 25.495391845703125 26.091327667236328 26.102815628051758 25.78825569152832 25.965791702270508 25.641536712646484 
57.13750457763672 24.807968139648438 25.03923225402832 25.268415451049805 25.663360595703125 25.53023910522461 26.01068878173828 26.20627212524414 30.706687927246094 25.84339141845703 26.025920867919922 26.805152893066406 25.891616821289062 25.86662483215332 25.95052719116211 25.765823364257812 
52.97296142578125 24.85478401184082 24.82524871826172 25.81337547302246 26.240415573120117 25.601247787475586 25.471328735351562 25.8756160736084 33.25609588623047 25.871103286743164 25.818592071533203 25.431615829467773 25.795263290405273 26.151968002319336 25.937023162841797 25.922496795654297 
69.72835540771484 24.84809684753418 24.898080825805664 25.067903518676758 25.785951614379883 25.85990333557129 25.35772705078125 25.14201545715332 31.32294464111328 25.947263717651367 25.70956802368164 26.79203224182129 25.81158447265625 25.561664581298828 25.76531219482422 25.875072479248047 
53.96012878417969 24.791231155395508 24.835168838500977 24.8702392578125 25.04684829711914 25.70751953125 25.399839401245117 25.40755271911621 30.843103408813477 25.884767532348633 25.779775619506836 25.621631622314453 25.741504669189453 25.59235191345215 26.18832015991211 25.97430419921875 
55.065311431884766 24.858240127563477 24.858400344848633 25.074079513549805 25.868032455444336 25.611839294433594 25.398944854736328 25.826496124267578 30.50009536743164 25.79078483581543 25.751808166503906 25.722368240356445 25.628511428833008 25.851648330688477 25.409120559692383 26.077375411987305 
55.032127380371094 24.821823120117188 25.285823822021484 25.878816604614258 26.283424377441406 25.449663162231445 25.795839309692383 27.92348861694336 33.84921646118164 25.585983276367188 25.708736419677734 25.777311325073242 25.753183364868164 26.00432014465332 25.80284881591797 25.649152755737305 
50.88035202026367 24.901920318603516 24.82192039489746 24.9498233795166 25.52284812927246 25.771936416625977 25.344127655029297 25.302207946777344 29.613567352294922 26.050912857055664 25.70966339111328 26.014432907104492 26.019168853759766 25.833951950073242 25.824735641479492 25.359615325927734 
47.71414566040039 24.7872314453125 25.081087112426758 25.461599349975586 26.018463134765625 25.67731285095215 25.56835174560547 54.70431900024414 31.558271408081055 25.71196746826172 26.2959041595459 25.852256774902344 25.64646339416504 25.712032318115234 26.08073616027832 25.914880752563477 
54.016990661621094 24.87593650817871 24.85977554321289 25.34841537475586 25.609952926635742 25.53340721130371 25.43552017211914 26.005247116088867 30.53228759765625 25.78054428100586 26.085952758789062 25.61008071899414 25.71721649169922 26.24323272705078 25.603424072265625 25.703392028808594 
67.27347564697266 30.608543395996094 30.467552185058594 30.47225570678711 31.789087295532227 30.536863327026367 144.09193420410156 22.674240112304688 37.37900924682617 23.3973445892334 23.44118309020996 23.67193603515625 23.33692741394043 23.608320236206055 23.511552810668945 23.642656326293945 
45.29363250732422 34.70064163208008 31.64784049987793 110.2591323852539 30.48899269104004 30.727296829223633 25.211776733398438 22.91116714477539 35.27446365356445 23.330720901489258 23.147008895874023 23.061792373657227 23.920991897583008 23.422367095947266 23.383487701416016 23.279584884643555 
45.28976058959961 33.71846389770508 31.54591941833496 133.39736938476562 30.542112350463867 29.10633659362793 23.01372718811035 23.58684730529785 35.56332778930664 23.449216842651367 23.635072708129883 23.561439514160156 23.44476890563965 23.4169921875 23.925983428955078 25.67990493774414 
47.30915069580078 30.592960357666016 30.491392135620117 97.74534606933594 30.44806480407715 30.518943786621094 30.550687789916992 23.314655303955078 37.08399963378906 23.318912506103516 23.470111846923828 25.304256439208984 23.351360321044922 23.473535537719727 23.499967575073242 23.581504821777344 
45.29075241088867 33.65488052368164 30.769695281982422 112.21040344238281 30.50864028930664 30.4748477935791 26.358495712280273 22.751487731933594 35.330623626708984 25.034015655517578 23.33750343322754 23.538047790527344 23.74995231628418 23.419071197509766 23.670623779296875 23.455039978027344 
45.226016998291016 32.90351867675781 32.45027160644531 113.46060943603516 30.501632690429688 30.540639877319336 23.896032333374023 23.759296417236328 34.41961669921875 23.296255111694336 23.80246353149414 23.3822078704834 23.437536239624023 23.82271957397461 23.358144760131836 23.476640701293945 
45.23222351074219 31.622432708740234 33.05964660644531 110.94608306884766 30.521888732910156 30.458431243896484 26.57811164855957 22.986303329467773 35.72323226928711 23.24883270263672 23.33091163635254 23.896543502807617 23.647071838378906 23.469951629638672 23.543743133544922 23.56377601623535 
45.24883270263672 32.61174392700195 32.676063537597656 110.3222427368164 30.477983474731445 30.740703582763672 26.6909122467041 22.737024307250977 35.709503173828125 23.30281639099121 23.322208404541016 23.3123836517334 23.658559799194336 23.427072525024414 23.469343185424805 23.626720428466797 
45.2891845703125 34.679264068603516 31.878496170043945 114.2369613647461 30.518495559692383 30.653440475463867 23.926240921020508 22.75708770751953 35.7531852722168 23.332063674926758 23.483871459960938 23.410112380981445 23.5861759185791 23.81292724609375 23.460031509399414 23.397216796875 
45.26553726196289 30.513568878173828 31.80745506286621 111.13865661621094 30.568031311035156 30.43120002746582 29.917984008789062 22.72755241394043 36.11494445800781 23.23404884338379 23.549375534057617 23.11680030822754 23.464672088623047 23.43984031677246 23.741056442260742 23.59539222717285 
49.203041076660156 35.933406829833984 34.646976470947266 33.62473678588867 75.57449340820312 88.92582702636719 25.702943801879883 25.755264282226562 39.865726470947266 26.836063385009766 26.880128860473633 27.15001678466797 27.3384952545166 27.0196475982666 26.978559494018555 26.717695236206055 
59.64575958251953 32.90816116333008 38.71343994140625 141.90972900390625 49.01619338989258 25.67193603515625 26.64998435974121 26.831520080566406 33.11929702758789 26.568544387817383 26.968095779418945 27.012256622314453 27.181631088256836 26.736543655395508 26.578752517700195 26.612096786499023 
58.64169692993164 32.910400390625 36.522560119628906 146.59207153320312 44.57881546020508 25.67148780822754 26.259519577026367 26.067264556884766 42.37401580810547 26.651519775390625 26.60201644897461 26.572160720825195 28.45734405517578 26.86128044128418 26.660703659057617 26.806528091430664 
52.30918502807617 32.8950080871582 36.567840576171875 144.1210174560547 58.53580856323242 26.039424896240234 26.432832717895508 26.513568878173828 41.033729553222656 26.32428741455078 27.041343688964844 27.00979232788086 27.123552322387695 27.1200008392334 26.972896575927734 26.598751068115234 
58.60780715942383 32.87142562866211 35.568607330322266 37.934112548828125 142.54051208496094 25.69481658935547 26.028127670288086 26.09222412109375 37.83116912841797 26.86070442199707 27.02672004699707 27.036800384521484 26.633792877197266 26.900896072387695 27.255680084228516 26.81407928466797 
55.48070526123047 35.00761413574219 34.426849365234375 118.6938247680664 57.87696075439453 25.941280364990234 26.56537628173828 26.765247344970703 36.11542510986328 26.853408813476562 26.587167739868164 26.99785614013672 27.088287353515625 27.1376953125 26.97920036315918 27.230815887451172 
49.147743225097656 32.934207916259766 36.57526397705078 121.76646423339844 41.48633575439453 25.67568016052246 25.649152755737305 26.212095260620117 40.88969421386719 26.608896255493164 27.202144622802734 27.1345272064209 26.98806381225586 27.192800521850586 27.132896423339844 27.48758316040039 
53.34883117675781 32.951969146728516 38.876670837402344 140.110595703125 56.768287658691406 25.713760375976562 26.650495529174805 26.602176666259766 30.51081657409668 26.640352249145508 27.382944107055664 27.15001678466797 26.636959075927734 26.294464111328125 26.86672019958496 27.274816513061523 
53.38252639770508 32.87891387939453 36.64863967895508 135.46371459960938 48.21343994140625 25.665632247924805 25.860671997070312 26.701824188232422 40.206878662109375 26.583904266357422 27.15999984741211 26.652191162109375 26.881887435913086 26.646560668945312 26.582656860351562 26.553728103637695 
57.54288101196289 32.91097640991211 38.651039123535156 141.47389221191406 39.975521087646484 25.691200256347656 25.80419158935547 25.838464736938477 35.299137115478516 26.420352935791016 26.78972816467285 26.327072143554688 26.866239547729492 26.913663864135742 27.13055992126465 27.142784118652344 
39.63679885864258 20.903615951538086 21.365535736083984 40.20995330810547 28.134592056274414 152.10687255859375 20.8319034576416 20.877439498901367 28.09235191345215 21.322208404541016 21.780960083007812 21.506816864013672 21.38198471069336 21.710176467895508 21.473440170288086 21.453311920166016 
34.36457443237305 20.950368881225586 21.176000595092773 21.326976776123047 21.41334342956543 21.232576370239258 21.21356773376465 21.24550437927246 28.393152236938477 21.478431701660156 21.507680892944336 22.006656646728516 21.34623908996582 21.32044792175293 21.934303283691406 21.613439559936523 
36.48387145996094 20.900928497314453 21.2425594329834 21.834304809570312 21.82316780090332 24.806432723999023 21.124319076538086 21.233055114746094 29.16339111328125 21.56403160095215 21.59267234802246 21.49260711669922 21.410144805908203 21.860319137573242 21.609376907348633 21.379968643188477 
35.443424224853516 20.91744041442871 20.913375854492188 21.47420883178711 21.76531219482422 22.575551986694336 21.698911666870117 21.377920150756836 24.01263999938965 21.900863647460938 21.421152114868164 21.135583877563477 21.54230308532715 21.285888671875 21.44118309020996 21.326080322265625 
36.474239349365234 20.916160583496094 21.211872100830078 21.41481590270996 21.35980796813965 23.92950439453125 21.84364891052246 21.676959991455078 24.661792755126953 21.54572868347168 21.46735954284668 21.392831802368164 21.471519470214844 21.358015060424805 21.711711883544922 21.870176315307617 
35.439552307128906 20.919551849365234 20.98736000061035 21.05779266357422 21.155359268188477 21.244319915771484 21.227840423583984 21.240032196044922 28.110559463500977 21.388063430786133 21.792320251464844 21.44326400756836 21.43244743347168 21.675968170166016 21.515520095825195 21.39276885986328 
36.48102569580078 20.906335830688477 20.933696746826172 21.004383087158203 21.17148780822754 21.341951370239258 21.71718406677246 22.436256408691406 27.535327911376953 21.41983985900879 21.39401626586914 21.29267120361328 21.924928665161133 21.4932804107666 21.38585662841797 21.708127975463867 
38.56528091430664 20.91200065612793 20.928064346313477 21.036352157592773 21.176063537597656 23.427488327026367 21.40425682067871 21.73209571838379 27.078144073486328 21.779232025146484 21.5948486328125 22.758176803588867 21.476320266723633 21.753183364868164 21.59561538696289 21.282432556152344 
42.77507019042969 21.001216888427734 21.463584899902344 21.740543365478516 21.82428741455078 22.71219253540039 21.663711547851562 21.531904220581055 26.28985595703125 21.990304946899414 21.542911529541016 21.202335357666016 21.677471160888672 21.58220863342285 21.353248596191406 21.614303588867188 
37.486881256103516 20.980192184448242 21.326400756835938 21.722623825073242 21.80531120300293 24.147520065307617 21.429344177246094 88.03600311279297 25.14031982421875 21.36319923400879 21.45734405517578 21.713407516479492 21.578720092773438 21.458911895751953 21.701440811157227 21.60748863220215 
39.447486877441406 23.252416610717773 23.39232063293457 24.23574447631836 24.167455673217773 23.798688888549805 23.658143997192383 52.167457580566406 27.86502456665039 24.03107261657715 24.792448043823242 24.06438446044922 24.251840591430664 24.518112182617188 24.084096908569336 24.191200256347656 
39.45619201660156 23.266080856323242 23.577312469482422 23.626495361328125 23.4866886138916 24.173919677734375 24.70262336730957 24.346080780029297 28.80281639099121 24.194271087646484 24.116832733154297 24.572736740112305 24.367168426513672 24.101408004760742 24.00422477722168 24.324384689331055 
39.44240188598633 23.26028823852539 23.37993621826172 24.335744857788086 24.528671264648438 24.166719436645508 23.77052879333496 23.76076889038086 27.390079498291016 24.188512802124023 24.171648025512695 24.180160522460938 24.2956485748291 24.221664428710938 24.241344451904297 24.10758399963379 
38.40604782104492 23.248191833496094 23.261728286743164 23.775999069213867 24.22915267944336 24.21049690246582 24.13382339477539 23.825759887695312 29.226879119873047 24.226144790649414 24.641151428222656 24.371583938598633 24.177568435668945 24.1060791015625 24.296415328979492 26.29270362854004 
39.42863845825195 23.34662437438965 23.372800827026367 24.037376403808594 23.964319229125977 23.653823852539062 23.79635238647461 24.808095932006836 29.12665557861328 24.281248092651367 24.004352569580078 24.036767959594727 24.1461124420166 25.255231857299805 24.29155158996582 24.034879684448242 
38.48735809326172 23.20863914489746 23.60256004333496 23.45737648010254 23.738367080688477 24.579200744628906 24.48931121826172 24.082015991210938 34.06447982788086 23.955167770385742 24.331615447998047 25.11952018737793 24.311744689941406 24.154144287109375 25.435039520263672 24.27516746520996 
38.41001510620117 23.26006317138672 23.7458553314209 23.653440475463867 23.980384826660156 24.40403175354004 24.655263900756836 24.4434871673584 33.19267272949219 24.548032760620117 24.236928939819336 25.189119338989258 24.56470489501953 24.19158363342285 24.147296905517578 24.11008071899414 
47.89750289916992 23.26963233947754 23.626079559326172 23.519744873046875 23.830623626708984 23.93231964111328 24.693023681640625 24.565536499023438 31.472511291503906 24.39651107788086 24.918880462646484 23.834720611572266 24.252864837646484 24.495071411132812 24.937952041625977 23.96784019470215 
37.3449592590332 23.290048599243164 24.06287956237793 24.511615753173828 24.54400062561035 23.92304039001465 23.849376678466797 24.58678436279297 30.725919723510742 24.41097640991211 24.573823928833008 25.934303283691406 24.386592864990234 24.32579231262207 24.12828826904297 24.032896041870117 
40.491329193115234 23.271936416625977 23.40959930419922 23.42086410522461 23.85296058654785 24.478239059448242 24.533952713012695 24.003904342651367 34.56367874145508 24.263519287109375 24.293983459472656 24.1312313079834 24.492767333984375 24.574623107910156 24.02288055419922 23.789663314819336 
39.53504180908203 25.517824172973633 25.782304763793945 25.886016845703125 26.068191528320312 26.68307113647461 26.22483253479004 25.998207092285156 32.61958312988281 26.015199661254883 26.34867286682129 26.21504020690918 26.08755111694336 27.483264923095703 26.443967819213867 26.41539192199707 
85.7458267211914 25.304351806640625 26.234432220458984 26.759967803955078 26.679487228393555 26.146976470947266 26.52387237548828 26.239072799682617 32.7105598449707 26.021728515625 26.37481689453125 25.946367263793945 26.23695945739746 26.384416580200195 26.30473518371582 26.34867286682129 
50.281761169433594 25.691328048706055 26.22550392150879 26.203359603881836 25.7523193359375 26.35980796813965 26.38185691833496 25.85264015197754 34.2694091796875 25.962432861328125 26.293567657470703 26.55776023864746 26.43065643310547 26.59222412109375 26.455936431884766 26.509023666381836 
49.21123123168945 25.286527633666992 25.625503540039062 25.594911575317383 26.267616271972656 26.41334342956543 25.861215591430664 26.344383239746094 31.762880325317383 26.313024520874023 26.742080688476562 26.489215850830078 26.42963218688965 26.39411163330078 26.445344924926758 26.55251121520996 
52.39958572387695 25.487871170043945 25.528383255004883 26.12931251525879 25.822751998901367 26.554624557495117 26.70207977294922 26.01798439025879 35.08262252807617 26.138303756713867 26.489824295043945 26.291263580322266 26.288671493530273 27.47702407836914 27.444992065429688 26.440448760986328 
44.88604736328125 25.786399841308594 25.595104217529297 25.45471954345703 25.503488540649414 26.22313690185547 25.98303985595703 26.743616104125977 35.06963348388672 25.850879669189453 26.598175048828125 25.85094451904297 26.325952529907227 26.780607223510742 26.291231155395508 26.418720245361328 
38.573150634765625 25.862207412719727 26.17731285095215 26.18592071533203 25.980159759521484 26.10006332397461 26.15590476989746 25.66556739807129 31.71232032775879 26.485536575317383 26.00454330444336 26.385055541992188 26.209632873535156 26.771936416625977 26.387039184570312 26.328384399414062 
49.21235275268555 25.31443214416504 25.654176712036133 25.830432891845703 26.31977653503418 26.780223846435547 26.205055236816406 25.905344009399414 33.196895599365234 26.49420738220215 26.253984451293945 25.973920822143555 26.46076774597168 26.3753604888916 26.80486488342285 26.464704513549805 
47.0827522277832 25.570112228393555 25.429279327392578 25.600351333618164 26.41689682006836 26.27280044555664 26.179584503173828 26.655040740966797 36.497310638427734 25.941823959350586 25.798912048339844 26.4334716796875 26.63030433654785 26.154848098754883 26.294208526611328 26.376863479614258 
50.27916717529297 25.312000274658203 25.296960830688477 25.687807083129883 26.12838363647461 25.72211265563965 25.736543655395508 26.3690242767334 30.878496170043945 26.103071212768555 26.30121612548828 26.443008422851562 26.125152587890625 26.326143264770508 26.199487686157227 26.43948745727539 
44.71152114868164 19.0994873046875 19.077184677124023 19.334304809570312 19.46886444091797 19.506271362304688 19.665376663208008 19.81939125061035 31.34752082824707 19.741920471191406 20.141311645507812 20.077503204345703 20.344160079956055 20.113216400146484 19.956256866455078 20.568479537963867 
39.2861442565918 18.937599182128906 18.95680046081543 18.9451847076416 19.00364875793457 19.02841567993164 19.01299285888672 19.033056259155273 25.399328231811523 19.54876708984375 19.584064483642578 19.34236717224121 19.35411262512207 19.265472412109375 19.996416091918945 19.40835189819336 
42.47507095336914 18.933504104614258 18.936767578125 19.181407928466797 19.17728042602539 19.3819522857666 19.865983963012695 19.902591705322266 25.01024055480957 19.544864654541016 19.362367630004883 19.355424880981445 20.118976593017578 19.45078468322754 19.62601661682129 19.88217544555664 
40.350975036621094 18.924863815307617 19.2806396484375 19.557504653930664 20.00966453552246 20.071327209472656 20.029823303222656 20.006752014160156 25.108768463134766 19.533119201660156 19.366464614868164 20.474912643432617 20.670495986938477 19.75529670715332 19.991775512695312 19.918655395507812 
42.419551849365234 18.938079833984375 18.873632431030273 19.002944946289062 19.052831649780273 19.061887741088867 19.056095123291016 19.345184326171875 24.664575576782227 19.651071548461914 19.985151290893555 20.069856643676758 20.594816207885742 19.943679809570312 20.05516815185547 20.087360382080078 
37.22243118286133 18.899520874023438 18.900415420532227 19.19398307800293 19.263200759887695 19.336864471435547 19.493408203125 19.831520080566406 26.728864669799805 19.394847869873047 19.618976593017578 19.2923526763916 19.334463119506836 19.289024353027344 19.98566436767578 19.470016479492188 
37.21503829956055 18.907712936401367 19.200031280517578 19.64499282836914 19.779359817504883 19.774208068847656 19.783584594726562 19.847455978393555 28.204736709594727 19.805408477783203 19.269184112548828 19.415264129638672 19.62633514404297 19.695392608642578 20.411008834838867 19.727712631225586 
37.261505126953125 18.90991973876953 18.936063766479492 19.728639602661133 19.9399356842041 20.225664138793945 19.91516876220703 20.009695053100586 26.129695892333984 19.312320709228516 19.15657615661621 19.36662483215332 19.541791915893555 20.290719985961914 20.334623336791992 19.463520050048828 
40.34659194946289 18.91152000427246 19.154239654541016 19.487648010253906 19.5548152923584 19.5578556060791 19.604415893554688 19.923295974731445 27.123807907104492 19.610496520996094 19.17852783203125 19.413888931274414 19.908096313476562 19.883583068847656 20.59542465209961 19.584543228149414 
38.301631927490234 18.898591995239258 18.99830436706543 19.334047317504883 19.361024856567383 19.35001564025879 20.005664825439453 19.991519927978516 27.874176025390625 19.600736618041992 19.56377601623535 19.4869441986084 19.230207443237305 19.408544540405273 19.604223251342773 19.546592712402344 
35.355648040771484 15.499008178710938 15.450016021728516 15.562239646911621 15.535264015197754 15.692704200744629 16.613664627075195 16.077503204345703 26.162080764770508 16.23859214782715 16.235424041748047 15.975423812866211 15.78985595703125 15.672479629516602 15.654815673828125 15.836000442504883 
15.741536140441895 15.37936019897461 15.284255981445312 15.21132755279541 15.170016288757324 15.36297607421875 15.500415802001953 15.554112434387207 18.999263763427734 16.94927978515625 15.460543632507324 16.564416885375977 15.501567840576172 15.398176193237305 16.117504119873047 15.519455909729004 
53.158878326416016 15.356863975524902 15.456576347351074 15.464896202087402 15.551424026489258 15.504096031188965 15.776703834533691 16.198368072509766 26.56342315673828 16.365407943725586 15.677375793457031 17.01158332824707 15.858431816101074 16.56505584716797 16.002016067504883 16.24176025390625 
15.7640962600708 15.20963191986084 15.2227201461792 15.259807586669922 15.196479797363281 15.621983528137207 15.714271545410156 15.609760284423828 15.894623756408691 15.960672378540039 15.705727577209473 16.133792877197266 15.534239768981934 15.617952346801758 16.45961570739746 15.256416320800781 
47.89023971557617 15.362048149108887 15.37007999420166 15.386495590209961 15.363840103149414 15.827775955200195 16.079008102416992 16.0645751953125 24.417695999145508 15.888992309570312 15.747584342956543 15.955007553100586 15.911456108093262 16.334623336791992 15.979424476623535 15.807999610900879 
16.170879364013672 15.31868839263916 15.268095970153809 15.15011215209961 15.2326078414917 15.459839820861816 15.572959899902344 15.576864242553711 18.094688415527344 15.797823905944824 16.341503143310547 15.875743865966797 15.670751571655273 16.022815704345703 15.79468822479248 15.603008270263672 
63.320030212402344 15.358559608459473 15.380448341369629 15.390463829040527 15.757823944091797 15.985568046569824 15.851263999938965 15.777888298034668 27.604095458984375 16.047040939331055 15.92089557647705 15.928640365600586 16.3939208984375 15.572640419006348 15.541983604431152 16.288864135742188 
15.564607620239258 15.097151756286621 15.084735870361328 15.094783782958984 15.082816123962402 15.10204792022705 15.170816421508789 15.475584030151367 18.08995246887207 16.015104293823242 15.998208045959473 15.79366397857666 15.625663757324219 16.048608779907227 15.635711669921875 15.630080223083496 
51.032798767089844 15.355680465698242 15.363103866577148 15.36838436126709 15.40937614440918 15.636896133422852 16.274944305419922 16.402143478393555 27.149248123168945 15.823488235473633 16.293119430541992 16.025983810424805 16.632863998413086 15.623871803283691 15.576064109802246 16.115455627441406 
15.754688262939453 15.12502384185791 15.11689567565918 15.450336456298828 15.599583625793457 15.441920280456543 15.351679801940918 15.3307523727417 18.669151306152344 16.096128463745117 16.349023818969727 15.338624000549316 15.43932819366455 15.279935836791992 15.687999725341797 15.326399803161621 
63.64457702636719 15.397184371948242 15.359807968139648 15.513983726501465 15.511103630065918 15.533184051513672 15.777215957641602 15.909024238586426 26.36172866821289 16.30316734313965 16.272512435913086 16.65951919555664 15.759200096130371 15.944576263427734 15.645695686340332 16.13724708557129 
15.83846378326416 15.518431663513184 15.18876838684082 15.245311737060547 15.136575698852539 15.264448165893555 15.394783973693848 15.503840446472168 18.96384048461914 16.78054428100586 15.492544174194336 15.383423805236816 16.18832015991211 15.728416442871094 15.389408111572266 16.078624725341797 
49.96236801147461 15.342399597167969 15.345600128173828 15.520159721374512 15.5862398147583 15.582304000854492 15.617728233337402 15.71987247467041 23.565088272094727 16.904447555541992 15.798527717590332 16.380447387695312 15.751775741577148 15.784128189086914 16.366111755371094 15.612095832824707 
15.462911605834961 15.06822395324707 14.974528312683105 15.012255668640137 15.380736351013184 15.431327819824219 15.299200057983398 15.289152145385742 17.72153663635254 16.515071868896484 16.011295318603516 15.876704216003418 16.23276710510254 15.561311721801758 15.581600189208984 16.05936050415039 
55.23295974731445 15.336671829223633 15.357983589172363 15.405216217041016 15.594016075134277 15.696479797363281 15.6396484375 15.638272285461426 28.666336059570312 16.062496185302734 15.599488258361816 15.625984191894531 15.978015899658203 15.828319549560547 15.611776351928711 15.878399848937988 
16.034015655517578 15.47043228149414 15.424511909484863 15.487615585327148 15.313535690307617 15.251808166503906 15.349760055541992 15.549983978271484 18.605152130126953 16.412832260131836 15.377504348754883 15.582271575927734 16.13689613342285 15.800064086914062 15.730239868164062 16.39936065673828 
55.188961029052734 15.33785629272461 15.441280364990234 15.430784225463867 15.923392295837402 15.914048194885254 15.735551834106445 15.952320098876953 23.14371109008789 16.40732765197754 15.628064155578613 16.184608459472656 16.15113639831543 16.045183181762695 16.45631980895996 15.848447799682617 
15.766143798828125 15.177248001098633 15.116095542907715 15.271167755126953 15.428832054138184 15.365983963012695 15.273183822631836 15.333984375 18.284320831298828 16.215871810913086 15.647520065307617 15.387359619140625 15.9202880859375 15.942144393920898 15.476672172546387 15.909631729125977 
32.143585205078125 15.30345630645752 15.35654354095459 15.413599967956543 15.445343971252441 15.516575813293457 15.760128021240234 15.898816108703613 24.422399520874023 16.020639419555664 16.49407958984375 16.079423904418945 16.093215942382812 15.8121919631958 15.783424377441406 16.3240966796875 
15.74448013305664 15.068896293640137 15.17632007598877 15.227007865905762 15.308799743652344 15.254207611083984 15.246432304382324 15.360671997070312 17.93075180053711 16.095359802246094 16.527360916137695 15.758399963378906 15.84067153930664 15.371808052062988 15.120672225952148 15.592320442199707 
61.572383880615234 22.85910415649414 23.128992080688477 23.345727920532227 23.39401626586914 23.303199768066406 23.258752822875977 90.00096130371094 28.9036808013916 23.62201690673828 23.484607696533203 23.966655731201172 23.218175888061523 23.779808044433594 23.445632934570312 23.525312423706055 
38.58678436279297 22.85424041748047 22.826080322265625 23.093408584594727 24.002912521362305 23.875551223754883 23.320287704467773 102.24889373779297 26.14259147644043 23.691551208496094 23.14569664001465 23.22707176208496 23.312288284301758 23.495840072631836 23.472671508789062 23.511199951171875 
38.5483512878418 22.898880004882812 22.882272720336914 23.09619140625 23.30575942993164 23.823360443115234 23.998432159423828 82.1872329711914 28.69036865234375 23.299104690551758 23.59974479675293 23.447359085083008 23.205791473388672 23.469215393066406 23.450719833374023 23.201759338378906 
36.411102294921875 22.91913604736328 23.16320037841797 23.460895538330078 23.584287643432617 23.26470375061035 23.960832595825195 98.28607940673828 29.96348762512207 23.183551788330078 24.011808395385742 23.620864868164062 23.207008361816406 23.246400833129883 23.575775146484375 23.354047775268555 
38.61894226074219 22.93827247619629 22.92313575744629 23.499711990356445 23.354944229125977 23.59609603881836 23.459392547607422 69.4879379272461 28.753408432006836 23.318208694458008 23.418432235717773 23.634784698486328 23.0930233001709 23.428447723388672 23.253055572509766 23.470111846923828 
36.40758514404297 22.870912551879883 22.942752838134766 23.82863998413086 23.7959041595459 23.501920700073242 23.367328643798828 75.3433609008789 30.41878318786621 23.245023727416992 23.396928787231445 23.45622444152832 23.6942081451416 23.109439849853516 23.49398422241211 23.315711975097656 
38.52284622192383 23.177824020385742 23.226688385009766 23.428607940673828 23.260927200317383 23.33843231201172 23.278175354003906 101.52607727050781 28.98944091796875 23.669952392578125 23.758495330810547 23.33990478515625 23.20537567138672 25.735103607177734 23.475936889648438 23.361312866210938 
36.392608642578125 22.925312042236328 23.2227840423584 23.519264221191406 23.575647354125977 23.873695373535156 23.431455612182617 101.57257843017578 27.067583084106445 23.469600677490234 23.48294448852539 23.409568786621094 23.260799407958984 23.46883201599121 23.532672882080078 23.209823608398438 
37.539329528808594 22.91449546813965 23.203327178955078 23.203039169311523 23.280832290649414 24.252511978149414 24.30419158935547 81.49523162841797 26.793920516967773 23.345792770385742 23.238271713256836 23.628000259399414 23.5020809173584 23.166847229003906 23.675647735595703 23.535232543945312 
38.5665283203125 22.973215103149414 22.986495971679688 23.231712341308594 24.148544311523438 24.087135314941406 23.79007911682129 81.823486328125 31.051679611206055 23.209312438964844 23.38025665283203 23.773056030273438 23.24627113342285 23.396032333374023 23.40083122253418 23.715744018554688 
42.77772903442383 29.299488067626953 29.486623764038086 31.260223388671875 31.145343780517578 31.071712493896484 30.048736572265625 58.714847564697266 38.06950378417969 29.56208038330078 29.79136085510254 29.806943893432617 29.98147201538086 29.786239624023438 29.699424743652344 29.874048233032227 
41.62384033203125 29.27440071105957 29.352415084838867 30.87238311767578 30.645919799804688 30.68230438232422 31.33625602722168 78.43869018554688 36.89564895629883 29.96441650390625 30.087007522583008 29.61030387878418 29.894752502441406 29.971263885498047 30.134368896484375 30.74015998840332 
42.61209487915039 29.262815475463867 29.36956787109375 30.420320510864258 30.836959838867188 30.66383934020996 66.01017761230469 29.512928009033203 36.63142395019531 29.71027183532715 29.868864059448242 30.04707145690918 29.70070457458496 29.813919067382812 30.04684829711914 30.174528121948242 
42.630977630615234 29.359712600708008 29.80284881591797 30.211456298828125 30.13814353942871 30.078655242919922 30.31020736694336 100.96047973632812 36.4117431640625 29.826112747192383 29.83523178100586 29.428064346313477 30.431936264038086 30.703712463378906 29.69455909729004 30.047712326049805 
43.79817581176758 29.40470314025879 30.260543823242188 30.04319953918457 30.15635108947754 30.1363525390625 30.365440368652344 75.66851043701172 36.3056640625 29.91097640991211 30.088735580444336 29.849088668823242 31.049856185913086 29.694080352783203 29.983232498168945 30.027999877929688 
41.66364669799805 29.3341121673584 29.835071563720703 29.58367919921875 29.98931121826172 30.332927703857422 30.077823638916016 82.97478485107422 35.550079345703125 29.553983688354492 29.7511043548584 29.446144104003906 30.476863861083984 30.11846351623535 29.609216690063477 29.888383865356445 
46.833343505859375 29.236064910888672 29.753887176513672 30.7412166595459 31.058591842651367 30.76483154296875 30.922943115234375 90.9722900390625 36.14857482910156 29.76665687561035 29.737728118896484 30.75279998779297 30.884191513061523 29.887744903564453 29.770944595336914 29.916095733642578 
83.65251159667969 29.344064712524414 29.53376007080078 30.636640548706055 30.655967712402344 30.5611515045166 30.70515251159668 34.07670211791992 36.12297439575195 29.837663650512695 29.547391891479492 29.885183334350586 30.50713539123535 29.81648063659668 29.731840133666992 29.65727996826172 
44.73311996459961 29.343679428100586 29.37295913696289 29.999711990356445 31.511615753173828 30.743648529052734 31.21491241455078 79.39766693115234 37.34758377075195 29.70636749267578 30.02070426940918 30.161632537841797 29.56755256652832 29.905216217041016 30.15760040283203 30.142847061157227 
56.27043151855469 29.609888076782227 29.715328216552734 30.18943977355957 30.11676788330078 31.11408042907715 30.613248825073242 79.39958190917969 38.31001663208008 29.506240844726562 29.93564796447754 29.978912353515625 29.98214340209961 29.96214485168457 29.8604793548584 29.983104705810547 
34.26313781738281 23.517343521118164 23.62224006652832 23.9836483001709 24.27519989013672 24.628223419189453 24.719039916992188 24.14044761657715 30.119583129882812 23.92416000366211 24.212127685546875 24.021472930908203 23.971519470214844 24.044960021972656 24.015840530395508 24.133024215698242 
36.10569763183594 23.75872039794922 24.04537582397461 24.044479370117188 23.928319931030273 23.98700714111328 24.225439071655273 24.956512451171875 27.84783935546875 23.983135223388672 24.107967376708984 23.775711059570312 23.839008331298828 23.94905662536621 24.204639434814453 24.334144592285156 
41.7116813659668 23.622560501098633 23.934783935546875 24.346208572387695 24.18435287475586 23.88390350341797 24.01910400390625 24.744096755981445 28.26358413696289 24.014432907104492 23.871999740600586 24.02227210998535 23.84320068359375 24.00713539123535 23.98486328125 24.42255973815918 
38.45817565917969 23.534879684448242 23.849376678466797 24.21455955505371 24.279071807861328 23.918912887573242 24.939680099487305 24.864320755004883 31.274272918701172 23.914592742919922 23.740928649902344 23.842111587524414 24.024415969848633 23.909151077270508 24.028575897216797 24.295839309692383 
38.459808349609375 23.52943992614746 23.85977554321289 23.765695571899414 24.091840744018555 24.183103561401367 24.657920837402344 24.226783752441406 31.261695861816406 23.87164878845215 24.184064865112305 23.945247650146484 25.094623565673828 24.277856826782227 24.087007522583008 24.08687973022461 
65.75577545166016 23.577056884765625 23.94620704650879 23.870304107666016 23.93199920654297 23.866880416870117 24.631071090698242 24.913856506347656 27.54159927368164 23.891456604003906 23.86684799194336 23.803264617919922 24.13644790649414 24.378143310546875 24.126911163330078 24.241439819335938 
41.56038284301758 23.43596839904785 23.984703063964844 24.00796890258789 24.142784118652344 24.421152114868164 24.596607208251953 24.840736389160156 30.424415588378906 24.08198356628418 23.9465274810791 24.1658878326416 24.095455169677734 24.100383758544922 24.039167404174805 23.833120346069336 
39.52153778076172 23.49171257019043 23.83305549621582 23.808319091796875 23.868736267089844 24.704736709594727 24.623519897460938 24.319744110107422 28.925344467163086 23.862112045288086 24.160160064697266 23.77280044555664 24.15648078918457 24.295743942260742 24.28246307373047 24.316320419311523 
36.45654296875 23.455839157104492 23.888959884643555 24.03856086730957 24.01273536682129 23.989696502685547 25.034208297729492 25.244991302490234 30.641759872436523 23.86534309387207 24.457056045532227 24.387615203857422 24.058591842651367 23.88934326171875 23.874719619750977 24.237791061401367 
44.75571060180664 23.55276870727539 23.499807357788086 23.669567108154297 24.210079193115234 24.275327682495117 23.98873519897461 24.883968353271484 28.706592559814453 23.831552505493164 24.3351993560791 23.993919372558594 24.188831329345703 24.38652801513672 24.133663177490234 24.102367401123047 
52.531742095947266 32.57670211791992 27.35856056213379 30.54640007019043 28.39638328552246 27.365280151367188 27.373504638671875 20.70044708251953 30.850208282470703 20.275968551635742 20.008352279663086 20.379039764404297 20.105247497558594 20.42451286315918 20.20751953125 20.09769630432129 
41.998783111572266 31.53366470336914 27.46099281311035 99.73158264160156 27.359039306640625 27.366111755371094 23.668832778930664 19.62531280517578 27.24006462097168 20.700767517089844 20.29782485961914 20.11577606201172 20.369184494018555 20.18067169189453 20.242368698120117 20.454496383666992 
41.99513626098633 31.50601577758789 26.383424758911133 91.31305694580078 28.42790412902832 27.394271850585938 27.278688430786133 20.107040405273438 30.685344696044922 20.024255752563477 20.55036735534668 20.155136108398438 20.310047149658203 20.158336639404297 20.322816848754883 20.570463180541992 
42.0079345703125 28.343360900878906 26.342432022094727 100.81327819824219 26.30009651184082 26.34752082824707 25.526527404785156 19.577951431274414 26.811168670654297 20.46281623840332 20.319456100463867 20.414112091064453 20.219871520996094 20.199840545654297 20.249439239501953 20.472511291503906 
42.00156784057617 34.65212631225586 26.32521629333496 87.20246124267578 29.432096481323242 26.347808837890625 26.289920806884766 21.27382469177246 31.00284767150879 20.37833595275879 20.20159912109375 20.48806381225586 20.25129508972168 20.45248031616211 20.707712173461914 20.598175048828125 
42.01561737060547 31.528127670288086 27.33795166015625 89.2913589477539 26.316064834594727 26.328672409057617 26.266271591186523 20.721023559570312 32.00348663330078 20.330303192138672 20.67580795288086 20.7523193359375 20.366943359375 21.600128173828125 20.59244728088379 21.796064376831055 
41.99308776855469 28.33420753479004 27.40630340576172 95.55299377441406 26.336320877075195 26.34454345703125 27.29360008239746 20.192703247070312 30.682144165039062 20.098880767822266 19.969087600708008 20.21891212463379 20.420320510864258 20.41289520263672 20.27142333984375 20.526208877563477 
41.99353790283203 29.428192138671875 27.33673667907715 93.51971435546875 26.307615280151367 26.35113525390625 27.31920051574707 20.128416061401367 30.148223876953125 20.191936492919922 20.55459213256836 20.280864715576172 20.694623947143555 20.76108741760254 20.76188850402832 20.771615982055664 
42.02265548706055 29.38572883605957 26.30291175842285 95.57513427734375 27.37718391418457 26.304800033569336 26.3272647857666 20.204256057739258 29.271808624267578 20.40630340576172 20.96790313720703 20.901023864746094 21.026336669921875 20.55120086669922 20.12883186340332 20.80953598022461 
43.01980972290039 31.56268882751465 27.35139274597168 95.6124496459961 28.370559692382812 26.37708854675293 25.1342716217041 19.63644790649414 30.061248779296875 20.764448165893555 20.66739273071289 21.016191482543945 20.73036766052246 20.527231216430664 20.643199920654297 20.07276725769043 
38.16633605957031 22.87539291381836 22.963327407836914 23.3874568939209 64.26697540283203 22.9487361907959 23.059551239013672 23.89414405822754 29.952640533447266 23.702495574951172 23.639392852783203 23.532447814941406 23.402496337890625 23.618783950805664 23.613855361938477 23.480735778808594 
58.11065673828125 22.864479064941406 23.872575759887695 24.39379119873047 24.127487182617188 23.478912353515625 23.309215545654297 23.183040618896484 32.270782470703125 23.463071823120117 23.38982391357422 23.658720016479492 23.602432250976562 23.380319595336914 23.518144607543945 23.806400299072266 
53.89104080200195 22.810176849365234 23.868864059448242 23.99772834777832 23.54697608947754 23.53206443786621 23.467039108276367 23.719743728637695 28.085023880004883 23.61155128479004 23.900224685668945 23.31340789794922 23.35887908935547 25.15545654296875 23.746784210205078 23.425151824951172 
53.82854461669922 22.865856170654297 22.84988784790039 24.11756706237793 24.285663604736328 23.925312042236328 23.561824798583984 24.584224700927734 30.76527976989746 23.474624633789062 23.497888565063477 23.136735916137695 23.989791870117188 23.507776260375977 23.3056640625 23.554048538208008 
55.98348617553711 22.86185646057129 23.453439712524414 23.68022346496582 23.51897621154785 23.524831771850586 23.328319549560547 23.296127319335938 30.02511978149414 23.261951446533203 23.74870491027832 23.3819522857666 23.525728225708008 23.310272216796875 23.578176498413086 23.818527221679688 
57.102622985839844 22.85468864440918 22.8439998626709 23.076927185058594 23.53913688659668 23.89913558959961 23.94918441772461 23.84409523010254 27.275264739990234 23.444095611572266 23.86284828186035 23.521696090698242 23.56345558166504 23.314655303955078 23.70035171508789 23.63702392578125 
57.03452682495117 22.91059112548828 22.868255615234375 24.044031143188477 24.25155258178711 24.103328704833984 23.626432418823242 23.353471755981445 30.628416061401367 23.592735290527344 23.813535690307617 23.567808151245117 23.264543533325195 23.61180877685547 23.560319900512695 23.52672004699707 
53.89961624145508 22.936511993408203 23.21059226989746 23.135488510131836 23.280351638793945 23.241695404052734 23.287839889526367 23.61142349243164 31.632352828979492 23.504192352294922 23.844640731811523 23.257183074951172 23.8240966796875 23.569759368896484 23.331199645996094 23.601152420043945 
52.853919982910156 22.911584854125977 23.287744522094727 23.444448471069336 23.360063552856445 23.651168823242188 24.42630386352539 24.19139289855957 29.120128631591797 23.288864135742188 23.737632751464844 23.588703155517578 24.357696533203125 23.387296676635742 23.97123146057129 23.583168029785156 
56.05478286743164 22.867168426513672 23.274944305419922 23.880352020263672 23.610464096069336 23.671648025512695 23.965408325195312 24.084224700927734 27.079328536987305 23.815807342529297 23.303903579711914 23.607328414916992 23.531967163085938 23.768224716186523 23.444927215576172 23.694944381713867 
56.77305603027344 26.6278076171875 26.68182373046875 27.39776039123535 27.081472396850586 27.97222328186035 27.714111328125 42.1082878112793 34.57392120361328 27.238943099975586 27.640384674072266 27.943199157714844 26.874719619750977 27.23721694946289 27.78803253173828 28.13430404663086 
53.739105224609375 26.664031982421875 26.709184646606445 27.800640106201172 27.41971206665039 28.020288467407227 27.83603286743164 103.12982177734375 35.63395309448242 27.364608764648438 27.728479385375977 28.018911361694336 27.48147201538086 26.800607681274414 27.545312881469727 28.286272048950195 
45.364479064941406 26.771743774414062 26.772863388061523 27.37276840209961 28.041343688964844 27.507488250732422 28.076416015625 27.56550407409668 35.21273422241211 27.356704711914062 27.67955207824707 27.27689552307129 28.029056549072266 27.57129669189453 27.313024520874023 27.50432014465332 
43.2677116394043 26.73638343811035 27.66864013671875 27.93244743347168 27.145919799804688 27.093088150024414 27.5897274017334 89.57266998291016 34.69798278808594 27.6080322265625 27.705503463745117 27.413728713989258 27.879072189331055 27.4234561920166 26.932479858398438 27.303936004638672 
42.192928314208984 26.782272338867188 27.267520904541016 27.228031158447266 27.496768951416016 28.088991165161133 27.743392944335938 83.7059555053711 34.538753509521484 27.092191696166992 27.508127212524414 28.10745620727539 27.231199264526367 27.346208572387695 27.033855438232422 27.69443130493164 
44.27484893798828 26.749536514282227 27.11836814880371 27.27881622314453 27.581472396850586 27.433536529541016 28.005952835083008 87.33103942871094 35.56953430175781 27.193376541137695 27.18351936340332 27.92576026916504 27.224607467651367 27.357023239135742 27.788896560668945 27.366975784301758 
44.25657653808594 27.06243133544922 27.21788787841797 26.967775344848633 27.002208709716797 27.551424026489258 27.314720153808594 27.78335952758789 36.04655838012695 27.086271286010742 27.397920608520508 27.87273597717285 27.971904754638672 27.60643196105957 28.555456161499023 27.17353630065918 
43.258785247802734 26.74393653869629 26.71036720275879 27.209375381469727 27.690847396850586 27.327871322631836 27.626848220825195 27.782880783081055 35.555137634277344 27.286176681518555 27.497760772705078 27.443872451782227 26.873472213745117 27.35148811340332 28.139488220214844 27.60406494140625 
43.175071716308594 26.747455596923828 26.807680130004883 27.57427215576172 27.236480712890625 27.54457664489746 28.11257553100586 82.82646179199219 36.2229118347168 27.533952713012695 27.810144424438477 27.634784698486328 27.021055221557617 27.91974449157715 27.656896591186523 27.446815490722656 
44.246944427490234 26.705503463745117 26.749311447143555 28.05072021484375 27.8088321685791 27.528127670288086 27.920799255371094 86.83187103271484 35.57583999633789 27.57334327697754 27.22492790222168 27.411455154418945 27.64851188659668 27.806976318359375 27.276704788208008 29.790143966674805 
41.027137756347656 23.37183952331543 23.86787223815918 24.379871368408203 24.32195281982422 24.199647903442383 24.206623077392578 24.635263442993164 26.449535369873047 24.13385581970215 24.37798309326172 24.594688415527344 24.10095977783203 24.323808670043945 24.23404884338379 24.059904098510742 
46.26611328125 23.31046485900879 23.316320419311523 24.34012794494629 24.43631935119629 24.201759338378906 24.016544342041016 24.815744400024414 30.404767990112305 24.45782470703125 24.369983673095703 24.182079315185547 24.58153533935547 24.583776473999023 24.036928176879883 26.36422348022461 
47.238433837890625 23.256223678588867 23.552064895629883 23.961856842041016 23.959423065185547 24.19011116027832 24.514144897460938 24.55708885192871 28.577632904052734 24.05561637878418 24.839519500732422 24.07583999633789 25.32486343383789 24.452287673950195 24.424448013305664 24.533599853515625 
48.27228927612305 23.2774715423584 23.867456436157227 24.404159545898438 24.446176528930664 23.844032287597656 24.592992782592773 24.460607528686523 28.131807327270508 24.74412727355957 24.24460792541504 24.03286361694336 24.123807907104492 24.510784149169922 24.127647399902344 24.44361686706543 
40.95868682861328 23.270368576049805 23.3907527923584 24.491519927978516 24.5032958984375 24.010175704956055 23.69923210144043 109.03862762451172 29.19526481628418 24.276960372924805 24.153919219970703 24.408960342407227 24.28451156616211 24.21855926513672 24.50841522216797 24.30614471435547 
45.16624069213867 23.29417610168457 23.3384952545166 23.756895065307617 23.562271118164062 23.84502410888672 24.84432029724121 24.239904403686523 29.180288314819336 24.068960189819336 24.268064498901367 24.566015243530273 24.148223876953125 24.82383918762207 24.756000518798828 24.308671951293945 
46.19123077392578 23.310880661010742 23.332576751708984 23.49830436706543 23.496543884277344 23.93596839904785 25.776479721069336 23.64044761657715 28.82624053955078 24.088735580444336 24.423423767089844 23.88105583190918 24.66748809814453 24.256959915161133 24.34886360168457 24.56435203552246 
44.16307067871094 23.33011245727539 23.5328311920166 23.823392868041992 23.79529571533203 23.742143630981445 24.619871139526367 24.5598087310791 28.984703063964844 24.495264053344727 24.01638412475586 24.33523178100586 24.22528076171875 24.215391159057617 24.16383934020996 24.283327102661133 
73.52239990234375 23.292160034179688 23.318784713745117 23.285343170166016 24.609888076782227 24.696447372436523 24.368928909301758 23.880895614624023 28.1760311126709 24.293855667114258 24.412351608276367 24.23967933654785 24.45734405517578 24.413375854492188 24.356159210205078 24.91004753112793 
47.28041458129883 23.328704833984375 23.50943946838379 23.849760055541992 24.721343994140625 24.518943786621094 23.79871940612793 23.62393569946289 30.408384323120117 24.331552505493164 24.084543228149414 25.176128387451172 24.474687576293945 24.294208526611328 25.004383087158203 24.384159088134766 
59.369598388671875 27.958816528320312 28.11564826965332 28.38252830505371 28.98736000061035 29.577119827270508 29.304224014282227 72.9896011352539 34.94761657714844 28.92188835144043 28.442655563354492 29.29702377319336 28.55878448486328 29.005407333374023 29.030847549438477 29.09769630432129 
72.270751953125 27.963520050048828 28.133983612060547 29.190656661987305 29.32646369934082 28.95574378967285 28.903648376464844 29.111967086791992 33.340606689453125 28.463647842407227 28.782976150512695 29.804607391357422 29.11315155029297 29.12646484375 28.54319953918457 28.64566421508789 
74.19999694824219 28.052383422851562 28.451871871948242 29.009599685668945 28.47007942199707 28.93622398376465 29.3703670501709 29.242464065551758 34.97635269165039 28.500511169433594 29.43712043762207 28.43244743347168 29.481279373168945 28.600671768188477 29.01366424560547 29.33148765563965 
72.30745697021484 27.888639450073242 27.91904067993164 28.910240173339844 28.911104202270508 29.250656127929688 28.527263641357422 28.481504440307617 36.34134292602539 28.557376861572266 30.27084732055664 29.088991165161133 29.273056030273438 28.73619270324707 29.14886474609375 28.42972755432129 
70.71916961669922 28.09916877746582 28.352863311767578 29.31216049194336 29.61827278137207 29.424768447875977 29.061504364013672 28.4202880859375 37.05052947998047 28.718303680419922 28.845216751098633 29.613248825073242 28.691871643066406 29.356096267700195 28.51420783996582 29.177919387817383 
73.33299255371094 28.264768600463867 28.268224716186523 28.257471084594727 28.89116859436035 28.527263641357422 29.036191940307617 28.727296829223633 37.45683288574219 28.929920196533203 29.2139835357666 29.33014488220215 28.868480682373047 28.416479110717773 29.537216186523438 28.512447357177734 
75.33443450927734 27.866655349731445 28.649471282958984 28.930208206176758 29.38319969177246 28.920095443725586 28.848896026611328 28.39241600036621 35.97555160522461 28.842111587524414 29.361984252929688 28.80556869506836 29.121919631958008 28.231231689453125 29.749088287353516 28.79635238647461 
78.31401824951172 27.898303985595703 28.04092788696289 28.919967651367188 28.64975929260254 29.259296417236328 28.999040603637695 29.176000595092773 35.48342514038086 28.949472427368164 29.017087936401367 29.214624404907227 28.603424072265625 28.571840286254883 29.00364875793457 28.868511199951172 
75.37503814697266 27.891263961791992 28.687456130981445 28.8986873626709 29.31648063659668 28.704063415527344 28.539840698242188 28.476415634155273 33.819583892822266 28.487071990966797 28.13324737548828 29.579200744628906 28.788480758666992 30.032512664794922 28.678207397460938 29.20572853088379 
70.09149169921875 27.942655563354492 29.395776748657227 29.331392288208008 29.34339141845703 28.703712463378906 29.396671295166016 29.264223098754883 37.7248649597168 28.83843231201172 28.85411262512207 29.55583953857422 28.97417640686035 29.313215255737305 28.436159133911133 29.0830078125 
57.361473083496094 16.229503631591797 16.011743545532227 16.11142349243164 16.510112762451172 16.490079879760742 37.47942352294922 157.45269775390625 23.594175338745117 17.07302474975586 16.506431579589844 16.996511459350586 16.635360717773438 16.90768051147461 16.604991912841797 16.99305534362793 
31.010656356811523 16.031999588012695 16.088863372802734 16.101375579833984 16.113183975219727 16.137792587280273 16.568544387817383 16.93129539489746 21.940383911132812 16.544031143188477 16.29136085510254 16.333791732788086 16.875776290893555 16.374271392822266 17.528608322143555 16.580480575561523 
31.008703231811523 16.085407257080078 16.086240768432617 16.07913589477539 16.039775848388672 19.112672805786133 16.540800094604492 16.387935638427734 20.600927352905273 17.12406349182129 16.35001564025879 16.409568786621094 16.3121280670166 16.972000122070312 16.27782440185547 17.208351135253906 
31.06025505065918 16.033056259155273 16.13974380493164 16.352415084838867 16.36899185180664 16.331968307495117 16.289600372314453 16.323104858398438 17.870527267456055 16.53923225402832 16.76838493347168 16.364704132080078 16.96544075012207 16.250112533569336 16.690303802490234 16.259904861450195 
31.0152645111084 16.04627227783203 16.224992752075195 16.46499252319336 16.352479934692383 16.247072219848633 16.290912628173828 16.387359619140625 22.673023223876953 16.98204803466797 16.251712799072266 16.827167510986328 16.201791763305664 16.894880294799805 16.220928192138672 16.873247146606445 
30.99897575378418 16.07587242126465 16.10188865661621 16.27827262878418 16.226879119873047 16.495071411132812 16.21811294555664 16.575328826904297 20.900320053100586 16.510208129882812 16.785823822021484 16.538272857666016 16.91948890686035 16.457120895385742 16.86515235900879 16.333759307861328 
31.023008346557617 16.121631622314453 16.10857582092285 16.28108787536621 16.277952194213867 16.282047271728516 16.363840103149414 16.831424713134766 22.59391975402832 16.273408889770508 17.008256912231445 16.3591365814209 16.74060821533203 16.290464401245117 17.334239959716797 16.274112701416016 
30.02457618713379 16.0849609375 16.078943252563477 16.038240432739258 16.070560455322266 16.108192443847656 16.591712951660156 16.436832427978516 25.695039749145508 16.313791275024414 17.04435157775879 16.416608810424805 16.885631561279297 16.331392288208008 16.98259162902832 16.379743576049805 
31.0598087310791 16.07360076904297 16.085887908935547 16.254304885864258 16.9770565032959 16.309600830078125 16.221920013427734 16.318784713745117 23.294912338256836 16.421056747436523 16.834688186645508 16.221599578857422 16.35875129699707 16.213600158691406 17.007360458374023 16.292863845825195 
31.078304290771484 16.07494354248047 16.201248168945312 16.21980857849121 16.203807830810547 16.194368362426758 16.188159942626953 16.368288040161133 25.494848251342773 16.556608200073242 16.750688552856445 16.652416229248047 16.519807815551758 16.695392608642578 16.554367065429688 16.657503128051758 
38.34563064575195 23.281951904296875 23.239871978759766 23.29484748840332 23.548128128051758 23.77302360534668 24.02275276184082 23.816608428955078 34.09980773925781 23.848384857177734 23.92950439453125 24.530208587646484 24.38595199584961 24.296384811401367 23.823551177978516 23.61737632751465 
39.30073547363281 23.163776397705078 23.196575164794922 23.289247512817383 23.680864334106445 24.235551834106445 24.337663650512695 23.977567672729492 34.880863189697266 24.188735961914062 24.575647354125977 24.38751983642578 24.11942481994629 24.228927612304688 24.231679916381836 24.35091209411621 
40.35551834106445 23.58777618408203 23.63702392578125 23.929311752319336 24.288991928100586 23.912063598632812 23.870399475097656 24.237056732177734 33.471519470214844 24.085887908935547 24.339584350585938 24.112703323364258 24.100671768188477 25.437280654907227 24.156448364257812 24.223487854003906 
40.349281311035156 23.209056854248047 23.271360397338867 23.35696029663086 23.392480850219727 23.887807846069336 24.364416122436523 24.252063751220703 32.32361602783203 23.809343338012695 24.070816040039062 24.481279373168945 23.994335174560547 24.183744430541992 24.069568634033203 24.19878387451172 
46.664833068847656 23.222976684570312 23.800607681274414 23.952543258666992 23.84124755859375 23.4453125 23.48624038696289 24.304832458496094 32.368896484375 24.024831771850586 24.249311447143555 24.17945671081543 24.02579116821289 24.19740867614746 25.100128173828125 24.132064819335938 
39.336544036865234 23.53727912902832 23.22150421142578 23.533472061157227 24.66876792907715 24.62406349182129 23.844512939453125 23.617504119873047 33.33283233642578 23.720895767211914 24.218751907348633 24.636320114135742 24.05683135986328 24.14454460144043 24.16422462463379 24.37107276916504 
39.32294464111328 23.153663635253906 23.562047958374023 23.97862434387207 23.95897674560547 24.011232376098633 23.447776794433594 23.525951385498047 33.554752349853516 23.863967895507812 24.212480545043945 24.382911682128906 23.941024780273438 25.486400604248047 24.26108741760254 23.911231994628906 
41.3908805847168 23.583999633789062 23.32467269897461 23.636287689208984 23.62895965576172 23.727039337158203 23.918752670288086 24.427295684814453 34.40729522705078 24.016511917114258 24.003711700439453 24.428895950317383 24.052928924560547 23.604703903198242 24.131071090698242 24.112831115722656 
39.3059196472168 23.166431427001953 23.395488739013672 23.421632766723633 23.34783935546875 23.83078384399414 24.408287048339844 24.291519165039062 27.563743591308594 24.465375900268555 24.19696044921875 24.105375289916992 24.07913589477539 24.32035255432129 24.280384063720703 24.366559982299805 
40.363487243652344 23.23744010925293 23.543968200683594 23.623199462890625 23.94553565979004 23.692800521850586 24.247264862060547 24.55414390563965 35.37071990966797 23.56608009338379 23.64703941345215 24.12063980102539 24.330047607421875 23.94816017150879 24.06390380859375 24.430879592895508 
42.23209762573242 25.68297576904297 25.675167083740234 25.754528045654297 26.51193618774414 26.761184692382812 27.17078399658203 106.96784210205078 33.76416015625 26.484832763671875 27.29644775390625 26.727039337158203 26.87731170654297 26.25811195373535 26.270944595336914 26.774080276489258 
42.240478515625 25.61212730407715 25.85468864440918 26.645599365234375 27.05673599243164 26.819007873535156 26.766496658325195 110.70198059082031 33.36083221435547 26.522207260131836 26.227584838867188 26.971071243286133 26.956096649169922 26.688127517700195 26.294143676757812 25.961984634399414 
45.364479064941406 25.7126407623291 25.803136825561523 25.981599807739258 26.234880447387695 26.422304153442383 26.193632125854492 27.037311553955078 36.02880096435547 26.17558479309082 26.742111206054688 26.33625602722168 26.309024810791016 26.710399627685547 26.751840591430664 26.294591903686523 
43.287776947021484 25.691360473632812 25.928800582885742 26.014144897460938 26.235136032104492 26.899295806884766 26.32851219177246 88.2270736694336 34.33078384399414 26.12067222595215 27.085439682006836 26.303359985351562 26.29862403869629 26.044992446899414 26.591936111450195 26.747583389282227 
43.26998519897461 25.602975845336914 25.666879653930664 26.281152725219727 26.59699249267578 26.14361572265625 26.66476821899414 112.46163177490234 31.991167068481445 26.553152084350586 26.815807342529297 26.817312240600586 26.9268798828125 26.414655685424805 26.438047409057617 26.420480728149414 
41.12736129760742 25.617855072021484 26.6362247467041 26.72972869873047 26.290752410888672 26.90006446838379 26.774272918701172 26.27948760986328 32.88675308227539 26.35980796813965 26.577600479125977 26.784896850585938 26.953407287597656 27.028608322143555 26.736255645751953 26.458431243896484 
43.29248046875 25.65065574645996 25.82419204711914 26.597759246826172 26.86675262451172 26.42006492614746 27.367712020874023 99.63225555419922 33.06742477416992 26.834688186645508 26.813663482666016 26.399967193603516 26.271743774414062 27.244224548339844 26.78121566772461 26.341279983520508 
48.491329193115234 25.67513656616211 25.61507225036621 25.737695693969727 26.71955108642578 26.16035270690918 26.966272354125977 26.707551956176758 32.03529739379883 26.5347843170166 26.91414451599121 27.439584732055664 26.791072845458984 26.55936050415039 26.545312881469727 26.7794246673584 
40.141727447509766 25.689952850341797 25.686208724975586 26.910303115844727 26.796192169189453 26.362367630004883 27.29871940612793 27.28656005859375 32.367103576660156 26.176959991455078 26.727903366088867 27.884639739990234 27.12486457824707 26.655391693115234 26.74505615234375 26.528959274291992 
48.49843215942383 25.696704864501953 26.60985565185547 26.73980712890625 26.283647537231445 26.13488006591797 26.57846450805664 26.30998420715332 36.42601776123047 26.849088668823242 26.821088790893555 27.156448364257812 26.298847198486328 26.256256103515625 26.12499237060547 26.291648864746094 
37.87763214111328 19.65679931640625 16.806880950927734 16.845151901245117 17.846271514892578 16.87958335876465 17.10246467590332 99.42784118652344 25.98636817932129 16.236064910888672 16.242015838623047 17.115615844726562 16.130592346191406 16.44611167907715 16.78144073486328 16.281375885009766 
29.4979190826416 16.52351951599121 16.80905532836914 16.83523178100586 16.772064208984375 16.916608810424805 16.991519927978516 18.031423568725586 23.568096160888672 16.755775451660156 16.34124755859375 16.567935943603516 16.526432037353516 15.966431617736816 16.48089599609375 16.457120895385742 
29.494943618774414 16.51420783996582 16.79523277282715 16.809120178222656 16.83465576171875 16.842464447021484 18.17353630065918 17.907167434692383 24.12633514404297 16.706432342529297 16.925600051879883 16.012191772460938 17.133312225341797 15.900927543640137 16.51817512512207 16.591136932373047 
29.50441551208496 16.528671264648438 16.771007537841797 16.872095108032227 18.90540885925293 16.945152282714844 16.8156795501709 17.90662384033203 26.137983322143555 16.249120712280273 16.13100814819336 16.02956771850586 16.306047439575195 16.657567977905273 16.25859260559082 17.63983917236328 
29.516895294189453 16.469791412353516 16.907936096191406 16.83344078063965 16.892288208007812 16.705055236816406 17.83692741394043 17.88582420349121 25.982528686523438 15.942463874816895 16.32694435119629 16.796031951904297 15.918880462646484 16.76095962524414 16.519039154052734 16.264448165893555 
29.47590446472168 16.586336135864258 16.76166343688965 16.82089614868164 16.8222713470459 17.107872009277344 16.850656509399414 17.860544204711914 26.63747215270996 16.641855239868164 15.934240341186523 16.584096908569336 16.292863845825195 16.154272079467773 17.515424728393555 15.919743537902832 
29.544511795043945 16.46790313720703 16.81939125061035 16.809120178222656 17.934335708618164 16.7675838470459 18.006208419799805 17.885759353637695 24.74038314819336 16.568864822387695 16.66092872619629 16.12531280517578 16.87299156188965 15.794655799865723 16.908672332763672 16.677152633666992 
30.561248779296875 16.516544342041016 16.811199188232422 16.826688766479492 16.818336486816406 16.845823287963867 17.814144134521484 17.890047073364258 25.382816314697266 16.026655197143555 16.381023406982422 16.25279998779297 16.123199462890625 17.168800354003906 16.21366310119629 16.529312133789062 
30.55251121520996 16.505023956298828 16.82841682434082 18.933664321899414 17.938335418701172 16.85865592956543 16.83647918701172 16.849279403686523 20.51897621154785 16.070335388183594 16.256351470947266 16.683744430541992 15.873472213745117 16.590560913085938 15.934271812438965 16.32464027404785 
29.562591552734375 16.481952667236328 16.765024185180664 16.91084861755371 19.949535369873047 17.846847534179688 16.845727920532227 17.901119232177734 24.503231048583984 16.212575912475586 16.85468864440918 16.185440063476562 16.182239532470703 17.16089630126953 16.10883140563965 17.24732780456543 
32.11033630371094 15.982175827026367 16.065631866455078 16.434080123901367 16.575679779052734 16.444480895996094 16.430688858032227 16.393823623657227 24.493696212768555 16.51535987854004 16.40297508239746 16.47478485107422 16.563583374023438 16.56015968322754 16.69024085998535 16.559968948364258 
35.54787063598633 15.933759689331055 15.960895538330078 16.158143997192383 16.420448303222656 20.591487884521484 16.143552780151367 16.16534423828125 22.97724723815918 16.131519317626953 16.81279945373535 16.09926414489746 16.923616409301758 16.11884880065918 16.446592330932617 16.95008087158203 
41.851905822753906 15.921440124511719 16.00704002380371 16.230304718017578 16.29587173461914 18.558208465576172 16.783872604370117 16.229951858520508 22.075679779052734 16.14441680908203 16.11846351623535 16.037504196166992 16.933727264404297 16.150463104248047 16.87388801574707 16.220287322998047 
39.45382308959961 15.949824333190918 15.96720027923584 16.232128143310547 16.30067253112793 16.309919357299805 18.282880783081055 16.209760665893555 22.0849609375 17.198368072509766 16.750015258789062 17.473472595214844 16.10736083984375 17.445663452148438 16.13747215270996 17.27791976928711 
39.74809646606445 15.984640121459961 15.962688446044922 15.928159713745117 16.346080780029297 18.874879837036133 17.81123161315918 16.4967041015625 20.58892822265625 17.384639739990234 16.063039779663086 17.059040069580078 16.277408599853516 16.955392837524414 16.079072952270508 16.982271194458008 
40.78995132446289 15.965312004089355 16.00054359436035 16.146432876586914 16.048736572265625 19.874208450317383 16.116640090942383 16.091039657592773 21.729663848876953 16.675039291381836 16.34569549560547 16.548128128051758 16.40105628967285 16.560319900512695 16.54889678955078 16.52457618713379 
37.3240966796875 15.935199737548828 15.972319602966309 16.369247436523438 16.283199310302734 16.650367736816406 18.944351196289062 16.356224060058594 23.013216018676758 17.124895095825195 16.302207946777344 16.721952438354492 16.192031860351562 16.658720016479492 16.188032150268555 16.823104858398438 
39.74076843261719 15.958304405212402 15.931327819824219 15.974687576293945 16.24527931213379 16.593599319458008 16.498432159423828 16.291648864746094 17.15100860595703 16.881792068481445 16.273088455200195 16.92950439453125 16.49990463256836 17.027904510498047 16.265439987182617 17.0100154876709 
46.04159927368164 15.98528003692627 15.930912017822266 16.017087936401367 16.24131202697754 19.873823165893555 16.392671585083008 16.31113624572754 23.046079635620117 16.126720428466797 17.057151794433594 16.171167373657227 16.650400161743164 16.204832077026367 16.088960647583008 16.592927932739258 
41.83206558227539 15.982720375061035 15.922752380371094 16.094783782958984 16.131711959838867 17.813087463378906 16.181119918823242 16.55913543701172 22.364063262939453 16.225727081298828 16.488544464111328 16.50556755065918 16.462879180908203 16.502656936645508 16.516096115112305 16.794143676757812 
65.83132934570312 28.358976364135742 28.597055435180664 29.527679443359375 29.390783309936523 29.74336051940918 29.208927154541016 29.40399932861328 34.37859344482422 28.632064819335938 29.191104888916016 28.695552825927734 29.580352783203125 28.90163230895996 29.96726417541504 29.02614402770996 
60.68937683105469 28.1691837310791 28.621728897094727 29.474367141723633 28.787519454956055 29.775680541992188 28.93129539489746 32.39689636230469 35.83903884887695 28.987775802612305 28.663583755493164 30.010208129882812 28.761375427246094 29.583391189575195 28.717952728271484 29.42425537109375 
103.61827087402344 28.148672103881836 28.17545509338379 28.370847702026367 28.853824615478516 28.622848510742188 28.51299285888672 29.757312774658203 36.78303909301758 29.294464111328125 30.131999969482422 29.302719116210938 28.7772159576416 28.621183395385742 29.498464584350586 29.06073570251465 
58.77104187011719 28.313823699951172 28.667423248291016 29.173343658447266 29.372032165527344 29.977407455444336 29.87932777404785 29.803424835205078 37.565921783447266 28.69945526123047 29.30089569091797 28.904800415039062 31.245344161987305 28.580320358276367 30.141599655151367 29.358335494995117 
53.50735855102539 28.396575927734375 28.84592056274414 30.072256088256836 30.18979263305664 29.977279663085938 29.498239517211914 30.997343063354492 33.800350189208984 29.34864044189453 28.633535385131836 29.574495315551758 28.745567321777344 29.819551467895508 28.622751235961914 29.6909122467041 
54.40288162231445 28.781408309936523 28.409696578979492 29.18191909790039 29.07811164855957 29.723648071289062 29.306943893432617 29.71366310119629 36.33891296386719 29.0849609375 29.612159729003906 28.454143524169922 29.677343368530273 28.779775619506836 29.37606430053711 28.818527221679688 
56.52627182006836 29.297407150268555 29.330591201782227 28.692991256713867 29.406015396118164 28.988256454467773 29.633087158203125 31.183712005615234 35.2360954284668 29.319360733032227 28.623071670532227 29.686847686767578 29.022367477416992 29.5185604095459 28.9682559967041 29.446624755859375 
56.5214729309082 28.176639556884766 28.474271774291992 28.811359405517578 29.181888580322266 29.540447235107422 29.81772804260254 29.56972885131836 37.82051086425781 29.237695693969727 29.017568588256836 30.106815338134766 28.851423263549805 29.485471725463867 28.74127960205078 29.814815521240234 
59.63248062133789 28.742496490478516 28.41811180114746 29.64860725402832 29.556320190429688 29.781856536865234 29.915231704711914 29.501087188720703 32.3785285949707 29.460063934326172 29.10425567626953 28.992511749267578 29.38150405883789 28.711519241333008 30.178560256958008 29.34979248046875 
57.69478225708008 28.154720306396484 28.3720645904541 29.154176712036133 28.809696197509766 29.023616790771484 28.794879913330078 29.80124855041504 34.853729248046875 30.735008239746094 29.05695915222168 29.461536407470703 28.755680084228516 28.961023330688477 28.968063354492188 29.725791931152344 
61.413150787353516 32.236576080322266 32.636993408203125 33.83238220214844 34.07984161376953 33.43929672241211 33.113121032714844 33.77971267700195 40.697696685791016 32.748191833496094 33.59356689453125 33.27462387084961 32.49846267700195 32.90879821777344 33.156158447265625 33.20326232910156 
48.77267074584961 32.37238311767578 32.42841720581055 33.368160247802734 33.34124755859375 33.85878372192383 33.44579315185547 33.14460754394531 37.914913177490234 32.63395309448242 32.98303985595703 33.81679916381836 32.95027160644531 32.75641632080078 32.73952102661133 33.18966293334961 
55.704769134521484 32.26988983154297 32.935455322265625 33.492286682128906 33.177345275878906 33.546112060546875 33.32624053955078 33.17327880859375 39.91836929321289 33.09715270996094 32.700862884521484 32.98847961425781 33.16694259643555 33.1756477355957 33.1484489440918 32.96521759033203 
54.75385665893555 32.407711029052734 33.7459831237793 33.89548873901367 33.49052810668945 34.42531204223633 33.662174224853516 33.33536148071289 40.68783950805664 33.03526306152344 33.01164627075195 34.25996780395508 33.12771224975586 34.18134307861328 33.24601745605469 33.18281555175781 
51.650848388671875 32.322113037109375 33.943328857421875 34.275264739990234 33.531105041503906 33.28950500488281 34.03948974609375 33.32467269897461 37.75628662109375 33.102783203125 33.25801467895508 33.00844955444336 33.35939025878906 33.28153610229492 32.939231872558594 32.87353515625 
50.5015983581543 32.26172637939453 33.783935546875 33.147422790527344 33.48380661010742 33.52995300292969 33.2262077331543 35.70444869995117 41.47596740722656 32.83932876586914 32.91436767578125 33.28883361816406 34.42464065551758 33.07660675048828 33.795711517333984 33.78556823730469 
51.65974426269531 32.24528121948242 32.8831672668457 33.50028610229492 34.898399353027344 33.514625549316406 33.21363067626953 34.037567138671875 39.36336135864258 33.10076904296875 33.752254486083984 32.90611267089844 33.841217041015625 33.10425567626953 33.83750534057617 32.82908630371094 
49.44243240356445 33.09814453125 32.76230239868164 33.29391860961914 34.2239990234375 33.19123077392578 33.40553665161133 32.92729568481445 39.396385192871094 33.26937484741211 33.58425521850586 33.98611068725586 33.272640228271484 33.47657775878906 32.72614288330078 33.078399658203125 
62.15039825439453 33.3746223449707 32.889312744140625 32.95475387573242 34.179744720458984 33.485408782958984 33.33030319213867 34.170433044433594 42.19558334350586 33.551456451416016 33.29065704345703 32.675167083740234 32.73766326904297 33.228126525878906 33.45084762573242 33.13167953491211 
46.69529724121094 32.636512756347656 32.41791915893555 33.16592025756836 33.639007568359375 34.41129684448242 33.999263763427734 33.142974853515625 42.50156784057617 33.615840911865234 34.31520080566406 32.84832000732422 32.89775848388672 33.51599884033203 33.3026237487793 32.88742446899414 
44.6646728515625 25.184064865112305 25.274944305419922 26.567424774169922 27.019296646118164 25.94940757751465 26.10700798034668 26.295616149902344 33.71379089355469 26.19545555114746 26.725311279296875 26.38582420349121 25.859071731567383 25.739839553833008 25.84623908996582 25.96246337890625 
57.2314567565918 25.329471588134766 25.60268783569336 25.650976181030273 25.827072143554688 25.825056076049805 25.579103469848633 104.8821792602539 31.61737632751465 25.93622398376465 26.00377655029297 26.04262351989746 25.732736587524414 25.463455200195312 25.640607833862305 25.852191925048828 
57.289886474609375 25.37161636352539 25.366111755371094 26.087392807006836 26.306367874145508 25.8939208984375 26.710111618041992 104.56371307373047 34.15177536010742 26.06812858581543 26.381248474121094 26.238880157470703 26.30361557006836 25.793216705322266 25.659679412841797 25.705535888671875 
65.70390319824219 25.38515281677246 26.139711380004883 26.2840633392334 26.28531265258789 26.606847763061523 26.462528228759766 114.99958038330078 33.4918098449707 25.645919799804688 26.592639923095703 26.132095336914062 25.867008209228516 26.21708869934082 26.443424224853516 26.342559814453125 
56.28815841674805 25.361600875854492 25.45155143737793 25.86307144165039 25.675519943237305 26.616832733154297 26.558271408081055 105.09798431396484 35.947296142578125 25.70217514038086 25.910400390625 25.894784927368164 25.78883171081543 26.163999557495117 25.52979278564453 25.93619155883789 
48.90563201904297 25.36534309387207 25.444671630859375 25.387327194213867 26.74297523498535 26.34307289123535 25.93199920654297 104.49727630615234 34.635902404785156 25.744096755981445 26.070816040039062 25.45305633544922 25.696640014648438 26.06470489501953 25.779136657714844 25.875263214111328 
60.420127868652344 25.289472579956055 25.229631423950195 26.106943130493164 26.234943389892578 26.153696060180664 26.522815704345703 103.37305450439453 33.57020950317383 26.472768783569336 26.326400756835938 26.113248825073242 26.026752471923828 26.339231491088867 26.010400772094727 26.056127548217773 
57.23881530761719 25.720895767211914 25.87446403503418 25.795263290405273 25.987903594970703 26.609376907348633 26.41049575805664 98.18672180175781 38.131614685058594 25.936767578125 25.579423904418945 25.777568817138672 25.8374080657959 25.81475257873535 26.057279586791992 26.051776885986328 
58.3678092956543 25.264928817749023 25.429279327392578 25.481952667236328 25.608448028564453 26.48543930053711 26.113536834716797 101.73942565917969 35.29657745361328 26.023136138916016 25.90105628967285 25.762367248535156 26.132991790771484 26.353439331054688 26.343839645385742 26.621152877807617 
56.165855407714844 25.371231079101562 25.57868766784668 25.839679718017578 26.47327995300293 26.026111602783203 26.637407302856445 104.45897674560547 35.31523132324219 26.253280639648438 26.27734375 26.60700798034668 26.26963233947754 26.366943359375 25.937856674194336 26.141664505004883 
47.51932907104492 13.86451244354248 13.886719703674316 13.91327953338623 13.935680389404297 14.522687911987305 14.426976203918457 14.436575889587402 28.17238426208496 14.462976455688477 14.195520401000977 14.643648147583008 14.89568042755127 14.886431694030762 14.652192115783691 14.408927917480469 
30.515104293823242 13.92790412902832 13.928799629211426 13.93660831451416 14.036479949951172 14.004287719726562 14.095071792602539 14.424736022949219 20.30886459350586 15.10921573638916 14.077152252197266 14.225695610046387 14.21337604522705 14.55129623413086 15.121248245239258 14.86508846282959 
32.63510513305664 13.918144226074219 13.906911849975586 14.012255668640137 13.998880386352539 14.296544075012207 14.39788818359375 14.271136283874512 17.746015548706055 15.082592010498047 14.09011173248291 14.37276840209961 14.75107192993164 15.21555233001709 14.866720199584961 14.593376159667969 
29.63337516784668 13.929311752319336 13.909536361694336 13.934207916259766 13.973312377929688 14.130271911621094 14.179776191711426 14.36019229888916 21.636512756347656 14.91164779663086 15.24015998840332 14.906975746154785 14.789504051208496 14.780672073364258 14.328736305236816 14.643808364868164 
32.62188720703125 13.95529556274414 13.924639701843262 15.02518367767334 13.994784355163574 13.991488456726074 14.215231895446777 14.26028823852539 19.66374397277832 14.946687698364258 14.803487777709961 14.749312400817871 14.554559707641602 14.173312187194824 14.165696144104004 14.144831657409668 
32.63017654418945 13.930815696716309 13.933152198791504 14.18950366973877 14.347519874572754 14.095871925354004 14.268095970153809 14.28268814086914 20.84876823425293 15.103008270263672 14.976256370544434 14.256928443908691 14.08572769165039 14.084256172180176 14.193440437316895 14.570655822753906 
30.539039611816406 13.940863609313965 13.91823959350586 13.94707202911377 13.989824295043945 13.984895706176758 14.236160278320312 14.143168449401855 21.711008071899414 15.009183883666992 14.664671897888184 14.369855880737305 14.459712028503418 14.360095977783203 14.344991683959961 14.12822437286377 
32.62688064575195 13.964320182800293 13.941472053527832 14.993568420410156 14.228480339050293 14.089376449584961 14.084671974182129 14.281632423400879 20.563968658447266 14.991423606872559 14.456416130065918 14.429247856140137 14.06339168548584 14.128352165222168 14.150176048278809 14.689184188842773 
31.583295822143555 13.907615661621094 13.907615661621094 13.928192138671875 14.172672271728516 14.32630443572998 14.123135566711426 14.122464179992676 22.35036849975586 14.61734390258789 14.160063743591309 14.141311645507812 14.198975563049316 14.701312065124512 14.910112380981445 14.967935562133789 
32.8201904296875 13.897184371948242 13.932352066040039 14.894111633300781 14.049023628234863 14.086079597473145 14.069151878356934 14.306591987609863 17.319583892822266 15.053279876708984 15.088735580444336 14.651552200317383 14.741120338439941 14.095871925354004 14.473471641540527 14.272031784057617 
42.55836868286133 24.27235221862793 24.585664749145508 24.533023834228516 24.528287887573242 24.775808334350586 24.864511489868164 24.523391723632812 30.551616668701172 24.722143173217773 24.78438377380371 24.769760131835938 24.637184143066406 24.89708709716797 24.62451171875 24.742399215698242 
43.563392639160156 24.15350341796875 24.58243179321289 24.53500747680664 24.59436798095703 24.942752838134766 24.97222328186035 85.36841583251953 31.051679611206055 24.805471420288086 25.04867172241211 25.053504943847656 24.85171127319336 24.8569278717041 25.02390480041504 24.974815368652344 
69.74835205078125 24.200000762939453 24.750015258789062 25.22777557373047 25.251968383789062 24.736223220825195 25.35683250427246 72.98592376708984 30.65817642211914 24.622272491455078 24.746368408203125 24.819456100463867 24.85196876525879 24.852767944335938 24.60028839111328 24.86185646057129 
53.01536178588867 24.2061767578125 24.33932876586914 25.63033676147461 25.56403160095215 24.827680587768555 24.668800354003906 65.15484619140625 29.48137664794922 24.70137596130371 24.982271194458008 24.818912506103516 24.729408264160156 24.813983917236328 24.662111282348633 24.689247131347656 
39.299072265625 24.194368362426758 24.591007232666016 25.18707275390625 25.368032455444336 24.98294448852539 24.9003849029541 25.161088943481445 33.438785552978516 24.51628875732422 24.4071044921875 24.76464080810547 24.98431968688965 25.077375411987305 24.866239547729492 24.862592697143555 
42.411041259765625 24.25551986694336 24.460031509399414 24.76630401611328 24.640031814575195 24.689472198486328 25.08687973022461 96.03155517578125 28.339391708374023 24.981664657592773 25.018592834472656 24.81670379638672 25.308000564575195 25.211103439331055 25.120223999023438 24.92323112487793 
40.337249755859375 24.173343658447266 24.989152908325195 25.317312240600586 25.38003158569336 24.771360397338867 24.73244857788086 94.06502532958984 32.843936920166016 24.746112823486328 25.01148796081543 24.61609649658203 24.89776039123535 24.78620719909668 24.765600204467773 24.949344635009766 
41.462623596191406 24.193279266357422 24.909568786621094 25.384096145629883 25.44175910949707 25.14463996887207 24.704544067382812 25.43529510498047 30.919776916503906 24.71059226989746 24.9847354888916 24.696063995361328 24.834976196289062 24.800640106201172 25.19558334350586 24.78044891357422 
39.447296142578125 24.211872100830078 24.639551162719727 25.01171112060547 25.0482234954834 24.720191955566406 24.908832550048828 25.5133113861084 29.68899154663086 24.610559463500977 25.087263107299805 24.75881576538086 24.626623153686523 24.728351593017578 24.73036766052246 24.770687103271484 
41.3831672668457 24.397727966308594 24.360671997070312 25.09436798095703 24.779327392578125 25.244640350341797 25.509727478027344 90.57923126220703 31.034591674804688 24.524608612060547 24.66524887084961 24.911968231201172 25.306720733642578 24.923744201660156 25.01366424560547 24.702783584594727 
38.98076629638672 20.17375946044922 20.078752517700195 20.166879653930664 20.256864547729492 20.292896270751953 20.253055572509766 20.395103454589844 25.772480010986328 20.820064544677734 20.936128616333008 21.081695556640625 20.76665687561035 21.62761688232422 20.715456008911133 20.838815689086914 
35.74604797363281 20.068511962890625 20.07219123840332 20.065183639526367 20.19865608215332 20.181503295898438 20.363935470581055 20.403776168823242 25.276704788208008 21.250112533569336 21.30316734313965 20.69254493713379 20.580768585205078 20.588064193725586 21.022048950195312 20.80512046813965 
35.73961639404297 20.05891227722168 20.130687713623047 20.310592651367188 20.560192108154297 20.53830337524414 20.61350440979004 21.067935943603516 29.696319580078125 20.89321517944336 20.98406410217285 21.133087158203125 21.024639129638672 20.944223403930664 20.652320861816406 20.460704803466797 
36.79305648803711 20.07481575012207 20.046655654907227 20.40015983581543 20.90239906311035 21.041183471679688 20.921375274658203 21.043264389038086 26.471616744995117 20.52387237548828 20.64476776123047 20.742847442626953 21.169055938720703 21.35327911376953 21.784223556518555 20.454111099243164 
34.69318389892578 20.043519973754883 20.103103637695312 20.563072204589844 20.904640197753906 20.997695922851562 20.619680404663086 20.937023162841797 28.61497688293457 20.466720581054688 21.06492805480957 20.90287971496582 20.892255783081055 21.04198455810547 20.591936111450195 20.785120010375977 
37.85513687133789 20.09347152709961 20.131391525268555 20.39836883544922 20.366336822509766 20.46124839782715 20.397184371948242 20.367616653442383 26.297983169555664 20.909631729125977 20.60576057434082 20.75503921508789 20.37059211730957 20.676191329956055 21.308351516723633 20.972511291503906 
40.99574279785156 20.068479537963867 20.065568923950195 20.16383934020996 20.252416610717773 20.41779136657715 20.431968688964844 20.46441650390625 26.487648010253906 20.766143798828125 20.793567657470703 20.77395248413086 20.61516761779785 20.66716766357422 20.601408004760742 20.8221435546875 
34.691200256347656 20.109695434570312 20.051616668701172 20.05776023864746 20.3918399810791 20.379680633544922 20.3255672454834 20.35785675048828 22.91334342956543 20.91974449157715 21.00934410095215 20.986848831176758 20.885696411132812 20.780864715576172 20.863040924072266 20.55241584777832 
34.69686508178711 20.092832565307617 20.113407135009766 20.38310432434082 20.90220832824707 20.93187141418457 21.009023666381836 21.26198387145996 25.55606460571289 20.762975692749023 20.751680374145508 20.6779842376709 20.709632873535156 21.236064910888672 21.116191864013672 20.956960678100586 
34.68191909790039 20.037567138671875 20.075775146484375 20.485919952392578 20.4385929107666 20.340959548950195 20.341535568237305 20.38092803955078 25.11529541015625 21.510080337524414 20.768287658691406 20.608320236206055 20.493215560913086 20.587839126586914 20.591999053955078 20.51603126525879 
43.40691375732422 29.066112518310547 29.150880813598633 29.86079978942871 31.478368759155273 29.407520294189453 29.83238410949707 40.77580642700195 35.75519943237305 29.56435203552246 29.49977684020996 29.09833526611328 29.813087463378906 29.004159927368164 29.75129508972168 28.828832626342773 
50.730369567871094 28.893312454223633 29.176639556884766 29.338144302368164 29.965824127197266 29.33305549621582 126.75939178466797 33.82432174682617 36.6025276184082 29.328767776489258 29.096511840820312 29.697280883789062 29.513023376464844 29.08425521850586 29.807104110717773 29.05401611328125 
47.33251190185547 30.164287567138672 30.543743133544922 29.168447494506836 29.535680770874023 29.463712692260742 108.09820556640625 29.692224502563477 36.4288330078125 29.104223251342773 29.785343170166016 29.81488037109375 29.12633514404297 29.940671920776367 29.315967559814453 29.135744094848633 
49.45452880859375 29.130624771118164 29.569856643676758 29.124544143676758 31.31318473815918 31.940895080566406 83.78524780273438 37.85958480834961 35.484031677246094 30.620895385742188 29.19526481628418 29.61577606201172 29.528352737426758 28.779104232788086 29.746719360351562 29.115039825439453 
48.55955123901367 30.543359756469727 29.795360565185547 29.221343994140625 30.285472869873047 30.489887237548828 101.75154876708984 28.544416427612305 35.16572952270508 29.487680435180664 29.30451202392578 30.208736419677734 29.887008666992188 29.32361602783203 30.018016815185547 29.338560104370117 
43.3592643737793 29.803743362426758 31.07161521911621 29.979232788085938 29.87398338317871 29.947296142578125 29.506879806518555 90.21040344238281 37.25651168823242 29.635103225708008 29.24060821533203 29.274208068847656 29.758495330810547 28.94588851928711 29.701568603515625 29.83670425415039 
47.5939826965332 30.160255432128906 31.19638442993164 30.25993537902832 30.626880645751953 30.270431518554688 112.0816650390625 28.835744857788086 35.213504791259766 29.769119262695312 29.00284767150879 30.218080520629883 29.270816802978516 29.25916862487793 29.77984046936035 29.263103485107422 
48.58272171020508 30.541248321533203 29.562143325805664 28.62883186340332 29.658367156982422 29.86345672607422 99.4590072631836 35.80579376220703 37.951297760009766 29.221599578857422 31.429759979248047 29.874528884887695 29.280799865722656 29.548704147338867 29.92310333251953 29.106719970703125 
57.082401275634766 28.914976119995117 30.801311492919922 29.71628761291504 29.82316780090332 29.8023681640625 86.0730209350586 32.82057571411133 35.665504455566406 28.978336334228516 29.627904891967773 29.126176834106445 30.533279418945312 29.605247497558594 29.45737648010254 29.981536865234375 
59.36732864379883 30.88060760498047 29.06505584716797 28.79408073425293 31.70636749267578 29.293407440185547 85.00326538085938 28.54425621032715 35.509246826171875 29.360736846923828 29.26473617553711 29.578880310058594 29.123552322387695 29.588544845581055 29.80521583557129 28.91971206665039 
44.84147262573242 17.69913673400879 17.75721549987793 17.419456481933594 17.651744842529297 17.67011260986328 67.32556915283203 17.573951721191406 23.95097541809082 18.896255493164062 18.05743980407715 17.58086395263672 17.79987144470215 18.354272842407227 17.5797119140625 18.63030433654785 
34.92940902709961 17.357952117919922 17.57334327697754 17.639135360717773 17.66054344177246 17.99305534362793 17.682720184326172 17.672096252441406 26.299488067626953 18.11680030822754 18.51817512512207 18.106687545776367 18.210399627685547 18.321760177612305 18.222816467285156 17.676576614379883 
33.86912155151367 17.37164878845215 17.39411163330078 17.81817626953125 18.04751968383789 17.97599983215332 17.706783294677734 17.68003273010254 25.222240447998047 18.470304489135742 17.99718475341797 18.59017562866211 18.050559997558594 17.65532875061035 18.745567321777344 17.94976043701172 
33.877376556396484 17.37171173095703 17.54867172241211 17.810911178588867 18.049407958984375 18.173152923583984 17.87059211730957 17.718048095703125 25.475296020507812 20.44291114807129 18.09587287902832 18.588703155517578 17.945247650146484 17.965471267700195 18.391456604003906 17.975936889648438 
33.85542297363281 17.376096725463867 17.364511489868164 17.438175201416016 17.748416900634766 17.805376052856445 18.081823348999023 17.89580726623535 23.653120040893555 17.875455856323242 17.668800354003906 18.737632751464844 17.99292755126953 17.642431259155273 18.791519165039062 18.498336791992188 
32.81792068481445 17.3985595703125 17.412927627563477 17.504928588867188 17.483423233032227 17.71504020690918 19.302047729492188 18.08016014099121 26.067232131958008 18.700511932373047 18.029983520507812 17.964704513549805 18.970624923706055 18.233856201171875 17.68524742126465 18.16921615600586 
33.866878509521484 17.381376266479492 17.409759521484375 17.604639053344727 17.67683219909668 17.932064056396484 17.714143753051758 17.651199340820312 26.57676887512207 18.11020851135254 17.983840942382812 17.883039474487305 19.079103469848633 18.05356788635254 18.008575439453125 18.209312438964844 
33.27328109741211 17.364320755004883 17.37980842590332 17.53388786315918 17.509471893310547 17.580480575561523 17.726207733154297 17.8637752532959 23.630592346191406 18.35875129699707 17.997631072998047 18.068639755249023 18.161439895629883 18.144960403442383 17.71491241455078 18.929248809814453 
32.7935676574707 17.39833641052246 17.379871368408203 17.5383358001709 17.54534339904785 17.563488006591797 17.582592010498047 18.01795196533203 22.168447494506836 18.542591094970703 17.947999954223633 17.571584701538086 18.545536041259766 18.325599670410156 17.752735137939453 18.830848693847656 
32.79830551147461 17.38444709777832 17.44915199279785 17.498016357421875 18.18454360961914 18.285024642944336 20.20956802368164 17.862720489501953 24.476383209228516 17.80841636657715 17.92608070373535 18.454143524169922 17.79007911682129 17.538272857666016 18.3371524810791 17.816448211669922 
48.49203109741211 29.368799209594727 30.7205753326416 30.477312088012695 32.81260681152344 29.15033531188965 75.61833953857422 21.8353271484375 32.82438278198242 22.39638328552246 22.589088439941406 22.777503967285156 22.4532470703125 22.86412811279297 22.58742332458496 22.45404815673828 
46.39539337158203 29.40812873840332 29.540159225463867 33.60905456542969 35.797569274902344 38.9370231628418 29.49420738220215 29.493247985839844 35.644447326660156 22.277631759643555 22.98828887939453 23.015743255615234 22.69615936279297 22.530336380004883 22.610719680786133 22.74787139892578 
46.3779182434082 29.40399932861328 29.669631958007812 31.518495559692383 34.64799880981445 50.42950439453125 29.51091194152832 29.459455490112305 35.74358367919922 22.327104568481445 22.895328521728516 22.348512649536133 22.700992584228516 24.599712371826172 22.624927520751953 22.636991500854492 
46.365089416503906 29.45369529724121 29.490943908691406 30.50752067565918 31.560287475585938 48.4152946472168 29.422943115234375 29.4979190826416 35.5777587890625 22.437856674194336 24.866880416870117 22.489919662475586 23.943679809570312 22.462112426757812 23.20672035217285 22.308351516723633 
46.34707260131836 29.423200607299805 29.46303939819336 33.742977142333984 33.6214714050293 50.4920654296875 29.466495513916016 29.516096115112305 36.03619384765625 23.206527709960938 22.52012825012207 22.867488861083984 22.59209632873535 22.72947120666504 22.62451171875 22.609216690063477 
46.352352142333984 29.47881507873535 30.500640869140625 35.72780990600586 32.799583435058594 44.103328704833984 29.390783309936523 29.5216007232666 33.606849670410156 22.60553550720215 24.336544036865234 22.750368118286133 22.366304397583008 23.118528366088867 22.46361541748047 22.65830421447754 
47.452449798583984 29.38707160949707 29.487232208251953 29.435359954833984 38.962432861328125 46.30828857421875 29.450944900512695 29.818687438964844 35.8823356628418 22.836416244506836 22.68057632446289 22.437503814697266 23.168672561645508 22.37299156188965 22.906848907470703 22.850400924682617 
46.44038391113281 29.36297607421875 29.48851203918457 34.68297576904297 35.79404830932617 48.34204864501953 29.467744827270508 29.69398307800293 36.747806549072266 22.498943328857422 22.89891242980957 22.757631301879883 22.458335876464844 22.473695755004883 22.84681510925293 22.65158462524414 
47.457374572753906 29.407392501831055 29.4487361907959 35.92268753051758 33.6162223815918 46.17833709716797 29.489215850830078 29.48624038696289 34.029502868652344 22.548255920410156 22.586559295654297 22.654783248901367 22.560640335083008 22.81372833251953 22.742528915405273 22.515775680541992 
46.35542297363281 29.464000701904297 29.45238494873047 29.587520599365234 35.71401596069336 62.064510345458984 29.363487243652344 29.855424880981445 37.1662712097168 22.663360595703125 23.185792922973633 22.499679565429688 22.98636817932129 22.59459114074707 22.921375274658203 22.391807556152344 
39.24099349975586 26.129087448120117 26.322208404541016 27.30886459350586 26.663808822631836 26.989055633544922 38.814815521240234 52.37897491455078 35.00249481201172 26.844512939453125 27.238496780395508 27.394271850585938 26.766496658325195 27.056543350219727 26.75347137451172 26.930559158325195 
49.908321380615234 27.068735122680664 26.10848045349121 26.410015106201172 26.955904006958008 26.702367782592773 26.798463821411133 27.209760665893555 32.67961502075195 27.030176162719727 27.007423400878906 26.357824325561523 26.608383178710938 27.014495849609375 27.48953628540039 27.431743621826172 
52.001216888427734 26.11187171936035 26.115264892578125 26.634143829345703 27.13871955871582 27.03545570373535 26.83283233642578 27.117599487304688 32.052127838134766 26.97337532043457 27.687583923339844 27.07369613647461 27.281919479370117 26.90070343017578 26.96236801147461 26.992351531982422 
55.07321548461914 26.055072784423828 27.372032165527344 26.817951202392578 27.182655334472656 26.735647201538086 27.235904693603516 27.07663917541504 34.280574798583984 26.6364803314209 27.20921516418457 27.277408599853516 27.039424896240234 27.401376724243164 27.156192779541016 26.898399353027344 
54.14201736450195 26.12076759338379 27.185312271118164 27.501567840576172 27.123519897460938 27.67296028137207 27.28633689880371 26.938688278198242 32.87635040283203 27.216224670410156 26.97747230529785 26.738079071044922 26.975072860717773 26.674848556518555 27.404159545898438 27.495391845703125 
54.06447982788086 26.123327255249023 26.424671173095703 26.712064743041992 27.322208404541016 26.92508888244629 27.73017692565918 27.5447998046875 31.613567352294922 26.912384033203125 26.821184158325195 27.390911102294922 26.834943771362305 27.135967254638672 27.26464080810547 27.18070411682129 
57.11360168457031 26.12656021118164 26.173280715942383 27.242847442626953 26.80188751220703 27.32329559326172 27.314144134521484 27.194528579711914 30.972320556640625 26.819040298461914 27.533599853515625 26.285280227661133 26.94393539428711 26.9703369140625 27.238719940185547 27.39638328552246 
61.45916748046875 26.07980728149414 26.503263473510742 26.576480865478516 26.550432205200195 26.94607925415039 26.571903228759766 27.5216007232666 33.1212158203125 26.760543823242188 27.39081573486328 28.655519485473633 27.133056640625 26.672224044799805 26.835424423217773 27.033727645874023 
55.0662727355957 26.17616081237793 26.987552642822266 27.203392028808594 27.455360412597656 27.41244888305664 26.808095932006836 26.50806427001953 32.746238708496094 26.983552932739258 27.862016677856445 26.68828773498535 26.873727798461914 26.833248138427734 27.088224411010742 27.350208282470703 
52.93862533569336 26.610048294067383 27.08608055114746 27.628576278686523 27.11052894592285 27.338144302368164 27.519136428833008 103.07965087890625 34.39654541015625 27.24015998840332 27.37455940246582 27.195552825927734 26.703168869018555 26.85686492919922 27.215007781982422 27.332704544067383 
60.438079833984375 30.308191299438477 30.704479217529297 31.732351303100586 30.86479949951172 30.98863983154297 30.37049674987793 30.88502311706543 36.08095932006836 29.925024032592773 30.178688049316406 30.403200149536133 29.976991653442383 30.592544555664062 30.550207138061523 31.13750457763672 
53.29625701904297 29.621408462524414 30.838560104370117 30.269983291625977 30.721664428710938 31.352703094482422 30.63158416748047 30.538944244384766 33.652000427246094 30.331296920776367 30.826496124267578 30.42300796508789 29.982240676879883 30.79532814025879 30.723583221435547 30.187423706054688 
48.02684783935547 30.082048416137695 30.462080001831055 30.82383918762207 30.989376068115234 31.50934410095215 31.496959686279297 107.94694519042969 37.49187088012695 30.03331184387207 30.10438346862793 30.62950325012207 30.11916732788086 30.057119369506836 30.689088821411133 30.854047775268555 
50.19724655151367 29.834047317504883 29.597183227539062 30.948095321655273 30.8242244720459 30.992639541625977 31.493215560913086 35.36016082763672 36.591583251953125 30.341440200805664 30.02003288269043 30.505952835083008 30.683359146118164 30.09734344482422 30.086240768432617 30.72649574279785 
51.18937683105469 29.926816940307617 30.56108856201172 30.990943908691406 31.08019256591797 31.430240631103516 30.99500846862793 30.12169647216797 34.5351676940918 30.26700782775879 30.684288024902344 29.896448135375977 30.39401626586914 30.64944076538086 31.029056549072266 30.05686378479004 
51.21696090698242 29.70627212524414 29.49465560913086 31.401824951171875 31.22540855407715 31.168703079223633 31.36614418029785 30.801023483276367 36.98681640625 29.914592742919922 31.15452766418457 30.535263061523438 30.464096069335938 30.163423538208008 30.675743103027344 30.746944427490234 
53.223358154296875 29.553760528564453 29.499744415283203 31.029151916503906 31.481311798095703 30.98307228088379 31.28473663330078 32.37491226196289 36.21744155883789 30.0 30.39232063293457 30.994016647338867 30.239967346191406 29.96143913269043 30.73459243774414 30.8789119720459 
48.95270538330078 29.578367233276367 29.569215774536133 30.46816062927246 30.192384719848633 30.604576110839844 30.690080642700195 30.51558494567871 35.53132629394531 29.891328811645508 30.378847122192383 31.076383590698242 30.47177505493164 30.36083221435547 30.523616790771484 31.03059196472168 
49.16185760498047 29.58835220336914 30.78313636779785 31.253503799438477 31.482271194458008 30.898975372314453 31.000032424926758 30.676223754882812 35.62223815917969 29.963680267333984 30.42451286315918 30.96281623840332 30.180416107177734 30.06211280822754 30.388416290283203 30.725055694580078 
51.508766174316406 29.68899154663086 30.58883285522461 30.856704711914062 31.391199111938477 30.764192581176758 30.681440353393555 30.040224075317383 34.97439956665039 30.593280792236328 29.934431076049805 30.002975463867188 30.157983779907227 30.41209602355957 30.258047103881836 30.561023712158203 
45.200992584228516 29.747648239135742 30.239423751831055 30.409568786621094 30.191808700561523 30.424671173095703 30.189504623413086 103.1239013671875 34.88041687011719 29.281152725219727 29.520320892333984 29.99228858947754 29.972415924072266 29.527423858642578 29.766048431396484 30.22127914428711 
44.24470520019531 29.91379165649414 30.24233627319336 30.284832000732422 30.307552337646484 29.641727447509766 30.29033660888672 104.80976104736328 35.180641174316406 29.48419189453125 30.203487396240234 29.45884895324707 30.071327209472656 29.80259132385254 29.92313575744629 29.596223831176758 
44.175167083740234 28.819135665893555 30.397151947021484 30.667903900146484 29.91596794128418 29.233055114746094 29.574399948120117 103.91385650634766 35.24198532104492 29.524063110351562 29.362239837646484 29.438112258911133 29.60348892211914 29.86172866821289 29.370880126953125 29.769760131835938 
47.30467224121094 28.85091209411621 29.235807418823242 29.51193618774414 29.91606330871582 30.13164710998535 29.301759719848633 94.13798522949219 35.690208435058594 29.181663513183594 29.438175201416016 29.64806365966797 29.372896194458008 30.158592224121094 29.608671188354492 29.42412757873535 
45.253761291503906 29.39676856994629 29.48307228088379 30.24198341369629 29.805919647216797 29.89836883544922 30.293119430541992 104.0250244140625 37.69606399536133 29.336959838867188 30.81235122680664 29.704896926879883 29.407615661621094 29.473791122436523 29.917823791503906 29.862239837646484 
44.30739212036133 28.841087341308594 29.397823333740234 29.47382354736328 30.475200653076172 29.878080368041992 30.359264373779297 97.91788482666016 35.485374450683594 29.739967346191406 29.185344696044922 29.575071334838867 29.81692886352539 28.962495803833008 29.510719299316406 30.013120651245117 
43.18524932861328 28.876192092895508 28.87388801574707 30.222431182861328 30.42470359802246 29.972991943359375 29.592960357666016 106.77212524414062 36.479583740234375 29.45292854309082 29.528383255004883 29.186111450195312 29.215871810913086 29.23526382446289 29.63520050048828 29.474239349365234 
46.216224670410156 28.807968139648438 30.668832778930664 30.233631134033203 30.41606330871582 29.69968032836914 30.541183471679688 97.46236419677734 37.13452911376953 29.928287506103516 29.378047943115234 29.46713638305664 29.345600128173828 29.44259262084961 29.969215393066406 29.631744384765625 
105.97087860107422 28.940832138061523 29.001888275146484 30.6147518157959 30.402368545532227 30.174367904663086 30.396608352661133 30.24291229248047 38.157310485839844 29.393024444580078 29.402080535888672 29.646976470947266 29.651296615600586 29.38982391357422 29.92198371887207 29.760223388671875 
46.31999969482422 28.90355110168457 29.624895095825195 29.322463989257812 30.042783737182617 29.782655715942383 30.006271362304688 109.41136169433594 35.567806243896484 29.804960250854492 29.58121681213379 29.34668731689453 30.027999877929688 29.321792602539062 29.456735610961914 29.79782485961914 
52.53724670410156 31.39571189880371 31.46620750427246 31.794527053833008 32.240577697753906 32.82521438598633 32.71903991699219 32.07187271118164 40.111297607421875 31.981407165527344 32.06662368774414 32.051265716552734 32.09471893310547 32.09862518310547 32.10758590698242 32.203392028808594 
53.76448059082031 31.596128463745117 32.341121673583984 33.601375579833984 33.54083251953125 32.807167053222656 33.19113540649414 32.64371109008789 40.930240631103516 31.703968048095703 31.948671340942383 31.97772789001465 33.2856330871582 32.152767181396484 32.71571350097656 31.870464324951172 
55.901119232177734 31.33353614807129 31.737695693969727 33.41231918334961 33.31679916381836 32.68815994262695 33.15849685668945 32.39344024658203 35.418846130371094 31.893280029296875 32.37036895751953 32.16435241699219 32.00694274902344 31.94438362121582 32.04457473754883 31.84511947631836 
50.6077766418457 31.325824737548828 31.99750328063965 31.712928771972656 32.380897521972656 32.77590560913086 32.887489318847656 32.64652633666992 41.666561126708984 32.333377838134766 31.652448654174805 31.78816032409668 31.805248260498047 33.08812713623047 31.978015899658203 31.92393684387207 
52.68899154663086 32.51356887817383 32.39295959472656 33.05059051513672 32.99478530883789 32.560096740722656 33.45033645629883 32.46012878417969 37.273441314697266 31.954944610595703 32.38444900512695 32.04643249511719 31.957536697387695 33.45471954345703 32.10502243041992 31.99465560913086 
54.90633773803711 32.131649017333984 31.805280685424805 32.02316665649414 32.60761642456055 32.501888275146484 32.676353454589844 31.83875274658203 38.8711051940918 31.92131233215332 32.034881591796875 32.66428756713867 31.90889549255371 31.978944778442383 32.228065490722656 31.944704055786133 
52.776607513427734 31.63711929321289 32.0184326171875 32.892127990722656 32.14662551879883 32.194496154785156 32.27334213256836 33.356544494628906 39.55855941772461 31.73049545288086 31.86639976501465 31.924448013305664 32.03571319580078 32.131614685058594 32.70444869995117 32.44985580444336 
51.6544303894043 31.663423538208008 31.325151443481445 32.0843505859375 32.723777770996094 33.50617599487305 32.619808197021484 33.79248046875 38.05148696899414 33.32793426513672 32.04915237426758 32.20515060424805 32.13657760620117 32.11827087402344 32.08591842651367 32.1888313293457 
52.711265563964844 32.26889419555664 32.56428909301758 32.62627029418945 32.91779327392578 32.65030288696289 32.85798263549805 32.522369384765625 38.08208084106445 31.77519989013672 31.812000274658203 31.862272262573242 31.928192138671875 31.925024032592773 31.951967239379883 32.76313781738281 
53.217918395996094 31.409696578979492 31.67068862915039 32.112545013427734 32.766719818115234 32.54159927368164 32.988094329833984 32.52329635620117 36.55369567871094 31.98374366760254 32.671775817871094 32.76044845581055 32.99817657470703 32.94636917114258 32.81568145751953 32.78704071044922 
86.88214111328125 23.84048080444336 23.915647506713867 24.03843116760254 24.26464080810547 24.748960494995117 24.817279815673828 24.981088638305664 28.382047653198242 24.424480438232422 25.119775772094727 25.136768341064453 24.871103286743164 24.41315269470215 24.95756721496582 24.3088321685791 
71.04220581054688 23.985183715820312 24.1243839263916 24.49519920349121 24.557600021362305 24.342432022094727 24.500703811645508 25.05356788635254 31.118911743164062 24.300960540771484 24.778303146362305 24.42518424987793 24.304800033569336 24.783296585083008 24.77225685119629 24.46784019470215 
66.87792205810547 23.827743530273438 24.866111755371094 25.3239688873291 25.045663833618164 24.329727172851562 24.211807250976562 24.52934455871582 30.949504852294922 24.635936737060547 24.293760299682617 24.110143661499023 24.51571273803711 25.034271240234375 24.303808212280273 24.44748878479004 
62.65292739868164 24.183231353759766 24.704383850097656 24.796159744262695 24.791519165039062 24.84668731689453 25.097471237182617 24.9783992767334 31.37379264831543 24.342592239379883 24.18239974975586 24.4550724029541 24.857376098632812 24.314367294311523 24.51535987854004 24.322656631469727 
67.94818878173828 23.83785629272461 23.83020782470703 24.077632904052734 24.645727157592773 24.755615234375 24.769567489624023 25.38591957092285 30.409664154052734 24.288127899169922 24.568607330322266 24.528831481933594 24.390880584716797 24.441408157348633 24.793344497680664 24.739456176757812 
72.08137512207031 23.839935302734375 23.907455444335938 24.203712463378906 24.25823974609375 24.279264450073242 24.838239669799805 24.760032653808594 29.890079498291016 24.401119232177734 24.511520385742188 24.48099136352539 25.479551315307617 24.362911224365234 24.305856704711914 24.795520782470703 
71.0982437133789 23.778240203857422 23.83171272277832 24.286399841308594 24.245119094848633 24.455904006958008 24.84832000732422 25.326719284057617 33.764671325683594 24.007104873657227 25.110048294067383 24.581567764282227 24.475936889648438 24.42300796508789 24.816543579101562 24.90131187438965 
77.64588928222656 23.824512481689453 24.07593536376953 24.28316879272461 25.482784271240234 24.954591751098633 24.31929588317871 24.431167602539062 30.13747215270996 24.959104537963867 24.035167694091797 24.401216506958008 25.011520385742188 24.495391845703125 24.361120223999023 24.591007232666016 
67.92598724365234 24.094879150390625 24.362592697143555 24.779327392578125 24.412864685058594 24.603296279907227 25.347455978393555 60.00726318359375 30.267776489257812 24.413856506347656 24.255231857299805 25.04707145690918 25.684768676757812 24.38422393798828 24.53081512451172 24.181119918823242 
74.21337890625 23.842655181884766 23.862783432006836 24.254432678222656 24.526975631713867 24.608448028564453 24.73583984375 24.47817611694336 30.815967559814453 24.435264587402344 24.491968154907227 24.534015655517578 24.409311294555664 24.563167572021484 24.29439926147461 24.472896575927734 
69.50227355957031 28.50592041015625 28.43168067932129 29.922304153442383 29.615968704223633 29.973215103149414 29.617408752441406 59.86921691894531 37.54220962524414 29.23516845703125 29.515296936035156 29.56268882751465 29.081663131713867 29.141408920288086 29.11052894592285 29.34511947631836 
47.44825744628906 28.447423934936523 29.811359405517578 29.897632598876953 29.43814468383789 29.719711303710938 75.48486328125 61.146751403808594 36.9304313659668 29.132192611694336 29.24799919128418 29.089887619018555 28.977983474731445 29.903135299682617 29.383007049560547 29.125120162963867 
46.35599899291992 29.574464797973633 29.623584747314453 30.107072830200195 29.684032440185547 29.14143943786621 29.02182388305664 89.9583969116211 35.439903259277344 28.99977684020996 30.050304412841797 29.310943603515625 29.10736083984375 29.14089584350586 31.697887420654297 28.773439407348633 
54.824031829833984 28.45404815673828 28.465055465698242 28.988576889038086 29.42508888244629 30.29529571533203 29.540224075317383 88.47331237792969 34.731361389160156 29.25721549987793 28.92870330810547 30.312448501586914 28.825504302978516 29.44416046142578 29.087263107299805 29.4453125 
51.61686325073242 28.518400192260742 28.651264190673828 28.835071563720703 29.383264541625977 29.160512924194336 29.10793685913086 88.59667205810547 34.945343017578125 29.036096572875977 29.440927505493164 29.19318389892578 29.2607364654541 30.06278419494629 29.39673614501953 29.057024002075195 
45.40351867675781 29.11408042907715 29.05344009399414 29.736000061035156 29.788192749023438 29.26825523376465 29.576223373413086 93.98777770996094 35.74720001220703 29.030975341796875 29.398271560668945 29.520544052124023 29.856735229492188 29.21993637084961 29.252960205078125 29.403104782104492 
50.698143005371094 28.63532829284668 28.685888290405273 30.286815643310547 29.782655715942383 29.940479278564453 29.53539276123047 87.81676483154297 34.61983871459961 29.238208770751953 29.138879776000977 29.127424240112305 29.15977668762207 29.15100860595703 29.273279190063477 29.214752197265625 
68.47209930419922 28.94963264465332 29.102367401123047 29.787263870239258 29.799264907836914 29.66035270690918 29.884511947631836 111.73027038574219 35.67068862915039 29.31964874267578 29.061311721801758 29.07923126220703 29.36911964416504 29.398239135742188 29.135072708129883 28.82009506225586 
51.686622619628906 28.555328369140625 28.44976043701172 28.885568618774414 29.23923110961914 29.999008178710938 29.397823333740234 96.1520004272461 34.56281661987305 28.996448516845703 29.13884735107422 29.07030487060547 29.95097541809082 29.36444854736328 29.33897590637207 29.034751892089844 
50.60518264770508 28.653663635253906 28.691999435424805 30.426048278808594 29.94870376586914 29.70899200439453 29.868064880371094 87.30825805664062 35.335262298583984 29.043615341186523 28.754016876220703 29.053728103637695 29.109088897705078 29.472991943359375 29.130592346191406 29.026336669921875 
54.51171112060547 26.98646354675293 27.37558364868164 28.035776138305664 28.42518424987793 28.333343505859375 27.864831924438477 28.203935623168945 35.384254455566406 27.551071166992188 28.058080673217773 28.43961524963379 28.180864334106445 27.623424530029297 27.21776008605957 28.057472229003906 
47.21273422241211 27.465503692626953 27.085535049438477 27.015104293823242 27.99942398071289 28.024127960205078 28.236064910888672 27.638240814208984 33.00281524658203 27.72991943359375 27.870176315307617 29.061599731445312 27.9355525970459 28.00668716430664 28.2192325592041 27.848352432250977 
48.247806549072266 27.471391677856445 27.07916831970215 28.21958351135254 28.736928939819336 27.754304885864258 28.54297637939453 29.244768142700195 36.65363311767578 28.107616424560547 28.48806381225586 27.58336067199707 28.148576736450195 27.88230323791504 28.345312118530273 27.66214370727539 
46.405982971191406 27.084800720214844 26.926368713378906 27.77801513671875 27.468223571777344 27.221439361572266 28.125215530395508 57.67715072631836 34.50998306274414 27.680320739746094 27.8753604888916 28.13884735107422 28.192895889282227 27.650175094604492 27.264543533325195 28.16966438293457 
47.29510498046875 27.469728469848633 27.508384704589844 27.26255989074707 27.716415405273438 27.622304916381836 28.2739200592041 29.511808395385742 34.424991607666016 27.417919158935547 27.444351196289062 28.206016540527344 28.22652816772461 27.58425521850586 27.945215225219727 28.350303649902344 
47.15327835083008 27.23174476623535 28.30726432800293 28.578655242919922 27.66739273071289 28.035615921020508 27.951040267944336 30.19398307800293 36.64259338378906 27.609439849853516 28.215423583984375 27.509279251098633 27.58448028564453 27.87343978881836 28.368480682373047 27.656383514404297 
45.166622161865234 27.426912307739258 27.114208221435547 28.38003158569336 28.14899253845215 28.30873680114746 28.024032592773438 27.45974349975586 35.172607421875 28.05241584777832 27.481536865234375 27.778623580932617 28.586912155151367 27.905311584472656 27.695743560791016 28.218624114990234 
46.19500732421875 27.436992645263672 27.325151443481445 27.791488647460938 28.12214469909668 27.807680130004883 28.288639068603516 28.081375122070312 32.23596954345703 27.737056732177734 28.511808395385742 28.217119216918945 27.998464584350586 27.534591674804688 28.260927200317383 28.099872589111328 
52.54399871826172 27.397920608520508 26.9847354888916 27.896127700805664 27.854175567626953 28.173120498657227 27.760671615600586 28.32044792175293 35.51990509033203 28.131744384765625 27.85523223876953 27.719615936279297 27.795360565185547 27.907264709472656 28.219072341918945 27.59401512145996 
47.46406555175781 26.997663497924805 28.199552536010742 28.067520141601562 27.975135803222656 28.0130558013916 27.549375534057617 31.38387107849121 35.599647521972656 27.612415313720703 28.3986873626709 27.76963233947754 28.006271362304688 28.060287475585938 28.00726318359375 27.94870376586914 
29.881824493408203 15.255040168762207 15.52070426940918 15.688096046447754 15.507455825805664 15.651776313781738 15.6909761428833 15.542943954467773 26.535808563232422 16.06505584716797 15.50153636932373 15.934111595153809 15.711551666259766 15.371744155883789 15.59763240814209 15.868927955627441 
27.87334442138672 15.333248138427734 15.28662395477295 15.317536354064941 15.46998405456543 15.471232414245605 15.463616371154785 15.564096450805664 21.28691291809082 16.349727630615234 15.740480422973633 15.535872459411621 16.26963233947754 16.00841522216797 15.622719764709473 16.153823852539062 
29.997087478637695 15.369791984558105 15.312607765197754 15.375103950500488 15.375167846679688 15.853856086730957 15.879584312438965 15.858816146850586 21.330495834350586 16.318815231323242 15.859999656677246 16.294111251831055 15.62019157409668 16.11347198486328 16.0479679107666 15.6659517288208 
27.84467124938965 15.28713607788086 15.296031951904297 15.27945613861084 15.570240020751953 15.533056259155273 15.527711868286133 15.531519889831543 19.30531120300293 16.308544158935547 15.634688377380371 15.438559532165527 15.950112342834473 15.72697639465332 15.636704444885254 16.142080307006836 
27.892032623291016 15.27286434173584 15.307135581970215 15.740096092224121 16.032928466796875 15.996895790100098 15.653535842895508 15.541407585144043 20.758560180664062 16.01158332824707 15.854911804199219 15.973919868469238 15.634176254272461 16.26313591003418 15.491904258728027 15.727328300476074 
27.94384002685547 15.319840431213379 15.336928367614746 15.736576080322266 15.856927871704102 15.863327980041504 15.694304466247559 15.658975601196289 17.723007202148438 16.586944580078125 16.119104385375977 15.838815689086914 16.35523223876953 15.765536308288574 15.96771240234375 15.602944374084473 
29.973983764648438 15.297760009765625 15.254495620727539 15.340864181518555 15.44979190826416 15.345760345458984 15.356608390808105 15.345503807067871 21.080415725708008 16.624128341674805 15.67574405670166 16.479488372802734 15.602592468261719 16.743167877197266 15.516960144042969 16.193344116210938 
27.86240005493164 15.244159698486328 15.32800006866455 15.289823532104492 15.638175964355469 15.704256057739258 15.690688133239746 15.78774356842041 20.67532730102539 16.506431579589844 15.5730562210083 16.070016860961914 15.708127975463867 16.691551208496094 15.601984024047852 16.44700813293457 
30.00604820251465 15.347871780395508 15.420160293579102 15.557727813720703 15.55078411102295 15.552063941955566 15.554944038391113 15.610624313354492 21.162559509277344 16.977312088012695 15.904671669006348 15.936927795410156 15.766912460327148 15.88316822052002 16.217119216918945 15.689279556274414 
27.845855712890625 15.275808334350586 15.286784172058105 15.306783676147461 15.332927703857422 15.359552383422852 15.396896362304688 15.2325439453125 20.535520553588867 16.39232063293457 15.631903648376465 15.862815856933594 15.460224151611328 15.505663871765137 15.63548755645752 15.754752159118652 
51.042945861816406 41.024513244628906 41.065696716308594 41.602142333984375 42.616127014160156 43.1014404296875 42.422752380371094 42.425537109375 47.03327941894531 40.78035354614258 40.96412658691406 40.93049621582031 40.86025619506836 40.96412658691406 41.29616165161133 41.09756851196289 
108.2824935913086 41.44297790527344 42.22431945800781 41.80908966064453 41.728736877441406 41.813697814941406 41.938560485839844 58.4788818359375 46.959903717041016 40.87535858154297 41.06819152832031 40.86457443237305 41.4439697265625 42.305503845214844 42.48390579223633 41.95552062988281 
91.57324981689453 41.990848541259766 42.63043212890625 42.88470458984375 41.92041778564453 41.81059265136719 41.40339279174805 41.80691146850586 46.373313903808594 40.98236846923828 40.93718338012695 41.214847564697266 41.463775634765625 41.237281799316406 41.69558334350586 41.36652755737305 
87.58992004394531 41.00352096557617 42.80588912963867 42.15526580810547 42.79897689819336 42.57081604003906 42.75503921508789 56.550750732421875 47.89388656616211 40.72553634643555 42.10220718383789 41.968257904052734 41.70159912109375 41.387264251708984 41.775550842285156 41.5599365234375 
66.99375915527344 41.59414291381836 42.2184944152832 42.46460723876953 41.73814392089844 41.70832061767578 42.67116928100586 70.43292999267578 48.42377471923828 40.98191833496094 41.164894104003906 40.963905334472656 41.55696105957031 40.994529724121094 41.48396682739258 41.65750503540039 
81.8121566772461 41.5513916015625 41.58259201049805 42.55855941772461 42.28355026245117 41.6453742980957 79.73065948486328 77.00841522216797 47.25414276123047 40.89097595214844 41.59427261352539 41.54249572753906 41.72300720214844 41.46035385131836 41.03263854980469 41.2215690612793 
68.71507263183594 41.73081588745117 43.10460662841797 42.95043182373047 42.26774215698242 42.10134506225586 42.397281646728516 41.40467071533203 49.30140686035156 40.58163070678711 41.840576171875 41.818016052246094 41.66502380371094 41.49750518798828 41.878273010253906 41.79759979248047 
82.45075225830078 40.825408935546875 43.657440185546875 43.050689697265625 41.8600959777832 42.24848175048828 42.536865234375 46.31039810180664 47.124385833740234 40.98944091796875 41.361854553222656 41.30860900878906 41.820960998535156 41.54131317138672 42.13999938964844 41.58406448364258 
115.81737518310547 42.711326599121094 42.088096618652344 42.54742431640625 42.119361877441406 42.63488006591797 41.930015563964844 49.92460632324219 48.741920471191406 40.94700622558594 41.04975891113281 41.04092788696289 41.41987228393555 41.53459167480469 42.150272369384766 41.67420959472656 
106.38694763183594 43.17695999145508 44.039390563964844 42.277374267578125 42.00310516357422 41.52320098876953 145.20947265625 40.537601470947266 47.37705612182617 40.9351692199707 41.15324783325195 40.9700813293457 40.897247314453125 40.83168029785156 41.10531234741211 40.76655960083008 
89.5798110961914 13.934080123901367 13.930144309997559 13.878335952758789 13.932671546936035 13.931232452392578 14.009087562561035 14.063136100769043 17.23142433166504 15.11622428894043 14.930624008178711 14.743136405944824 14.098560333251953 13.999520301818848 14.097087860107422 14.418047904968262 
14.617024421691895 14.116991996765137 14.11411190032959 14.261823654174805 14.484671592712402 14.320287704467773 14.370719909667969 14.463871955871582 17.56096076965332 15.683168411254883 14.334272384643555 14.373855590820312 14.538816452026367 14.2892484664917 14.93660831451416 14.747936248779297 
47.26345443725586 13.85977554321289 13.870944023132324 13.931008338928223 13.904864311218262 14.65833568572998 14.169983863830566 14.073792457580566 22.434528350830078 14.75046443939209 14.041888236999512 14.366880416870117 14.185600280761719 14.330368041992188 14.912192344665527 14.088895797729492 
14.713791847229004 14.387231826782227 14.232447624206543 14.251775741577148 14.407679557800293 14.58505630493164 14.372703552246094 14.260576248168945 16.968799591064453 16.431903839111328 14.770400047302246 15.226847648620605 14.731424331665039 14.306976318359375 14.25334358215332 14.672639846801758 
84.16105651855469 13.80998420715332 13.851072311401367 13.931903839111328 13.810976028442383 14.199104309082031 14.254624366760254 14.30361557006836 21.894752502441406 14.934528350830078 14.570303916931152 14.104127883911133 14.094816207885742 14.049568176269531 14.381855964660645 14.458592414855957 
14.962271690368652 14.376895904541016 14.30412769317627 14.392000198364258 14.424127578735352 14.267071723937988 14.403008460998535 14.374079704284668 15.664480209350586 15.324895858764648 14.299200057983398 14.225312232971191 14.551039695739746 14.769184112548828 15.630399703979492 14.903360366821289 
77.87126159667969 13.813759803771973 13.82585620880127 13.820799827575684 13.825920104980469 14.18892765045166 14.294143676757812 14.28217601776123 17.59075164794922 14.095904350280762 14.135775566101074 14.215071678161621 14.600319862365723 14.315008163452148 14.721471786499023 14.719103813171387 
15.00169563293457 14.281984329223633 14.290464401245117 14.20364761352539 14.337247848510742 14.399744033813477 14.463359832763672 14.489343643188477 16.66156768798828 15.095040321350098 14.551775932312012 15.082655906677246 14.650176048278809 14.361151695251465 14.281503677368164 14.445280075073242 
83.96985626220703 14.540960311889648 13.823840141296387 13.828255653381348 13.732640266418457 13.778304100036621 13.825407981872559 14.119903564453125 20.223487854003906 15.450943946838379 14.810272216796875 14.659168243408203 14.394623756408691 14.336447715759277 14.100031852722168 14.061280250549316 
14.498527526855469 14.102432250976562 14.112544059753418 14.158880233764648 14.143712043762207 14.16864013671875 14.353631973266602 14.38368034362793 17.345056533813477 15.373472213745117 14.798624038696289 15.26524829864502 14.266976356506348 14.409728050231934 14.34233570098877 14.994751930236816 
72.62258911132812 13.826592445373535 13.823200225830078 13.821311950683594 13.894880294799805 14.027423858642578 14.03651237487793 14.010944366455078 19.041088104248047 14.423199653625488 14.214336395263672 14.73846435546875 14.874336242675781 14.445823669433594 14.560799598693848 14.19644832611084 
14.53763198852539 14.358943939208984 14.438943862915039 14.51638412475586 14.320575714111328 14.339648246765137 14.29695987701416 14.240096092224121 17.006847381591797 14.402336120605469 14.260255813598633 14.781023979187012 14.613311767578125 15.24499225616455 14.849184036254883 14.279583930969238 
77.98265838623047 14.234975814819336 13.824064254760742 13.871520042419434 13.930335998535156 13.895872116088867 14.116191864013672 14.173343658447266 20.210912704467773 14.71123218536377 14.762240409851074 14.991168022155762 14.462528228759766 14.50921630859375 14.18825626373291 14.10431957244873 
14.556927680969238 14.121343612670898 14.114879608154297 14.251872062683105 14.131168365478516 14.229056358337402 14.271967887878418 14.341856002807617 16.73276710510254 15.633983612060547 14.570976257324219 14.311840057373047 15.0283842086792 14.698944091796875 14.434240341186523 14.426176071166992 
76.82288360595703 13.806624412536621 13.808511734008789 13.835807800292969 13.804863929748535 17.092479705810547 14.150655746459961 14.020895957946777 19.693344116210938 14.712639808654785 14.66262435913086 14.972512245178223 14.74614429473877 14.952735900878906 14.124383926391602 13.95689582824707 
14.435135841369629 14.095359802246094 14.315360069274902 14.472415924072266 14.24995231628418 14.283552169799805 14.328703880310059 14.378911972045898 16.268192291259766 15.284255981445312 15.064224243164062 14.70355224609375 14.199040412902832 14.371647834777832 14.608832359313965 15.038847923278809 
84.29539489746094 15.270976066589355 13.840895652770996 13.821311950683594 13.750399589538574 13.779264450073242 14.10694408416748 14.070207595825195 20.480928421020508 14.807392120361328 14.340096473693848 14.1527681350708 14.609536170959473 14.814144134521484 14.95206356048584 15.12604808807373 
14.756128311157227 14.33017635345459 14.214943885803223 14.185215950012207 14.237759590148926 14.337823867797852 14.43734359741211 14.316512107849121 15.334207534790039 14.989376068115234 14.713888168334961 14.30412769317627 15.400832176208496 14.588447570800781 14.254528045654297 14.290176391601562 
77.65116882324219 13.830528259277344 13.818816184997559 13.824352264404297 13.821344375610352 13.771552085876465 13.954879760742188 14.102592468261719 19.741151809692383 14.798848152160645 14.8536958694458 14.942432403564453 14.72646427154541 14.609984397888184 14.052639961242676 14.224255561828613 
14.487039566040039 14.203519821166992 14.17187213897705 14.174880027770996 14.157631874084473 14.205183982849121 14.389120101928711 14.434335708618164 14.508352279663086 15.213120460510254 15.034560203552246 14.674112319946289 14.691840171813965 14.394432067871094 15.062272071838379 14.862175941467285 
104.95597076416016 33.73574447631836 35.244991302490234 35.198463439941406 34.282752990722656 34.654624938964844 34.7061767578125 80.97372436523438 42.7426872253418 34.53459167480469 34.23814392089844 34.58028793334961 33.93209457397461 34.24348831176758 34.64748764038086 34.289825439453125 
71.6503677368164 33.86931228637695 35.413185119628906 36.38310241699219 34.98137664794922 34.74969482421875 34.81135940551758 73.58204650878906 42.48527908325195 34.10620880126953 34.17084884643555 33.97856140136719 34.110206604003906 33.996063232421875 36.0384635925293 34.21708679199219 
74.73062133789062 34.595359802246094 34.75766372680664 35.492862701416016 34.820865631103516 35.112510681152344 35.68844985961914 74.47650909423828 43.79420852661133 34.02592086791992 34.603553771972656 34.128353118896484 34.38969421386719 34.04608154296875 34.693119049072266 34.52524948120117 
76.2523193359375 33.68214416503906 35.60028839111328 35.682464599609375 34.65241622924805 34.72035217285156 35.40591812133789 73.57437133789062 42.647361755371094 35.42710494995117 34.004512786865234 35.2044792175293 34.35398483276367 34.221534729003906 34.22083282470703 33.98463821411133 
87.2576675415039 33.68230438232422 35.75689697265625 35.918785095214844 34.716800689697266 34.90265655517578 82.0018539428711 33.7432975769043 43.23788833618164 34.445953369140625 34.345985412597656 35.40140914916992 34.45564651489258 34.30284881591797 34.00291061401367 34.831966400146484 
73.07488250732422 33.84975814819336 34.481441497802734 34.92323303222656 35.007999420166016 34.33148956298828 33.961185455322266 85.546142578125 42.39846420288086 34.334686279296875 34.4510383605957 34.307838439941406 34.47196960449219 34.25299072265625 34.78432083129883 34.788543701171875 
80.07548522949219 33.93507385253906 35.485504150390625 35.007232666015625 34.77529525756836 34.669952392578125 35.56105422973633 73.0448989868164 41.737823486328125 34.27113723754883 34.46054458618164 35.03891372680664 34.077632904052734 34.645599365234375 34.73014450073242 34.240318298339844 
76.80521392822266 33.66294479370117 34.7487678527832 36.38652801513672 35.30166244506836 35.3059196472168 35.158206939697266 75.36339569091797 41.6258544921875 34.61568069458008 34.060672760009766 34.741249084472656 34.37558364868164 34.617855072021484 34.0629768371582 34.25398254394531 
90.6500473022461 33.889408111572266 34.94870376586914 35.78995132446289 35.467041015625 35.01164627075195 34.640254974365234 35.58659362792969 43.06876754760742 34.141056060791016 34.71644973754883 34.07414245605469 34.75987243652344 34.34345626831055 34.033729553222656 34.75948715209961 
69.44493103027344 33.853759765625 34.64070510864258 34.84543991088867 35.02790451049805 35.13068771362305 35.19462585449219 85.95433807373047 41.22623825073242 35.044097900390625 33.942047119140625 34.20492935180664 34.693824768066406 34.31951904296875 35.57855987548828 34.064449310302734 
75.6798095703125 18.981855392456055 18.999040603637695 19.588768005371094 19.616607666015625 19.730527877807617 19.976608276367188 19.88368034362793 26.861631393432617 19.942655563354492 20.431264877319336 19.849023818969727 19.834943771362305 20.175968170166016 19.613088607788086 19.56732749938965 
35.31391906738281 18.98303985595703 19.205951690673828 19.590944290161133 19.871200561523438 19.93471908569336 19.926048278808594 19.816383361816406 26.013792037963867 20.544607162475586 19.56764793395996 19.70319938659668 19.859359741210938 20.271520614624023 20.250303268432617 19.724031448364258 
36.34156799316406 18.987552642822266 19.006784439086914 19.15238380432129 19.579647064208984 19.607616424560547 19.534656524658203 19.578624725341797 23.268991470336914 19.671968460083008 19.384511947631836 19.70515251159668 19.521343231201172 20.484479904174805 19.550016403198242 19.788448333740234 
33.21100616455078 18.95804786682129 19.246591567993164 19.187456130981445 19.190143585205078 20.064544677734375 19.982847213745117 19.951520919799805 26.067136764526367 19.819360733032227 20.608448028564453 19.705791473388672 19.9036808013916 19.90540885925293 19.51535987854004 20.422271728515625 
36.370880126953125 19.030271530151367 19.316608428955078 19.572256088256836 19.85875129699707 19.913471221923828 19.93574333190918 19.920703887939453 24.766559600830078 20.36240005493164 19.69264030456543 19.9071044921875 19.51036834716797 21.10553550720215 20.668928146362305 19.912960052490234 
33.160640716552734 18.991872787475586 18.985599517822266 19.00364875793457 19.581663131713867 19.758207321166992 19.805503845214844 19.779584884643555 24.066591262817383 19.599679946899414 19.390880584716797 19.71766471862793 19.63577651977539 20.176767349243164 19.599103927612305 19.68435287475586 
35.33657455444336 18.996543884277344 19.022335052490234 19.058176040649414 19.04911994934082 19.278911590576172 19.308319091796875 19.326784133911133 25.889184951782227 19.585887908935547 19.435104370117188 19.35228729248047 19.788671493530273 19.3624324798584 19.49849510192871 19.5467529296875 
33.17580795288086 18.976543426513672 19.374271392822266 19.744287490844727 19.801631927490234 19.94144058227539 19.981151580810547 20.02556800842285 25.07574462890625 20.617279052734375 20.09974479675293 19.850719451904297 19.5731201171875 20.06870460510254 20.03868865966797 19.772159576416016 
45.76457595825195 19.01113510131836 19.018112182617188 19.324735641479492 19.285728454589844 19.592544555664062 19.154176712036133 19.22435188293457 24.202463150024414 19.98054313659668 19.504127502441406 19.610368728637695 19.85852813720703 19.772960662841797 19.61609649658203 19.53308868408203 
34.255584716796875 18.956832885742188 19.294719696044922 19.332319259643555 19.392799377441406 19.46460723876953 19.69558334350586 19.795520782470703 23.135839462280273 19.72604751586914 20.345823287963867 19.52681541442871 19.584447860717773 19.722688674926758 19.43903923034668 20.643840789794922 
53.13888168334961 23.996639251708984 24.62633514404297 24.844480514526367 24.8022403717041 24.649824142456055 24.869632720947266 24.9169921875 30.530271530151367 24.297279357910156 24.224224090576172 24.267520904541016 24.773344039916992 24.28678321838379 24.261728286743164 24.2891845703125 
43.66988754272461 23.781055450439453 23.876895904541016 24.387840270996094 24.150432586669922 24.223360061645508 25.178943634033203 24.992128372192383 31.246784210205078 24.467967987060547 24.216896057128906 24.07868766784668 24.222816467285156 24.360031127929688 24.480607986450195 24.305952072143555 
42.59222412109375 23.73961639404297 23.853567123413086 23.871007919311523 25.008384704589844 24.912864685058594 24.614879608154297 24.339616775512695 31.723840713500977 24.250368118286133 24.413888931274414 24.505983352661133 24.13692855834961 24.41632080078125 24.295488357543945 24.292831420898438 
41.58367919921875 23.736671447753906 24.032703399658203 24.040319442749023 24.42304039001465 25.280479431152344 25.17251205444336 24.49590492248535 29.34067153930664 24.167007446289062 24.576480865478516 24.42969512939453 24.42937660217285 24.202463150024414 24.248640060424805 24.576223373413086 
40.48387145996094 23.732128143310547 24.284543991088867 24.419008255004883 24.417695999145508 24.66979217529297 24.866111755371094 24.804927825927734 31.095584869384766 24.306720733642578 24.625471115112305 24.391616821289062 24.32489585876465 24.689311981201172 24.44108772277832 24.23366355895996 
41.56281661987305 23.751935958862305 23.749088287353516 24.05766487121582 25.186880111694336 24.86288070678711 24.25948715209961 25.504735946655273 29.02262306213379 24.117727279663086 24.201536178588867 24.24835205078125 24.28201675415039 24.26131248474121 24.57961654663086 24.30396842956543 
39.42118453979492 23.928192138671875 23.967456817626953 24.152511596679688 24.227903366088867 24.423519134521484 24.982847213745117 24.995040893554688 28.783679962158203 24.108800888061523 24.42336082458496 24.4968318939209 24.331584930419922 24.23516845703125 24.388608932495117 24.36172866821289 
39.443233489990234 23.75052833557129 23.74608039855957 24.887008666992188 25.022592544555664 24.756479263305664 24.272960662841797 24.740415573120117 28.777023315429688 24.30771255493164 24.348543167114258 24.370208740234375 24.446144104003906 25.816543579101562 24.159423828125 24.218015670776367 
43.66134262084961 23.779680252075195 23.78927993774414 25.141887664794922 25.362272262573242 25.071680068969727 24.262720108032227 24.984224319458008 31.337663650512695 25.206527709960938 24.315584182739258 24.59756851196289 24.068416595458984 24.50396728515625 24.466527938842773 24.256576538085938 
39.4288330078125 23.72163200378418 23.781471252441406 23.889951705932617 24.334688186645508 24.785280227661133 24.535968780517578 24.552480697631836 29.961824417114258 24.269567489624023 24.331615447998047 24.72972869873047 24.479551315307617 24.43561553955078 24.36345672607422 24.765663146972656 
31.423904418945312 20.116064071655273 20.505504608154297 20.665504455566406 21.080575942993164 21.08367919921875 21.001056671142578 21.043264389038086 26.463199615478516 20.496992111206055 20.53500747680664 20.484352111816406 20.62179183959961 20.972864151000977 21.272287368774414 21.451007843017578 
30.37766456604004 20.095487594604492 20.138784408569336 20.42313575744629 20.68294334411621 20.936384201049805 21.124000549316406 21.158687591552734 26.67625617980957 20.67830467224121 20.97715187072754 21.426591873168945 20.95020866394043 20.50364875793457 20.69286346435547 20.469247817993164 
32.461761474609375 20.09609603881836 20.335359573364258 20.688928604125977 20.8407039642334 21.072832107543945 21.006879806518555 20.76198387145996 24.049888610839844 20.45408058166504 20.729568481445312 21.180639266967773 21.678239822387695 20.644704818725586 20.483583450317383 20.584640502929688 
32.44617462158203 20.088319778442383 20.48793601989746 20.622623443603516 20.99523162841797 21.167232513427734 21.129344940185547 21.17616081237793 23.37980842590332 21.13279914855957 21.186912536621094 21.259584426879883 20.4998722076416 20.596736907958984 20.398624420166016 20.72960090637207 
31.430496215820312 20.111263275146484 20.097087860107422 20.346111297607422 20.499296188354492 20.947647094726562 21.03113555908203 21.395008087158203 25.4202880859375 20.57187271118164 20.533632278442383 20.590784072875977 20.888320922851562 21.01750373840332 21.07369613647461 21.138336181640625 
31.428064346313477 20.09539222717285 20.400928497314453 20.606752395629883 20.689472198486328 20.929088592529297 21.02137565612793 21.050912857055664 24.091712951660156 20.8056640625 20.661439895629883 20.72140884399414 20.998559951782227 20.435808181762695 20.520864486694336 20.424671173095703 
35.61686325073242 20.09231948852539 20.10755157470703 20.328224182128906 20.406944274902344 20.358623504638672 20.54630470275879 20.51433563232422 24.81171226501465 20.98588752746582 21.27030372619629 20.467552185058594 20.400575637817383 20.609567642211914 20.703264236450195 21.063135147094727 
31.41481590270996 20.131040573120117 20.1823673248291 20.386272430419922 20.494752883911133 20.613983154296875 21.09107208251953 21.2640323638916 25.42207908630371 20.9564151763916 21.079423904418945 20.982271194458008 20.50511932373047 20.586624145507812 20.765888214111328 20.427040100097656 
31.480192184448242 20.090848922729492 20.184255599975586 20.458208084106445 20.359039306640625 20.370655059814453 20.390783309936523 20.36966323852539 25.43289566040039 20.76268768310547 21.207775115966797 21.185279846191406 20.62704086303711 20.54128074645996 20.57695960998535 20.578367233276367 
30.346208572387695 20.110111236572266 20.331647872924805 20.617599487304688 20.67078399658203 20.921024322509766 21.013120651245117 20.92950439453125 22.085952758789062 21.019744873046875 20.630271911621094 20.756479263305664 20.43302345275879 20.633312225341797 20.960800170898438 21.10028839111328 
30.107839584350586 18.473791122436523 18.496543884277344 18.5183048248291 18.473920822143555 18.919872283935547 18.964351654052734 19.021312713623047 30.54630470275879 18.872224807739258 19.124319076538086 19.134687423706055 19.385215759277344 19.048416137695312 19.13488006591797 18.822111129760742 
36.408382415771484 18.452543258666992 18.66339111328125 18.861984252929688 18.96054458618164 19.00115203857422 19.0183048248291 19.00035285949707 21.66396713256836 19.01055908203125 19.00614356994629 19.323936462402344 18.864288330078125 19.086368560791016 18.759103775024414 18.4899845123291 
40.602176666259766 18.51628875732422 18.844768524169922 18.92131233215332 19.236831665039062 19.429983139038086 19.032703399658203 19.08665657043457 23.96691131591797 19.19603157043457 18.780000686645508 18.96076774597168 19.4201602935791 19.16486358642578 19.145183563232422 19.180992126464844 
37.44364929199219 18.430559158325195 18.75916862487793 19.19081687927246 19.37494468688965 19.49519920349121 19.39366340637207 19.415584564208984 22.914751052856445 19.042015075683594 19.287424087524414 19.428735733032227 18.994720458984375 18.79523277282715 19.065631866455078 19.10643196105957 
37.46268844604492 18.478464126586914 18.479808807373047 18.82524871826172 18.860992431640625 18.831552505493164 18.849632263183594 18.77350425720215 24.267839431762695 19.07107162475586 19.15888023376465 18.98534393310547 19.101696014404297 18.957216262817383 18.840063095092773 18.830080032348633 
37.49379348754883 18.49203109741211 18.466976165771484 18.600255966186523 18.981056213378906 18.98089599609375 19.026111602783203 19.0914249420166 18.97929573059082 19.13350486755371 19.06003189086914 19.43609619140625 18.980575561523438 18.937152862548828 18.76633644104004 18.989791870117188 
35.3737907409668 18.46998405456543 18.47430419921875 18.72809600830078 18.853376388549805 18.896671295166016 18.966047286987305 19.143295288085938 24.428255081176758 19.091520309448242 18.883424758911133 18.899072647094727 18.773855209350586 18.928512573242188 18.802207946777344 19.045536041259766 
38.5549430847168 18.54105567932129 18.756927490234375 19.020767211914062 19.083776473999023 19.04172706604004 19.567808151245117 19.811872482299805 23.04096031188965 19.722272872924805 19.113311767578125 18.83990478515625 19.05401611328125 19.007007598876953 19.310272216796875 19.033632278442383 
58.45487976074219 18.504287719726562 18.490367889404297 19.22902488708496 19.74380874633789 19.935359954833984 19.941503524780273 19.94281578063965 24.166528701782227 19.096864700317383 19.76028823852539 18.787391662597656 18.82329559326172 19.262176513671875 19.261728286743164 19.811519622802734 
38.49593734741211 18.43657684326172 18.640544891357422 18.764192581176758 18.786527633666992 18.829696655273438 18.82713508605957 18.757951736450195 24.17532730102539 19.41766357421875 19.154272079467773 18.943872451782227 19.035423278808594 18.902912139892578 19.04207992553711 18.921823501586914 
49.015968322753906 29.397663116455078 29.332767486572266 29.64806365966797 30.051040649414062 29.50217628479004 29.746368408203125 29.14681625366211 33.01078414916992 29.144895553588867 29.0948486328125 29.1276798248291 29.388992309570312 29.79804801940918 29.52979278564453 29.954975128173828 
49.040096282958984 28.97977638244629 29.860319137573242 29.69081687927246 29.8239688873291 29.606304168701172 29.980735778808594 31.578975677490234 35.22819137573242 29.605375289916992 29.63091278076172 29.755807876586914 28.77302360534668 29.53811264038086 29.434463500976562 29.715200424194336 
50.14246368408203 29.16035270690918 28.715007781982422 29.249311447143555 29.340351104736328 30.1167049407959 29.73993682861328 29.049087524414062 32.64332962036133 29.02012825012207 29.93062400817871 29.506879806518555 30.272512435913086 29.613248825073242 29.617504119873047 29.181535720825195 
47.08732986450195 28.44060707092285 28.923200607299805 29.97929573059082 30.23948860168457 30.264320373535156 29.634016036987305 30.007104873657227 34.238494873046875 29.4486083984375 29.098880767822266 29.175519943237305 29.202272415161133 31.378591537475586 28.713056564331055 29.849504470825195 
48.334110260009766 28.779680252075195 28.858144760131836 29.878751754760742 29.67475128173828 30.043071746826172 30.334047317504883 29.797311782836914 34.64825439453125 29.472639083862305 29.190784454345703 29.721248626708984 29.76300811767578 30.08755111694336 29.445280075073242 29.256671905517578 
45.865150451660156 28.719520568847656 28.862815856933594 29.38230323791504 29.611135482788086 29.964576721191406 29.940288543701172 30.311744689941406 33.36796951293945 29.634784698486328 29.639999389648438 30.069664001464844 29.61574363708496 29.585023880004883 29.561471939086914 29.605663299560547 
50.02207946777344 28.95680046081543 28.721023559570312 28.955711364746094 29.878047943115234 29.972000122070312 29.980928421020508 33.05244827270508 32.8770866394043 29.66524887084961 29.040672302246094 29.303775787353516 29.459999084472656 32.48396682739258 28.790496826171875 29.893056869506836 
44.86262512207031 28.926015853881836 28.852384567260742 29.58483123779297 29.601184844970703 29.884992599487305 29.672351837158203 29.86195182800293 33.19286346435547 28.802560806274414 29.41641616821289 29.161983489990234 29.678367614746094 29.08937644958496 29.89449691772461 29.481792449951172 
48.200416564941406 29.266239166259766 29.118656158447266 29.526016235351562 29.73993682861328 30.01046371459961 29.8308162689209 31.452224731445312 33.694976806640625 29.05740737915039 29.676416397094727 29.379487991333008 30.00771141052246 28.730239868164062 29.942495346069336 29.139551162719727 
47.100704193115234 29.12073516845703 29.443872451782227 29.406688690185547 29.738176345825195 29.137727737426758 29.836320877075195 29.17840003967285 35.81516647338867 29.492319107055664 28.97648048400879 29.114303588867188 29.45974349975586 31.389663696289062 29.54960060119629 30.01363182067871 
41.665889739990234 24.630624771118164 22.81772804260254 22.64352035522461 22.934080123901367 23.548736572265625 23.73369598388672 23.459999084472656 29.78233528137207 22.877119064331055 23.09984016418457 23.140575408935547 23.094303131103516 23.25369644165039 23.74617576599121 23.441120147705078 
40.65475082397461 22.50214385986328 22.526752471923828 22.768159866333008 23.05027198791504 23.529024124145508 23.81737518310547 23.4006404876709 25.5350399017334 23.044191360473633 23.146623611450195 22.732927322387695 23.674623489379883 23.020864486694336 23.15065574645996 23.348255157470703 
38.537086486816406 22.534879684448242 23.161439895629883 23.35500717163086 23.342079162597656 23.088319778442383 22.930208206176758 23.078208923339844 30.223360061645508 23.076255798339844 23.284992218017578 22.952064514160156 23.497631072998047 23.08083152770996 23.664640426635742 23.12393569946289 
38.514305114746094 22.50227165222168 23.08812713623047 23.35318374633789 23.15235137939453 23.193471908569336 23.2326717376709 108.49488067626953 28.437824249267578 23.385759353637695 23.01193618774414 23.16476821899414 23.34864044189453 23.313440322875977 23.054912567138672 23.04470443725586 
38.54876708984375 22.54102325439453 22.869216918945312 23.32908821105957 23.11676788330078 22.88924789428711 23.005695343017578 23.79782485961914 28.250240325927734 22.999008178710938 23.27187156677246 22.944639205932617 23.437824249267578 22.922271728515625 23.887392044067383 23.042112350463867 
40.66128158569336 22.510879516601562 22.677536010742188 22.705856323242188 22.777503967285156 23.924768447875977 23.933664321899414 23.7391357421875 29.98566436767578 23.005311965942383 22.896575927734375 23.076223373413086 23.369600296020508 23.275615692138672 23.164127349853516 23.781280517578125 
38.57596969604492 22.55379295349121 22.65497589111328 23.091487884521484 23.06537628173828 22.927072525024414 22.88412857055664 23.76857566833496 31.356544494628906 23.331104278564453 23.1779842376709 22.964704513549805 23.350688934326172 23.14918327331543 24.071744918823242 22.9553279876709 
41.72169494628906 22.47020721435547 22.516735076904297 22.886943817138672 23.599712371826172 23.832000732421875 23.35251235961914 23.07676887512207 31.96169662475586 23.35759925842285 23.055360794067383 24.023616790771484 23.0696964263916 23.081632614135742 23.00204849243164 24.744287490844727 
40.65264129638672 22.506847381591797 22.51036834716797 22.857887268066406 24.20787239074707 24.374208450317383 23.784608840942383 23.43622398376465 27.35932731628418 23.058368682861328 23.030975341796875 23.192607879638672 23.800575256347656 23.44806480407715 23.04422378540039 23.173311233520508 
40.61494445800781 22.489023208618164 22.88912010192871 23.158720016479492 23.214784622192383 23.00704002380371 23.007648468017578 23.679391860961914 32.677982330322266 23.055519104003906 23.046527862548828 23.168607711791992 23.101791381835938 23.300960540771484 23.29100799560547 23.4880313873291 
40.15116882324219 21.590463638305664 21.638431549072266 21.84275245666504 22.866079330444336 22.89094352722168 22.843616485595703 22.625471115112305 31.150239944458008 22.55718421936035 22.36128044128418 23.225631713867188 22.214048385620117 22.698688507080078 22.52684783935547 21.873023986816406 
45.518272399902344 21.727872848510742 21.71343994140625 22.391456604003906 22.411008834838867 22.31715202331543 21.933088302612305 21.952287673950195 27.22127914428711 22.304960250854492 22.671039581298828 22.45631980895996 22.014751434326172 23.018783569335938 22.317119598388672 22.451904296875 
53.85558319091797 21.671552658081055 21.99113655090332 22.093631744384766 22.102079391479492 22.215103149414062 22.093568801879883 22.100223541259766 31.917152404785156 22.38528060913086 22.090816497802734 23.10108757019043 22.305728912353516 21.86569595336914 22.378368377685547 22.26896095275879 
46.513633728027344 21.649887084960938 21.602527618408203 21.789695739746094 22.042560577392578 22.380447387695312 22.840896606445312 22.975040435791016 31.006240844726562 22.408672332763672 22.652416229248047 23.155136108398438 22.31612777709961 22.865760803222656 22.295007705688477 22.767295837402344 
45.435935974121094 21.673887252807617 21.687679290771484 21.620704650878906 21.731487274169922 21.825952529907227 22.638591766357422 23.165279388427734 29.44937515258789 22.306528091430664 22.628063201904297 23.399967193603516 22.583263397216797 22.788095474243164 22.648672103881836 22.68716812133789 
43.36489486694336 21.738719940185547 21.613855361938477 21.628896713256836 21.948448181152344 22.034624099731445 22.20524787902832 22.400415420532227 28.10063934326172 22.57548713684082 22.37811279296875 22.797183990478516 22.546720504760742 22.28291130065918 22.672128677368164 22.27564811706543 
42.312320709228516 21.5798397064209 21.60361671447754 21.717599868774414 22.395296096801758 22.9102725982666 22.815967559814453 22.741600036621094 26.692415237426758 22.7589111328125 22.54649543762207 22.374975204467773 22.496896743774414 22.503616333007812 22.579328536987305 22.62646484375 
42.37059020996094 21.784191131591797 22.620223999023438 23.083711624145508 23.03107261657715 22.775680541992188 22.413759231567383 22.01251220703125 28.266464233398438 22.218719482421875 22.854496002197266 22.58950424194336 22.180095672607422 23.21718406677246 22.31007957458496 22.588224411010742 
45.5239372253418 21.65894317626953 22.300640106201172 22.53059196472168 22.663040161132812 22.613279342651367 22.339231491088867 86.50409698486328 29.601184844970703 22.149343490600586 23.490528106689453 22.234848022460938 23.03308868408203 22.739328384399414 22.420223236083984 22.712095260620117 
45.49516677856445 21.70150375366211 21.664384841918945 21.909120559692383 23.01148796081543 22.896160125732422 22.777280807495117 22.455968856811523 29.532896041870117 22.602880477905273 22.526399612426758 22.684288024902344 22.441503524780273 22.504575729370117 22.573728561401367 22.167871475219727 
45.87196731567383 22.4749755859375 22.86252784729004 22.87798309326172 23.01763153076172 23.031360626220703 23.810720443725586 23.893056869506836 27.65657615661621 23.02195167541504 22.880128860473633 23.193023681640625 22.858911514282227 22.945823669433594 22.826143264770508 23.10540771484375 
38.52134323120117 22.360671997070312 22.40323257446289 23.033824920654297 23.235584259033203 23.285791397094727 22.927295684814453 23.623807907104492 28.73369598388672 22.877792358398438 23.2007999420166 22.85968017578125 23.131103515625 22.959135055541992 23.175039291381836 22.80124855041504 
39.601951599121094 22.410207748413086 22.46067237854004 22.57472038269043 23.48793601989746 23.85331153869629 23.532896041870117 23.326847076416016 27.724159240722656 23.051328659057617 23.119903564453125 22.98793601989746 23.02841567993164 23.356191635131836 23.149791717529297 22.941375732421875 
38.51264190673828 22.39401626586914 22.695232391357422 22.671520233154297 22.697023391723633 22.823328018188477 22.863679885864258 23.597919464111328 33.66716766357422 22.867008209228516 22.651744842529297 23.181087493896484 22.932159423828125 22.993824005126953 22.74790382385254 23.55615997314453 
61.65516662597656 22.43561553955078 22.38719940185547 22.467424392700195 22.77168083190918 23.766687393188477 24.029760360717773 23.650432586669922 28.176864624023438 22.974048614501953 23.02979278564453 22.879968643188477 23.211584091186523 23.270463943481445 22.810495376586914 23.22617530822754 
41.674560546875 22.389087677001953 23.09334373474121 23.486848831176758 23.368288040161133 23.17136001586914 22.84819221496582 22.748767852783203 27.973247528076172 23.352703094482422 22.87049674987793 22.971744537353516 22.78563117980957 22.966751098632812 22.796703338623047 23.271648406982422 
37.44819259643555 22.4006404876709 22.387359619140625 23.33647918701172 23.665056228637695 23.4083194732666 23.32758331298828 23.10406494140625 27.6549129486084 23.242591857910156 22.763519287109375 23.1976318359375 22.8703670501709 23.019935607910156 23.160320281982422 22.86835289001465 
65.84998321533203 22.40595245361328 22.382783889770508 22.524831771850586 22.537311553955078 23.441152572631836 23.508544921875 23.513439178466797 26.798240661621094 22.980031967163086 23.063615798950195 23.14963150024414 23.29043197631836 23.54902458190918 22.927391052246094 22.569599151611328 
38.545536041259766 22.444223403930664 22.619935989379883 22.6243839263916 22.733983993530273 23.762943267822266 23.982816696166992 23.670400619506836 26.936927795410156 22.952192306518555 22.898271560668945 23.404640197753906 23.100704193115234 23.87353515625 22.989791870117188 23.122495651245117 
38.50579071044922 22.363679885864258 22.565759658813477 22.779264450073242 22.804832458496094 22.815776824951172 23.130176544189453 23.77471923828125 27.537952423095703 23.0850887298584 22.73744010925293 23.075103759765625 22.907264709472656 23.551359176635742 23.061599731445312 23.142208099365234 
39.68038558959961 29.8353271484375 22.36172866821289 22.128000259399414 22.106719970703125 52.59395217895508 24.17011260986328 22.159103393554688 28.449695587158203 14.581472396850586 14.62384033203125 15.383456230163574 26.23027229309082 14.790752410888672 15.043647766113281 14.630304336547852 
17.104799270629883 16.08780860900879 15.960512161254883 16.076160430908203 16.293920516967773 16.340320587158203 16.383264541625977 16.204160690307617 19.634624481201172 16.922271728515625 16.000736236572266 16.155359268188477 16.22537612915039 16.59004783630371 16.1977596282959 16.83523178100586 
106.87439727783203 22.6727352142334 22.17318344116211 22.24131202697754 23.01238441467285 22.158496856689453 22.129375457763672 22.08572769165039 27.22972869873047 15.053215980529785 14.619584083557129 14.845151901245117 15.087615966796875 14.560128211975098 14.79526424407959 14.878303527832031 
16.447328567504883 15.75391960144043 15.81935977935791 15.943936347961426 16.229055404663086 16.128032684326172 16.062591552734375 16.673248291015625 19.087839126586914 16.888704299926758 16.136991500854492 16.316959381103516 15.924063682556152 16.435487747192383 16.784000396728516 16.136991500854492 
61.72111892700195 22.737791061401367 23.164735794067383 22.100351333618164 22.10598373413086 22.328927993774414 22.968767166137695 22.164512634277344 24.29033660888672 14.711039543151855 15.019904136657715 14.549535751342773 15.069567680358887 15.151071548461914 15.200927734375 15.131072044372559 
16.735807418823242 16.046783447265625 15.928832054138184 15.946271896362305 16.150527954101562 16.31987190246582 16.24457550048828 16.215232849121094 19.843679428100586 17.398944854736328 16.751232147216797 15.995840072631836 16.348255157470703 16.42304039001465 16.316320419311523 16.297983169555664 
38.656734466552734 22.682592391967773 22.142879486083984 23.1727352142334 22.152191162109375 22.095327377319336 22.27027130126953 24.09561538696289 28.502784729003906 14.972960472106934 15.1014404296875 14.551263809204102 14.931232452392578 15.462944030761719 14.8405122756958 14.747103691101074 
16.773120880126953 16.163135528564453 15.991744041442871 16.237567901611328 16.316287994384766 16.359968185424805 16.26268768310547 16.105215072631836 18.8635196685791 17.113632202148438 16.323200225830078 16.489152908325195 16.050495147705078 16.62508773803711 16.308927536010742 17.131040573120117 
113.13859558105469 23.745983123779297 22.12259292602539 22.31769561767578 23.011743545532227 22.130048751831055 22.100255966186523 22.090688705444336 26.129472732543945 15.395263671875 14.695039749145508 15.034272193908691 15.390463829040527 14.769791603088379 14.62707233428955 14.72339153289795 
17.444480895996094 16.230527877807617 16.14838409423828 16.071168899536133 16.131807327270508 16.256799697875977 16.455263137817383 16.463552474975586 18.970048904418945 16.701984405517578 16.781024932861328 16.466079711914062 16.218847274780273 16.01968002319336 16.766847610473633 15.9169921875 
47.03750228881836 23.746015548706055 22.147520065307617 23.166015625 22.08415985107422 22.140159606933594 22.32828712463379 23.00271987915039 28.705215454101562 14.491168022155762 15.08886432647705 15.448800086975098 14.7008638381958 14.685471534729004 14.819808006286621 14.601311683654785 
17.21321678161621 16.572927474975586 16.440319061279297 16.364320755004883 16.157184600830078 15.92915153503418 15.924768447875977 16.12563133239746 16.33660888671875 16.522815704345703 16.878944396972656 16.339519500732422 16.6378231048584 16.03539276123047 16.77177619934082 15.985407829284668 
54.40073776245117 22.676191329956055 23.180864334106445 22.102752685546875 22.14575958251953 22.193344116210938 23.147647857666016 23.176767349243164 28.368831634521484 14.56611156463623 15.361984252929688 15.158687591552734 14.51807975769043 14.833663940429688 15.307007789611816 15.512639999389648 
16.859968185424805 16.06243133544922 15.981184005737305 15.948512077331543 16.201759338378906 15.997023582458496 16.182048797607422 16.17043113708496 19.523168563842773 17.0894718170166 16.254976272583008 16.64316749572754 16.126623153686523 16.83910369873047 16.421695709228516 16.84864044189453 
110.000732421875 22.70569610595703 22.143808364868164 22.236831665039062 23.06470489501953 22.10188865661621 22.155807495117188 22.1046085357666 26.048864364624023 15.170304298400879 15.134623527526855 14.79366397857666 15.169280052185059 15.266176223754883 15.154111862182617 14.7456636428833 
16.897151947021484 16.056575775146484 16.069087982177734 15.964960098266602 16.085952758789062 16.07436752319336 16.09164810180664 16.159040451049805 17.732576370239258 16.527936935424805 16.16864013671875 16.802143096923828 16.213855743408203 16.6691837310791 16.325952529907227 16.525440216064453 
37.565887451171875 23.77948760986328 22.104032516479492 23.131935119628906 22.162080764770508 22.109695434570312 22.320383071899414 23.020320892333984 29.143936157226562 14.979968070983887 15.488224029541016 14.711711883544922 14.691264152526855 15.024031639099121 15.156895637512207 15.039487838745117 
16.603744506835938 15.96230411529541 15.953536033630371 16.211904525756836 16.33135986328125 16.360576629638672 16.140928268432617 16.02992057800293 18.46361541748047 16.79408073425293 16.31216049194336 16.124736785888672 16.142080307006836 17.03865623474121 16.208576202392578 16.785215377807617 
39.76233673095703 22.660127639770508 22.168672561645508 22.093536376953125 22.080032348632812 22.111839294433594 22.16160011291504 23.290752410888672 31.053760528564453 14.456352233886719 14.74294376373291 14.70035171508789 15.321503639221191 14.686016082763672 15.175968170166016 15.155488014221191 
17.006080627441406 16.196319580078125 16.109312057495117 15.97276782989502 15.855968475341797 15.995295524597168 16.050207138061523 16.20342445373535 19.699520111083984 16.627519607543945 15.942975997924805 16.031776428222656 16.569631576538086 16.489856719970703 16.275104522705078 16.294336318969727 
186.91282653808594 28.386463165283203 27.385568618774414 27.330303192138672 20.17420768737793 19.837024688720703 19.968704223632812 20.3940486907959 29.40006446838379 21.610815048217773 20.208383560180664 20.20582389831543 20.25702476501465 20.405471801757812 20.603776931762695 20.71004867553711 
44.092830657958984 28.421920776367188 27.407007217407227 119.336669921875 27.745439529418945 28.374143600463867 20.125823974609375 19.858816146850586 27.31350326538086 20.199968338012695 20.445632934570312 20.693727493286133 21.122528076171875 20.12678337097168 20.116512298583984 20.161951065063477 
44.13248062133789 28.416959762573242 28.44153594970703 122.44886779785156 27.817792892456055 28.288127899169922 20.252479553222656 20.125408172607422 27.684959411621094 20.909343719482422 20.21651268005371 21.25775909423828 20.153024673461914 20.068159103393555 20.176607131958008 20.1549129486084 
44.06889724731445 32.70844650268555 28.357376098632812 124.00128173828125 28.370655059814453 23.9050235748291 19.71504020690918 20.158912658691406 28.26076889038086 20.102783203125 19.99228858947754 20.26527976989746 20.074111938476562 19.983552932739258 20.034143447875977 20.245664596557617 
44.07279968261719 30.5633602142334 28.439552307128906 130.20407104492188 28.381439208984375 21.036672592163086 19.53228759765625 20.889408111572266 28.032960891723633 19.924575805664062 20.100831985473633 20.282880783081055 24.060768127441406 20.606239318847656 20.456159591674805 20.766559600830078 
44.0503044128418 27.418399810791016 28.410335540771484 29.466655731201172 108.1593246459961 28.50169563293457 21.13520050048828 19.592960357666016 27.110815048217773 19.917375564575195 20.07084846496582 20.1147518157959 20.2609920501709 20.299072265625 20.20569610595703 20.90323257446289 
44.08707046508789 27.40323257446289 28.425472259521484 28.445375442504883 109.18406677246094 27.366687774658203 21.65398406982422 19.863616943359375 28.499935150146484 20.433439254760742 20.048959732055664 19.998783111572266 20.135936737060547 20.017728805541992 20.103103637695312 20.275583267211914 
44.10675048828125 28.414783477783203 27.535423278808594 28.342144012451172 114.45081329345703 28.357311248779297 20.435104370117188 19.78665542602539 27.12393569946289 20.49091148376465 20.413856506347656 20.647775650024414 20.436159133911133 20.03708839416504 20.046207427978516 20.033151626586914 
45.112545013427734 27.431007385253906 28.416351318359375 120.40332794189453 27.70582389831543 27.352895736694336 20.198495864868164 19.654176712036133 29.263456344604492 20.121728897094727 20.369312286376953 20.56812858581543 20.73436737060547 21.078720092773438 20.264448165893555 20.153568267822266 
44.1195182800293 28.45510482788086 28.380191802978516 120.43389129638672 27.739904403686523 28.36092758178711 20.260576248168945 19.635679244995117 26.93596839904785 20.14316749572754 20.446847915649414 20.546335220336914 21.282207489013672 20.505247116088867 20.11075210571289 20.031871795654297 
29.830015182495117 13.8951997756958 13.926688194274902 37.7591667175293 13.997664451599121 16.467327117919922 14.004704475402832 13.96617603302002 21.36275291442871 14.532575607299805 14.15180778503418 14.198335647583008 14.680704116821289 14.466527938842773 15.019136428833008 15.143872261047363 
17.55299186706543 16.907424926757812 17.017248153686523 17.01590347290039 17.275968551635742 17.205503463745117 17.146623611450195 17.10483169555664 21.277536392211914 17.469280242919922 17.19059181213379 17.29724884033203 17.206815719604492 17.18739128112793 17.489919662475586 17.208831787109375 
71.40099334716797 13.894720077514648 13.904000282287598 13.906720161437988 13.923583984375 13.915360450744629 14.03996753692627 14.135231971740723 18.73174476623535 14.37228775024414 14.174880027770996 14.18620777130127 14.365823745727539 14.175071716308594 15.243391990661621 14.904928207397461 
17.364608764648438 17.230911254882812 17.181440353393555 17.403871536254883 17.49388885498047 17.247968673706055 17.204160690307617 17.059711456298828 21.36569595336914 17.67193603515625 17.287935256958008 17.57619285583496 17.240095138549805 17.29136085510254 17.302175521850586 17.161855697631836 
77.07103729248047 13.919808387756348 13.920543670654297 14.035072326660156 14.136704444885254 14.135775566101074 14.341504096984863 14.327648162841797 20.12668800354004 15.295136451721191 14.233856201171875 14.332639694213867 14.503680229187012 14.487839698791504 14.766336441040039 14.950016021728516 
17.651456832885742 17.279935836791992 17.357568740844727 17.36079978942871 17.29974365234375 17.286720275878906 17.295040130615234 17.31376075744629 18.28883171081543 19.013023376464844 17.420576095581055 17.564895629882812 17.313791275024414 16.993024826049805 17.38755226135254 17.310911178588867 
64.46102142333984 13.899807929992676 13.906271934509277 14.6627197265625 13.944671630859375 13.841952323913574 13.811776161193848 13.92307186126709 21.986848831176758 14.308480262756348 14.248576164245605 14.201055526733398 14.576224327087402 14.732768058776855 15.250080108642578 14.562335968017578 
17.25379180908203 17.146591186523438 17.21625518798828 17.41094398498535 17.44745635986328 17.221248626708984 16.99113655090332 17.039520263671875 21.253215789794922 17.701568603515625 17.146047592163086 17.3973445892334 17.191904067993164 17.16636848449707 17.072832107543945 17.190752029418945 
65.50816345214844 13.878527641296387 13.906880378723145 13.935199737548828 14.125311851501465 14.140095710754395 14.524064064025879 14.294624328613281 21.343616485595703 15.646431922912598 14.477343559265137 15.136735916137695 14.435999870300293 14.794560432434082 14.24067211151123 14.199775695800781 
17.2293758392334 16.93974494934082 16.981664657592773 17.29167938232422 17.301376342773438 17.40131187438965 17.50489616394043 17.236928939819336 18.37932777404785 17.839967727661133 17.571584701538086 17.57244873046875 17.243072509765625 17.759967803955078 17.451936721801758 17.273696899414062 
67.6247329711914 13.912256240844727 13.891679763793945 15.835007667541504 14.213088035583496 14.046976089477539 13.991968154907227 14.078847885131836 20.59427261352539 15.123040199279785 15.01478385925293 14.223679542541504 14.213695526123047 14.060256004333496 14.331199645996094 14.13379192352295 
17.627199172973633 17.32326316833496 17.138751983642578 17.03513526916504 17.06604766845703 16.98531150817871 17.30841636657715 17.644128799438477 19.180160522460938 17.655872344970703 17.054431915283203 17.308191299438477 17.461151123046875 17.28441619873047 17.649887084960938 17.485952377319336 
70.74447631835938 13.90067195892334 13.937215805053711 13.915103912353516 14.223360061645508 14.351776123046875 14.353983879089355 14.40278434753418 19.35536003112793 14.614656448364258 14.110176086425781 14.31875228881836 14.614751815795898 15.220416069030762 15.010751724243164 14.348383903503418 
17.25481605529785 16.97875213623047 16.94748878479004 16.903839111328125 17.361120223999023 17.104671478271484 17.11337661743164 17.17148780822754 20.209856033325195 17.75289535522461 17.316287994384766 17.290559768676758 17.49955177307129 17.564191818237305 17.249887466430664 17.48860740661621 
39.9136962890625 13.892127990722656 13.876959800720215 13.977824211120605 14.081472396850586 14.043583869934082 14.226847648620605 14.398847579956055 18.251455307006836 15.036864280700684 14.633055686950684 14.231776237487793 14.117888450622559 14.298720359802246 14.824416160583496 15.182623863220215 
17.65113639831543 17.30556869506836 17.228160858154297 17.2807674407959 17.22991943359375 17.001375198364258 17.128768920898438 17.20672035217285 19.482431411743164 17.784543991088867 17.501056671142578 17.085119247436523 17.24959945678711 17.623872756958008 17.485504150390625 17.377695083618164 
66.56851196289062 13.939552307128906 13.915103912353516 14.632063865661621 13.98419189453125 14.084927558898926 13.882495880126953 13.937472343444824 20.101247787475586 14.81766414642334 14.140576362609863 14.4684476852417 14.5797758102417 14.135168075561523 14.967583656311035 14.625215530395508 
17.425504684448242 17.14838409423828 17.108959197998047 17.26963233947754 17.309823989868164 17.27030372619629 17.192832946777344 16.978527069091797 20.674560546875 17.42630386352539 17.03081512451172 17.031455993652344 17.436351776123047 17.426048278808594 17.107135772705078 17.531776428222656 
69.29267120361328 13.897855758666992 13.886624336242676 13.901727676391602 13.970303535461426 13.920607566833496 14.334464073181152 14.289567947387695 20.152992248535156 14.769696235656738 14.219327926635742 14.395903587341309 14.961471557617188 14.94876766204834 14.945728302001953 15.130847930908203 
17.275775909423828 16.959104537963867 17.04310417175293 17.09654426574707 17.18057632446289 17.1343994140625 17.012928009033203 17.179359436035156 20.31862449645996 17.525728225708008 17.206815719604492 18.66524887084961 17.521215438842773 17.136127471923828 17.276031494140625 17.51024055480957 
91.12540435791016 29.819583892822266 29.891359329223633 30.598495483398438 30.26915168762207 30.43836784362793 31.524639129638672 30.73561668395996 36.81353759765625 30.542943954467773 31.221599578857422 30.757600784301758 30.380224227905273 31.7706241607666 32.023841857910156 31.443328857421875 
65.25456237792969 29.875648498535156 31.27084732055664 31.512479782104492 31.53081512451172 30.556671142578125 30.514976501464844 30.506591796875 37.63702392578125 31.18899154663086 31.082015991210938 30.901695251464844 31.795135498046875 31.620512008666992 31.53398323059082 30.654687881469727 
59.02211380004883 31.127647399902344 31.075103759765625 30.98627281188965 31.251680374145508 30.92959976196289 30.96735954284668 90.3025894165039 37.283905029296875 30.58358383178711 31.871519088745117 31.274015426635742 30.635072708129883 31.08768081665039 31.768064498901367 31.57472038269043 
65.43110656738281 29.90902328491211 31.674400329589844 31.998464584350586 31.760448455810547 30.98806381225586 31.243423461914062 30.31100845336914 36.480926513671875 30.61078453063965 31.155807495117188 31.12544059753418 31.078336715698242 30.477567672729492 30.946815490722656 31.193952560424805 
71.70642852783203 30.245920181274414 30.301952362060547 31.190399169921875 31.18953514099121 31.31865692138672 31.252288818359375 31.520896911621094 38.70585632324219 31.154783248901367 31.294591903686523 30.757919311523438 30.663551330566406 31.254175186157227 31.52342414855957 30.749792098999023 
65.32339477539062 29.91596794128418 31.296831130981445 31.163135528564453 31.139999389648438 31.307327270507812 31.122112274169922 30.515104293823242 36.54191970825195 30.853408813476562 30.427648544311523 31.05196762084961 31.32851219177246 30.48464012145996 30.626527786254883 31.568063735961914 
67.54637145996094 29.915935516357422 29.93235206604004 30.721248626708984 30.486080169677734 31.072511672973633 31.5130558013916 31.702720642089844 40.68854522705078 30.985088348388672 30.54684829711914 31.25644874572754 31.21356773376465 31.03436851501465 30.624479293823242 30.656768798828125 
74.91350555419922 30.19491195678711 30.96883201599121 31.447744369506836 31.275968551635742 31.595808029174805 30.886560440063477 77.87820434570312 38.00495910644531 30.593887329101562 31.689472198486328 30.36809539794922 30.463232040405273 31.216928482055664 31.609567642211914 30.97612762451172 
69.61167907714844 30.882944107055664 31.072160720825195 31.054880142211914 30.86284828186035 30.34819221496582 30.5020809173584 31.599327087402344 38.59503936767578 30.4366397857666 31.215007781982422 31.274751663208008 30.64179229736328 30.512287139892578 31.329343795776367 32.0777587890625 
68.34323120117188 30.32748794555664 30.284927368164062 30.247039794921875 30.608448028564453 31.568992614746094 31.020767211914062 30.816768646240234 38.15296173095703 30.57516860961914 31.266847610473633 31.867551803588867 30.432767868041992 30.81292724609375 31.26246452331543 31.331968307495117 
54.11782455444336 15.418208122253418 15.421440124511719 15.7957124710083 15.892000198364258 15.977151870727539 16.022783279418945 15.982720375061035 17.728160858154297 15.617024421691895 16.284128189086914 15.82089614868164 16.088512420654297 16.44937515258789 15.93449592590332 16.552352905273438 
16.416032791137695 15.927040100097656 16.107072830200195 16.204959869384766 16.395776748657227 16.14588737487793 16.1779842376709 16.524831771850586 17.79302406311035 16.93657684326172 16.086528778076172 16.09324836730957 16.163103103637695 17.0479679107666 16.410720825195312 17.176319122314453 
40.376766204833984 15.415103912353516 15.416959762573242 15.4585599899292 15.505632400512695 15.943296432495117 16.11542320251465 16.005216598510742 19.375167846679688 16.885759353637695 15.825535774230957 17.062944412231445 16.053024291992188 17.12272071838379 15.608768463134766 16.51798439025879 
16.31603240966797 16.048799514770508 16.304704666137695 16.349407196044922 16.365888595581055 16.536096572875977 16.283967971801758 16.25811195373535 16.169567108154297 16.747135162353516 16.876575469970703 16.692224502563477 16.367616653442383 16.527488708496094 16.306943893432617 16.389087677001953 
77.02365112304688 15.380576133728027 15.449952125549316 15.5546236038208 15.555135726928711 15.60870361328125 15.72492790222168 15.755807876586914 19.725311279296875 15.702655792236328 16.112991333007812 15.72435188293457 16.070175170898438 16.186847686767578 16.179391860961914 16.361696243286133 
16.419647216796875 16.049983978271484 16.18716812133789 16.402015686035156 16.806495666503906 16.96406364440918 16.567903518676758 16.29599952697754 18.127424240112305 16.474336624145508 16.13337516784668 16.281471252441406 16.476640701293945 16.13350486755371 16.492576599121094 16.391071319580078 
75.00892639160156 15.39913558959961 15.417471885681152 15.387295722961426 15.74169635772705 15.763327598571777 15.773152351379395 16.129087448120117 19.91801643371582 16.242015838623047 16.016128540039062 16.03545570373535 16.30518341064453 15.833600044250488 16.57923126220703 15.668224334716797 
16.211807250976562 15.99084758758545 15.979104042053223 15.997599601745605 16.036544799804688 16.22979164123535 16.26790428161621 16.244064331054688 18.408639907836914 17.09836769104004 17.011808395385742 16.457120895385742 16.4638729095459 16.14793586730957 16.43395233154297 16.370080947875977 
80.16524505615234 15.376192092895508 15.408224105834961 15.585951805114746 15.93222427368164 16.097440719604492 16.118911743164062 16.03878402709961 20.480928421020508 16.348480224609375 16.12268829345703 16.175968170166016 16.10688018798828 16.133440017700195 16.539583206176758 15.587488174438477 
16.34943962097168 15.958911895751953 16.01139259338379 16.011104583740234 16.08095932006836 16.520992279052734 16.61871910095215 16.66579246520996 18.483327865600586 16.74185562133789 16.492704391479492 16.567007064819336 17.505535125732422 16.677536010742188 16.34172821044922 16.848896026611328 
87.62413024902344 15.421855926513672 15.422752380371094 15.442272186279297 15.700575828552246 15.63094425201416 15.66256046295166 15.7739839553833 20.552000045776367 16.847776412963867 16.126047134399414 15.803520202636719 16.0446720123291 16.343904495239258 15.80303955078125 15.776320457458496 
16.254335403442383 15.902688026428223 16.024415969848633 16.353151321411133 16.431743621826172 16.21990394592285 16.17078399658203 16.41881561279297 17.1592960357666 16.560895919799805 16.53331184387207 16.222463607788086 16.131359100341797 16.30419158935547 16.500415802001953 16.152639389038086 
85.40937805175781 15.380191802978516 15.373824119567871 15.466239929199219 15.779552459716797 15.711359977722168 15.942848205566406 15.993280410766602 18.86310386657715 16.17568016052246 15.87945556640625 16.297056198120117 15.831040382385254 16.311744689941406 15.789376258850098 15.969344139099121 
16.769535064697266 16.18332862854004 16.231168746948242 16.187583923339844 16.18899154663086 16.088544845581055 16.09097671508789 16.235456466674805 17.568511962890625 16.345151901245117 17.06118392944336 16.24723243713379 17.17545509338379 16.473215103149414 16.783935546875 16.581504821777344 
87.59942626953125 15.382240295410156 15.39846420288086 15.378080368041992 15.847904205322266 15.71008014678955 15.754560470581055 15.753087997436523 18.6856632232666 16.28598403930664 16.30918312072754 15.544159889221191 15.578144073486328 15.994400024414062 16.0598087310791 16.266271591186523 
16.436159133911133 16.01103973388672 15.959712028503418 16.132287979125977 16.497472763061523 16.770591735839844 16.444576263427734 16.19696044921875 17.006208419799805 16.907808303833008 16.052703857421875 16.904991149902344 16.051456451416016 16.915199279785156 16.31376075744629 16.2761287689209 
85.5098876953125 15.374848365783691 15.397503852844238 15.41750431060791 15.791423797607422 16.116512298583984 16.269920349121094 16.291072845458984 20.323551177978516 16.450464248657227 15.675359725952148 16.377727508544922 15.583231925964355 16.072416305541992 16.3351993560791 15.963295936584473 
16.515968322753906 16.384672164916992 16.4617919921875 16.321887969970703 16.279136657714844 16.259296417236328 16.24460792541504 16.488832473754883 18.080543518066406 16.409120559692383 16.52230453491211 16.119232177734375 16.571744918823242 16.342687606811523 16.699199676513672 16.15452766418457 
81.32169342041016 15.385536193847656 15.405695915222168 15.402751922607422 15.852800369262695 16.196191787719727 16.299104690551758 15.950271606445312 21.214143753051758 16.725311279296875 15.87279987335205 16.39788818359375 15.850175857543945 16.492000579833984 15.553567886352539 15.67728042602539 
16.443103790283203 16.144447326660156 16.08697509765625 16.394752502441406 16.271360397338867 16.127872467041016 16.346847534179688 16.530336380004883 18.5262393951416 16.776992797851562 16.24527931213379 16.66009521484375 16.281375885009766 16.61097526550293 16.2357120513916 16.499135971069336 
82.71270751953125 16.415935516357422 16.425920486450195 16.47088050842285 16.688127517700195 16.66057586669922 16.81020736694336 16.812192916870117 26.07200050354004 17.269567489624023 17.65827178955078 17.6014404296875 17.167423248291016 17.606592178344727 17.4150390625 17.65123176574707 
36.51670455932617 16.4583683013916 16.464448928833008 16.474720001220703 16.59382438659668 16.73504066467285 16.816864013671875 17.108671188354492 26.103551864624023 19.617855072021484 16.985279083251953 17.226335525512695 17.20128059387207 16.750112533569336 17.096576690673828 17.238975524902344 
37.59561538696289 16.470943450927734 16.50057601928711 16.493919372558594 16.515104293823242 17.670879364013672 17.075008392333984 17.06777572631836 22.90425682067871 17.063871383666992 17.7903995513916 16.994783401489258 17.375648498535156 17.26425552368164 16.919200897216797 17.707584381103516 
35.55039978027344 16.50761604309082 16.498336791992188 16.473440170288086 16.581344604492188 17.215167999267578 17.009056091308594 16.92972755432129 23.061695098876953 17.6680965423584 17.155744552612305 17.620223999023438 17.319744110107422 16.96895980834961 17.231359481811523 16.788448333740234 
34.47030258178711 16.50441551208496 16.516704559326172 16.86569595336914 17.174175262451172 17.343936920166016 16.976287841796875 16.836095809936523 23.584415435791016 17.615808486938477 17.226335525512695 17.562847137451172 17.27337646484375 17.0413761138916 17.397920608520508 16.866432189941406 
34.50543975830078 16.49772834777832 16.517919540405273 16.858047485351562 16.987167358398438 16.90928077697754 16.733440399169922 16.69718360900879 23.200096130371094 17.418176651000977 16.887615203857422 17.604576110839844 17.55516815185547 16.691776275634766 17.73731231689453 16.8002872467041 
35.526912689208984 16.507488250732422 16.502912521362305 16.579103469848633 16.79964828491211 16.784992218017578 16.766464233398438 16.837087631225586 23.853727340698242 17.544960021972656 17.201440811157227 17.670400619506836 17.144287109375 17.496448516845703 17.041919708251953 17.31657600402832 
36.591041564941406 16.498367309570312 16.555007934570312 16.607807159423828 16.613920211791992 16.735103607177734 16.719968795776367 16.70240020751953 23.964704513549805 17.58639907836914 17.0567684173584 17.622175216674805 17.243743896484375 17.256383895874023 17.226240158081055 17.24959945678711 
34.48780822753906 16.486495971679688 16.500288009643555 16.836671829223633 16.849952697753906 16.88982391357422 17.12985610961914 16.8874568939209 16.92678451538086 17.64575958251953 16.849119186401367 17.482080459594727 16.72502326965332 17.626272201538086 16.649951934814453 17.568735122680664 
36.552032470703125 16.502559661865234 16.77555274963379 17.068479537963867 17.03443145751953 17.076704025268555 17.34998321533203 17.242271423339844 24.137535095214844 17.380064010620117 17.248863220214844 17.4486083984375 17.2126407623291 17.98624038696289 17.240032196044922 17.136159896850586 
52.79212951660156 31.638656616210938 31.891103744506836 32.30537414550781 32.74470520019531 32.9444465637207 33.2498893737793 32.42505645751953 41.008766174316406 31.87059211730957 31.874399185180664 32.65785598754883 32.158782958984375 31.93497657775879 32.57923126220703 32.23023986816406 
51.81238555908203 32.25449752807617 31.740768432617188 32.24019241333008 32.63711929321289 32.269439697265625 32.70876693725586 33.06816101074219 39.77248001098633 32.039520263671875 31.799360275268555 32.00886535644531 32.04764938354492 31.93529510498047 32.28889465332031 32.29759979248047 
63.270687103271484 31.98396873474121 31.979583740234375 32.49532699584961 31.970111846923828 32.18697738647461 32.4136962890625 33.659969329833984 38.18851089477539 32.073951721191406 32.156959533691406 32.201568603515625 32.158111572265625 32.37606430053711 32.360225677490234 32.08784103393555 
57.886688232421875 31.263904571533203 32.356510162353516 32.31292724609375 32.884254455566406 32.70512008666992 32.164222717285156 32.747520446777344 41.63907241821289 31.812416076660156 31.940959930419922 31.990047454833984 31.849599838256836 32.17350387573242 32.48147201538086 32.218238830566406 
55.34316635131836 31.351072311401367 32.72198486328125 32.13276672363281 31.99951934814453 33.28691101074219 32.80412673950195 32.02345657348633 39.6446418762207 32.01670455932617 31.747392654418945 32.766719818115234 31.85366439819336 32.74214553833008 31.540800094604492 31.88425636291504 
61.27318572998047 31.299232482910156 32.00115203857422 33.214176177978516 33.203582763671875 32.74585723876953 32.4488639831543 32.482112884521484 36.59135818481445 31.88982391357422 32.12022399902344 32.235679626464844 32.06195068359375 32.495361328125 31.880352020263672 31.921375274658203 
86.42950439453125 31.320703506469727 32.28281784057617 32.91875076293945 32.64876937866211 32.048160552978516 32.653377532958984 32.43203353881836 40.61830520629883 31.85759925842285 31.77225685119629 31.840608596801758 31.826688766479492 31.80816078186035 31.766239166259766 31.83135986328125 
61.11977767944336 31.30284881591797 32.18364715576172 31.94326400756836 33.079681396484375 33.26502227783203 32.56537628173828 32.74563217163086 39.06719970703125 31.746496200561523 31.762144088745117 31.8701114654541 32.0536003112793 32.06131362915039 32.05766296386719 32.141822814941406 
63.48198318481445 32.04399871826172 32.030303955078125 33.361534118652344 33.4881591796875 32.47772979736328 33.223934173583984 32.530879974365234 38.70252990722656 31.804479598999023 31.765727996826172 31.856416702270508 31.818527221679688 32.00787353515625 32.00227355957031 32.030208587646484 
60.08982467651367 31.39967918395996 31.396608352661133 33.03081512451172 32.97507095336914 32.56275177001953 32.979393005371094 32.51744079589844 39.69990539550781 31.8272647857666 31.851295471191406 31.897567749023438 31.922271728515625 31.9117431640625 31.979936599731445 32.0928955078125 
45.91081619262695 17.72876739501953 17.738943099975586 17.96723175048828 17.926687240600586 17.871776580810547 18.08118438720703 18.165279388427734 25.148448944091797 18.40073585510254 18.842784881591797 18.53436851501465 17.953567504882812 18.458240509033203 19.166719436645508 18.710304260253906 
33.12371063232422 17.73833656311035 18.114879608154297 18.351808547973633 18.444927215576172 18.6595516204834 18.656383514404297 18.37161636352539 23.821632385253906 18.790592193603516 18.823232650756836 18.475263595581055 18.473087310791016 18.5897274017334 19.03443145751953 18.461631774902344 
41.52230453491211 17.66326332092285 17.722816467285156 17.785184860229492 17.978464126586914 17.997055053710938 18.480255126953125 18.54528045654297 23.917951583862305 19.0729923248291 18.39913558959961 19.08835220336914 18.929248809814453 18.901824951171875 18.443679809570312 17.88528060913086 
32.09059143066406 17.717695236206055 17.736448287963867 17.708160400390625 17.84294319152832 17.807008743286133 17.954816818237305 18.105247497558594 22.891456604003906 18.59564781188965 18.451839447021484 18.028032302856445 18.451648712158203 18.28166389465332 18.27289581298828 18.274208068847656 
34.21148681640625 17.688735961914062 17.80463981628418 17.877887725830078 18.00828742980957 18.070432662963867 17.884416580200195 17.91164779663086 23.587392807006836 18.622848510742188 18.24131202697754 18.468639373779297 19.04595184326172 18.578527450561523 18.514848709106445 19.004512786865234 
33.15769577026367 17.73695945739746 17.74038314819336 17.74390411376953 18.414655685424805 18.455936431884766 18.434528350830078 18.53651237487793 24.472864151000977 18.37353515625 18.062368392944336 18.693920135498047 18.841632843017578 18.67420768737793 18.061567306518555 19.246688842773438 
32.072383880615234 17.697343826293945 17.747264862060547 17.737791061401367 17.77587127685547 18.67068862915039 18.928831100463867 18.82796859741211 27.353471755981445 18.319232940673828 18.924928665161133 19.443519592285156 18.95510482788086 18.424991607666016 17.972896575927734 18.485567092895508 
31.05366325378418 17.721248626708984 17.73187255859375 17.730623245239258 17.879135131835938 17.85273551940918 17.81376075744629 17.834367752075195 23.06380844116211 19.064895629882812 19.06768035888672 18.49056053161621 18.0960636138916 18.53059196472168 18.962976455688477 18.364992141723633 
33.13468933105469 17.716096878051758 17.67807960510254 18.001760482788086 17.94915199279785 17.861888885498047 17.902143478393555 18.171424865722656 22.140352249145508 18.90083122253418 18.4138240814209 18.007904052734375 18.75641632080078 18.94748878479004 18.403135299682617 18.056320190429688 
32.088768005371094 17.6944637298584 17.90230369567871 18.074495315551758 18.087936401367188 17.928447723388672 17.85094451904297 17.858272552490234 24.017887115478516 18.373632431030273 19.052831649780273 18.582271575927734 18.331039428710938 18.34342384338379 19.717023849487305 18.654560089111328 
31.234111785888672 17.31279945373535 17.303775787353516 17.43328094482422 17.5515193939209 17.59062385559082 17.582815170288086 18.49203109741211 19.41254425048828 18.40825653076172 18.004255294799805 17.569120407104492 17.917631149291992 18.853984832763672 18.05628776550293 17.75334358215332 
23.003328323364258 22.567007064819336 22.439199447631836 22.594751358032227 22.78223991394043 22.760448455810547 22.75676727294922 22.644960403442383 25.9105281829834 23.01535987854004 22.692352294921875 22.60748863220215 22.897375106811523 22.567712783813477 22.822240829467773 23.090272903442383 
42.786048889160156 17.306655883789062 17.299392700195312 17.4400634765625 17.59017562866211 17.58470344543457 17.573087692260742 150.90771484375 21.205280303955078 18.5598087310791 17.99884796142578 17.604223251342773 18.902912139892578 17.97644805908203 17.909759521484375 17.676799774169922 
23.333311080932617 22.706655502319336 22.493024826049805 22.540767669677734 22.503231048583984 22.67625617980957 22.726943969726562 22.910303115844727 25.7906551361084 22.578176498413086 22.546783447265625 22.77382469177246 22.41187286376953 22.476383209228516 22.97555160522461 22.898591995239258 
41.784767150878906 17.317535400390625 17.317440032958984 17.67635154724121 17.646207809448242 17.873695373535156 18.502304077148438 145.12652587890625 18.31167984008789 17.949663162231445 17.488832473754883 18.312959671020508 17.863264083862305 17.73993682861328 17.63430404663086 18.789119720458984 
22.850751876831055 22.566112518310547 22.520416259765625 22.42083168029785 22.464319229125977 22.68889617919922 22.819807052612305 23.486080169677734 27.63324737548828 22.496639251708984 22.28553581237793 22.777503967285156 22.476959228515625 22.594303131103516 22.60982322692871 22.927391052246094 
53.302528381347656 17.30633544921875 17.465280532836914 17.58572769165039 17.566335678100586 17.61689567565918 17.601247787475586 17.68592071533203 23.49123191833496 17.960927963256836 18.452991485595703 18.44803237915039 18.116416931152344 17.522464752197266 17.967327117919922 18.18854331970215 
22.806272506713867 22.636383056640625 22.72800064086914 22.791391372680664 22.782848358154297 22.64339256286621 22.596895217895508 22.57539176940918 25.46201515197754 22.563295364379883 22.830720901489258 22.7872314453125 22.626432418823242 22.86355209350586 22.904415130615234 22.854976654052734 
42.765342712402344 17.302303314208984 17.323328018188477 17.726816177368164 17.985248565673828 18.014911651611328 18.121952056884766 146.09788513183594 20.88528060913086 17.947551727294922 17.535295486450195 17.68726348876953 17.98099136352539 17.631839752197266 18.002464294433594 18.56211280822754 
22.944671630859375 22.651071548461914 22.743648529052734 22.64886474609375 22.49625587463379 22.531391143798828 22.475807189941406 22.763551712036133 26.165855407714844 22.7761287689209 23.024192810058594 22.428319931030273 24.21980857849121 22.670080184936523 22.872352600097656 22.75391960144043 
41.7341423034668 17.280223846435547 17.285919189453125 17.316640853881836 17.784255981445312 18.030784606933594 18.096576690673828 141.5167694091797 19.71491241455078 18.067424774169922 17.586143493652344 17.734655380249023 18.509920120239258 17.922847747802734 17.77743911743164 18.859935760498047 
23.13599967956543 22.682464599609375 22.48956871032715 22.464000701904297 22.554527282714844 23.11846351623535 23.350751876831055 23.09974479675293 24.185888290405273 22.765247344970703 22.52739143371582 22.880319595336914 23.048511505126953 22.66547203063965 22.502944946289062 23.068191528320312 
38.62428665161133 17.264415740966797 17.291231155395508 17.68262481689453 17.80089569091797 17.79747200012207 17.856128692626953 147.885498046875 21.43382453918457 17.860864639282227 17.6964168548584 17.434879302978516 18.269184112548828 17.721887588500977 17.60755157470703 17.751487731933594 
23.04310417175293 22.418367385864258 22.706144332885742 22.6362247467041 22.50009536743164 22.555776596069336 22.64201545715332 23.37593650817871 24.01625633239746 22.71126365661621 22.62601661682129 22.753087997436523 23.058847427368164 22.70345687866211 22.878368377685547 22.798463821411133 
45.92073440551758 17.31657600402832 17.32294464111328 17.643680572509766 17.57244873046875 17.582368850708008 17.607295989990234 17.6845760345459 20.063392639160156 18.15727996826172 18.198240280151367 17.814815521240234 17.59334373474121 17.61631965637207 17.92131233215332 17.609792709350586 
23.403743743896484 22.59187126159668 22.389568328857422 22.429216384887695 22.510271072387695 23.58742332458496 23.549152374267578 23.13609504699707 25.84435272216797 22.6309757232666 22.587743759155273 22.502208709716797 22.527135848999023 22.57548713684082 22.930559158325195 22.822912216186523 
59.08278274536133 17.292287826538086 17.31376075744629 17.67180824279785 17.600255966186523 17.721023559570312 17.95484733581543 18.078527450561523 22.766592025756836 18.367008209228516 18.481536865234375 18.029855728149414 17.53638458251953 17.551904678344727 18.05878448486328 17.72982406616211 
22.843040466308594 22.528640747070312 22.542400360107422 23.531679153442383 23.691743850708008 23.53046417236328 22.594079971313477 22.54355239868164 25.68502426147461 22.42393684387207 22.871007919311523 22.688800811767578 22.369056701660156 22.74742317199707 22.636768341064453 22.885759353637695 
38.55708694458008 17.29078483581543 17.449888229370117 17.811872482299805 17.717695236206055 17.59823989868164 17.6648006439209 17.653120040893555 20.636383056640625 18.285280227661133 18.17046356201172 18.16281509399414 17.901023864746094 17.539840698242188 18.45315170288086 17.95244789123535 
22.843488693237305 22.728191375732422 22.7161922454834 22.75935935974121 22.74297523498535 22.685375213623047 22.901695251464844 22.687551498413086 25.12668800354004 22.803424835205078 22.43212890625 22.648256301879883 22.875295639038086 22.502336502075195 22.636831283569336 22.74950408935547 
35.839935302734375 16.45292854309082 16.5916805267334 16.819583892822266 16.815711975097656 16.863008499145508 17.04377555847168 17.129823684692383 20.249984741210938 17.3123836517334 16.821760177612305 17.389535903930664 17.141279220581055 16.986528396606445 16.98486328125 16.686656951904297 
17.603647232055664 17.54128074645996 17.687679290771484 17.59881591796875 17.54377555847168 17.535903930664062 17.636320114135742 17.738880157470703 21.042240142822266 18.62860870361328 18.84774398803711 17.944799423217773 17.858911514282227 17.649120330810547 18.54310417175293 18.004831314086914 
46.366241455078125 16.49398422241211 16.505983352661133 16.537696838378906 17.06902313232422 16.95689582824707 16.93337631225586 16.944608688354492 20.92732810974121 16.804607391357422 17.568288803100586 17.19081687927246 17.399200439453125 17.319807052612305 16.711807250976562 17.844768524169922 
18.052448272705078 17.610336303710938 17.603839874267578 17.572832107543945 17.685440063476562 17.896032333374023 17.963808059692383 18.014080047607422 20.02908706665039 17.814016342163086 17.894624710083008 18.352800369262695 18.014944076538086 17.92950439453125 17.99273681640625 17.98201560974121 
40.069889068603516 16.474912643432617 16.469375610351562 16.45030403137207 16.556095123291016 17.011199951171875 17.052127838134766 74.6978530883789 25.64463996887207 16.798336029052734 16.64041519165039 16.92188835144043 17.043296813964844 17.176799774169922 16.70832061767578 17.924928665161133 
18.089824676513672 17.658655166625977 17.548927307128906 17.487232208251953 17.527423858642578 17.5250244140625 17.972864151000977 18.0314884185791 19.93129539489746 18.319072723388672 17.603168487548828 18.3525447845459 18.68623924255371 17.945152282714844 17.88515281677246 17.678560256958008 
77.4807357788086 16.509920120239258 16.674463272094727 16.78166389465332 16.787647247314453 16.756736755371094 16.843168258666992 17.001375198364258 25.089792251586914 17.19308853149414 17.047744750976562 16.825664520263672 17.08153533935547 16.724672317504883 17.7827205657959 17.016096115112305 
17.896095275878906 17.592512130737305 17.699647903442383 17.81827163696289 17.975391387939453 18.132352828979492 18.02979278564453 17.747360229492188 21.07491111755371 18.816160202026367 18.010400772094727 17.789695739746094 18.21664047241211 17.92406463623047 18.04204750061035 17.85468864440918 
38.003936767578125 16.471616744995117 16.5947208404541 16.67807960510254 16.81007957458496 16.82134437561035 16.82636833190918 16.83737564086914 23.162336349487305 16.934911727905273 16.69878387451172 16.657215118408203 16.624799728393555 17.391231536865234 16.815296173095703 17.208032608032227 
18.148639678955078 17.613759994506836 17.70582389831543 17.657472610473633 17.607263565063477 17.62451171875 17.5743350982666 17.69696044921875 18.258047103881836 18.098623275756836 17.786495208740234 18.175519943237305 18.202943801879883 17.98396873474121 17.690656661987305 18.22185516357422 
50.55372619628906 16.520095825195312 16.532447814941406 16.51193618774414 16.82691192626953 16.88924789428711 17.204063415527344 17.34377670288086 23.177663803100586 16.94393539428711 17.38105583190918 17.03215980529785 16.84217643737793 16.963520050048828 16.786527633666992 17.539552688598633 
17.828575134277344 17.528032302856445 17.48476791381836 17.721343994140625 17.921855926513672 18.02684783935547 18.18876838684082 18.179296493530273 18.989023208618164 18.161983489990234 18.2511043548584 17.85513687133789 18.517791748046875 17.93132781982422 18.307167053222656 18.028287887573242 
41.13600158691406 16.43552017211914 16.463584899902344 16.437183380126953 16.482112884521484 17.112159729003906 17.315040588378906 17.22972869873047 18.922719955444336 17.28607940673828 16.706911087036133 17.706655502319336 17.026016235351562 16.791584014892578 16.915456771850586 16.80451202392578 
17.668575286865234 17.501888275146484 17.711711883544922 17.967967987060547 17.856319427490234 17.62761688232422 17.692960739135742 17.97996711730957 21.584287643432617 18.463743209838867 18.08937644958496 18.12054443359375 17.93110466003418 17.957183837890625 18.64614486694336 18.370880126953125 
43.236671447753906 16.514528274536133 16.654752731323242 16.71331214904785 17.208127975463867 17.1777286529541 17.104223251342773 17.11142349243164 22.992544174194336 16.927871704101562 17.472063064575195 17.157855987548828 17.00262451171875 17.33123207092285 17.287616729736328 17.045791625976562 
17.95792007446289 17.757888793945312 17.847135543823242 17.767648696899414 17.72390365600586 17.6363525390625 17.65795135498047 18.069055557250977 20.545856475830078 18.14899253845215 17.708768844604492 18.710079193115234 18.217632293701172 17.9102725982666 17.714111328125 17.77039909362793 
47.419776916503906 16.512096405029297 16.535167694091797 16.804319381713867 17.18889617919922 17.449119567871094 17.513504028320312 17.5118408203125 22.629215240478516 17.216384887695312 16.74928092956543 17.079776763916016 17.032127380371094 16.9149112701416 16.87775993347168 16.698335647583008 
18.095552444458008 17.755807876586914 17.73072052001953 17.723552703857422 17.6212158203125 17.552255630493164 17.57494354248047 17.655935287475586 21.028831481933594 18.0831356048584 18.115840911865234 17.732511520385742 17.92393684387207 17.697280883789062 18.159616470336914 18.689023971557617 
37.967838287353516 16.505855560302734 16.485248565673828 16.53379249572754 17.1627197265625 17.22617530822754 16.88857650756836 69.13235473632812 23.43734359741211 17.30339241027832 17.32032012939453 16.864063262939453 16.815967559814453 17.038272857666016 16.878271102905273 17.24608039855957 
17.814016342163086 17.444896697998047 17.5248966217041 17.928991317749023 17.970399856567383 18.107999801635742 18.264575958251953 18.345312118530273 20.358144760131836 17.92291259765625 18.09507179260254 17.71321678161621 18.686111450195312 17.840415954589844 18.265663146972656 17.88128089904785 
50.200767517089844 20.173824310302734 20.186208724975586 20.629663467407227 20.595903396606445 20.654367446899414 20.72313690185547 70.25331115722656 24.7142391204834 20.679487228393555 20.82067108154297 20.986303329467773 20.64896011352539 20.883712768554688 20.689664840698242 20.735136032104492 
17.305055618286133 16.971935272216797 17.02751922607422 17.137216567993164 17.20911979675293 17.782432556152344 17.554527282714844 17.2838077545166 19.297279357910156 17.31964874267578 17.008256912231445 17.610944747924805 17.063968658447266 17.642751693725586 17.320032119750977 17.075456619262695 
54.297950744628906 20.245311737060547 20.586240768432617 20.613407135009766 20.69321632385254 20.727615356445312 20.681215286254883 94.9530258178711 24.158496856689453 20.825824737548828 20.59503936767578 20.273536682128906 20.882368087768555 20.79020881652832 20.531103134155273 20.972000122070312 
17.345888137817383 17.0133113861084 17.10860824584961 17.08412742614746 17.267200469970703 17.431135177612305 17.3504638671875 17.415424346923828 20.80473518371582 17.4899845123291 17.97599983215332 17.38969612121582 17.57379150390625 17.21721649169922 17.40550422668457 17.154560089111328 
52.227169036865234 20.151872634887695 20.165311813354492 20.351776123046875 20.357311248779297 20.42620849609375 20.509471893310547 95.48707580566406 23.94607925415039 20.655487060546875 20.842208862304688 21.126527786254883 20.631935119628906 20.916608810424805 20.785728454589844 20.587263107299805 
17.452608108520508 16.95465660095215 17.020896911621094 17.02115249633789 17.0994873046875 17.485631942749023 17.449600219726562 17.74220848083496 19.493183135986328 17.66681671142578 17.05766487121582 17.59926414489746 17.533952713012695 17.211135864257812 17.398719787597656 17.41494369506836 
51.1927375793457 20.210527420043945 20.225343704223633 20.87273597717285 20.914688110351562 21.1212158203125 21.067039489746094 94.07030487060547 26.328128814697266 20.881439208984375 20.738496780395508 20.59667205810547 20.974271774291992 20.837120056152344 21.27222442626953 21.097951889038086 
17.37731170654297 16.974912643432617 16.985855102539062 17.026336669921875 17.31510353088379 17.35139274597168 17.413183212280273 17.817119598388672 20.06768035888672 17.557376861572266 17.174272537231445 17.63043212890625 17.2073917388916 17.586687088012695 17.584543228149414 17.499744415283203 
45.92505645751953 20.128799438476562 20.3953914642334 20.56380844116211 21.330751419067383 21.51875114440918 21.48521614074707 21.158367156982422 24.305503845214844 20.904544830322266 20.619199752807617 20.848800659179688 20.905088424682617 20.597055435180664 20.966751098632812 20.834880828857422 
17.206880569458008 17.066335678100586 17.28870391845703 17.595264434814453 17.310239791870117 17.110559463500977 17.12678337097168 17.642208099365234 18.88457679748535 17.395999908447266 17.29190444946289 17.213247299194336 17.861791610717773 17.62656021118164 17.07414436340332 18.630495071411133 
52.29545593261719 20.121183395385742 20.223840713500977 20.750656127929688 21.192256927490234 21.353696823120117 21.33078384399414 92.40774536132812 24.02672004699707 20.965919494628906 20.520959854125977 20.980831146240234 20.92348861694336 20.602336883544922 20.927263259887695 20.915712356567383 
17.259008407592773 17.068479537963867 17.346336364746094 17.52457618713379 17.49692726135254 17.25872039794922 17.088191986083984 17.192991256713867 19.995872497558594 17.257503509521484 17.75119972229004 17.56048011779785 17.070816040039062 18.094335556030273 17.941408157348633 17.79840087890625 
51.291839599609375 20.19139289855957 20.217119216918945 20.563968658447266 21.052448272705078 21.029855728149414 20.946144104003906 89.13673400878906 23.921600341796875 20.81011199951172 20.753887176513672 20.66419219970703 20.809696197509766 20.94710350036621 20.586143493652344 20.914079666137695 
17.281951904296875 16.997343063354492 17.22185516357422 17.53183937072754 17.554399490356445 17.273439407348633 17.137535095214844 17.626752853393555 20.824703216552734 17.24675178527832 18.00339126586914 17.664831161499023 17.352895736694336 17.299423217773438 17.637088775634766 17.203968048095703 
42.88111877441406 20.13497543334961 20.22313690185547 20.54960060119629 20.54844856262207 20.542112350463867 20.819103240966797 68.44281768798828 23.666847229003906 21.28508758544922 20.717727661132812 20.58393669128418 21.227840423583984 20.612255096435547 20.571264266967773 21.018207550048828 
22.960800170898438 16.952255249023438 17.07481575012207 17.454784393310547 17.6759033203125 17.41324806213379 17.24790382385254 17.177696228027344 19.742656707763672 17.784191131591797 17.399967193603516 16.95769691467285 17.713056564331055 17.464000701904297 17.20044708251953 17.1942081451416 
49.163169860839844 20.185056686401367 20.185312271118164 20.52684783935547 20.559040069580078 20.657407760620117 20.632543563842773 175.4132537841797 20.846559524536133 20.690624237060547 20.648927688598633 20.726463317871094 20.724224090576172 20.806272506713867 20.653919219970703 20.659135818481445 
17.50886344909668 17.043615341186523 16.92732810974121 16.945600509643555 17.025535583496094 17.19318389892578 17.798559188842773 17.92630386352539 16.99407958984375 17.718463897705078 17.340576171875 17.261119842529297 18.040735244750977 17.60985565185547 17.20966339111328 18.491519927978516 
49.185726165771484 20.266111373901367 20.2043514251709 20.777984619140625 21.43155288696289 21.739519119262695 21.250560760498047 85.4345932006836 24.563007354736328 20.596160888671875 20.786624908447266 20.54751968383789 20.72960090637207 20.889728546142578 20.585792541503906 20.683103561401367 
17.659231185913086 17.0864315032959 17.0928955078125 17.089311599731445 17.034624099731445 17.170143127441406 17.224512100219727 17.6527042388916 20.19398307800293 17.67238426208496 17.337663650512695 17.062719345092773 18.138879776000977 17.44099235534668 17.62950325012207 17.325824737548828 
71.28419494628906 46.05635070800781 45.93123245239258 46.47577667236328 45.66041564941406 47.065887451171875 98.91446685791016 44.03299331665039 50.582401275634766 43.973793029785156 44.50511932373047 44.69174575805664 44.10246276855469 44.50495910644531 44.860958099365234 44.761375427246094 
71.25631713867188 44.69782257080078 44.90563201904297 46.757598876953125 45.67388916015625 45.29401779174805 46.328094482421875 45.6280632019043 51.901214599609375 44.00883102416992 44.5266227722168 44.37206268310547 45.54118347167969 44.26268768310547 44.24652862548828 44.83750534057617 
125.98265838623047 44.51980972290039 47.336830139160156 45.864192962646484 44.90288162231445 46.28815841674805 46.77510452270508 45.3785285949707 50.40886306762695 44.09596633911133 44.14012908935547 44.64265441894531 44.552513122558594 44.07600021362305 44.67375946044922 44.655582427978516 
90.19366455078125 44.884830474853516 45.18870544433594 47.6102409362793 45.73321533203125 44.91088104248047 58.51152038574219 44.6300163269043 56.45222473144531 44.053375244140625 44.154945373535156 44.42176055908203 45.17225646972656 44.05059051513672 44.6561279296875 44.09529495239258 
80.77232360839844 45.88240051269531 46.41875076293945 46.58911895751953 45.05775833129883 46.06089782714844 45.70012664794922 45.359039306640625 50.812416076660156 44.868927001953125 44.57465744018555 45.6317138671875 44.025150299072266 44.096702575683594 44.70627212524414 44.997249603271484 
86.00841522216797 45.47248077392578 46.51232147216797 45.47983932495117 45.254112243652344 45.6912956237793 47.03807830810547 46.280799865722656 49.956703186035156 45.36137771606445 43.993408203125 44.574432373046875 44.12108612060547 44.596832275390625 44.490272521972656 45.1231689453125 
75.57459259033203 46.12966537475586 45.16252899169922 47.21971130371094 45.3985595703125 45.06230545043945 46.00358581542969 46.68415832519531 50.336769104003906 44.00726318359375 44.36579132080078 44.573760986328125 44.0261116027832 44.324607849121094 44.51443099975586 44.364864349365234 
77.4854736328125 46.49388885498047 46.137054443359375 44.989601135253906 45.73712158203125 45.452030181884766 45.051422119140625 46.02000045776367 48.89091110229492 44.20684814453125 44.04777526855469 44.689727783203125 44.24371337890625 44.291263580322266 44.39164733886719 44.7503662109375 
74.38630676269531 44.42473602294922 47.568702697753906 45.8804817199707 45.14838409423828 45.77494430541992 45.54403305053711 45.87984085083008 53.315711975097656 43.9310417175293 44.25398254394531 44.333343505859375 44.55712127685547 44.87945556640625 44.43475341796875 44.476768493652344 
74.46147155761719 44.05632019042969 46.69657516479492 45.73542404174805 45.59126281738281 45.28335952758789 46.26591873168945 45.985984802246094 50.866912841796875 44.400577545166016 44.25107192993164 44.80908966064453 44.493247985839844 45.322078704833984 46.10383987426758 44.23855972290039 
70.22969818115234 56.629215240478516 27.348896026611328 27.413471221923828 27.35686492919922 26.68454360961914 63.97926330566406 20.8353271484375 30.415136337280273 21.436416625976562 21.378047943115234 21.40880012512207 21.348575592041016 21.59235191345215 21.46895980834961 21.71299171447754 
45.01932907104492 28.164703369140625 28.4703369140625 84.15216064453125 27.8492488861084 27.846176147460938 27.525503158569336 28.584064483642578 23.755647659301758 22.27177619934082 21.214303970336914 21.69705581665039 22.600671768188477 21.339391708374023 21.492448806762695 22.27030372619629 
48.155582427978516 28.194944381713867 28.511167526245117 108.19670104980469 27.32080078125 27.411487579345703 27.2706241607666 22.286176681518555 29.129568099975586 21.287200927734375 21.802560806274414 21.641504287719727 21.284927368164062 21.464000701904297 21.659648895263672 21.428640365600586 
43.901023864746094 29.277984619140625 29.51433563232422 85.11808013916016 28.404096603393555 27.393280029296875 27.432159423828125 24.847135543823242 32.41059112548828 21.413055419921875 21.765888214111328 21.49385643005371 21.367103576660156 21.694496154785156 21.907392501831055 21.38060760498047 
44.986976623535156 30.342592239379883 30.50022315979004 95.6045150756836 27.367807388305664 27.36457633972168 27.573951721191406 23.237056732177734 26.742591857910156 22.222431182861328 21.429471969604492 21.175840377807617 22.126815795898438 21.409151077270508 21.496736526489258 21.953311920166016 
43.968894958496094 30.266847610473633 29.601375579833984 124.86316680908203 28.429407119750977 27.510208129882812 21.31702423095703 20.95417594909668 33.765377044677734 21.52444839477539 21.565120697021484 21.446752548217773 21.86992073059082 21.582176208496094 21.396448135375977 21.453760147094727 
45.00851058959961 28.24060821533203 28.99888038635254 110.7200927734375 28.450687408447266 27.601215362548828 28.911104202270508 21.020160675048828 32.52928161621094 21.71353530883789 21.81305694580078 21.342784881591797 21.556800842285156 21.826879501342773 21.48371124267578 21.475168228149414 
43.96223831176758 32.430145263671875 27.320863723754883 88.22889709472656 28.4138240814209 27.407487869262695 27.46588706970215 21.41484832763672 27.86582374572754 21.941375732421875 21.357376098632812 21.590656280517578 22.171680450439453 21.426912307739258 21.421695709228516 21.90412712097168 
45.00902557373047 29.231199264526367 29.466720581054688 137.66476440429688 27.329151153564453 27.299135208129883 21.216703414916992 20.960128784179688 31.695552825927734 21.591583251953125 21.298847198486328 21.5994873046875 21.720319747924805 21.555391311645508 21.335391998291016 21.751903533935547 
43.94230270385742 29.233983993530273 28.42038345336914 103.9974365234375 27.37673568725586 27.519359588623047 28.273855209350586 22.202655792236328 31.320640563964844 21.726335525512695 21.52284812927246 21.568159103393555 21.6496639251709 21.66908836364746 21.804960250854492 21.45961570739746 
56.631553649902344 50.128639221191406 52.45478439331055 51.581600189208984 51.74790573120117 50.645503997802734 51.024993896484375 52.016414642333984 57.75900650024414 50.74630355834961 49.39107131958008 50.12611389160156 51.85728073120117 49.66873550415039 51.38800048828125 50.30799865722656 
121.58719635009766 52.74758529663086 51.172767639160156 52.14448165893555 51.14390563964844 50.9071044921875 52.27475357055664 51.773536682128906 55.09823989868164 50.00262451171875 50.646751403808594 49.41846466064453 50.19305419921875 50.267616271972656 49.75155258178711 51.108097076416016 
116.42851257324219 51.27289581298828 51.201438903808594 52.60569763183594 52.046817779541016 51.823551177978516 50.656959533691406 51.302303314208984 55.81292724609375 49.15532684326172 49.496864318847656 49.388641357421875 52.048030853271484 51.48012924194336 49.663230895996094 50.262367248535156 
124.75529479980469 51.37206268310547 51.59382247924805 50.79238510131836 52.484127044677734 51.319007873535156 50.685951232910156 51.63731384277344 58.12063980102539 49.29190444946289 51.22351837158203 49.50640106201172 49.356895446777344 51.66032028198242 49.57254409790039 50.303199768066406 
121.69561767578125 50.664798736572266 52.89267349243164 51.69667053222656 50.674720764160156 50.87712097167969 51.69948959350586 51.93462371826172 55.46752166748047 49.62883377075195 49.497215270996094 50.44294357299805 49.985374450683594 49.40016174316406 49.63008117675781 50.77248001098633 
117.51779174804688 49.42665481567383 53.03414535522461 51.32249450683594 51.8573112487793 51.000064849853516 51.0332145690918 52.127296447753906 55.58438491821289 49.66950225830078 49.55196762084961 49.30790328979492 50.40310287475586 49.42668914794922 51.368385314941406 50.437217712402344 
119.55197143554688 50.34368133544922 52.16697692871094 50.999359130859375 52.34630584716797 50.81875228881836 51.77772903442383 50.70723342895508 55.60630416870117 50.36675262451172 49.36163330078125 52.1187858581543 50.484256744384766 49.96799850463867 50.61190414428711 49.26259231567383 
120.60377502441406 49.38982391357422 51.75996780395508 51.68409729003906 50.9343376159668 50.92601776123047 51.638336181640625 51.12355041503906 55.85734558105469 49.43571090698242 50.719966888427734 49.333377838134766 49.608001708984375 49.29475021362305 50.14128112792969 50.229278564453125 
124.69868469238281 49.977760314941406 50.94828796386719 51.25462341308594 51.28508758544922 51.86764907836914 51.75136184692383 51.932830810546875 58.200992584228516 49.28995132446289 49.532737731933594 50.17686462402344 49.382240295410156 50.029151916503906 50.873695373535156 49.48012924194336 
113.17657470703125 50.86966323852539 51.51337432861328 51.37094497680664 51.21139144897461 50.78611373901367 49.997440338134766 51.07731246948242 55.3812141418457 49.58345413208008 51.0720329284668 50.936607360839844 50.09222412109375 50.42070388793945 49.61510467529297 50.61315155029297 
102.363037109375 20.2587833404541 20.301055908203125 21.08844757080078 21.293920516967773 21.425344467163086 21.473344802856445 21.405887603759766 25.68499183654785 20.80291175842285 20.724159240722656 20.713632583618164 20.98102378845215 21.47350311279297 20.55187225341797 21.15782356262207 
36.06576156616211 20.258079528808594 20.34764862060547 20.535327911376953 20.967424392700195 21.167936325073242 21.076000213623047 21.12883186340332 27.8437442779541 20.812288284301758 21.334911346435547 20.881471633911133 20.698816299438477 20.82364845275879 20.76982307434082 21.233919143676758 
37.15024185180664 20.271520614624023 20.26348876953125 20.380416870117188 20.447776794433594 20.559520721435547 20.589664459228516 20.711551666259766 23.17580795288086 20.75267219543457 21.344127655029297 21.049856185913086 20.705568313598633 20.723583221435547 20.7326717376709 21.11520004272461 
37.1313591003418 20.297727584838867 20.32489585876465 20.40924835205078 20.42451286315918 20.565887451171875 20.582080841064453 20.69811248779297 22.88572883605957 21.01638412475586 21.108064651489258 21.253568649291992 20.70476722717285 20.911968231201172 21.369216918945312 21.004032135009766 
37.092830657958984 20.253536224365234 20.295391082763672 20.515552520751953 20.814367294311523 20.958751678466797 21.17692756652832 21.55423927307129 25.61622428894043 20.77779197692871 21.35865592956543 21.041471481323242 20.753503799438477 20.906463623046875 20.9171199798584 21.859935760498047 
36.07347106933594 20.231584548950195 20.557247161865234 20.745376586914062 21.102624893188477 21.155296325683594 21.29635238647461 21.000192642211914 27.161088943481445 20.538400650024414 20.721599578857422 21.300256729125977 21.02787208557129 20.67737579345703 20.70400047302246 20.693376541137695 
37.119712829589844 20.252063751220703 20.315040588378906 20.323328018188477 20.40105628967285 20.702335357666016 20.63497543334961 20.634815216064453 27.091968536376953 20.65167999267578 21.013887405395508 20.951648712158203 21.370912551879883 20.74527931213379 20.79916763305664 21.156896591186523 
37.09785461425781 20.243488311767578 20.276479721069336 20.682144165039062 21.170272827148438 21.204479217529297 21.14886474609375 21.215328216552734 26.98691177368164 20.75539207458496 21.135360717773438 20.95088005065918 20.85580825805664 20.759071350097656 20.644256591796875 20.85887908935547 
34.91743850708008 20.250463485717773 20.261247634887695 20.558624267578125 20.92367935180664 21.13910484313965 68.38585662841797 20.499040603637695 27.013120651245117 20.6246395111084 20.704736709594727 20.832767486572266 20.910432815551758 20.811071395874023 20.7554874420166 20.82828712463379 
36.077728271484375 20.24790382385254 20.303264617919922 20.287519454956055 20.498144149780273 20.65839958190918 20.634815216064453 20.749408721923828 27.532928466796875 20.980287551879883 20.712736129760742 20.794111251831055 21.18012809753418 21.738784790039062 20.78870391845703 20.593791961669922 
39.30294418334961 24.98303985595703 25.431936264038086 25.91980743408203 26.061504364013672 25.70150375366211 26.71513557434082 28.203039169311523 35.372798919677734 25.370943069458008 25.446592330932617 25.818143844604492 25.58403205871582 27.860448837280273 25.95270347595215 25.42412757873535 
51.648895263671875 25.144607543945312 25.757247924804688 25.664640426635742 25.593503952026367 26.097631454467773 25.77743911743164 25.647167205810547 31.504703521728516 25.585920333862305 25.58883285522461 25.82192039489746 25.826400756835938 25.416576385498047 25.42508888244629 25.444448471069336 
51.65420913696289 25.226303100585938 25.320608139038086 25.271648406982422 26.50454330444336 26.399551391601562 25.807584762573242 26.914432525634766 33.433311462402344 25.37468719482422 25.566688537597656 25.37276840209961 25.376415252685547 25.39289665222168 25.505216598510742 25.575647354125977 
54.187713623046875 25.20732879638672 25.476640701293945 26.719968795776367 26.68000030517578 25.829151153564453 26.425024032592773 67.72860717773438 37.7474250793457 25.304128646850586 25.640735626220703 25.382335662841797 25.470624923706055 25.5699520111084 25.495136260986328 25.56438446044922 
60.457374572753906 25.142335891723633 25.524320602416992 25.464384078979492 25.561599731445312 26.218399047851562 25.815584182739258 25.923871994018555 35.514400482177734 25.628095626831055 25.49283218383789 25.84566307067871 25.640544891357422 25.646207809448242 25.860511779785156 25.277631759643555 
45.738494873046875 25.2192325592041 26.154815673828125 26.307104110717773 26.191871643066406 26.69817543029785 26.524351119995117 86.4435806274414 32.45577621459961 25.395456314086914 25.648832321166992 25.441024780273438 25.654783248901367 25.203968048095703 25.553728103637695 25.691295623779297 
50.99107360839844 25.502368927001953 25.676671981811523 25.64009666442871 25.60006332397461 26.00111961364746 26.425567626953125 25.814912796020508 36.72499084472656 25.464351654052734 25.55241584777832 25.615808486938477 25.562143325805664 26.108671188354492 25.69811248779297 25.52684783935547 
48.50080108642578 25.142623901367188 25.762048721313477 25.523712158203125 26.39743995666504 26.662912368774414 25.812543869018555 93.45779418945312 35.9780158996582 25.630144119262695 25.983840942382812 25.303424835205078 25.490623474121094 25.410911560058594 25.536800384521484 25.674144744873047 
47.91788864135742 25.22105598449707 25.426271438598633 25.99977684020996 26.463903427124023 25.766080856323242 25.643007278442383 85.62598419189453 42.27862548828125 25.423744201660156 25.47648048400879 25.51705551147461 26.549856185913086 25.966880798339844 25.668447494506836 25.52889633178711 
47.87091064453125 25.178016662597656 25.12761688232422 26.0930233001709 26.60550308227539 26.102848052978516 25.79363250732422 26.17862319946289 38.445152282714844 25.804832458496094 25.428064346313477 25.437856674194336 25.4168643951416 25.450847625732422 25.542879104614258 25.619808197021484 
62.9150390625 26.434783935546875 27.569215774536133 27.889759063720703 27.684480667114258 27.521984100341797 27.269311904907227 74.33430480957031 34.69513702392578 26.86835289001465 27.402847290039062 27.38310432434082 27.676000595092773 27.15376091003418 26.611583709716797 26.81830406188965 
42.95734405517578 26.47091293334961 26.479679107666016 26.48691177368164 27.183008193969727 26.966943740844727 27.196767807006836 27.63065528869629 31.43788719177246 26.944063186645508 27.619647979736328 27.430688858032227 26.681535720825195 27.070816040039062 27.914623260498047 27.408287048339844 
45.99103927612305 26.39811134338379 26.615488052368164 28.058496475219727 28.354272842407227 27.61302375793457 27.649824142456055 26.9531192779541 33.648193359375 27.39481544494629 27.89366340637207 26.979263305664062 27.247072219848633 27.239551544189453 27.562719345092773 27.5677433013916 
42.89904022216797 26.34467124938965 26.570688247680664 26.44918441772461 26.956096649169922 27.030719757080078 26.82089614868164 27.119232177734375 35.4054069519043 27.386432647705078 27.555007934570312 27.10335922241211 27.143648147583008 27.280384063720703 28.651103973388672 27.321311950683594 
42.94899368286133 26.39344024658203 27.75993537902832 28.243167877197266 27.175872802734375 27.942047119140625 27.481216430664062 27.741056442260742 34.25062561035156 26.88489532470703 27.2457275390625 27.51100730895996 27.638208389282227 27.131391525268555 27.19660758972168 27.423967361450195 
43.872318267822266 26.338848114013672 26.353824615478516 26.804224014282227 27.997119903564453 27.97337532043457 27.119295120239258 27.213247299194336 35.617313385009766 26.928735733032227 27.122047424316406 27.102527618408203 27.711999893188477 27.653472900390625 26.989408493041992 27.28495979309082 
47.674110412597656 26.409120559692383 27.051584243774414 26.69651222229004 27.793344497680664 27.759296417236328 27.080575942993164 27.90608024597168 33.72915267944336 27.035551071166992 27.388288497924805 27.511903762817383 27.67967987060547 26.9333438873291 26.63203239440918 27.5 
42.42780685424805 26.349088668823242 26.65180778503418 27.621919631958008 27.30828857421875 27.059263229370117 27.203840255737305 115.38384246826172 31.47148895263672 27.005632400512695 27.710847854614258 27.548128128051758 26.58028793334961 27.065248489379883 27.379743576049805 27.736352920532227 
45.99843215942383 26.39311981201172 26.663455963134766 28.230623245239258 28.507808685302734 27.582592010498047 27.62940788269043 26.860383987426758 32.778785705566406 27.343360900878906 27.58153533935547 27.219392776489258 29.55356788635254 27.160127639770508 27.162879943847656 26.909183502197266 
48.73331069946289 26.485055923461914 26.53094482421875 26.99750328063965 28.153120040893555 28.070816040039062 27.051776885986328 27.63382339477539 32.508575439453125 27.190752029418945 26.892383575439453 27.040416717529297 27.46895980834961 27.475648880004883 27.59903907775879 27.331872940063477 
46.31923294067383 29.72198486328125 30.286975860595703 31.40991973876953 31.298559188842773 30.880672454833984 90.53846740722656 29.692928314208984 37.329566955566406 30.29203224182129 29.962560653686523 30.078304290771484 30.278623580932617 30.283903121948242 30.362079620361328 30.45337677001953 
46.16831970214844 29.669471740722656 29.943391799926758 31.399551391601562 31.28700828552246 31.32454490661621 30.961536407470703 103.78348541259766 35.32134246826172 30.482431411743164 30.567808151245117 30.503904342651367 30.283519744873047 30.063552856445312 30.414655685424805 30.530271530151367 
43.05923080444336 30.115711212158203 30.333215713500977 31.135007858276367 31.068511962890625 31.3885440826416 30.78758430480957 112.561279296875 36.22947311401367 30.15564727783203 30.236543655395508 30.761215209960938 30.27507209777832 30.347808837890625 30.366079330444336 30.308767318725586 
45.192832946777344 29.642879486083984 30.68435287475586 31.2030086517334 31.554975509643555 30.809568405151367 30.916479110717773 102.08493041992188 36.48998260498047 30.135839462280273 30.436447143554688 30.30531120300293 30.10927963256836 30.611295700073242 30.91289520263672 30.45635223388672 
40.93724822998047 29.671648025512695 30.01900863647461 31.10153579711914 31.21900749206543 31.289472579956055 31.510112762451172 107.01705932617188 37.28985595703125 30.135488510131836 30.145727157592773 30.31145668029785 30.212383270263672 30.06844711303711 30.411680221557617 30.01750373840332 
46.309600830078125 29.62735939025879 29.744192123413086 29.988895416259766 30.722688674926758 31.446975708007812 30.925888061523438 114.16989135742188 36.287742614746094 30.319103240966797 30.370624542236328 30.479904174804688 30.560800552368164 30.853120803833008 30.56608009338379 30.136640548706055 
44.22566223144531 29.70672035217285 31.276351928710938 30.761791229248047 30.886655807495117 30.2392635345459 30.511072158813477 86.2347183227539 37.140960693359375 30.49660873413086 30.342304229736328 30.246784210205078 30.272287368774414 30.41414451599121 30.455936431884766 30.801471710205078 
43.10236740112305 30.08835220336914 30.333984375 30.6627197265625 30.66124725341797 31.130464553833008 30.513824462890625 107.33570861816406 35.716896057128906 30.255199432373047 30.212799072265625 30.614656448364258 30.761695861816406 30.42076873779297 30.74492835998535 30.175743103027344 
42.064510345458984 29.741727828979492 29.77008056640625 30.25200080871582 31.479328155517578 31.269887924194336 31.49216079711914 98.0486068725586 36.568382263183594 30.202239990234375 29.993696212768555 30.71401596069336 30.557376861572266 29.87833595275879 30.10220718383789 30.311967849731445 
47.33638381958008 29.758655548095703 29.880096435546875 30.335359573364258 30.65350341796875 30.760704040527344 31.075519561767578 74.5736312866211 37.74931335449219 30.356191635131836 30.41142463684082 30.58777618408203 30.272544860839844 29.95827293395996 30.245887756347656 30.192607879638672 
30.31679916381836 16.842208862304688 16.87014389038086 17.33296012878418 17.547008514404297 17.392799377441406 17.184192657470703 82.07366180419922 19.61846351623535 18.60163116455078 17.328256607055664 17.000608444213867 17.03785514831543 17.270751953125 17.150623321533203 17.404800415039062 
16.272031784057617 16.301376342773438 16.40608024597168 16.293664932250977 16.219615936279297 16.414976119995117 16.552255630493164 16.64614486694336 18.80726432800293 17.071168899536133 16.746976852416992 16.536672592163086 16.640352249145508 16.572383880615234 16.87664031982422 16.78780746459961 
63.92844772338867 16.845375061035156 16.844703674316406 17.293088912963867 17.307519912719727 17.570911407470703 17.532384872436523 17.1441593170166 16.961376190185547 17.462976455688477 17.269088745117188 17.398624420166016 17.248672485351562 17.170303344726562 17.48588752746582 17.5053768157959 
16.30508804321289 16.085952758789062 16.16067123413086 16.258304595947266 16.870752334594727 16.823392868041992 16.674240112304688 16.423999786376953 16.222463607788086 17.159040451049805 16.9682559967041 16.493215560913086 16.145183563232422 16.430912017822266 16.54377555847168 16.55695915222168 
66.05622100830078 16.858144760131836 16.85126495361328 16.956640243530273 17.03763198852539 17.062271118164062 17.704256057739258 17.877792358398438 23.600576400756836 17.182912826538086 16.9520320892334 17.51308822631836 17.34012794494629 17.154111862182617 17.540672302246094 17.349504470825195 
16.260543823242188 16.07049560546875 16.22038459777832 16.22127914428711 16.701663970947266 16.720096588134766 16.481536865234375 16.285120010375977 18.50876808166504 17.182880401611328 16.524927139282227 17.27030372619629 16.598207473754883 16.29199981689453 16.594207763671875 16.372575759887695 
56.538238525390625 16.871519088745117 16.884607315063477 16.905792236328125 17.004608154296875 17.14089584350586 17.4532470703125 17.5784969329834 22.60767936706543 17.65433692932129 18.371551513671875 17.371456146240234 17.06595230102539 17.17215919494629 17.33123207092285 17.121919631958008 
16.249696731567383 16.103967666625977 16.30182456970215 16.35161590576172 16.671871185302734 16.43824005126953 16.248960494995117 16.691743850708008 18.76563262939453 16.73699188232422 17.297536849975586 16.40006446838379 17.218751907348633 16.493919372558594 16.81769561767578 16.550111770629883 
60.79155349731445 16.812095642089844 16.847904205322266 16.903295516967773 17.05855941772461 17.0828800201416 17.070911407470703 17.673599243164062 23.637792587280273 18.081567764282227 17.14240074157715 17.299711227416992 17.612224578857422 17.384672164916992 17.1232967376709 17.65500831604004 
16.561920166015625 16.23731231689453 16.160192489624023 16.185888290405273 16.339296340942383 16.317472457885742 16.30828857421875 16.33417510986328 18.51139259338379 17.1114559173584 17.12236785888672 16.5515193939209 16.619327545166016 16.525760650634766 16.216480255126953 16.648223876953125 
51.294944763183594 16.840768814086914 16.858720779418945 16.94476890563965 16.94611167907715 17.49875259399414 17.4967041015625 36.70556640625 23.05187225341797 17.161535263061523 17.0482234954834 17.427743911743164 17.070079803466797 18.10915184020996 17.410751342773438 17.558591842651367 
16.239967346191406 16.057632446289062 16.182720184326172 16.570751190185547 16.723743438720703 16.652191162109375 16.45020866394043 16.330623626708984 18.061695098876953 17.773439407348633 16.484512329101562 16.95996856689453 16.378175735473633 16.66908836364746 16.813312530517578 16.453920364379883 
64.9675521850586 16.885087966918945 16.903776168823242 16.968032836914062 17.27689552307129 17.255712509155273 17.241823196411133 17.305280685424805 23.775680541992188 17.789600372314453 17.120351791381836 17.14441680908203 17.269216537475586 17.58790397644043 17.392799377441406 17.091808319091797 
16.525760650634766 16.43564796447754 16.6529598236084 16.657407760620117 16.45792007446289 16.342880249023438 16.485727310180664 16.527103424072266 19.017248153686523 16.448511123657227 16.256288528442383 16.229055404663086 16.941471099853516 16.5098876953125 17.09235191345215 16.72412872314453 
60.753761291503906 16.835840225219727 16.880640029907227 17.20204734802246 17.310752868652344 17.555744171142578 17.755168914794922 17.906335830688477 21.245952606201172 17.636127471923828 17.048479080200195 17.30816078186035 17.132448196411133 17.453216552734375 17.447071075439453 17.17475128173828 
16.52851104736328 16.161376953125 16.276575088500977 16.53766441345215 16.812768936157227 16.75859260559082 16.534719467163086 16.3155517578125 19.214208602905273 17.11737632751465 16.49567985534668 16.150400161743164 16.553184509277344 16.552352905273438 16.432735443115234 16.41779136657715 
67.08646392822266 16.799455642700195 16.83024024963379 16.81123161315918 17.0567684173584 17.323007583618164 17.290496826171875 17.394975662231445 22.38083267211914 17.432863235473633 17.051136016845703 17.602975845336914 17.311904907226562 17.203296661376953 17.414047241210938 17.54083251953125 
16.433088302612305 16.261024475097656 16.176063537597656 16.2225284576416 16.635520935058594 16.715967178344727 16.661088943481445 16.692415237426758 19.451967239379883 18.116352081298828 16.579999923706055 16.645471572875977 16.619552612304688 16.547391891479492 17.144672393798828 16.580543518066406 
68.63782501220703 16.868511199951172 16.963584899902344 17.31679916381836 17.690048217773438 17.79929542541504 17.50214385986328 17.399295806884766 23.21718406677246 17.29203224182129 17.123584747314453 17.12928009033203 17.361215591430664 17.157215118408203 17.854368209838867 17.229055404663086 
16.279455184936523 16.092512130737305 16.095775604248047 16.66681671142578 16.67024040222168 16.718528747558594 16.750911712646484 16.487775802612305 18.172992706298828 17.219615936279297 16.419904708862305 16.530431747436523 16.97148895263672 16.4881591796875 16.78505516052246 16.552383422851562 
66.51744079589844 20.30918312072754 20.33795166015625 20.530624389648438 20.47148895263672 20.53830337524414 20.62486457824707 20.51465606689453 25.74470329284668 21.260160446166992 21.338048934936523 20.811744689941406 20.838720321655273 21.178560256958008 20.672351837158203 21.339935302734375 
31.88387107849121 20.320703506469727 20.28384017944336 20.8437442779541 20.992671966552734 20.943775177001953 20.979583740234375 21.0548152923584 24.75315284729004 21.17100715637207 21.07891273498535 20.769760131835938 22.02662467956543 21.03727912902832 20.86355209350586 21.144960403442383 
31.927135467529297 20.361248016357422 20.895103454589844 21.077951431274414 21.16966438293457 21.235872268676758 21.189279556274414 20.89811134338379 25.045503616333008 20.957664489746094 20.94710350036621 21.442623138427734 21.236703872680664 21.205472946166992 21.121152877807617 20.904767990112305 
35.040096282958984 20.318687438964844 20.651391983032227 20.845151901245117 20.921632766723633 21.32476806640625 21.352224349975586 21.2541446685791 25.656095504760742 21.093952178955078 20.857664108276367 21.004383087158203 21.52777671813965 21.39084815979004 20.959199905395508 20.96623992919922 
32.980255126953125 20.326431274414062 20.583520889282227 20.6125431060791 20.753408432006836 20.917984008789062 21.04857635498047 21.070240020751953 24.39251136779785 21.0347843170166 20.721920013427734 21.224384307861328 22.128032684326172 20.946624755859375 20.82067108154297 21.189632415771484 
39.24275207519531 20.316768646240234 20.410079956054688 20.697120666503906 21.333311080932617 21.59040069580078 21.565088272094727 21.519487380981445 24.325632095336914 21.17344093322754 21.40412712097168 22.16908836364746 20.965951919555664 20.88368034362793 21.266143798828125 21.086528778076172 
33.02582550048828 20.337087631225586 20.912736892700195 21.144479751586914 21.093280792236328 21.08902359008789 21.14044761657715 21.15452766418457 25.92838478088379 21.10348892211914 21.001344680786133 20.90131187438965 21.196928024291992 21.54368019104004 20.681472778320312 20.99193572998047 
33.99417495727539 20.328927993774414 20.69148826599121 21.108800888061523 21.25721549987793 20.798847198486328 21.315711975097656 21.264127731323242 25.404991149902344 21.240095138549805 20.712736129760742 20.736352920532227 21.21027183532715 20.913759231567383 22.0086727142334 20.77020835876465 
32.941951751708984 20.27356719970703 20.333471298217773 20.45577621459961 20.453632354736328 20.42233657836914 20.510112762451172 20.62272071838379 24.45724868774414 21.17353630065918 21.973600387573242 21.132863998413086 20.642303466796875 21.002111434936523 21.22934341430664 21.764543533325195 
33.6429443359375 20.330432891845703 20.415359497070312 21.016576766967773 21.081951141357422 21.00227165222168 20.94918441772461 21.00966453552246 24.262399673461914 21.718175888061523 20.900800704956055 20.641056060791016 21.08572769165039 21.06559944152832 21.2609920501709 21.17945671081543 
15.947936058044434 7.675807952880859 7.3554558753967285 6.3066558837890625 6.2927680015563965 6.310175895690918 6.301919937133789 6.307231903076172 25.09222412109375 6.1327362060546875 5.704095840454102 5.717599868774414 5.700575828552246 5.677216053009033 5.685887813568115 5.689568042755127 
8.352383613586426 5.588479995727539 5.647264003753662 5.897535800933838 5.586463928222656 5.554912090301514 5.621407985687256 5.742496013641357 8.40771198272705 5.959296226501465 5.678112030029297 5.681183815002441 5.679872035980225 5.67903995513916 5.701600074768066 5.700096130371094 
8.021183967590332 5.651040077209473 5.588064193725586 5.566720008850098 5.580607891082764 5.571616172790527 5.599679946899414 5.603328227996826 8.262432098388672 5.895552158355713 5.670720100402832 5.6976318359375 5.687935829162598 5.67526388168335 5.687168121337891 5.670623779296875 
8.217151641845703 6.054944038391113 6.051136016845703 5.743807792663574 5.571743965148926 5.5511040687561035 5.5801920890808105 9.89087963104248 8.829567909240723 5.88486385345459 5.685664176940918 5.693280220031738 5.671296119689941 5.6735358238220215 5.704383850097656 5.695136070251465 
7.9251837730407715 5.578464031219482 5.565663814544678 5.581183910369873 5.562751770019531 5.562623977661133 6.1536641120910645 5.930880069732666 8.77126407623291 5.918303966522217 5.694591999053955 5.697120189666748 5.688767910003662 5.69379186630249 5.700287818908691 5.737728118896484 
12.027008056640625 6.124608039855957 5.56931209564209 5.554912090301514 5.625823974609375 5.555552005767822 5.573472023010254 5.647647857666016 8.24623966217041 5.89628791809082 5.6636481285095215 5.6656317710876465 5.659327983856201 5.688159942626953 5.663167953491211 5.662496089935303 
8.112895965576172 5.586944103240967 5.573631763458252 5.547552108764648 5.571584224700928 5.562399864196777 5.573279857635498 5.869984149932861 8.706048011779785 5.8853759765625 5.6781439781188965 5.692927837371826 5.67852783203125 5.678304195404053 5.689695835113525 5.691359996795654 
8.48639965057373 5.574079990386963 5.588191986083984 5.6432318687438965 5.601888179779053 5.627552032470703 5.556575775146484 6.14467191696167 8.394495964050293 5.908927917480469 5.693920135498047 5.699488162994385 5.688511848449707 5.6715521812438965 5.683296203613281 5.706240177154541 
10.680992126464844 5.609375953674316 5.728991985321045 5.611008167266846 5.613408088684082 5.608223915100098 5.5780158042907715 5.591968059539795 8.744607925415039 5.92303991317749 5.692160129547119 5.6702399253845215 5.698368072509766 5.69593620300293 5.695775985717773 5.710495948791504 
8.566911697387695 5.590432167053223 5.589183807373047 5.58681583404541 5.563072204589844 5.572351932525635 5.580512046813965 6.246719837188721 8.707743644714355 5.920864105224609 5.707136154174805 5.683199882507324 5.690336227416992 5.710239887237549 5.694496154785156 5.682720184326172 
9.976767539978027 7.658688068389893 7.670752048492432 7.657440185546875 7.682464122772217 7.642176151275635 7.639840126037598 7.692704200744629 8.088288307189941 7.846432209014893 7.771615982055664 7.695295810699463 7.776095867156982 7.841216087341309 7.833375930786133 7.8185601234436035 
9.893759727478027 7.703999996185303 7.6842241287231445 7.671840190887451 7.683040142059326 7.66153621673584 7.691232204437256 7.717504024505615 8.033087730407715 7.764927864074707 7.783135890960693 7.769536018371582 7.787199974060059 7.811039924621582 7.744448184967041 7.764959812164307 
11.593184471130371 7.684031963348389 7.689888000488281 7.698783874511719 7.67574405670166 7.697984218597412 7.692512035369873 7.682688236236572 7.8785600662231445 7.738719940185547 7.731359958648682 7.832255840301514 7.818912029266357 7.803616046905518 7.73967981338501 7.728576183319092 
11.590911865234375 7.681151866912842 7.66703987121582 7.6900482177734375 7.712992191314697 7.681375980377197 7.7105278968811035 7.850207805633545 7.918496131896973 7.730175971984863 7.729184150695801 7.868351936340332 7.8717122077941895 7.834335803985596 7.7460479736328125 7.734176158905029 
12.698623657226562 7.6566081047058105 7.685855865478516 7.677984237670898 7.699967861175537 7.696095943450928 7.67526388168335 7.688479900360107 7.873119831085205 7.735199928283691 7.710879802703857 7.78380823135376 7.907648086547852 7.846816062927246 7.742496013641357 7.7269439697265625 
11.773887634277344 7.672575950622559 7.667263984680176 7.6636481285095215 7.680352210998535 7.670495986938477 7.693471908569336 7.699488162994385 7.8555521965026855 7.713600158691406 7.705696105957031 7.7039361000061035 7.853055953979492 7.810624122619629 7.742623805999756 7.814527988433838 
11.090399742126465 7.666912078857422 7.696671962738037 7.686336040496826 7.7106242179870605 7.6893439292907715 7.70198392868042 7.74345588684082 7.8612799644470215 7.687488079071045 7.804959774017334 7.906112194061279 7.8258562088012695 7.797760009765625 7.72544002532959 7.842144012451172 
11.340703964233398 7.6954240798950195 7.693568229675293 7.693888187408447 7.7033281326293945 7.675360202789307 7.712160110473633 7.736032009124756 7.824063777923584 7.778495788574219 7.819968223571777 7.849567890167236 7.803264141082764 7.736127853393555 7.877439975738525 7.925631999969482 
27.35430335998535 7.691359996795654 7.682176113128662 7.668447971343994 7.695199966430664 7.683648109436035 7.682464122772217 7.737823963165283 8.073568344116211 7.8970561027526855 7.871615886688232 7.772511959075928 7.7454400062561035 7.883327960968018 7.885983943939209 7.858176231384277 
11.604255676269531 7.6910719871521 7.697792053222656 7.727871894836426 7.6899518966674805 7.703135967254639 7.707903861999512 7.76035213470459 8.155360221862793 7.849088191986084 7.8454718589782715 7.834464073181152 7.747136116027832 7.782336235046387 7.811744213104248 7.77942419052124 
21.986560821533203 17.39580726623535 17.378175735473633 17.662656784057617 18.08483123779297 18.07529640197754 18.08847999572754 17.7741756439209 21.676448822021484 18.501888275146484 17.949504852294922 17.881120681762695 17.979808807373047 18.408992767333984 18.12828826904297 17.69398307800293 
29.105632781982422 17.491647720336914 17.49737548828125 17.656095504760742 17.732288360595703 17.766815185546875 17.77471923828125 18.247743606567383 21.4215030670166 17.881439208984375 18.416223526000977 18.05824089050293 17.718656539916992 17.833471298217773 18.94051170349121 18.32374382019043 
32.25628662109375 17.504831314086914 17.675519943237305 17.828960418701172 17.742496490478516 17.902143478393555 17.705888748168945 17.757984161376953 21.472511291503906 17.95235252380371 18.798208236694336 18.377824783325195 18.08940887451172 17.898752212524414 17.8786563873291 18.46780776977539 
31.207551956176758 17.515392303466797 17.704511642456055 17.829919815063477 17.80905532836914 17.79795265197754 17.86511993408203 18.048799514770508 20.54300880432129 17.90265655517578 18.299264907836914 18.187551498413086 17.829984664916992 17.722816467285156 18.408000946044922 18.494335174560547 
29.117727279663086 17.520767211914062 17.819488525390625 17.96998405456543 18.642656326293945 18.746015548706055 18.200607299804688 18.04707145690918 19.499711990356445 18.638080596923828 17.804096221923828 18.35536003112793 18.301279067993164 18.220895767211914 18.049055099487305 17.677152633666992 
30.160480499267578 17.526432037353516 17.52511978149414 17.569183349609375 17.781024932861328 17.90163230895996 18.595264434814453 18.53443145751953 20.209312438964844 18.57040023803711 18.06172752380371 17.680320739746094 17.870431900024414 18.37494468688965 18.240703582763672 17.771615982055664 
30.170528411865234 17.53049659729004 17.519519805908203 17.649824142456055 17.709983825683594 17.713951110839844 18.369823455810547 18.339231491088867 21.060672760009766 18.180896759033203 18.986528396606445 18.32512092590332 18.070816040039062 17.880224227905273 18.07526397705078 18.38265609741211 
32.24483108520508 17.55561637878418 17.888032913208008 18.126752853393555 18.01759910583496 18.024831771850586 17.98307228088379 17.908672332763672 21.009824752807617 17.98908805847168 18.354463577270508 18.21459197998047 17.904415130615234 17.7857608795166 18.31999969482422 18.651872634887695 
30.149599075317383 17.50396728515625 17.674175262451172 17.79644775390625 18.57676887512207 18.495967864990234 18.105728149414062 17.98931121826172 20.23961639404297 17.8175048828125 18.005632400512695 18.81283187866211 18.05948829650879 17.83635139465332 18.20159912109375 19.42153549194336 
31.19603157043457 17.513887405395508 17.512479782104492 17.73347282409668 17.6943359375 18.271007537841797 18.309600830078125 18.365055084228516 21.2010555267334 18.244672775268555 17.924192428588867 17.755456924438477 18.469440460205078 18.316608428955078 17.96873664855957 17.70537567138672 
43.22687911987305 23.711936950683594 23.730623245239258 24.796384811401367 25.14486312866211 24.95769691467285 24.218656539916992 24.517919540405273 29.014976501464844 24.31964874267578 23.917984008789062 24.533824920654297 24.809696197509766 24.281248092651367 24.704256057739258 24.655744552612305 
23.885663986206055 23.319616317749023 23.284095764160156 23.392704010009766 23.54105567932129 24.494752883911133 24.366687774658203 23.904447555541992 27.766143798828125 23.790592193603516 24.03923225402832 24.23263931274414 23.797056198120117 23.778240203857422 23.925695419311523 24.0578556060791 
51.482975006103516 23.63667106628418 23.824928283691406 24.31452751159668 24.14838409423828 24.55779266357422 24.5765438079834 24.0784969329834 28.784639358520508 24.628063201904297 24.3621768951416 24.711807250976562 24.03887939453125 24.991392135620117 24.66320037841797 24.576927185058594 
23.707839965820312 23.26470375061035 24.21753692626953 24.62406349182129 24.28428840637207 23.74883270263672 23.596160888671875 23.904319763183594 27.1582088470459 24.215999603271484 23.911455154418945 23.825183868408203 24.11996841430664 23.974048614501953 23.87081527709961 23.840543746948242 
42.64767837524414 23.56675148010254 23.72719955444336 24.00783920288086 24.45417594909668 25.093631744384766 25.070592880249023 147.3310089111328 29.162015914916992 24.38492774963379 25.0184326171875 24.915327072143555 24.358976364135742 24.653087615966797 24.994720458984375 24.34771156311035 
23.767423629760742 24.353727340698242 24.62175941467285 24.28156852722168 23.713056564331055 23.585567474365234 23.844480514526367 24.764448165893555 29.144672393798828 23.95631980895996 24.14691162109375 24.464223861694336 23.64031982421875 25.220191955566406 23.51251220703125 23.62518310546875 
47.18707275390625 23.63907241821289 24.177248001098633 24.8187198638916 24.340959548950195 24.04243278503418 30.75382423400879 84.37814331054688 29.252927780151367 24.217151641845703 24.46227264404297 24.744672775268555 25.00543975830078 24.454240798950195 24.723583221435547 24.616960525512695 
23.72480010986328 23.712736129760742 23.822559356689453 23.832799911499023 23.578880310058594 23.839712142944336 25.412736892700195 26.054304122924805 28.599552154541016 23.798368453979492 24.36591911315918 23.688352584838867 25.398496627807617 23.761920928955078 23.456607818603516 23.865503311157227 
42.5379524230957 23.651039123535156 23.639392852783203 23.895008087158203 25.01046371459961 24.94723129272461 24.737407684326172 156.86151123046875 27.413312911987305 24.635456085205078 24.53455924987793 24.519424438476562 24.586687088012695 24.74684715270996 24.87353515625 24.388864517211914 
23.78598403930664 23.245311737060547 23.270143508911133 23.99087905883789 24.32192039489746 24.32646369934082 24.06185531616211 23.68828773498535 27.978239059448242 23.735776901245117 23.716384887695312 23.428319931030273 23.51363182067871 23.67571258544922 23.69215965270996 23.71878433227539 
39.489376068115234 23.57094383239746 23.848543167114258 24.600576400756836 24.578367233276367 24.068096160888672 24.913631439208984 149.468994140625 28.9083194732666 24.405664443969727 24.720256805419922 24.13983917236328 24.706687927246094 25.765888214111328 24.302080154418945 24.8940486907959 
23.648576736450195 23.2238712310791 23.203615188598633 24.312480926513672 24.349407196044922 23.98067283630371 23.645023345947266 24.594432830810547 28.19228744506836 23.928735733032227 23.89673614501953 25.287904739379883 23.727935791015625 23.95471954345703 25.671743392944336 23.520160675048828 
40.45801544189453 23.596736907958984 24.10371208190918 24.28656005859375 24.574079513549805 24.21027183532715 25.03708839416504 36.49910354614258 27.082592010498047 24.707199096679688 24.459392547607422 24.553728103637695 24.644704818725586 24.725759506225586 24.511615753173828 24.527328491210938 
24.268224716186523 23.47212791442871 23.656415939331055 23.616928100585938 24.18396759033203 23.684383392333984 23.599456787109375 24.628095626831055 27.944480895996094 24.026111602783203 23.672767639160156 23.809663772583008 23.777759552001953 23.871551513671875 23.793119430541992 23.672704696655273 
42.629119873046875 23.611360549926758 23.764991760253906 25.048511505126953 25.239551544189453 24.122495651245117 24.169631958007812 153.4529266357422 29.2445125579834 24.235679626464844 24.87753677368164 24.61510467529297 24.14374351501465 24.704608917236328 24.603328704833984 24.277727127075195 
23.754112243652344 23.281696319580078 23.291168212890625 24.2969913482666 24.509183883666992 24.12179183959961 23.62268829345703 23.77120018005371 28.223360061645508 23.964096069335938 23.332223892211914 23.46099281311035 23.951488494873047 23.722848892211914 23.798112869262695 23.655807495117188 
43.68960189819336 23.617183685302734 23.630464553833008 23.95996856689453 24.847423553466797 24.947647094726562 24.86419105529785 32.11199951171875 29.512319564819336 24.400896072387695 25.831743240356445 25.4300479888916 24.0600643157959 24.740192413330078 24.38969612121582 24.83033561706543 
23.685728073120117 23.361536026000977 23.56399917602539 24.507360458374023 24.221023559570312 23.93404769897461 23.5328311920166 23.975872039794922 27.437824249267578 23.8209285736084 23.72172737121582 23.91324806213379 23.84012794494629 23.79033660888672 23.800512313842773 23.82703971862793 
44.723968505859375 23.59449577331543 24.673471450805664 24.8341121673584 24.780799865722656 24.398719787597656 24.93929672241211 141.15158081054688 28.466495513916016 24.490175247192383 24.33919906616211 26.78384017944336 24.543264389038086 24.55913543701172 25.161376953125 24.701824188232422 
23.978336334228516 23.7992000579834 24.039968490600586 23.692096710205078 23.482847213745117 23.743328094482422 24.680767059326172 24.867616653442383 28.07689666748047 23.47964859008789 24.108671188354492 23.83737564086914 23.808544158935547 23.571487426757812 23.666048049926758 23.66752052307129 
49.83123016357422 26.737600326538086 26.976032257080078 28.39321517944336 27.382944107055664 28.688831329345703 110.21311950683594 29.44281578063965 32.58607864379883 27.62761688232422 27.140480041503906 27.41823959350586 27.515296936035156 27.25391960144043 27.300607681274414 27.397600173950195 
35.07030487060547 34.98662567138672 35.9450569152832 36.467681884765625 35.105857849121094 34.985599517822266 35.260032653808594 36.26153564453125 40.26326370239258 34.05756759643555 34.25040054321289 34.04240036010742 34.27436828613281 34.6324462890625 34.17625427246094 34.26649475097656 
69.80572509765625 26.817279815673828 26.97145652770996 27.30838394165039 28.429088592529297 28.137407302856445 27.992767333984375 27.361631393432617 31.869184494018555 27.274015426635742 27.20038414001465 27.422687530517578 27.628063201904297 27.38547134399414 27.738048553466797 28.131488800048828 
34.974910736083984 34.43967819213867 35.879905700683594 35.316383361816406 36.18022537231445 35.131839752197266 34.7459831237793 35.593406677246094 41.45711898803711 34.254878997802734 35.25183868408203 34.5847053527832 34.64873504638672 34.58662414550781 34.23827362060547 34.55110549926758 
71.90547180175781 26.776031494140625 26.99295997619629 28.84534454345703 28.28995132446289 28.365568161010742 28.213184356689453 27.524736404418945 31.980159759521484 27.506271362304688 27.232351303100586 27.46988868713379 27.818687438964844 27.23075294494629 27.426048278808594 27.430912017822266 
34.347007751464844 34.871585845947266 36.15750503540039 36.00889587402344 35.39884948730469 35.090049743652344 35.6016960144043 35.492576599121094 41.36812973022461 34.17657470703125 34.35059356689453 34.48137664794922 34.58505630493164 34.40470504760742 34.205055236816406 34.2435188293457 
82.44822692871094 26.760032653808594 26.841760635375977 27.926464080810547 27.966463088989258 28.03878402709961 27.923999786376953 27.43596839904785 30.909984588623047 27.26995277404785 27.587039947509766 27.225568771362305 27.212095260620117 27.358688354492188 27.211328506469727 27.448287963867188 
35.45062255859375 35.41734313964844 36.6517448425293 38.0805778503418 36.05152130126953 34.71798324584961 35.44723129272461 36.13945770263672 40.60121536254883 34.172000885009766 35.397727966308594 34.20652770996094 34.60918426513672 34.16179275512695 34.30390548706055 34.24614334106445 
102.33436584472656 26.82419204711914 27.903200149536133 28.412031173706055 27.389984130859375 27.25775909423828 28.04707145690918 27.736703872680664 31.59324836730957 27.0947208404541 27.332992553710938 27.55900764465332 27.943456649780273 27.381568908691406 27.567167282104492 27.266624450683594 
34.990623474121094 35.859519958496094 34.91788864135742 34.79721450805664 35.094303131103516 36.27433776855469 35.27692794799805 34.94339370727539 42.27590560913086 34.581024169921875 34.47673416137695 34.32659149169922 34.23820877075195 34.377567291259766 34.2872314453125 34.25388717651367 
76.12207794189453 26.77734375 26.860448837280273 27.878847122192383 28.202688217163086 27.58883285522461 28.28054428100586 27.67523193359375 32.5970573425293 27.428319931030273 27.285247802734375 27.148799896240234 27.532480239868164 27.223648071289062 27.500511169433594 27.482879638671875 
34.63750457763672 34.21468734741211 35.32227325439453 36.096736907958984 35.829345703125 34.9854736328125 35.34553527832031 35.769630432128906 41.119937896728516 34.106048583984375 34.22297668457031 34.60435104370117 34.5491828918457 34.2509765625 34.18560028076172 34.29635238647461 
75.02825927734375 27.161312103271484 27.57606315612793 27.469600677490234 27.225984573364258 28.272031784057617 27.5797119140625 28.34566307067871 32.33417510986328 27.19468879699707 27.479232788085938 27.32636833190918 27.26265525817871 27.548032760620117 27.586687088012695 27.420927047729492 
34.87507247924805 35.010719299316406 35.537567138671875 36.31865692138672 35.86006546020508 35.78015899658203 35.64022445678711 35.43132781982422 41.42860794067383 34.25132751464844 34.51123046875 34.63248062133789 34.57743835449219 34.26768112182617 34.083744049072266 34.30867385864258 
73.99696350097656 26.868000030517578 26.942655563354492 27.846080780029297 27.489696502685547 28.258527755737305 27.628543853759766 27.25446319580078 31.69968032836914 27.165184020996094 27.451295852661133 27.738143920898438 27.140544891357422 27.353727340698242 27.55392074584961 27.247167587280273 
34.6827507019043 34.52876663208008 34.8711051940918 36.09280014038086 36.54060745239258 35.31913757324219 34.837215423583984 35.87740707397461 43.786720275878906 34.52665710449219 34.42166519165039 34.3059196472168 34.45391845703125 34.6748161315918 35.37081527709961 34.12736129760742 
70.829345703125 26.770463943481445 27.186847686767578 28.527488708496094 28.96588706970215 27.858591079711914 27.591007232666016 27.421663284301758 33.409889221191406 27.322175979614258 27.5449275970459 27.131935119628906 27.63420867919922 27.337312698364258 27.294208526611328 27.524255752563477 
34.492671966552734 34.79536056518555 35.956993103027344 35.93484878540039 34.90332794189453 35.68588638305664 35.7163200378418 36.20150375366211 40.21184158325195 34.1091194152832 34.14921569824219 34.31612777709961 34.3120002746582 34.66243362426758 34.17379379272461 34.261470794677734 
75.04656219482422 27.002975463867188 26.959936141967773 27.581920623779297 28.128000259399414 27.77382469177246 28.223936080932617 28.4716796875 32.405120849609375 27.63257598876953 27.251359939575195 27.439071655273438 27.646240234375 27.250431060791016 27.40768051147461 27.67158317565918 
34.49382400512695 34.96259307861328 36.34787368774414 36.71324920654297 35.2088623046875 34.73836898803711 35.16592025756836 36.099327087402344 41.13868713378906 34.209983825683594 34.62771224975586 34.49516677856445 34.69801712036133 34.08067321777344 34.24415969848633 34.83388900756836 
65.31430053710938 14.775232315063477 14.765791893005371 14.738975524902344 14.903103828430176 79.30086517333984 14.74300765991211 14.738240242004395 18.057151794433594 16.431743621826172 15.331968307495117 16.0916805267334 15.0315523147583 15.250144004821777 15.539392471313477 14.955904006958008 
14.71065616607666 14.16211223602295 14.221471786499023 14.310079574584961 14.554559707641602 14.477888107299805 14.392928123474121 14.430432319641113 17.0086727142334 15.135744094848633 14.184096336364746 14.205951690673828 14.255999565124512 14.540831565856934 15.130463600158691 14.864128112792969 
36.97916793823242 14.795552253723145 14.809887886047363 14.995583534240723 15.115967750549316 15.136159896850586 15.164352416992188 15.20809555053711 19.228927612304688 15.502816200256348 15.884063720703125 14.961695671081543 15.200384140014648 15.896320343017578 15.370368003845215 15.066975593566895 
15.218976020812988 14.422271728515625 14.388575553894043 14.288991928100586 14.417311668395996 14.42796802520752 14.308320045471191 14.399231910705566 14.228287696838379 14.942527770996094 14.515359878540039 14.301055908203125 14.282591819763184 14.329631805419922 14.42796802520752 14.171808242797852 
36.98342514038086 14.824671745300293 14.757087707519531 14.845312118530273 15.023807525634766 15.00879955291748 15.266400337219238 15.476160049438477 25.196352005004883 15.183744430541992 15.115360260009766 14.994527816772461 14.887295722961426 15.207551956176758 15.653504371643066 14.94438362121582 
14.565279960632324 14.155455589294434 14.1810884475708 14.242015838623047 14.317695617675781 14.31868839263916 14.538399696350098 14.526656150817871 16.758464813232422 14.82697582244873 14.21664047241211 14.29526424407959 14.316991806030273 15.087488174438477 15.309247970581055 14.259807586669922 
42.20710372924805 14.766655921936035 14.948543548583984 14.940320014953613 15.14515209197998 15.04361629486084 15.050016403198242 15.222271919250488 21.165184020996094 15.51638412475586 14.90886402130127 14.966431617736816 15.881695747375488 15.263360023498535 15.155296325683594 15.791711807250977 
14.509696006774902 14.083456039428711 14.130528450012207 14.27990436553955 14.21878433227539 14.36736011505127 14.511679649353027 14.621696472167969 16.6724796295166 14.668767929077148 14.47606372833252 14.993663787841797 14.944095611572266 14.68832015991211 14.173791885375977 14.476639747619629 
34.86684799194336 14.77280044555664 14.788640022277832 14.854975700378418 14.898303985595703 14.875712394714355 14.920960426330566 14.991999626159668 20.833215713500977 15.53104019165039 15.12399959564209 15.542655944824219 15.179264068603516 15.079360008239746 15.521280288696289 15.07043170928955 
14.584671974182129 14.101792335510254 14.215456008911133 14.290335655212402 14.229344367980957 14.319840431213379 14.344927787780762 14.400896072387695 16.61769676208496 16.034975051879883 14.714400291442871 15.18835163116455 14.525504112243652 14.618687629699707 14.30355167388916 14.292415618896484 
36.93775939941406 14.745984077453613 14.77014446258545 14.808768272399902 14.893152236938477 15.081439971923828 15.229567527770996 15.199359893798828 19.702112197875977 15.349823951721191 15.108415603637695 15.057151794433594 15.939167976379395 15.218815803527832 15.358976364135742 15.217568397521973 
14.649344444274902 14.297183990478516 14.190272331237793 14.14140796661377 14.310815811157227 14.328351974487305 14.556703567504883 14.770784378051758 15.8372802734375 15.605888366699219 14.568672180175781 14.168352127075195 14.398176193237305 14.441503524780273 15.14031982421875 14.776127815246582 
37.97983932495117 14.801247596740723 14.740192413330078 14.735712051391602 14.983039855957031 15.023008346557617 15.1693115234375 15.202752113342285 20.955039978027344 15.25926399230957 14.914560317993164 15.610143661499023 14.993151664733887 15.414912223815918 15.917887687683105 15.012960433959961 
14.621760368347168 14.137375831604004 14.119487762451172 14.465408325195312 14.660320281982422 14.300288200378418 14.257823944091797 14.316672325134277 16.79859161376953 15.0830078125 14.209983825683594 14.372544288635254 14.457887649536133 15.149663925170898 15.013664245605469 14.18995189666748 
30.632543563842773 14.744000434875488 14.892319679260254 14.875679969787598 14.986720085144043 15.115103721618652 15.146944046020508 15.114975929260254 21.550016403198242 15.301440238952637 15.4618558883667 15.897727966308594 14.967231750488281 15.885855674743652 15.279935836791992 15.107711791992188 
14.58556842803955 14.170816421508789 14.174336433410645 14.18336009979248 14.280223846435547 14.343711853027344 14.226240158081055 14.501055717468262 17.054975509643555 15.530816078186035 14.270272254943848 14.33574390411377 14.410911560058594 14.39136028289795 15.005248069763184 14.66585636138916 
43.21839904785156 14.79145622253418 14.825056076049805 14.878303527832031 15.147232055664062 15.23414421081543 15.46406364440918 15.711487770080566 21.186431884765625 15.567359924316406 15.700096130371094 14.901311874389648 14.899999618530273 15.652704238891602 14.95315170288086 15.13542366027832 
14.805983543395996 14.284255981445312 14.193856239318848 14.343903541564941 14.349760055541992 14.349568367004395 14.405311584472656 14.351231575012207 16.878623962402344 15.79248046875 14.31942367553711 14.998432159423828 14.4269437789917 14.635519981384277 14.246368408203125 14.6396484375 
32.72079849243164 14.772000312805176 14.790559768676758 14.787775993347168 15.220992088317871 15.189375877380371 15.191295623779297 15.129664421081543 20.79955291748047 15.723296165466309 15.97436809539795 15.124095916748047 16.15135955810547 14.926912307739258 15.25648021697998 15.708191871643066 
14.575424194335938 14.190112113952637 14.115551948547363 14.089664459228516 14.258496284484863 14.395392417907715 14.460576057434082 14.664959907531738 16.912479400634766 15.799072265625 14.267616271972656 14.143136024475098 14.26159954071045 14.244735717773438 14.896608352661133 14.872320175170898 
57.122337341308594 37.32080078125 38.33135986328125 39.42041778564453 38.60649490356445 38.75395202636719 38.584320068359375 64.34019470214844 44.35011291503906 37.5016975402832 37.76579284667969 37.38608169555664 38.808895111083984 37.96480178833008 38.088993072509766 37.64303970336914 
54.2242546081543 37.63951873779297 38.14057540893555 38.82486343383789 38.5684814453125 38.26678466796875 38.81078338623047 38.52732849121094 43.06819152832031 38.274112701416016 37.985633850097656 37.862945556640625 37.7237434387207 37.83036804199219 38.50572967529297 38.31926345825195 
53.248992919921875 37.983455657958984 37.64393615722656 38.08163070678711 39.3765754699707 38.985694885253906 38.98767852783203 38.506046295166016 42.946815490722656 37.61779022216797 37.9730224609375 37.71628952026367 37.48060989379883 38.1080322265625 37.52851104736328 37.73836898803711 
52.24233627319336 38.86857604980469 38.69529724121094 38.14527893066406 39.56256103515625 39.87247848510742 39.965728759765625 39.00726318359375 46.338111877441406 38.112545013427734 37.60015869140625 37.81135940551758 37.791969299316406 38.40483093261719 37.88729476928711 37.54729461669922 
56.39120101928711 38.776161193847656 38.0048942565918 40.11804962158203 39.458656311035156 39.452449798583984 38.121856689453125 37.90480041503906 43.90480041503906 37.59360122680664 38.56361770629883 37.457374572753906 37.70383834838867 38.496097564697266 37.99033737182617 38.90492630004883 
52.223873138427734 37.36716842651367 39.2081298828125 39.61939239501953 40.07299041748047 39.843807220458984 38.68889617919922 39.60793685913086 42.22256088256836 37.53091049194336 37.829856872558594 38.52067184448242 38.090110778808594 37.52550506591797 37.46355056762695 38.12006378173828 
52.224063873291016 39.068416595458984 38.992286682128906 38.15203094482422 38.25699234008789 38.51523208618164 38.54732894897461 39.10179138183594 44.14031982421875 37.57872009277344 37.911102294921875 38.11686325073242 38.11686325073242 37.62742233276367 37.52732849121094 38.46460723876953 
53.21123123168945 39.166175842285156 38.1572151184082 39.2918701171875 38.93977737426758 38.886207580566406 38.2042236328125 38.01465606689453 43.70627212524414 37.58892822265625 37.453311920166016 38.13827133178711 38.582847595214844 38.28899383544922 37.422080993652344 37.480865478515625 
56.19596862792969 37.82032012939453 37.982078552246094 39.260032653808594 39.04937744140625 39.854305267333984 40.66105651855469 40.04767990112305 43.951358795166016 38.06467056274414 38.00032043457031 38.896671295166016 37.56012725830078 38.321502685546875 37.45820617675781 38.459617614746094 
53.31983947753906 38.78607940673828 38.22380828857422 39.43113708496094 39.166751861572266 39.85590362548828 39.505279541015625 39.521217346191406 42.73164749145508 37.42252731323242 37.514976501464844 37.71507263183594 38.6399040222168 37.380287170410156 38.27052688598633 38.06550216674805 
61.421470642089844 45.91279983520508 28.531871795654297 28.394880294799805 28.439456939697266 113.72783660888672 20.930143356323242 54.59715270996094 26.100767135620117 21.610431671142578 21.8753604888916 21.62201690673828 21.73308753967285 22.094207763671875 21.675167083740234 21.721696853637695 
20.912479400634766 20.62700843811035 20.391551971435547 20.42255973815918 20.391616821289062 20.43619155883789 20.47747230529785 20.507680892944336 23.7491512298584 21.546783447265625 20.716447830200195 20.739776611328125 21.302783966064453 20.975936889648438 20.967456817626953 20.836000442504883 
50.84409713745117 28.049823760986328 196.41891479492188 28.395904541015625 30.231647491455078 20.876575469970703 20.800256729125977 20.993791580200195 24.212928771972656 21.528736114501953 21.952287673950195 21.762975692749023 21.671680450439453 21.66761589050293 23.35558319091797 21.75289535522461 
20.779232025146484 20.462047576904297 20.838943481445312 20.96121597290039 20.933887481689453 20.882976531982422 21.050207138061523 21.028928756713867 23.79859161376953 21.669504165649414 20.84105682373047 20.504512786865234 20.93391990661621 20.835168838500977 21.123552322387695 20.94313621520996 
47.664608001708984 29.189855575561523 207.81085205078125 28.47715187072754 23.675071716308594 20.867679595947266 21.273664474487305 21.631135940551758 24.965824127197266 21.893728256225586 22.367935180664062 21.433696746826172 21.618080139160156 22.360576629638672 21.60166358947754 21.937280654907227 
21.15817642211914 20.55023956298828 20.39459228515625 20.60163116455078 20.638944625854492 20.653535842895508 20.893184661865234 21.437440872192383 23.966495513916016 20.990591049194336 21.115455627441406 21.11612892150879 21.577056884765625 20.69545555114746 20.840831756591797 21.266847610473633 
45.6058235168457 29.16035270690918 208.86703491210938 28.444255828857422 23.198015213012695 20.93891143798828 21.018943786621094 21.063488006591797 26.695743560791016 21.749216079711914 21.69705581665039 21.735584259033203 21.75119972229004 22.030271530151367 21.388992309570312 21.894943237304688 
20.809280395507812 20.45961570739746 20.475584030151367 20.579679489135742 20.84636878967285 20.989824295043945 21.33750343322754 21.4453125 24.1760311126709 21.035423278808594 21.087039947509766 20.755456924438477 21.01625633239746 20.873855590820312 20.868480682373047 20.769695281982422 
45.61360168457031 28.00432014465332 204.74099731445312 28.477344512939453 25.445823669433594 20.891584396362305 20.943456649780273 21.117504119873047 25.235679626464844 21.96224021911621 22.085695266723633 21.92780876159668 21.7521915435791 21.537151336669922 21.757247924804688 21.788192749023438 
20.66703987121582 20.58620834350586 20.94304084777832 21.130624771118164 21.146591186523438 21.28816032409668 21.13884735107422 21.012704849243164 24.175552368164062 21.482879638671875 20.671072006225586 20.891071319580078 21.314847946166992 21.093215942382812 20.66592025756836 21.08937644958496 
45.59718322753906 29.160415649414062 215.22434997558594 28.43391990661621 21.666847229003906 20.832416534423828 21.104576110839844 21.101823806762695 25.5710391998291 22.032896041870117 22.190656661987305 21.580032348632812 21.641311645507812 22.221824645996094 21.629247665405273 21.859968185424805 
20.94607925415039 20.4968318939209 20.495328903198242 20.65667152404785 20.806880950927734 21.120960235595703 21.271455764770508 21.537248611450195 23.92416000366211 21.145631790161133 20.612735748291016 20.80463981628418 21.367839813232422 20.890623092651367 20.477983474731445 21.10678482055664 
48.783233642578125 29.07792091369629 203.64291381835938 28.44223976135254 22.944576263427734 20.837984085083008 21.410655975341797 21.418336868286133 25.944992065429688 21.714080810546875 22.30259132385254 21.812480926513672 21.484159469604492 21.847871780395508 21.335552215576172 21.902912139892578 
20.935359954833984 20.522911071777344 20.909568786621094 21.04230308532715 20.979551315307617 21.047359466552734 21.06608009338379 20.868192672729492 24.209407806396484 21.279008865356445 21.000831604003906 21.015392303466797 20.861440658569336 20.76406478881836 20.72377586364746 21.099103927612305 
47.707454681396484 28.100255966186523 202.5497589111328 28.434911727905273 25.224000930786133 20.837919235229492 20.87887954711914 20.9815673828125 25.717824935913086 21.825088500976562 21.760831832885742 21.542720794677734 21.9619197845459 21.872159957885742 21.74224090576172 21.6942081451416 
20.571456909179688 20.486560821533203 20.624544143676758 20.568639755249023 20.54198455810547 20.544384002685547 20.523456573486328 20.52195167541504 23.48784065246582 20.774656295776367 20.786144256591797 21.069311141967773 20.95734405517578 20.935359954833984 20.82486343383789 21.104576110839844 
45.557376861572266 28.119136810302734 201.6393585205078 29.44393539428711 27.014047622680664 21.181856155395508 21.024927139282227 21.41926383972168 24.766048431396484 21.647424697875977 21.84752082824707 21.596479415893555 21.92470359802246 21.772607803344727 21.53049659729004 21.852415084838867 
20.95145606994629 20.512128829956055 20.350431442260742 20.380416870117188 20.469087600708008 20.502304077148438 20.618303298950195 20.68560028076172 23.503807067871094 21.05379295349121 20.798303604125977 20.958560943603516 20.934911727905273 21.153728485107422 21.019519805908203 20.72547149658203 
45.55855941772461 30.193151473999023 210.11654663085938 28.246976852416992 21.302143096923828 21.040063858032227 21.353792190551758 21.404447555541992 25.7030086517334 21.69811248779297 21.81475257873535 21.49407958984375 21.75049591064453 21.979360580444336 21.52118492126465 21.730207443237305 
20.936735153198242 20.44486427307129 20.470016479492188 20.52908706665039 20.543296813964844 20.5883846282959 20.65830421447754 20.709247589111328 24.836383819580078 21.022239685058594 20.741024017333984 20.858943939208984 21.047584533691406 21.79692840576172 20.807552337646484 20.715999603271484 
37.06083297729492 21.173471450805664 21.039424896240234 192.13180541992188 21.008352279663086 24.395967483520508 21.567424774169922 21.112607955932617 24.594623565673828 21.511680603027344 21.555904388427734 21.691007614135742 21.5644474029541 21.57811164855957 21.515552520751953 21.595935821533203 
24.708383560180664 24.66067123413086 24.518495559692383 24.481504440307617 24.424448013305664 24.992319107055664 24.960735321044922 24.608543395996094 28.80745506286621 24.395263671875 24.568607330322266 24.401920318603516 24.462112426757812 24.330047607421875 24.40412712097168 24.761375427246094 
37.06099319458008 21.238208770751953 22.140640258789062 20.981407165527344 85.98294067382812 20.766464233398438 21.02115249633789 21.80681610107422 24.74412727355957 21.422815322875977 21.498624801635742 21.567455291748047 21.399328231811523 21.471616744995117 21.371936798095703 21.350080490112305 
24.835424423217773 24.395872116088867 24.95574378967285 25.36252784729004 24.785247802734375 24.342687606811523 24.441728591918945 24.671871185302734 28.024160385131836 24.61452865600586 24.236000061035156 24.752832412719727 24.514816284179688 24.427520751953125 24.540159225463867 24.663360595703125 
37.08211135864258 21.18169593811035 22.169408798217773 99.07234954833984 20.785568237304688 20.765695571899414 21.427711486816406 21.138431549072266 23.714719772338867 21.512832641601562 21.4267520904541 21.4685115814209 21.456575393676758 21.468704223632812 21.43484878540039 21.5251522064209 
24.8156795501709 24.372608184814453 24.328447341918945 25.286975860595703 25.003263473510742 24.523967742919922 24.784032821655273 25.34172821044922 28.95782470703125 24.941024780273438 24.817663192749023 24.69878387451172 24.715328216552734 24.92278480529785 24.79430389404297 25.20537567138672 
37.047359466552734 21.228607177734375 22.582271575927734 107.65030670166016 20.790624618530273 20.760799407958984 20.826208114624023 20.969472885131836 25.83024024963379 21.67478370666504 21.565248489379883 21.37401580810547 21.442655563354492 21.514400482177734 21.3690242767334 21.400287628173828 
24.752031326293945 24.505599975585938 24.233440399169922 24.444032669067383 24.533376693725586 24.931615829467773 24.597888946533203 24.439647674560547 28.568191528320312 24.516063690185547 24.616735458374023 24.518495559692383 24.82931137084961 24.822399139404297 24.55936050415039 24.595199584960938 
37.08620834350586 21.190143585205078 22.091583251953125 102.02166748046875 20.816160202026367 20.86079978942871 21.090431213378906 21.240800857543945 24.083967208862305 21.523775100708008 21.407167434692383 21.406240463256836 21.403104782104492 21.56671905517578 21.52582359313965 21.419679641723633 
25.08678436279297 24.591968536376953 24.62601661682129 24.45724868774414 24.4749755859375 25.041696548461914 25.19036865234375 24.49260711669922 28.60268783569336 24.23676872253418 24.635616302490234 24.58073616027832 24.58220863342285 24.604543685913086 24.653568267822266 24.930944442749023 
37.12566375732422 21.146240234375 22.078880310058594 128.3074951171875 20.74460792541504 20.730304718017578 21.182464599609375 21.941408157348633 25.14009666442871 21.516672134399414 21.512319564819336 21.337247848510742 21.625728607177734 21.427135467529297 21.419647216796875 21.36457633972168 
24.82569694519043 24.799936294555664 24.77440071105957 24.542112350463867 24.4267520904541 24.43734359741211 24.562368392944336 24.621599197387695 28.49852752685547 24.590463638305664 24.89686393737793 25.06934356689453 24.718528747558594 24.503007888793945 24.603839874267578 24.75551986694336 
37.08070373535156 22.234752655029297 125.97500610351562 20.753759384155273 21.16431999206543 21.42076873779297 21.780927658081055 21.860448837280273 25.231103897094727 21.487520217895508 21.925472259521484 21.51545524597168 21.661888122558594 21.632448196411133 21.637727737426758 21.596288681030273 
24.90233612060547 24.307519912719727 24.87740707397461 25.08073616027832 24.732704162597656 24.445152282714844 24.631999969482422 25.275360107421875 29.195167541503906 24.925504684448242 24.736255645751953 24.30303955078125 24.651424407958984 24.513280868530273 24.518495559692383 25.27356719970703 
37.132991790771484 21.122783660888672 22.15395164489746 108.09769439697266 21.318464279174805 20.989952087402344 21.368255615234375 21.998111724853516 26.145408630371094 21.931072235107422 21.312288284301758 21.560447692871094 21.973119735717773 21.331392288208008 21.464223861694336 21.899391174316406 
24.714431762695312 24.442432403564453 24.27734375 24.715328216552734 25.186975479125977 25.058944702148438 24.615968704223633 24.73651123046875 29.654016494750977 24.64851188659668 24.95408058166504 24.690208435058594 24.812000274658203 24.614431381225586 24.82975959777832 24.958751678466797 
38.129886627197266 21.172544479370117 22.069183349609375 108.3392333984375 20.820863723754883 20.88150405883789 21.193439483642578 21.34876823425293 25.698463439941406 21.48316764831543 21.495296478271484 21.466144561767578 21.4135684967041 21.503040313720703 21.27782440185547 21.63715171813965 
24.8088321685791 24.331647872924805 25.19286346435547 25.34943962097168 24.64944076538086 24.531871795654297 25.372512817382812 26.841407775878906 29.297344207763672 24.80396842956543 24.544416427612305 24.454591751098633 24.353919982910156 24.876800537109375 24.94416046142578 24.724992752075195 
39.2147216796875 21.112512588500977 22.075584411621094 111.7017593383789 20.846975326538086 20.81007957458496 21.085887908935547 21.060287475585938 24.78179168701172 21.475872039794922 21.818239212036133 21.4234561920166 21.316864013671875 21.79043197631836 21.464351654052734 21.892927169799805 
25.028736114501953 24.259424209594727 24.880447387695312 24.9736328125 24.842527389526367 24.480703353881836 24.708255767822266 25.23302459716797 28.617216110229492 24.854143142700195 24.682464599609375 24.451711654663086 24.417888641357422 24.528928756713867 24.672191619873047 24.90559959411621 
40.426815032958984 28.069440841674805 121.77442932128906 20.453216552734375 20.43497657775879 20.679840087890625 20.731584548950195 20.78668785095215 26.653024673461914 21.021888732910156 21.191936492919922 20.86614418029785 21.092607498168945 21.209760665893555 21.04630470275879 21.263328552246094 
21.99123191833496 21.531648635864258 21.621824264526367 21.859359741210938 21.66102409362793 21.59712028503418 21.553983688354492 21.382080078125 25.170848846435547 21.745824813842773 21.23868751525879 22.742496490478516 21.435136795043945 21.669631958007812 21.55891227722168 21.83545684814453 
39.427425384521484 29.099327087402344 72.5235824584961 27.37001609802246 28.35625648498535 143.514404296875 20.446367263793945 20.549312591552734 26.756223678588867 21.40787124633789 20.91200065612793 21.04863929748535 21.13680076599121 20.94723129272461 20.98396873474121 21.405439376831055 
21.55580711364746 21.27529525756836 21.63484764099121 21.557600021362305 21.49216079711914 21.407520294189453 21.36345672607422 21.5479679107666 24.817472457885742 21.886816024780273 21.611936569213867 21.424448013305664 21.72662353515625 22.271007537841797 21.551008224487305 22.301151275634766 
39.43862533569336 28.04697608947754 42.18479919433594 29.360288619995117 27.35318374633789 27.37664031982422 142.9434814453125 20.392288208007812 28.256576538085938 20.855520248413086 21.14735984802246 21.288223266601562 20.935935974121094 21.202783584594727 21.214208602905273 21.010496139526367 
22.01900863647461 21.6810245513916 21.94476890563965 21.990943908691406 21.820640563964844 21.61235237121582 21.476703643798828 21.412063598632812 24.95199966430664 21.702880859375 21.65068817138672 21.78278350830078 21.457216262817383 21.75974464416504 21.956832885742188 21.75164794921875 
40.471649169921875 29.05187225341797 28.456703186035156 67.26783752441406 27.374496459960938 27.46790313720703 122.26582336425781 20.54764747619629 27.950464248657227 20.937759399414062 21.107807159423828 20.954240798950195 20.987648010253906 21.176319122314453 21.278335571289062 20.864032745361328 
21.542591094970703 21.120895385742188 21.237119674682617 21.44099235534668 21.842336654663086 22.0262393951416 22.099008560180664 22.003936767578125 25.136831283569336 21.46009635925293 21.815744400024414 21.708351135253906 21.699968338012695 21.6243839263916 21.666208267211914 21.525375366210938 
39.43964767456055 28.035423278808594 29.450239181518555 28.57980728149414 28.29756736755371 28.428735733032227 27.648351669311523 126.96578979492188 27.929536819458008 21.124000549316406 20.959392547607422 21.040607452392578 21.196256637573242 20.904672622680664 20.879135131835938 21.30156707763672 
21.837791442871094 21.424224853515625 21.51535987854004 21.591583251953125 21.620288848876953 21.500608444213867 21.45724868774414 21.33785629272461 24.62259292602539 21.55094337463379 21.718399047851562 21.489824295043945 21.614336013793945 21.915103912353516 22.877471923828125 21.89251136779785 
40.48348617553711 28.07151985168457 80.92937469482422 29.41084861755371 27.3703670501709 129.74525451660156 20.468767166137695 20.664352416992188 28.713823318481445 20.925472259521484 20.879072189331055 21.193824768066406 21.33014488220215 20.964000701904297 21.298847198486328 21.262815475463867 
21.786720275878906 21.19206428527832 21.189695358276367 21.359296798706055 21.49001693725586 21.526592254638672 21.712223052978516 22.88153648376465 25.88742446899414 21.771135330200195 21.79020881652832 21.583744049072266 21.55708885192871 21.447328567504883 21.629056930541992 22.299360275268555 
39.4233283996582 29.095552444458008 39.10492706298828 30.462623596191406 32.55420684814453 28.411840438842773 140.3737335205078 20.491008758544922 28.458112716674805 21.209856033325195 21.048992156982422 21.517919540405273 21.22313690185547 20.97609519958496 21.414560317993164 21.2761287689209 
21.653919219970703 21.49273681640625 21.65724754333496 21.637279510498047 21.566240310668945 21.46656036376953 21.32374382019043 21.370271682739258 24.232799530029297 21.678783416748047 21.572288513183594 21.515104293823242 21.902847290039062 21.614303588867188 21.97545623779297 21.836992263793945 
39.404319763183594 28.098880767822266 83.02496337890625 29.387487411499023 27.41417694091797 134.32809448242188 20.359712600708008 20.45244789123535 26.78976058959961 20.885120391845703 22.178272247314453 20.952768325805664 21.08415985107422 21.455263137817383 20.979904174804688 21.1013126373291 
22.075519561767578 21.373760223388672 21.499839782714844 21.66147232055664 21.632287979125977 22.47920036315918 22.23094367980957 22.07926368713379 24.984447479248047 22.026527404785156 21.516735076904297 21.91200065612793 21.706880569458008 21.46291160583496 21.576223373413086 21.965280532836914 
39.39683151245117 28.02783966064453 37.03472137451172 29.274944305419922 27.637184143066406 28.314720153808594 150.1766357421875 20.52851104736328 29.583328247070312 21.064544677734375 21.0295352935791 21.244319915771484 21.03116798400879 20.9979190826416 20.718591690063477 21.047935485839844 
21.4979190826416 21.23232078552246 21.333311080932617 21.38662338256836 21.311359405517578 21.49126434326172 21.43075180053711 21.44259262084961 24.777952194213867 21.50966453552246 22.08073616027832 21.483776092529297 21.873151779174805 21.588768005371094 21.482879638671875 21.745759963989258 
39.418209075927734 28.040992736816406 40.19811248779297 48.119422912597656 27.39081573486328 27.32329559326172 131.4826202392578 20.48102378845215 27.141311645507812 20.9050235748291 21.248672485351562 21.04694366455078 21.055200576782227 21.206016540527344 21.103296279907227 21.14579200744629 
21.99884796142578 21.450176239013672 21.543519973754883 21.62646484375 21.63580894470215 22.258623123168945 22.088159561157227 22.10063934326172 24.580127716064453 21.574752807617188 21.488191604614258 21.713279724121094 21.983423233032227 21.722623825073242 21.487775802612305 22.095008850097656 
47.26665496826172 26.963520050048828 26.450239181518555 28.409631729125977 26.310400009155273 26.338687896728516 26.405920028686523 23.19094467163086 24.626880645751953 20.11507225036621 20.003999710083008 19.89606475830078 20.3687686920166 20.001344680786133 20.03011131286621 20.120832443237305 
23.289152145385742 23.203168869018555 23.404224395751953 23.213279724121094 22.992544174194336 22.724576950073242 22.821664810180664 23.386079788208008 27.98371124267578 22.8822078704834 23.550304412841797 23.298015594482422 23.197792053222656 23.287424087524414 22.880191802978516 23.27622413635254 
46.70435333251953 26.44985580444336 28.447423934936523 231.5296630859375 20.375999450683594 19.38243293762207 19.58745574951172 20.193279266357422 24.90483283996582 19.97475242614746 19.738847732543945 20.090463638305664 20.054784774780273 19.999359130859375 20.098976135253906 20.07321548461914 
23.68022346496582 23.007776260375977 23.005184173583984 23.24563217163086 22.954879760742188 22.861408233642578 22.803104400634766 23.208288192749023 27.22003173828125 22.925024032592773 22.59574317932129 22.926271438598633 22.95622444152832 22.771968841552734 23.103168487548828 23.427616119384766 
44.10326385498047 28.039199829101562 27.334367752075195 115.5997085571289 29.402912139892578 26.336383819580078 26.301279067993164 26.35094451904297 24.622175216674805 20.022783279418945 20.00886344909668 20.090335845947266 20.06822395324707 19.92131233215332 19.993152618408203 20.149599075317383 
23.118751525878906 23.038240432739258 23.23308753967285 23.170528411865234 22.992767333984375 22.64886474609375 22.664735794067383 23.326175689697266 27.25324821472168 22.908096313476562 23.108224868774414 22.83478355407715 23.258655548095703 23.005823135375977 23.16057586669922 23.031455993652344 
45.15856170654297 28.030208587646484 26.326208114624023 235.11871337890625 19.34601593017578 19.373247146606445 20.138336181640625 20.46134376525879 25.198368072509766 20.326688766479492 20.911968231201172 20.00886344909668 20.094911575317383 20.019968032836914 19.959583282470703 20.292160034179688 
23.231231689453125 22.766719818115234 23.20102310180664 23.098400115966797 23.0532169342041 22.788959503173828 22.751327514648438 23.175487518310547 27.151935577392578 23.11894416809082 23.261503219604492 23.5797119140625 23.046464920043945 22.677536010742188 23.19808006286621 23.037887573242188 
46.198177337646484 28.010623931884766 26.32271957397461 127.07917022705078 26.335264205932617 26.30499267578125 26.352895736694336 26.27292823791504 24.439647674560547 20.241119384765625 20.128480911254883 20.19977569580078 19.971935272216797 19.995071411132812 20.175743103027344 20.171520233154297 
23.683168411254883 23.233631134033203 23.348031997680664 23.363679885864258 23.119712829589844 22.877567291259766 22.72256088256836 23.30646324157715 27.059263229370117 22.928800582885742 23.284000396728516 24.222848892211914 23.210752487182617 23.05504035949707 23.518592834472656 22.74982452392578 
45.10572814941406 28.065088272094727 27.390592575073242 222.54354858398438 19.9467830657959 19.419391632080078 19.388288497924805 19.611583709716797 25.974655151367188 20.431903839111328 20.619775772094727 20.331520080566406 20.143871307373047 20.841888427734375 20.127967834472656 19.684864044189453 
23.37628746032715 23.21552085876465 23.54096031188965 23.31929588317871 23.10393524169922 22.85196876525879 22.61782455444336 22.970624923706055 27.074527740478516 22.940736770629883 23.293344497680664 23.21990394592285 22.915775299072266 23.084800720214844 22.983808517456055 23.255008697509766 
46.18009567260742 28.02124786376953 28.635040283203125 119.54962921142578 28.48703956604004 26.292640686035156 26.36787223815918 26.25347137451172 25.255903244018555 19.940736770629883 20.174175262451172 20.14169692993164 20.185440063476562 19.839712142944336 20.055904388427734 20.084287643432617 
23.214752197265625 23.072032928466797 23.16659164428711 23.22332763671875 23.01372718811035 22.656415939331055 22.627328872680664 23.213760375976562 27.419967651367188 23.165536880493164 23.1757755279541 23.780160903930664 23.05081558227539 24.27779197692871 22.837791442871094 23.042240142822266 
46.19279861450195 28.017536163330078 27.411392211914062 221.46575927734375 20.18662452697754 19.38003158569336 19.378368377685547 19.534528732299805 24.515039443969727 20.061567306518555 19.977439880371094 20.11884880065918 20.143104553222656 20.158079147338867 19.835935592651367 20.06857681274414 
22.993759155273438 23.11084747314453 23.36796760559082 23.339616775512695 22.954912185668945 22.784000396728516 22.679359436035156 22.733951568603516 27.691936492919922 23.115680694580078 23.699424743652344 22.754783630371094 23.247264862060547 23.176128387451172 23.371967315673828 22.870399475097656 
47.23606491088867 26.96895980834961 27.385183334350586 127.0732192993164 26.325727462768555 26.331071853637695 26.332128524780273 25.39958381652832 25.8338565826416 20.166208267211914 20.18819236755371 20.160703659057617 20.43075180053711 20.374048233032227 20.068096160888672 20.141727447509766 
23.37494468688965 22.893375396728516 23.047807693481445 22.93561553955078 22.7674560546875 22.756671905517578 22.73481559753418 23.562528610229492 27.699647903442383 23.275007247924805 22.96678352355957 24.93631935119629 23.744672775268555 22.93244743347168 24.17136001586914 23.25142478942871 
46.18102264404297 26.98758316040039 26.3306884765625 215.2310791015625 19.869951248168945 19.801536560058594 20.013439178466797 20.294208526611328 25.25107192993164 20.357120513916016 20.23651123046875 20.806367874145508 20.15452766418457 19.978464126586914 20.296863555908203 20.154111862182617 
23.247455596923828 23.28156852722168 23.464576721191406 23.370527267456055 23.080991744995117 22.798463821411133 22.660480499267578 23.247583389282227 27.46259117126465 23.255647659301758 22.667999267578125 23.07494354248047 22.80124855041504 23.125408172607422 23.150175094604492 23.030975341796875 
29.221248626708984 15.642720222473145 15.65999984741211 15.783935546875 23.246112823486328 15.757696151733398 100.76057434082031 15.699616432189941 19.817983627319336 16.290559768676758 17.150592803955078 16.52351951599121 16.539871215820312 16.55891227722168 16.445215225219727 16.643903732299805 
16.669919967651367 16.26736068725586 16.245407104492188 16.615264892578125 16.814943313598633 16.830047607421875 16.63907241821289 16.448928833007812 19.01068878173828 16.631359100341797 16.927200317382812 16.75062370300293 16.97737693786621 16.609695434570312 16.240575790405273 16.526527404785156 
29.881919860839844 15.637727737426758 15.653216361999512 15.756256103515625 16.180736541748047 16.276512145996094 16.111263275146484 59.13113784790039 23.326496124267578 16.491071701049805 16.431808471679688 16.80944061279297 16.28995132446289 16.631103515625 16.411039352416992 16.785823822021484 
16.956480026245117 16.175647735595703 16.38559913635254 16.342975616455078 16.34979248046875 16.195615768432617 16.170976638793945 16.25916862487793 19.537919998168945 16.82793617248535 16.189727783203125 16.367263793945312 16.66851234436035 17.33875274658203 16.899999618530273 16.347808837890625 
28.84480094909668 15.687904357910156 15.684576034545898 16.01068878173828 16.363264083862305 16.631423950195312 16.539552688598633 60.98223876953125 22.015104293823242 16.798847198486328 16.586624145507812 16.54172706604004 16.68649673461914 16.476640701293945 16.714176177978516 16.164608001708984 
16.583776473999023 16.107391357421875 16.23276710510254 16.14735984802246 16.128864288330078 16.15932846069336 16.32476806640625 16.562911987304688 18.792224884033203 17.097951889038086 16.335712432861328 16.72412872314453 16.162912368774414 16.186880111694336 16.311296463012695 16.57129669189453 
28.837568283081055 15.659423828125 15.68569564819336 15.93222427368164 16.27129554748535 16.53321647644043 16.302688598632812 53.11212921142578 21.646879196166992 17.213472366333008 16.024831771850586 17.147424697875977 16.434368133544922 17.447904586791992 15.969247817993164 17.20467185974121 
16.65760040283203 16.127840042114258 16.27395248413086 16.188383102416992 16.327680587768555 16.23232078552246 16.361696243286133 16.61871910095215 18.784832000732422 16.60527992248535 17.463167190551758 16.411903381347656 17.402719497680664 16.764320373535156 17.104896545410156 16.631935119628906 
28.791711807250977 15.667167663574219 15.732799530029297 16.09734344482422 16.350303649902344 16.100160598754883 15.998047828674316 84.03075408935547 20.31760025024414 16.7807674407959 16.66092872619629 16.394752502441406 16.85852813720703 16.15100860595703 16.612415313720703 16.154111862182617 
16.719135284423828 16.191232681274414 16.07961654663086 16.110687255859375 16.379615783691406 16.40460777282715 16.504032135009766 16.287616729736328 16.35424041748047 16.620447158813477 17.276512145996094 16.543071746826172 17.337343215942383 16.6296329498291 16.865407943725586 16.562463760375977 
30.927776336669922 15.67465591430664 15.663904190063477 16.015552520751953 16.115711212158203 16.026655197143555 15.995840072631836 58.227359771728516 23.546112060546875 16.974687576293945 15.984607696533203 16.003360748291016 16.13225555419922 16.208768844604492 16.919071197509766 16.350688934326172 
16.960895538330078 16.36739158630371 16.356191635131836 16.204416275024414 16.119808197021484 16.344575881958008 16.589632034301758 16.895360946655273 19.09347152709961 16.5314884185791 16.413375854492188 17.0250244140625 16.621631622314453 16.2445125579834 16.379871368408203 16.368576049804688 
28.83417510986328 15.67244815826416 15.653696060180664 15.710783958435059 16.037824630737305 16.10198402404785 16.095487594604492 66.82540893554688 23.08425521850586 16.610111236572266 16.37740707397461 16.018815994262695 16.289663314819336 15.931296348571777 15.937312126159668 16.75481605529785 
16.821247100830078 16.159103393554688 16.164640426635742 16.246015548706055 16.26630401611328 16.211135864257812 16.41481590270996 16.662944793701172 18.368576049804688 16.45689582824707 16.859359741210938 16.180864334106445 16.59222412109375 16.68060874938965 17.116512298583984 16.177663803100586 
28.83990478515625 15.694975852966309 15.760160446166992 15.752511978149414 16.238975524902344 16.06732749938965 15.986847877502441 66.57097625732422 21.730560302734375 16.892736434936523 16.007808685302734 16.422176361083984 16.87107276916504 16.321535110473633 16.637407302856445 16.006271362304688 
16.823488235473633 16.276992797851562 16.29360008239746 16.077152252197266 16.279071807861328 16.43779182434082 16.77350425720215 17.0130558013916 17.161407470703125 16.426528930664062 17.150943756103516 16.070207595825195 16.229215621948242 16.218687057495117 16.54300880432129 16.296512603759766 
28.836896896362305 15.665216445922852 15.656096458435059 15.668191909790039 15.839520454406738 16.208127975463867 16.094655990600586 63.79359817504883 19.092544555664062 16.805824279785156 16.82521629333496 16.34614372253418 17.094528198242188 16.40483283996582 17.300960540771484 16.482463836669922 
17.46601676940918 16.431135177612305 16.43008041381836 16.35081672668457 16.267744064331055 16.277023315429688 16.572832107543945 16.781343460083008 18.13759994506836 16.799264907836914 16.569503784179688 17.39900779724121 17.104896545410156 16.452543258666992 16.811744689941406 16.81376075744629 
33.02284622192383 15.66988754272461 15.653311729431152 16.015552520751953 16.06889533996582 16.074848175048828 16.255327224731445 33.140960693359375 23.61369514465332 16.072288513183594 16.706464767456055 16.39148712158203 16.80348777770996 16.327199935913086 16.31929588317871 16.69055938720703 
16.631263732910156 16.160831451416016 16.09663963317871 16.486143112182617 16.714111328125 16.72515106201172 16.698528289794922 16.33184051513672 17.055551528930664 16.929855346679688 16.257503509521484 16.182655334472656 16.578527450561523 16.554367065429688 16.49955177307129 16.63257598876953 
33.56505584716797 17.861984252929688 17.863136291503906 17.862720489501953 18.09542465209961 18.717599868774414 18.71107292175293 50.23984146118164 24.657472610473633 18.572511672973633 18.50908851623535 18.340255737304688 19.790496826171875 20.242847442626953 18.88688087463379 18.516128540039062 
20.05116844177246 19.618976593017578 19.66649627685547 19.56380844116211 19.675487518310547 19.73699188232422 19.827232360839844 19.901599884033203 24.130592346191406 20.374624252319336 20.112672805786133 20.449504852294922 20.245664596557617 20.416927337646484 20.320512771606445 20.074111938476562 
52.484832763671875 17.845279693603516 18.26425552368164 18.408287048339844 18.79395294189453 18.7840633392334 18.680543899536133 18.438655853271484 20.950464248657227 19.278976440429688 18.583999633789062 18.188671112060547 17.903520584106445 19.482816696166992 18.85331153869629 18.81011199951172 
20.05513572692871 19.72332763671875 19.596223831176758 19.69683265686035 19.703392028808594 19.74073600769043 19.744735717773438 19.7379207611084 23.296192169189453 20.341567993164062 20.28348731994629 20.058368682861328 20.160991668701172 20.064800262451172 20.066463470458984 20.201696395874023 
39.886497497558594 17.843551635742188 17.91312026977539 18.013248443603516 18.13580894470215 18.102304458618164 18.195232391357422 18.588159561157227 20.71683120727539 18.27827262878418 18.397504806518555 19.38003158569336 18.402048110961914 18.471168518066406 18.364032745361328 19.194047927856445 
20.820255279541016 20.063039779663086 20.042560577392578 20.029504776000977 19.988224029541016 20.15932846069336 20.25382423400879 20.07699203491211 24.305952072143555 20.46758460998535 19.691007614135742 20.41324806213379 20.09552001953125 20.24787139892578 20.17011260986328 20.484128952026367 
52.46137619018555 17.83020782470703 17.84828758239746 17.920352935791016 18.016767501831055 18.33932876586914 18.650592803955078 18.724096298217773 18.170400619506836 19.198944091796875 19.044767379760742 18.768352508544922 18.53513526916504 18.11743927001953 19.165151596069336 19.063840866088867 
20.30086326599121 19.93132781982422 20.33990478515625 20.616479873657227 20.513376235961914 20.41004753112793 20.35113525390625 20.32655906677246 22.873023986816406 20.263872146606445 19.84182357788086 20.20921516418457 20.528480529785156 20.158432006835938 20.105056762695312 19.89072036743164 
56.66630554199219 17.87926483154297 17.903072357177734 18.128192901611328 18.322975158691406 18.82512092590332 18.817216873168945 18.863744735717773 20.695680618286133 18.862560272216797 18.27734375 19.020767211914062 18.964479446411133 18.789535522460938 18.307552337646484 18.297407150268555 
21.093599319458008 20.369792938232422 19.897920608520508 19.787328720092773 19.789791107177734 19.92425537109375 20.39468765258789 20.066495895385742 23.01932716369629 20.352352142333984 20.185792922973633 20.8525447845459 19.925312042236328 20.09872055053711 20.5064640045166 20.395967483520508 
42.647743225097656 17.8525447845459 17.848800659179688 17.856992721557617 18.38719940185547 18.476192474365234 18.314271926879883 18.261823654174805 21.139936447143555 19.136064529418945 18.730815887451172 18.532575607299805 18.097951889038086 18.584575653076172 19.5 18.53308868408203 
20.23619270324707 19.8057918548584 19.727231979370117 19.780607223510742 19.851648330688477 19.86467170715332 19.775232315063477 19.82032012939453 23.38163185119629 21.06755256652832 19.964927673339844 19.73980712890625 20.06675148010254 19.91747283935547 20.00601577758789 20.225887298583984 
54.5335693359375 17.828031539916992 17.865312576293945 17.88092803955078 18.06342315673828 18.08460807800293 18.382400512695312 18.58028793334961 22.00102424621582 18.841760635375977 18.88662338256836 19.004159927368164 18.9171199798584 18.47635269165039 19.475648880004883 18.641984939575195 
20.75071907043457 20.14512062072754 20.02022361755371 20.004383087158203 20.120607376098633 20.208255767822266 20.15363121032715 20.19865608215332 23.53433609008789 20.26915168762207 20.419328689575195 19.847455978393555 20.5263671875 20.11577606201172 20.22377586364746 20.085376739501953 
44.06819152832031 17.830047607421875 17.881023406982422 17.888032913208008 17.90985679626465 18.059776306152344 18.276704788208008 18.302528381347656 21.3853759765625 19.59699249267578 18.671295166015625 18.578399658203125 18.282880783081055 19.63644790649414 19.312671661376953 18.910144805908203 
20.481983184814453 20.02889633178711 20.444095611572266 20.54252815246582 20.596736907958984 20.66281509399414 20.559104919433594 20.36444854736328 21.113983154296875 20.286975860595703 20.282880783081055 20.47724723815918 19.899967193603516 20.12112045288086 20.501312255859375 20.261152267456055 
52.43529510498047 17.841632843017578 18.275680541992188 18.48899269104004 18.534143447875977 18.473567962646484 18.230239868164062 18.133119583129883 21.576223373413086 18.749759674072266 18.58483123779297 18.115232467651367 19.135263442993164 18.989696502685547 19.158815383911133 18.653728485107422 
20.048128128051758 19.564287185668945 19.603391647338867 19.651103973388672 19.58345603942871 19.641759872436523 19.64678382873535 19.685344696044922 22.8240966796875 20.68943977355957 20.337984085083008 20.188640594482422 20.1845760345459 19.95359992980957 19.937376022338867 19.889440536499023 
51.40480041503906 17.822303771972656 18.199840545654297 18.212736129760742 18.244224548339844 18.555360794067383 18.763904571533203 18.82851219177246 20.6975040435791 18.55174446105957 19.150848388671875 19.497087478637695 18.497695922851562 18.879487991333008 18.303743362426758 19.278751373291016 
20.712928771972656 20.106271743774414 20.0830078125 20.253087997436523 20.22559928894043 20.42767906188965 20.400928497314453 20.42140769958496 23.79987144470215 20.839296340942383 20.306432723999023 20.30121612548828 20.376224517822266 19.91663932800293 20.554431915283203 19.944543838500977 
62.11644744873047 42.48051071166992 37.75657653808594 37.110206604003906 36.814849853515625 35.80656051635742 30.01081657409668 29.9532470703125 36.78201675415039 30.277536392211914 30.5599365234375 30.749088287353516 30.644895553588867 30.858047485351562 30.931615829467773 30.88060760498047 
27.169055938720703 27.204063415527344 27.421152114868164 26.746112823486328 27.52115249633789 27.51558494567871 27.245088577270508 27.1724796295166 31.373567581176758 32.810302734375 27.31827163696289 27.116863250732422 28.500032424926758 27.438528060913086 33.860897064208984 103.38441467285156 
52.69919967651367 38.97894287109375 101.5910415649414 37.89033508300781 30.315776824951172 29.72096061706543 31.516319274902344 32.102142333984375 35.980926513671875 30.319807052612305 30.43596839904785 30.554784774780273 30.795583724975586 30.525951385498047 30.725791931152344 30.801408767700195 
26.57366371154785 26.49135971069336 26.260160446166992 27.44259262084961 27.563743591308594 26.89580726623535 27.17919921875 26.925888061523438 31.549535751342773 33.44182586669922 27.199871063232422 27.64838409423828 26.561248779296875 26.630495071411133 36.762657165527344 102.92095947265625 
53.69260787963867 39.02928161621094 95.7069091796875 36.755775451660156 36.743167877197266 30.582975387573242 31.015487670898438 31.130111694335938 38.125152587890625 30.36409568786621 30.378591537475586 30.08310317993164 31.402175903320312 31.720767974853516 30.682783126831055 30.546815872192383 
26.93961524963379 26.87104034423828 27.252639770507812 26.850048065185547 27.47100830078125 27.498111724853516 26.860511779785156 27.186464309692383 30.96886444091797 27.071359634399414 27.558847427368164 27.43280029296875 27.070240020751953 26.98201560974121 32.332000732421875 107.41222381591797 
53.77260971069336 37.10243225097656 95.18246459960938 38.886016845703125 34.75017547607422 30.32467269897461 30.34204864501953 30.950559616088867 37.437503814697266 30.541824340820312 30.340192794799805 30.250560760498047 30.54902458190918 30.494400024414062 30.780479431152344 30.78447914123535 
26.59734344482422 26.169343948364258 26.264127731323242 27.376800537109375 27.123071670532227 27.174047470092773 27.44476890563965 26.97920036315918 31.424480438232422 32.57548904418945 27.26291275024414 27.81590461730957 26.337919235229492 26.725568771362305 34.03004837036133 103.38700866699219 
52.71913528442383 37.8164176940918 84.20687866210938 36.492576599121094 38.16432189941406 30.360319137573242 29.99616050720215 30.971040725708008 37.60038375854492 30.507936477661133 30.60915184020996 30.616832733154297 30.63689613342285 31.13702392578125 30.65667152404785 30.681440353393555 
26.891584396362305 26.55708885192871 26.648256301879883 26.519615173339844 26.80441665649414 27.103776931762695 26.844959259033203 27.398815155029297 31.345632553100586 33.421695709228516 26.690208435058594 27.369312286376953 27.298112869262695 27.405471801757812 32.516639709472656 103.36466979980469 
53.645057678222656 36.81574249267578 58.18025588989258 54.243072509765625 35.814239501953125 40.64470291137695 30.082111358642578 30.321727752685547 37.24105453491211 30.666719436645508 30.809375762939453 30.454591751098633 30.478944778442383 30.570079803466797 30.906208038330078 30.48739242553711 
26.709375381469727 26.678239822387695 26.69318389892578 26.849056243896484 26.933088302612305 26.799232482910156 27.030847549438477 27.20307159423828 31.64249610900879 32.61606216430664 27.46214485168457 26.994335174560547 26.855327606201172 26.91152000427246 33.94947052001953 103.36067199707031 
52.601375579833984 36.9150390625 85.26287841796875 36.520992279052734 36.024417877197266 31.184192657470703 30.141023635864258 31.388639450073242 36.11804962158203 30.530176162719727 30.60063934326172 30.64076805114746 30.703296661376953 30.532672882080078 31.601024627685547 30.68511962890625 
26.753568649291992 26.72979164123535 27.312543869018555 27.33020782470703 26.813695907592773 27.381568908691406 26.746368408203125 27.80847930908203 31.800416946411133 27.044607162475586 27.254079818725586 27.666528701782227 26.893056869506836 26.67804718017578 31.21513557434082 103.42400360107422 
54.72185516357422 35.783233642578125 37.83756637573242 85.0150375366211 35.702335357666016 36.606910705566406 30.030336380004883 30.021472930908203 36.67990493774414 30.424800872802734 30.374271392822266 31.238431930541992 30.430015563964844 30.614208221435547 30.928096771240234 30.96454429626465 
26.60495948791504 26.20694351196289 26.499231338500977 27.310016632080078 27.24947166442871 26.863807678222656 27.47452735900879 27.31603240966797 32.6030387878418 30.970815658569336 27.26982307434082 27.294719696044922 27.37139129638672 27.016191482543945 33.22652816772461 103.36892700195312 
52.684513092041016 36.89215850830078 55.81711959838867 54.3166389465332 37.87104034423828 40.05865478515625 29.941120147705078 30.478208541870117 35.443809509277344 30.330495834350586 30.40729522705078 30.502399444580078 31.5600643157959 30.6231689453125 30.605344772338867 31.150623321533203 
26.592191696166992 26.122400283813477 26.59699249267578 27.614879608154297 26.90390396118164 27.226207733154297 27.266143798828125 26.720319747924805 31.82035255432129 32.097984313964844 28.49216079711914 26.656768798828125 27.043807983398438 27.607072830200195 32.77507019042969 107.37744140625 
52.557952880859375 35.962913513183594 77.83484649658203 37.554752349853516 36.58806228637695 35.300960540771484 30.55084800720215 30.196704864501953 36.663360595703125 30.393632888793945 30.50227165222168 30.52560043334961 31.591327667236328 30.465055465698242 30.450111389160156 30.720672607421875 
26.489023208618164 26.082624435424805 29.769088745117188 27.28371238708496 26.706880569458008 26.781696319580078 26.850656509399414 26.733184814453125 31.744800567626953 32.09862518310547 27.349567413330078 27.45110321044922 26.73481559753418 26.677536010742188 34.25449752807617 103.36669158935547 
50.06915283203125 17.072063446044922 17.34115219116211 17.549760818481445 88.81324768066406 17.060768127441406 17.182783126831055 17.363296508789062 22.64112091064453 17.588960647583008 17.201152801513672 18.36832046508789 17.755359649658203 17.318880081176758 17.338560104370117 17.850303649902344 
16.774431228637695 16.425344467163086 16.404767990112305 16.48271942138672 16.79759979248047 16.84998321533203 16.90540885925293 16.612064361572266 19.66543960571289 18.047903060913086 17.691551208496094 16.697887420654297 17.283231735229492 17.06470489501953 16.74553680419922 16.83247947692871 
46.89286422729492 17.081056594848633 17.266271591186523 17.408607482910156 17.489408493041992 17.381664276123047 17.481855392456055 17.501535415649414 26.4420166015625 17.519424438476562 17.387168884277344 17.45564842224121 17.334239959716797 17.477760314941406 17.664255142211914 17.593631744384766 
16.7642879486084 16.546688079833984 16.66988754272461 16.861759185791016 17.016447067260742 16.822975158691406 16.53763198852539 16.57593536376953 24.146976470947266 17.081695556640625 16.890399932861328 16.764095306396484 17.302976608276367 16.712703704833984 17.548383712768555 16.656543731689453 
44.80329513549805 17.059551239013672 17.271520614624023 17.488479614257812 17.743328094482422 17.851104736328125 17.843584060668945 53.398529052734375 25.493696212768555 17.92336082458496 17.24732780456543 17.627872467041016 17.552032470703125 17.224767684936523 17.5916805267334 17.57129669189453 
16.743295669555664 16.597055435180664 16.56835174560547 16.96883201599121 17.057695388793945 17.083744049072266 17.027616500854492 16.937952041625977 19.24777603149414 16.950143814086914 16.519359588623047 16.527231216430664 16.499679565429688 17.299840927124023 16.917152404785156 16.860511779785156 
46.8864631652832 17.06172752380371 17.26473617553711 17.416160583496094 17.482303619384766 17.876256942749023 17.778240203857422 17.668384552001953 25.676671981811523 17.252735137939453 17.438207626342773 17.650463104248047 17.45916748046875 17.34169578552246 17.815200805664062 17.734176635742188 
16.974559783935547 16.40185546875 16.588703155517578 16.77894401550293 16.91427230834961 16.957088470458984 16.720672607421875 16.57187271118164 19.475616455078125 17.23321533203125 17.407520294189453 16.60041618347168 16.801023483276367 17.574432373046875 16.80089569091797 17.15830421447754 
47.9969596862793 17.055519104003906 17.07596778869629 17.18332862854004 17.452192306518555 17.399776458740234 17.485376358032227 17.77484893798828 26.099679946899414 17.660192489624023 17.436384201049805 17.530431747436523 17.721023559570312 17.533184051513672 17.71561622619629 18.1026554107666 
16.800352096557617 16.49488067626953 16.471296310424805 16.493247985839844 16.50048065185547 17.097919464111328 17.102399826049805 17.123199462890625 19.408512115478516 16.93168067932129 16.94371223449707 16.535551071166992 17.003904342651367 16.613759994506836 17.769887924194336 16.70243263244629 
45.91852951049805 17.03455924987793 17.066272735595703 17.16022491455078 17.188032150268555 17.4169921875 17.46188735961914 17.75107192993164 26.64918327331543 17.586528778076172 17.46940803527832 17.975200653076172 17.844608306884766 17.618911743164062 17.315711975097656 17.670015335083008 
16.935935974121094 16.61244773864746 16.62700843811035 16.490720748901367 16.579744338989258 16.84422492980957 17.169343948364258 17.238719940185547 19.20345687866211 17.275104522705078 17.29417610168457 16.46678352355957 17.447647094726562 17.054752349853516 16.86412811279297 17.17807960510254 
52.151039123535156 17.04207992553711 17.08742332458496 17.585695266723633 17.49519920349121 17.472063064575195 17.470016479492188 17.58950424194336 24.766048431396484 17.55548858642578 17.434656143188477 17.526655197143555 17.789087295532227 17.404767990112305 17.880447387695312 18.86966323852539 
17.006879806518555 16.820192337036133 16.7455997467041 16.617536544799805 16.548416137695312 16.62246322631836 17.319616317749023 17.30486488342285 18.773088455200195 16.9715518951416 17.34454345703125 16.91084861755371 16.676063537597656 16.79769515991211 16.6279354095459 17.196287155151367 
46.91952133178711 17.04297637939453 17.087200164794922 17.132352828979492 17.261215209960938 17.2936954498291 17.294240951538086 17.307903289794922 23.67673683166504 18.072288513183594 17.139392852783203 18.154815673828125 17.525407791137695 17.60188865661621 17.47443199157715 17.967967987060547 
16.790592193603516 16.490976333618164 16.394432067871094 16.581119537353516 16.781408309936523 16.800640106201172 16.850112915039062 17.000160217285156 20.90505599975586 18.206655502319336 16.692800521850586 17.34979248046875 17.03059196472168 17.49590492248535 17.492799758911133 16.545183181762695 
45.88041687011719 17.063552856445312 17.030527114868164 17.174240112304688 17.854848861694336 17.966400146484375 17.95155143737793 17.810272216796875 26.5600643157959 17.356704711914062 18.8723201751709 17.609407424926758 17.341632843017578 17.334848403930664 18.083391189575195 17.491840362548828 
16.949344635009766 16.488767623901367 16.562175750732422 16.767776489257812 16.93168067932129 16.988128662109375 16.819263458251953 16.67148780822754 19.214303970336914 16.879743576049805 17.515968322753906 16.972543716430664 17.295839309692383 17.02908706665039 16.910112380981445 16.65760040283203 
51.09859085083008 17.06982421875 17.02217674255371 17.06928062438965 17.02764892578125 17.71331214904785 18.149856567382812 18.09427261352539 25.60419273376465 17.677759170532227 17.545663833618164 17.39788818359375 18.56585693359375 18.061504364013672 17.535999298095703 17.462656021118164 
16.703807830810547 16.603296279907227 16.625503540039062 16.601152420043945 16.551647186279297 16.573055267333984 16.947359085083008 17.030559539794922 18.62508773803711 16.77952003479004 17.188703536987305 16.879680633544922 17.1429443359375 16.841503143310547 16.857248306274414 17.041664123535156 
49.16377639770508 20.269184112548828 20.285343170166016 20.26723289489746 20.474496841430664 20.98681640625 21.354175567626953 21.58937644958496 23.99964714050293 20.947904586791992 20.714847564697266 21.074560165405273 21.14409637451172 21.43110466003418 21.206207275390625 20.995040893554688 
20.745759963989258 20.86342430114746 21.029375076293945 21.006879806518555 20.946815490722656 20.921056747436523 21.009824752807617 20.95667266845703 23.855039596557617 20.985855102539062 21.528255462646484 21.375328063964844 21.117151260375977 21.279104232788086 21.36412811279297 21.46668815612793 
42.841087341308594 20.377952575683594 20.58153533935547 20.442527770996094 21.05308723449707 21.287616729736328 21.225183486938477 20.981887817382812 24.299360275268555 21.60406494140625 20.81804847717285 20.921119689941406 21.531583786010742 21.294879913330078 21.034624099731445 20.891103744506836 
21.01795196533203 20.91846466064453 20.939680099487305 20.934368133544922 20.936128616333008 21.053695678710938 21.13091278076172 21.139392852783203 24.48454475402832 21.312288284301758 21.41116714477539 21.85193634033203 21.19424057006836 20.72380828857422 21.0163516998291 21.23676872253418 
43.911006927490234 20.437376022338867 21.142719268798828 21.294015884399414 21.231679916381836 21.260799407958984 21.282304763793945 21.062143325805664 24.589824676513672 21.14908790588379 21.203712463378906 20.851903915405273 21.1309757232666 21.445823669433594 21.083168029785156 20.843711853027344 
20.8702392578125 20.689247131347656 20.79475212097168 20.897567749023438 21.00048065185547 21.173791885375977 21.03923225402832 20.956863403320312 24.249408721923828 21.30646324157715 21.082271575927734 22.075231552124023 20.93391990661621 20.72275161743164 21.50409507751465 21.339136123657227 
47.03251266479492 20.37174415588379 21.061471939086914 20.890975952148438 21.152128219604492 21.292768478393555 21.206079483032227 21.131744384765625 25.859712600708008 20.94451141357422 21.555423736572266 21.256671905517578 22.146944046020508 21.400447845458984 21.148000717163086 21.340927124023438 
21.22060775756836 20.597152709960938 20.46348762512207 20.416704177856445 20.720096588134766 20.978208541870117 21.185056686401367 21.459360122680664 24.262975692749023 21.952320098876953 20.718751907348633 20.75699234008789 21.189823150634766 21.118623733520508 21.343584060668945 21.094079971313477 
43.89884948730469 20.48899269104004 20.656063079833984 20.718975067138672 20.770431518554688 20.869247436523438 20.731487274169922 20.780160903930664 25.90070343017578 21.04876708984375 21.20342445373535 21.245824813842773 21.305599212646484 20.741823196411133 21.070144653320312 21.43836784362793 
21.311840057373047 20.629215240478516 20.445215225219727 20.434528350830078 20.581279754638672 20.61907196044922 20.584192276000977 20.654048919677734 24.564128875732422 21.553983688354492 21.194591522216797 21.008703231811523 21.08019256591797 21.468671798706055 21.74185562133789 21.215808868408203 
32.34511947631836 20.285951614379883 20.456159591674805 20.997760772705078 20.614656448364258 20.622047424316406 20.623743057250977 20.664255142211914 25.505151748657227 20.795551300048828 21.234752655029297 20.996768951416016 21.225791931152344 21.248640060424805 21.12291145324707 20.89263916015625 
20.858240127563477 20.615680694580078 20.817407608032227 20.90006446838379 21.061344146728516 21.05628776550293 21.098751068115234 20.880319595336914 24.462400436401367 21.113439559936523 21.32713508605957 21.323488235473633 21.399200439453125 20.81564712524414 21.315296173095703 21.742111206054688 
44.938785552978516 20.48851203918457 21.100032806396484 21.215551376342773 21.400320053100586 21.428192138671875 21.356128692626953 21.064992904663086 25.631296157836914 21.071456909179688 20.718944549560547 21.226943969726562 21.021760940551758 21.56345558166504 21.046367645263672 21.175872802734375 
20.550880432128906 20.476224899291992 20.981088638305664 21.379104614257812 21.328384399414062 21.188512802124023 21.19286346435547 21.108800888061523 24.591999053955078 21.337440490722656 20.666879653930664 21.170976638793945 20.814815521240234 20.99056053161621 21.322816848754883 21.43814468383789 
32.42915344238281 20.253023147583008 20.36252784729004 20.952959060668945 20.726144790649414 21.151552200317383 21.763296127319336 21.69353675842285 26.838848114013672 20.77449607849121 21.1362247467041 21.330272674560547 21.481056213378906 20.8787841796875 20.88310432434082 21.411968231201172 
21.086719512939453 20.720928192138672 20.67625617980957 20.661632537841797 20.53945541381836 20.56972885131836 20.6276798248291 20.57529640197754 24.17919921875 21.37264060974121 21.473407745361328 21.123807907104492 21.038496017456055 21.48899269104004 21.493183135986328 21.71228790283203 
41.79644775390625 20.421215057373047 20.687583923339844 20.82259178161621 20.986591339111328 21.035104751586914 21.19548797607422 20.888992309570312 24.424959182739258 21.05193519592285 21.04332733154297 20.8637752532959 21.379615783691406 20.88662338256836 21.030879974365234 20.867359161376953 
20.855327606201172 20.799711227416992 20.940128326416016 20.942527770996094 21.036224365234375 21.08684730529785 20.821792602539062 20.690528869628906 24.069599151611328 21.51411247253418 20.751808166503906 20.837440490722656 21.329696655273438 21.66873550415039 21.149824142456055 21.050527572631836 
44.95481491088867 20.322240829467773 20.69139289855957 20.942527770996094 20.952959060668945 20.856672286987305 20.71891212463379 20.73526382446289 24.906879425048828 21.19068717956543 21.17625617980957 21.24198341369629 21.257600784301758 20.744224548339844 21.33078384399414 21.23516845703125 
21.44166374206543 20.625568389892578 20.491519927978516 20.497087478637695 20.49728012084961 20.545055389404297 20.65603256225586 20.78665542602539 25.12499237060547 21.363935470581055 21.317855834960938 20.8787841796875 20.90483283996582 21.64352035522461 21.229055404663086 20.537439346313477 
64.5215072631836 30.34934425354004 29.925247192382812 30.996000289916992 31.183359146118164 31.234304428100586 31.248159408569336 31.006847381591797 35.317569732666016 30.76755142211914 30.48569679260254 30.318687438964844 31.139135360717773 31.138208389282227 30.693344116210938 30.498271942138672 
46.09561538696289 29.836448669433594 30.603200912475586 30.72096061706543 31.099199295043945 31.55094337463379 31.732479095458984 31.021440505981445 42.77324676513672 31.014240264892578 30.30451202392578 30.581439971923828 30.829952239990234 31.01398468017578 30.288671493530273 30.4737606048584 
47.161441802978516 29.857664108276367 29.882272720336914 30.976543426513672 30.631040573120117 30.949024200439453 30.610431671142578 31.009376525878906 42.19289779663086 30.92265510559082 30.662527084350586 31.060863494873047 30.624671936035156 30.581695556640625 30.818687438964844 30.914207458496094 
45.63945770263672 30.4748477935791 30.65737533569336 30.631359100341797 31.43292808532715 31.724096298217773 31.644960403442383 31.781471252441406 34.511009216308594 30.33024024963379 30.50704002380371 30.95795249938965 30.338367462158203 30.300832748413086 30.666240692138672 30.982463836669922 
47.83580780029297 29.910079956054688 30.306623458862305 31.399744033813477 31.326080322265625 31.587488174438477 31.88515281677246 31.319936752319336 37.61692810058594 30.658720016479492 30.684703826904297 30.8353271484375 30.797088623046875 31.138368606567383 31.265727996826172 30.564672470092773 
44.8779182434082 30.26803207397461 31.143648147583008 31.459264755249023 30.916736602783203 31.153568267822266 30.6943359375 30.955808639526367 35.7158088684082 30.698335647583008 30.0611515045166 30.310943603515625 30.7040958404541 30.32624053955078 30.410911560058594 30.692800521850586 
47.81452941894531 29.88492774963379 30.619136810302734 30.774463653564453 30.929887771606445 30.566848754882812 31.631711959838867 31.638431549072266 38.763423919677734 30.716896057128906 31.209247589111328 31.359743118286133 30.307167053222656 30.477439880371094 30.94153594970703 31.277599334716797 
47.77391815185547 30.54092788696289 31.05120086669922 31.652063369750977 32.00185775756836 31.348543167114258 30.716768264770508 30.956159591674805 37.49484634399414 30.42336082458496 30.61510467529297 30.53593635559082 30.33126449584961 30.706527709960938 31.291488647460938 30.907615661621094 
47.150753021240234 29.855295181274414 30.24492835998535 30.937503814697266 31.710304260253906 30.990591049194336 30.516639709472656 30.59334373474121 38.63897705078125 31.084064483642578 30.72211265563965 30.675296783447266 30.896127700805664 31.00489616394043 30.94918441772461 30.307775497436523 
47.84000015258789 29.91606330871582 30.576608657836914 30.24127960205078 30.67967987060547 31.24198341369629 30.71062469482422 31.250240325927734 36.27376174926758 30.770048141479492 30.97907257080078 31.442943572998047 31.135360717773438 31.14726448059082 31.283071517944336 30.709247589111328 
67.6266860961914 23.826496124267578 23.19273567199707 23.157663345336914 23.116960525512695 130.28892517089844 27.971872329711914 48.241310119628906 21.033920288085938 15.584320068359375 16.08572769165039 16.033119201660156 15.82636833190918 16.51750373840332 15.797568321228027 15.87622356414795 
16.55779266357422 15.840288162231445 15.736672401428223 16.09996795654297 15.758720397949219 15.852800369262695 16.014528274536133 16.139232635498047 16.370271682739258 15.802528381347656 15.998208045959473 16.04662322998047 16.10851287841797 16.425535202026367 16.05673599243164 17.1844482421875 
38.21887969970703 152.62367248535156 16.591264724731445 15.268832206726074 15.862943649291992 15.737536430358887 15.498623847961426 15.503423690795898 21.288639068603516 15.920607566833496 15.79849624633789 15.952960014343262 15.742239952087402 16.4583683013916 15.536543846130371 15.948415756225586 
16.710847854614258 15.74294376373291 15.712512016296387 16.043712615966797 15.833536148071289 15.774656295776367 16.085119247436523 18.900800704956055 19.002464294433594 16.212831497192383 16.595232009887695 15.981727600097656 16.141408920288086 16.416736602783203 15.863231658935547 16.80950355529785 
39.293121337890625 170.4866485595703 15.250207901000977 15.203968048095703 15.98243236541748 15.529727935791016 16.196863174438477 16.36342430114746 21.38217544555664 15.53769588470459 15.570176124572754 16.06243133544922 16.05414390563965 15.713472366333008 15.885824203491211 16.15603256225586 
16.494688034057617 15.752960205078125 15.683615684509277 15.7225923538208 15.861311912536621 15.753567695617676 15.801600456237793 16.199871063232422 18.683008193969727 16.302431106567383 15.878016471862793 16.539520263671875 15.63811206817627 16.200288772583008 16.09542465209961 16.11734390258789 
39.257728576660156 154.87759399414062 16.05583953857422 15.258496284484863 15.228320121765137 15.46668815612793 15.730688095092773 16.411584854125977 21.106624603271484 16.192768096923828 16.043840408325195 15.60643196105957 15.58454418182373 15.863264083862305 15.796799659729004 16.445600509643555 
16.051488876342773 15.54742431640625 15.765695571899414 16.072383880615234 16.143232345581055 16.028799057006836 15.842111587524414 21.23686408996582 18.514015197753906 16.208608627319336 16.277536392211914 16.044288635253906 16.852832794189453 15.940095901489258 15.828831672668457 15.637280464172363 
38.24038314819336 164.42416381835938 15.532992362976074 15.266624450683594 15.27616024017334 15.28444766998291 15.523679733276367 15.627264022827148 21.381248474121094 15.931615829467773 15.722847938537598 16.09052848815918 15.607839584350586 15.923423767089844 15.949983596801758 16.092992782592773 
16.366304397583008 15.79088020324707 15.774208068847656 15.742560386657715 15.721343994140625 15.720928192138672 15.959872245788574 16.577728271484375 18.764511108398438 16.724639892578125 15.967519760131836 15.865216255187988 15.593376159667969 16.08675193786621 16.019840240478516 16.068544387817383 
39.26646423339844 226.01708984375 15.285440444946289 15.240415573120117 15.48367977142334 15.60752010345459 15.840255737304688 15.983648300170898 21.978239059448242 15.79974365234375 15.487872123718262 15.780768394470215 15.941056251525879 16.204511642456055 15.474207878112793 15.818304061889648 
16.0994873046875 15.695455551147461 15.677696228027344 15.74015998840332 15.714752197265625 15.759391784667969 16.016191482543945 17.26335906982422 17.826175689697266 15.967616081237793 16.3504638671875 15.73523235321045 16.06332778930664 16.69264030456543 16.068767547607422 16.40572738647461 
38.239967346191406 148.906494140625 15.222368240356445 15.259360313415527 15.749759674072266 15.40652847290039 15.448575973510742 16.66486358642578 22.352256774902344 16.651296615600586 15.808575630187988 16.863584518432617 15.617280006408691 16.68409538269043 15.701215744018555 15.823295593261719 
16.660640716552734 15.971391677856445 15.9268798828125 15.977151870727539 15.799519538879395 15.83407974243164 16.261215209960938 15.777631759643555 18.482240676879883 16.00214385986328 16.29849624633789 16.58937644958496 16.059616088867188 15.844672203063965 16.093952178955078 16.97782325744629 
37.28915023803711 142.72377014160156 17.304319381713867 15.2391996383667 15.393376350402832 15.441887855529785 16.288864135742188 16.415103912353516 19.21811294555664 15.545696258544922 15.905856132507324 16.1560001373291 15.833279609680176 16.450016021728516 15.856224060058594 16.366943359375 
16.36297607421875 15.641056060791016 15.884608268737793 15.922304153442383 15.953568458557129 15.77843189239502 15.856032371520996 19.88947105407715 17.48316764831543 16.6878719329834 16.089855194091797 15.595552444458008 15.960639953613281 16.672096252441406 15.935104370117188 16.3789119720459 
38.25574493408203 147.6300811767578 15.235103607177734 15.283583641052246 15.70041561126709 15.323648452758789 15.86457633972168 15.999391555786133 22.165056228637695 15.973664283752441 15.666144371032715 15.994912147521973 15.912511825561523 15.648415565490723 16.72051239013672 15.65334415435791 
16.433792114257812 15.660639762878418 15.619999885559082 15.644096374511719 15.681280136108398 15.691136360168457 15.883968353271484 20.26688003540039 18.364736557006836 16.935583114624023 15.965824127197266 16.133087158203125 16.43187141418457 16.002912521362305 16.8525447845459 15.710176467895508 
38.27756881713867 22.692672729492188 226.3982391357422 15.914912223815918 15.218496322631836 15.239456176757812 15.53382396697998 15.61945629119873 19.935039520263672 16.288320541381836 15.650272369384766 16.61859130859375 15.532416343688965 16.09097671508789 16.145727157592773 15.93017578125 
16.376991271972656 15.94428825378418 15.869791984558105 15.639328002929688 15.642239570617676 15.630592346191406 16.04195213317871 16.15132713317871 18.75107192993164 17.419551849365234 16.460384368896484 15.920991897583008 16.35753631591797 16.127168655395508 16.2410888671875 16.483200073242188 
30.931743621826172 19.46771240234375 19.488544464111328 194.15391540527344 19.425888061523438 19.607519149780273 19.786239624023438 19.84012794494629 23.2325439453125 20.011232376098633 19.675552368164062 20.110143661499023 19.977344512939453 20.15318489074707 20.12735939025879 20.14246368408203 
18.953664779663086 18.697856903076172 18.594528198242188 18.652767181396484 18.680192947387695 18.664159774780273 18.82854461669922 19.211135864257812 22.5533447265625 19.368576049804688 19.20252799987793 19.26313591003418 19.233951568603516 19.020639419555664 18.978368759155273 18.785663604736328 
58.14556884765625 19.497024536132812 20.019744873046875 20.27987289428711 20.587392807006836 20.533632278442383 20.365888595581055 20.451295852661133 22.57232093811035 20.04591941833496 20.026079177856445 19.931968688964844 19.910816192626953 19.74412727355957 20.451936721801758 20.142847061157227 
18.9267520904541 18.632352828979492 18.716480255126953 19.108640670776367 19.235488891601562 19.21833610534668 19.261152267456055 19.30499267578125 21.728288650512695 19.166175842285156 18.847007751464844 19.241119384765625 19.503583908081055 19.6529598236084 19.415712356567383 19.909120559692383 
65.5250244140625 19.421791076660156 19.51091194152832 20.162464141845703 20.43657684326172 20.64249610900879 20.647584915161133 20.572704315185547 25.38265609741211 20.00387191772461 19.930240631103516 19.93724822998047 19.847135543823242 19.839487075805664 20.088287353515625 20.42064094543457 
18.908735275268555 18.6844482421875 18.721120834350586 19.274112701416016 19.34284782409668 19.37932777404785 19.413536071777344 19.423391342163086 21.67558479309082 19.024768829345703 18.665855407714844 19.048128128051758 18.998271942138672 19.609376907348633 19.019359588623047 20.266847610473633 
100.56655883789062 19.537567138671875 19.70012855529785 19.67830467224121 20.327295303344727 20.414335250854492 20.406431198120117 20.246976852416992 23.794336318969727 20.029760360717773 20.301279067993164 19.802528381347656 19.906784057617188 20.535743713378906 19.966880798339844 20.153440475463867 
18.955135345458984 18.755327224731445 18.683584213256836 18.588735580444336 18.637920379638672 18.861568450927734 19.139360427856445 19.414655685424805 20.994176864624023 19.73801612854004 18.812543869018555 19.127103805541992 19.3668155670166 18.88857650756836 19.123136520385742 19.21401596069336 
57.13654327392578 19.455488204956055 19.835840225219727 20.066240310668945 20.128543853759766 20.3319034576416 20.522048950195312 20.46758460998535 22.948928833007812 20.00828742980957 20.114431381225586 19.784927368164062 20.430816650390625 20.084415435791016 19.981184005737305 20.00204849243164 
18.79724884033203 18.80201530456543 18.784671783447266 19.552383422851562 19.44918441772461 19.44153594970703 19.359840393066406 19.280704498291016 21.44281578063965 19.25062370300293 19.09929656982422 19.245887756347656 19.019968032836914 19.206111907958984 19.01958465576172 18.94416046142578 
72.81673431396484 19.465120315551758 19.554367065429688 19.894975662231445 20.090911865234375 20.07606315612793 20.407264709472656 20.265535354614258 22.865856170654297 19.92233657836914 20.098495483398438 19.758304595947266 20.047456741333008 19.939008712768555 19.676063537597656 20.592832565307617 
18.96054458618164 18.84726333618164 18.827327728271484 19.03558349609375 19.154048919677734 19.448415756225586 19.39263916015625 19.362688064575195 20.83647918701172 19.33286476135254 18.9946231842041 18.846464157104492 18.880096435546875 19.101119995117188 18.912479400634766 19.01568031311035 
72.85318756103516 19.45884895324707 19.88662338256836 19.965248107910156 20.160959243774414 20.332544326782227 20.353439331054688 20.598400115966797 22.484928131103516 20.02467155456543 20.554399490356445 20.035648345947266 19.88640022277832 20.170879364013672 20.046688079833984 20.143104553222656 
19.053823471069336 18.76540756225586 18.68262481689453 18.65567970275879 18.89891242980957 18.796831130981445 19.539968490600586 19.49001693725586 21.811935424804688 19.944480895996094 19.311935424804688 19.34566307067871 19.27846336364746 19.415136337280273 19.373088836669922 19.171871185302734 
53.999454498291016 19.571680068969727 19.501087188720703 19.597728729248047 19.643360137939453 19.849599838256836 180.8056640625 19.469728469848633 20.509567260742188 20.062847137451172 19.903583526611328 20.09347152709961 19.975231170654297 19.941055297851562 20.40105628967285 20.047040939331055 
18.677536010742188 18.634944915771484 18.86944007873535 19.249055862426758 19.26153564453125 19.25542449951172 19.18627166748047 19.502368927001953 21.099103927612305 19.28371238708496 20.088031768798828 19.62384033203125 19.103391647338867 19.48748779296875 19.396032333374023 19.581344604492188 
74.92908477783203 19.49033546447754 19.44633674621582 20.294879913330078 20.454111099243164 20.48534393310547 20.510879516601562 20.244735717773438 22.771839141845703 20.323871612548828 19.735872268676758 19.602943420410156 20.052064895629883 20.184959411621094 20.019840240478516 20.03468894958496 
18.966272354125977 18.69715118408203 18.633312225341797 18.74425506591797 18.870527267456055 18.868640899658203 19.24787139892578 19.227296829223633 21.49203109741211 19.25177574157715 18.951616287231445 18.839008331298828 18.579456329345703 19.082368850708008 19.202495574951172 20.078975677490234 
83.76959991455078 19.507808685302734 19.807104110717773 19.987871170043945 20.29257583618164 20.42742347717285 20.293888092041016 20.41334342956543 22.395328521728516 19.954687118530273 20.101791381835938 19.717119216918945 19.996383666992188 19.786399841308594 20.079296112060547 20.21436882019043 
18.841503143310547 18.82352066040039 18.862655639648438 19.178335189819336 19.20806312561035 19.204959869384766 19.252735137939453 19.32361602783203 21.78838348388672 20.02182388305664 19.405824661254883 19.236703872680664 19.33513641357422 19.116287231445312 19.491071701049805 19.039871215820312 
67.18498992919922 17.163007736206055 17.17375946044922 17.23744010925293 17.690080642700195 17.872095108032227 18.001855850219727 17.942880630493164 21.10323143005371 18.699039459228516 17.842880249023438 17.683807373046875 17.692895889282227 18.092607498168945 17.706527709960938 17.70377540588379 
16.841215133666992 16.283775329589844 16.38150405883789 16.54627227783203 16.3939208984375 16.118175506591797 22.089344024658203 16.2346248626709 19.297088623046875 17.16147232055664 21.239391326904297 16.074304580688477 16.40163230895996 16.759807586669922 16.474912643432617 17.084991455078125 
30.337440490722656 17.104991912841797 17.148448944091797 17.159648895263672 17.111616134643555 163.5289306640625 17.256351470947266 17.284799575805664 18.96214485168457 17.868928909301758 17.6312313079834 17.571199417114258 18.24176025390625 18.340639114379883 17.97750473022461 17.90176010131836 
16.736223220825195 16.005023956298828 15.977952003479004 16.100128173828125 16.067136764526367 16.102527618408203 16.179264068603516 16.6265926361084 18.85593605041504 16.31273651123047 16.04547119140625 16.296607971191406 16.693695068359375 16.07891273498535 16.371488571166992 16.933120727539062 
29.327232360839844 17.112319946289062 17.147296905517578 17.755840301513672 17.802879333496094 161.14346313476562 17.399904251098633 17.376096725463867 24.397951126098633 17.758464813232422 17.992799758911133 18.08582305908203 17.748512268066406 17.593311309814453 18.048479080200195 17.967071533203125 
16.740095138549805 16.01568031311035 15.88419246673584 16.11199951171875 16.14441680908203 16.559551239013672 25.86092758178711 15.956480026245117 19.094528198242188 16.7524471282959 22.688032150268555 15.98095989227295 17.100223541259766 16.495040893554688 17.137184143066406 16.31635284423828 
30.366687774658203 17.11712074279785 17.104127883911133 17.152416229248047 17.166015625 157.181884765625 17.457984924316406 17.24684715270996 20.655296325683594 18.04297637939453 18.010976791381836 17.833759307861328 17.87273597717285 17.908767700195312 17.939584732055664 17.642688751220703 
16.79043197631836 15.885472297668457 16.08857536315918 16.165088653564453 16.1495361328125 16.059295654296875 16.05423927307129 16.273696899414062 18.748640060424805 17.18000030517578 21.90425682067871 16.729663848876953 16.332704544067383 16.164960861206055 16.131744384765625 16.894912719726562 
31.429311752319336 17.177343368530273 17.15328025817871 17.448768615722656 17.872575759887695 17.944128036499023 147.5723876953125 17.22960090637207 23.425888061523438 17.771039962768555 18.170848846435547 17.970848083496094 17.585376739501953 18.42812728881836 17.831071853637695 17.84988784790039 
16.629440307617188 15.864864349365234 15.882431983947754 16.35683250427246 16.309152603149414 16.126752853393555 16.12169647216797 16.331743240356445 18.02579116821289 16.352575302124023 20.043743133544922 16.01456069946289 17.61382484436035 16.153024673461914 16.595680236816406 16.449535369873047 
31.45404815673828 17.18124771118164 17.28976058959961 17.264543533325195 17.574655532836914 161.62387084960938 17.285919189453125 17.222015380859375 22.1364803314209 17.996288299560547 17.459808349609375 17.504959106445312 17.8602237701416 17.584352493286133 17.899295806884766 18.07811164855957 
16.637088775634766 15.985952377319336 15.818816184997559 16.12828826904297 16.13260841369629 16.57811164855957 21.11734390258789 16.499231338500977 18.036863327026367 16.824064254760742 16.908672332763672 16.283679962158203 16.294208526611328 16.938528060913086 16.76995277404785 17.152767181396484 
29.313343048095703 17.155424118041992 17.180736541748047 17.201631546020508 17.329504013061523 160.0037384033203 17.405439376831055 17.266399383544922 23.083871841430664 17.777631759643555 17.619583129882812 17.949983596801758 17.444896697998047 17.870464324951172 18.084991455078125 17.91644859313965 
17.245248794555664 16.491552352905273 15.968480110168457 16.112960815429688 16.160480499267578 16.136383056640625 24.9052791595459 15.832575798034668 18.595232009887695 17.269920349121094 27.52364730834961 15.797599792480469 17.333919525146484 16.05779266357422 16.800128936767578 16.9816951751709 
30.354848861694336 17.2108154296875 17.180864334106445 17.199039459228516 17.34454345703125 169.33827209472656 17.16057586669922 17.202816009521484 21.136991500854492 17.816448211669922 17.481983184814453 17.521888732910156 17.69968032836914 17.647520065307617 18.612159729003906 18.109952926635742 
17.045888900756836 16.287616729736328 16.134815216064453 16.01158332824707 16.325727462768555 16.35487937927246 16.454015731811523 16.398719787597656 19.106847763061523 17.175647735595703 26.170591354370117 16.08723258972168 16.352991104125977 16.56211280822754 17.196640014648438 16.081472396850586 
29.314624786376953 17.18160057067871 17.237951278686523 17.665088653564453 17.73232078552246 171.5078125 17.191455841064453 17.18956756591797 21.441312789916992 17.89241600036621 17.548927307128906 18.186368942260742 18.01193618774414 17.58639907836914 18.398975372314453 18.33513641357422 
16.500415802001953 16.0199031829834 16.020288467407227 16.084415435791016 16.180160522460938 16.20479965209961 20.139039993286133 16.519359588623047 19.499231338500977 16.835391998291016 20.092863082885742 16.111711502075195 16.503904342651367 16.679584503173828 16.594816207885742 16.980607986450195 
29.268415451049805 20.884191513061523 17.1658878326416 17.12918472290039 110.61398315429688 17.179807662963867 17.3221435546875 17.529760360717773 22.91926383972168 17.78505516052246 17.438528060913086 18.52681541442871 18.598400115966797 17.83660888671875 17.872095108032227 18.761472702026367 
16.65452766418457 16.116256713867188 16.068479537963867 16.047168731689453 15.984992027282715 16.128896713256836 21.06550407409668 16.243871688842773 18.85251235961914 16.506080627441406 25.439647674560547 16.10550308227539 17.4051513671875 16.44713592529297 17.13350486755371 16.38751983642578 
31.125343322753906 17.207040786743164 21.25040054321289 17.45680046081543 17.802719116210938 241.81027221679688 17.197343826293945 17.225664138793945 21.967327117919922 18.077503204345703 17.75859260559082 18.20204734802246 18.424287796020508 17.983295440673828 17.569664001464844 17.91427230834961 
18.190399169921875 17.6824951171875 17.717952728271484 17.551456451416016 17.50864028930664 17.518815994262695 17.50422477722168 17.7007999420166 20.503711700439453 17.973983764648438 17.457439422607422 17.78041648864746 18.302656173706055 17.51728057861328 18.971935272216797 18.33718490600586 
55.30044937133789 17.22217559814453 17.653728485107422 17.93222427368164 17.94086456298828 17.873184204101562 17.624128341674805 17.631711959838867 17.23472023010254 19.00707244873047 18.13987159729004 17.64771270751953 17.65135955810547 18.7106876373291 17.74630355834961 18.332223892211914 
18.355520248413086 17.896352767944336 17.792959213256836 17.730144500732422 17.66214370727539 17.516576766967773 17.455488204956055 17.467424392700195 20.01580810546875 18.17670440673828 17.607616424560547 18.545440673828125 17.977279663085938 17.545120239257812 17.88185691833496 18.215103149414062 
57.41356658935547 17.246143341064453 17.32364845275879 17.571264266967773 17.393760681152344 17.398752212524414 17.381311416625977 17.664384841918945 26.823711395263672 18.07916831970215 17.68000030517578 17.56185531616211 18.330495834350586 18.522016525268555 17.895967483520508 17.53708839416504 
19.142656326293945 17.621471405029297 17.48464012145996 17.880416870117188 17.85603141784668 17.757984161376953 17.5631046295166 17.661407470703125 21.07695960998535 18.092512130737305 18.400480270385742 18.1343994140625 17.534271240234375 17.50182342529297 18.221887588500977 17.60153579711914 
51.101280212402344 17.270944595336914 17.22323226928711 17.35990333557129 17.61452865600586 17.662752151489258 18.290752410888672 18.036319732666016 20.304384231567383 18.251455307006836 17.702335357666016 17.73676872253418 18.44256019592285 17.933631896972656 17.905759811401367 18.891647338867188 
17.927520751953125 17.751039505004883 17.7425594329834 18.072063446044922 17.924768447875977 17.613887786865234 17.457632064819336 17.54092788696289 20.04742431640625 18.5993595123291 18.384607315063477 17.985248565673828 17.792320251464844 18.430912017822266 17.913312911987305 17.582592010498047 
54.27360153198242 17.21183967590332 17.245344161987305 17.264575958251953 17.408416748046875 17.611583709716797 17.662527084350586 17.69638442993164 19.37936019897461 18.093280792236328 17.514623641967773 18.06643295288086 17.61302375793457 17.804800033569336 18.418048858642578 18.546688079833984 
17.893152236938477 17.4498233795166 17.277376174926758 17.466495513916016 17.434816360473633 17.7891845703125 17.78835105895996 17.84614372253418 21.293664932250977 18.488256454467773 17.718463897705078 17.83568000793457 17.506847381591797 18.508544921875 18.13907241821289 17.864351272583008 
53.170814514160156 17.1943359375 17.218656539916992 17.47305679321289 17.784832000732422 17.951839447021484 17.699647903442383 155.63941955566406 19.04003143310547 18.116191864013672 17.84566307067871 18.524288177490234 17.763839721679688 17.480127334594727 18.360319137573242 18.500415802001953 
17.764192581176758 17.284767150878906 17.27987289428711 17.31510353088379 17.505407333374023 17.829151153564453 17.888032913208008 17.984031677246094 21.065631866455078 18.68012809753418 17.774911880493164 17.93987274169922 17.52060890197754 18.54604721069336 17.910367965698242 18.203487396240234 
55.29801559448242 17.218399047851562 17.259904861450195 17.4334716796875 17.91753578186035 18.128192901611328 17.941280364990234 17.73638343811035 27.011167526245117 17.59609603881836 18.94384002685547 17.95564842224121 17.566688537597656 18.65180778503418 18.15827178955078 17.933792114257812 
17.775136947631836 17.339519500732422 17.461471557617188 17.55232048034668 18.01593589782715 18.055967330932617 18.059616088867188 17.884384155273438 20.125120162963867 18.00726318359375 18.386560440063477 18.68492889404297 17.93168067932129 18.01798439025879 18.49260711669922 18.019136428833008 
51.08921432495117 17.24457550048828 17.202720642089844 17.24393653869629 17.374176025390625 17.729888916015625 18.08358383178711 18.155359268188477 24.973215103149414 17.69385528564453 18.285152435302734 18.528095245361328 17.877119064331055 17.91983985900879 17.731456756591797 18.132896423339844 
17.619680404663086 17.27564811706543 17.26576042175293 17.741535186767578 17.675872802734375 17.676191329956055 17.780288696289062 17.840768814086914 20.412736892700195 18.39619255065918 18.02569580078125 17.381248474121094 18.696128845214844 18.13747215270996 17.693151473999023 17.88585662841797 
55.28403091430664 17.16966438293457 17.219680786132812 17.25676727294922 17.482816696166992 17.88742446899414 18.2938232421875 18.364416122436523 21.832735061645508 17.939136505126953 17.71183967590332 18.20863914489746 17.867584228515625 17.503936767578125 18.186336517333984 17.92963218688965 
17.67862319946289 17.2554874420166 17.291839599609375 17.750911712646484 17.737791061401367 17.80441665649414 17.740543365478516 17.788864135742188 17.837472915649414 17.8590087890625 18.09391975402832 18.305376052856445 17.95644760131836 17.92073631286621 18.430368423461914 18.123199462890625 
61.61568069458008 17.25587272644043 17.264223098754883 17.330015182495117 17.68956756591797 17.452608108520508 17.519712448120117 17.621728897094727 26.38844871520996 17.94361686706543 17.84502410888672 17.747968673706055 17.640127182006836 18.4454402923584 17.84841537475586 17.92799949645996 
18.745664596557617 17.858943939208984 17.577407836914062 17.5183048248291 17.89414405822754 17.880640029907227 17.74847984313965 17.592832565307617 19.87174415588379 18.641984939575195 17.525184631347656 18.540607452392578 18.453472137451172 18.2478084564209 17.604991912841797 18.321311950683594 
56.061790466308594 15.007935523986816 14.969504356384277 15.028160095214844 15.258720397949219 15.237215995788574 15.33955192565918 15.337535858154297 22.53481674194336 15.605567932128906 15.353440284729004 15.833760261535645 15.587039947509766 15.623488426208496 15.746560096740723 15.376192092895508 
15.58243179321289 14.425215721130371 14.474207878112793 14.319840431213379 14.490464210510254 14.549728393554688 14.39516830444336 14.394240379333496 14.359392166137695 14.868703842163086 14.55907154083252 14.476832389831543 15.104543685913086 15.100959777832031 14.276191711425781 14.429792404174805 
39.33107376098633 14.979904174804688 14.961824417114258 15.29702377319336 15.398240089416504 15.377984046936035 15.361696243286133 15.674240112304688 22.706880569458008 15.287199974060059 15.56492805480957 15.270272254943848 15.220319747924805 15.8189115524292 15.408160209655762 15.472224235534668 
15.23193645477295 14.43228816986084 14.347647666931152 14.224160194396973 14.428223609924316 14.638367652893066 14.768416404724121 14.799391746520996 14.397695541381836 15.498656272888184 14.503423690795898 14.520511627197266 15.48300838470459 14.819552421569824 14.470656394958496 14.466848373413086 
66.35657501220703 14.995136260986328 15.059264183044434 15.081727981567383 15.045472145080566 15.400064468383789 15.535455703735352 15.706080436706543 22.237823486328125 15.921183586120605 15.569151878356934 15.412704467773438 15.87600040435791 15.17795181274414 15.531328201293945 15.515711784362793 
14.706144332885742 14.138784408569336 14.288127899169922 14.321696281433105 14.311136245727539 14.330080032348633 14.488287925720215 14.506175994873047 16.70476722717285 15.093343734741211 15.040032386779785 14.98470401763916 14.200575828552246 14.34438419342041 14.682047843933105 15.1112642288208 
42.42732620239258 14.999872207641602 14.958751678466797 14.974143981933594 15.238495826721191 15.60591983795166 15.585280418395996 15.571680068969727 21.83078384399414 16.1265926361084 15.219712257385254 15.204992294311523 15.122559547424316 15.506431579589844 15.543392181396484 16.272415161132812 
14.703904151916504 14.182047843933105 14.286944389343262 14.36400032043457 14.312416076660156 14.604960441589355 14.855104446411133 14.95411205291748 17.302112579345703 15.795007705688477 14.260319709777832 14.301535606384277 14.331263542175293 15.135519981384277 14.96332836151123 14.324928283691406 
27.733184814453125 15.187392234802246 14.988960266113281 15.002079963684082 15.325119972229004 15.351296424865723 15.374303817749023 15.40783977508545 19.938175201416016 15.861120223999023 15.260224342346191 15.196255683898926 16.127552032470703 15.18934440612793 15.164608001708984 15.756863594055176 
14.603584289550781 14.118847846984863 14.113568305969238 14.51318359375 14.294655799865723 14.352095603942871 14.619135856628418 15.014592170715332 15.70844841003418 15.601471900939941 14.562496185302734 14.635680198669434 14.505887985229492 14.939743995666504 15.071040153503418 14.558688163757324 
40.40332794189453 15.005760192871094 14.956128120422363 15.00607967376709 14.983551979064941 15.02451229095459 15.531744003295898 15.268608093261719 23.84009552001953 15.365951538085938 15.229599952697754 15.496992111206055 15.1528959274292 15.450207710266113 16.460351943969727 15.253087997436523 
14.900416374206543 14.30835247039795 14.18899154663086 14.57372760772705 14.64463996887207 14.632415771484375 14.545599937438965 14.564191818237305 14.186816215515137 14.358719825744629 14.360416412353516 14.643903732299805 15.253055572509766 14.743552207946777 14.23100757598877 14.47548770904541 
35.07766342163086 14.958592414855957 14.977952003479004 15.060895919799805 15.268832206726074 15.236703872680664 15.458687782287598 15.440544128417969 20.75632095336914 15.277536392211914 15.257792472839355 15.148608207702637 15.70751953125 15.335712432861328 16.217023849487305 15.268383979797363 
14.910783767700195 14.2357759475708 14.122624397277832 14.36854362487793 14.424480438232422 14.359135627746582 14.344639778137207 14.388895988464355 14.50972843170166 15.333503723144531 14.23964786529541 14.61411190032959 14.995424270629883 14.932319641113281 14.66102409362793 14.571680068969727 
37.161537170410156 15.04047966003418 14.975680351257324 14.99728012084961 15.058464050292969 15.449919700622559 15.389727592468262 15.271295547485352 20.24630355834961 15.88003158569336 15.796287536621094 15.325056076049805 15.63702392578125 15.521023750305176 15.51852798461914 15.862112045288086 
14.571680068969727 14.130559921264648 14.256799697875977 14.303071975708008 14.199295997619629 14.224448204040527 14.458399772644043 14.409055709838867 14.153440475463867 14.820608139038086 14.983967781066895 15.129311561584473 14.635871887207031 14.419168472290039 14.60371208190918 14.896991729736328 
41.39097595214844 14.942784309387207 14.970080375671387 15.01193618774414 15.206175804138184 15.236288070678711 15.86195182800293 16.157760620117188 22.06870460510254 15.274656295776367 15.474528312683105 16.4465274810791 15.443872451782227 15.88047981262207 15.83801555633545 15.412351608276367 
15.34716796875 14.378399848937988 14.280896186828613 14.180512428283691 14.396736145019531 14.4399995803833 14.469344139099121 14.546879768371582 16.34864044189453 15.258463859558105 15.144415855407715 14.62934398651123 14.228416442871094 14.426976203918457 15.153823852539062 14.914815902709961 
41.41209411621094 14.961759567260742 14.98316764831543 15.017631530761719 15.326208114624023 15.530207633972168 15.641792297363281 15.720671653747559 18.671680450439453 16.104415893554688 15.396512031555176 15.516032218933105 16.097856521606445 15.464127540588379 16.62505531311035 15.632448196411133 
15.1461763381958 14.214879989624023 14.192511558532715 14.424384117126465 14.386783599853516 14.36019229888916 14.324480056762695 14.633952140808105 16.797983169555664 15.481696128845215 14.827903747558594 14.21664047241211 14.361408233642578 14.971967697143555 15.004256248474121 14.70860767364502 
34.37744140625 19.981407165527344 20.41721534729004 20.43324851989746 20.392704010009766 20.9935359954834 20.96735954284668 96.70633697509766 24.10483169555664 20.67411231994629 20.35759925842285 20.836383819580078 20.586816787719727 21.302400588989258 20.414655685424805 20.503999710083008 
21.029823303222656 20.264448165893555 20.615711212158203 20.848255157470703 20.885087966918945 20.736608505249023 20.328575134277344 20.303359985351562 23.05232048034668 21.01535987854004 20.56870460510254 20.84204864501953 21.089279174804688 20.48681640625 21.044639587402344 20.6615047454834 
35.698944091796875 20.007455825805664 20.00783920288086 20.196224212646484 20.793855667114258 20.52284812927246 20.39606475830078 201.70713806152344 21.53206443786621 20.81497573852539 20.634111404418945 20.823392868041992 20.46281623840332 20.541088104248047 20.419231414794922 20.666879653930664 
20.738176345825195 20.242111206054688 20.104320526123047 20.12611198425293 20.101024627685547 20.165952682495117 20.335552215576172 20.387231826782227 23.331071853637695 20.964736938476562 20.48601531982422 20.726240158081055 21.195552825927734 20.789087295532227 20.691648483276367 20.611648559570312 
35.648193359375 19.994783401489258 20.001920700073242 20.304704666137695 20.786752700805664 20.45292854309082 20.497535705566406 121.2540512084961 23.770912170410156 20.39743995666504 20.69603157043457 20.5994873046875 20.64691162109375 20.530752182006836 20.39472007751465 20.39411163330078 
20.601152420043945 20.328224182128906 20.561952590942383 20.73632049560547 20.972736358642578 20.793184280395508 20.800960540771484 20.73504066467285 23.082399368286133 20.833343505859375 20.471424102783203 20.70172882080078 20.668575286865234 20.934368133544922 20.959808349609375 21.255264282226562 
33.29827117919922 20.015424728393555 19.99715232849121 20.173311233520508 20.628799438476562 20.39695930480957 20.439424514770508 193.44650268554688 24.42835235595703 20.61142349243164 20.766687393188477 20.599712371826172 20.50752067565918 20.456512451171875 20.411584854125977 20.62188720703125 
20.847999572753906 20.488767623901367 20.328447341918945 20.25811195373535 20.294912338256836 20.283935546875 20.294719696044922 20.28927993774414 23.73366355895996 20.67840003967285 20.387712478637695 20.8089599609375 21.339136123657227 20.57792091369629 20.493215560913086 20.558847427368164 
35.35977554321289 19.967967987060547 19.993183135986328 20.98204803466797 21.117088317871094 20.999296188354492 20.9835205078125 114.68275451660156 23.98543930053711 20.39846420288086 20.82159996032715 20.639808654785156 20.546911239624023 20.56870460510254 20.738079071044922 20.513696670532227 
20.93846321105957 20.36502456665039 20.137760162353516 20.174335479736328 20.107616424560547 20.199167251586914 20.164447784423828 20.178783416748047 23.6461124420166 20.75449562072754 20.273216247558594 20.7061767578125 20.716064453125 20.839519500732422 20.999711990356445 20.658687591552734 
33.302303314208984 19.988319396972656 19.985183715820312 20.208927154541016 20.768800735473633 20.497888565063477 20.710432052612305 196.08746337890625 23.718143463134766 20.471391677856445 20.54377555847168 20.93084716796875 20.508703231811523 20.351808547973633 20.68511962890625 20.532512664794922 
20.56812858581543 20.236896514892578 20.424991607666016 20.51862335205078 20.46892738342285 20.573823928833008 20.49955177307129 20.43404769897461 23.219999313354492 21.415008544921875 20.561376571655273 20.602495193481445 20.67286491394043 20.80512046813965 20.874752044677734 20.800479888916016 
34.29731369018555 19.96883201599121 19.971616744995117 20.30339241027832 20.743967056274414 20.383039474487305 20.30611228942871 115.63673400878906 23.475263595581055 20.426048278808594 20.46099281311035 20.776256561279297 20.5664005279541 20.63702392578125 20.341951370239258 20.507904052734375 
20.530975341796875 20.22640037536621 20.514015197753906 20.705408096313477 20.82806396484375 20.776384353637695 20.80873680114746 20.739168167114258 23.546783447265625 20.595840454101562 20.49443244934082 21.081951141357422 20.95350456237793 21.158079147338867 20.52342414855957 20.344831466674805 
33.60313415527344 20.03536033630371 19.9869441986084 20.353727340698242 20.723615646362305 20.3767032623291 20.323232650756836 200.4134979248047 25.69491195678711 20.542144775390625 21.05193519592285 20.47177505493164 20.49907112121582 20.482559204101562 20.459104537963867 20.72256088256836 
20.75484848022461 20.349023818969727 20.035839080810547 20.16592025756836 20.410303115844727 20.34934425354004 20.319360733032227 20.375104904174805 24.291839599609375 20.884063720703125 21.077791213989258 20.562719345092773 20.633087158203125 20.94428825378418 20.9586238861084 20.719711303710938 
37.745887756347656 19.983999252319336 20.3189754486084 20.761056900024414 20.952096939086914 20.761568069458008 20.76371192932129 108.31021118164062 24.216415405273438 20.449216842651367 20.525087356567383 20.557567596435547 20.472991943359375 20.498655319213867 20.51958465576172 21.280832290649414 
21.00668716430664 20.281919479370117 20.172895431518555 20.15123176574707 20.2425594329834 20.255008697509766 20.34649658203125 20.34048080444336 25.02511978149414 20.777151107788086 20.669408798217773 20.933311462402344 20.54515266418457 20.441312789916992 20.618560791015625 20.746368408203125 
34.269630432128906 19.989280700683594 20.176992416381836 20.430816650390625 21.42608070373535 21.35321617126465 21.35843276977539 193.8209228515625 24.138591766357422 20.57200050354004 20.640735626220703 20.29804801940918 21.050783157348633 20.587583541870117 20.45145606994629 20.725984573364258 
20.993759155273438 20.20137596130371 20.224895477294922 20.265119552612305 20.34832000732422 20.738304138183594 20.39606475830078 20.273311614990234 24.5184326171875 21.165727615356445 20.915712356567383 20.778303146362305 20.400480270385742 20.726816177368164 20.634048461914062 20.886463165283203 
34.07235336303711 20.925472259521484 21.20137596130371 21.667680740356445 22.409151077270508 22.164287567138672 22.0031681060791 102.41702270507812 25.40073585510254 21.728544235229492 21.7903995513916 23.46886444091797 21.520320892333984 21.79372787475586 21.56012725830078 21.758495330810547 
20.885887145996094 20.502975463867188 20.34623908996582 20.45030403137207 20.536767959594727 20.558176040649414 20.684064865112305 20.840320587158203 22.39606475830078 21.513151168823242 21.72047996520996 21.296384811401367 20.91049575805664 21.234336853027344 21.195327758789062 21.42265510559082 
104.32514953613281 20.895584106445312 21.132896423339844 21.570463180541992 21.58880043029785 21.63417625427246 21.520383834838867 21.302431106567383 25.591552734375 21.812223434448242 21.51363182067871 22.62486457824707 21.731552124023438 21.77065658569336 21.817344665527344 21.82489585876465 
20.739999771118164 20.673568725585938 20.714624404907227 21.042112350463867 21.124799728393555 21.200031280517578 20.91222381591797 20.7544002532959 24.82592010498047 21.02614402770996 21.31043243408203 21.1790714263916 20.635135650634766 21.083616256713867 21.52720069885254 21.15318489074707 
92.38998413085938 20.946239471435547 21.16352081298828 21.54047966003418 21.41484832763672 21.62396812438965 21.50377655029297 21.46441650390625 26.280384063720703 21.917919158935547 21.710176467895508 21.62403106689453 21.4051513671875 21.37238311767578 21.73404884338379 21.452543258666992 
21.124223709106445 20.788448333740234 20.572223663330078 20.520160675048828 20.476991653442383 20.513856887817383 20.547168731689453 20.587263107299805 24.522783279418945 21.392480850219727 20.959104537963867 21.052703857421875 20.850175857543945 20.673471450805664 21.415775299072266 21.83616065979004 
81.18498992919922 20.977407455444336 20.896608352661133 20.995264053344727 21.115903854370117 21.2609920501709 21.6397762298584 22.321823120117188 27.404319763183594 21.745376586914062 21.559167861938477 21.6364803314209 21.613855361938477 21.730527877807617 21.345439910888672 21.89561653137207 
20.958335876464844 20.664127349853516 20.743967056274414 21.050016403198242 21.28438377380371 21.3874568939209 21.574880599975586 21.463455200195312 24.7653751373291 20.89446449279785 21.321535110473633 21.885183334350586 21.229280471801758 21.489055633544922 21.01865577697754 21.223392486572266 
88.54966735839844 20.913375854492188 21.071327209472656 21.734176635742188 21.651519775390625 21.429792404174805 21.37603187561035 21.23084831237793 26.396480560302734 21.47942352294922 21.658016204833984 21.956575393676758 21.50636863708496 21.98908805847168 21.88387107849121 21.434303283691406 
21.15555191040039 20.78374481201172 20.72662353515625 20.725984573364258 20.79007911682129 20.80748748779297 20.54742431640625 20.585023880004883 24.18822479248047 20.99190330505371 20.644607543945312 21.42233657836914 21.329824447631836 21.09440040588379 20.68396759033203 20.79007911682129 
93.74028778076172 20.948543548583984 21.06230354309082 21.17078399658203 21.7992000579834 21.80188751220703 21.81305694580078 21.47056007385254 25.081727981567383 22.041311264038086 21.75200080871582 21.820863723754883 21.721248626708984 21.970239639282227 21.72345542907715 21.806848526000977 
20.786239624023438 20.649856567382812 20.669696807861328 20.78508758544922 20.779455184936523 20.66851234436035 20.667007446289062 20.619552612304688 24.660160064697266 21.442943572998047 21.409727096557617 21.339712142944336 21.057632446289062 21.253215789794922 21.380895614624023 20.8621768951416 
87.56915283203125 20.943359375 21.532320022583008 21.736127853393555 21.753408432006836 21.83091163635254 21.677215576171875 21.39708709716797 26.578975677490234 21.69113540649414 21.603328704833984 21.65990447998047 21.931360244750977 22.31679916381836 22.262943267822266 21.727807998657227 
20.6527042388916 20.6746883392334 20.69385528564453 20.88323211669922 20.915264129638672 20.84864044189453 20.880895614624023 20.91619110107422 24.956928253173828 21.28553581237793 20.98806381225586 21.248191833496094 21.455360412597656 21.62188720703125 20.904544830322266 20.789119720458984 
90.59065246582031 20.863008499145508 21.029695510864258 21.10095977783203 21.132543563842773 21.616256713867188 21.59222412109375 21.650527954101562 25.17046356201172 22.07254409790039 21.86390495300293 21.799392700195312 21.843231201171875 21.55344009399414 21.855199813842773 21.974239349365234 
20.70809555053711 20.537120819091797 21.043231964111328 21.207935333251953 21.01865577697754 21.059776306152344 21.03843116760254 21.039520263671875 24.532991409301758 21.121503829956055 21.03104019165039 20.838943481445312 21.74847984313965 21.2458553314209 20.731103897094727 21.000608444213867 
90.6193618774414 20.92140769958496 21.021024703979492 21.109439849853516 21.213375091552734 21.235551834106445 21.252704620361328 21.43017578125 27.07846450805664 21.676767349243164 21.682880401611328 22.581663131713867 21.545696258544922 21.932512283325195 21.65238380432129 21.861663818359375 
21.127904891967773 20.646591186523438 20.563264846801758 20.467967987060547 20.523296356201172 20.543359756469727 20.537376403808594 20.506879806518555 24.701696395874023 21.33260726928711 21.3624324798584 21.643936157226562 20.916383743286133 21.164960861206055 21.468416213989258 21.354143142700195 
92.7772445678711 20.851360321044922 21.56287956237793 21.699968338012695 21.85081672668457 21.9051513671875 21.860448837280273 21.664831161499023 26.973119735717773 21.594144821166992 21.826528549194336 21.931903839111328 21.829248428344727 21.840543746948242 21.915264129638672 21.686016082763672 
21.07651138305664 20.506656646728516 20.5863037109375 20.54911994934082 20.5732479095459 20.574752807617188 20.53094482421875 20.427135467529297 24.87673568725586 21.51158332824707 21.534847259521484 21.24220848083496 20.779327392578125 21.301759719848633 21.293888092041016 21.354528427124023 
88.62547302246094 18.191104888916016 18.21446418762207 18.226560592651367 18.371423721313477 18.40470314025879 18.431455612182617 18.63007926940918 24.468799591064453 18.69152069091797 18.312192916870117 18.9768009185791 19.356704711914062 20.111263275146484 19.468223571777344 19.349056243896484 
18.800479888916016 18.3786563873291 18.55939292907715 18.81011199951172 18.727359771728516 18.654399871826172 18.46886444091797 18.427520751953125 22.633024215698242 19.01372718811035 19.4355525970459 18.650432586669922 19.2346248626709 19.447744369506836 18.673120498657227 19.213151931762695 
33.03196716308594 18.20854377746582 18.20204734802246 18.361759185791016 18.366464614868164 18.600128173828125 18.781824111938477 153.66773986816406 22.588672637939453 18.768640518188477 18.645183563232422 18.92313575744629 19.007328033447266 18.672895431518555 19.275392532348633 18.81622314453125 
18.850175857543945 18.340543746948242 18.303136825561523 18.27120018005371 18.26963233947754 18.31862449645996 18.448383331298828 18.575040817260742 21.721248626708984 19.14112091064453 18.799135208129883 18.58844757080078 18.80227279663086 19.533184051513672 19.3822078704834 19.352224349975586 
32.979774475097656 18.183103561401367 18.226015090942383 18.6713924407959 18.804800033569336 19.238752365112305 19.08393669128418 161.00393676757812 21.45008087158203 18.919328689575195 19.697792053222656 19.647008895874023 19.58252716064453 19.492095947265625 19.297760009765625 18.64249610900879 
18.580703735351562 18.12950325012207 18.22812843322754 18.225696563720703 18.254655838012695 18.408096313476562 18.520959854125977 18.875295639038086 21.71001625061035 19.29190444946289 18.556224822998047 19.072160720825195 18.808639526367188 19.035839080810547 19.353376388549805 18.599327087402344 
31.937984466552734 18.201248168945312 18.33363151550293 18.963712692260742 19.13750457763672 18.990751266479492 18.81385612487793 163.78419494628906 21.93619155883789 18.863935470581055 18.682336807250977 18.9454402923584 18.906591415405273 19.18726348876953 18.86342430114746 19.454431533813477 
18.869535446166992 18.502464294433594 18.819520950317383 19.077119827270508 19.130144119262695 19.151872634887695 19.035903930664062 18.748960494995117 22.162687301635742 18.875808715820312 19.73263931274414 18.914527893066406 19.671424865722656 19.651872634887695 19.511552810668945 19.11382484436035 
31.95404815673828 18.250911712646484 18.208799362182617 18.902559280395508 18.957664489746094 18.988000869750977 19.034271240234375 157.2624969482422 22.524864196777344 19.081727981567383 19.376928329467773 19.2010555267334 19.531871795654297 19.28771209716797 19.060319900512695 18.86457633972168 
18.8687686920166 18.351999282836914 18.231935501098633 18.28873634338379 18.326656341552734 18.395584106445312 18.62665557861328 18.836511611938477 21.927295684814453 19.033248901367188 19.263168334960938 19.018943786621094 18.640127182006836 18.960447311401367 18.803647994995117 18.551584243774414 
31.963199615478516 18.21107292175293 18.349695205688477 18.535871505737305 18.629919052124023 18.91606330871582 165.33238220214844 18.147872924804688 22.66352081298828 19.082015991210938 18.825023651123047 18.543487548828125 19.156192779541016 19.100095748901367 18.680864334106445 19.68992042541504 
18.84009552001953 18.518463134765625 18.5696964263916 19.13974380493164 19.126911163330078 18.961599349975586 18.735328674316406 18.76211166381836 21.790687561035156 18.99622344970703 18.622623443603516 18.954303741455078 19.840576171875 19.857440948486328 19.280384063720703 19.139616012573242 
31.993696212768555 18.17081642150879 18.244415283203125 18.96726417541504 19.00783920288086 18.984031677246094 19.256736755371094 164.10377502441406 21.553247451782227 18.99785614013672 19.38412857055664 19.38787269592285 19.256288528442383 18.750688552856445 19.203903198242188 18.842208862304688 
18.928159713745117 18.3571834564209 18.408191680908203 18.514495849609375 18.558368682861328 18.48918342590332 18.77667236328125 18.927488327026367 20.492223739624023 19.26051139831543 19.272672653198242 18.91164779663086 18.972448348999023 18.629695892333984 19.65407943725586 19.08095932006836 
33.0351676940918 18.226688385009766 18.16854476928711 18.699935913085938 18.902719497680664 18.912799835205078 18.88368034362793 160.79075622558594 22.185312271118164 19.37398338317871 18.749408721923828 18.880895614624023 19.794368743896484 19.316768646240234 19.459135055541992 19.22902488708496 
18.79542350769043 18.528032302856445 18.749120712280273 18.866655349731445 18.71436882019043 18.481887817382812 18.532928466796875 18.402816772460938 21.297216415405273 19.101823806762695 18.571807861328125 18.878175735473633 19.32624053955078 18.679136276245117 19.03638458251953 18.720767974853516 
31.94780731201172 18.217151641845703 18.315200805664062 18.68115234375 19.138559341430664 19.081727981567383 19.017087936401367 168.1840362548828 23.937536239624023 19.08252716064453 19.39321517944336 18.920671463012695 18.555583953857422 18.848512649536133 18.926176071166992 19.427711486816406 
18.97216033935547 18.542207717895508 18.50611114501953 18.66147232055664 18.927104949951172 19.045312881469727 19.157344818115234 19.188800811767578 22.44476890563965 18.999616622924805 18.384511947631836 18.551359176635742 20.00579261779785 19.14828872680664 18.928096771240234 18.881343841552734 
31.962976455688477 18.23129653930664 18.22537612915039 18.516767501831055 18.818336486816406 18.67750358581543 18.796159744262695 166.4910430908203 21.94588851928711 19.320703506469727 20.188671112060547 19.552928924560547 19.43484878540039 19.117408752441406 18.597440719604492 18.903072357177734 
18.67363166809082 18.298784255981445 18.167552947998047 18.144256591796875 18.567136764526367 19.000320434570312 19.013599395751953 18.999935150146484 21.66556739807129 18.691808700561523 18.600191116333008 18.9466552734375 19.953887939453125 18.729568481445312 18.875648498535156 18.82601547241211 
33.8504638671875 19.834943771362305 19.841215133666992 20.30054473876953 20.26358413696289 20.11347198486328 20.173471450805664 150.63626098632812 23.64908790588379 20.19273567199707 20.398303985595703 20.99216079711914 20.777727127075195 21.275232315063477 20.081056594848633 20.072223663330078 
22.0032958984375 22.061439514160156 22.25775909423828 22.275104522705078 22.2741756439209 22.071487426757812 21.703935623168945 21.740768432617188 26.175039291381836 23.62704086303711 23.328575134277344 21.690431594848633 23.1680965423584 21.757375717163086 21.84137535095215 21.969728469848633 
33.8570556640625 19.815776824951172 20.131872177124023 20.0861759185791 20.508127212524414 20.669984817504883 20.548864364624023 20.30521583557129 24.33843231201172 20.4552001953125 20.630815505981445 20.476543426513672 20.43484878540039 20.668575286865234 20.699583053588867 20.55196762084961 
22.244064331054688 21.63484764099121 24.063968658447266 22.083232879638672 22.273088455200195 24.14860725402832 21.918495178222656 21.612384796142578 26.25116729736328 26.07548713684082 22.296863555908203 21.82975959777832 21.9617919921875 22.21721649169922 21.7805118560791 21.94220733642578 
32.7756462097168 19.80076789855957 20.400928497314453 20.874176025390625 21.17305564880371 21.24883270263672 21.03843116760254 20.791711807250977 27.008447647094727 20.127391815185547 20.409151077270508 20.729312896728516 20.4432315826416 21.220735549926758 20.357664108276367 20.1494083404541 
22.076671600341797 22.083295822143555 22.21891212463379 22.047264099121094 22.21062469482422 22.112607955932617 21.7490234375 21.681472778320312 23.765504837036133 22.064895629882812 22.33660888671875 21.87945556640625 22.300512313842773 22.061792373657227 21.919071197509766 22.125280380249023 
33.83292770385742 19.8272647857666 19.821311950683594 19.858144760131836 20.794559478759766 21.054880142211914 21.097087860107422 20.713279724121094 25.9256649017334 20.490623474121094 20.150144577026367 20.447200775146484 20.221248626708984 20.33888053894043 20.47270393371582 20.834848403930664 
22.323040008544922 21.680511474609375 21.52934455871582 21.49875259399414 21.61996841430664 21.694400787353516 21.796192169189453 21.89263916015625 25.464479446411133 28.064287185668945 22.204448699951172 21.672672271728516 21.904447555541992 21.86467170715332 21.75369644165039 21.807104110717773 
32.76889419555664 19.829055786132812 20.073440551757812 20.260160446166992 21.01251220703125 21.015199661254883 20.66873550415039 20.15056037902832 24.816415786743164 20.612384796142578 21.31439971923828 20.308000564575195 19.996288299560547 20.26780891418457 20.151935577392578 20.368864059448242 
22.030336380004883 21.73404884338379 22.016511917114258 21.858335494995117 21.719200134277344 21.674272537231445 21.609888076782227 21.69228744506836 25.64022445678711 27.792255401611328 22.917407989501953 21.718847274780273 22.016511917114258 21.902240753173828 22.152671813964844 21.821439743041992 
34.829345703125 19.810880661010742 20.14240074157715 20.43484878540039 21.057600021362305 21.143199920654297 20.927583694458008 20.6375675201416 24.815168380737305 20.642175674438477 21.02783966064453 20.244224548339844 20.53183937072754 20.33942413330078 20.455520629882812 20.689472198486328 
22.37379264831543 21.721824645996094 21.517536163330078 21.4935359954834 21.57379150390625 21.696575164794922 22.072063446044922 22.832639694213867 25.70992088317871 25.671104431152344 21.82569694519043 23.187040328979492 21.836959838867188 22.84102439880371 21.859968185424805 21.865215301513672 
32.777889251708984 19.829120635986328 19.80944061279297 19.823871612548828 20.487871170043945 20.543840408325195 20.344736099243164 20.22947120666504 23.149696350097656 20.312576293945312 20.653120040893555 20.736896514892578 20.571231842041016 21.326143264770508 20.186080932617188 20.348031997680664 
21.979551315307617 21.989856719970703 22.20412826538086 22.086559295654297 22.271263122558594 22.33247947692871 21.82294464111328 21.70515251159668 25.257951736450195 22.320768356323242 22.085887908935547 22.12665557861328 22.045120239257812 21.798847198486328 22.298175811767578 21.845279693603516 
32.74710464477539 19.819679260253906 19.839744567871094 19.985151290893555 20.448287963867188 20.510751724243164 20.31318473815918 20.1409912109375 25.037504196166992 20.118976593017578 20.438175201416016 20.65839958190918 20.8288631439209 21.244384765625 20.290592193603516 20.046815872192383 
22.160032272338867 22.016128540039062 22.314367294311523 22.224544525146484 22.233888626098633 22.16524887084961 21.74732780456543 21.716543197631836 26.455808639526367 21.865760803222656 22.125919342041016 22.02124786376953 22.06934356689453 22.10095977783203 23.100704193115234 22.006816864013672 
32.79884719848633 19.810400009155273 19.799711227416992 20.018047332763672 20.35036849975586 20.65897560119629 20.47977638244629 20.2093448638916 25.966943740844727 20.858367919921875 20.4836483001709 20.52195167541504 20.37004852294922 20.486591339111328 20.623104095458984 20.775711059570312 
22.489376068115234 21.591615676879883 21.515775680541992 21.665599822998047 21.61292839050293 21.637760162353516 22.293119430541992 22.68400001525879 25.97747230529785 28.736543655395508 21.90928077697754 22.187936782836914 22.659456253051758 21.95635223388672 21.95302391052246 22.03206443786621 
32.78518295288086 19.797439575195312 19.814655303955078 20.148351669311523 20.647296905517578 20.701215744018555 20.803936004638672 20.693023681640625 23.95769691467285 20.86195182800293 20.23619270324707 20.27788734436035 20.6744327545166 20.492448806762695 20.589279174804688 20.597984313964844 
22.278207778930664 21.575040817260742 21.531200408935547 21.700223922729492 22.020767211914062 22.599199295043945 22.53727912902832 22.4354248046875 24.498720169067383 22.503360748291016 21.767040252685547 21.577791213989258 22.813087463378906 21.755552291870117 22.004287719726562 21.945247650146484 
46.38595199584961 29.65932846069336 30.490304946899414 35.514686584472656 30.418304443359375 29.891807556152344 43.20550537109375 47.25196838378906 41.61840057373047 29.593759536743164 30.877504348754883 29.903072357177734 31.20979118347168 31.818336486816406 30.32352066040039 30.943679809570312 
47.42524719238281 40.07468795776367 33.87209701538086 29.882911682128906 30.44326400756836 31.775360107421875 38.68083190917969 30.508031845092773 38.0272331237793 30.41551971435547 30.10323143005371 32.11391830444336 30.287551879882812 30.135520935058594 30.971263885498047 30.425312042236328 
48.469024658203125 40.914817810058594 30.47939109802246 30.104736328125 29.813919067382812 30.168832778930664 29.958560943603516 97.69747161865234 34.53916931152344 29.95792007446289 30.68822479248047 30.35158348083496 31.057024002075195 30.991296768188477 30.245088577270508 30.400896072387695 
47.34320068359375 32.68745422363281 33.12294387817383 30.974815368652344 30.533248901367188 29.963552474975586 30.46735954284668 104.76886749267578 35.49795150756836 29.918079376220703 29.9466552734375 30.58348846435547 29.76688003540039 30.32819175720215 30.281343460083008 30.514816284179688 
56.002174377441406 44.055198669433594 29.546592712402344 29.732799530029297 32.37433624267578 30.691104888916016 47.628639221191406 82.2518081665039 40.10505676269531 30.544288635253906 30.35424041748047 30.65510368347168 30.69161605834961 31.090784072875977 30.58064079284668 30.650943756103516 
47.443519592285156 35.878849029541016 35.42822265625 29.350271224975586 29.7227840423584 29.578048706054688 30.187583923339844 87.98492431640625 35.75417709350586 29.709280014038086 30.571552276611328 29.714080810546875 30.66681671142578 30.197664260864258 30.213184356689453 30.378400802612305 
47.41049575805664 30.365215301513672 36.553375244140625 31.220191955566406 30.33692741394043 30.178176879882812 43.34739303588867 128.57379150390625 35.949310302734375 30.395904541015625 30.34511947631836 30.441696166992188 30.29897689819336 30.011423110961914 30.631616592407227 30.226783752441406 
47.396766662597656 33.738529205322266 35.55299377441406 29.954303741455078 29.724063873291016 30.06172752380371 30.394271850585938 107.26969909667969 37.174591064453125 30.17465591430664 29.80873680114746 30.818111419677734 30.416288375854492 30.881023406982422 30.744543075561523 30.01568031311035 
47.4315185546875 32.68143844604492 37.97001647949219 29.814367294311523 29.859935760498047 31.070655822753906 30.52444839477539 35.23583984375 37.1416015625 29.874399185180664 30.699359893798828 30.395776748657227 30.055328369140625 30.5828800201416 29.61155128479004 30.89638328552246 
45.356224060058594 33.68854522705078 32.1723518371582 30.392927169799805 30.754592895507812 30.445119857788086 30.477951049804688 113.16365051269531 36.68492889404297 29.4899845123291 30.399551391601562 30.170272827148438 30.609407424926758 30.830400466918945 30.093183517456055 30.91164779663086 
42.40256118774414 46.99833679199219 36.74870300292969 29.46076774597168 76.78947448730469 30.50383949279785 78.84121704101562 28.00048065185547 28.032032012939453 23.260255813598633 22.834592819213867 23.215007781982422 23.394527435302734 23.251487731933594 23.23651123046875 23.510591506958008 
20.610368728637695 19.54697608947754 19.9487361907959 20.06275177001953 20.138784408569336 234.69564819335938 19.09756851196289 227.56275939941406 23.48431968688965 19.619712829589844 19.642240524291992 19.630207061767578 19.83897590637207 19.851104736328125 19.76780891418457 19.77440071105957 
43.4317741394043 193.95263671875 29.350719451904297 23.141504287719727 22.593984603881836 22.955615997314453 22.9270076751709 22.931936264038086 28.944927215576172 23.518463134765625 23.708864212036133 23.433984756469727 23.455583572387695 23.42905616760254 23.421024322509766 23.396703720092773 
19.989791870117188 19.2860164642334 19.235584259033203 19.369760513305664 19.69068717956543 242.4586944580078 19.080896377563477 229.66368103027344 23.826719284057617 20.090368270874023 21.05411148071289 19.64454460144043 19.678144454956055 19.916736602783203 19.955455780029297 20.11961555480957 
41.28585433959961 30.238239288330078 204.2224578857422 22.49500846862793 22.685344696044922 29.786592483520508 22.678176879882812 23.053951263427734 28.753376007080078 23.287263870239258 23.232511520385742 23.163551330566406 23.359615325927734 23.249439239501953 23.16156768798828 23.70364761352539 
20.264991760253906 21.015039443969727 19.568256378173828 19.96691131591797 237.30514526367188 19.06172752380371 231.77235412597656 19.067007064819336 23.51046371459961 20.23833656311035 19.61142349243164 19.58483123779297 19.74620819091797 19.797344207763672 19.739744186401367 19.776384353637695 
41.35011291503906 176.2015380859375 30.27027130126953 28.204063415527344 22.791231155395508 22.776447296142578 23.035104751586914 22.996864318847656 28.077056884765625 23.261600494384766 23.4498233795166 23.603679656982422 23.7109432220459 23.202592849731445 23.41744041442871 23.575040817260742 
20.31827163696289 19.481599807739258 19.485855102539062 20.086143493652344 20.268672943115234 234.28387451171875 19.099584579467773 230.39053344726562 24.325439453125 20.046783447265625 20.283679962158203 20.109920501708984 20.1167049407959 20.355680465698242 19.82796859741211 19.806528091430664 
41.31177520751953 202.2274169921875 28.35171127319336 22.547264099121094 22.73481559753418 23.667999267578125 23.91059112548828 23.47772789001465 28.219711303710938 23.33251190185547 23.53481674194336 23.220863342285156 22.80454444885254 23.395103454589844 23.654720306396484 24.097055435180664 
20.012256622314453 19.516096115112305 19.521312713623047 20.05948829650879 21.442848205566406 232.49676513671875 19.098495483398438 229.85093688964844 19.617183685302734 20.15238380432129 19.636255264282227 19.790815353393555 19.718624114990234 19.687551498413086 19.828832626342773 19.57334327697754 
236.5965118408203 29.991455078125 22.88649559020996 22.572351455688477 23.030719757080078 22.79427146911621 23.372255325317383 23.40176010131836 27.541791915893555 23.358400344848633 23.404287338256836 24.171743392944336 23.53513526916504 23.68614387512207 23.438304901123047 23.34022331237793 
19.974143981933594 19.273439407348633 19.606624603271484 19.89344024658203 251.28892517089844 19.07436752319336 226.48275756835938 19.074880599975586 23.39504051208496 19.892000198364258 20.233728408813477 19.940704345703125 20.307615280151367 19.72230339050293 19.70204734802246 19.90108871459961 
234.50819396972656 30.01100730895996 23.11052894592285 22.881120681762695 23.96723175048828 23.949792861938477 23.60736083984375 23.255807876586914 27.74140739440918 23.208160400390625 23.36252784729004 23.58291244506836 23.41551971435547 23.225088119506836 23.531551361083984 23.611040115356445 
20.06185531616211 19.738975524902344 19.793119430541992 20.183488845825195 242.51100158691406 19.12928009033203 237.35264587402344 19.098848342895508 23.978208541870117 20.247007369995117 19.543487548828125 20.704959869384766 20.03366470336914 20.40220832824707 19.852863311767578 19.817312240600586 
44.43119812011719 200.26492309570312 29.292512893676758 22.96556854248047 22.66582489013672 22.637760162353516 31.120704650878906 22.739423751831055 28.77622413635254 23.519168853759766 23.197856903076172 23.562623977661133 24.459232330322266 23.526912689208984 23.32521629333496 23.202463150024414 
19.931968688964844 19.422687530517578 19.57107162475586 19.627296447753906 20.30851173400879 236.2157745361328 237.9745635986328 19.02115249633789 24.97382354736328 20.18396759033203 20.130464553833008 20.132640838623047 20.293855667114258 20.680927276611328 20.498592376708984 20.251136779785156 
41.29404830932617 192.7294464111328 29.425504684448242 23.507583618164062 22.924991607666016 22.96099281311035 23.13497543334961 23.184192657470703 28.904640197753906 23.14726448059082 23.705888748168945 23.842016220092773 23.097055435180664 23.567424774169922 23.75859260559082 23.375263214111328 
19.71299171447754 19.19478416442871 19.242080688476562 19.352672576904297 250.18045043945312 19.11497688293457 231.94610595703125 19.08016014099121 23.005983352661133 20.076831817626953 19.941984176635742 20.524320602416992 19.628864288330078 19.785472869873047 19.855615615844727 19.80099105834961 
45.563743591308594 189.53709411621094 29.429311752319336 23.6112003326416 23.16592025756836 23.192415237426758 23.16396713256836 32.115455627441406 26.54960060119629 23.311199188232422 23.232160568237305 23.7040958404541 23.387903213500977 23.17296028137207 23.4833927154541 23.865440368652344 
19.893983840942383 19.447359085083008 19.666048049926758 19.8253116607666 19.9432315826416 232.5590362548828 19.07811164855957 234.4181365966797 23.463008880615234 20.780704498291016 20.70185661315918 20.077184677124023 20.064544677734375 19.727584838867188 20.344736099243164 19.615327835083008 
32.78470230102539 17.162656784057617 53.53363037109375 17.855039596557617 17.888959884643555 18.05014419555664 19.227903366088867 17.88057518005371 23.108543395996094 17.858816146850586 17.41062355041504 17.333919525146484 17.4751033782959 17.662303924560547 17.782495498657227 17.60032081604004 
17.182336807250977 16.978591918945312 17.11347198486328 17.415807723999023 17.4683837890625 17.656415939331055 17.687231063842773 17.416000366210938 19.88355255126953 18.101823806762695 17.400224685668945 18.376480102539062 18.155424118041992 17.613536834716797 17.0545597076416 17.767135620117188 
41.18483352661133 18.174272537231445 22.198047637939453 18.84566307067871 17.90425682067871 18.979520797729492 18.059871673583984 82.72415924072266 24.935680389404297 17.443744659423828 17.047807693481445 17.1942081451416 17.595584869384766 17.290016174316406 18.219039916992188 17.268831253051758 
17.850143432617188 17.11087989807129 17.16876792907715 17.58185577392578 17.759552001953125 17.721952438354492 17.47110366821289 17.2259521484375 19.88969612121582 18.026752471923828 17.32931137084961 18.27631950378418 17.933696746826172 17.301151275634766 17.0916805267334 17.45702362060547 
36.98089599609375 18.16364860534668 21.014463424682617 21.280223846435547 17.696735382080078 17.85958480834961 17.945791244506836 18.04649543762207 21.426559448242188 17.310943603515625 17.11939239501953 17.1048641204834 17.916223526000977 17.610271453857422 17.293760299682617 18.515743255615234 
17.341663360595703 17.104223251342773 17.180255889892578 17.102048873901367 17.205408096313477 17.394079208374023 17.609088897705078 17.723552703857422 19.86355209350586 17.75596809387207 17.036575317382812 17.321855545043945 17.51910400390625 17.199039459228516 18.264896392822266 17.58448028564453 
40.14396667480469 18.193824768066406 22.078784942626953 18.044160842895508 17.906496047973633 18.06380844116211 19.844736099243164 17.858911514282227 24.9768009185791 17.89481544494629 17.48409652709961 17.318464279174805 17.28313636779785 17.113727569580078 18.08527946472168 17.675039291381836 
17.202911376953125 17.00841522216797 17.01763153076172 17.30099105834961 17.52239990234375 17.57107162475586 17.556224822998047 17.439647674560547 19.479135513305664 18.23708724975586 17.269023895263672 17.701984405517578 17.672927856445312 17.179840087890625 18.384288787841797 17.632640838623047 
38.00697708129883 18.204832077026367 22.098560333251953 20.019296646118164 17.819007873535156 17.851743698120117 17.912736892700195 18.008607864379883 23.627840042114258 17.22617530822754 17.824735641479492 17.667072296142578 17.105632781982422 17.87727928161621 17.49363136291504 17.071903228759766 
17.738784790039062 17.457408905029297 17.565088272094727 17.540000915527344 17.38755226135254 17.26201629638672 17.172992706298828 17.274784088134766 19.926528930664062 18.82899284362793 17.742847442626953 18.078271865844727 17.632671356201172 17.046464920043945 18.069759368896484 17.462207794189453 
40.141761779785156 18.16089630126953 18.97551918029785 20.292160034179688 18.690143585205078 18.968095779418945 17.864927291870117 17.97091293334961 22.43984031677246 17.6724796295166 17.680448532104492 17.040447235107422 18.448768615722656 17.606016159057617 17.76304054260254 17.981599807739258 
17.40185546875 17.196096420288086 17.3353271484375 17.17571258544922 17.124256134033203 17.154176712036133 17.132448196411133 17.519519805908203 19.676895141601562 18.00668716430664 17.73865509033203 17.242719650268555 18.502336502075195 17.555551528930664 17.431903839111328 17.2379207611084 
40.194496154785156 18.162527084350586 22.906400680541992 18.139936447143555 17.903392791748047 17.958879470825195 19.05120086669922 17.757183074951172 22.72377586364746 17.725248336791992 17.274688720703125 17.577503204345703 17.73321533203125 17.1878719329834 17.873472213745117 17.751615524291992 
17.595552444458008 17.093151092529297 17.060640335083008 17.16227149963379 17.389055252075195 17.842144012451172 17.940031051635742 17.757408142089844 19.60915184020996 17.791488647460938 17.62166404724121 18.416032791137695 17.618656158447266 17.632896423339844 17.22412872314453 17.465024948120117 
40.13203048706055 19.261728286743164 21.009632110595703 17.953632354736328 19.2392635345459 18.95644760131836 19.987520217895508 17.91779136657715 23.667295455932617 17.359424591064453 17.868959426879883 17.66547203063965 17.178207397460938 17.20364761352539 17.42527961730957 17.262496948242188 
17.540159225463867 17.167295455932617 17.269983291625977 17.347232818603516 17.166271209716797 17.147584915161133 17.368640899658203 17.42630386352539 20.304479598999023 18.609216690063477 17.550207138061523 17.44099235534668 17.940095901489258 17.479328155517578 17.104480743408203 17.179168701171875 
41.21903991699219 18.1724796295166 21.042688369750977 20.158496856689453 18.67910385131836 17.94175910949707 18.975967407226562 17.831552505493164 20.45907211303711 18.482112884521484 17.589759826660156 17.189983367919922 18.084447860717773 17.662368774414062 17.666912078857422 18.096384048461914 
17.809791564941406 17.169023513793945 17.0416316986084 17.004480361938477 17.47609519958496 17.457056045532227 17.586559295654297 18.060575485229492 19.851839065551758 18.273216247558594 17.657407760620117 17.13711929321289 18.772319793701172 17.510944366455078 17.521440505981445 18.134624481201172 
40.150848388671875 18.182207107543945 22.059871673583984 17.90457534790039 17.84569549560547 17.860992431640625 18.027231216430664 17.923551559448242 20.980928421020508 17.238208770751953 18.083200454711914 17.454816818237305 17.034271240234375 17.890432357788086 17.07094383239746 17.98860740661621 
17.40243148803711 17.131263732910156 17.20025634765625 17.0916805267334 17.106399536132812 17.58483123779297 17.51798439025879 17.5599365234375 20.079391479492188 17.433408737182617 18.06764793395996 18.078432083129883 17.264991760253906 18.15830421447754 17.386272430419922 17.117408752441406 
36.36092758178711 21.509727478027344 21.85036849975586 22.22319984436035 22.203039169311523 21.878143310546875 21.80988883972168 21.907039642333984 26.148704528808594 22.45724868774414 22.663583755493164 22.098655700683594 22.170080184936523 22.481216430664062 22.469343185424805 22.602272033691406 
23.66739273071289 23.23356819152832 23.221824645996094 22.982751846313477 22.911264419555664 23.48214340209961 23.779647827148438 23.68169593811035 26.923967361450195 23.350400924682617 23.498624801635742 22.945920944213867 23.51888084411621 23.801599502563477 23.253536224365234 23.350624084472656 
51.05632019042969 21.67375946044922 22.149599075317383 22.342111587524414 22.5184326171875 22.582143783569336 22.499839782714844 22.12873649597168 25.852800369262695 22.600704193115234 22.5251522064209 22.660512924194336 22.325632095336914 22.64579200744629 22.35750389099121 22.191680908203125 
23.924543380737305 22.970304489135742 23.25155258178711 23.791967391967773 23.842687606811523 23.61199951171875 23.03875160217285 22.832799911499023 27.7260799407959 23.30838394165039 23.559104919433594 23.251232147216797 23.73961639404297 23.747455596923828 23.380992889404297 23.634784698486328 
56.4365119934082 21.734655380249023 21.984960556030273 22.3503360748291 22.33580780029297 22.407936096191406 22.1080322265625 119.9320297241211 28.516511917114258 22.427040100097656 22.42243194580078 24.326143264770508 22.36479949951172 22.496383666992188 22.290048599243164 22.819711685180664 
23.53126335144043 23.112064361572266 23.55846405029297 23.56096076965332 23.30860710144043 22.9835205078125 23.233919143676758 24.058687210083008 27.069599151611328 23.22060775756836 23.928064346313477 25.33078384399414 23.32691192626953 23.489887237548828 23.465375900268555 23.56934356689453 
59.590206146240234 21.99523162841797 22.516063690185547 21.74403190612793 21.754016876220703 22.22208023071289 22.74083137512207 111.95366668701172 26.388383865356445 22.339967727661133 21.916288375854492 22.340511322021484 22.345600128173828 22.22483253479004 22.869951248168945 22.361343383789062 
23.780736923217773 23.134496688842773 23.321727752685547 23.570816040039062 23.52124786376953 23.17046356201172 23.023584365844727 23.28054428100586 28.11907196044922 23.430112838745117 23.015104293823242 23.45747184753418 23.09859275817871 23.266719818115234 23.528799057006836 23.775840759277344 
63.19676971435547 22.01705551147461 21.992511749267578 21.90902328491211 22.433151245117188 22.483264923095703 22.04889678955078 103.73200225830078 26.35081672668457 22.409887313842773 22.09926414489746 23.077856063842773 22.14803123474121 22.517663955688477 22.937408447265625 22.4050235748291 
23.720991134643555 23.156415939331055 23.371807098388672 23.91209602355957 23.8286075592041 23.32784080505371 23.044384002685547 23.022048950195312 28.00204849243164 23.578432083129883 23.4968318939209 23.573823928833008 23.5296630859375 23.414751052856445 23.826879501342773 23.508991241455078 
56.43183898925781 21.73967933654785 22.226783752441406 22.30067253112793 21.990751266479492 21.89993667602539 22.66534423828125 119.63164520263672 27.073535919189453 22.327392578125 22.86345672607422 22.39027214050293 22.498048782348633 23.097408294677734 22.33964729309082 22.635839462280273 
23.743839263916016 22.998559951782227 22.944128036499023 22.880640029907227 23.223520278930664 23.30188751220703 23.35273551940918 23.222015380859375 27.645503997802734 23.396255493164062 23.384511947631836 23.630144119262695 23.714048385620117 23.435871124267578 23.810144424438477 23.741439819335938 
55.390113830566406 21.77948760986328 22.143007278442383 22.26527976989746 21.77497673034668 21.821727752685547 22.064064025878906 118.49667358398438 27.363744735717773 22.282848358154297 22.5532169342041 22.274688720703125 22.736000061035156 22.527040481567383 22.441120147705078 22.523616790771484 
23.43561553955078 23.15894317626953 23.320735931396484 23.27734375 23.013792037963867 22.88492774963379 23.704448699951172 24.241504669189453 27.867839813232422 23.61337661743164 23.611839294433594 23.47430419921875 23.511327743530273 23.359455108642578 23.579008102416992 23.435392379760742 
55.39379119873047 21.714527130126953 22.046655654907227 22.241727828979492 21.746112823486328 21.645952224731445 21.93996810913086 115.60163116455078 28.030303955078125 22.223583221435547 23.721567153930664 22.157119750976562 22.575424194335938 22.49817657470703 22.927391052246094 22.369152069091797 
23.436447143554688 23.020544052124023 23.043136596679688 23.09404754638672 23.304672241210938 23.925216674804688 23.951616287231445 23.697120666503906 27.531295776367188 23.845056533813477 22.916095733642578 23.69068717956543 23.311904907226562 23.746623992919922 23.539392471313477 23.295263290405273 
53.47964859008789 21.704544067382812 21.948287963867188 21.912063598632812 21.715808868408203 21.97395133972168 21.917631149291992 121.23133087158203 25.91756820678711 22.241504669189453 22.45123291015625 22.334976196289062 22.466463088989258 22.526016235351562 22.222719192504883 22.132095336914062 
23.840320587158203 23.400991439819336 23.53887939453125 23.294687271118164 23.19158363342285 23.23798370361328 23.87548828125 23.866336822509766 27.27440071105957 23.185504913330078 23.425376892089844 23.45452880859375 23.65395164489746 23.431615829467773 23.561344146728516 23.553024291992188 
53.269535064697266 21.677888870239258 21.999359130859375 22.36262321472168 22.17148780822754 22.146047592163086 21.922176361083984 120.3207015991211 23.776992797851562 22.290496826171875 22.7794246673584 22.318912506103516 22.681312561035156 22.33283233642578 22.531007766723633 22.30086326599121 
23.73311996459961 22.988096237182617 23.024927139282227 23.07708740234375 23.981983184814453 23.969087600708008 23.77686309814453 23.147743225097656 26.72876739501953 23.38025665283203 23.368480682373047 22.993696212768555 23.34009552001953 23.50716781616211 23.624160766601562 23.529727935791016 
40.06355285644531 16.434335708618164 13.690848350524902 13.796256065368652 13.984992027282715 14.284192085266113 14.27347183227539 14.032511711120605 19.775136947631836 15.163583755493164 14.555999755859375 14.286335945129395 14.166175842285156 13.881024360656738 13.894271850585938 13.846752166748047 
14.408415794372559 14.074175834655762 13.962464332580566 13.99721622467041 13.989503860473633 14.231136322021484 14.447487831115723 14.612480163574219 16.241504669189453 15.21615982055664 14.746496200561523 14.491040229797363 14.038016319274902 14.489472389221191 14.165151596069336 14.674431800842285 
73.64326477050781 13.664863586425781 13.673791885375977 13.649375915527344 13.621983528137207 13.752639770507812 13.66982364654541 13.697088241577148 16.83839988708496 13.998592376708984 14.030048370361328 13.917920112609863 14.374336242675781 13.943743705749512 14.810367584228516 14.743103981018066 
14.731424331665039 14.273951530456543 14.301216125488281 14.138943672180176 14.0381441116333 14.01353645324707 14.076959609985352 14.2741117477417 17.407743453979492 15.703680038452148 14.61308765411377 14.121376037597656 14.077280044555664 14.013055801391602 14.148768424987793 14.534048080444336 
35.88115310668945 13.698271751403809 13.686816215515137 13.78876781463623 13.779647827148438 13.797439575195312 13.883808135986328 14.26467227935791 19.336671829223633 15.443296432495117 14.797727584838867 14.479231834411621 13.993056297302246 13.925727844238281 13.945440292358398 14.249152183532715 
14.354399681091309 13.926207542419434 14.05510425567627 14.148736000061035 14.058303833007812 14.244640350341797 14.260224342346191 14.172256469726562 17.007648468017578 15.090047836303711 14.382880210876465 14.750399589538574 14.405983924865723 15.121824264526367 14.915103912353516 14.05292797088623 
73.50131225585938 13.670495986938477 13.702783584594727 13.772928237915039 14.279840469360352 14.31987190246582 14.11030387878418 14.083040237426758 20.849376678466797 15.493887901306152 14.362624168395996 14.341952323913574 13.93552017211914 14.941184043884277 14.453856468200684 14.17955207824707 
14.41055965423584 14.031359672546387 13.975456237792969 14.002559661865234 14.124735832214355 14.178496360778809 14.268256187438965 14.150015830993652 14.454079627990723 15.101344108581543 14.875264167785645 14.450847625732422 14.021023750305176 14.034272193908691 14.436320304870605 14.596768379211426 
75.75206756591797 13.663007736206055 13.676063537597656 13.651167869567871 13.675007820129395 13.613663673400879 13.770719528198242 13.874496459960938 19.10691261291504 14.675968170166016 13.900480270385742 14.344415664672852 14.184032440185547 14.406911849975586 14.682496070861816 14.925919532775879 
15.273728370666504 14.284000396728516 14.114175796508789 14.050175666809082 14.239744186401367 14.24828815460205 14.041248321533203 14.028736114501953 16.629119873046875 14.672639846801758 14.179264068603516 14.670495986938477 15.087776184082031 14.847904205322266 14.485952377319336 15.020992279052734 
71.38310241699219 13.691935539245605 13.688032150268555 13.670720100402832 13.678367614746094 13.732992172241211 13.789952278137207 14.061152458190918 19.496383666992188 14.96076774597168 14.676992416381836 14.193216323852539 13.946847915649414 14.162303924560547 14.157919883728027 14.003520011901855 
14.429792404174805 14.099136352539062 14.100159645080566 14.099455833435059 14.078335762023926 14.249152183532715 14.288512229919434 14.259360313415527 16.93836784362793 15.729375839233398 14.27126407623291 14.081855773925781 14.112031936645508 14.792896270751953 14.291007995605469 14.730976104736328 
62.151329040527344 13.672991752624512 13.63481616973877 13.677727699279785 13.6812162399292 13.603072166442871 13.620287895202637 13.675999641418457 19.437631607055664 14.640671730041504 14.330975532531738 13.898688316345215 13.97100830078125 14.3123197555542 14.77791976928711 14.717023849487305 
14.728544235229492 14.191360473632812 14.044063568115234 14.040160179138184 14.173760414123535 14.2575044631958 14.026592254638672 14.046527862548828 16.715232849121094 15.686528205871582 14.49401569366455 14.340191841125488 13.97548770904541 14.185152053833008 14.457440376281738 14.949983596801758 
69.44818878173828 13.683520317077637 13.645600318908691 13.650879859924316 13.642623901367188 13.603263854980469 13.69536018371582 13.723936080932617 19.11078453063965 15.05180835723877 14.42745590209961 14.213727951049805 14.71555233001709 14.496000289916992 14.31875228881836 14.16643238067627 
14.357824325561523 13.981632232666016 14.217215538024902 14.544256210327148 14.489791870117188 14.340352058410645 14.085247993469238 14.036383628845215 15.291584014892578 15.140159606933594 14.729248046875 14.42307186126709 14.144800186157227 14.54751968383789 14.193535804748535 14.743552207946777 
69.46438598632812 13.639488220214844 13.643903732299805 13.640735626220703 13.654911994934082 13.938400268554688 13.861023902893066 14.231904029846191 17.802431106567383 14.400192260742188 14.178079605102539 14.031328201293945 14.632224082946777 15.183520317077637 14.648768424987793 14.326272010803223 
14.706560134887695 13.960543632507324 13.910112380981445 13.945695877075195 14.08140754699707 14.086112022399902 14.374176025390625 14.170559883117676 16.763839721679688 14.564224243164062 14.43507194519043 14.501631736755371 14.647104263305664 14.969247817993164 14.864959716796875 14.682463645935059 
70.50819396972656 13.699616432189941 13.696767807006836 13.718463897705078 13.699935913085938 13.611616134643555 13.762528419494629 14.226495742797852 20.486591339111328 15.005215644836426 14.323455810546875 14.178367614746094 13.887968063354492 14.426719665527344 14.193280220031738 14.13424015045166 
14.7260160446167 14.069727897644043 14.086784362792969 14.19324779510498 14.292320251464844 14.118176460266113 14.138879776000977 14.228287696838379 17.580480575561523 15.467679977416992 14.374943733215332 14.090911865234375 14.146271705627441 14.49824047088623 14.218400001525879 15.114879608154297 
57.8109130859375 26.003583908081055 26.183359146118164 26.494720458984375 26.561471939086914 26.505855560302734 27.674976348876953 120.98406219482422 30.862144470214844 26.534944534301758 26.347904205322266 26.430816650390625 26.502527236938477 26.600191116333008 26.332639694213867 26.523136138916016 
21.81260871887207 21.491743087768555 21.997407913208008 21.974943161010742 22.116064071655273 22.08348846435547 22.152896881103516 22.09574317932129 22.730304718017578 21.988672256469727 22.224288940429688 22.480960845947266 21.80124855041504 21.969440460205078 21.807968139648438 22.294240951538086 
58.78847885131836 25.969472885131836 26.154048919677734 27.608671188354492 27.430463790893555 26.819488525390625 27.449024200439453 96.31999969482422 32.23990249633789 26.82601547241211 26.644351959228516 26.21766471862793 26.513504028320312 26.594079971313477 26.514848709106445 26.659263610839844 
22.322336196899414 22.052736282348633 21.555391311645508 21.570463180541992 21.988767623901367 22.434175491333008 22.623424530029297 22.464384078979492 25.47052764892578 21.893951416015625 22.14860725402832 21.834720611572266 21.969440460205078 21.972639083862305 21.939136505126953 21.92233657836914 
64.0244140625 25.99465560913086 26.553279876708984 26.72377586364746 26.598112106323242 26.84623908996582 26.73436737060547 117.92192077636719 30.741792678833008 26.388671875 26.639455795288086 26.534879684448242 26.509599685668945 26.248319625854492 26.701248168945312 26.63030433654785 
21.993343353271484 21.476896286010742 21.43769645690918 21.528736114501953 21.74550437927246 21.96063995361328 22.05504035949707 22.072256088256836 25.011327743530273 21.809343338012695 22.039871215820312 21.777599334716797 22.187807083129883 21.95907211303711 23.72012710571289 21.852031707763672 
72.39603424072266 25.997119903564453 26.59270477294922 27.49772834777832 27.870527267456055 27.24799919128418 27.409439086914062 98.19647979736328 32.32563018798828 26.582944869995117 26.615392684936523 26.501407623291016 26.32102394104004 26.704288482666016 26.4564151763916 26.501855850219727 
22.220064163208008 21.7325439453125 21.5897274017334 21.646560668945312 21.55846405029297 22.648799896240234 22.555679321289062 22.358272552490234 25.696352005004883 21.944671630859375 21.829984664916992 21.663232803344727 21.907743453979492 21.751136779785156 21.96620750427246 21.857311248779297 
65.1398696899414 26.197792053222656 26.218080520629883 26.53171157836914 27.377920150756836 27.511871337890625 27.261215209960938 112.99305725097656 31.229183197021484 26.394559860229492 27.143648147583008 26.816959381103516 26.63475227355957 26.669824600219727 26.231327056884766 26.542560577392578 
22.201536178588867 21.472000122070312 21.776031494140625 22.04310417175293 22.441728591918945 22.341440200805664 22.220352172851562 22.049888610839844 24.386720657348633 22.286943435668945 21.985631942749023 22.150432586669922 22.494848251342773 21.832416534423828 21.799776077270508 21.91049575805664 
72.40214538574219 26.085792541503906 26.469087600708008 26.824480056762695 27.52239990234375 26.503328323364258 27.11347198486328 99.99472045898438 31.135263442993164 26.511072158813477 26.577247619628906 26.460575103759766 26.578176498413086 26.519968032836914 26.37059211730957 26.52060890197754 
21.955904006958008 21.4881591796875 21.58940887451172 21.63279914855957 21.74425506591797 21.739328384399414 21.635839462280273 21.984512329101562 25.46272087097168 21.823040008544922 21.842912673950195 21.818239212036133 22.088191986083984 22.132511138916016 22.268064498901367 21.841087341308594 
65.10582733154297 26.023775100708008 26.304576873779297 26.556032180786133 26.519519805908203 26.89583969116211 26.735071182250977 111.35826873779297 30.849119186401367 26.389568328857422 26.536672592163086 26.53830337524414 26.361759185791016 26.466175079345703 26.437376022338867 26.584800720214844 
21.939199447631836 21.438783645629883 21.57961654663086 21.543071746826172 22.203872680664062 22.57587242126465 22.524736404418945 22.206655502319336 25.26576042175293 21.84931182861328 21.654687881469727 22.00499153137207 22.06073570251465 21.826623916625977 21.764799118041992 22.196096420288086 
70.35750579833984 26.090335845947266 26.101280212402344 26.523679733276367 26.793184280395508 27.54732894897461 26.68716812133789 27.406431198120117 32.180606842041016 26.38755226135254 26.49180793762207 26.455968856811523 26.435808181762695 27.3887996673584 26.56163215637207 26.5581111907959 
22.058303833007812 21.61577606201172 21.580480575561523 21.64348793029785 21.612384796142578 21.68435287475586 21.772031784057617 22.24140739440918 25.199935913085938 21.8209285736084 22.1549129486084 22.049823760986328 22.124767303466797 23.888511657714844 21.66547203063965 22.102079391479492 
66.14514923095703 26.39094352722168 26.59004783630371 26.31977653503418 27.008480072021484 27.26838493347168 26.82601547241211 105.85228729248047 31.83260726928711 26.28473663330078 26.605152130126953 26.558080673217773 26.390783309936523 26.842336654663086 26.466047286987305 26.403968811035156 
22.096895217895508 21.41324806213379 21.356767654418945 21.471519470214844 21.67795181274414 22.314144134521484 22.72038459777832 22.514976501464844 26.142976760864258 21.89187240600586 22.54105567932129 21.997568130493164 22.534271240234375 22.043136596679688 21.88844871520996 21.990751266479492 
76.99846649169922 26.027679443359375 26.094751358032227 26.611040115356445 27.288223266601562 26.625823974609375 27.666271209716797 111.91846466064453 32.18851089477539 26.450176239013672 26.680095672607422 26.45724868774414 26.422176361083984 26.823999404907227 26.306367874145508 26.68511962890625 
21.92723274230957 21.454208374023438 21.754112243652344 22.62339210510254 22.920576095581055 22.62892723083496 22.269760131835938 21.8351993560791 25.32499122619629 21.77132797241211 21.96281623840332 21.899776458740234 21.933183670043945 21.830944061279297 21.759136199951172 21.832992553710938 
66.97245025634766 26.048831939697266 25.189823150634766 24.993568420410156 25.156415939331055 28.210912704467773 26.21139144897461 81.38092803955078 34.250911712646484 24.523584365844727 25.043264389038086 24.548351287841797 25.01638412475586 24.622272491455078 24.717567443847656 24.52787208557129 
48.9257926940918 25.55513572692871 26.208831787109375 26.594623565673828 26.26483154296875 34.63929748535156 122.47859191894531 23.986175537109375 35.772705078125 24.57379150390625 24.540319442749023 24.873056411743164 26.68079948425293 24.928159713745117 24.992351531982422 24.596799850463867 
46.84579086303711 24.757055282592773 27.661151885986328 25.900096893310547 26.24028778076172 25.58233642578125 26.042240142822266 26.924448013305664 31.333984375 24.692768096923828 24.909088134765625 24.604639053344727 24.746368408203125 25.10857582092285 24.48409652709961 25.079872131347656 
51.02822494506836 25.56764793395996 25.941471099853516 24.790943145751953 25.29350471496582 26.130783081054688 25.293983459472656 55.500606536865234 32.20822525024414 24.407455444335938 24.813631057739258 24.543359756469727 24.69968032836914 24.691328048706055 25.363584518432617 24.89571189880371 
41.62812805175781 25.512319564819336 26.02947235107422 24.506528854370117 25.123552322387695 24.497087478637695 26.05683135986328 37.34550476074219 33.31062316894531 24.540639877319336 24.66659164428711 24.6975040435791 25.036415100097656 25.010879516601562 24.550207138061523 24.72969627380371 
51.10726547241211 26.64633560180664 26.029312133789062 24.574304580688477 25.031904220581055 25.522560119628906 26.06777572631836 68.40013122558594 34.96083068847656 24.65990447998047 25.180864334106445 24.59833526611328 24.854175567626953 24.618751525878906 24.64566421508789 24.64703941345215 
49.079681396484375 26.419391632080078 25.270559310913086 25.72447967529297 26.193023681640625 26.208864212036133 26.755327224731445 71.78118133544922 31.5229434967041 24.47817611694336 25.342239379882812 24.77008056640625 24.61484718322754 24.648672103881836 24.80384063720703 24.676063537597656 
47.14041519165039 26.328096389770508 25.462848663330078 25.075071334838867 25.200639724731445 25.951616287231445 26.025344848632812 77.16928100585938 31.63155174255371 24.92838478088379 24.791744232177734 24.709087371826172 25.578208923339844 25.60883140563965 24.6790714263916 25.090496063232422 
49.13724899291992 26.588863372802734 25.290687561035156 24.845375061035156 25.212383270263672 24.51590347290039 25.553152084350586 33.46342468261719 34.567840576171875 24.450464248657227 25.021888732910156 24.68783950805664 24.71164894104004 24.667200088500977 24.6712646484375 24.6014404296875 
49.080257415771484 26.457664489746094 25.292320251464844 25.004064559936523 29.11347198486328 25.01875114440918 26.426143646240234 60.583744049072266 29.859264373779297 24.551231384277344 24.789119720458984 24.61507225036621 24.774463653564453 26.43788719177246 24.618816375732422 24.340831756591797 
34.62102508544922 22.383007049560547 22.51603126525879 23.397184371948242 23.578079223632812 23.283296585083008 23.06332778930664 101.43740844726562 28.686208724975586 22.869728088378906 23.546560287475586 22.899967193603516 22.50604820251465 23.214336395263672 23.149728775024414 23.101119995117188 
30.44870376586914 30.34048080444336 30.1648006439209 30.822528839111328 30.065887451171875 30.877248764038086 30.3492488861084 31.147167205810547 35.46371078491211 30.091615676879883 30.155359268188477 29.688095092773438 29.98646354675293 30.22412872314453 30.13654327392578 30.077600479125977 
66.10371398925781 22.279232025146484 22.885984420776367 23.221599578857422 23.20729637145996 23.200607299804688 22.80918312072754 23.29859161376953 30.330015182495117 23.18467140197754 23.272192001342773 23.30182456970215 23.93164825439453 22.74176025390625 23.194623947143555 23.16227149963379 
30.465087890625 29.956832885742188 29.705215454101562 30.306495666503906 30.20627212524414 30.425216674804688 30.49907112121582 30.99225616455078 34.347007751464844 29.823200225830078 29.893888473510742 30.42576026916504 30.081151962280273 30.52467155456543 30.03830337524414 30.152639389038086 
77.18707275390625 22.25881576538086 24.007007598876953 22.427871704101562 23.31715202331543 23.401119232177734 23.549184799194336 23.26323127746582 29.18592071533203 22.92790412902832 22.969087600708008 23.51398468017578 22.98111915588379 23.337888717651367 23.17203140258789 23.300640106201172 
30.372127532958984 29.591167449951172 29.552928924560547 30.641311645507812 31.451648712158203 30.47577667236328 30.714336395263672 29.87923240661621 35.6789436340332 29.670175552368164 29.91315269470215 29.792095184326172 29.887039184570312 30.754592895507812 30.763519287109375 30.078847885131836 
43.0621452331543 22.27030372619629 22.23638343811035 22.284576416015625 22.642847061157227 22.976287841796875 23.3417911529541 23.485055923461914 27.239328384399414 23.505632400512695 23.240352630615234 22.52025604248047 22.99295997619629 23.295936584472656 23.330047607421875 23.012767791748047 
30.363231658935547 29.59075164794922 30.45795249938965 30.497343063354492 30.393503189086914 30.125600814819336 30.635488510131836 30.587936401367188 36.02604675292969 29.63337516784668 29.347808837890625 30.1080322265625 30.00611114501953 29.881792068481445 29.480127334594727 29.89507293701172 
61.8675537109375 22.278560638427734 22.314720153808594 22.4751033782959 22.485471725463867 22.994335174560547 23.25382423400879 23.419967651367188 28.10793685913086 22.956287384033203 23.364511489868164 23.186975479125977 23.05673599243164 24.33737564086914 23.190271377563477 23.651039123535156 
30.444543838500977 29.675968170166016 30.180192947387695 30.121376037597656 30.460575103759766 30.217792510986328 30.57254409790039 30.56831932067871 36.3551025390625 30.07040023803711 29.564096450805664 30.175071716308594 29.930368423461914 29.929855346679688 29.81715202331543 29.864479064941406 
62.9892463684082 22.223615646362305 22.57436752319336 22.630016326904297 22.845632553100586 22.670080184936523 22.650144577026367 23.118528366088867 27.093599319458008 23.19158363342285 23.169055938720703 23.278240203857422 23.17705535888672 24.379711151123047 23.24083137512207 23.003616333007812 
30.061920166015625 29.89516830444336 30.420543670654297 30.30931282043457 30.39913558959961 30.23923110961914 30.42790412902832 31.66352081298828 36.4345588684082 30.091232299804688 29.820512771606445 30.080480575561523 29.778432846069336 30.26278305053711 30.18854331970215 30.139488220214844 
69.33363342285156 22.319839477539062 22.347999572753906 22.688352584838867 23.303424835205078 23.713119506835938 23.422752380371094 23.129440307617188 26.65350341796875 23.02457618713379 23.241119384765625 22.802783966064453 23.294912338256836 23.199424743652344 23.156959533691406 22.945568084716797 
30.96620750427246 30.64316749572754 30.194591522216797 30.31452751159668 30.20649528503418 30.411327362060547 30.220800399780273 32.12857437133789 36.78556823730469 29.938112258911133 29.85545539855957 30.124095916748047 30.05708885192871 30.1048641204834 30.02851104736328 30.16262435913086 
67.2146224975586 22.284896850585938 22.576799392700195 23.462432861328125 23.571712493896484 23.443071365356445 23.004608154296875 22.669408798217773 27.956832885742188 23.019136428833008 22.64703941345215 24.0413761138916 23.18796730041504 22.650527954101562 23.182432174682617 23.249887466430664 
30.240320205688477 29.474496841430664 30.61440086364746 30.27225685119629 30.693471908569336 30.249088287353516 30.133567810058594 30.121183395385742 36.39324951171875 29.56268882751465 30.30784034729004 30.10198402404785 30.219615936279297 30.018688201904297 30.148895263671875 30.135040283203125 
71.35638427734375 22.25279998779297 22.607263565063477 22.578624725341797 22.468320846557617 22.481983184814453 22.441055297851562 22.6713924407959 28.209503173828125 22.823904037475586 22.81510353088379 23.063264846801758 22.630271911621094 22.660415649414062 23.426176071166992 22.81376075744629 
30.74665641784668 30.631616592407227 30.172256469726562 30.64531135559082 30.257152557373047 30.594335556030273 30.159456253051758 30.875839233398438 35.70057678222656 29.864511489868164 29.83456039428711 29.82361602783203 30.01353645324707 30.047391891479492 30.076704025268555 31.40185546875 
54.613121032714844 22.29782485961914 22.313535690307617 22.701183319091797 22.972192764282227 23.481311798095703 23.461759567260742 23.173919677734375 25.44588851928711 23.308544158935547 23.20230484008789 22.921663284301758 23.030752182006836 23.45996856689453 23.17532730102539 23.04195213317871 
30.43974494934082 29.67203140258789 30.412384033203125 30.181472778320312 30.12406349182129 30.08185577392578 30.902751922607422 31.00614356994629 37.02409744262695 30.079551696777344 30.03660774230957 31.32316780090332 29.959135055541992 30.1329288482666 29.91529655456543 29.959680557250977 
71.9168930053711 28.212480545043945 28.223072052001953 29.512351989746094 29.161184310913086 29.826623916625977 29.242464065551758 28.760095596313477 34.88505554199219 29.324575424194336 28.957664489746094 28.632511138916016 29.565088272094727 29.26950454711914 29.481056213378906 29.278528213500977 
75.12319946289062 28.20150375366211 28.59280014038086 29.489791870117188 29.761920928955078 29.847360610961914 29.312992095947266 29.33286476135254 36.437599182128906 29.403615951538086 29.150623321533203 29.06598472595215 29.43516731262207 29.571199417114258 29.030847549438477 29.199935913085938 
61.46063995361328 28.17430305480957 29.427936553955078 29.35148811340332 29.236799240112305 29.42019271850586 28.732223510742188 29.021728515625 37.02422332763672 28.759008407592773 31.058687210083008 29.162527084350586 29.4520320892334 29.362592697143555 28.487167358398438 29.57257652282715 
72.24877166748047 28.287967681884766 28.62761688232422 29.54195213317871 29.122528076171875 29.32636833190918 29.1810245513916 80.79087829589844 37.78246307373047 29.07036781311035 29.362720489501953 29.548160552978516 28.990144729614258 29.482847213745117 28.630592346191406 29.342144012451172 
69.0433578491211 28.261056900024414 28.785184860229492 29.853376388549805 29.542207717895508 29.402175903320312 29.689311981201172 29.697376251220703 37.79411315917969 29.53321647644043 29.295520782470703 29.814847946166992 28.39206314086914 29.19526481628418 29.334495544433594 29.482528686523438 
73.08537292480469 28.57916831970215 28.836095809936523 29.021087646484375 29.441247940063477 28.712831497192383 29.28233528137207 29.10223960876465 35.760257720947266 29.326751708984375 29.279680252075195 29.471935272216797 29.195711135864258 29.25436782836914 29.59164810180664 28.48371124267578 
81.41756439208984 28.284608840942383 28.313247680664062 29.421152114868164 29.315391540527344 29.289663314819336 29.41584014892578 29.4303035736084 38.37420654296875 29.446144104003906 29.010143280029297 29.23414421081543 29.289535522460938 29.279712677001953 29.494144439697266 28.667743682861328 
71.23219299316406 28.2359676361084 28.182079315185547 29.174047470092773 29.516096115112305 29.90425682067871 29.425024032592773 29.748159408569336 35.540321350097656 29.52582359313965 28.45465660095215 29.535263061523438 28.668447494506836 29.383487701416016 29.148832321166992 29.03443145751953 
75.12242889404297 28.19820785522461 28.726303100585938 29.350496292114258 29.79955291748047 29.714624404907227 29.93779182434082 29.52182388305664 35.0813102722168 29.094911575317383 29.15100860595703 29.825664520263672 29.224224090576172 29.422592163085938 29.058752059936523 29.440704345703125 
71.93571472167969 28.235647201538086 28.440767288208008 29.059648513793945 29.194400787353516 29.737600326538086 29.221920013427734 29.53219223022461 38.45686340332031 29.383039474487305 31.010080337524414 28.693023681640625 29.303871154785156 29.01238441467285 29.475391387939453 28.45961570739746 
55.486785888671875 16.922048568725586 18.26348876953125 16.819616317749023 16.834943771362305 16.880544662475586 17.037696838378906 17.02787208557129 20.07916831970215 18.126527786254883 17.004383087158203 17.972576141357422 17.29372787475586 17.106687545776367 17.04979133605957 17.524639129638672 
15.209504127502441 14.847488403320312 14.81503963470459 15.147232055664062 15.351103782653809 15.348128318786621 15.145376205444336 15.348064422607422 18.18262481689453 16.129663467407227 14.985247611999512 15.36905574798584 15.036288261413574 15.88646411895752 15.143936157226562 15.751008033752441 
47.966495513916016 16.623136520385742 16.64841651916504 16.870464324951172 16.872671127319336 17.327392578125 17.769439697265625 17.442047119140625 30.117088317871094 17.43222427368164 17.62179183959961 17.341440200805664 16.95897674560547 18.231456756591797 17.144704818725586 16.935775756835938 
15.434016227722168 15.044095993041992 15.043423652648926 15.093567848205566 15.031488418579102 15.129216194152832 15.160672187805176 15.22339153289795 17.18992042541504 15.989919662475586 15.362272262573242 16.057119369506836 15.558719635009766 15.190560340881348 15.575008392333984 15.7957124710083 
46.93600082397461 16.647296905517578 16.668575286865234 16.61801528930664 16.806655883789062 17.238527297973633 17.23504066467285 17.33510398864746 25.7805118560791 17.285951614379883 17.01759910583496 16.952831268310547 17.512544631958008 17.238048553466797 17.03763198852539 17.509056091308594 
15.636768341064453 14.863360404968262 14.849151611328125 15.092960357666016 15.127679824829102 15.109888076782227 15.076831817626953 15.03270435333252 17.595104217529297 16.001535415649414 15.519807815551758 15.109087944030762 15.164928436279297 15.829983711242676 14.944831848144531 15.07744026184082 
47.968318939208984 16.685312271118164 16.828704833984375 17.16396713256836 17.2675838470459 17.242015838623047 16.977920532226562 16.982336044311523 28.429279327392578 17.29631996154785 17.119487762451172 16.841951370239258 17.513343811035156 17.031391143798828 16.908767700195312 16.86809539794922 
15.404576301574707 14.889792442321777 14.852800369262695 15.177824020385742 15.427167892456055 15.448800086975098 15.10041618347168 15.16755199432373 19.023744583129883 15.70803165435791 15.039008140563965 14.933664321899414 15.072896003723145 14.953760147094727 15.303711891174316 14.973600387573242 
36.35491180419922 16.590879440307617 16.66975975036621 16.6627197265625 16.94963264465332 16.911136627197266 16.971872329711914 17.031455993652344 23.053728103637695 17.359359741210938 17.213727951049805 17.417152404785156 17.088415145874023 17.07846450805664 17.016223907470703 17.032224655151367 
15.363103866577148 14.834688186645508 14.99721622467041 15.091072082519531 15.172063827514648 15.011648178100586 15.048831939697266 15.43881607055664 17.14614486694336 15.697792053222656 15.314784049987793 15.690303802490234 15.512864112854004 15.233375549316406 16.149887084960938 15.225600242614746 
51.11439895629883 16.663040161132812 16.68227195739746 16.7093448638916 16.714719772338867 16.84534454345703 17.037343978881836 17.193632125854492 25.836959838867188 17.1276798248291 17.534496307373047 16.91801643371582 17.449920654296875 17.218496322631836 17.062240600585938 16.946847915649414 
15.308159828186035 14.970656394958496 15.008543968200684 14.917375564575195 14.946975708007812 14.93075180053711 15.10086441040039 15.048224449157715 17.469087600708008 15.894559860229492 15.143936157226562 15.215328216552734 15.039520263671875 15.389408111572266 15.181792259216309 15.694144248962402 
53.198974609375 16.639999389648438 16.71990394592285 17.002880096435547 17.441984176635742 17.427616119384766 17.043807983398438 16.980127334594727 21.687711715698242 17.29199981689453 17.08790397644043 16.661727905273438 17.829824447631836 17.15999984741211 17.51897621154785 17.467008590698242 
15.200703620910645 14.88316822052002 14.898112297058105 14.99238395690918 15.321248054504395 15.514047622680664 15.337504386901855 15.158528327941895 15.014080047607422 15.32367992401123 15.175935745239258 15.974111557006836 15.633024215698242 15.270208358764648 15.157888412475586 15.442432403564453 
63.36735916137695 16.675264358520508 16.64841651916504 16.652511596679688 16.79849624633789 17.094240188598633 17.170303344726562 17.33919906616211 24.981407165527344 17.043743133544922 16.918399810791016 17.006624221801758 17.932992935180664 17.142784118652344 17.46623992919922 17.23904037475586 
15.283167839050293 14.941439628601074 14.936256408691406 14.888671875 15.245920181274414 15.30953598022461 15.370335578918457 15.07091236114502 15.683808326721191 16.155263900756836 15.177056312561035 15.374367713928223 16.13702392578125 14.89465618133545 15.215807914733887 15.730751991271973 
42.701759338378906 16.691423416137695 16.951936721801758 17.403200149536133 17.501663208007812 17.486751556396484 17.269983291625977 17.01103973388672 23.685504913330078 17.074111938476562 17.717920303344727 17.071680068969727 17.716960906982422 17.948768615722656 17.151840209960938 16.88649559020996 
15.287327766418457 15.039327621459961 15.0066556930542 14.992671966552734 15.00227165222168 15.00160026550293 15.160896301269531 15.171168327331543 17.078655242919922 15.733535766601562 14.98083209991455 15.067456245422363 15.55622386932373 15.058176040649414 15.376864433288574 15.946528434753418 
46.89740753173828 16.603872299194336 16.78704071044922 16.997600555419922 17.022207260131836 16.910560607910156 16.96339225769043 17.22889518737793 28.115615844726562 17.157215118408203 17.658367156982422 17.131168365478516 16.979711532592773 16.85366439819336 17.40598487854004 16.918848037719727 
15.386336326599121 14.985504150390625 14.925663948059082 15.020768165588379 14.989248275756836 14.966655731201172 14.999551773071289 15.183584213256836 14.826623916625977 15.027359962463379 15.37337589263916 16.231168746948242 15.33625602722168 15.316479682922363 14.945568084716797 15.148896217346191 
47.64585494995117 20.19161605834961 20.47577667236328 20.64860725402832 20.636959075927734 20.677536010742188 145.98077392578125 20.243488311767578 23.8571834564209 20.66851234436035 20.774784088134766 21.02720069885254 20.559871673583984 20.74064064025879 20.98703956604004 20.690303802490234 
18.412063598632812 18.053504943847656 18.160512924194336 18.446495056152344 18.535776138305664 18.358943939208984 18.33363151550293 18.212032318115234 21.722015380859375 18.641952514648438 18.74198341369629 18.285215377807617 18.978656768798828 18.830272674560547 18.616607666015625 18.34454345703125 
58.09302520751953 20.17407989501953 20.249183654785156 20.431007385253906 20.907392501831055 21.394336700439453 21.318815231323242 139.76368713378906 23.043935775756836 21.101375579833984 20.68294334411621 21.018783569335938 20.788192749023438 20.55571174621582 20.826847076416016 21.090112686157227 
18.400320053100586 18.112287521362305 18.136703491210938 18.32099151611328 18.201887130737305 18.226591110229492 18.057056427001953 18.084192276000977 21.25334358215332 19.094240188598633 18.339487075805664 18.238880157470703 17.976768493652344 19.008928298950195 19.02707290649414 18.83942413330078 
59.21772766113281 20.16655921936035 20.20809555053711 20.66307258605957 20.765535354614258 20.75814437866211 20.795455932617188 152.9047393798828 24.516735076904297 20.659807205200195 20.886367797851562 20.815168380737305 20.971616744995117 20.84659194946289 21.198240280151367 20.90985679626465 
18.51603126525879 18.0284481048584 18.34105682373047 18.38572883605957 18.430463790893555 18.865568161010742 18.73299217224121 18.5449275970459 21.28972816467285 19.373247146606445 19.064800262451172 18.555391311645508 18.606943130493164 18.369632720947266 18.70377540588379 18.938655853271484 
57.14508819580078 20.15660858154297 20.19548797607422 20.153696060180664 20.440128326416016 20.441919326782227 20.69478416442871 136.1432342529297 26.180927276611328 20.88719940185547 20.93609619140625 20.611967086791992 20.665088653564453 21.036991119384766 21.134592056274414 20.66694450378418 
21.9815673828125 17.948448181152344 18.02569580078125 18.104352951049805 18.562591552734375 18.951744079589844 18.912479400634766 19.007680892944336 20.821792602539062 18.74995231628418 18.69558334350586 18.193279266357422 19.082080841064453 18.59244728088379 18.17043113708496 18.585472106933594 
62.575103759765625 20.16486358642578 20.187807083129883 20.222400665283203 20.258623123168945 20.69817543029785 20.707199096679688 20.7957763671875 22.752544403076172 21.16067123413086 20.896223068237305 20.608768463134766 20.97056007385254 20.760480880737305 21.041664123535156 20.998144149780273 
18.352256774902344 18.09280014038086 18.084735870361328 18.440128326416016 18.593887329101562 18.54128074645996 18.505279541015625 18.411712646484375 20.849056243896484 18.691232681274414 18.203519821166992 18.383392333984375 19.17241668701172 19.3887996673584 18.53660774230957 18.469375610351562 
45.36614227294922 20.1297607421875 20.189311981201172 20.157535552978516 20.42207908630371 20.47212791442871 20.57321548461914 137.1216583251953 25.383039474487305 21.321535110473633 20.587488174438477 20.741727828979492 20.91689682006836 20.614240646362305 20.767168045043945 20.91948890686035 
18.340576171875 18.13100814819336 18.430208206176758 18.527616500854492 18.429471969604492 18.32464027404785 18.142240524291992 18.20787239074707 21.172895431518555 18.417695999145508 18.822208404541016 19.586559295654297 18.717695236206055 18.482847213745117 18.669408798217773 18.27801513671875 
58.131614685058594 20.225536346435547 20.155168533325195 20.26688003540039 20.58051109313965 20.623584747314453 20.521055221557617 143.28089904785156 25.023296356201172 20.9703369140625 20.558591842651367 20.74515151977539 20.83612823486328 20.820192337036133 20.71945571899414 20.57756805419922 
18.485055923461914 18.26620864868164 18.278335571289062 18.568639755249023 18.657663345336914 18.876224517822266 18.770751953125 18.45465660095215 21.01545524597168 18.96463966369629 18.286367416381836 18.98294448852539 18.657855987548828 18.157087326049805 18.425344467163086 18.38230323791504 
68.71871948242188 20.1210880279541 20.113983154296875 20.145952224731445 20.26963233947754 20.3623046875 20.33612823486328 135.43069458007812 25.309471130371094 20.79315185546875 20.30531120300293 20.78825569152832 20.52899169921875 20.664031982421875 20.72550392150879 20.950912475585938 
18.424959182739258 18.079551696777344 18.477792739868164 18.622495651245117 18.717695236206055 18.76291275024414 18.663360595703125 18.31376075744629 20.947872161865234 18.677568435668945 18.21878433227539 18.318784713745117 18.883455276489258 19.146047592163086 18.65500831604004 18.344736099243164 
60.278079986572266 20.195903778076172 20.136703491210938 20.202720642089844 20.210432052612305 20.481184005737305 20.577152252197266 141.90652465820312 23.549760818481445 20.996639251708984 20.5765438079834 20.883647918701172 20.69913673400879 20.474367141723633 20.666336059570312 21.110719680786133 
18.552255630493164 18.148544311523438 18.154592514038086 18.598848342895508 18.448959350585938 18.42438316345215 18.17616081237793 18.07254409790039 21.798688888549805 18.88150405883789 18.61516761779785 18.26678466796875 18.69046401977539 18.596511840820312 18.23209571838379 18.922271728515625 
58.18560028076172 20.20195198059082 20.15839958190918 20.725183486938477 20.92207908630371 20.82361602783203 20.652223587036133 145.32666015625 23.81113624572754 21.025920867919922 20.671968460083008 20.72015953063965 21.185279846191406 20.62985610961914 20.713632583618164 20.865951538085938 
18.538528442382812 18.068735122680664 17.917184829711914 17.949344635009766 18.064992904663086 18.058719635009766 18.277151107788086 18.506336212158203 21.624256134033203 18.704191207885742 18.414335250854492 18.484159469604492 18.343711853027344 18.673120498657227 19.03932762145996 19.4366397857666 
57.95692825317383 40.51375961303711 26.283296585083008 23.228927612304688 23.144256591796875 41.44831848144531 14.941280364990234 61.58969497680664 28.372159957885742 16.316768646240234 15.258272171020508 15.209856033325195 16.126495361328125 15.272095680236816 15.557024002075195 16.079103469848633 
15.87820816040039 15.45299243927002 15.430432319641113 15.374560356140137 15.638431549072266 15.650464057922363 15.771455764770508 15.92467212677002 18.389568328857422 16.703840255737305 15.920991897583008 15.606080055236816 16.55072021484375 15.915840148925781 16.71174430847168 15.55292797088623 
37.99055862426758 24.822912216186523 46.23984146118164 24.177663803100586 23.227935791015625 117.2402572631836 14.860480308532715 14.901856422424316 26.768512725830078 15.399200439453125 15.252544403076172 15.895551681518555 15.314080238342285 15.204768180847168 16.04956817626953 15.270432472229004 
16.161792755126953 15.540032386779785 15.492863655090332 15.724991798400879 15.86451244354248 15.82470417022705 15.737695693969727 15.724255561828613 17.651775360107422 16.668991088867188 15.907744407653809 15.682080268859863 16.59676742553711 16.03014373779297 15.800736427307129 15.581024169921875 
40.13692855834961 22.63350486755371 23.17305564880371 136.53733825683594 24.229312896728516 23.121023178100586 15.351327896118164 14.931424140930176 21.992095947265625 16.208608627319336 15.240768432617188 15.642751693725586 15.360032081604004 15.654111862182617 15.387519836425781 15.920191764831543 
16.390592575073242 15.870719909667969 15.7489595413208 15.7772798538208 15.602080345153809 15.664704322814941 15.8787841796875 16.00044822692871 17.54377555847168 15.958368301391602 16.230527877807617 16.091167449951172 15.856512069702148 16.55219268798828 15.59062385559082 15.588512420654297 
39.05036926269531 71.0285415649414 24.15452766418457 23.174144744873047 23.367712020874023 23.01817512512207 23.15238380432129 23.21027183532715 27.546464920043945 16.03468894958496 15.36518383026123 15.941535949707031 15.271519660949707 15.538623809814453 16.071199417114258 15.907360076904297 
15.926239967346191 15.41545581817627 15.599455833435059 15.630111694335938 16.076480865478516 15.89187240600586 15.616959571838379 15.720224380493164 19.699199676513672 16.15660858154297 15.769951820373535 16.317440032958984 15.997535705566406 15.530495643615723 15.517536163330078 16.161663055419922 
41.126590728759766 75.17878723144531 24.229248046875 23.276063919067383 24.138912200927734 23.232959747314453 23.091552734375 23.20636749267578 27.153919219970703 15.493696212768555 15.330944061279297 15.364416122436523 15.920736312866211 15.25324821472168 15.31116771697998 15.966208457946777 
15.762592315673828 15.430303573608398 15.421792030334473 15.913311958312988 15.663455963134766 15.686976432800293 15.818464279174805 15.867903709411621 18.487104415893555 16.162015914916992 16.4116153717041 16.03865623474121 16.324352264404297 15.673439979553223 15.828864097595215 16.314239501953125 
42.23612976074219 22.724000930786133 23.10643196105957 23.16739273071289 23.231359481811523 23.11471939086914 23.333599090576172 23.072608947753906 28.993408203125 15.561440467834473 15.201760292053223 16.00111961364746 15.538559913635254 16.199968338012695 15.700639724731445 15.355199813842773 
15.980192184448242 15.787967681884766 15.622655868530273 15.562591552734375 15.56982421875 15.744511604309082 15.774847984313965 15.616479873657227 18.571231842041016 16.50432014465332 15.802495956420898 15.62399959564209 16.262432098388672 16.069536209106445 15.88428783416748 16.363872528076172 
40.068702697753906 67.84425354003906 24.205791473388672 23.17635154724121 25.38457679748535 23.116735458374023 23.13327980041504 23.22060775756836 22.33148765563965 15.515487670898438 16.138656616210938 15.946271896362305 15.616991996765137 16.068063735961914 16.070112228393555 15.5830078125 
16.912832260131836 15.891008377075195 15.79145622253418 15.66592025756836 15.824799537658691 15.883199691772461 15.82579231262207 15.862367630004883 17.853120803833008 16.653568267822266 15.670975685119629 15.576959609985352 16.010719299316406 15.931967735290527 16.692991256713867 15.880224227905273 
40.143585205078125 78.26380920410156 24.26697540283203 23.256671905517578 24.118623733520508 23.16431999206543 23.161279678344727 23.229663848876953 26.394304275512695 16.298336029052734 15.65014362335205 16.16979217529297 15.251839637756348 15.560576438903809 16.157440185546875 15.672672271728516 
15.990976333618164 15.52569580078125 15.43500804901123 15.474271774291992 15.810720443725586 15.771424293518066 15.754560470581055 15.702624320983887 18.044063568115234 17.005151748657227 15.793343544006348 16.264991760253906 15.844287872314453 15.88691234588623 16.28495979309082 15.516256332397461 
37.99827194213867 23.761152267456055 26.32748794555664 26.32022476196289 27.308319091796875 23.247392654418945 24.25436782836914 23.15622329711914 28.31648063659668 15.474783897399902 15.367775917053223 16.117984771728516 15.368255615234375 15.468000411987305 16.16089630126953 15.718048095703125 
16.08246421813965 15.494208335876465 15.448287963867188 15.678496360778809 15.716095924377441 15.692480087280273 15.605855941772461 15.848031997680664 19.02115249633789 16.093727111816406 16.32441520690918 16.36662483215332 15.91641616821289 16.064800262451172 16.015071868896484 16.083648681640625 
41.17097473144531 83.52803039550781 24.218368530273438 23.321983337402344 24.137983322143555 23.18390464782715 23.131967544555664 25.28873634338379 27.974655151367188 15.263615608215332 15.734720230102539 15.646271705627441 15.221343994140625 15.563584327697754 16.093408584594727 15.486335754394531 
15.926112174987793 15.473088264465332 15.451040267944336 15.793248176574707 15.878591537475586 15.918399810791016 15.909152030944824 15.8919677734375 17.771007537841797 16.917823791503906 16.257631301879883 16.74015998840332 16.11884880065918 16.55232048034668 15.55299186706543 16.00307273864746 
50.70943832397461 33.59203338623047 36.500736236572266 141.06150817871094 99.64710235595703 28.100191116333008 28.225887298583984 28.334815979003906 39.20252990722656 28.209280014038086 28.164928436279297 28.502527236938477 28.885759353637695 28.56038475036621 28.353023529052734 28.964256286621094 
50.75939178466797 36.0181770324707 37.95151901245117 43.47004699707031 134.1484832763672 27.756160736083984 28.374143600463867 28.451263427734375 37.30073547363281 28.132352828979492 28.80352020263672 28.748960494995117 28.409408569335938 28.720767974853516 28.274879455566406 29.33843231201172 
50.86195373535156 34.86227035522461 39.18678283691406 34.46416091918945 126.73967742919922 28.35148811340332 28.297311782836914 28.2475528717041 41.913631439208984 28.521408081054688 28.50111961364746 28.149375915527344 28.21392059326172 28.201343536376953 29.423776626586914 28.06608009338379 
50.793983459472656 34.957664489746094 37.65856170654297 35.256961822509766 143.83612060546875 27.697792053222656 28.156639099121094 29.532352447509766 39.537662506103516 28.362655639648438 27.965824127197266 28.36083221435547 28.990943908691406 28.980831146240234 28.378015518188477 28.407007217407227 
50.87299346923828 34.797054290771484 35.8043212890625 37.2907829284668 146.40789794921875 27.712799072265625 27.776735305786133 28.300703048706055 39.849281311035156 28.23308753967285 28.345983505249023 28.297279357910156 28.567232131958008 28.27552032470703 28.649919509887695 28.374752044677734 
50.7327995300293 35.02230453491211 40.82896041870117 34.58537673950195 119.10486602783203 27.886240005493164 27.96028709411621 28.51055908203125 41.635040283203125 28.254016876220703 28.733919143676758 28.39036750793457 28.697824478149414 28.24015998840332 28.438655853271484 28.337696075439453 
50.82649612426758 34.93574523925781 37.63462448120117 34.691776275634766 127.04828643798828 27.674816131591797 28.284671783447266 29.471616744995117 42.84415817260742 27.961759567260742 28.3536319732666 28.306304931640625 28.380863189697266 28.211584091186523 28.362335205078125 28.464128494262695 
50.84201431274414 34.868064880371094 36.88787078857422 34.796382904052734 154.26083374023438 27.750751495361328 27.731647491455078 28.47760009765625 40.637630462646484 28.221599578857422 28.49510383605957 28.271488189697266 28.355487823486328 28.34979248046875 28.5402889251709 28.64352035522461 
50.766944885253906 38.14313507080078 37.49116897583008 33.5882568359375 147.66455078125 27.77129554748535 28.077280044555664 29.464128494262695 39.330528259277344 28.189119338989258 28.473567962646484 28.34774398803711 29.141855239868164 28.311424255371094 28.6845760345459 28.531103134155273 
50.75609588623047 35.04956817626953 38.740928649902344 34.810367584228516 145.00726318359375 27.754240036010742 27.99305534362793 28.878559112548828 41.75852966308594 28.169536590576172 28.974815368652344 28.214784622192383 29.25984001159668 28.548799514770508 28.317535400390625 28.673664093017578 
30.888608932495117 18.24358367919922 18.246400833129883 18.606719970703125 18.511680603027344 44.28294372558594 18.243423461914062 18.251935958862305 20.882783889770508 19.094879150390625 18.584575653076172 19.035743713378906 19.023456573486328 18.484575271606445 19.05526351928711 18.875808715820312 
21.73846435546875 21.220672607421875 21.38083267211914 21.982271194458008 22.23209571838379 22.079423904418945 21.67750358581543 21.795583724975586 24.97052764892578 21.612863540649414 21.81177520751953 21.851072311401367 22.210304260253906 21.813119888305664 21.48863983154297 21.53411293029785 
72.75055694580078 18.179967880249023 18.16320037841797 18.500032424926758 18.99920082092285 19.138591766357422 19.14473533630371 19.00739288330078 24.36969566345215 18.951168060302734 18.58255958557129 18.71062469482422 18.63222312927246 18.879711151123047 18.582624435424805 18.564607620239258 
22.0097599029541 21.358015060424805 21.184127807617188 21.12460708618164 21.210655212402344 21.18979263305664 21.425024032592773 21.97475242614746 25.091808319091797 21.479839324951172 21.76495933532715 21.684640884399414 22.18364715576172 21.533632278442383 22.039552688598633 21.573888778686523 
71.69929504394531 18.18604850769043 18.191808700561523 18.54003143310547 18.660064697265625 18.48076820373535 18.71494483947754 18.787391662597656 23.81123161315918 19.133407592773438 18.996992111206055 18.72015953063965 19.350847244262695 19.59836769104004 19.23321533203125 19.500768661499023 
21.881759643554688 21.382080078125 21.539199829101562 21.40652847290039 21.341535568237305 21.237119674682617 21.19424057006836 21.20345687866211 24.627967834472656 21.790624618530273 21.61734390258789 21.466527938842773 21.746047973632812 21.580896377563477 21.61440086364746 21.60950469970703 
73.83875274658203 18.10598373413086 18.132383346557617 18.345823287963867 18.675552368164062 18.987104415893555 19.047840118408203 18.870399475097656 21.930208206176758 19.44780731201172 19.217151641845703 18.836544036865234 18.459487915039062 18.52947235107422 18.8953914642334 20.13324737548828 
22.052127838134766 21.336671829223633 21.11644744873047 20.982559204101562 21.076000213623047 21.271808624267578 21.310495376586914 21.194175720214844 26.448448181152344 21.818912506103516 21.554271697998047 21.49020767211914 21.699520111083984 21.546335220336914 21.38057518005371 21.523391723632812 
65.40306854248047 18.15567970275879 18.11612892150879 18.129056930541992 18.46931266784668 18.433792114257812 18.635711669921875 18.725088119506836 24.096511840820312 19.631071090698242 19.31500816345215 19.04515266418457 18.787328720092773 18.40025520324707 18.620031356811523 19.12838363647461 
22.942655563354492 21.50022315979004 21.107391357421875 21.121055603027344 21.07792091369629 21.135168075561523 21.122272491455078 21.38492774963379 24.744415283203125 21.599712371826172 21.701759338378906 21.543264389038086 21.530399322509766 21.3472957611084 22.19977569580078 21.703359603881836 
66.47122955322266 18.15465545654297 18.212928771972656 18.27667236328125 18.28438377380371 18.81705665588379 18.859264373779297 19.008352279663086 24.33228874206543 19.487775802612305 18.820735931396484 18.941375732421875 18.500896453857422 18.79689598083496 18.404544830322266 18.759872436523438 
22.426176071166992 21.255680084228516 21.155424118041992 21.080543518066406 21.136064529418945 21.100223541259766 21.249343872070312 21.526527404785156 25.205791473388672 21.76598358154297 21.264127731323242 22.145952224731445 21.293983459472656 21.51043128967285 22.254560470581055 21.331680297851562 
64.40467071533203 18.117055892944336 18.20672035217285 18.18409538269043 18.884607315063477 19.036352157592773 18.982912063598633 18.948543548583984 23.035551071166992 18.93235206604004 19.147424697875977 18.925151824951172 18.482303619384766 19.101791381835938 19.355039596557617 19.185728073120117 
21.81679916381836 21.407583236694336 21.592063903808594 21.59609603881836 21.68921661376953 21.378623962402344 21.23798370361328 21.204992294311523 24.877056121826172 22.03740882873535 21.4237117767334 21.942848205566406 21.74412727355957 21.498687744140625 21.613088607788086 21.677471160888672 
63.30748748779297 18.111360549926758 18.146015167236328 18.149215698242188 18.55571174621582 18.417919158935547 18.33897590637207 18.338687896728516 23.94281578063965 19.056575775146484 19.326784133911133 19.230207443237305 18.643232345581055 18.443744659423828 18.725055694580078 19.76166343688965 
22.932575225830078 21.34435272216797 21.166879653930664 21.087743759155273 21.12918472290039 21.10848045349121 21.080991744995117 21.10086441040039 25.481311798095703 21.82464027404785 21.31305694580078 22.18681526184082 21.86835289001465 21.26416015625 21.527488708496094 21.6812801361084 
61.16611099243164 18.179616928100586 18.20047950744629 18.185823440551758 18.7390079498291 18.814111709594727 18.85932731628418 18.9168643951416 23.506879806518555 19.006752014160156 19.12704086303711 18.413951873779297 19.575584411621094 19.24390411376953 19.13750457763672 19.279647827148438 
21.88083267211914 21.49839973449707 21.39356803894043 21.30348777770996 21.215456008911133 21.23263931274414 21.245983123779297 21.108064651489258 25.018463134765625 21.817184448242188 21.524383544921875 21.382848739624023 21.546432495117188 21.380416870117188 21.675935745239258 21.535648345947266 
68.52169799804688 18.094911575317383 18.13532829284668 18.161792755126953 18.31328010559082 18.412288665771484 18.5743350982666 18.637088775634766 21.98534393310547 19.79190444946289 18.988224029541016 19.24278450012207 18.431167602539062 18.550687789916992 19.10982322692871 19.24367904663086 
22.219200134277344 21.312992095947266 21.346431732177734 21.45792007446289 21.323904037475586 21.236831665039062 21.21878433227539 21.241504669189453 24.18342399597168 21.50387191772461 22.61801528930664 21.32383918762207 22.21295928955078 21.502368927001953 21.89651107788086 21.21788787841797 
53.00758361816406 15.036383628845215 15.170144081115723 15.365152359008789 15.634655952453613 15.633440017700195 15.554911613464355 15.592864036560059 18.767520904541016 15.926400184631348 15.356063842773438 15.608832359313965 15.375712394714355 15.435999870300293 15.287520408630371 15.436575889587402 
17.375200271606445 17.044384002685547 16.9017276763916 16.85433578491211 16.841440200805664 16.77519989013672 17.505535125732422 17.691776275634766 19.889503479003906 17.80988883972168 17.191551208496094 17.18720054626465 17.01113510131836 16.988224029541016 17.048320770263672 17.238271713256836 
48.77824020385742 15.024576187133789 15.022624015808105 15.009056091308594 15.348608016967773 15.393728256225586 15.38316822052002 15.362336158752441 21.768735885620117 16.129375457763672 15.275520324707031 16.69206428527832 15.323807716369629 15.936927795410156 15.46288013458252 15.409088134765625 
17.529151916503906 17.16054344177246 17.162784576416016 17.128320693969727 17.00979232788086 17.084991455078125 17.04911994934082 17.225887298583984 20.029407501220703 17.740896224975586 17.05353546142578 17.085983276367188 16.935104370117188 17.46201515197754 17.06265640258789 17.399904251098633 
67.1740493774414 15.043680191040039 15.126527786254883 15.115679740905762 15.259936332702637 15.31545639038086 15.304160118103027 15.321344375610352 20.25071907043457 16.360319137573242 15.417823791503906 16.376256942749023 15.413023948669434 16.043424606323242 15.284095764160156 15.35267162322998 
17.243328094482422 17.141984939575195 17.21664047241211 17.291776657104492 17.165760040283203 17.007936477661133 16.8920955657959 17.043519973754883 19.46953582763672 17.09222412109375 17.222143173217773 17.163360595703125 17.35910415649414 17.147872924804688 17.34534454345703 17.27459144592285 
60.30694580078125 15.084735870361328 15.195039749145508 15.376543998718262 15.404383659362793 15.839648246765137 15.854496002197266 15.957856178283691 21.07427215576172 15.995743751525879 15.767616271972656 15.40118408203125 15.43286418914795 15.286687850952148 15.251104354858398 15.352895736694336 
17.229055404663086 17.074176788330078 16.9979190826416 17.255615234375 17.15932846069336 17.099903106689453 17.06595230102539 17.072128295898438 20.451168060302734 17.721887588500977 17.112960815429688 17.003999710083008 17.51091194152832 17.087135314941406 17.150943756103516 17.445600509643555 
49.834014892578125 15.065695762634277 15.04691219329834 15.12326431274414 15.37065601348877 15.655936241149902 15.813535690307617 15.802783966064453 16.71881675720215 15.826080322265625 15.595071792602539 15.430432319641113 15.684063911437988 15.286784172058105 15.394944190979004 16.1342716217041 
17.186336517333984 16.87651252746582 16.862560272216797 17.07004737854004 17.235584259033203 17.19820785522461 17.555936813354492 17.229568481445312 18.805952072143555 18.13817596435547 17.107807159423828 17.698848724365234 17.13337516784668 17.58403205871582 17.101055145263672 17.294591903686523 
43.5560302734375 15.010144233703613 15.086272239685059 15.137568473815918 15.258655548095703 15.50598430633545 15.300191879272461 15.560223579406738 19.36582374572754 15.621696472167969 15.417119979858398 15.193056106567383 15.477184295654297 15.636672019958496 15.74732780456543 15.31833553314209 
17.042591094970703 16.977792739868164 17.02022361755371 17.06070327758789 17.054336547851562 17.070911407470703 17.028480529785156 17.072704315185547 20.469247817993164 17.48806381225586 16.947263717651367 17.408639907836914 17.29302406311035 16.950176239013672 16.8569278717041 17.196704864501953 
58.24003219604492 15.042943954467773 15.064672470092773 15.21452808380127 15.359392166137695 15.303135871887207 15.779135704040527 15.772704124450684 20.387231826782227 15.700160026550293 15.318495750427246 15.211808204650879 15.507072448730469 15.396960258483887 15.556960105895996 15.467424392700195 
17.5446720123291 17.11052894592285 17.11724853515625 17.20207977294922 17.2425594329834 17.107168197631836 17.09760093688965 17.061792373657227 20.442720413208008 17.411487579345703 17.242176055908203 17.445472717285156 17.080095291137695 17.812864303588867 17.169504165649414 17.197376251220703 
41.478336334228516 15.037055969238281 15.053728103637695 15.390687942504883 15.612031936645508 15.727583885192871 15.747039794921875 15.828160285949707 20.849184036254883 15.987711906433105 15.479552268981934 15.436256408691406 15.281503677368164 15.914496421813965 15.67625617980957 15.619327545166016 
17.32918357849121 16.847328186035156 16.868799209594727 17.298240661621094 17.295616149902344 17.497119903564453 17.318111419677734 17.229503631591797 20.545856475830078 17.810976028442383 16.854976654052734 17.32636833190918 16.993696212768555 17.18659210205078 17.182207107543945 17.189632415771484 
59.321983337402344 15.03600025177002 15.073151588439941 15.327391624450684 15.297280311584473 15.26313591003418 15.29315185546875 15.523103713989258 17.709760665893555 15.741791725158691 15.489824295043945 16.10678482055664 15.220447540283203 15.779999732971191 15.605728149414062 15.711520195007324 
17.42803192138672 17.168384552001953 17.185056686401367 17.224672317504883 17.145408630371094 17.127647399902344 17.101024627685547 17.261024475097656 19.987903594970703 17.97599983215332 17.30512046813965 17.482528686523438 17.1744327545166 17.131935119628906 17.25014305114746 17.08675193786621 
48.77686309814453 15.044384002685547 15.127615928649902 15.166496276855469 15.308704376220703 15.301407814025879 15.41436767578125 15.66380786895752 17.661184310913086 15.963423728942871 15.903200149536133 15.419103622436523 16.054208755493164 15.926912307739258 15.584383964538574 16.24742317199707 
17.248319625854492 16.87500762939453 16.83228874206543 16.84137535095215 17.246784210205078 17.284032821655273 17.117216110229492 17.136512756347656 19.89027214050293 18.27984046936035 17.160160064697266 16.96950340270996 18.147743225097656 17.171615600585938 17.544031143188477 17.2741756439209 
72.81404876708984 19.277183532714844 18.9050235748291 20.266048431396484 19.9932804107666 20.213407516479492 19.836671829223633 19.969472885131836 25.66703987121582 19.379711151123047 19.34681510925293 19.1964168548584 19.180927276611328 19.723743438720703 19.411327362060547 20.571584701538086 
20.02115249633789 19.470848083496094 19.567583084106445 19.86400032043457 19.96963119506836 19.948223114013672 19.920448303222656 19.960351943969727 22.179487228393555 19.700096130371094 19.812992095947266 19.38812828063965 19.27984046936035 19.51932716369629 19.650720596313477 19.62918472290039 
37.68659210205078 19.79395294189453 19.983264923095703 18.942367553710938 18.933536529541016 18.881311416625977 47.383201599121094 87.6230697631836 23.13164710998535 19.36844825744629 18.816448211669922 18.640607833862305 19.862144470214844 20.50931167602539 20.516416549682617 19.92732810974121 
19.993183135986328 19.465791702270508 19.45088005065918 19.534912109375 19.580415725708008 19.88684844970703 19.891328811645508 19.89151954650879 22.18400001525879 19.57548713684082 19.585952758789062 19.46656036376953 19.546016693115234 19.536287307739258 19.53811264038086 19.607872009277344 
40.836158752441406 19.785951614379883 19.017343521118164 22.111839294433594 19.940031051635742 18.8723201751709 104.30508422851562 19.359743118286133 25.37615966796875 19.18854331970215 19.64784049987793 20.40656089782715 19.10812759399414 20.02022361755371 19.578943252563477 19.26131248474121 
19.58121681213379 19.228191375732422 19.36422348022461 19.521503448486328 19.488800048828125 19.481056213378906 19.45974349975586 19.37049674987793 23.341983795166016 19.784832000732422 19.462560653686523 19.44144058227539 19.738752365112305 19.396896362304688 19.814847946166992 19.617151260375977 
37.68560028076172 20.836223602294922 18.92742347717285 19.071456909179688 19.01171112060547 19.958784103393555 49.28611373901367 93.50457763671875 24.83228874206543 20.026399612426758 19.952543258666992 19.91993522644043 19.36079978942871 19.505504608154297 19.306751251220703 19.300928115844727 
19.604799270629883 19.21161651611328 19.24550437927246 19.299936294555664 19.30454444885254 19.388383865356445 19.433887481689453 19.4716796875 22.174911499023438 19.787391662597656 19.488767623901367 19.46227264404297 19.74608039855957 19.58345603942871 19.613632202148438 19.600479125976562 
36.61036682128906 18.70899200439453 20.022111892700195 18.894399642944336 18.977855682373047 19.327199935913086 50.14700698852539 91.56358337402344 23.670560836791992 19.722272872924805 19.714399337768555 19.844959259033203 19.89459228515625 19.76323127746582 19.319072723388672 19.331392288208008 
20.027584075927734 19.319456100463867 19.275583267211914 19.275903701782227 19.24825668334961 19.386016845703125 19.452255249023438 19.39561653137207 23.354751586914062 19.926464080810547 19.92140769958496 19.917407989501953 19.6494083404541 20.449087142944336 19.583520889282227 19.625600814819336 
34.026432037353516 20.297151565551758 18.948192596435547 19.197471618652344 20.01593589782715 20.04537582397461 39.14585494995117 19.406272888183594 24.055295944213867 20.14080047607422 19.977951049804688 19.756607055664062 19.291648864746094 19.314239501953125 19.17363166809082 19.012575149536133 
20.0067195892334 19.25529670715332 19.24847984313965 19.23369598388672 19.40239906311035 19.40652847290039 19.479936599731445 19.558847427368164 22.495840072631836 19.771711349487305 19.8789119720459 19.463424682617188 19.980159759521484 19.782527923583984 19.52684783935547 19.60723114013672 
33.98854446411133 22.426464080810547 18.951744079589844 18.91744041442871 19.051231384277344 20.073631286621094 36.55110549926758 20.036352157592773 20.764863967895508 19.589855194091797 19.152511596679688 19.16815948486328 18.992223739624023 20.24928092956543 19.839744567871094 20.065568923950195 
20.776607513427734 20.1177921295166 19.781536102294922 19.903871536254883 19.944032669067383 19.902496337890625 19.890911102294922 19.879615783691406 22.774784088134766 19.863168716430664 19.394912719726562 19.649343490600586 19.836383819580078 19.39664077758789 19.485183715820312 19.57686424255371 
36.64156723022461 18.707359313964844 18.95395278930664 19.205120086669922 18.956575393676758 20.058879852294922 19.94380760192871 40.844478607177734 24.499359130859375 20.575712203979492 19.91414451599121 19.579008102416992 19.551807403564453 19.4649600982666 19.62758445739746 18.926944732666016 
19.691999435424805 19.2128963470459 19.231327056884766 19.39651107788086 19.303136825561523 19.36150360107422 19.447935104370117 19.462047576904297 22.1694393157959 19.8668155670166 19.984703063964844 19.891359329223633 20.22710418701172 19.465152740478516 19.26140785217285 19.466144561767578 
33.999168395996094 20.327104568481445 20.07788848876953 19.10086441040039 20.06559944152832 20.02070426940918 43.95926284790039 89.91280364990234 23.140064239501953 19.12668800354004 18.982656478881836 19.700544357299805 19.196544647216797 19.031936645507812 19.946304321289062 19.783456802368164 
20.048160552978516 19.669376373291016 19.735103607177734 20.187328338623047 20.266368865966797 20.3239688873291 20.20636749267578 20.051616668701172 22.908544540405273 20.425504684448242 20.061216354370117 19.822528839111328 20.352832794189453 21.250080108642578 19.648191452026367 19.495264053344727 
36.63078308105469 18.709280014038086 20.3305606842041 20.003328323364258 20.288799285888672 119.39129638671875 19.493247985839844 19.516576766967773 24.01024055480957 19.224096298217773 19.192895889282227 19.759199142456055 19.936960220336914 20.586944580078125 20.062944412231445 19.924352645874023 
19.724735260009766 19.412511825561523 19.4815673828125 19.498464584350586 19.784320831298828 20.083232879638672 19.967615127563477 20.038175582885742 21.842880249023438 19.424352645874023 19.687776565551758 20.27680015563965 19.47475242614746 19.433887481689453 19.704383850097656 19.693023681640625 
51.74528121948242 29.751808166503906 28.94553565979004 30.28486442565918 30.625375747680664 29.81564712524414 35.92390441894531 79.70995330810547 37.0645751953125 29.61555290222168 29.12588882446289 29.603328704833984 30.156320571899414 29.126720428466797 29.89027214050293 29.74928092956543 
47.551326751708984 29.51897621154785 31.66534423828125 30.684223175048828 30.21571159362793 30.43120002746582 42.62348937988281 90.58748626708984 38.92118453979492 30.359167098999023 29.80441665649414 30.12735939025879 29.743839263916016 29.975488662719727 30.129344940185547 29.516895294189453 
47.462432861328125 30.125152587890625 32.62742233276367 30.957887649536133 29.295007705688477 30.249055862426758 29.92304039001465 119.84143829345703 41.35686492919922 29.429311752319336 29.4454402923584 29.559167861938477 29.890560150146484 29.889951705932617 29.479936599731445 30.184223175048828 
46.474334716796875 29.08582305908203 32.08665466308594 31.603103637695312 30.804479598999023 29.763328552246094 30.613216400146484 32.20470428466797 37.12857437133789 29.488000869750977 30.557151794433594 29.81532859802246 29.874303817749023 29.993471145629883 29.475168228149414 29.52227210998535 
46.50310516357422 29.333599090576172 31.00182342529297 29.85865592956543 30.36534309387207 30.2772159576416 30.4050235748291 120.77792358398438 38.270751953125 29.723487854003906 29.267200469970703 29.859968185424805 30.194976806640625 29.290111541748047 29.976192474365234 29.743711471557617 
46.51833724975586 29.311168670654297 31.39936065673828 30.369312286376953 30.47212791442871 31.10576057434082 30.461055755615234 139.05369567871094 41.661441802978516 29.726303100585938 29.390047073364258 29.892192840576172 30.497024536132812 29.75071907043457 29.834495544433594 30.086336135864258 
46.447776794433594 29.866592407226562 31.388511657714844 29.914464950561523 30.92438316345215 31.12166404724121 37.343135833740234 114.49040222167969 42.25743865966797 29.490047454833984 29.63852882385254 29.465024948120117 29.631488800048828 29.746335983276367 29.554719924926758 30.093055725097656 
47.49494552612305 29.116928100585938 31.644607543945312 31.063007354736328 31.30031967163086 32.00038528442383 41.60246276855469 114.25532531738281 38.53619384765625 29.72323226928711 29.41651153564453 30.018592834472656 29.957216262817383 29.83145523071289 30.695711135864258 30.219327926635742 
46.448158264160156 29.79248046875 31.139968872070312 30.561983108520508 30.8371524810791 30.013856887817383 29.86400032043457 114.51676940917969 36.21625518798828 29.75574493408203 29.140928268432617 29.915712356567383 29.684064865112305 29.313631057739258 30.030879974365234 29.704927444458008 
47.47750473022461 29.088415145874023 30.954240798950195 30.114784240722656 29.721664428710938 31.951488494873047 30.459936141967773 128.4159698486328 40.59721755981445 29.865888595581055 29.449087142944336 29.813695907592773 30.349504470825195 29.706623077392578 29.98963165283203 30.066495895385742 
31.157215118408203 23.052480697631836 24.200864791870117 24.585311889648438 24.2794246673584 23.926111221313477 34.385406494140625 148.7157440185547 28.157535552978516 23.49737548828125 23.384639739990234 24.057823181152344 23.807327270507812 23.80963134765625 23.600383758544922 23.77667236328125 
20.060224533081055 18.140064239501953 18.121824264526367 322.71075439453125 216.45103454589844 17.948575973510742 17.951200485229492 18.412128448486328 21.562463760375977 18.768831253051758 18.473983764648438 19.57695960998535 19.43529510498047 19.149503707885742 18.832704544067383 18.824928283691406 
29.13145637512207 23.016447067260742 23.259328842163086 23.59382438659668 23.762144088745117 23.681760787963867 174.96595764160156 22.982271194458008 27.5699520111084 23.44576072692871 23.752288818359375 23.807296752929688 23.553119659423828 24.864255905151367 24.421728134155273 23.81452751159668 
19.095808029174805 18.112096786499023 18.11020851135254 317.0307312011719 222.19168090820312 17.925439834594727 17.951263427734375 18.26790428161621 21.875295639038086 19.0251522064209 18.5 19.075199127197266 18.802560806274414 18.347488403320312 18.589120864868164 19.858816146850586 
29.061983108520508 23.10927963256836 23.273056030273438 24.0449275970459 24.209983825683594 24.016191482543945 149.9449005126953 23.027584075927734 29.934207916259766 23.856128692626953 23.47939109802246 23.673503875732422 23.61155128479004 23.544736862182617 23.89344024658203 23.950336456298828 
25.10358428955078 18.09440040588379 219.19894409179688 112.023681640625 204.00242614746094 17.932607650756836 17.986528396606445 18.30201530456543 22.577119827270508 19.558080673217773 18.986848831176758 19.312864303588867 19.036319732666016 18.761247634887695 18.321056365966797 18.809856414794922 
28.984384536743164 23.08684730529785 23.052255630493164 23.495967864990234 23.58345603942871 23.710847854614258 125.45494079589844 23.123872756958008 27.48240089416504 23.584096908569336 23.641376495361328 23.863616943359375 23.589887619018555 23.869375228881836 23.541120529174805 23.23084831237793 
18.545120239257812 18.049407958984375 18.35785675048828 18.57062339782715 207.83407592773438 211.3116455078125 17.995967864990234 18.3353271484375 22.921920776367188 19.331552505493164 18.6975040435791 18.98316764831543 18.577119827270508 18.983232498168945 18.7475528717041 18.529504776000977 
29.007104873657227 23.07004737854004 23.53094482421875 23.68659210205078 23.71548843383789 23.65888023376465 178.1361846923828 23.00649642944336 26.917503356933594 23.563936233520508 23.362207412719727 23.503360748291016 23.559551239013672 23.514944076538086 24.11836814880371 23.75071907043457 
18.76483154296875 18.273727416992188 18.247615814208984 18.65932846069336 104.98274993896484 323.1952209472656 17.94256019592285 17.9484806060791 21.8753604888916 19.088607788085938 18.626943588256836 19.095840454101562 18.830495834350586 18.327167510986328 19.632064819335938 19.017536163330078 
29.769376754760742 23.10201644897461 23.0897274017334 24.050495147705078 24.43961524963379 24.372928619384766 169.0709686279297 23.06550407409668 27.31724739074707 23.58380889892578 23.199424743652344 23.5164794921875 23.580896377563477 23.707040786743164 23.694944381713867 23.543264389038086 
18.623903274536133 18.094783782958984 18.125791549682617 18.15567970275879 106.5558090209961 319.6341247558594 17.9388484954834 17.970239639282227 21.265216827392578 19.836448669433594 18.658655166625977 18.751136779785156 18.672927856445312 18.656063079833984 19.033279418945312 19.48236846923828 
29.087263107299805 23.07097625732422 23.03107261657715 23.44803237915039 23.886592864990234 24.35603141784668 147.76797485351562 23.067136764526367 29.01945686340332 23.680255889892578 23.60108757019043 23.644672393798828 23.727840423583984 23.999935150146484 23.91315269470215 23.690528869628906 
18.731456756591797 18.11737632751465 18.109983444213867 319.8291015625 215.23008728027344 17.906591415405273 18.07980728149414 18.44256019592285 23.01398468017578 19.233247756958008 18.658527374267578 18.700607299804688 18.648576736450195 19.472671508789062 19.43654441833496 19.310176849365234 
29.603679656982422 23.08403205871582 23.330495834350586 23.17478370666504 23.2458553314209 23.569440841674805 24.132352828979492 125.29785919189453 27.201215744018555 23.72480010986328 23.837087631225586 23.34716796875 23.481855392456055 23.433216094970703 23.29324722290039 23.871776580810547 
19.308544158935547 18.8504638671875 18.68387222290039 18.719776153564453 203.1317138671875 208.69882202148438 17.912511825561523 17.988447189331055 19.236608505249023 18.903392791748047 18.71388816833496 18.556896209716797 18.37238311767578 19.955583572387695 19.340608596801758 19.21504020690918 
29.107967376708984 23.084863662719727 23.160255432128906 23.135967254638672 23.994047164916992 24.120159149169922 154.7794189453125 22.982688903808594 29.100128173828125 23.717920303344727 23.585567474365234 23.38924789428711 23.498367309570312 23.827871322631836 23.703903198242188 24.159648895263672 
18.9902400970459 18.17420768737793 18.548416137695312 115.80992126464844 318.15155029296875 17.913471221923828 17.910240173339844 18.393056869506836 20.99830436706543 18.959840774536133 19.93734359741211 19.129440307617188 18.77440071105957 18.50752067565918 18.274015426635742 19.230880737304688 
29.123647689819336 23.04662322998047 23.47862434387207 23.643680572509766 23.733280181884766 23.734495162963867 152.86463928222656 22.962112426757812 28.781984329223633 23.66979217529297 23.484352111816406 24.122175216674805 23.5479679107666 23.30828857421875 23.915456771850586 23.908447265625 
19.334016799926758 18.398527145385742 18.646272659301758 217.14813232421875 103.47606658935547 223.22134399414062 17.917631149291992 17.94700813293457 21.758432388305664 19.322240829467773 18.53932762145996 18.97305679321289 18.46723175048828 19.10361671447754 19.087743759155273 18.545408248901367 
31.6712646484375 15.955007553100586 15.900128364562988 15.887680053710938 16.17692756652832 16.315231323242188 16.334815979003906 16.278623580932617 21.214656829833984 16.258176803588867 16.68262481689453 16.502111434936523 16.226112365722656 16.2225284576416 16.259296417236328 16.58883285522461 
15.213631629943848 15.207551956176758 15.272255897521973 15.38368034362793 15.995552062988281 23.4498233795166 18.4355525970459 15.067296028137207 18.721567153930664 19.38912010192871 22.32988739013672 15.145503997802734 15.463711738586426 16.39676856994629 15.312959671020508 15.751232147216797 
25.420095443725586 15.89459228515625 15.931360244750977 16.046112060546875 16.049535751342773 16.116384506225586 16.661727905273438 16.758079528808594 22.14681625366211 16.234560012817383 16.476768493652344 16.35094451904297 16.743072509765625 16.231231689453125 16.369056701660156 16.363040924072266 
15.188159942626953 15.594207763671875 15.568511962890625 15.773856163024902 15.591551780700684 15.456768035888672 20.60825538635254 15.386143684387207 18.276512145996094 15.875264167785645 21.188383102416992 15.136159896850586 15.751744270324707 15.223360061645508 15.17420768737793 15.587583541870117 
25.407743453979492 15.895423889160156 15.935968399047852 52.874176025390625 15.961503982543945 15.931488037109375 16.1046085357666 31.839391708374023 22.535903930664062 16.20217514038086 16.49955177307129 16.166303634643555 16.13158416748047 16.191680908203125 16.496639251708984 16.227807998657227 
15.41868782043457 15.332415580749512 15.208800315856934 15.27455997467041 15.228768348693848 15.320128440856934 15.31488037109375 15.32153606414795 14.986271858215332 15.486783981323242 15.416831970214844 16.054271697998047 15.289728164672852 15.482879638671875 15.258463859558105 15.3985595703125 
26.48204803466797 15.907103538513184 15.939680099487305 39.188385009765625 15.933631896972656 16.00713539123535 15.963616371154785 45.55990219116211 21.546144485473633 16.712160110473633 16.354623794555664 16.178495407104492 16.14259147644043 16.304832458496094 16.743392944335938 16.346559524536133 
15.282143592834473 15.298336029052734 15.540736198425293 15.809375762939453 18.445024490356445 15.278207778930664 15.224896430969238 15.35427188873291 18.041183471679688 17.19808006286621 23.506624221801758 15.211359977722168 15.193951606750488 15.934304237365723 15.34716796875 15.412480354309082 
25.386335372924805 15.96121597290039 15.880415916442871 34.01318359375 16.05731201171875 16.279104232788086 16.389184951782227 40.53267288208008 23.45564842224121 16.52851104736328 16.208799362182617 16.035423278808594 16.33344078063965 16.282751083374023 16.646623611450195 16.194528579711914 
15.592127799987793 15.265888214111328 15.355487823486328 15.232064247131348 19.24073600769043 17.44937515258789 15.184831619262695 15.32038402557373 17.382783889770508 19.374303817749023 22.263551712036133 15.195648193359375 15.48300838470459 16.3536319732666 15.337151527404785 15.722496032714844 
25.43427276611328 15.937376022338867 15.937312126159668 22.359935760498047 15.976287841796875 15.971936225891113 15.991711616516113 16.444543838500977 24.090015411376953 16.31884765625 16.385536193847656 16.161344528198242 16.281408309936523 16.51625633239746 16.259008407592773 16.193279266357422 
15.138336181640625 15.125408172607422 15.264320373535156 15.698847770690918 19.38128089904785 15.580032348632812 15.846943855285645 15.257247924804688 18.377216339111328 19.814624786376953 23.197376251220703 15.103775978088379 15.72537612915039 15.53872013092041 15.509119987487793 16.01900863647461 
25.39151954650879 15.91766357421875 15.884896278381348 16.085248947143555 16.349567413330078 16.364511489868164 16.750591278076172 16.610496520996094 24.451007843017578 16.16422462463379 17.135679244995117 16.362464904785156 17.16524887084961 16.51545524597168 16.34604835510254 16.12735939025879 
15.1876802444458 15.036831855773926 15.354816436767578 15.660191535949707 15.88697624206543 21.521343231201172 16.340160369873047 15.19279956817627 17.137792587280273 20.38991928100586 23.34172821044922 15.122431755065918 15.491840362548828 15.757184028625488 15.317184448242188 15.781632423400879 
25.434816360473633 15.90783977508545 16.08572769165039 25.42367935180664 16.16339111328125 16.062368392944336 16.09119987487793 48.27500915527344 22.707487106323242 16.37071990966797 16.650592803955078 16.02217674255371 16.624544143676758 16.338048934936523 16.670272827148438 16.273311614990234 
15.306207656860352 15.293024063110352 15.227968215942383 15.320096015930176 16.756895065307617 15.723520278930664 19.54096031188965 15.290495872497559 17.38515281677246 19.409759521484375 22.97817611694336 15.071999549865723 15.285280227661133 15.818559646606445 15.382783889770508 15.723103523254395 
25.42367935180664 15.89737606048584 15.93667221069336 37.12678527832031 15.948479652404785 15.989184379577637 15.975647926330566 45.569664001464844 23.332735061645508 16.61555290222168 16.95827293395996 16.41481590270996 16.216928482055664 16.670944213867188 16.199520111083984 17.356159210205078 
15.374527931213379 15.144767761230469 15.16044807434082 15.197983741760254 17.314624786376953 18.172128677368164 15.157504081726074 15.140704154968262 18.640159606933594 20.187744140625 18.980127334594727 15.419808387756348 15.306655883789062 15.836959838867188 15.2673921585083 15.115519523620605 
25.44883155822754 15.958463668823242 15.865216255187988 15.962752342224121 16.099327087402344 16.349632263183594 16.289472579956055 16.26723289489746 23.548063278198242 16.54070472717285 16.331008911132812 16.27849578857422 16.17308807373047 16.38502311706543 16.649215698242188 16.456640243530273 
15.303071975708008 15.102656364440918 15.193599700927734 15.657952308654785 20.28767967224121 19.138879776000977 18.21683120727539 15.1429443359375 15.008159637451172 18.027616500854492 15.720928192138672 15.49731159210205 16.121248245239258 15.177791595458984 15.529088020324707 15.60364818572998 
34.93110275268555 21.8255672454834 21.849632263183594 130.5263671875 21.92188835144043 21.91548728942871 22.000959396362305 22.300352096557617 25.65692710876465 22.414976119995117 22.53331184387207 22.45350456237793 22.76598358154297 22.402816772460938 22.47052764892578 22.279935836791992 
22.144319534301758 21.728960037231445 21.930368423461914 22.077184677124023 22.058624267578125 21.810527801513672 21.7425594329834 21.757183074951172 25.158432006835938 21.89446449279785 22.001056671142578 21.901599884033203 21.90003204345703 21.945215225219727 22.23174476623535 22.058944702148438 
47.57593536376953 22.02547264099121 22.195423126220703 22.711999893188477 22.88060760498047 22.892127990722656 22.435775756835938 198.7626953125 24.925344467163086 22.565248489379883 22.639039993286133 22.381023406982422 22.952320098876953 22.446304321289062 22.667999267578125 22.3637752532959 
22.21459197998047 21.639455795288086 21.861248016357422 21.862720489501953 21.815263748168945 21.657983779907227 21.61974334716797 21.561567306518555 26.292383193969727 21.920352935791016 21.92643165588379 22.51888084411621 22.250272750854492 21.880512237548828 22.339263916015625 22.014400482177734 
50.70105743408203 21.981536865234375 21.98031997680664 22.439136505126953 22.703487396240234 22.51535987854004 22.381088256835938 22.37004852294922 27.387807846069336 22.342912673950195 22.8222713470459 22.849056243896484 22.451200485229492 22.783584594726562 22.524768829345703 22.320575714111328 
21.666336059570312 21.7192325592041 22.09574317932129 22.20809555053711 22.151424407958984 21.764928817749023 21.73075294494629 21.822912216186523 24.465024948120117 21.998111724853516 21.824512481689453 23.05504035949707 21.939424514770508 23.03446388244629 22.039295196533203 22.099903106689453 
62.34640121459961 21.942432403564453 22.106943130493164 22.089696884155273 22.258527755737305 22.265888214111328 22.24297523498535 22.38819122314453 26.179744720458984 22.567007064819336 22.601055145263672 22.501632690429688 24.236095428466797 22.559968948364258 22.708959579467773 22.43961524963379 
21.836639404296875 21.776031494140625 21.83305549621582 22.179168701171875 22.188127517700195 22.216415405273438 21.868223190307617 21.707008361816406 26.209184646606445 22.22719955444336 21.915935516357422 22.338367462158203 21.854272842407227 22.94086456298828 21.992992401123047 21.887039184570312 
64.40316772460938 21.814271926879883 22.013568878173828 22.840320587158203 23.187328338623047 23.12758445739746 22.83180809020996 22.843456268310547 25.317760467529297 22.386367797851562 22.692319869995117 22.37299156188965 23.072416305541992 22.668415069580078 22.67068862915039 22.204864501953125 
21.84726333618164 21.731775283813477 21.89472007751465 22.26825523376465 22.081920623779297 21.850303649902344 22.037120819091797 21.920095443725586 25.136287689208984 21.92144012451172 21.875328063964844 22.021440505981445 21.82771110534668 22.177663803100586 21.968128204345703 22.068607330322266 
52.85161590576172 21.850431442260742 21.84783935546875 22.76598358154297 22.56505584716797 22.522111892700195 22.49225616455078 129.501220703125 25.67420768737793 22.41935920715332 23.06163215637207 22.32080078125 22.137983322143555 22.765216827392578 22.68943977355957 22.577184677124023 
21.956384658813477 22.07548713684082 22.388864517211914 22.353471755981445 22.211360931396484 22.023296356201172 21.844703674316406 21.697952270507812 26.413408279418945 21.990047454833984 21.985183715820312 21.87104034423828 22.192607879638672 21.999807357788086 22.117952346801758 22.073408126831055 
49.76774215698242 21.878719329833984 22.299840927124023 22.87843132019043 23.030719757080078 22.816991806030273 22.61337661743164 208.4893798828125 26.384767532348633 22.581951141357422 22.758655548095703 22.49830436706543 22.333120346069336 22.50102424621582 22.426816940307617 22.697664260864258 
22.60793685913086 21.77020835876465 22.4102725982666 22.70604705810547 22.523967742919922 22.425535202026367 21.927167892456055 21.757408142089844 25.614879608154297 22.06835174560547 22.024288177490234 22.109535217285156 21.89151954650879 22.10950469970703 22.00396728515625 23.032320022583008 
60.283424377441406 21.99443244934082 21.883007049560547 22.54070472717285 22.758399963378906 22.521663665771484 22.37343978881836 142.37081909179688 27.252159118652344 22.265216827392578 22.60438346862793 22.41436767578125 22.486047744750977 22.86070442199707 22.409343719482422 22.69830322265625 
21.781728744506836 21.588960647583008 21.429183959960938 21.51241683959961 21.958911895751953 21.847423553466797 22.152063369750977 22.671327590942383 25.062240600585938 21.897695541381836 22.190879821777344 22.1727352142334 22.449247360229492 22.400800704956055 22.030080795288086 22.087488174438477 
56.052127838134766 21.85763168334961 21.971519470214844 22.803295135498047 23.255584716796875 23.119871139526367 23.031967163085938 236.96678161621094 25.809663772583008 22.535776138305664 22.81273651123047 22.39731216430664 22.550912857055664 23.021215438842773 22.669984817504883 22.389759063720703 
21.98534393310547 21.75484848022461 21.96553611755371 22.057600021362305 21.960128784179688 21.778688430786133 21.680639266967773 21.740543365478516 25.530624389648438 22.20368003845215 22.208608627319336 22.162431716918945 22.14249610900879 21.801279067993164 22.337791442871094 21.992063522338867 
62.32057571411133 21.924352645874023 21.919584274291992 22.22256088256836 22.344831466674805 22.28748893737793 23.200063705444336 23.14044761657715 26.14588737487793 22.683935165405273 22.31599998474121 22.577951431274414 22.328575134277344 22.8022403717041 23.051904678344727 22.546592712402344 
21.977983474731445 21.537919998168945 21.55196762084961 21.580896377563477 21.73971176147461 22.4550724029541 22.51590347290039 22.44598388671875 25.25971221923828 21.934528350830078 21.772640228271484 21.951967239379883 21.85820770263672 22.16080093383789 21.97804832458496 21.889856338500977 
60.40300750732422 20.62179183959961 20.593664169311523 20.64748764038086 20.928991317749023 21.021503448486328 20.96428871154785 21.132383346557617 29.999008178710938 20.889312744140625 21.056480407714844 21.749696731567383 21.09231948852539 20.88172721862793 21.014080047607422 21.371328353881836 
36.295745849609375 20.644832611083984 21.043039321899414 21.422943115234375 21.414335250854492 21.41436767578125 21.06928062438965 20.908031463623047 26.488351821899414 21.31430435180664 21.443519592285156 21.03424072265625 21.004863739013672 21.162111282348633 21.884159088134766 21.538911819458008 
37.36636734008789 20.63532829284668 20.929664611816406 21.085887908935547 21.630943298339844 21.422687530517578 21.37081527709961 21.400896072387695 25.920448303222656 21.141759872436523 20.972576141357422 21.193023681640625 21.121728897094727 21.348127365112305 20.996383666992188 21.01046371459961 
39.45180892944336 20.631296157836914 20.689407348632812 20.87411117553711 21.312511444091797 21.5199031829834 21.540864944458008 21.257728576660156 24.3701114654541 21.618656158447266 20.93270492553711 21.655136108398438 22.18217658996582 21.04297637939453 20.83500862121582 21.337343215942383 
38.41004943847656 20.630592346191406 20.759552001953125 20.983455657958984 20.977632522583008 24.28835105895996 20.83888053894043 20.920448303222656 28.85820770263672 21.229087829589844 21.411008834838867 21.09993553161621 20.906143188476562 21.047040939331055 21.565439224243164 21.0710391998291 
35.25471878051758 20.621856689453125 20.670848846435547 20.81180763244629 20.840896606445312 20.88425636291504 20.866432189941406 20.945951461791992 24.45782470703125 21.24630355834961 21.426143646240234 21.78313636779785 21.291967391967773 20.94223976135254 21.502527236938477 22.054208755493164 
38.36899185180664 20.631103515625 21.039968490600586 21.214048385620117 21.294143676757812 21.246591567993164 21.360671997070312 21.305343627929688 25.880159378051758 21.14851188659668 20.987520217895508 21.625503540039062 21.35487937927246 21.224384307861328 21.035551071166992 20.929824829101562 
35.23766326904297 20.650239944458008 20.79587173461914 21.280704498291016 21.26134490966797 21.278688430786133 21.00150489807129 20.946687698364258 27.93222427368164 21.01798439025879 21.008544921875 21.005184173583984 21.42790412902832 21.28326416015625 21.065759658813477 21.111743927001953 
36.329185485839844 20.628320693969727 20.643295288085938 21.22764778137207 21.444320678710938 21.593952178955078 21.436479568481445 21.475200653076172 25.83126449584961 21.424224853515625 20.958175659179688 21.605663299560547 20.98303985595703 21.297887802124023 21.862943649291992 21.15488052368164 
34.193824768066406 20.648672103881836 20.667455673217773 20.621952056884766 21.036832809448242 21.680927276611328 21.553728103637695 21.320192337036133 24.444351196289062 21.6081600189209 21.157983779907227 21.023136138916016 21.23641586303711 20.96668815612793 21.21455955505371 21.198976516723633 
51.168575286865234 38.250144958496094 38.780128479003906 39.668670654296875 39.46419143676758 38.953792572021484 39.18489456176758 39.14118576049805 43.574913024902344 39.76473617553711 38.681983947753906 38.225345611572266 38.46044921875 39.5002555847168 38.98713684082031 38.88371276855469 
98.33721923828125 38.11180877685547 39.424129486083984 40.6288948059082 40.135616302490234 40.27571105957031 41.080352783203125 40.052833557128906 45.57497787475586 38.74262237548828 38.36307144165039 38.69152069091797 38.97836685180664 39.044288635253906 38.43913650512695 38.49507141113281 
59.61369705200195 38.298622131347656 39.14271926879883 39.25484848022461 39.086753845214844 39.521568298339844 39.95475387573242 40.27920150756836 44.32774353027344 38.35945510864258 39.0645751953125 40.280033111572266 38.43724822998047 39.269630432128906 38.9466552734375 38.539615631103516 
66.92294311523438 39.737152099609375 40.22499084472656 40.07174301147461 40.65430450439453 39.97264099121094 40.31148910522461 44.35820770263672 42.99980926513672 38.426143646240234 38.31270217895508 38.464927673339844 39.938785552978516 39.15660858154297 38.28940963745117 38.79359817504883 
57.43251037597656 38.36537551879883 39.26707077026367 39.8680305480957 39.10319900512695 39.52227020263672 39.3691520690918 39.58310317993164 48.256385803222656 38.820865631103516 39.39750289916992 38.579166412353516 38.47328186035156 39.287105560302734 39.508609771728516 38.644161224365234 
54.318111419677734 38.104862213134766 39.07961654663086 39.14665603637695 39.360286712646484 38.96656036376953 39.77088165283203 39.539329528808594 43.502559661865234 38.461185455322266 38.35148620605469 38.514366149902344 39.358272552490234 39.09654235839844 38.615230560302734 39.063743591308594 
75.27011108398438 38.10761642456055 39.12876892089844 39.14976119995117 39.393409729003906 39.3056640625 39.57926559448242 39.62681579589844 43.32179260253906 38.444766998291016 39.60054397583008 38.71971130371094 38.392127990722656 38.14486312866211 39.41030502319336 38.44377517700195 
55.320865631103516 38.13292694091797 40.22848129272461 39.00239944458008 39.57817459106445 39.18291091918945 39.166847229003906 39.38399887084961 43.314945220947266 38.55023956298828 38.486846923828125 38.302337646484375 39.290367126464844 38.656768798828125 39.074241638183594 40.07263946533203 
53.18636703491211 38.047935485839844 38.897918701171875 39.01715087890625 39.3487663269043 39.01238250732422 40.02988815307617 39.47459030151367 44.15107345581055 38.643009185791016 38.567806243896484 39.78985595703125 39.5049934387207 38.91737747192383 39.44105529785156 39.28313446044922 
55.416446685791016 38.27110290527344 38.94585418701172 40.33078384399414 39.7262077331543 39.38108825683594 40.98585510253906 39.90982437133789 43.53254318237305 38.33123016357422 38.65923309326172 39.708255767822266 39.02115249633789 39.00534439086914 39.456478118896484 38.617279052734375 
53.39209747314453 24.011648178100586 24.185792922973633 24.64873504638672 24.694080352783203 25.11248016357422 25.43222427368164 24.999391555786133 30.884735107421875 24.816255569458008 24.983360290527344 25.247488021850586 24.700927734375 25.004352569580078 24.80841636657715 25.758495330810547 
54.48918533325195 24.179040908813477 24.323392868041992 25.00783920288086 24.57846450805664 24.698688507080078 25.320863723754883 25.178367614746094 32.17238235473633 24.928064346313477 24.828832626342773 25.252159118652344 24.7061767578125 25.061023712158203 25.008256912231445 24.784255981445312 
45.05379104614258 23.906335830688477 24.066303253173828 24.461055755615234 25.17865562438965 24.631135940551758 24.251007080078125 24.38243293762207 30.9736328125 24.716127395629883 24.646591186523438 24.819040298461914 24.883264541625977 25.233407974243164 25.0664005279541 24.955839157104492 
48.20016098022461 23.908512115478516 23.916831970214844 23.92412757873535 25.066495895385742 25.253599166870117 25.220256805419922 25.023967742919922 28.41689682006836 24.829280853271484 24.85977554321289 25.006879806518555 24.909536361694336 24.961631774902344 25.246559143066406 25.264896392822266 
58.68598556518555 23.882783889770508 23.88688087463379 24.029056549072266 24.048799514770508 24.359615325927734 25.46988868713379 25.45395278930664 28.536319732666016 24.840255737304688 25.204511642456055 25.003711700439453 25.578304290771484 25.04889678955078 24.87164878845215 25.12339210510254 
48.16796875 23.911903381347656 24.277183532714844 25.369823455810547 25.574687957763672 24.724544525146484 24.531904220581055 25.298240661621094 30.151744842529297 24.761184692382812 25.68307113647461 24.947839736938477 25.014240264892578 24.929439544677734 24.91904067993164 25.003007888793945 
47.11833572387695 23.892160415649414 24.042015075683594 24.027616500854492 24.959936141967773 25.253055572509766 25.095327377319336 24.386783599853516 30.75014305114746 24.734304428100586 24.892192840576172 25.107807159423828 24.869504928588867 24.87923240661621 24.81113624572754 25.2959041595459 
46.10822296142578 23.905664443969727 23.940256118774414 24.224767684936523 25.024160385131836 25.135456085205078 24.512832641601562 24.348543167114258 31.511903762817383 24.724895477294922 24.841856002807617 25.0532169342041 24.811872482299805 25.171072006225586 24.78976058959961 26.96486473083496 
46.09280014038086 23.885696411132812 23.915552139282227 25.00044822692871 25.188447952270508 25.116159439086914 24.407072067260742 68.24169921875 31.45724868774414 24.98963165283203 25.15225601196289 25.188831329345703 25.232128143310547 24.742176055908203 24.793983459472656 25.145856857299805 
45.05366516113281 23.95008087158203 24.251680374145508 24.113567352294922 24.20809555053711 24.802688598632812 24.7391357421875 71.74681854248047 32.03919982910156 24.610048294067383 24.485599517822266 24.884992599487305 25.05846405029297 24.80950355529785 24.824607849121094 24.9453125 
43.157440185546875 19.092479705810547 19.253984451293945 19.572864532470703 19.66579246520996 19.879968643188477 20.024063110351562 20.02569580078125 30.386560440063477 19.51580810546875 19.823360443115234 19.482784271240234 19.49363136291504 19.505727767944336 19.51263999938965 19.856800079345703 
19.527904510498047 19.263071060180664 19.360960006713867 19.43328094482422 19.432064056396484 19.355104446411133 19.406944274902344 19.415359497070312 22.549375534057617 19.91094398498535 19.557823181152344 19.707168579101562 19.867103576660156 19.711360931396484 19.652191162109375 20.0548152923584 
39.97702407836914 19.354047775268555 19.378528594970703 19.2093448638916 19.496095657348633 19.663904190063477 19.854463577270508 19.91551971435547 27.223167419433594 20.046592712402344 19.662687301635742 19.396320343017578 19.736608505249023 19.58438491821289 19.85433578491211 19.522144317626953 
19.460704803466797 19.20502471923828 19.280384063720703 19.28019142150879 19.42095947265625 19.44054412841797 19.353408813476562 19.311519622802734 22.025184631347656 19.581663131713867 19.565696716308594 19.44825553894043 19.358495712280273 20.075647354125977 19.326271057128906 19.531551361083984 
39.98067092895508 19.178112030029297 19.561376571655273 19.98204803466797 20.010208129882812 20.0150089263916 19.800128936767578 19.80384063720703 22.018720626831055 20.47542381286621 19.841535568237305 19.678592681884766 19.675424575805664 19.544448852539062 20.073951721191406 19.759231567382812 
19.48896026611328 19.130624771118164 19.168960571289062 19.166400909423828 19.28201675415039 19.310592651367188 19.293888092041016 19.275423049926758 23.0600643157959 19.68169593811035 20.00262451171875 19.30793571472168 19.580223083496094 19.546688079833984 19.79724884033203 19.559711456298828 
41.113502502441406 19.404512405395508 19.489215850830078 19.591552734375 19.704639434814453 19.908159255981445 19.88751983642578 19.814144134521484 24.840415954589844 20.65337562561035 20.067840576171875 19.93356704711914 19.804767608642578 20.228031158447266 20.037376403808594 19.431520462036133 
19.59004783630371 19.246623992919922 19.257312774658203 19.241472244262695 19.25152015686035 19.195520401000977 19.310367584228516 19.31407928466797 23.299072265625 20.701343536376953 19.945152282714844 19.68320083618164 19.74073600769043 19.798816680908203 19.772384643554688 20.57961654663086 
51.568382263183594 19.372671127319336 19.215808868408203 19.226688385009766 19.832735061645508 19.950687408447266 20.346847534179688 20.519296646118164 22.909343719482422 20.35593605041504 19.608192443847656 19.81590461730957 19.7455997467041 19.616287231445312 19.778976440429688 19.779552459716797 
19.511104583740234 19.263168334960938 19.355552673339844 19.316959381103516 19.453311920166016 19.33452796936035 19.295551300048828 19.364416122436523 22.055967330932617 19.71651268005371 20.961759567260742 19.711328506469727 19.417343139648438 19.4715518951416 19.358495712280273 19.81670379638672 
40.019168853759766 19.235103607177734 19.568832397460938 19.633567810058594 19.714048385620117 19.61676788330078 20.06902313232422 19.988832473754883 24.231136322021484 19.96143913269043 19.50912094116211 20.319520950317383 19.772096633911133 19.709856033325195 19.67532730102539 19.658527374267578 
19.456703186035156 19.220544815063477 19.14793586730957 19.360416412353516 19.351327896118164 19.3505916595459 19.412128448486328 19.44780731201172 23.265727996826172 19.78201675415039 19.942272186279297 19.727903366088867 20.015615463256836 19.7096004486084 19.704256057739258 20.157791137695312 
36.49484634399414 19.062847137451172 19.18400001525879 19.653087615966797 19.342239379882812 19.344928741455078 19.58470344543457 19.921728134155273 25.20319938659668 19.498720169067383 19.393024444580078 19.957504272460938 20.00044822692871 19.418304443359375 19.567520141601562 19.51785659790039 
19.65657615661621 19.367359161376953 19.43065643310547 19.49087905883789 19.460512161254883 19.353248596191406 19.2992000579834 19.342592239379883 22.35740852355957 20.11574363708496 19.47545623779297 19.50694465637207 19.700000762939453 19.390592575073242 20.10745620727539 19.42425537109375 
38.9150390625 19.186847686767578 19.430944442749023 19.89753532409668 19.72831916809082 19.638080596923828 19.505279541015625 19.52118492126465 23.20684814453125 19.803136825561523 19.35139274597168 19.600576400756836 19.663616180419922 19.77257537841797 19.508928298950195 19.51263999938965 
19.683456420898438 19.2093448638916 19.3221435546875 19.388736724853516 19.341983795166016 19.334304809570312 19.355424880981445 19.39836883544922 22.294687271118164 19.708351135253906 19.27449607849121 19.64575958251953 20.155296325683594 19.5001277923584 19.35433578491211 19.420703887939453 
71.580322265625 19.434528350830078 19.260000228881836 19.417888641357422 19.80816078186035 20.003040313720703 19.988767623901367 20.033536911010742 23.67193603515625 19.9816951751709 19.93788719177246 20.362464904785156 19.8275203704834 19.966304779052734 20.131135940551758 19.56070327758789 
19.53068733215332 19.073087692260742 19.41935920715332 19.537567138671875 19.63590431213379 19.682239532470703 19.785568237304688 19.9418888092041 22.216672897338867 20.216768264770508 19.839296340942383 19.26963233947754 19.830720901489258 19.524383544921875 19.98796844482422 19.498079299926758 
64.18121337890625 19.43939208984375 19.14240074157715 19.289344787597656 19.383424758911133 19.905216217041016 19.832544326782227 19.88422393798828 23.78748893737793 19.92140769958496 19.50284767150879 19.76131248474121 20.661151885986328 19.71491241455078 19.75177574157715 19.627519607543945 
19.587615966796875 19.375423431396484 19.43427276611328 19.835615158081055 19.7620792388916 19.546464920043945 19.727264404296875 19.918399810791016 21.99273681640625 19.555360794067383 19.464736938476562 20.19251251220703 19.55779266357422 19.20537567138672 19.493024826049805 19.389663696289062 
35.501121520996094 14.15078353881836 14.399807929992676 14.475808143615723 14.417823791503906 14.559776306152344 21.298112869262695 14.593152046203613 20.676671981811523 15.164159774780273 14.831392288208008 14.517919540405273 14.82038402557373 15.228575706481934 14.721407890319824 14.40060806274414 
14.343647956848145 14.101632118225098 14.044927597045898 14.234111785888672 14.372096061706543 14.351776123046875 14.312383651733398 14.371968269348145 16.50281524658203 14.800288200378418 14.764896392822266 14.860063552856445 14.440383911132812 14.189184188842773 14.332351684570312 14.169631958007812 
70.00553894042969 14.221407890319824 14.19484806060791 14.193951606750488 14.526911735534668 14.60752010345459 14.5863037109375 14.667488098144531 21.87558364868164 14.421119689941406 14.428768157958984 14.553888320922852 15.020575523376465 14.798272132873535 14.802687644958496 14.766816139221191 
14.359359741210938 14.163519859313965 14.125632286071777 14.136544227600098 14.093024253845215 14.5032958984375 14.218111991882324 14.32636833190918 16.868799209594727 14.231583595275879 14.17955207824707 14.430720329284668 14.794879913330078 14.665120124816895 14.339712142944336 14.22815990447998 
73.23423767089844 14.168864250183105 14.175583839416504 14.332159996032715 14.306783676147461 14.553983688354492 14.562080383300781 14.51318359375 22.767295837402344 14.804800033569336 14.880000114440918 14.340895652770996 14.720128059387207 14.955360412597656 15.450912475585938 14.359711647033691 
14.129664421081543 14.091775894165039 14.19001579284668 14.233087539672852 14.207615852355957 14.228992462158203 14.259488105773926 14.471839904785156 17.279552459716797 15.797599792480469 14.11520004272461 14.186880111694336 14.26899242401123 14.571616172790527 14.229696273803711 14.517312049865723 
66.91731262207031 14.158559799194336 14.115488052368164 14.19212818145752 14.457823753356934 14.405407905578613 14.40659236907959 14.53219223022461 22.115840911865234 14.731616020202637 14.348159790039062 14.507040023803711 14.805024147033691 15.420191764831543 14.372672080993652 14.347200393676758 
14.003616333007812 13.923135757446289 14.17692756652832 14.400896072387695 14.556575775146484 14.433088302612305 14.574432373046875 14.625408172607422 16.803808212280273 14.6278076171875 14.433055877685547 14.270751953125 14.331775665283203 14.680031776428223 14.649087905883789 14.323295593261719 
73.22640228271484 14.20742416381836 14.194111824035645 14.201855659484863 14.193375587463379 14.365152359008789 14.415743827819824 14.497119903564453 21.156095504760742 14.646240234375 14.897215843200684 15.11023998260498 14.374431610107422 14.458304405212402 14.731264114379883 14.352736473083496 
14.61689567565918 14.183072090148926 14.128000259399414 14.080863952636719 14.373248100280762 14.40169620513916 14.385919570922852 14.403072357177734 16.461727142333984 15.708352088928223 15.002400398254395 14.185600280761719 14.618464469909668 14.504416465759277 15.049247741699219 14.633760452270508 
72.16451263427734 14.147263526916504 14.18892765045166 14.186240196228027 14.226048469543457 14.273056030273438 14.320256233215332 14.368415832519531 22.271936416625977 14.373056411743164 14.768608093261719 15.15452766418457 14.70844841003418 14.558143615722656 14.554559707641602 15.195039749145508 
14.373536109924316 14.230879783630371 14.155488014221191 14.110655784606934 14.094528198242188 14.22646427154541 14.253376007080078 14.357983589172363 16.599456787109375 14.733471870422363 14.373791694641113 14.91875171661377 14.388511657714844 14.157855987548828 14.423040390014648 14.199616432189941 
72.17894744873047 14.188128471374512 14.201408386230469 14.273856163024902 14.298239707946777 14.309887886047363 14.372960090637207 14.451423645019531 23.278400421142578 15.417247772216797 14.495552062988281 14.359840393066406 14.456416130065918 15.198623657226562 15.143360137939453 14.509663581848145 
14.278464317321777 14.06287956237793 14.04047966003418 14.3569917678833 14.521535873413086 14.258912086486816 14.33033561706543 14.343520164489746 15.108063697814941 15.646240234375 14.274975776672363 14.503040313720703 14.616543769836426 14.640352249145508 14.45628833770752 14.319392204284668 
71.1289291381836 14.184767723083496 14.214495658874512 14.162848472595215 14.243040084838867 14.522111892700195 14.5448637008667 14.562911987304688 23.95667266845703 15.14345645904541 14.578559875488281 14.763360023498535 14.303775787353516 14.579808235168457 14.965824127197266 15.160832405090332 
14.100319862365723 14.063488006591797 14.01699161529541 14.051424026489258 14.028544425964355 14.230015754699707 14.424639701843262 14.298975944519043 17.029375076293945 15.406784057617188 14.254528045654297 14.70083236694336 14.787679672241211 14.62112045288086 15.166975975036621 14.322463989257812 
41.72457504272461 14.192288398742676 14.194463729858398 14.21731185913086 14.324735641479492 14.385631561279297 14.35529613494873 14.363231658935547 19.500736236572266 15.304256439208984 14.94217586517334 15.533056259155273 14.366911888122559 14.418623924255371 14.961248397827148 15.151455879211426 
14.091615676879883 14.052448272705078 14.128959655761719 14.23423957824707 14.263008117675781 14.281599998474121 14.267071723937988 14.279552459716797 17.0645751953125 14.99846363067627 14.453887939453125 14.158143997192383 14.13366413116455 14.625215530395508 15.091008186340332 14.663359642028809 
51.202880859375 14.18614387512207 14.208512306213379 14.22697639465332 14.462847709655762 14.55190372467041 14.536128044128418 14.535872459411621 23.652864456176758 14.729120254516602 14.66323184967041 14.711039543151855 14.791135787963867 14.630528450012207 14.462143898010254 14.396767616271973 
14.234111785888672 14.068927764892578 14.129504203796387 14.330464363098145 14.430720329284668 14.323967933654785 14.430144309997559 14.454496383666992 17.111679077148438 15.276896476745605 14.18284797668457 14.413599967956543 14.55292797088623 14.783103942871094 14.194432258605957 14.122559547424316 
78.06690979003906 21.365856170654297 21.314943313598633 21.426176071166992 22.364416122436523 22.380159378051758 22.572416305541992 22.569120407104492 25.829504013061523 21.93622398376465 21.98860740661621 21.913536071777344 21.83193588256836 22.003456115722656 22.000255584716797 22.080032348632812 
23.310176849365234 23.06928062438965 22.972576141357422 22.901824951171875 22.86332893371582 23.550527572631836 23.85887908935547 23.794143676757812 27.47177505493164 23.41868782043457 23.597152709960938 22.913759231567383 23.248735427856445 23.205408096313477 23.136287689208984 23.218080520629883 
35.08124923706055 21.32489585876465 21.326080322265625 21.699840545654297 22.15555191040039 21.740352630615234 22.427200317382812 39.033504486083984 24.938112258911133 21.891040802001953 22.12486457824707 21.80713653564453 22.149343490600586 23.879711151123047 22.063583374023438 21.900896072387695 
23.272863388061523 23.15705680847168 23.10086441040039 23.03001594543457 23.00281524658203 23.43212890625 24.02137565612793 23.923263549804688 27.017536163330078 22.996063232421875 23.477184295654297 23.465919494628906 23.001920700073242 23.350976943969727 23.19545555114746 23.11311912536621 
35.06492614746094 21.340160369873047 21.382047653198242 21.79212760925293 22.024639129638672 21.638559341430664 21.637184143066406 48.317344665527344 24.84409523010254 21.934911727905273 21.87593650817871 21.84003257751465 22.042848587036133 22.022687911987305 21.915136337280273 21.989728927612305 
23.314720153808594 22.854976654052734 22.825855255126953 22.88502311706543 23.574848175048828 23.901920318603516 23.65011215209961 23.26723289489746 27.670528411865234 23.032384872436523 24.568416595458984 23.433151245117188 23.10492706298828 23.180160522460938 23.300800323486328 23.203712463378906 
36.12691116333008 21.347135543823242 21.637792587280273 21.93596839904785 22.101375579833984 21.773664474487305 21.78175926208496 42.28307342529297 24.416736602783203 22.234943389892578 22.356672286987305 21.763776779174805 21.732160568237305 22.22105598449707 21.8907527923584 22.017568588256836 
23.312095642089844 23.03455924987793 22.978336334228516 23.015871047973633 22.96384048461914 23.555007934570312 23.89072036743164 23.75017547607422 26.452831268310547 23.15862464904785 23.234752655029297 23.44588851928711 22.905792236328125 23.605728149414062 23.5031681060791 23.067808151245117 
35.050048828125 21.4289608001709 21.8822078704834 22.403520584106445 22.459775924682617 22.270816802978516 22.09734344482422 31.982688903808594 24.734655380249023 22.030303955078125 21.79523277282715 21.95270347595215 21.894432067871094 22.0817928314209 21.926496505737305 22.056255340576172 
23.363872528076172 22.90070343017578 23.056800842285156 23.22217559814453 24.024320602416992 23.939327239990234 23.428319931030273 22.98428726196289 27.122751235961914 23.387840270996094 23.387615203857422 23.497055053710938 23.41779136657715 23.484703063964844 24.01558494567871 23.113056182861328 
36.113216400146484 21.340639114379883 21.3372802734375 21.9498233795166 23.0067195892334 22.665727615356445 22.50886344909668 37.977630615234375 24.755807876586914 22.38969612121582 21.96691131591797 21.96601676940918 22.50102424621582 21.90662384033203 22.20863914489746 21.924320220947266 
23.533599853515625 22.909791946411133 22.896223068237305 23.444543838500977 24.154176712036133 24.015968322753906 23.284191131591797 23.037439346313477 26.19910430908203 22.9703369140625 23.909311294555664 23.326112747192383 23.11471939086914 23.41155242919922 23.857088088989258 23.139039993286133 
37.10451126098633 21.368160247802734 21.730592727661133 22.251808166503906 22.369407653808594 21.849952697753906 21.778528213500977 39.53529739379883 25.310911178588867 21.960927963256836 21.854591369628906 21.913888931274414 21.98428726196289 22.21945571899414 21.836448669433594 22.417919158935547 
23.50707244873047 23.01113510131836 23.694591522216797 23.874879837036133 23.4085750579834 23.07094383239746 22.981887817382812 22.91948890686035 26.929183959960938 23.413312911987305 23.151615142822266 23.266048431396484 23.38038444519043 23.072256088256836 23.260128021240234 23.100799560546875 
36.13481521606445 21.448352813720703 21.53059196472168 21.76483154296875 22.427488327026367 22.50828742980957 22.238271713256836 43.05507278442383 25.06243133544922 21.837087631225586 21.88422393798828 21.90287971496582 21.950239181518555 22.045408248901367 22.062847137451172 22.1757755279541 
23.63372802734375 22.97270393371582 23.08291244506836 23.4737606048584 23.54662322998047 23.60678482055664 23.330720901489258 23.02739143371582 25.68832015991211 23.487455368041992 23.103296279907227 23.301471710205078 23.974048614501953 23.288127899169922 23.557376861572266 23.276159286499023 
46.5885124206543 21.442047119140625 22.366912841796875 22.359359741210938 22.33772850036621 22.360416412353516 22.256799697875977 21.896831512451172 25.744096755981445 22.005632400512695 21.908447265625 22.418079376220703 21.593055725097656 21.551424026489258 22.414592742919922 21.91846466064453 
23.37824058532715 22.97315216064453 22.805599212646484 22.890304565429688 23.553279876708984 23.917856216430664 23.625951766967773 23.378015518188477 27.795360565185547 23.31839942932129 25.232736587524414 23.176448822021484 22.972671508789062 23.209823608398438 23.43779182434082 23.350688934326172 
36.06697463989258 21.30508804321289 21.34480094909668 21.942720413208008 22.117952346801758 21.875743865966797 21.90822410583496 47.73417663574219 24.761280059814453 21.967199325561523 22.19388771057129 21.818815231323242 21.8002872467041 22.181312561035156 21.937183380126953 21.950016021728516 
23.83750343322754 22.926271438598633 22.876352310180664 23.791231155395508 23.96895980834961 23.570432662963867 23.559743881225586 23.07596778869629 27.225088119506836 23.46361541748047 23.378015518188477 23.124128341674805 23.23072052001953 23.163423538208008 23.12169647216797 23.23535919189453 
32.90604782104492 16.95929527282715 16.94972801208496 17.207231521606445 17.221887588500977 17.639328002929688 17.393375396728516 92.97209930419922 21.22969627380371 18.499488830566406 17.339263916015625 17.77903938293457 18.043935775756836 17.80940818786621 17.281600952148438 17.97737693786621 
17.955583572387695 17.286815643310547 17.2227840423584 17.337343215942383 17.339584350585938 17.617631912231445 17.629695892333984 17.794336318969727 20.104576110839844 18.793184280395508 17.658367156982422 17.27574348449707 18.556640625 17.672704696655273 17.253952026367188 17.3768310546875 
45.499488830566406 17.101152420043945 17.286239624023438 16.993247985839844 17.46656036376953 17.594144821166992 17.537792205810547 174.7115478515625 20.377504348754883 18.389184951782227 17.256256103515625 18.59174346923828 18.05449676513672 17.663007736206055 18.238496780395508 17.66739273071289 
17.750112533569336 17.16022491455078 17.1428165435791 17.351871490478516 17.542816162109375 17.65078353881836 18.153440475463867 18.270240783691406 19.4083194732666 17.532543182373047 17.64112091064453 18.12486457824707 17.725696563720703 18.27846336364746 18.70947265625 17.652095794677734 
40.256736755371094 17.060768127441406 17.306943893432617 17.053600311279297 17.083168029785156 18.888511657714844 17.51148796081543 17.54515266418457 20.288959503173828 17.957408905029297 17.572383880615234 18.1212158203125 17.918527603149414 17.716960906982422 17.165184020996094 18.67731285095215 
17.934560775756836 17.287551879882812 17.292287826538086 17.247295379638672 17.296287536621094 17.594432830810547 17.601119995117188 17.956575393676758 20.025951385498047 17.9333438873291 17.81235122680664 18.242080688476562 18.280672073364258 17.23036766052246 18.03865623474121 17.69817543029785 
42.337215423583984 17.023584365844727 17.48134422302246 17.49087905883789 17.451648712158203 17.494367599487305 173.39453125 16.88387107849121 20.11612892150879 17.796640396118164 17.117664337158203 17.86476707458496 17.62499237060547 17.15577507019043 18.108383178710938 17.585119247436523 
17.84169578552246 17.465120315551758 17.424095153808594 17.75606346130371 17.999359130859375 18.01523208618164 17.977567672729492 17.62758445739746 19.640127182006836 17.892671585083008 17.419103622436523 18.19558334350586 17.808544158935547 17.29680061340332 17.540224075317383 17.878368377685547 
43.41641616821289 16.916000366210938 17.309791564941406 17.184703826904297 18.943967819213867 17.25619125366211 17.206335067749023 17.33024024963379 19.78175926208496 17.48908805847168 17.33718490600586 18.35327911376953 17.383167266845703 18.452320098876953 18.051584243774414 17.48041534423828 
17.75644874572754 17.211008071899414 17.197952270507812 17.167327880859375 18.03113555908203 18.237760543823242 17.916736602783203 17.812896728515625 20.75116729736328 17.834047317504883 17.45267105102539 17.43507194519043 17.447040557861328 17.736543655395508 17.946592330932617 17.485759735107422 
37.06291198730469 16.97337532043457 17.29631996154785 17.255935668945312 18.981088638305664 17.83683204650879 17.506656646728516 17.7488956451416 20.886655807495117 17.809791564941406 17.086336135864258 18.040767669677734 17.590431213378906 17.520959854125977 18.692672729492188 17.6345272064209 
17.896703720092773 17.237056732177734 17.251903533935547 17.772384643554688 17.676416397094727 17.622272491455078 17.597087860107422 17.658496856689453 20.946367263793945 17.807743072509766 17.710336685180664 17.338911056518555 17.223392486572266 18.098495483398438 18.286752700805664 17.602495193481445 
52.83321762084961 17.13052749633789 17.199520111083984 17.005664825439453 17.42425537109375 17.409568786621094 17.531295776367188 17.724416732788086 21.49728012084961 17.79529571533203 17.664064407348633 17.981983184814453 17.65385627746582 17.409503936767578 17.852319717407227 17.59596824645996 
17.613567352294922 17.13667106628418 17.17535972595215 17.393247604370117 17.471935272216797 18.091136932373047 18.077503204345703 17.830400466918945 20.7455997467041 17.93961524963379 18.325088500976562 17.507360458374023 17.760671615600586 17.562143325805664 18.293472290039062 17.78374481201172 
36.03887939453125 17.083616256713867 17.272960662841797 17.176639556884766 18.93596839904785 17.53856086730957 17.54083251953125 17.489248275756836 20.464319229125977 17.81532859802246 17.241247177124023 18.22502326965332 17.60099220275879 17.39206314086914 18.029855728149414 17.591487884521484 
17.67840003967285 17.225343704223633 17.38355255126953 17.390335083007812 17.812480926513672 18.064224243164062 18.048063278198242 17.826751708984375 20.11471939086914 17.84934425354004 17.43120002746582 17.550207138061523 17.93071937561035 17.280128479003906 18.08198356628418 18.395647048950195 
40.250816345214844 16.973407745361328 17.55948829650879 17.390464782714844 18.503456115722656 17.42019271850586 17.387327194213867 17.31827163696289 20.093503952026367 17.660383224487305 17.459903717041016 18.100383758544922 17.315616607666016 17.732160568237305 17.66054344177246 17.22287940979004 
18.20185661315918 17.665376663208008 17.718624114990234 17.870624542236328 18.141984939575195 18.073087692260742 17.940095901489258 17.676895141601562 19.48044776916504 18.607839584350586 17.739551544189453 17.417343139648438 18.435199737548828 17.96143913269043 17.50726318359375 17.647968292236328 
39.179649353027344 17.05753517150879 17.302719116210938 17.212575912475586 17.19059181213379 17.203903198242188 17.297344207763672 17.62384033203125 20.197856903076172 18.29267120361328 17.39779281616211 17.34511947631836 18.05129623413086 17.23628807067871 18.36150360107422 17.607776641845703 
17.659584045410156 17.14579200744629 17.204639434814453 17.486047744750977 17.492416381835938 17.501792907714844 17.889503479003906 17.720767974853516 20.30441665649414 18.226015090942383 17.744447708129883 17.50057601928711 18.299104690551758 17.80518341064453 17.29193687438965 18.261695861816406 
60.367454528808594 36.81913757324219 37.48508834838867 37.34281539916992 38.0208625793457 37.882816314697266 38.56288146972656 85.1654052734375 43.25932693481445 36.890785217285156 36.464542388916016 36.78031921386719 37.59455871582031 36.86025619506836 36.847198486328125 36.96636962890625 
94.76783752441406 36.623966217041016 37.50147247314453 38.03190231323242 37.67843246459961 37.731136322021484 38.455135345458984 38.71129608154297 43.32121658325195 37.046974182128906 37.0830078125 37.18412780761719 37.360801696777344 37.219871520996094 37.271583557128906 36.760704040527344 
74.82476806640625 36.61974334716797 37.760414123535156 38.40252685546875 37.82640075683594 37.64857482910156 37.08428955078125 38.79177474975586 43.490238189697266 37.14656066894531 37.05606460571289 37.18620681762695 37.65180969238281 37.080833435058594 36.91471862792969 36.79507064819336 
69.39033508300781 36.394718170166016 37.123294830322266 38.387454986572266 38.05180740356445 38.495361328125 38.1525764465332 41.74079895019531 42.89052963256836 36.584190368652344 36.883872985839844 36.8831672668457 36.66767883300781 36.70512008666992 36.768096923828125 36.58550262451172 
65.36780548095703 36.41360092163086 37.451393127441406 38.70870590209961 38.158302307128906 37.785953521728516 37.95683288574219 37.276031494140625 43.640830993652344 37.05311965942383 37.11756896972656 36.58643341064453 37.29228973388672 37.47727966308594 36.6923828125 37.31903839111328 
69.38543701171875 36.50751876831055 38.90047836303711 37.77212905883789 38.31657409667969 37.893760681152344 37.55984115600586 37.38966369628906 44.099422454833984 36.8936653137207 36.578495025634766 36.92131042480469 37.33379364013672 36.65913772583008 36.75699234008789 39.09721755981445 
67.439453125 37.26367950439453 36.94889450073242 38.056705474853516 37.22822570800781 37.127838134765625 37.3361930847168 37.91936111450195 40.72969436645508 36.69683074951172 37.40687942504883 36.747745513916016 36.666080474853516 36.80112075805664 36.78249740600586 37.15135955810547 
68.59590148925781 36.390560150146484 37.034366607666016 37.140865325927734 37.761695861816406 37.42931365966797 38.05696105957031 39.007774353027344 41.61203384399414 36.78364944458008 37.04774475097656 37.82915115356445 36.70444869995117 36.85548782348633 36.710113525390625 37.56390380859375 
68.49539184570312 37.67292785644531 38.36931228637695 38.191680908203125 37.796607971191406 37.6710090637207 37.81254577636719 37.281185150146484 42.82992172241211 36.893985748291016 37.843902587890625 36.47507095336914 36.86137771606445 37.20240020751953 36.71971130371094 37.138912200927734 
75.927490234375 37.05392074584961 36.97564697265625 37.90342330932617 37.80022430419922 37.391841888427734 38.4637451171875 39.7817268371582 40.05110549926758 36.568511962890625 36.89718246459961 37.63961410522461 36.94736099243164 36.686431884765625 36.71683120727539 37.035457611083984 
55.02956771850586 15.73840045928955 15.490079879760742 15.523455619812012 15.784928321838379 15.718496322631836 15.765472412109375 15.745247840881348 17.574304580688477 16.282848358154297 16.027456283569336 15.754303932189941 16.45769691467285 16.07040023803711 15.789088249206543 15.661952018737793 
19.71753692626953 18.68569564819336 18.825151443481445 19.120607376098633 18.977279663085938 18.996896743774414 18.880064010620117 18.536287307739258 21.534975051879883 18.51215934753418 18.719423294067383 18.968544006347656 18.4335994720459 18.453216552734375 18.35148811340332 18.23788833618164 
51.86764907836914 15.439200401306152 15.485088348388672 15.608799934387207 15.592032432556152 15.613280296325684 15.676128387451172 16.081504821777344 18.96892738342285 16.74448013305664 15.686880111694336 15.837535858154297 15.702048301696777 16.103456497192383 15.638976097106934 15.687647819519043 
19.013120651245117 18.736032485961914 18.905887603759766 18.929920196533203 18.860671997070312 18.7587833404541 18.43987274169922 18.354656219482422 20.404224395751953 18.468416213989258 18.57151985168457 19.051679611206055 18.50771141052246 18.416383743286133 18.461631774902344 18.561439514160156 
50.81020736694336 15.475775718688965 15.47043228149414 15.69155216217041 15.748736381530762 16.140703201293945 15.861856460571289 15.937151908874512 18.919296264648438 16.549055099487305 16.11497688293457 16.479007720947266 16.092416763305664 16.79587173461914 16.174495697021484 16.785600662231445 
18.846784591674805 18.229568481445312 18.09984016418457 18.132448196411133 18.129024505615234 18.306751251220703 18.389184951782227 18.496063232421875 20.899072647094727 18.404863357543945 18.394655227661133 18.34671974182129 18.57036781311035 18.39958381652832 18.434463500976562 18.37539291381836 
52.895809173583984 15.45577621459961 15.473247528076172 15.679295539855957 15.697183609008789 15.87606430053711 15.963232040405273 16.048479080200195 18.915775299072266 16.162527084350586 15.77295970916748 15.674943923950195 16.291648864746094 15.683551788330078 15.653663635253906 15.741600036621094 
18.82851219177246 18.268640518188477 18.250207901000977 18.22652816772461 18.180383682250977 18.13324737548828 18.224159240722656 18.454463958740234 21.675487518310547 18.72172737121582 18.474655151367188 18.377023696899414 18.69856071472168 18.408960342407227 18.66876792907715 19.47782325744629 
47.664222717285156 15.510368347167969 15.626976013183594 16.366207122802734 16.075136184692383 15.911104202270508 15.95580768585205 16.212543487548828 19.268415451049805 16.96076774597168 16.04582405090332 16.27052879333496 15.828895568847656 16.74835205078125 15.744671821594238 16.181856155395508 
18.654464721679688 18.3558406829834 18.274751663208008 18.300447463989258 18.4550724029541 18.382816314697266 18.468992233276367 18.99068832397461 21.045631408691406 18.673120498657227 18.386911392211914 18.294815063476562 18.214496612548828 18.433055877685547 18.420095443725586 18.699968338012695 
48.731231689453125 15.463808059692383 15.529343605041504 15.546560287475586 15.58569622039795 15.667455673217773 15.713055610656738 126.321533203125 19.00704002380371 16.497024536132812 16.291200637817383 16.166240692138672 16.45884895324707 15.957375526428223 15.93836784362793 16.157535552978516 
18.861055374145508 18.323423385620117 18.295936584472656 18.35923194885254 18.304224014282227 18.26255989074707 18.36297607421875 18.32428741455078 19.63385581970215 18.40768051147461 18.345504760742188 18.463136672973633 18.832447052001953 18.307775497436523 18.286176681518555 18.507904052734375 
40.31897735595703 15.460800170898438 15.665375709533691 15.822751998901367 15.974559783935547 15.919743537902832 15.882176399230957 16.014848709106445 18.656288146972656 16.350879669189453 16.464704513549805 16.10163116455078 16.718528747558594 16.16851234436035 16.916288375854492 15.774368286132812 
19.59667205810547 18.55776023864746 18.536415100097656 18.809280395507812 18.874879837036133 18.79827117919922 18.703744888305664 18.555679321289062 21.311296463012695 18.650175094604492 18.4531192779541 18.08620834350586 18.530975341796875 18.7574405670166 18.578208923339844 18.451520919799805 
44.518558502197266 15.450943946838379 15.501279830932617 15.48249626159668 15.901632308959961 15.82579231262207 16.225696563720703 16.359712600708008 17.06211280822754 16.159616470336914 15.997023582458496 16.213247299194336 16.26527976989746 16.544191360473633 15.965727806091309 16.376800537109375 
18.649919509887695 18.171072006225586 18.010784149169922 18.279232025146484 18.654848098754883 18.672191619873047 18.75836753845215 18.868000030517578 20.72211265563965 18.645280838012695 18.72559928894043 19.154783248901367 18.544479370117188 19.1080322265625 18.59062385559082 18.468095779418945 
49.770145416259766 15.47532844543457 15.47651195526123 15.493215560913086 15.631711959838867 15.702207565307617 15.748607635498047 16.096223831176758 19.020063400268555 16.68191909790039 15.831744194030762 17.111007690429688 16.079647064208984 16.493824005126953 15.629695892333984 16.859615325927734 
18.482240676879883 18.178943634033203 18.152576446533203 18.161632537841797 18.6823673248291 18.638816833496094 18.781856536865234 18.816255569458008 20.914623260498047 18.69228744506836 18.294464111328125 18.38159942626953 18.680927276611328 18.4454402923584 18.474079132080078 18.40937614440918 
41.343360900878906 15.457375526428223 15.47379207611084 15.749792098999023 15.908448219299316 15.939647674560547 15.806528091430664 16.13203239440918 18.538463592529297 16.328672409057617 16.728544235229492 16.07766342163086 16.59939193725586 16.072223663330078 15.662591934204102 15.64851188659668 
19.61244773864746 18.5183048248291 18.592256546020508 18.63337516784668 18.486591339111328 18.343231201171875 18.293472290039062 18.351327896118164 18.960704803466797 18.2728328704834 18.263263702392578 18.604223251342773 18.35196876525879 18.993183135986328 18.504159927368164 18.512863159179688 
52.38991928100586 16.12940788269043 16.39446449279785 16.5317440032959 16.60972785949707 16.608383178710938 16.602720260620117 16.884479522705078 23.343231201171875 16.668607711791992 16.727296829223633 16.915199279785156 16.716768264770508 16.894559860229492 16.56889533996582 16.862207412719727 
20.267744064331055 19.822847366333008 19.6942081451416 19.743040084838867 19.812543869018555 19.987680435180664 19.948543548583984 19.91119956970215 22.84377670288086 20.456384658813477 19.98089599609375 19.907487869262695 19.92083168029785 19.953184127807617 20.430879592895508 20.124319076538086 
30.268447875976562 16.13737678527832 16.251039505004883 16.233184814453125 16.285343170166016 16.846399307250977 16.50387191772461 37.279422760009766 19.2542724609375 17.065887451171875 16.3853759765625 16.840927124023438 16.38489532470703 16.735231399536133 16.347103118896484 16.781919479370117 
20.19875144958496 19.803136825561523 19.605344772338867 19.68195152282715 19.725088119506836 19.8591365814209 19.82863998413086 19.92755126953125 22.964448928833008 19.936416625976562 20.169599533081055 19.940128326416016 20.09552001953125 20.32329559326172 19.93177604675293 20.16147232055664 
41.82854461669922 16.13667106628418 16.133472442626953 16.292064666748047 16.30575942993164 16.893951416015625 17.160287857055664 16.984352111816406 20.226240158081055 17.987648010253906 16.353727340698242 17.48748779296875 16.439136505126953 16.483327865600586 16.406463623046875 16.928447723388672 
20.23027229309082 19.79622459411621 19.777664184570312 19.815040588378906 19.837055206298828 19.933887481689453 19.918272018432617 19.994976043701172 21.496063232421875 20.42380714416504 19.9270076751709 20.019840240478516 20.42812728881836 19.87183952331543 20.262975692749023 20.153663635253906 
43.93452835083008 16.135072708129883 16.152896881103516 16.419328689575195 16.425888061523438 16.77996826171875 16.796159744262695 16.554527282714844 24.789152145385742 17.080896377563477 16.61017608642578 17.2010555267334 16.775583267211914 16.814592361450195 16.736896514892578 16.605600357055664 
19.82569694519043 19.719200134277344 20.353023529052734 20.83251190185547 20.815168380737305 20.68060874938965 20.66281509399414 20.64192008972168 22.096927642822266 20.188255310058594 19.965503692626953 19.990047454833984 19.879392623901367 20.154560089111328 19.932416915893555 20.21664047241211 
46.030208587646484 16.139488220214844 16.13007926940918 16.327999114990234 16.326271057128906 16.442495346069336 16.44086456298828 16.842527389526367 24.68409538269043 16.261024475097656 16.88150405883789 16.362144470214844 16.952320098876953 16.28441619873047 16.971040725708008 16.578176498413086 
20.540672302246094 20.238176345825195 20.029184341430664 20.022911071777344 20.091808319091797 20.175199508666992 20.177919387817383 20.176544189453125 23.337984085083008 20.469568252563477 20.09769630432129 19.971359252929688 20.18841552734375 20.271072387695312 20.17193603515625 20.22960090637207 
47.061729431152344 16.161056518554688 16.161632537841797 16.144224166870117 16.32419204711914 16.896543502807617 16.391136169433594 16.414527893066406 25.066783905029297 17.00604820251465 16.258943557739258 16.365280151367188 16.2938232421875 17.14681625366211 16.304800033569336 16.545024871826172 
19.940799713134766 19.72096061706543 19.745567321777344 19.81158447265625 19.728351593017578 19.786848068237305 19.85094451904297 19.79520034790039 22.690784454345703 20.508800506591797 20.039264678955078 19.637792587280273 20.063711166381836 19.96028709411621 19.99737548828125 20.008575439453125 
34.459999084472656 16.175487518310547 16.236928939819336 16.260000228881836 16.275232315063477 16.328767776489258 16.37990379333496 16.4335994720459 23.53865623474121 16.986112594604492 16.584800720214844 16.676864624023438 16.94576072692871 16.560543060302734 16.76767921447754 16.77097511291504 
20.065568923950195 19.7938232421875 19.724512100219727 19.732704162597656 19.796192169189453 19.804256439208984 19.79190444946289 19.895584106445312 22.43404769897461 20.574975967407227 20.485567092895508 20.96601676940918 20.003007888793945 20.058399200439453 20.05846405029297 20.24812889099121 
49.18489456176758 16.156448364257812 16.208864212036133 16.195039749145508 16.754335403442383 16.948959350585938 16.683551788330078 16.59766387939453 24.55423927307129 16.548416137695312 16.26460838317871 16.792160034179688 17.381120681762695 16.771839141845703 17.10793685913086 17.028255462646484 
20.11542320251465 19.733760833740234 19.824480056762695 19.910879135131836 19.81622314453125 19.88982391357422 19.799488067626953 19.886592864990234 23.176799774169922 20.245759963989258 20.182239532470703 19.982847213745117 20.02230453491211 19.909568786621094 19.91878318786621 20.305631637573242 
49.17452621459961 16.144384384155273 16.13817596435547 16.49990463256836 16.644351959228516 16.704927444458008 16.509408950805664 16.73619270324707 25.05353546142578 16.86992073059082 16.845407485961914 17.407264709472656 16.650432586669922 17.561983108520508 16.729087829589844 16.755807876586914 
20.303071975708008 20.268896102905273 20.54159927368164 20.77555274963379 20.85820770263672 20.56608009338379 20.456768035888672 20.321088790893555 23.32137680053711 20.166751861572266 20.000959396362305 19.913087844848633 20.632736206054688 20.340864181518555 20.07004737854004 20.257823944091797 
42.91254425048828 16.133407592773438 16.13609504699707 16.3275203704834 16.754592895507812 16.815391540527344 16.861024856567383 16.983327865600586 24.631488800048828 16.972383499145508 16.66521644592285 16.707775115966797 16.545696258544922 16.536767959594727 16.654687881469727 16.534080505371094 
20.277727127075195 20.239648818969727 20.61510467529297 20.64851188659668 20.620832443237305 20.544767379760742 20.4835205078125 20.385663986206055 22.670495986938477 20.110271453857422 20.29852867126465 20.300960540771484 19.970752716064453 19.94121551513672 20.03718376159668 20.225248336791992 
38.31507110595703 24.503551483154297 24.81305694580078 24.810016632080078 24.854175567626953 25.422048568725586 25.77654457092285 118.10591888427734 29.078336715698242 25.351072311401367 25.298175811767578 25.174144744873047 25.319551467895508 27.230592727661133 25.373632431030273 25.18195152282715 
21.9671688079834 21.016735076904297 20.9913272857666 20.88921546936035 20.92723274230957 20.920703887939453 1109.01416015625 20.75152015686035 25.361984252929688 36.23961639404297 41.2553596496582 21.0546875 48.01023864746094 50.83980941772461 21.303808212280273 25.21686363220215 
40.33718490600586 24.411903381347656 24.580320358276367 24.731647491455078 134.74327087402344 24.402496337890625 24.567808151245117 24.736703872680664 30.4169921875 26.294336318969727 25.016063690185547 25.248159408569336 24.861568450927734 25.070463180541992 25.138240814208984 25.131711959838867 
21.51456069946289 21.13363265991211 21.81180763244629 21.9715518951416 25.604448318481445 21.234111785888672 629.0253295898438 503.1197204589844 25.284255981445312 37.03728103637695 41.13324737548828 21.7357120513916 50.88460922241211 51.415775299072266 22.01571273803711 27.697280883789062 
38.3135986328125 24.396799087524414 24.978464126586914 132.7836151123047 24.628223419189453 24.479839324951172 24.775808334350586 24.670560836791992 30.115007400512695 25.310047149658203 25.491968154907227 25.24083137512207 25.12303924560547 27.042816162109375 25.005823135375977 25.176639556884766 
21.807104110717773 21.009920120239258 20.9638729095459 20.92665672302246 20.993120193481445 20.993152618408203 533.5698852539062 496.5296936035156 26.146175384521484 40.05622482299805 41.32374572753906 21.916032791137695 46.92911911010742 49.6129264831543 21.210527420043945 28.035200119018555 
40.400447845458984 24.39516830444336 24.49260711669922 25.0163516998291 121.94758605957031 24.504192352294922 24.383071899414062 24.801183700561523 32.29011154174805 24.80713653564453 24.759967803955078 24.99964714050293 25.275360107421875 24.855520248413086 25.11190414428711 24.903072357177734 
21.609760284423828 20.976768493652344 21.019487380981445 21.244831085205078 27.606048583984375 21.32793617248535 997.1806030273438 20.762815475463867 27.39779281616211 34.62470245361328 41.217472076416016 22.14143943786621 46.2737922668457 49.23836898803711 21.20863914489746 30.110048294067383 
39.377471923828125 24.419647216796875 24.703744888305664 24.716703414916992 128.24246215820312 24.503328323364258 24.51945686340332 24.71401596069336 29.864288330078125 25.123680114746094 25.406335830688477 25.02092742919922 25.17535972595215 25.204639434814453 25.23308753967285 25.14748764038086 
21.81318473815918 20.967391967773438 20.895519256591797 20.90572738647461 21.671072006225586 21.143455505371094 632.5814819335938 254.38780212402344 27.916767120361328 28.280704498291016 48.7341423034668 21.09404754638672 53.77219009399414 43.07676696777344 23.118080139160156 29.004192352294922 
39.39766311645508 24.491424560546875 24.474496841430664 24.587520599365234 126.4207992553711 24.51545524597168 24.565824508666992 25.076160430908203 30.44940757751465 25.093536376953125 24.811264038085938 25.01571273803711 25.441408157348633 24.928895950317383 24.916576385498047 24.951007843017578 
21.539104461669922 20.889280319213867 20.954303741455078 21.160991668701172 27.178848266601562 21.077983856201172 1122.1475830078125 20.721248626708984 24.631263732910156 42.87977600097656 40.991390228271484 21.181407928466797 49.29721450805664 51.05539321899414 21.721792221069336 54.928287506103516 
39.29145431518555 24.400096893310547 24.429119110107422 140.72438049316406 24.50048065185547 25.135007858276367 25.09459114074707 25.051103591918945 30.215967178344727 25.110624313354492 27.864639282226562 25.205535888671875 25.264896392822266 25.263967514038086 25.183839797973633 25.355648040771484 
21.633792877197266 21.00716781616211 20.95235252380371 20.996992111206055 21.466655731201172 21.140735626220703 532.0162963867188 20.74390411376953 25.852703094482422 44.15788650512695 41.05110549926758 21.565343856811523 48.00281524658203 49.68220901489258 21.218463897705078 26.541759490966797 
39.44902420043945 24.434656143188477 24.636415481567383 122.49913787841797 24.533184051513672 24.58675193786621 24.996383666992188 24.98896026611328 29.577951431274414 25.305599212646484 26.03763198852539 24.80009651184082 25.015392303466797 25.43129539489746 25.097951889038086 25.21494483947754 
21.97439956665039 20.999807357788086 20.873632431030273 20.925119400024414 21.174591064453125 20.93788719177246 1009.16650390625 20.733312606811523 27.088031768798828 30.578336715698242 48.751808166503906 21.694368362426758 48.536991119384766 43.15203094482422 21.720191955566406 27.51785659790039 
39.349952697753906 24.45292854309082 24.394079208374023 24.703296661376953 126.46812438964844 24.579072952270508 24.38153648376465 24.52022361755371 31.019424438476562 25.056224822998047 25.199424743652344 25.18547248840332 25.42313575744629 25.10860824584961 25.13871955871582 25.213407516479492 
21.574560165405273 20.927776336669922 20.99897575378418 21.0020809173584 23.432735443115234 20.927936553955078 538.1138916015625 495.191650390625 25.70038414001465 36.54518508911133 41.12553787231445 21.14944076538086 49.24540710449219 50.337982177734375 21.36899185180664 24.8319034576416 
38.30204772949219 24.422048568725586 25.613792419433594 25.797855377197266 126.28201293945312 24.521343231201172 24.634592056274414 25.191200256347656 29.312511444091797 25.260799407958984 25.470367431640625 25.473600387573242 25.12259292602539 25.0565128326416 25.2106876373291 25.134815216064453 
21.708576202392578 21.0034236907959 20.978687286376953 21.085535049438477 21.242048263549805 21.310144424438477 1122.5335693359375 20.721792221069336 25.43494415283203 40.4054069519043 41.283294677734375 21.132768630981445 57.176513671875 43.397216796875 21.757535934448242 23.34671974182129 
33.036991119384766 18.192352294921875 18.21436882019043 33.15488052368164 18.422847747802734 18.830976486206055 88.69388580322266 18.28892707824707 22.68921661376953 18.778207778930664 18.858816146850586 19.269695281982422 19.13871955871582 18.810304641723633 19.29644775390625 19.079519271850586 
19.330303192138672 19.01203155517578 19.114112854003906 19.041439056396484 19.054336547851562 18.995935440063477 18.70185661315918 18.59561538696289 22.085887908935547 19.081951141357422 18.587039947509766 19.349151611328125 19.510400772094727 19.31216049194336 19.38812828063965 19.186527252197266 
58.354591369628906 18.504512786865234 18.237247467041016 18.25961685180664 18.471712112426758 18.588607788085938 18.511423110961914 18.4051513671875 23.980127334594727 19.443679809570312 19.604896545410156 19.129728317260742 18.996896743774414 18.656192779541016 18.82624053955078 19.00761604309082 
18.855199813842773 18.506912231445312 18.68035125732422 18.757951736450195 18.95689582824707 18.98204803466797 19.032543182373047 19.289791107177734 21.702720642089844 19.143871307373047 18.720352172851562 18.70204734802246 18.855487823486328 18.8338565826416 19.90812873840332 19.41584014892578 
84.73987579345703 18.306880950927734 18.305503845214844 18.379520416259766 18.328927993774414 18.56403160095215 18.44748878479004 18.547168731689453 21.495168685913086 19.146175384521484 18.955392837524414 19.993696212768555 19.179807662963867 19.480928421020508 19.375104904174805 19.113088607788086 
19.116416931152344 18.776575088500977 18.778783798217773 18.684064865112305 18.674463272094727 18.588895797729492 18.620704650878906 18.729568481445312 21.587936401367188 19.158687591552734 18.875167846679688 19.141727447509766 18.807903289794922 19.638816833496094 19.14899253845215 18.935232162475586 
75.40892791748047 18.43779182434082 18.609312057495117 18.728351593017578 18.778240203857422 18.96214485168457 18.86252784729004 18.71993637084961 21.7040958404541 19.136735916137695 19.585887908935547 19.89187240600586 18.703872680664062 19.069568634033203 18.985055923461914 18.845535278320312 
18.813247680664062 18.565631866455078 18.506175994873047 18.753568649291992 18.904991149902344 18.886432647705078 18.925983428955078 18.991872787475586 21.58585548400879 19.144672393798828 18.626720428466797 19.071584701538086 18.865184783935547 18.767744064331055 18.969600677490234 19.320127487182617 
78.44217681884766 18.485952377319336 18.208703994750977 18.22710418701172 18.737184524536133 18.742080688476562 18.646047592163086 18.88153648376465 22.552671432495117 19.19683265686035 18.83718490600586 18.720735549926758 19.22287940979004 19.51103973388672 19.996383666992188 19.40300750732422 
18.957984924316406 18.686527252197266 19.111743927001953 19.304224014282227 19.31337547302246 19.184223175048828 19.200735092163086 19.175615310668945 21.17398452758789 19.527679443359375 19.004064559936523 19.06928062438965 18.69424057006836 18.313472747802734 19.628799438476562 19.559295654296875 
85.783203125 18.292640686035156 18.251392364501953 18.406400680541992 18.504735946655273 18.541536331176758 18.542240142822266 19.056896209716797 21.836544036865234 19.107776641845703 18.62246322631836 19.326784133911133 19.521343231201172 18.759136199951172 19.269344329833984 18.928224563598633 
18.65667152404785 18.377567291259766 18.341215133666992 18.425344467163086 18.407615661621094 18.435199737548828 18.45622444152832 18.991199493408203 21.82921600341797 19.191232681274414 19.438047409057617 19.519712448120117 19.278303146362305 18.780736923217773 18.705663681030273 18.868928909301758 
82.76716613769531 18.28825569152832 18.247583389282227 18.387327194213867 19.04649543762207 19.26483154296875 19.274080276489258 19.10860824584961 22.36204719543457 19.13350486755371 18.629247665405273 20.49519920349121 19.408000946044922 19.362239837646484 19.3504638671875 19.424768447875977 
19.07663917541504 18.697568893432617 18.88800048828125 18.898784637451172 18.772096633911133 18.697824478149414 18.665952682495117 18.920095443725586 21.459104537963867 19.43916893005371 19.624191284179688 19.385791778564453 19.30975914001465 19.16387176513672 18.85580825805664 18.966400146484375 
82.77005004882812 18.366975784301758 18.267648696899414 18.44540786743164 18.461376190185547 18.420127868652344 18.526687622070312 18.54956817626953 22.44918441772461 19.37628746032715 19.366880416870117 19.068479537963867 18.86400032043457 19.010528564453125 18.66092872619629 19.622751235961914 
19.20787239074707 18.633663177490234 18.59177589416504 18.631040573120117 18.895360946655273 19.070720672607422 19.0897274017334 19.094112396240234 21.535263061523438 19.63817596435547 19.775104522705078 19.47475242614746 18.95907211303711 18.898624420166016 19.36591911315918 18.9268798828125 
87.85775756835938 18.20956802368164 18.259199142456055 18.346752166748047 18.595008850097656 18.55344009399414 18.501407623291016 18.35308837890625 22.415807723999023 19.11292839050293 18.950496673583984 18.589599609375 18.47395133972168 19.20240020751953 19.392160415649414 19.54764747619629 
18.724512100219727 18.77225685119629 18.79987144470215 19.24287986755371 19.18499183654785 19.11942481994629 18.89027214050293 18.734207153320312 22.783967971801758 19.160032272338867 19.413055419921875 18.887935638427734 19.726560592651367 19.157791137695312 19.247711181640625 19.317663192749023 
83.68396759033203 18.427488327026367 18.33660888671875 18.888160705566406 19.08118438720703 19.18560028076172 19.063392639160156 19.106975555419922 21.718015670776367 19.61529541015625 19.469087600708008 19.271583557128906 18.811552047729492 18.91846466064453 18.728511810302734 19.30022430419922 
19.23619270324707 18.6428165435791 18.697216033935547 18.69251251220703 18.929920196533203 18.832799911499023 18.98543930053711 19.2620792388916 21.98303985595703 19.33513641357422 18.58515167236328 19.748672485351562 18.898527145385742 19.044448852539062 19.988351821899414 19.354528427124023 
70.95836639404297 20.41708755493164 20.316768646240234 20.45734405517578 20.784320831298828 20.71526336669922 61.76118469238281 20.226015090942383 26.28179168701172 20.80121612548828 20.285280227661133 20.672704696655273 20.55513572692871 20.68297576904297 20.90572738647461 20.730815887451172 
19.439231872558594 19.003360748291016 19.193504333496094 19.185728073120117 19.287296295166016 19.391616821289062 19.490591049194336 19.509599685668945 22.47920036315918 19.427135467529297 19.152320861816406 19.821151733398438 19.702367782592773 20.16988754272461 19.657920837402344 19.700288772583008 
52.82281494140625 20.068256378173828 20.07276725769043 20.142784118652344 20.268159866333008 20.258464813232422 20.316192626953125 60.49020767211914 30.448192596435547 20.674720764160156 21.068288803100586 20.798303604125977 20.733184814453125 21.188640594482422 20.703840255737305 20.66111946105957 
19.647104263305664 19.052480697631836 18.93427276611328 18.948928833007812 19.021408081054688 19.029504776000977 19.010208129882812 19.191007614135742 22.88038444519043 19.7093448638916 19.257823944091797 19.172544479370117 19.44940757751465 19.5185604095459 19.337055206298828 19.4685115814209 
54.02195358276367 20.066783905029297 20.040767669677734 20.20729637145996 20.427871704101562 20.380640029907227 20.416160583496094 174.80291748046875 24.395999908447266 20.727455139160156 20.40403175354004 21.408416748046875 20.587007522583008 20.893152236938477 21.30076789855957 20.857440948486328 
19.316959381103516 19.084928512573242 19.030399322509766 19.042463302612305 19.022016525268555 19.631776809692383 19.740928649902344 19.875200271606445 22.482271194458008 19.983423233032227 19.298656463623047 19.389888763427734 19.462080001831055 19.41551971435547 19.21059226989746 18.93280029296875 
50.868961334228516 20.12041664123535 20.0644474029541 20.137983322143555 20.369823455810547 20.4454402923584 62.410526275634766 132.25567626953125 23.66908836364746 20.8002872467041 21.197792053222656 20.82863998413086 20.69945526123047 21.368896484375 20.90025520324707 20.672256469726562 
19.621984481811523 19.00057601928711 19.178783416748047 19.356159210205078 19.382976531982422 19.391103744506836 19.46816062927246 19.596128463745117 21.442752838134766 19.41641616821289 19.60291290283203 19.872255325317383 19.350208282470703 19.362464904785156 19.106752395629883 19.224895477294922 
50.92326354980469 20.171968460083008 20.14249610900879 20.169727325439453 20.365535736083984 20.621856689453125 20.424800872802734 67.83679962158203 23.721248626708984 20.7620792388916 20.46246337890625 20.7521915435791 20.66806411743164 20.8253116607666 21.22879981994629 20.795808792114258 
19.26652717590332 18.97145652770996 19.189664840698242 19.229503631591797 19.774751663208008 19.746047973632812 19.90163230895996 19.765888214111328 24.577760696411133 20.497631072998047 19.677919387817383 19.70185661315918 19.75916862487793 19.436960220336914 19.389375686645508 19.197824478149414 
59.212318420410156 20.14041519165039 20.578720092773438 20.88755226135254 20.892864227294922 20.767711639404297 20.621984481811523 41.993953704833984 24.886655807495117 20.73801612854004 20.76972770690918 20.757568359375 21.01532745361328 20.712799072265625 20.65292739868164 20.92755126953125 
19.233631134033203 19.29327964782715 19.672576904296875 19.781536102294922 19.792192459106445 19.63158416748047 19.343616485595703 19.238208770751953 23.51126480102539 19.496288299560547 19.48134422302246 19.253856658935547 19.189279556274414 19.380735397338867 19.340063095092773 19.295103073120117 
46.681983947753906 20.13385581970215 20.411136627197266 20.374208450317383 20.47417640686035 20.687488555908203 20.70992088317871 119.45791625976562 26.270719528198242 20.9465274810791 20.3853759765625 21.0784969329834 20.412351608276367 20.87651252746582 20.78179168701172 20.716320037841797 
19.401119232177734 18.954879760742188 18.86476707458496 18.917631149291992 18.964704513549805 19.232223510742188 19.201248168945312 19.384639739990234 21.794336318969727 19.828128814697266 19.353439331054688 19.326656341552734 19.473791122436523 19.10393524169922 19.311904907226562 19.192575454711914 
51.92652893066406 20.21072006225586 20.07891273498535 20.22127914428711 20.34886360168457 20.539648056030273 20.65827178955078 76.11682891845703 23.20083236694336 20.61408042907715 21.00726318359375 20.974496841430664 20.624160766601562 21.067840576171875 20.724063873291016 20.783967971801758 
19.67731285095215 19.107967376708984 18.874303817749023 18.791488647460938 18.85468864440918 19.003135681152344 19.085216522216797 19.25619125366211 21.838911056518555 19.6496639251709 19.43027114868164 19.777727127075195 20.161312103271484 19.67398452758789 19.599519729614258 19.114112854003906 
53.939456939697266 20.114816665649414 20.448575973510742 20.59062385559082 20.503936767578125 20.765727996826172 20.99273681640625 117.86348724365234 24.530080795288086 20.759872436523438 20.809215545654297 21.444799423217773 20.80291175842285 20.699552536010742 20.70044708251953 21.0449275970459 
19.68227195739746 19.272480010986328 19.817920684814453 19.88921546936035 19.92803192138672 19.559167861938477 19.537311553955078 19.631807327270508 22.167104721069336 19.472736358642578 19.15558433532715 19.698911666870117 19.11350440979004 19.326847076416016 19.337663650512695 19.24131202697754 
55.03664016723633 20.18764877319336 20.103872299194336 20.23766326904297 20.24492835998535 20.351360321044922 20.595104217529297 48.32252883911133 24.009471893310547 21.481311798095703 20.53708839416504 20.74675178527832 21.829248428344727 20.804767608642578 20.780256271362305 21.160831451416016 
19.463680267333984 19.012128829956055 19.00320053100586 18.900287628173828 19.032512664794922 19.22857666015625 19.245920181274414 19.228736877441406 22.155616760253906 20.12646484375 19.387935638427734 19.579296112060547 19.361120223999023 19.24620819091797 19.923551559448242 19.648256301879883 
62.185630798339844 23.2040958404541 23.329280853271484 23.65132713317871 23.771263122558594 24.47977638244629 23.966655731201172 24.066368103027344 32.307743072509766 23.792224884033203 25.25971221923828 23.721599578857422 23.6342716217041 24.41152000427246 23.713504791259766 23.726783752441406 
42.222686767578125 23.494112014770508 24.189023971557617 24.254783630371094 24.288543701171875 23.934816360473633 24.7063045501709 103.0917739868164 30.46892738342285 23.660287857055664 24.4453125 23.591039657592773 23.88060760498047 23.743967056274414 24.159936904907227 23.713056564331055 
41.151649475097656 23.312448501586914 23.332447052001953 23.56937599182129 23.84659194946289 24.110559463500977 23.82592010498047 23.682111740112305 32.07324981689453 23.831584930419922 23.52332878112793 24.442752838134766 24.137535095214844 23.783615112304688 24.08310317993164 24.13702392578125 
46.451393127441406 23.26915168762207 23.312448501586914 23.24825668334961 24.580415725708008 24.293472290039062 24.263071060180664 23.77199935913086 33.892478942871094 23.551584243774414 23.61734390258789 24.213632583618164 23.73753547668457 23.951391220092773 24.047103881835938 24.034208297729492 
42.224063873291016 23.244384765625 23.493375778198242 23.562816619873047 23.746591567993164 24.817184448242188 24.944704055786133 24.29644775390625 32.563392639160156 23.74060821533203 23.975584030151367 23.673343658447266 24.361248016357422 23.869056701660156 23.656415939331055 23.81760025024414 
45.38991928100586 23.256799697875977 23.90892791748047 24.06857681274414 24.231487274169922 23.907072067260742 23.79145622253418 106.8671646118164 31.447872161865234 23.6079044342041 23.957887649536133 24.001375198364258 23.986431121826172 23.94723129272461 24.14614486694336 23.74799919128418 
44.29548645019531 23.24448013305664 23.253023147583008 24.83635139465332 24.88915252685547 24.424800872802734 23.792800903320312 102.53865814208984 31.954591751098633 24.315776824951172 24.24300765991211 23.703136444091797 23.752927780151367 24.14179229736328 23.727264404296875 23.87455940246582 
44.26732635498047 23.262752532958984 23.26406478881836 23.615455627441406 23.611936569213867 24.27952003479004 24.670175552368164 107.42396545410156 27.00809669494629 23.99395179748535 23.84067153930664 23.69753646850586 23.832639694213867 24.14112091064453 23.96998405456543 23.97577667236328 
43.28035354614258 23.56889533996582 23.726591110229492 24.137344360351562 24.010175704956055 23.68716812133789 24.429855346679688 104.4208984375 28.131391525268555 24.036895751953125 24.12188720703125 23.638912200927734 23.966495513916016 23.853120803833008 24.356800079345703 23.877023696899414 
46.412513732910156 23.295679092407227 23.656063079833984 23.73196792602539 23.596479415893555 24.38547134399414 24.670143127441406 102.48675537109375 30.854656219482422 23.71651268005371 23.818880081176758 24.39788818359375 23.8287353515625 23.82588768005371 24.08905601501465 23.961824417114258 
49.001983642578125 29.90435218811035 30.68342399597168 32.0634880065918 31.032127380371094 31.200639724731445 31.634559631347656 31.55289649963379 36.98118209838867 30.888288497924805 31.230304718017578 31.56483268737793 30.375743865966797 31.472896575927734 30.58095932006836 30.682336807250977 
58.504798889160156 29.742591857910156 30.03718376159668 30.7076473236084 31.076671600341797 31.269184112548828 31.010591506958008 31.56051254272461 36.5013427734375 30.228511810302734 30.261760711669922 30.31180763244629 30.842912673950195 30.409183502197266 30.66192054748535 31.51919937133789 
57.473472595214844 30.01100730895996 30.241920471191406 30.913408279418945 30.35696029663086 31.050752639770508 31.69388771057129 33.98249435424805 36.70230484008789 30.226848602294922 30.60527992248535 30.42348861694336 30.396991729736328 30.273439407348633 30.322784423828125 31.21126365661621 
57.543582916259766 29.685632705688477 29.815584182739258 31.199039459228516 31.81443214416504 30.846975326538086 30.795040130615234 30.694080352783203 35.86608123779297 30.616159439086914 30.596576690673828 30.337440490722656 30.2205753326416 30.564607620239258 30.790143966674805 30.573984146118164 
59.57206344604492 30.222623825073242 31.18191909790039 31.597312927246094 31.296607971191406 31.211584091186523 30.50543975830078 30.726655960083008 33.6163215637207 30.44588851928711 30.69513511657715 30.297792434692383 30.828960418701172 30.88355255126953 30.90985679626465 30.7857608795166 
61.69411087036133 29.812320709228516 29.791168212890625 31.51625633239746 31.08675193786621 31.230976104736328 31.590560913085938 31.264352798461914 35.745887756347656 30.38697624206543 30.658687591552734 30.3143367767334 30.297855377197266 30.915712356567383 31.957792282104492 31.20947265625 
60.59801483154297 29.86345672607422 30.30681610107422 31.417888641357422 30.670400619506836 30.40991973876953 31.337535858154297 33.469600677490234 35.11907196044922 30.576032638549805 30.92313575744629 30.852928161621094 30.48726463317871 30.632896423339844 30.93244743347168 31.125280380249023 
56.52163314819336 29.748159408569336 30.47769546508789 31.232736587524414 31.313343048095703 30.756576538085938 30.945087432861328 30.226879119873047 35.55168151855469 30.56991958618164 31.19603157043457 30.48944091796875 30.125280380249023 30.557952880859375 30.69696044921875 30.93951988220215 
61.75187301635742 30.27359962463379 30.115327835083008 30.471967697143555 30.810880661010742 31.067840576171875 30.732959747314453 31.3023681640625 37.714046478271484 30.40297508239746 30.96028709411621 30.38444709777832 30.311328887939453 31.155359268188477 30.757984161376953 31.17500877380371 
57.51113510131836 29.705631256103516 30.288063049316406 30.220895767211914 31.342239379882812 31.442975997924805 30.62396812438965 30.975135803222656 36.01881790161133 30.231775283813477 30.4303035736084 30.71990394592285 31.17411231994629 30.137088775634766 30.62067222595215 30.801855087280273 
50.64262390136719 20.30735969543457 20.31056022644043 21.073375701904297 32.72102355957031 21.07676887512207 20.487104415893555 34.46851348876953 24.060575485229492 20.80620765686035 20.405824661254883 20.791040420532227 20.680160522460938 20.943424224853516 20.92470359802246 20.842432022094727 
18.29852867126465 18.01273536682129 18.438655853271484 18.931743621826172 19.054975509643555 18.819232940673828 18.749183654785156 18.555999755859375 20.436800003051758 18.190336227416992 18.929471969604492 19.535167694091797 18.54172706604004 18.520544052124023 18.32646369934082 18.56812858581543 
37.96566390991211 20.282047271728516 20.610240936279297 20.99500846862793 20.858112335205078 203.11328125 20.170848846435547 20.24950408935547 23.608287811279297 20.823232650756836 20.791616439819336 20.606975555419922 20.940767288208008 20.905344009399414 20.819904327392578 20.81830406188965 
18.469247817993164 18.080575942993164 17.9836483001709 18.022783279418945 18.406240463256836 18.728384017944336 18.654176712036133 18.70911979675293 20.485567092895508 18.831167221069336 18.98784065246582 18.775583267211914 18.198528289794922 18.61440086364746 18.72211265563965 19.006816864013672 
34.80966567993164 20.255935668945312 20.81715202331543 21.108543395996094 136.92431640625 20.082271575927734 20.525760650634766 20.91708755493164 23.842432022094727 20.91980743408203 21.368799209594727 20.70207977294922 20.541887283325195 21.112096786499023 20.902528762817383 20.691455841064453 
18.4703369140625 18.08950424194336 18.55094337463379 18.963455200195312 18.92527961730957 18.792192459106445 18.53398323059082 18.40355110168457 20.918304443359375 19.20412826538086 18.447935104370117 18.213727951049805 18.292800903320312 18.883520126342773 18.72710418701172 18.558303833007812 
38.933345794677734 20.225568771362305 20.37980842590332 20.763872146606445 214.76205444335938 20.22115135192871 20.244991302490234 20.284095764160156 24.952255249023438 20.731712341308594 21.354496002197266 20.59270477294922 20.78019142150879 21.25916862487793 20.84988784790039 20.833791732788086 
18.468416213989258 18.039743423461914 18.204992294311523 18.554048538208008 18.938335418701172 19.09343910217285 19.002559661865234 24.53843116760254 21.271007537841797 19.262208938598633 18.256607055664062 18.717151641845703 18.678560256958008 18.056896209716797 19.215551376342773 19.02672004699707 
37.931488037109375 20.265056610107422 20.723583221435547 21.099872589111328 20.76959991455078 115.7176284790039 20.16819190979004 20.488191604614258 23.630016326904297 20.77030372619629 20.539167404174805 21.035072326660156 20.818496704101562 20.696735382080078 22.283935546875 20.677152633666992 
18.33296012878418 18.060192108154297 18.071136474609375 18.083999633789062 18.65500831604004 18.809120178222656 18.777984619140625 18.648639678955078 20.72876739501953 18.510656356811523 18.09008026123047 18.422176361083984 19.03228759765625 18.814271926879883 18.57756805419922 18.460607528686523 
34.71343994140625 20.246431350708008 20.27337646484375 20.66089630126953 178.70375061035156 20.15558433532715 20.235071182250977 20.466751098632812 25.084991455078125 20.75961685180664 21.133312225341797 21.248319625854492 20.74131202697754 20.573375701904297 21.287456512451172 20.954559326171875 
18.310688018798828 18.012287139892578 17.966079711914062 18.006271362304688 18.043392181396484 18.128639221191406 18.522432327270508 18.61315155029297 21.13804817199707 19.37446403503418 19.081632614135742 18.414783477783203 18.337919235229492 18.086944580078125 18.86297607421875 18.811616897583008 
40.065406799316406 20.266944885253906 20.489952087402344 20.768287658691406 20.42848014831543 180.02383422851562 20.21036720275879 20.270048141479492 24.062143325805664 20.804800033569336 20.799327850341797 20.460735321044922 20.950624465942383 21.083839416503906 20.96076774597168 20.680992126464844 
18.42416000366211 17.99964714050293 17.996000289916992 18.06515121459961 18.04047966003418 18.09062385559082 18.51795196533203 24.05081558227539 20.699424743652344 18.538400650024414 18.993087768554688 19.084415435791016 18.80473518371582 18.472511291503906 18.038240432739258 18.464799880981445 
40.04633712768555 20.287168502807617 20.277536392211914 20.67228889465332 20.743488311767578 168.9969024658203 20.213119506835938 20.485023498535156 24.94051170349121 20.916000366210938 20.993919372558594 20.714656829833984 20.671648025512695 20.770719528198242 20.9715518951416 20.866687774658203 
23.49718475341797 17.91980743408203 18.15260887145996 18.38924789428711 23.488256454467773 18.057376861572266 18.373184204101562 130.17864990234375 20.168031692504883 18.49180793762207 19.399295806884766 18.786304473876953 18.53023910522461 18.339136123657227 18.24835205078125 18.827072143554688 
33.73110580444336 20.270687103271484 20.570560455322266 21.043359756469727 190.42662048339844 20.18137550354004 20.185440063476562 20.423839569091797 24.326335906982422 21.023839950561523 20.66422462463379 20.945663452148438 21.43939208984375 20.795808792114258 21.016639709472656 20.7040958404541 
18.411392211914062 18.20355224609375 18.066911697387695 18.380319595336914 18.383167266845703 18.45599937438965 18.523935317993164 18.775232315063477 20.932064056396484 18.77244758605957 18.409439086914062 18.200191497802734 18.340288162231445 19.15225601196289 18.872671127319336 18.597055435180664 
33.73923110961914 20.16556739807129 20.217792510986328 20.697120666503906 214.01519775390625 20.191232681274414 20.204416275024414 20.39187240600586 24.14419174194336 20.77916717529297 20.80681610107422 20.76438331604004 20.873823165893555 20.71468734741211 20.933311462402344 20.87334442138672 
18.40768051147461 18.02579116821289 17.952896118164062 18.010047912597656 18.04697608947754 18.082496643066406 18.042272567749023 18.538272857666016 20.87673568725586 19.41267204284668 18.91231918334961 18.627168655395508 18.5020809173584 18.05881690979004 18.743135452270508 18.99190330505371 
29.495840072631836 16.424991607666016 16.615392684936523 16.76691246032715 16.972864151000977 16.754304885864258 67.39481353759766 16.464767456054688 20.812671661376953 16.79724884033203 17.346847534179688 16.67340850830078 17.40470314025879 17.006080627441406 16.77120018005371 16.79097557067871 
16.280672073364258 15.866496086120605 16.1779842376709 16.212095260620117 16.425792694091797 16.33203125 16.088895797729492 16.353759765625 17.852352142333984 16.205472946166992 17.035680770874023 15.982336044311523 16.108415603637695 16.06377601623535 16.456384658813477 17.12998390197754 
37.82070541381836 16.41494369506836 16.41516876220703 16.739391326904297 16.75391960144043 16.81056022644043 16.975391387939453 43.544063568115234 22.431072235107422 17.143648147583008 17.019359588623047 17.633567810058594 17.370464324951172 17.046720504760742 17.095327377319336 17.014495849609375 
16.276735305786133 15.871871948242188 15.950271606445312 16.332351684570312 16.377887725830078 16.21833610534668 16.136512756347656 16.454431533813477 24.840768814086914 16.390911102294922 17.047391891479492 16.510528564453125 16.056415557861328 16.062496185302734 16.978015899658203 16.267839431762695 
37.827232360839844 16.393983840942383 16.428895950317383 16.475679397583008 16.53878402709961 17.081823348999023 17.21571159362793 17.161951065063477 23.606367111206055 16.625696182250977 17.540128707885742 16.788991928100586 16.98454475402832 16.95644760131836 16.799903869628906 17.02934455871582 
16.392383575439453 15.980607986450195 16.247583389282227 16.70137596130371 16.74006462097168 16.54275131225586 16.141408920288086 16.147743225097656 18.131040573120117 16.71673583984375 16.524831771850586 16.13327980041504 16.031328201293945 16.782272338867188 16.422815322875977 16.70947265625 
46.245121002197266 16.378015518188477 16.41107177734375 16.494592666625977 16.579296112060547 17.040607452392578 17.147968292236328 47.8004150390625 19.058719635009766 16.951839447021484 17.511775970458984 17.042463302612305 17.02448081970215 16.738975524902344 17.11417579650879 17.340576171875 
16.363231658935547 16.011199951171875 15.893952369689941 16.102527618408203 16.439327239990234 16.53811264038086 16.362655639648438 16.345216751098633 17.81657600402832 16.926816940307617 16.6079044342041 16.028032302856445 16.401567459106445 17.169023513793945 16.422592163085938 17.226015090942383 
29.46611213684082 16.424959182739258 16.412479400634766 16.437728881835938 16.48758316040039 16.661056518554688 17.039295196533203 32.80790328979492 21.567264556884766 16.614112854003906 17.321727752685547 16.78144073486328 16.73142433166504 17.078720092773438 16.856672286987305 17.18921661376953 
16.34272003173828 15.876192092895508 16.12928009033203 16.188159942626953 16.72118377685547 16.48374366760254 16.151103973388672 16.432767868041992 18.474336624145508 17.10220718383789 16.197664260864258 16.962528228759766 16.39776039123535 16.13884735107422 16.47216033935547 16.387359619140625 
37.85910415649414 16.39967918395996 16.452640533447266 16.477567672729492 16.60527992248535 16.94121551513672 16.942752838134766 17.008991241455078 22.045408248901367 17.305280685424805 16.760927200317383 17.136032104492188 16.69055938720703 17.415584564208984 16.61187171936035 17.97724723815918 
16.688671112060547 15.972160339355469 15.90998363494873 15.97920036315918 16.086143493652344 16.108448028564453 16.099552154541016 16.106176376342773 23.44918441772461 17.009023666381836 16.33247947692871 16.29267120361328 16.018239974975586 17.452320098876953 16.031904220581055 17.07766342163086 
89.75247955322266 16.4138240814209 16.616031646728516 16.82592010498047 17.0897274017334 16.867040634155273 16.95248031616211 16.960351943969727 19.69081687927246 16.815744400024414 17.317951202392578 16.574655532836914 17.234848022460938 16.884735107421875 17.298688888549805 17.088672637939453 
16.29852867126465 15.958144187927246 16.061792373657227 16.18003273010254 16.316991806030273 16.102943420410156 16.088960647583008 16.09324836730957 18.35024070739746 17.391040802001953 16.32694435119629 16.454879760742188 16.58025550842285 16.380640029907227 16.27350425720215 16.103168487548828 
38.92982482910156 16.413984298706055 16.426271438598633 16.97158432006836 17.04198455810547 16.996095657348633 17.019071578979492 43.78684616088867 22.4550724029541 16.62860870361328 17.366336822509766 16.77027130126953 16.724863052368164 17.133663177490234 16.870847702026367 17.190784454345703 
16.384288787841797 15.970272064208984 16.22902488708496 16.436416625976562 16.528127670288086 16.419328689575195 16.179264068603516 16.21219253540039 19.273664474487305 17.43199920654297 16.493440628051758 16.784927368164062 16.483808517456055 16.529632568359375 16.465791702270508 17.06812858581543 
30.510112762451172 16.360767364501953 16.476991653442383 16.63324737548828 16.6278076171875 16.805824279785156 16.774656295776367 91.17491149902344 23.360576629638672 17.257823944091797 16.667072296142578 18.107616424560547 17.066944122314453 16.708511352539062 17.177215576171875 16.627103805541992 
16.91935920715332 16.238719940185547 16.148000717163086 16.200096130371094 16.087392807006836 16.0185604095459 16.1026554107666 16.472671508789062 25.34662437438965 16.363391876220703 17.0830078125 16.539264678955078 17.049055099487305 16.484703063964844 16.8753604888916 16.33417510986328 
39.90867233276367 16.397504806518555 16.623327255249023 16.9116153717041 17.19980812072754 17.058271408081055 16.801088333129883 42.65363311767578 23.406335830688477 17.080480575561523 17.228736877441406 17.052928924560547 16.933984756469727 17.472543716430664 17.273792266845703 17.329120635986328 
16.571231842041016 16.004703521728516 16.03468894958496 15.972031593322754 16.228992462158203 16.273855209350586 16.261951446533203 16.619136810302734 18.51945686340332 16.453439712524414 17.000864028930664 16.615711212158203 17.111839294433594 16.237695693969727 16.28780746459961 16.31439971923828 
46.741886138916016 15.398207664489746 15.433792114257812 15.635968208312988 15.668543815612793 16.198495864868164 16.1790714263916 15.896960258483887 17.902847290039062 16.067808151245117 16.14031982421875 15.765631675720215 16.49920082092285 15.732255935668945 15.86128044128418 16.510496139526367 
15.758975982666016 15.213343620300293 15.152544021606445 15.497632026672363 15.60591983795166 15.566559791564941 15.544159889221191 15.566847801208496 17.317407608032227 15.321632385253906 15.729503631591797 16.08083152770996 15.88156795501709 16.13158416748047 15.517279624938965 15.653247833251953 
41.488033294677734 15.387968063354492 15.43887996673584 15.668288230895996 15.756640434265137 15.753791809082031 15.693856239318848 15.723615646362305 23.829696655273438 16.377727508544922 15.670656204223633 16.326175689697266 16.4136962890625 16.061248779296875 15.98249626159668 16.12678337097168 
15.883935928344727 15.350111961364746 15.381312370300293 15.255135536193848 15.671008110046387 15.708928108215332 15.638463973999023 15.446304321289062 17.32454490661621 15.371871948242188 15.880640029907227 15.861056327819824 15.674495697021484 15.911487579345703 15.652544021606445 15.51916790008545 
43.608673095703125 15.419039726257324 15.470047950744629 15.875776290893555 15.970368385314941 16.01888084411621 15.879263877868652 15.9071683883667 17.32579231262207 17.15996742248535 15.703424453735352 15.62934398651123 15.8156156539917 16.092992782592773 15.744159698486328 15.686688423156738 
15.905440330505371 15.388640403747559 15.271231651306152 15.169919967651367 15.166975975036621 15.467840194702148 15.702655792236328 15.759872436523438 17.277984619140625 15.871232032775879 16.467519760131836 15.294143676757812 15.57481575012207 16.09734344482422 15.206399917602539 15.582847595214844 
41.50822448730469 15.452927589416504 15.453408241271973 15.859552383422852 16.18115234375 16.361919403076172 16.326751708984375 122.61225891113281 24.0817928314209 15.555680274963379 16.000415802001953 15.910592079162598 16.058015823364258 16.257408142089844 16.234975814819336 16.5947208404541 
15.62172794342041 15.11190414428711 15.333120346069336 15.514431953430176 15.645024299621582 15.304863929748535 15.363327980041504 15.850367546081543 16.795391082763672 15.707679748535156 16.152223587036133 15.659456253051758 15.620160102844238 16.5248966217041 15.22486400604248 15.436384201049805 
38.318145751953125 15.417216300964355 15.44934368133545 15.451904296875 15.558464050292969 15.885279655456543 15.967103958129883 105.69888305664062 22.06822395324707 16.26700782775879 15.819328308105469 15.932319641113281 15.686304092407227 15.640128135681152 16.045856475830078 15.935615539550781 
15.75273609161377 15.17574405670166 15.192543983459473 15.26144027709961 15.221216201782227 15.497599601745605 15.359199523925781 15.390848159790039 18.04640007019043 16.208511352539062 15.474464416503906 16.261695861816406 15.944576263427734 15.653087615966797 16.196191787719727 15.833696365356445 
41.43747329711914 15.423616409301758 15.444831848144531 15.737183570861816 16.019712448120117 16.234079360961914 15.861760139465332 123.61007690429688 22.186016082763672 16.39027214050293 15.575679779052734 15.715776443481445 15.930879592895508 15.822943687438965 15.774720191955566 15.690208435058594 
15.775903701782227 15.252191543579102 15.229408264160156 15.33456039428711 15.431679725646973 15.598848342895508 15.383711814880371 15.392640113830566 17.688575744628906 15.41097640991211 15.719264030456543 16.1844482421875 15.346048355102539 15.864480018615723 15.836128234863281 15.291040420532227 
40.42451095581055 15.460160255432129 15.527999877929688 15.489664077758789 15.815135955810547 15.721440315246582 15.750432014465332 111.9188461303711 23.004608154296875 16.840736389160156 15.831583976745605 16.118240356445312 15.866911888122559 15.976160049438477 16.418752670288086 15.837663650512695 
16.059520721435547 15.611200332641602 15.62179183959961 15.373279571533203 15.388575553894043 15.599103927612305 15.594400405883789 15.524288177490234 18.027360916137695 16.02851104736328 15.548640251159668 16.05196762084961 15.546624183654785 15.267807960510254 16.23651123046875 15.26905632019043 
40.459903717041016 15.400064468383789 15.450559616088867 15.416064262390137 15.857503890991211 16.141151428222656 15.879839897155762 125.15023803710938 21.31167984008789 16.049951553344727 16.3604793548584 15.771295547485352 15.745344161987305 16.539936065673828 15.747936248779297 15.771295547485352 
15.606080055236816 15.295424461364746 15.361151695251465 15.446687698364258 15.380255699157715 15.312224388122559 15.286463737487793 15.33129596710205 17.999744415283203 16.74140739440918 15.265631675720215 15.521504402160645 15.751008033752441 15.24995231628418 15.568639755249023 16.1964168548584 
39.41126251220703 15.637632369995117 15.445023536682129 15.454143524169922 15.440735816955566 62.85811233520508 15.554207801818848 15.458175659179688 18.141311645507812 16.67068862915039 15.88428783416748 15.596832275390625 16.374208450317383 16.063392639160156 15.730560302734375 15.765791893005371 
16.103328704833984 15.267328262329102 15.247872352600098 15.268608093261719 15.544960021972656 15.699007987976074 15.649184226989746 15.547648429870605 16.779808044433594 16.375520706176758 15.40998363494873 15.279520034790039 15.749759674072266 15.52451229095459 15.441887855529785 15.59011173248291 
35.15100860595703 15.410304069519043 15.459872245788574 15.865535736083984 16.063232421875 16.058368682861328 15.851136207580566 111.02713775634766 21.14374351501465 15.78876781463623 15.654463768005371 16.41244888305664 15.9335355758667 15.99289608001709 15.769472122192383 16.52614402770996 
15.599967956542969 15.135359764099121 15.152383804321289 15.155967712402344 15.141375541687012 15.374367713928223 15.362239837646484 15.391519546508789 17.266399383544922 15.925472259521484 15.337632179260254 15.959648132324219 15.684032440185547 16.195232391357422 15.31123161315918 15.652576446533203 
42.65788650512695 16.973983764648438 16.944543838500977 18.05695915222168 16.687103271484375 16.749919891357422 16.833824157714844 16.84899139404297 26.11039924621582 16.23129653930664 16.685152053833008 16.936031341552734 16.611295700073242 16.72208023071289 16.42905616760254 16.97430419921875 
20.547008514404297 20.43328094482422 20.605600357055664 20.664640426635742 20.64339256286621 20.75040054321289 20.64614486694336 20.626720428466797 21.778656005859375 20.63350486755371 20.12348747253418 20.990304946899414 20.40278434753418 19.971359252929688 20.398880004882812 20.415136337280273 
31.284191131591797 16.77987289428711 16.797216415405273 16.831071853637695 16.864736557006836 17.023679733276367 52.36278533935547 56.66339111328125 25.134559631347656 16.352479934692383 16.907167434692383 16.70012855529785 16.73967933654785 16.450687408447266 16.466943740844727 16.574111938476562 
20.540800094604492 20.030847549438477 20.06048011779785 20.056255340576172 20.06515121459961 20.081567764282227 20.10201644897461 20.17967987060547 23.603168487548828 20.59993553161621 20.390623092651367 20.01759910583496 19.99452781677246 20.13497543334961 20.185440063476562 20.156768798828125 
31.058591842651367 17.02262306213379 16.808576583862305 16.78985595703125 16.80518341064453 16.8768310546875 50.40361785888672 155.33926391601562 19.948192596435547 16.542783737182617 16.138080596923828 16.078144073486328 17.19856071472168 16.111167907714844 16.239999771118164 16.077823638916016 
20.515104293823242 20.125408172607422 20.310592651367188 20.707679748535156 20.52911949157715 20.5184326171875 20.386272430419922 20.424192428588867 23.31692886352539 20.415008544921875 19.949951171875 20.132991790771484 20.37539291381836 20.174144744873047 20.41414451599121 20.215967178344727 
31.117952346801758 16.938400268554688 17.892576217651367 16.815263748168945 17.111711502075195 69.02288055419922 30.438560485839844 16.84294319152832 25.732288360595703 16.692096710205078 16.126367568969727 16.862272262573242 16.082080841064453 16.647968292236328 16.23967933654785 16.778976440429688 
20.096256256103516 19.73632049560547 19.768159866333008 19.72380828857422 19.947391510009766 19.92304039001465 19.93987274169922 19.984703063964844 24.864608764648438 20.169919967651367 19.99567985534668 20.083263397216797 20.35433578491211 20.023359298706055 20.071168899536133 20.727872848510742 
31.081823348999023 16.95974349975586 16.861055374145508 16.854496002197266 16.86751937866211 16.99056053161621 53.32787322998047 60.88963317871094 24.2840633392334 17.509824752807617 16.33673667907715 16.035232543945312 16.753952026367188 16.162399291992188 16.589311599731445 16.31283187866211 
20.38230323791504 20.042144775390625 20.18387222290039 20.425920486450195 20.415008544921875 20.547456741333008 20.76620864868164 20.978368759155273 23.616287231445312 20.429664611816406 20.278303146362305 20.190528869628906 20.07686424255371 20.426944732666016 19.961055755615234 20.29792022705078 
32.13759994506836 16.997695922851562 16.807519912719727 16.82169532775879 17.874879837036133 16.915552139282227 52.58678436279297 54.447296142578125 23.075199127197266 16.84988784790039 16.727903366088867 16.262144088745117 16.62214469909668 16.417024612426758 17.116960525512695 16.224544525146484 
20.720735549926758 20.39516830444336 20.482784271240234 20.439071655273438 20.274431228637695 20.30633544921875 20.216352462768555 20.241439819335938 23.317792892456055 20.296031951904297 19.941951751708984 20.03740882873535 20.285663604736328 20.449440002441406 20.14691162109375 20.306976318359375 
31.12201690673828 16.963647842407227 16.914335250854492 16.817184448242188 16.829471588134766 16.73302459716797 54.70790481567383 51.314273834228516 24.236896514892578 16.60438346862793 16.559072494506836 16.630464553833008 16.641664505004883 16.291776657104492 16.564992904663086 16.502559661865234 
20.595359802246094 19.88630485534668 19.788959503173828 19.88198471069336 19.923072814941406 19.890016555786133 19.897151947021484 19.912864685058594 23.342527389526367 19.98931121826172 20.177568435668945 20.089599609375 20.050495147705078 20.06083106994629 19.692415237426758 20.34067153930664 
32.148414611816406 18.0164794921875 16.82659149169922 16.79315185546875 16.88140869140625 71.41683197021484 41.947166442871094 16.827423095703125 24.636159896850586 16.483808517456055 16.80531120300293 16.29199981689453 16.51968002319336 16.329408645629883 16.553119659423828 16.32204818725586 
20.71183967590332 20.165023803710938 20.513824462890625 20.558752059936523 20.699552536010742 20.764480590820312 20.76483154296875 20.849023818969727 23.921791076660156 20.171039581298828 19.761152267456055 20.18035125732422 20.07436752319336 19.974271774291992 20.17919921875 20.247711181640625 
31.058303833007812 16.9979190826416 16.838272094726562 17.057632446289062 18.069856643676758 16.815359115600586 55.248191833496094 54.55827331542969 24.18662452697754 16.419071197509766 16.399904251098633 16.687423706054688 16.70240020751953 16.79372787475586 16.528064727783203 17.19379234313965 
20.881759643554688 20.51260757446289 20.806495666503906 20.989248275756836 20.96224021911621 20.737567901611328 20.533023834228516 20.42198371887207 22.773344039916992 20.02444839477539 19.869152069091797 19.948095321655273 20.101472854614258 20.130687713623047 20.49817657470703 20.17206382751465 
32.145118713378906 16.96009635925293 16.83964729309082 16.81497573852539 16.840576171875 16.82592010498047 49.328670501708984 48.28963088989258 25.058399200439453 16.868831634521484 16.01308822631836 16.58412742614746 16.08367919921875 16.63248062133789 16.40006446838379 16.459999084472656 
20.36524772644043 20.15407943725586 19.744384765625 19.963359832763672 19.997440338134766 19.898271560668945 19.929407119750977 20.10089683532715 23.470848083496094 20.406368255615234 19.965696334838867 20.152639389038086 20.03215980529785 20.24928092956543 20.318368911743164 20.153823852539062 
42.89744186401367 28.52943992614746 28.528959274291992 29.247488021850586 29.962560653686523 29.70947265625 29.937152862548828 112.68540954589844 36.45199966430664 29.695711135864258 29.487871170043945 30.025888442993164 29.14841651916504 29.21072006225586 29.451967239379883 30.38217544555664 
48.023902893066406 28.52284812927246 29.80143928527832 29.81376075744629 29.862560272216797 29.574783325195312 29.738431930541992 29.638111114501953 37.7275505065918 29.580223083496094 29.650047302246094 28.897920608520508 29.70230484008789 29.398048400878906 30.090368270874023 29.41417694091797 
48.09990310668945 28.535232543945312 29.34867286682129 29.87798309326172 29.1976318359375 29.772159576416016 29.091808319091797 29.69932746887207 35.17436981201172 28.981216430664062 31.13315200805664 29.203712463378906 30.568063735961914 29.618303298950195 30.016159057617188 30.120384216308594 
48.060096740722656 28.51296043395996 29.210527420043945 29.55023956298828 29.883071899414062 29.780000686645508 28.946624755859375 29.21174430847168 35.16457748413086 30.068416595458984 29.41219139099121 30.210464477539062 29.452064514160156 30.036991119384766 29.234304428100586 30.1409912109375 
50.250144958496094 28.571264266967773 30.339136123657227 30.983423233032227 30.308639526367188 29.462848663330078 29.736896514892578 29.771583557128906 34.21596908569336 29.543392181396484 28.652671813964844 30.059871673583984 29.046112060546875 30.136512756347656 29.287391662597656 30.311744689941406 
49.123905181884766 28.54537582397461 29.19603157043457 29.13983917236328 29.533695220947266 29.388256072998047 28.983936309814453 29.773120880126953 34.88528060913086 30.0032958984375 29.399776458740234 29.67136001586914 29.020736694335938 29.93401527404785 29.135839462280273 29.75868797302246 
47.080928802490234 28.55276870727539 29.515968322753906 29.145503997802734 30.100383758544922 29.493824005126953 29.658239364624023 29.569599151611328 38.77238464355469 29.806623458862305 29.21331214904785 29.84009552001953 29.141279220581055 29.924352645874023 29.014816284179688 29.996448516845703 
48.85718536376953 28.561664581298828 30.003135681152344 29.810367584228516 30.005727767944336 29.374496459960938 29.566879272460938 29.359872817993164 37.67561721801758 29.797311782836914 29.24563217163086 30.328096389770508 29.205568313598633 29.984352111816406 29.79267120361328 29.91481590270996 
51.99955368041992 28.556896209716797 28.635711669921875 29.186464309692383 30.153919219970703 29.89967918395996 29.83078384399414 29.211103439331055 37.45414352416992 29.27667236328125 30.4150390625 28.720544815063477 29.940319061279297 30.682527542114258 29.940223693847656 28.745567321777344 
56.18851089477539 28.47599983215332 28.9749755859375 29.056480407714844 29.193727493286133 29.841087341308594 29.75279998779297 29.462783813476562 35.39683151245117 28.981664657592773 29.75606346130371 29.062175750732422 29.363679885864258 30.948928833007812 29.939552307128906 28.757631301879883 
37.588382720947266 21.627519607543945 21.718048095703125 22.522144317626953 22.660640716552734 22.51136016845703 22.561952590942383 22.46883201599121 26.873056411743164 21.901824951171875 22.151391983032227 23.478208541870117 22.17919921875 22.221311569213867 22.301376342773438 22.710464477539062 
21.81692886352539 21.79769515991211 22.042816162109375 22.060352325439453 21.8417911529541 21.84009552001953 21.79680061340332 22.1430721282959 26.808448791503906 22.195423126220703 21.989599227905273 22.061664581298828 22.09209632873535 22.18467140197754 22.22537612915039 21.99795150756836 
56.183231353759766 21.579008102416992 21.978559494018555 21.963680267333984 21.962303161621094 22.291744232177734 21.99456024169922 21.948959350585938 26.590112686157227 22.196096420288086 22.22764778137207 22.64089584350586 22.123231887817383 22.324703216552734 23.58140754699707 22.28780746459961 
21.92736053466797 22.049888610839844 22.294431686401367 22.361696243286133 22.277631759643555 21.999008178710938 22.042911529541016 22.0831356048584 26.81056022644043 22.55379295349121 22.338367462158203 22.26799964904785 22.214048385620117 21.996736526489258 22.00601577758789 22.08188819885254 
67.78934478759766 21.542463302612305 21.577152252197266 21.794208526611328 21.8536319732666 21.908992767333984 21.99545669555664 22.44256019592285 26.922815322875977 22.188671112060547 22.0699520111084 23.20796775817871 22.086111068725586 22.1147518157959 22.23744010925293 22.14735984802246 
21.946304321289062 21.823488235473633 22.06585693359375 22.739519119262695 22.59903907775879 22.46227264404297 22.05548858642578 21.895423889160156 26.0133113861084 22.418495178222656 22.048095703125 22.475648880004883 21.987775802612305 22.607519149780273 23.823104858398438 22.136192321777344 
53.064510345458984 21.59235191345215 21.737407684326172 22.591327667236328 22.89571189880371 22.628192901611328 22.46905517578125 22.113248825073242 26.026304244995117 22.107807159423828 22.08393669128418 22.82489585876465 22.03740882873535 22.286720275878906 22.785663604736328 21.97327995300293 
22.03718376159668 21.72889518737793 21.66543960571289 21.901023864746094 22.718591690063477 23.128671646118164 22.88159942626953 22.629823684692383 26.15996742248535 22.171615600585938 22.145343780517578 22.353824615478516 22.083616256713867 21.765119552612305 22.118240356445312 22.124832153320312 
74.00527954101562 21.54800033569336 21.59769630432129 21.776607513427734 21.82592010498047 22.761184692382812 22.699583053588867 22.609695434570312 25.324352264404297 22.77519989013672 22.115583419799805 22.29363250732422 22.34931182861328 22.188831329345703 22.025920867919922 22.191648483276367 
22.077983856201172 21.681663513183594 21.611391067504883 22.097440719604492 22.79193687438965 22.89776039123535 22.55743980407715 22.427104949951172 25.92732810974121 22.522592544555664 22.315263748168945 22.229503631591797 22.070751190185547 22.343679428100586 23.58460807800293 22.108352661132812 
70.90147399902344 21.578624725341797 21.53343963623047 22.172544479370117 22.03545570373535 21.95078468322754 22.116287231445312 22.24825668334961 27.097856521606445 22.077951431274414 22.173791885375977 22.698623657226562 22.154048919677734 22.339807510375977 22.349151611328125 22.150943756103516 
22.019296646118164 21.999967575073242 22.419391632080078 22.648639678955078 22.453567504882812 22.31612777709961 22.156639099121094 21.893535614013672 25.88787269592285 22.240127563476562 21.72707176208496 22.327871322631836 22.180896759033203 22.02342414855957 22.1495361328125 21.739456176757812 
69.79888153076172 21.557247161865234 21.938720703125 22.064960479736328 22.065343856811523 22.164735794067383 22.023391723632812 22.200576782226562 28.124799728393555 22.1331844329834 22.322912216186523 24.041439056396484 22.006399154663086 22.129375457763672 22.137760162353516 23.057151794433594 
21.71468734741211 21.986080169677734 22.31804847717285 22.180320739746094 22.434528350830078 22.164960861206055 21.816959381103516 21.84649658203125 26.29408073425293 22.18160057067871 23.838783264160156 22.05766487121582 22.282976150512695 22.029407501220703 22.15350341796875 22.041343688964844 
65.6812515258789 21.558080673217773 21.61849594116211 21.71036720275879 21.88585662841797 22.626848220825195 22.906143188476562 22.693151473999023 28.69273567199707 22.098527908325195 22.00383949279785 22.238239288330078 21.988895416259766 22.51702308654785 22.725727081298828 22.211584091186523 
22.110240936279297 21.792192459106445 21.7706241607666 21.70560073852539 21.684480667114258 21.70675277709961 22.343584060668945 22.86390495300293 25.735103607177734 22.005184173583984 24.083711624145508 22.152320861816406 22.215328216552734 21.905088424682617 22.53116798400879 22.133119583129883 
59.3419189453125 21.581087112426758 21.600736618041992 21.772544860839844 21.852832794189453 21.98860740661621 22.4385929107666 22.89580726623535 27.399168014526367 22.208351135253906 22.27222442626953 22.646080017089844 22.162111282348633 22.242591857910156 22.148000717163086 22.15350341796875 
21.930400848388672 22.01148796081543 22.149824142456055 22.35580825805664 22.446239471435547 22.14419174194336 21.918336868286133 21.933216094970703 25.88390350341797 22.154687881469727 22.072032928466797 22.446847915649414 22.027360916137695 22.024736404418945 22.08812713623047 21.973247528076172 
71.93574523925781 21.51024055480957 21.607807159423828 21.590208053588867 21.68467140197754 21.89094352722168 22.284896850585938 23.061983108520508 28.275360107421875 22.01251220703125 21.923423767089844 22.713600158691406 21.966848373413086 22.105119705200195 22.2390079498291 22.072223663330078 
21.883392333984375 22.14259147644043 22.303936004638672 22.288896560668945 22.288864135742188 22.014015197753906 21.777183532714844 21.734079360961914 26.10857582092285 22.215808868408203 22.091264724731445 22.830720901489258 21.97248077392578 22.113887786865234 22.25449562072754 22.250591278076172 
41.34809494018555 15.695903778076172 15.708831787109375 15.712063789367676 15.688223838806152 15.804703712463379 16.008127212524414 16.013376235961914 23.74777603149414 16.588544845581055 16.683135986328125 16.251968383789062 16.5665283203125 15.847200393676758 16.48761558532715 16.53366470336914 
17.794591903686523 17.236223220825195 17.206527709960938 17.157695770263672 17.48134422302246 17.67862319946289 17.70368003845215 17.854976654052734 20.809823989868164 18.710079193115234 18.202816009521484 17.676607131958008 17.827775955200195 17.559648513793945 17.609920501708984 17.51696014404297 
89.73369598388672 15.694879531860352 15.712512016296387 15.711808204650879 15.910016059875488 16.015615463256836 16.035839080810547 16.126623153686523 21.03366470336914 16.027711868286133 15.938655853271484 16.087648391723633 16.203840255737305 16.83456039428711 16.510879516601562 16.627456665039062 
17.622047424316406 17.156864166259766 17.201440811157227 17.5532169342041 17.603391647338867 17.79257583618164 17.82374382019043 17.648927688598633 20.590015411376953 18.736928939819336 17.485055923461914 18.480928421020508 18.13225555419922 18.28108787536621 17.811552047729492 17.54364776611328 
39.28307342529297 15.719648361206055 15.703392028808594 15.723360061645508 15.757823944091797 16.26473617553711 16.198944091796875 16.00275230407715 21.9532470703125 16.44281578063965 16.228063583374023 17.148576736450195 16.55062484741211 16.702207565307617 16.14406394958496 16.67638397216797 
18.397472381591797 17.530431747436523 17.5633602142334 17.485055923461914 17.978239059448242 18.093887329101562 17.8786563873291 17.676288604736328 18.13420867919922 17.81372833251953 17.261472702026367 17.84662437438965 18.048992156982422 17.71494483947754 17.527103424072266 18.873151779174805 
64.89727783203125 15.70809555053711 15.719327926635742 15.717568397521973 15.79366397857666 15.833824157714844 16.13270378112793 16.188095092773438 20.89334487915039 16.409664154052734 16.698240280151367 16.0296630859375 16.291839599609375 16.734495162963867 16.415103912353516 16.793312072753906 
17.729984283447266 17.2172794342041 17.539775848388672 17.586719512939453 17.87174415588379 17.91321563720703 18.09004783630371 17.761375427246094 17.794431686401367 18.09996795654297 18.36400032043457 18.22774314880371 17.65996742248535 17.73695945739746 17.88591957092285 18.24220848083496 
62.356414794921875 15.673824310302734 15.688703536987305 15.696703910827637 15.845855712890625 15.86847972869873 16.055328369140625 16.141759872436523 22.63737678527832 16.502592086791992 16.134719848632812 16.917695999145508 16.51363182067871 16.298080444335938 16.243040084838867 16.526399612426758 
18.884416580200195 17.794111251831055 17.521440505981445 17.628511428833008 17.7544002532959 17.802879333496094 17.57948875427246 17.459680557250977 17.23459243774414 18.957311630249023 18.641023635864258 18.020000457763672 17.527616500854492 17.98633575439453 18.30905532836914 18.274816513061523 
66.55833435058594 15.68665599822998 15.684864044189453 15.97379207611084 16.240032196044922 16.12563133239746 15.995840072631836 16.148256301879883 21.56844711303711 16.157119750976562 16.421184539794922 15.958527565002441 16.05766487121582 16.969663619995117 16.2030086517334 16.648832321166992 
18.285215377807617 17.582143783569336 17.45052719116211 17.6329288482666 17.811935424804688 17.827104568481445 17.592639923095703 17.443199157714844 20.00115203857422 17.830400466918945 17.916959762573242 17.95564842224121 17.851104736328125 17.57334327697754 18.78371238708496 17.673824310302734 
68.66675567626953 15.7325439453125 15.727359771728516 15.67910385131836 16.04627227783203 16.055328369140625 16.015392303466797 16.01296043395996 20.86422348022461 17.037023544311523 15.898112297058105 16.708480834960938 16.11859130859375 16.123743057250977 16.91561508178711 15.932543754577637 
18.5729923248291 17.703487396240234 17.42608070373535 17.289087295532227 17.259456634521484 17.292831420898438 17.878143310546875 17.913888931274414 20.319936752319336 17.98464012145996 17.527231216430664 17.59542465209961 17.86534309387207 17.76032066345215 17.51523208618164 18.868000030517578 
71.7999038696289 15.731167793273926 15.724479675292969 15.707776069641113 15.71833610534668 16.275775909423828 16.5533447265625 16.230623245239258 21.876096725463867 17.08790397644043 16.51158332824707 16.249248504638672 16.632640838623047 16.507551193237305 16.81203269958496 15.88419246673584 
17.895200729370117 17.48796844482422 17.47145652770996 17.382080078125 17.318368911743164 17.35558319091797 17.472415924072266 17.507200241088867 20.29007911682129 18.213855743408203 17.66057586669922 17.616575241088867 18.68659210205078 18.207616806030273 18.047359466552734 17.44278335571289 
70.76207733154297 15.710528373718262 15.751615524291992 16.002912521362305 16.23302459716797 16.324352264404297 16.267072677612305 16.288448333740234 21.51875114440918 16.97212791442871 15.952128410339355 16.664255142211914 16.596223831176758 16.389312744140625 16.534528732299805 16.75200080871582 
17.93996810913086 17.53811264038086 17.479616165161133 17.535167694091797 17.540800094604492 17.42304039001465 17.32524871826172 17.467552185058594 18.284639358520508 18.1778564453125 17.579103469848633 17.575904846191406 17.504192352294922 17.47270393371582 17.503040313720703 17.9638729095459 
66.58204650878906 15.700223922729492 15.795455932617188 15.826432228088379 15.863360404968262 15.914175987243652 16.294815063476562 16.407264709472656 22.43824005126953 16.294559478759766 16.117311477661133 16.24287986755371 16.075807571411133 15.924575805664062 16.08905601501465 16.6429443359375 
18.455455780029297 17.60825538635254 17.551776885986328 17.804351806640625 18.013280868530273 17.996063232421875 17.602336883544922 17.56015968322754 17.223968505859375 17.993471145629883 17.54764747619629 17.92416000366211 17.766752243041992 17.560991287231445 17.660287857055664 18.266368865966797 
97.9908447265625 50.040382385253906 50.91078567504883 50.7545280456543 49.1558723449707 48.72639846801758 96.3974380493164 48.21683120727539 53.923744201660156 49.14614486694336 49.150848388671875 47.76710510253906 48.222782135009766 49.529022216796875 47.91660690307617 47.826751708984375 
105.4879379272461 48.72140884399414 50.62822341918945 49.55766296386719 48.834110260009766 49.40950393676758 50.90460968017578 49.51001739501953 58.189727783203125 48.777374267578125 48.16944122314453 48.18860626220703 49.096031188964844 48.228736877441406 48.86127853393555 48.37257766723633 
107.32777404785156 50.88886260986328 49.56118392944336 51.02793502807617 50.07107162475586 51.37113571166992 49.95212936401367 50.26969528198242 53.25743865966797 47.78822326660156 48.07878494262695 48.347904205322266 48.56835174560547 47.884769439697266 49.55615997314453 48.23440170288086 
107.52963256835938 51.61289596557617 50.37446212768555 49.0634880065918 49.420257568359375 50.94803237915039 49.4659538269043 51.22422409057617 53.85238265991211 48.624961853027344 48.173118591308594 47.65059280395508 49.005088806152344 48.61676788330078 47.87206268310547 47.721824645996094 
107.42505645751953 49.565025329589844 50.25328063964844 49.98857498168945 49.2606086730957 48.4090576171875 49.334110260009766 50.34755325317383 53.658016204833984 48.396575927734375 48.28339385986328 47.75350570678711 48.997440338134766 47.9574089050293 48.22572708129883 50.15651321411133 
107.4184341430664 48.42784118652344 49.67987060546875 49.985984802246094 50.73487854003906 49.2850227355957 49.14195251464844 49.63129425048828 53.72236633300781 47.82819366455078 49.1352653503418 48.04707336425781 48.027488708496094 49.78636932373047 48.13734436035156 47.69414520263672 
102.22303771972656 48.88060760498047 51.40399932861328 50.0167350769043 50.996639251708984 49.58857727050781 50.28364944458008 49.395137786865234 54.81849670410156 47.7630729675293 49.31622314453125 48.294368743896484 47.77475357055664 47.855167388916016 49.165374755859375 48.45747375488281 
104.35929870605469 49.134849548339844 50.21692657470703 50.18822479248047 49.30636978149414 48.67097473144531 49.6069450378418 50.75529479980469 53.86646270751953 48.41628646850586 47.88547134399414 47.720863342285156 49.33318328857422 48.326751708984375 47.86937713623047 47.69715118408203 
114.6747817993164 50.893310546875 49.16851043701172 50.0533447265625 49.2400016784668 50.353824615478516 49.341087341308594 50.06905746459961 53.15043258666992 48.542049407958984 48.708736419677734 47.647518157958984 47.841983795166016 48.655616760253906 47.942657470703125 47.922943115234375 
107.36505889892578 49.90131378173828 49.79884719848633 50.24883270263672 48.87519836425781 50.131103515625 49.198272705078125 50.620609283447266 54.61228942871094 47.741024017333984 47.7154541015625 49.18214416503906 48.26668930053711 47.792606353759766 49.41670227050781 48.826656341552734 
79.54249572753906 19.62201690673828 17.362464904785156 19.36835289001465 19.87059211730957 17.739904403686523 17.762271881103516 17.759071350097656 21.662399291992188 18.222400665283203 17.75222396850586 17.5927677154541 17.65247917175293 17.888608932495117 17.50668716430664 18.360864639282227 
18.0982723236084 17.794784545898438 17.90278434753418 17.968063354492188 17.96303939819336 18.00771141052246 17.95292854309082 17.866336822509766 19.532320022583008 21.951168060302734 18.149568557739258 18.028127670288086 18.478912353515625 18.6889591217041 29.461727142333984 29.546367645263672 
28.946176528930664 17.318912506103516 17.576223373413086 17.658655166625977 17.998720169067383 117.0604476928711 17.40345573425293 17.387039184570312 26.95020866394043 17.620960235595703 18.766399383544922 18.368127822875977 17.810943603515625 17.753664016723633 18.123552322387695 18.118560791015625 
18.32054328918457 17.821247100830078 17.796096801757812 17.784896850585938 17.870655059814453 17.92233657836914 18.00092887878418 18.20025634765625 20.259775161743164 22.552352905273438 18.50432014465332 18.038944244384766 17.972000122070312 18.588735580444336 29.12656021118164 29.58742332458496 
31.060096740722656 17.32195281982422 17.34671974182129 17.43756866455078 17.647424697875977 17.858976364135742 17.903711318969727 80.0230712890625 27.075231552124023 18.042400360107422 17.8720645904541 17.58697509765625 17.808671951293945 18.222976684570312 17.76870346069336 17.6408634185791 
19.204479217529297 18.09516716003418 18.04185676574707 21.211423873901367 18.316736221313477 18.30975914001465 18.333343505859375 18.42892837524414 20.603456497192383 22.189727783203125 17.711040496826172 18.097055435180664 18.67945671081543 17.9583683013916 29.559616088867188 29.491552352905273 
28.94748878479004 17.31171226501465 17.345888137817383 17.36079978942871 17.53766441345215 17.547040939331055 17.606143951416016 194.1934356689453 22.4116153717041 17.9517765045166 18.3438720703125 17.764543533325195 17.813983917236328 17.6494083404541 19.014144897460938 18.08038330078125 
18.299360275268555 17.783584594726562 17.820383071899414 17.76799964904785 17.82703971862793 17.88387107849121 17.900928497314453 18.06345558166504 20.483200073242188 18.856351852416992 18.479455947875977 18.565536499023438 18.032480239868164 17.808095932006836 29.676416397094727 29.571487426757812 
28.937728881835938 17.320640563964844 17.328927993774414 17.53971290588379 17.53398323059082 17.905311584472656 84.2989730834961 17.36524772644043 26.412351608276367 18.604352951049805 17.985952377319336 18.27984046936035 17.97808074951172 18.468032836914062 18.070783615112305 17.587167739868164 
18.672191619873047 18.01158332824707 17.984895706176758 18.077280044555664 18.096960067749023 18.377792358398438 18.625600814819336 18.605056762695312 21.283584594726562 18.247711181640625 17.942272186279297 19.13689613342285 17.974143981933594 18.14182472229004 29.540063858032227 29.551071166992188 
28.971424102783203 17.343040466308594 17.354816436767578 17.62838363647461 17.367679595947266 18.082143783569336 18.15705680847168 60.695648193359375 25.412799835205078 18.34511947631836 17.878719329833984 17.58723258972168 17.51571273803711 18.04217529296875 17.79427146911621 17.711040496826172 
18.606687545776367 18.06844711303711 18.061983108520508 18.02886390686035 18.362239837646484 18.340927124023438 18.07606315612793 17.906047821044922 21.272480010986328 29.22211265563965 18.412736892700195 18.316831588745117 17.851648330688477 18.17625617980957 29.657440185546875 29.404640197753906 
28.951007843017578 17.325504302978516 17.325023651123047 17.424320220947266 17.50102424621582 17.86908721923828 17.888832092285156 57.143775939941406 25.075008392333984 17.759296417236328 18.265792846679688 17.91632080078125 17.546911239624023 17.663488388061523 18.0361270904541 17.558624267578125 
18.3372802734375 17.799999237060547 18.068479537963867 18.04195213317871 18.144960403442383 18.38105583190918 18.47590446472168 18.481216430664062 20.5097599029541 29.666336059570312 18.07094383239746 18.546911239624023 18.641855239868164 18.162944793701172 29.458879470825195 29.331167221069336 
28.9881591796875 17.357343673706055 17.357791900634766 17.4881591796875 17.828319549560547 17.696063995361328 84.11724853515625 114.40694427490234 25.148256301879883 18.111743927001953 18.29795265197754 17.88764762878418 17.813024520874023 17.96099281311035 18.30124855041504 17.968351364135742 
18.100032806396484 17.71958351135254 17.743711471557617 18.05743980407715 18.296735763549805 18.268447875976562 18.333599090576172 18.37286376953125 18.849184036254883 20.945056915283203 17.874624252319336 19.1345272064209 18.21308708190918 18.066783905029297 29.30780792236328 29.5284481048584 
30.007104873657227 17.29155158996582 17.30575942993164 17.716384887695312 18.004159927368164 18.151647567749023 70.83647918701172 17.520767211914062 26.64998435974121 17.720800399780273 17.8604793548584 17.722911834716797 17.87558364868164 17.60915184020996 18.932479858398438 18.239360809326172 
18.604991912841797 17.85113525390625 17.93235206604004 17.829824447631836 17.82694435119629 17.784608840942383 18.203359603881836 18.25721549987793 20.62156867980957 20.03424072265625 18.097471237182617 17.67728042602539 18.16147232055664 18.380191802978516 29.542943954467773 29.504127502441406 
28.987167358398438 17.33087921142578 17.39139175415039 17.541536331176758 17.58847999572754 17.75984001159668 194.43353271484375 17.412160873413086 20.343488693237305 18.116928100585938 17.653120040893555 18.422239303588867 17.996288299560547 17.567007064819336 18.274463653564453 18.37753677368164 
18.470624923706055 17.796768188476562 17.840511322021484 17.789535522460938 17.890880584716797 17.854496002197266 17.94175910949707 18.082719802856445 18.233760833740234 23.646528244018555 18.0263671875 18.696767807006836 18.175872802734375 18.271648406982422 29.549503326416016 29.581951141357422 
33.991455078125 19.907360076904297 19.937376022338867 20.30784034729004 20.45484733581543 20.491199493408203 20.690528869628906 21.153087615966797 28.66281509399414 20.698816299438477 21.364831924438477 21.31007957458496 20.512928009033203 20.512832641601562 21.062976837158203 20.66326332092285 
21.639616012573242 21.211135864257812 21.37651252746582 21.331327438354492 21.267488479614258 21.114303588867188 21.055519104003906 21.05619239807129 23.031776428222656 21.7108154296875 21.821983337402344 21.512863159179688 21.644319534301758 21.803295135498047 21.904191970825195 21.70412826538086 
48.667423248291016 19.89379119873047 19.988895416259766 20.38422393798828 20.268352508544922 20.205440521240234 20.12825584411621 20.101119995117188 25.054176330566406 21.08812713623047 21.499040603637695 20.52128028869629 20.51628875732422 20.63430404663086 20.520767211914062 20.5677433013916 
21.876895904541016 21.419647216796875 21.306272506713867 21.25279998779297 20.959775924682617 20.854496002197266 21.004064559936523 20.99123191833496 25.220096588134766 21.538175582885742 21.90166473388672 21.50307273864746 21.81510353088379 22.666688919067383 21.592031478881836 21.56060791015625 
52.81926345825195 19.886144638061523 20.47737693786621 21.059263229370117 20.66160011291504 20.46828842163086 20.607135772705078 20.650911331176758 26.591999053955078 20.371807098388672 21.001632690429688 21.040447235107422 21.100671768188477 21.436832427978516 20.564191818237305 20.762943267822266 
21.80009651184082 21.41814422607422 21.5230712890625 21.496768951416016 21.59721565246582 21.615968704223633 21.33718490600586 21.177120208740234 25.636287689208984 21.834911346435547 21.840320587158203 21.46588706970215 21.803808212280273 21.506240844726562 21.87708854675293 21.833887100219727 
47.61967849731445 19.982751846313477 20.003103256225586 20.207551956176758 20.691904067993164 20.763519287109375 20.878368377685547 21.256576538085938 24.888256072998047 20.631200790405273 20.5166072845459 20.51807975769043 20.772319793701172 21.04102325439453 21.032960891723633 21.342336654663086 
21.967039108276367 21.102880477905273 20.989503860473633 21.014528274536133 21.29689598083496 21.523712158203125 22.334880828857422 22.035520553588867 25.539648056030273 21.784255981445312 21.158143997192383 21.69152069091797 21.640960693359375 21.400320053100586 21.947744369506836 21.689695358276367 
42.32624053955078 19.87276840209961 20.285375595092773 20.32524871826172 20.282079696655273 20.326080322265625 20.64575958251953 20.625024795532227 25.425151824951172 20.795743942260742 21.18819236755371 21.32259178161621 20.799583435058594 20.606496810913086 20.290912628173828 20.488544464111328 
21.8175048828125 21.291648864746094 21.285152435302734 21.60767936706543 21.638368606567383 21.612831115722656 21.432096481323242 21.217567443847656 25.43791961669922 21.482816696166992 21.545696258544922 22.215423583984375 21.510080337524414 21.401344299316406 21.643775939941406 21.576223373413086 
46.54198455810547 19.879423141479492 20.259328842163086 20.030719757080078 20.268447875976562 20.349760055541992 20.305824279785156 20.63599967956543 24.459135055541992 20.427967071533203 20.45894432067871 20.835391998291016 20.74928092956543 21.1177921295166 21.83625602722168 20.624448776245117 
21.219839096069336 20.89321517944336 21.18182373046875 21.360511779785156 22.03651237487793 21.868831634521484 21.568639755249023 21.59004783630371 25.53900718688965 22.14803123474121 22.26371192932129 21.41801643371582 21.888992309570312 22.409631729125977 21.540639877319336 21.665664672851562 
54.90300750732422 19.988895416259766 20.573823928833008 20.524415969848633 20.741535186767578 20.7192325592041 20.75119972229004 20.921279907226562 23.963327407836914 21.02556800842285 20.492511749267578 21.74380874633789 20.487167358398438 20.33087921142578 20.645536422729492 20.527328491210938 
21.714784622192383 21.135520935058594 21.533504486083984 21.625471115112305 21.66441535949707 21.23788833618164 21.1429443359375 21.151615142822266 25.39459228515625 21.668352127075195 21.64748764038086 21.70342445373535 21.681087493896484 21.83353614807129 21.39836883544922 21.70921516418457 
46.526432037353516 19.8951358795166 19.954975128173828 20.790559768676758 20.72800064086914 20.754079818725586 21.07491111755371 20.994720458984375 25.761472702026367 21.091167449951172 20.983232498168945 20.799072265625 20.69798469543457 20.67737579345703 20.52947235107422 20.478239059448242 
21.948415756225586 21.208927154541016 21.524415969848633 21.47056007385254 21.333663940429688 21.230592727661133 21.180063247680664 21.053375244140625 25.242624282836914 21.79952049255371 21.270368576049805 21.668672561645508 22.296096801757812 21.646047592163086 21.666175842285156 21.70537567138672 
50.40915298461914 20.007488250732422 20.418048858642578 20.591615676879883 20.88153648376465 20.85424041748047 20.803327560424805 20.713823318481445 25.55695915222168 20.382848739624023 20.60371208190918 20.83679962158203 21.012832641601562 21.007904052734375 20.410463333129883 21.452768325805664 
21.59440040588379 21.136192321777344 21.481599807739258 21.79292869567871 21.974143981933594 21.807903289794922 21.717920303344727 21.702848434448242 24.853824615478516 21.75004768371582 21.124256134033203 21.486112594604492 21.20252799987793 21.454559326171875 22.237760543823242 21.39891242980957 
51.722686767578125 19.89344024658203 19.894527435302734 19.987648010253906 20.702112197875977 21.018335342407227 21.44211196899414 21.623199462890625 25.84124755859375 20.89049530029297 21.364959716796875 20.459808349609375 20.684064865112305 20.63702392578125 20.498624801635742 21.005887985229492 
21.96028709411621 21.350080490112305 20.972320556640625 20.977920532226562 21.148927688598633 21.236736297607422 21.220928192138672 21.264480590820312 25.89686393737793 21.9751033782959 21.529983520507812 21.919872283935547 21.76723289489746 21.476991653442383 21.830944061279297 21.875167846679688 
46.730655670166016 19.780128479003906 20.1296329498291 20.638687133789062 20.986431121826172 21.038911819458008 20.957504272460938 20.750431060791016 23.156959533691406 20.595712661743164 20.104639053344727 20.028736114501953 20.561216354370117 20.368000030517578 20.57686424255371 20.206623077392578 
21.154624938964844 20.607040405273438 20.732128143310547 21.219072341918945 21.719711303710938 21.782655715942383 21.632896423339844 21.463071823120117 24.639135360717773 21.291168212890625 21.087711334228516 22.314783096313477 20.87980842590332 20.96463966369629 21.06492805480957 21.40825653076172 
36.333473205566406 19.73993682861328 19.78118324279785 20.273632049560547 20.416128158569336 20.59110450744629 20.659072875976562 20.419519424438477 23.102975845336914 20.16035270690918 20.246976852416992 20.225120544433594 20.497600555419922 20.7271671295166 20.310880661010742 20.192607879638672 
21.22831916809082 20.893951416015625 21.473119735717773 21.646944046020508 21.533824920654297 21.430400848388672 21.406848907470703 21.240447998046875 24.308063507080078 20.9998722076416 21.176607131958008 21.120704650878906 21.04627227783203 21.070592880249023 20.934911727905273 20.994752883911133 
32.07398223876953 19.818912506103516 19.952863693237305 20.25721549987793 20.177536010742188 20.249759674072266 20.3734073638916 20.626527786254883 22.77996826171875 20.306560516357422 20.094079971313477 20.389951705932617 20.2010555267334 20.64543914794922 20.832256317138672 20.295040130615234 
21.029760360717773 20.505407333374023 20.6013126373291 20.72051239013672 20.88153648376465 21.02783966064453 21.43619155883789 21.735424041748047 24.484256744384766 21.31475257873535 21.1759033203125 20.97532844543457 20.677824020385742 21.36412811279297 20.88457679748535 21.032224655151367 
32.06310272216797 19.738399505615234 19.89232063293457 20.04684829711914 20.116352081298828 20.08675193786621 29.946624755859375 20.16486358642578 23.99091148376465 20.398847579956055 20.0916805267334 20.756671905517578 20.152896881103516 20.23846435546875 20.778976440429688 21.617311477661133 
21.07606315612793 20.677759170532227 20.669248580932617 20.885055541992188 21.042879104614258 21.559743881225586 21.614559173583984 21.63203239440918 24.267520904541016 21.04524803161621 20.714784622192383 21.209760665893555 21.033824920654297 20.909727096557617 21.340063095092773 21.03046417236328 
32.09475326538086 19.744768142700195 19.829856872558594 19.898624420166016 20.156383514404297 20.130624771118164 30.042240142822266 20.2192325592041 23.780000686645508 20.484928131103516 20.458175659179688 20.607744216918945 20.33216094970703 20.37673568725586 20.226144790649414 20.067583084106445 
21.210880279541016 21.027231216430664 21.21219253540039 21.30259132385254 21.340576171875 21.0914249420166 21.104991912841797 21.215999603271484 23.817184448242188 21.747743606567383 20.847679138183594 20.770048141479492 21.01728057861328 21.07151985168457 20.95840072631836 20.986848831176758 
32.0579833984375 19.791135787963867 19.85696029663086 20.232608795166016 20.26860809326172 20.336000442504883 29.326335906982422 20.150592803955078 23.90233612060547 20.13190460205078 20.172000885009766 20.27452850341797 20.509279251098633 20.42470359802246 20.496992111206055 20.282432556152344 
21.360319137573242 20.918399810791016 20.891103744506836 21.605119705200195 21.953088760375977 21.954015731811523 21.695999145507812 21.385120391845703 24.07276725769043 21.188352584838867 21.59833526611328 21.00092887878418 20.902944564819336 21.743776321411133 21.02003288269043 21.06617546081543 
35.643104553222656 19.801471710205078 20.08745574951172 20.361984252929688 20.3907527923584 20.437664031982422 29.410655975341797 20.086271286010742 23.37763214111328 21.05379295349121 20.304832458496094 20.11644744873047 20.228864669799805 20.56572723388672 20.335968017578125 20.491775512695312 
21.306432723999023 20.742496490478516 20.698944091796875 20.69273567199707 20.72038459777832 20.885311126708984 21.027456283569336 21.093055725097656 24.984512329101562 21.218975067138672 20.581504821777344 20.85740852355957 21.006399154663086 21.03900718688965 20.987071990966797 20.995040893554688 
37.36793518066406 20.527231216430664 19.770336151123047 20.195903778076172 20.719295501708984 20.738431930541992 20.52716827392578 26.382112503051758 25.0664005279541 20.45907211303711 20.298015594482422 20.187007904052734 20.288000106811523 20.228832244873047 20.234464645385742 20.752256393432617 
21.32534408569336 20.662656784057617 20.65715217590332 20.65839958190918 20.636159896850586 20.712736129760742 20.784799575805664 20.767040252685547 23.210752487182617 20.866464614868164 20.792512893676758 21.44700813293457 21.18921661376953 21.044639587402344 20.98531150817871 20.930591583251953 
32.07219314575195 19.798431396484375 19.828031539916992 20.40233612060547 20.22265625 20.240032196044922 30.469728469848633 20.163455963134766 27.270015716552734 20.417312622070312 20.902143478393555 20.185855865478516 20.107040405273438 20.53481674194336 20.58883285522461 20.318687438964844 
21.28678321838379 20.862720489501953 21.312896728515625 21.564224243164062 21.68569564819336 21.594751358032227 21.201824188232422 21.208736419677734 24.019775390625 21.16489601135254 21.049631118774414 20.728736877441406 20.943456649780273 21.071456909179688 21.13711929321289 20.896703720092773 
34.627071380615234 19.748064041137695 20.021888732910156 20.214752197265625 20.597152709960938 20.644575119018555 23.057376861572266 20.35385513305664 22.785696029663086 20.420352935791016 20.145023345947266 20.496288299560547 20.85273551940918 20.225631713867188 19.928640365600586 20.31827163696289 
21.266592025756836 20.935136795043945 21.04092788696289 21.133567810058594 21.08255958557129 21.02297592163086 21.051616668701172 21.070463180541992 24.141408920288086 21.004608154296875 21.180511474609375 21.6549129486084 21.112064361572266 21.12339210510254 20.976831436157227 21.02934455871582 
36.986942291259766 22.98406410217285 22.994976043701172 23.172992706298828 23.190656661987305 23.833343505859375 26.398656845092773 150.38560485839844 28.341567993164062 23.491199493408203 23.504064559936523 23.867168426513672 23.35647964477539 23.550752639770508 23.70102310180664 24.61756706237793 
21.414560317993164 21.10531234741211 21.094879150390625 21.079456329345703 21.214784622192383 21.184064865112305 21.427839279174805 21.953279495239258 25.683359146118164 22.34499168395996 21.600576400756836 21.974048614501953 22.264768600463867 21.672319412231445 22.952959060668945 21.53763198852539 
64.21113586425781 22.987775802612305 23.148767471313477 23.111616134643555 23.427135467529297 23.442623138427734 23.447904586791992 24.470848083496094 28.097856521606445 23.443904876708984 23.459999084472656 23.953279495239258 24.295103073120117 23.916576385498047 23.661184310913086 22.994112014770508 
21.68623924255371 21.356544494628906 21.676319122314453 21.80019187927246 21.673599243164062 21.46393585205078 21.270591735839844 21.33251190185547 25.300352096557617 22.02454376220703 21.88319969177246 22.04377555847168 21.427295684814453 21.609312057495117 21.860031127929688 21.822175979614258 
63.137855529785156 23.007104873657227 23.78223991394043 23.775999069213867 23.83558464050293 23.388639450073242 23.41107177734375 23.734336853027344 28.377695083618164 23.453855514526367 23.339391708374023 24.00604820251465 24.051040649414062 23.415424346923828 23.551103591918945 23.99260711669922 
22.135648727416992 21.373056411743164 21.348031997680664 21.532512664794922 21.687711715698242 21.765823364257812 21.560447692871094 21.540639877319336 25.130239486694336 22.06153678894043 21.672832489013672 21.798879623413086 23.759552001953125 21.54854393005371 22.905824661254883 21.833599090576172 
68.34368133544922 23.189472198486328 22.961183547973633 22.898815155029297 23.934112548828125 24.30998420715332 24.06435203552246 57.31068801879883 27.482175827026367 23.42518424987793 25.040607452392578 23.649152755737305 23.499744415283203 23.440128326416016 23.72319984436035 23.83737564086914 
21.522720336914062 21.219776153564453 21.12406349182129 21.218496322631836 21.237024307250977 21.195327758789062 21.682655334472656 22.03980827331543 25.334272384643555 21.78144073486328 21.433408737182617 21.707679748535156 21.903839111328125 21.95369529724121 21.551712036132812 21.941247940063477 
67.28694152832031 23.08380889892578 23.33750343322754 23.123519897460938 23.159135818481445 24.031776428222656 24.249536514282227 24.098880767822266 27.95257568359375 23.63580894470215 23.51740837097168 23.585952758789062 23.40220832824707 23.85318374633789 23.768159866333008 23.275136947631836 
21.736352920532227 21.350271224975586 21.282623291015625 21.388992309570312 21.339008331298828 21.363391876220703 21.251392364501953 21.299135208129883 25.336383819580078 21.766815185546875 21.572160720825195 22.34320068359375 21.60883140563965 22.12838363647461 21.97644805908203 21.687679290771484 
64.1891860961914 22.973567962646484 23.043231964111328 23.331775665283203 24.188928604125977 24.47145652770996 23.603391647338867 23.210176467895508 27.849279403686523 23.067232131958008 25.071231842041016 23.938688278198242 23.131040573120117 23.1856632232666 23.778079986572266 23.74291229248047 
21.567840576171875 21.07753562927246 21.093984603881836 21.19968032836914 21.390304565429688 21.577280044555664 21.817535400390625 22.108287811279297 26.209440231323242 21.804128646850586 22.008991241455078 22.043872833251953 21.939775466918945 22.545663833618164 21.87081527709961 21.805952072143555 
66.28956604003906 23.067712783813477 23.61187171936035 23.499711990356445 23.50396728515625 23.36591911315918 23.224672317504883 56.40857696533203 27.162303924560547 23.293376922607422 23.713760375976562 23.684768676757812 23.126144409179688 23.90719985961914 23.93529510498047 23.500896453857422 
21.524959564208984 21.043136596679688 21.18489646911621 21.313791275024414 21.344480514526367 21.353408813476562 21.34774398803711 21.4267520904541 24.912864685058594 21.44870376586914 21.621856689453125 21.5963191986084 21.461727142333984 22.630495071411133 21.621280670166016 22.082368850708008 
46.299808502197266 22.87264060974121 23.007871627807617 23.191232681274414 23.341503143310547 23.554048538208008 23.51865577697754 23.50979232788086 27.626815795898438 23.585792541503906 23.202272415161133 23.477888107299805 23.31817626953125 23.283935546875 23.439008712768555 24.027008056640625 
21.906047821044922 21.455615997314453 21.80099105834961 21.955232620239258 22.134016036987305 22.171520233154297 21.746591567993164 21.471359252929688 26.308671951293945 21.96169662475586 21.73103904724121 21.86479949951172 22.022144317626953 21.66851234436035 21.6015682220459 22.047391891479492 
62.0715217590332 22.99523162841797 23.44041633605957 23.18934440612793 23.17625617980957 23.141088485717773 23.102144241333008 23.577632904052734 27.256256103515625 23.562911987304688 23.66431999206543 23.964895248413086 23.801631927490234 23.609024047851562 23.719680786132812 23.397632598876953 
21.69152069091797 21.205087661743164 21.216896057128906 21.165664672851562 21.256736755371094 21.34649658203125 21.312416076660156 21.67286491394043 25.128320693969727 22.002592086791992 21.747520446777344 21.262304306030273 21.651103973388672 21.707712173461914 21.94086456298828 21.953632354736328 
62.04579162597656 23.001951217651367 23.23379135131836 23.864736557006836 23.97225570678711 23.633792877197266 23.312000274658203 56.77318572998047 27.300832748413086 23.798112869262695 23.375423431396484 23.858463287353516 23.653440475463867 23.646495819091797 24.11199951171875 23.53014373779297 
21.8306884765625 21.476991653442383 21.670944213867188 21.78118324279785 21.881471633911133 21.76313591003418 21.595359802246094 21.408384323120117 27.36345672607422 21.669279098510742 21.547199249267578 22.380800247192383 22.108064651489258 21.712736129760742 22.45929527282715 21.721696853637695 
54.26995086669922 25.772735595703125 26.101823806762695 25.8286075592041 25.832319259643555 26.640607833862305 26.542015075683594 26.533151626586914 30.775936126708984 25.92857551574707 26.443071365356445 26.71878433227539 25.819936752319336 25.852127075195312 26.01299285888672 27.436735153198242 
28.106399536132812 27.660480499267578 28.09699249267578 28.169408798217773 28.72857666015625 28.734495162963867 28.02614402770996 28.41059112548828 35.461856842041016 27.639423370361328 27.533472061157227 27.831968307495117 27.75596809387207 27.77881622314453 27.8767032623291 28.037504196166992 
49.870975494384766 26.06342315673828 26.173023223876953 25.89148712158203 25.923871994018555 26.611936569213867 26.538015365600586 72.37088012695312 28.89347267150879 25.811840057373047 25.977567672729492 25.80019187927246 25.88707160949707 26.033727645874023 25.960224151611328 26.31113624572754 
29.04047966003418 28.593408584594727 28.44060707092285 28.150144577026367 28.307680130004883 27.964160919189453 28.5849609375 28.313568115234375 33.75078582763672 27.760799407958984 27.779584884643555 27.85759925842285 27.781631469726562 27.92508888244629 27.742143630981445 27.776992797851562 
54.1005744934082 25.938432693481445 26.41708755493164 26.36841583251953 26.069536209106445 26.76959991455078 26.781024932861328 26.180896759033203 31.318496704101562 25.883647918701172 26.1243839263916 25.77280044555664 26.225088119506836 26.274368286132812 26.490079879760742 25.868160247802734 
27.738847732543945 28.26723289489746 28.030879974365234 28.884063720703125 28.8832950592041 28.257984161376953 28.547456741333008 28.14681625366211 33.121246337890625 28.197696685791016 27.8635196685791 28.378400802612305 27.831680297851562 27.848031997680664 27.744800567626953 27.831647872924805 
54.203617095947266 25.544288635253906 26.000511169433594 25.867103576660156 26.456832885742188 25.976959228515625 27.036479949951172 26.708288192749023 30.117088317871094 26.0644474029541 26.019744873046875 25.922496795654297 25.842655181884766 25.805280685424805 26.04038429260254 25.675743103027344 
28.189472198486328 27.944671630859375 28.993152618408203 29.1494083404541 28.123071670532227 28.656543731689453 28.06889533996582 28.5533447265625 34.142398834228516 27.73334312438965 27.716991424560547 27.80406379699707 27.90140724182129 27.797151565551758 27.91868782043457 27.819551467895508 
49.035518646240234 25.793472290039062 25.97551918029785 26.024768829345703 26.39516830444336 26.722240447998047 26.566112518310547 26.187904357910156 31.8538875579834 26.176511764526367 25.705215454101562 25.7425594329834 25.747936248779297 25.819135665893555 26.014240264892578 25.90982437133789 
28.07200050354004 27.722496032714844 28.32646369934082 28.395519256591797 27.87926483154297 28.81283187866211 28.23664093017578 29.00934410095215 33.46915054321289 27.692415237426758 27.699583053588867 27.957311630249023 27.568288803100586 27.818944931030273 28.092256546020508 27.761823654174805 
67.85545349121094 25.59676742553711 26.247167587280273 25.94816017150879 26.255775451660156 26.563583374023438 26.46784019470215 26.98796844482422 30.504064559936523 25.95039939880371 26.267423629760742 26.16092872619629 25.840608596801758 25.797279357910156 25.531455993652344 25.934751510620117 
28.618112564086914 27.542272567749023 28.56175994873047 28.841215133666992 28.141023635864258 28.156192779541016 28.09507179260254 29.19148826599121 35.03849411010742 27.86288070678711 27.72287940979004 27.8156795501709 27.774208068847656 27.79100799560547 27.546464920043945 28.201759338378906 
47.888832092285156 25.695552825927734 26.028064727783203 26.39731216430664 26.63052749633789 26.23535919189453 26.133567810058594 26.714624404907227 31.948768615722656 25.793216705322266 26.057823181152344 25.5328311920166 25.779743194580078 26.126367568969727 26.124160766601562 26.270496368408203 
28.032384872436523 27.611103057861328 28.25446319580078 27.930112838745117 28.711999893188477 28.560991287231445 28.280319213867188 28.491008758544922 33.26019287109375 28.33839988708496 27.7293758392334 27.965248107910156 27.73299217224121 27.843263626098633 27.637407302856445 27.983680725097656 
45.79849624633789 25.609407424926758 25.70070457458496 25.87596893310547 26.063583374023438 26.348064422607422 26.593408584594727 27.409183502197266 31.696863174438477 26.49897575378418 26.297311782836914 25.943744659423828 25.91596794128418 26.092063903808594 26.204320907592773 25.869728088378906 
27.891647338867188 27.80620765686035 28.24051284790039 28.016864776611328 28.394752502441406 27.979328155517578 28.801023483276367 28.32851219177246 32.856929779052734 27.637056350708008 27.773216247558594 27.378976821899414 27.838720321655273 27.7227840423584 27.913503646850586 27.632543563842773 
46.899742126464844 25.839616775512695 25.712575912475586 25.722944259643555 26.490528106689453 25.98201560974121 25.962688446044922 26.658239364624023 30.351295471191406 26.147520065307617 26.35430335998535 25.58121681213379 25.85206413269043 25.964927673339844 25.977632522583008 26.349504470825195 
28.19001579284668 28.095264434814453 28.225536346435547 27.848352432250977 28.0930233001709 28.13852882385254 28.589696884155273 28.841567993164062 34.2861442565918 27.636512756347656 27.68364715576172 27.761472702026367 27.690080642700195 27.55356788635254 27.799039840698242 29.42064094543457 
46.84899139404297 25.635456085205078 26.876224517822266 26.886592864990234 26.67673683166504 27.09075164794922 26.96691131591797 25.913440704345703 30.537216186523438 25.769184112548828 25.747455596923828 25.811424255371094 26.052928924560547 25.994752883911133 25.938016891479492 26.112512588500977 
27.970848083496094 27.590431213378906 28.013248443603516 28.2010555267334 28.4685115814209 28.79100799560547 27.955711364746094 28.627199172973633 33.59036636352539 28.116575241088867 27.677696228027344 27.881759643554688 27.726207733154297 27.872896194458008 27.766687393188477 27.852096557617188 
32.961822509765625 15.30134391784668 15.374048233032227 15.53007984161377 16.898944854736328 15.47868824005127 15.84115219116211 16.002559661865234 21.89379119873047 16.1507511138916 15.721280097961426 15.625951766967773 16.53433609008789 15.870559692382812 16.09212875366211 16.57823944091797 
15.323136329650879 15.002623558044434 15.094367980957031 15.130080223083496 15.501855850219727 15.234623908996582 15.251168251037598 15.448831558227539 18.25200080871582 16.619104385375977 15.559328079223633 15.330304145812988 15.824352264404297 15.564672470092773 15.128064155578613 15.53763198852539 
44.50582504272461 15.297056198120117 15.311871528625488 15.39299201965332 15.629247665405273 15.75817584991455 15.829536437988281 15.786591529846191 21.91926383972168 15.987839698791504 16.13190460205078 15.545632362365723 16.488319396972656 15.954400062561035 15.884767532348633 16.3874568939209 
15.237695693969727 14.939071655273438 14.93280029296875 15.146688461303711 15.203136444091797 15.10863971710205 15.102911949157715 15.464896202087402 17.499839782714844 15.792703628540039 15.715680122375488 15.827168464660645 15.505023956298828 15.604191780090332 15.83897590637207 15.351231575012207 
44.49657440185547 15.360799789428711 15.31100845336914 15.32147216796875 15.700511932373047 16.056608200073242 16.102399826049805 16.14531135559082 23.543935775756836 16.229888916015625 15.450752258300781 15.42569637298584 16.395423889160156 15.534560203552246 16.066944122314453 15.989791870117188 
15.379903793334961 15.078432083129883 15.103039741516113 15.42630386352539 15.526047706604004 15.218624114990234 15.231040000915527 15.569055557250977 16.892255783081055 16.449920654296875 15.841695785522461 15.215519905090332 16.164575576782227 16.032447814941406 15.252256393432617 15.678079605102539 
52.91401672363281 15.267935752868652 15.268511772155762 15.252991676330566 15.397472381591797 15.575455665588379 15.625215530395508 15.66198444366455 23.423391342163086 16.650175094604492 15.589056015014648 15.875871658325195 16.23753547668457 15.740863800048828 15.599103927612305 15.911711692810059 
15.208992004394531 15.00220775604248 15.008671760559082 15.259231567382812 15.520159721374512 15.285759925842285 15.223520278930664 15.417247772216797 17.78995132446289 16.554784774780273 15.757023811340332 16.231231689453125 15.21615982055664 15.686528205871582 15.918560028076172 15.124159812927246 
47.634334564208984 15.302847862243652 15.290911674499512 15.31497573852539 15.521504402160645 15.574175834655762 15.566783905029297 15.654560089111328 19.530176162719727 16.079999923706055 15.757951736450195 16.459871292114258 15.844544410705566 16.02720069885254 16.93667221069336 15.676128387451172 
15.858912467956543 15.205599784851074 15.143584251403809 15.117759704589844 15.340959548950195 15.458847999572754 15.439040184020996 15.4169921875 18.397216796875 16.361440658569336 15.953056335449219 15.589216232299805 15.978367805480957 15.436415672302246 15.441984176635742 15.959839820861816 
39.2110710144043 15.260383605957031 15.29043197631836 15.388799667358398 15.591456413269043 15.619071960449219 15.58233642578125 15.652031898498535 23.9303035736084 15.85529613494873 15.663519859313965 15.82367992401123 15.573984146118164 15.932991981506348 16.302175521850586 15.85647964477539 
15.488127708435059 15.212800025939941 15.13759994506836 15.052895545959473 15.328736305236816 15.453375816345215 15.51801586151123 15.224063873291016 18.91321563720703 15.750656127929688 15.447808265686035 16.41801643371582 15.1245756149292 15.117183685302734 16.001216888427734 15.62399959564209 
36.108863830566406 15.300864219665527 15.289759635925293 15.500160217285156 15.593184471130371 15.636063575744629 15.659551620483398 15.727968215942383 20.522783279418945 15.883456230163574 16.462175369262695 15.721823692321777 16.083648681640625 16.149728775024414 15.912256240844727 16.612224578857422 
15.270463943481445 15.06931209564209 15.029151916503906 15.23744010925293 15.093855857849121 15.166239738464355 15.159008026123047 15.134719848632812 18.1278076171875 15.785087585449219 15.06761646270752 15.553855895996094 15.148480415344238 15.293696403503418 15.44649600982666 16.1812801361084 
44.504638671875 15.301471710205078 15.311455726623535 15.294976234436035 15.289312362670898 15.825056076049805 15.63708782196045 15.687359809875488 24.268991470336914 16.064319610595703 16.40825653076172 16.13158416748047 16.270431518554688 15.849056243896484 15.878975868225098 16.190176010131836 
15.151359558105469 14.920960426330566 14.951423645019531 14.967391967773438 15.314047813415527 15.191743850708008 15.174304008483887 15.127679824829102 18.327072143554688 16.023296356201172 15.188192367553711 15.551775932312012 15.309375762939453 15.317055702209473 15.333600044250488 15.31824016571045 
27.704383850097656 15.259872436523438 15.502592086791992 15.608223915100098 15.590335845947266 15.490816116333008 15.923935890197754 16.05824089050293 22.09097671508789 15.704992294311523 15.491328239440918 16.06342315673828 15.881535530090332 16.351871490478516 16.013792037963867 15.893280029296875 
16.011871337890625 15.295680046081543 15.195808410644531 15.023648262023926 15.13263988494873 15.405471801757812 15.591360092163086 15.530688285827637 14.82265567779541 15.830080032348633 15.999199867248535 15.496671676635742 15.408960342407227 15.728927612304688 15.244768142700195 15.431327819824219 
45.51750564575195 15.257023811340332 15.334752082824707 15.60745620727539 15.883071899414062 15.873279571533203 15.878463745117188 16.04412841796875 23.4597110748291 16.196319580078125 16.001792907714844 16.01798439025879 16.461023330688477 16.28099250793457 16.19024085998535 16.215328216552734 
15.387136459350586 15.049792289733887 15.063488006591797 15.082976341247559 15.158944129943848 15.199328422546387 15.06668758392334 15.114751815795898 17.760448455810547 15.835712432861328 15.849344253540039 15.903519630432129 15.250944137573242 15.866720199584961 15.697823524475098 15.146368026733398 
60.135135650634766 23.710176467895508 23.846399307250977 24.10767936706543 23.98182487487793 23.93449592590332 25.06470489501953 25.00761604309082 31.90928077697754 24.798816680908203 24.84707260131836 26.263776779174805 24.65679931640625 24.70275115966797 24.54956817626953 24.848480224609375 
39.26515197753906 23.79363250732422 23.79871940612793 23.968223571777344 24.6048641204834 25.09676742553711 24.773344039916992 24.769439697265625 31.242944717407227 24.705535888671875 24.5295352935791 24.842527389526367 24.96272087097168 24.641376495361328 24.51033592224121 25.520063400268555 
43.45238494873047 23.733983993530273 23.781312942504883 24.438783645629883 25.228544235229492 25.219680786132812 24.593984603881836 24.638399124145508 29.456863403320312 24.70479965209961 24.923519134521484 24.69923210144043 24.7478084564209 24.691871643066406 24.703712463378906 25.02115249633789 
40.29270553588867 23.750431060791016 24.155359268188477 24.17830467224121 24.71072006225586 24.936992645263672 24.90287971496582 24.39891242980957 29.367935180664062 24.604576110839844 24.770111083984375 24.6944637298584 24.895647048950195 24.564992904663086 24.910560607910156 25.675552368164062 
41.34988784790039 23.789119720458984 24.25935935974121 24.104448318481445 23.971904754638672 24.818912506103516 25.000064849853516 24.664064407348633 32.1677131652832 24.806400299072266 24.56275177001953 25.41059112548828 24.49590492248535 24.50432014465332 24.98406410217285 25.030847549438477 
42.436031341552734 23.740480422973633 24.058208465576172 24.180320739746094 24.304128646850586 24.62384033203125 24.70070457458496 24.462848663330078 33.19001770019531 24.33852767944336 24.581087112426758 25.445951461791992 24.86240005493164 24.768512725830078 25.298751831054688 24.670495986938477 
43.413761138916016 23.74790382385254 23.999679565429688 24.724319458007812 24.69913673400879 24.563552856445312 24.308799743652344 24.223648071289062 35.07583999633789 24.64313507080078 24.66307258605957 24.073823928833008 25.288991928100586 24.918655395507812 24.603904724121094 24.995487213134766 
41.38787078857422 23.78748893737793 24.39936065673828 24.499679565429688 24.33776092529297 24.09721565246582 24.94985580444336 24.708032608032227 29.409503936767578 24.63360023498535 24.87081527709961 24.553951263427734 25.356576919555664 24.884063720703125 24.490528106689453 24.89776039123535 
43.45619201660156 23.7587833404541 24.104543685913086 24.086719512939453 24.172672271728516 24.264415740966797 24.517791748046875 24.70809555053711 34.41408157348633 24.76233673095703 24.67967987060547 24.670400619506836 24.692447662353516 24.74073600769043 24.24812889099121 24.941343307495117 
40.313472747802734 23.947839736938477 24.38387107849121 24.62656021118164 24.583295822143555 24.72652816772461 25.142175674438477 24.86582374572754 33.88819122314453 24.402847290039062 24.7806396484375 25.00601577758789 24.550527572631836 25.249727249145508 25.3022403717041 24.75279998779297 
23.644927978515625 17.215103149414062 17.384992599487305 17.430496215820312 17.56060791015625 17.572063446044922 17.593631744384766 17.561279296875 26.89027214050293 17.791263580322266 17.376256942749023 17.812864303588867 17.761600494384766 17.505952835083008 17.58153533935547 17.661855697631836 
17.255136489868164 17.006879806518555 16.995616912841797 17.266687393188477 17.543071746826172 17.68060874938965 17.629087448120117 17.471904754638672 30.682592391967773 18.104896545410156 17.689504623413086 17.379680633544922 17.791744232177734 17.378047943115234 17.143104553222656 17.267168045043945 
33.16374588012695 17.202495574951172 17.140287399291992 23.637344360351562 17.28767967224121 17.306976318359375 17.52777671813965 17.833887100219727 21.172576904296875 18.059711456298828 18.796607971191406 17.8753604888916 17.724416732788086 17.750816345214844 17.48543930053711 17.71811294555664 
17.398656845092773 17.104576110839844 16.939071655273438 16.947040557861328 17.153120040893555 17.309343338012695 17.346784591674805 17.24220848083496 26.627103805541992 17.41152000427246 17.253503799438477 17.156063079833984 18.339807510375977 17.135711669921875 17.542207717895508 17.599327087402344 
33.161441802978516 17.149856567382812 17.737279891967773 22.056928634643555 17.157312393188477 17.22275161743164 17.248287200927734 17.377119064331055 20.945344924926758 18.672096252441406 18.339263916015625 17.78371238708496 17.550783157348633 17.839967727661133 17.719135284423828 17.976831436157227 
17.31599998474121 16.98646354675293 17.054079055786133 17.16703987121582 17.822656631469727 17.61052894592285 17.261247634887695 17.223936080932617 25.310592651367188 17.46544075012207 17.290111541748047 17.71990394592285 17.39516830444336 17.176511764526367 17.386463165283203 17.264671325683594 
41.079551696777344 17.189119338989258 19.213760375976562 17.24380874633789 17.223264694213867 17.238143920898438 17.46883201599121 17.578752517700195 21.83830451965332 17.975200653076172 17.475488662719727 17.730239868164062 18.157535552978516 17.917024612426758 18.132671356201172 17.907007217407227 
17.215007781982422 17.08425521850586 17.1243839263916 17.05708885192871 17.08678436279297 17.106975555419922 16.960159301757812 17.077983856201172 25.529024124145508 17.743040084838867 17.0183048248291 18.333887100219727 17.70159912109375 17.221343994140625 17.34819221496582 17.549280166625977 
34.777984619140625 17.236352920532227 17.148639678955078 23.16249656677246 17.67568016052246 17.427743911743164 17.642047882080078 17.652992248535156 18.304479598999023 18.753087997436523 17.623104095458984 17.638336181640625 17.57267189025879 18.797855377197266 17.67638397216797 17.91417694091797 
17.017536163330078 16.99078369140625 17.158687591552734 17.141632080078125 17.13488006591797 17.201311111450195 17.14259147644043 17.30143928527832 26.664255142211914 17.722015380859375 17.128000259399414 17.10032081604004 17.439807891845703 17.57334327697754 17.15932846069336 17.415584564208984 
35.26076889038086 17.189119338989258 17.715200424194336 17.506559371948242 17.595232009887695 17.52947235107422 17.476959228515625 17.469728469848633 20.823392868041992 18.549856185913086 17.338560104370117 17.587743759155273 17.544960021972656 17.996095657348633 17.664608001708984 17.62054443359375 
17.3767032623291 16.911359786987305 16.879968643188477 16.872255325317383 16.8635196685791 17.179840087890625 17.203840255737305 17.392351150512695 18.17558479309082 17.528831481933594 17.605024337768555 17.12188720703125 17.09071922302246 17.470720291137695 17.42963218688965 17.687007904052734 
38.37526321411133 17.159072875976562 19.910079956054688 23.102367401123047 17.42742347717285 17.336191177368164 17.448320388793945 17.696224212646484 20.415199279785156 18.165151596069336 17.540224075317383 17.43561553955078 17.118911743164062 17.87264060974121 17.594432830810547 17.616479873657227 
17.180543899536133 17.001375198364258 16.80620765686035 16.848159790039062 17.416032791137695 17.568416595458984 17.505056381225586 17.517536163330078 29.35865592956543 17.812320709228516 17.339136123657227 17.250911712646484 18.072383880615234 17.35478401184082 17.42313575744629 17.33305549621582 
34.787841796875 17.232160568237305 18.147520065307617 17.926240921020508 18.03887939453125 17.768640518188477 17.55731201171875 17.42246437072754 23.0631046295166 17.970304489135742 18.28704071044922 17.59449577331543 17.632095336914062 17.665536880493164 17.870655059814453 17.739519119262695 
17.236255645751953 17.021888732910156 17.591360092163086 17.904640197753906 17.55251121520996 17.332063674926758 17.29305648803711 17.233600616455078 26.08812713623047 18.074527740478516 17.920991897583008 18.067392349243164 17.22585678100586 17.078527450561523 17.430559158325195 17.473472595214844 
33.096641540527344 17.18956756591797 17.163711547851562 21.608095169067383 17.26038360595703 17.37071990966797 17.90505599975586 18.132543563842773 17.772319793701172 17.851743698120117 17.52249526977539 17.71241569519043 17.416128158569336 17.836864471435547 17.747583389282227 17.75052833557129 
17.365087509155273 17.030527114868164 17.09993553161621 17.242496490478516 17.2106876373291 17.547168731689453 17.709728240966797 17.46726417541504 27.040992736816406 17.392736434936523 17.36150360107422 17.219776153564453 17.504703521728516 17.302560806274414 17.217567443847656 17.6312313079834 
44.23689651489258 17.119199752807617 20.338623046875 17.15113639831543 17.193279266357422 17.643104553222656 17.848608016967773 17.844512939453125 17.109344482421875 18.0284481048584 17.693151473999023 17.7541446685791 18.067487716674805 17.895423889160156 17.56617546081543 17.695711135864258 
17.18396759033203 17.022016525268555 17.018495559692383 17.108287811279297 17.220672607421875 17.364927291870117 17.405920028686523 17.32592010498047 25.012256622314453 17.819040298461914 16.95635223388672 18.750879287719727 17.977888107299805 17.103647232055664 17.782623291015625 17.588672637939453 
85.70220947265625 16.918975830078125 16.93494415283203 17.104127883911133 17.441312789916992 17.614591598510742 17.650367736816406 17.66057586669922 21.02230453491211 17.81996726989746 17.622976303100586 17.631744384765625 17.629535675048828 18.09574317932129 17.672607421875 17.28691291809082 
23.380352020263672 22.756160736083984 22.469728469848633 22.38921546936035 22.59926414489746 22.878944396972656 23.281471252441406 23.14246368408203 26.205503463745117 22.784927368164062 22.53980827331543 22.48102378845215 22.300800323486328 23.13827133178711 22.538240432739258 22.505151748657227 
50.77267074584961 20.81395149230957 16.887584686279297 17.40127944946289 17.555679321289062 17.6081600189209 17.49158477783203 17.316864013671875 23.44745635986328 17.59734344482422 17.92336082458496 17.91948890686035 17.57302474975586 17.759199142456055 17.973312377929688 17.213024139404297 
22.45529556274414 22.423551559448242 22.2739200592041 22.384767532348633 22.201824188232422 22.59587287902832 23.42323112487793 23.19388771057129 26.676639556884766 22.78121566772461 22.42406463623047 22.783647537231445 22.75276756286621 22.374080657958984 22.640064239501953 22.895296096801758 
51.854942321777344 20.775423049926758 17.866304397583008 16.88751983642578 17.10633659362793 17.46406364440918 17.319744110107422 17.368064880371094 23.901151657104492 17.721120834350586 17.344480514526367 17.487680435180664 18.000736236572266 17.833152770996094 17.321056365966797 17.927167892456055 
22.74812889099121 22.5032958984375 22.496639251708984 22.475200653076172 22.362720489501953 22.24518394470215 22.281408309936523 22.410367965698242 26.40230369567871 22.414400100708008 22.54070472717285 22.658687591552734 22.62214469909668 22.41689682006836 22.49056053161621 23.689376831054688 
50.81590270996094 21.819807052612305 18.917823791503906 16.923967361450195 17.14784049987793 17.294048309326172 17.7128963470459 17.84502410888672 23.541088104248047 17.367551803588867 18.468351364135742 17.49849510192871 17.229663848876953 17.847007751464844 17.45404815673828 18.15932846069336 
22.947744369506836 22.40959930419922 22.42198371887207 22.238048553466797 22.20476722717285 22.1494083404541 22.37990379333496 22.422399520874023 26.47750473022461 22.638336181640625 22.58051109313965 22.695743560791016 22.725568771362305 22.491071701049805 22.734464645385742 22.744096755981445 
48.73311996459961 18.673023223876953 16.89801597595215 16.98918342590332 16.925151824951172 16.952192306518555 17.271072387695312 17.329696655273438 23.587839126586914 17.944032669067383 17.47760009765625 17.910816192626953 17.213727951049805 17.857311248779297 17.796735763549805 17.323871612548828 
24.004287719726562 22.40559959411621 22.20140838623047 22.229215621948242 22.12835121154785 22.735488891601562 23.00694465637207 22.87116813659668 26.263071060180664 22.59596824645996 23.607168197631836 22.504352569580078 22.4880313873291 22.703168869018555 22.55580711364746 22.682720184326172 
50.78694534301758 19.734912872314453 16.89606475830078 16.89516830444336 16.89788818359375 17.19526481628418 17.464704513549805 17.628768920898438 24.513471603393555 17.54470443725586 17.030719757080078 17.9202880859375 17.291807174682617 18.365503311157227 17.805952072143555 17.169343948364258 
23.387327194213867 22.535167694091797 22.451072692871094 22.430143356323242 22.283327102661133 23.116256713867188 23.272735595703125 23.049184799194336 25.855072021484375 22.429311752319336 22.211584091186523 22.720640182495117 22.512928009033203 22.556320190429688 22.5762882232666 22.64214324951172 
51.8553581237793 17.650720596313477 18.9204158782959 17.093759536743164 17.313631057739258 17.62499237060547 17.516096115112305 17.32156753540039 23.976032257080078 17.343040466308594 18.031583786010742 17.421567916870117 17.311264038085938 18.302688598632812 17.864416122436523 17.294944763183594 
22.623199462890625 22.973791122436523 22.380544662475586 22.29248046875 22.411935806274414 22.466655731201172 22.883743286132812 22.81999969482422 26.939775466918945 22.458463668823242 22.912704467773438 22.690656661987305 22.44550323486328 22.45903968811035 22.97270393371582 22.48486328125 
54.996734619140625 16.89753532409668 16.881759643554688 16.968799591064453 17.28643226623535 17.36636734008789 17.59401512145996 17.62735939025879 23.417984008789062 18.73961639404297 17.676799774169922 17.590784072875977 18.051616668701172 17.772384643554688 17.160287857055664 17.340864181518555 
22.914688110351562 22.554912567138672 22.57414436340332 22.50726318359375 22.37241554260254 22.32259178161621 22.3656005859375 22.28384017944336 24.61529541015625 22.981599807739258 22.255935668945312 22.214624404907227 22.562400817871094 22.299072265625 22.868127822875977 22.65318489074707 
51.89049530029297 20.758207321166992 17.86400032043457 16.9270076751709 16.920576095581055 17.009855270385742 17.344192504882812 17.375743865966797 25.05638313293457 17.793439865112305 17.483200073242188 17.669919967651367 17.26051139831543 18.401248931884766 17.77631950378418 17.364992141723633 
24.04515266418457 22.50704002380371 22.22083282470703 22.194847106933594 22.131103515625 22.67510414123535 23.30601692199707 23.165279388427734 26.847679138183594 22.701536178588867 23.000288009643555 22.28713607788086 23.6232967376709 22.833696365356445 22.56118392944336 22.777183532714844 
54.99107360839844 16.92780876159668 16.891904830932617 17.106048583984375 17.64508819580078 17.793376922607422 17.860576629638672 17.975231170654297 23.642656326293945 17.93622398376465 17.351295471191406 17.493600845336914 17.687744140625 17.352224349975586 18.28121566772461 17.5828800201416 
23.9256649017334 22.346464157104492 22.16854476928711 22.305376052856445 23.065216064453125 23.052799224853516 22.676767349243164 22.409343719482422 26.878368377685547 22.527616500854492 22.57187271118164 22.541120529174805 22.713472366333008 22.444095611572266 22.45871925354004 23.175392150878906 
63.51478576660156 28.634624481201172 29.140127182006836 29.3143367767334 29.148704528808594 28.871583938598633 29.340160369873047 29.260095596313477 38.41641616821289 29.48966407775879 28.834592819213867 30.344512939453125 29.4149112701416 29.464799880981445 29.444543838500977 29.211807250976562 
64.93920135498047 28.330528259277344 29.201152801513672 28.885120391845703 29.09119987487793 28.73369598388672 28.903488159179688 29.808000564575195 39.839935302734375 29.232160568237305 29.563039779663086 28.638879776000977 29.262496948242188 29.268352508544922 28.587360382080078 29.542240142822266 
60.687198638916016 28.63532829284668 28.737600326538086 29.816608428955078 30.135488510131836 29.924991607666016 29.783199310302734 29.76495933532715 32.930206298828125 29.237600326538086 28.42438316345215 29.379776000976562 29.231679916381836 29.41587257385254 29.628704071044922 29.735519409179688 
61.7737922668457 28.374528884887695 30.34009552001953 29.58006477355957 29.078399658203125 29.65260887145996 29.4484806060791 29.098047256469727 35.68697738647461 28.8176326751709 29.45302391052246 29.016576766967773 28.966432571411133 29.643199920654297 29.217952728271484 29.424352645874023 
62.780704498291016 28.3450870513916 28.71139144897461 29.259775161743164 29.578208923339844 28.858911514282227 29.422687530517578 29.6760311126709 35.80099105834961 29.385408401489258 28.99590492248535 29.425888061523438 29.125120162963867 29.655744552612305 29.04377555847168 29.293376922607422 
62.8232307434082 28.432575225830078 28.957759857177734 28.756351470947266 29.243488311767578 28.90265655517578 28.74710464477539 29.083744049072266 37.318912506103516 29.21004867553711 29.412799835205078 30.993919372558594 29.18886375427246 29.587743759155273 28.714784622192383 29.53081512451172 
61.76652908325195 28.860864639282227 28.948320388793945 29.56012725830078 29.507455825805664 29.122783660888672 29.326400756835938 28.717952728271484 36.1624641418457 29.303327560424805 28.516128540039062 29.472576141357422 29.157119750976562 29.398719787597656 29.260671615600586 29.20572853088379 
59.63008117675781 28.5963191986084 28.985855102539062 29.329727172851562 28.75164794921875 29.383424758911133 28.85759925842285 29.185504913330078 35.00864028930664 28.670656204223633 28.888063430786133 29.289087295532227 29.17465591430664 30.367584228515625 29.25347137451172 30.13350486755371 
62.855072021484375 28.34636878967285 28.70204734802246 29.71552085876465 30.064096450805664 30.154239654541016 29.83692741394043 29.421375274658203 38.67843246459961 29.066688537597656 29.476287841796875 28.74883270263672 29.54185676574707 29.309280395507812 29.25663948059082 29.050687789916992 
78.44412994384766 28.310752868652344 29.268447875976562 29.322080612182617 29.940128326416016 30.390560150146484 29.935392379760742 31.319904327392578 35.5860481262207 29.262815475463867 28.862560272216797 29.73619270324707 28.827295303344727 29.268512725830078 29.153215408325195 29.38688087463379 
60.10028839111328 36.503456115722656 36.58153533935547 37.69059371948242 38.2408332824707 37.67772674560547 37.826271057128906 66.0191650390625 43.52201461791992 36.660736083984375 36.78294372558594 36.610782623291016 36.49100875854492 36.258079528808594 36.39468765258789 36.24038314819336 
100.6869125366211 36.57571029663086 37.338111877441406 38.03388977050781 37.83407974243164 37.68278503417969 38.33660888671875 57.69664001464844 42.36064147949219 36.21318435668945 37.24998474121094 36.446495056152344 36.24940872192383 36.52070236206055 37.531646728515625 36.40342330932617 
104.999267578125 37.447776794433594 37.15119934082031 37.032318115234375 38.213279724121094 37.44755172729492 37.85744094848633 54.31324768066406 43.677120208740234 36.210784912109375 36.488670349121094 36.25027084350586 36.61094284057617 36.33497619628906 36.80825424194336 36.966529846191406 
108.0308837890625 36.27577590942383 37.64860916137695 37.175201416015625 37.238624572753906 37.6572151184082 37.99728012084961 55.99980926513672 45.90291213989258 36.215614318847656 36.35337448120117 36.72934341430664 36.95507049560547 36.63894271850586 36.26844787597656 36.383872985839844 
64.3512954711914 36.76918411254883 36.71820831298828 37.93939208984375 38.53529739379883 37.42595291137695 37.58720016479492 59.862911224365234 42.973182678222656 36.32988739013672 37.05491256713867 36.4529914855957 36.41542434692383 36.27888107299805 36.51766586303711 37.29286575317383 
80.85529327392578 37.43513488769531 36.93212890625 37.30531311035156 37.571006774902344 37.389312744140625 37.67625427246094 87.02108764648438 43.616512298583984 36.606624603271484 37.13974380493164 36.19366455078125 36.494686126708984 36.526241302490234 36.39353561401367 36.41660690307617 
99.70246124267578 36.63747024536133 38.49369430541992 38.49248123168945 38.2259521484375 37.538848876953125 36.92038345336914 60.237056732177734 44.063873291015625 36.15260696411133 36.302913665771484 36.282752990722656 36.317054748535156 36.528446197509766 37.14121627807617 36.41001510620117 
106.05145263671875 36.206783294677734 37.644447326660156 37.23622512817383 38.320289611816406 37.392478942871094 36.94950485229492 47.890174865722656 43.998111724853516 36.26988983154297 36.37472152709961 36.24915313720703 36.44483184814453 37.34883117675781 36.63894271850586 36.23311996459961 
99.64323425292969 37.43724822998047 36.98486328125 37.41900634765625 37.83379364013672 37.92768096923828 37.68368148803711 57.431678771972656 43.561920166015625 36.313438415527344 36.19279861450195 36.65091323852539 37.312320709228516 37.248863220214844 36.40345764160156 36.43814468383789 
101.85174560546875 36.448543548583984 37.12521743774414 37.032737731933594 36.926334381103516 36.742462158203125 37.36489486694336 64.24217224121094 44.07990264892578 36.198238372802734 36.821502685546875 37.49193572998047 36.44972610473633 36.317630767822266 36.3502082824707 36.34880065917969 
110.01715087890625 28.528287887573242 28.616287231445312 29.888256072998047 29.36944007873535 29.965856552124023 30.432416915893555 29.965087890625 37.23110580444336 29.32352066040039 28.94086456298828 30.427167892456055 29.356224060058594 29.494367599487305 29.691455841064453 28.9532470703125 
45.897377014160156 28.50979232788086 30.090816497802734 30.58140754699707 29.441696166992188 29.601600646972656 29.113792419433594 83.59244537353516 35.52912139892578 29.04979133605957 29.626495361328125 29.421632766723633 29.299360275268555 29.03775978088379 28.928415298461914 29.630399703979492 
45.90047836303711 28.63382339477539 30.51628875732422 29.75641632080078 29.52444839477539 29.587072372436523 29.047903060913086 96.79673767089844 34.243038177490234 28.749759674072266 28.901344299316406 29.29862403869629 29.192607879638672 29.252704620361328 29.46124839782715 29.529760360717773 
46.976478576660156 29.264415740966797 30.5284481048584 31.07414436340332 29.68364715576172 29.530656814575195 29.889087677001953 116.04450988769531 36.11177444458008 28.86332893371582 29.20979118347168 29.133535385131836 29.658239364624023 28.828895568847656 29.497568130493164 29.216064453125 
45.83763122558594 28.65350341796875 29.887807846069336 29.86966323852539 29.468223571777344 29.72051239013672 29.64556884765625 108.21052551269531 35.44025421142578 28.985055923461914 29.49292755126953 29.49123191833496 29.339519500732422 29.18681526184082 29.49875259399414 28.807968139648438 
44.8487663269043 32.66704177856445 29.610944747924805 29.324607849121094 30.281024932861328 29.610687255859375 29.81692886352539 106.60486602783203 34.79072189331055 28.858144760131836 29.367040634155273 28.832799911499023 29.638975143432617 28.93065643310547 29.6246395111084 29.326080322265625 
44.86044692993164 28.614368438720703 29.570144653320312 29.470592498779297 29.408512115478516 29.709983825683594 29.220096588134766 114.98633575439453 36.83078384399414 29.317216873168945 28.948511123657227 29.437599182128906 28.85491180419922 29.512575149536133 28.982208251953125 29.571903228759766 
45.924766540527344 28.574432373046875 29.708415985107422 29.592191696166992 28.97648048400879 29.718975067138672 29.19980812072754 66.66012573242188 34.730751037597656 29.09052848815918 29.189983367919922 29.45747184753418 28.965152740478516 29.79030418395996 29.003551483154297 29.40870475769043 
45.9169921875 28.6114559173584 30.83475112915039 29.203487396240234 29.308799743652344 29.990591049194336 29.604511260986328 113.98995208740234 37.63270568847656 29.345504760742188 29.156959533691406 28.951391220092773 29.02217674255371 29.652896881103516 28.914047241210938 29.50998306274414 
44.83440017700195 28.591136932373047 29.803808212280273 30.1628475189209 29.21504020690918 29.910560607910156 29.329023361206055 94.69078063964844 38.01161575317383 29.076255798339844 29.649503707885742 29.805631637573242 29.278623580932617 29.881568908691406 28.95337677001953 29.4171199798584 
28.16524887084961 14.996416091918945 15.004096031188965 15.118111610412598 15.487648010253906 15.478495597839355 15.285183906555176 49.96278381347656 20.498720169067383 15.709216117858887 15.297408103942871 16.5100154876709 15.222816467285156 15.446304321289062 15.424351692199707 15.358880043029785 
28.191680908203125 14.996800422668457 15.067904472351074 15.158944129943848 15.161696434020996 15.17625617980957 15.401856422424316 15.715295791625977 22.575040817260742 15.886719703674316 15.13491153717041 15.614080429077148 15.92579174041748 15.145536422729492 15.523839950561523 16.109760284423828 
28.852928161621094 15.0349760055542 15.035967826843262 15.035807609558105 15.269375801086426 15.365152359008789 15.272735595703125 15.325695991516113 19.281248092651367 15.594367980957031 16.514047622680664 15.184415817260742 15.29417610168457 16.075807571411133 15.302751541137695 15.557439804077148 
28.23206329345703 15.048095703125 15.154496192932129 15.2357759475708 15.178879737854004 15.217120170593262 15.502943992614746 15.625311851501465 20.340864181518555 16.783103942871094 15.731136322021484 15.85814380645752 15.147295951843262 15.189023971557617 16.13680076599121 15.500288009643555 
29.283296585083008 15.029279708862305 15.074751853942871 15.043135643005371 15.363712310791016 15.63043212890625 15.387776374816895 15.50767993927002 15.748576164245605 15.598527908325195 15.505791664123535 16.161663055419922 15.366111755371094 15.368831634521484 16.179168701171875 15.553600311279297 
29.25935935974121 15.030464172363281 15.092320442199707 15.354687690734863 15.256959915161133 15.217023849487305 15.245792388916016 15.8056640625 19.10598373413086 15.980031967163086 15.90345573425293 15.286784172058105 15.258399963378906 15.662752151489258 15.281087875366211 15.81167984008789 
29.262752532958984 15.057184219360352 15.09705638885498 15.46127986907959 16.04742431640625 15.55519962310791 15.42518424987793 15.601951599121094 20.736255645751953 15.107808113098145 15.7991361618042 15.794400215148926 15.144895553588867 15.606111526489258 15.965696334838867 15.415007591247559 
28.85887908935547 15.057503700256348 15.106559753417969 15.085503578186035 15.318559646606445 15.25222396850586 15.244735717773438 15.323264122009277 21.50111961364746 15.942527770996094 15.221599578857422 16.292512893676758 15.63980770111084 15.371456146240234 16.102367401123047 15.431967735290527 
29.27324867248535 15.007328033447266 15.06668758392334 15.04918384552002 15.22435188293457 15.162879943847656 15.238847732543945 15.229503631591797 18.55379295349121 15.655903816223145 16.11142349243164 15.499744415283203 15.515647888183594 16.201631546020508 15.708992004394531 15.369440078735352 
28.23232078552246 15.070528030395508 15.135680198669434 15.186431884765625 15.18006420135498 15.21014404296875 15.53667163848877 15.585503578186035 19.67705535888672 15.779552459716797 15.232224464416504 16.040639877319336 15.595904350280762 15.172191619873047 15.725695610046387 15.662240028381348 
49.47830581665039 34.67827224731445 34.84950256347656 34.47670364379883 34.12278366088867 34.70332717895508 34.342430114746094 46.43711853027344 40.910430908203125 33.82883071899414 33.52131271362305 34.2540168762207 33.75388717651367 33.9345588684082 34.10793685913086 33.87209701538086 
50.33820724487305 33.545406341552734 33.29721450805664 33.95878219604492 34.94099044799805 35.14976119995117 35.065345764160156 34.59779357910156 42.08652877807617 34.121822357177734 33.494144439697266 33.735233306884766 34.094207763671875 34.05571365356445 34.22710418701172 34.12815856933594 
51.41142272949219 33.28668975830078 35.45280075073242 35.67497634887695 34.77654266357422 34.46006393432617 34.78092956542969 102.727294921875 40.910400390625 33.812255859375 34.03449630737305 33.91993713378906 33.84467315673828 34.32691192626953 34.24425506591797 34.05699157714844 
52.48896026611328 33.23564910888672 33.214881896972656 34.85955047607422 34.95427322387695 34.3158073425293 34.02799987792969 35.15510559082031 44.30070495605469 34.21372985839844 33.82515335083008 33.94780731201172 33.67059326171875 34.36979293823242 34.9865608215332 33.9826545715332 
52.32633590698242 33.229854583740234 33.37267303466797 35.44412612915039 35.08335876464844 34.39091110229492 34.59427261352539 34.98854446411133 40.70848083496094 33.7171516418457 33.925086975097656 34.27743911743164 33.85683059692383 34.11587142944336 33.8419189453125 33.87401580810547 
53.59734344482422 33.208641052246094 33.99417495727539 35.00716781616211 34.722206115722656 34.602176666259766 34.13292694091797 34.14019012451172 41.12326431274414 34.31737518310547 34.102943420410156 33.74041748046875 34.226688385009766 33.69504165649414 33.994720458984375 33.78073501586914 
69.48124694824219 34.4628791809082 34.45219039916992 33.94134521484375 35.19136047363281 34.987518310546875 34.44895935058594 34.145729064941406 38.67827224731445 33.901248931884766 34.21324920654297 33.987998962402344 34.103553771972656 34.0832633972168 33.85567855834961 34.192161560058594 
52.546142578125 33.233951568603516 34.713600158691406 34.14531326293945 33.94492721557617 34.067073822021484 34.2342414855957 34.03510284423828 41.050048828125 33.69116973876953 34.283329010009766 33.73923110961914 34.64828872680664 33.819393157958984 33.547489166259766 34.085758209228516 
57.84204864501953 33.24911880493164 34.753055572509766 34.9093132019043 34.378177642822266 33.903934478759766 34.41756820678711 114.23513793945312 40.34681701660156 34.215999603271484 35.070655822753906 35.35033416748047 33.837249755859375 33.58467102050781 34.493377685546875 33.53459167480469 
53.25619125366211 33.13603210449219 34.08860778808594 34.19750213623047 34.93254470825195 34.45577621459961 34.24643325805664 34.5239372253418 40.768672943115234 34.60588836669922 34.07817459106445 35.69750213623047 33.70412826538086 34.20579147338867 33.613121032714844 34.09471893310547 
37.398433685302734 20.78156852722168 20.82329559326172 21.10553550720215 21.0882568359375 21.188255310058594 21.275007247924805 89.62464141845703 24.438335418701172 21.26470375061035 21.731456756591797 21.290239334106445 21.41302490234375 21.40889549255371 21.29871940612793 21.40540885925293 
18.244800567626953 18.091264724731445 18.432064056396484 18.710464477539062 18.42972755432129 18.196992874145508 18.125568389892578 18.14249610900879 26.704864501953125 18.695775985717773 18.573951721191406 18.149503707885742 18.183456420898438 19.340543746948242 18.79203224182129 18.482528686523438 
51.19289779663086 20.95369529724121 21.142080307006836 21.25542449951172 21.313983917236328 21.16796875 21.05299186706543 21.071008682250977 23.33353614807129 21.37494468688965 21.187456130981445 20.97292709350586 21.460256576538086 21.22332763671875 21.42790412902832 21.39036750793457 
18.301376342773438 17.90483283996582 17.965152740478516 18.22105598449707 18.461183547973633 18.65737533569336 18.71721649169922 18.770368576049805 22.702783584594727 28.42460823059082 18.62985610961914 18.824031829833984 18.629472732543945 18.298656463623047 18.890592575073242 18.699871063232422 
47.96851348876953 21.157888412475586 20.840063095092773 21.256704330444336 21.36262321472168 21.520767211914062 21.132831573486328 21.089664459228516 24.117151260375977 21.347808837890625 21.18400001525879 21.43769645690918 21.475967407226562 21.363040924072266 21.287263870239258 21.356576919555664 
18.490463256835938 17.98240089416504 17.893280029296875 18.110624313354492 18.13030433654785 18.334400177001953 18.355552673339844 18.551679611206055 25.175872802734375 18.259231567382812 18.076736450195312 18.265151977539062 18.456096649169922 18.272031784057617 18.336191177368164 18.980735778808594 
62.791038513183594 20.93065643310547 20.717504501342773 20.832416534423828 21.621183395385742 21.937952041625977 21.90457534790039 21.741952896118164 23.659648895263672 21.255647659301758 21.68284797668457 21.19945526123047 22.22096061706543 21.39414405822754 21.302207946777344 21.1343994140625 
18.593280792236328 18.013792037963867 18.070751190185547 18.415807723999023 18.563007354736328 18.75449562072754 18.726367950439453 18.641216278076172 23.291072845458984 26.104095458984375 18.16499137878418 18.106719970703125 18.32352066040039 19.67535972595215 18.504159927368164 18.363136291503906 
45.829185485839844 21.11734390258789 21.001216888427734 21.136608123779297 21.089248657226562 21.317312240600586 21.925792694091797 21.76860809326172 24.53081512451172 21.374431610107422 21.124704360961914 20.998559951782227 21.305023193359375 21.096704483032227 21.44825553894043 21.35468864440918 
18.321088790893555 18.035999298095703 18.08355140686035 18.351648330688477 18.351200103759766 18.458688735961914 18.490400314331055 18.684511184692383 22.771360397338867 19.12940788269043 18.707935333251953 18.50035285949707 18.788959503173828 18.921567916870117 18.976959228515625 18.445280075073242 
80.67625427246094 20.87424087524414 21.077695846557617 21.243135452270508 21.183168411254883 21.199071884155273 21.079551696777344 21.030784606933594 22.413055419921875 21.428800582885742 21.2642879486084 21.565792083740234 21.382272720336914 21.226655960083008 21.782367706298828 21.304800033569336 
18.378976821899414 17.97871971130371 17.970752716064453 18.151168823242188 18.55062484741211 18.509952545166016 18.608095169067383 18.706527709960938 25.51171112060547 18.612287521362305 17.960607528686523 19.013248443603516 19.401824951171875 18.590240478515625 18.36204719543457 18.12646484375 
46.858848571777344 21.120832443237305 20.947423934936523 21.08687973022461 21.019935607910156 21.09926414489746 21.242176055908203 21.281024932861328 24.439104080200195 21.22083282470703 21.304895401000977 21.21731185913086 21.100032806396484 21.456256866455078 21.562976837158203 21.396831512451172 
18.427871704101562 18.06595230102539 18.31996726989746 18.40460777282715 18.28825569152832 18.15692710876465 18.15648078918457 18.181055068969727 23.171104431152344 32.624481201171875 18.45542335510254 18.56038475036621 17.971904754638672 18.38230323791504 18.9083194732666 18.752288818359375 
54.16041564941406 21.115232467651367 20.890432357788086 20.899456024169922 21.07491111755371 21.126367568969727 21.446176528930664 21.96883201599121 24.53343963623047 21.906784057617188 21.187711715698242 21.278303146362305 21.785600662231445 21.152448654174805 21.090944290161133 21.675392150878906 
18.21615982055664 18.029600143432617 18.010496139526367 18.619583129882812 18.969568252563477 18.988832473754883 18.83647918701172 18.726655960083008 25.880672454833984 18.149503707885742 18.25209617614746 18.60665512084961 18.325536727905273 18.052640914916992 19.223648071289062 19.02889633178711 
54.339454650878906 21.033119201660156 20.729248046875 21.05094337463379 21.23084831237793 21.141855239868164 21.12303924560547 21.217472076416016 24.201343536376953 21.14089584350586 21.226879119873047 21.354848861694336 21.56083106994629 21.49795150756836 21.57855987548828 21.227008819580078 
18.39244842529297 18.09494400024414 17.916671752929688 17.99420738220215 18.0100154876709 18.074304580688477 18.44553565979004 18.464576721191406 24.869152069091797 18.09062385559082 18.643840789794922 19.45702362060547 18.29644775390625 18.22652816772461 17.974720001220703 18.548511505126953 
52.281375885009766 21.02128028869629 21.19875144958496 21.670879364013672 21.76425552368164 21.712064743041992 21.584543228149414 21.451936721801758 24.731935501098633 21.152544021606445 21.04857635498047 21.15648078918457 21.25446319580078 21.5034236907959 21.24684715270996 21.22172737121582 
18.41779136657715 18.004671096801758 18.245088577270508 18.204544067382812 18.165088653564453 18.0532169342041 18.135135650634766 18.308927536010742 24.0263671875 18.189599990844727 19.045984268188477 18.420543670654297 18.091808319091797 18.095264434814453 19.059839248657227 19.097440719604492 
52.876895904541016 18.62620735168457 18.511743545532227 18.640031814575195 18.628192901611328 18.758304595947266 18.628000259399414 18.45747184753418 21.209632873535156 18.933631896972656 18.50979232788086 18.569759368896484 18.864864349365234 19.575712203979492 19.154272079467773 19.002239227294922 
19.190656661987305 18.654687881469727 18.724384307861328 18.716928482055664 18.676639556884766 18.707712173461914 18.71833610534668 18.716480255126953 18.948511123657227 20.563264846801758 19.399904251098633 19.987680435180664 19.795839309692383 20.06528091430664 18.91222381591797 19.507808685302734 
31.792959213256836 18.209280014038086 18.21958351135254 18.210399627685547 18.440736770629883 18.713951110839844 18.71664047241211 74.64396667480469 21.040800094604492 19.016511917114258 19.165056228637695 20.058048248291016 19.467424392700195 19.1167049407959 18.904415130615234 18.616960525512695 
19.381439208984375 18.696992874145508 18.672000885009766 18.712064743041992 18.797151565551758 18.954496383666992 19.037120819091797 19.18137550354004 22.036895751953125 19.91548728942871 19.763967514038086 19.735008239746094 19.8702392578125 19.772640228271484 19.82383918762207 20.341951370239258 
32.854976654052734 18.202911376953125 18.346559524536133 18.53023910522461 18.924800872802734 18.95631980895996 19.10688018798828 19.15660858154297 22.324703216552734 18.82592010498047 19.418495178222656 18.71436882019043 19.533536911010742 19.59324836730957 19.065343856811523 18.705503463745117 
19.266239166259766 18.813024520874023 18.85785675048828 18.838655471801758 18.8351993560791 18.763839721679688 18.714719772338867 18.764511108398438 21.73347282409668 21.244287490844727 18.982463836669922 19.161439895629883 19.393407821655273 19.271520614624023 19.23695945739746 19.284896850585938 
34.93609619140625 18.208383560180664 18.42812728881836 18.637760162353516 19.19148826599121 18.962623596191406 18.965375900268555 18.926111221313477 22.2379207611084 19.218143463134766 18.969215393066406 18.753599166870117 18.46566390991211 18.768320083618164 19.195039749145508 19.945600509643555 
19.368703842163086 18.823455810546875 18.810976028442383 19.28633689880371 19.360992431640625 19.441375732421875 19.40665626525879 19.422752380371094 22.508928298950195 19.37276840209961 19.13929557800293 19.092960357666016 18.981407165527344 18.881664276123047 19.18342399597168 19.33907127380371 
33.92403030395508 18.235807418823242 18.193599700927734 18.214527130126953 18.775104522705078 18.51750373840332 18.559648513793945 18.708192825317383 22.85206413269043 19.340160369873047 19.157920837402344 18.564416885375977 18.59779167175293 19.136703491210938 19.51238441467285 20.0034236907959 
19.49724769592285 18.80803108215332 18.81715202331543 19.180767059326172 19.35327911376953 19.36319923400879 19.478975296020508 19.534719467163086 23.459135055541992 19.71833610534668 19.42838478088379 19.206335067749023 19.414976119995117 19.15660858154297 19.325151443481445 19.231168746948242 
31.822816848754883 18.272319793701172 18.280128479003906 18.346464157104492 18.888479232788086 19.1059513092041 19.178335189819336 19.048128128051758 23.788192749023438 19.208160400390625 18.93129539489746 19.0614070892334 18.82713508605957 18.626399993896484 18.672639846801758 19.672832489013672 
20.4703369140625 18.98908805847168 18.89334487915039 19.068864822387695 19.179807662963867 19.24051284790039 19.411327362060547 19.440832138061523 22.04627227783203 19.188127517700195 18.91993522644043 19.251392364501953 19.44691276550293 19.448896408081055 19.531200408935547 19.815519332885742 
31.803552627563477 18.20992088317871 18.234111785888672 18.30620765686035 18.680511474609375 18.631711959838867 18.454368591308594 18.498432159423828 21.938079833984375 19.807296752929688 19.12326431274414 19.126976013183594 19.239839553833008 18.881120681762695 18.657855987548828 18.745664596557617 
19.666879653930664 18.810720443725586 18.695327758789062 18.651071548461914 18.84809684753418 18.938335418701172 19.017440795898438 19.160255432128906 29.07561683654785 22.23868751525879 19.513952255249023 19.4552001953125 19.230079650878906 19.52899169921875 19.00783920288086 18.955392837524414 
33.85433578491211 18.23311996459961 18.294143676757812 18.434368133544922 19.144927978515625 19.212383270263672 18.89833641052246 19.231679916381836 22.53014373779297 18.819232940673828 18.834976196289062 18.682079315185547 18.529695510864258 19.636735916137695 19.16329574584961 19.25926399230957 
19.21062469482422 18.703807830810547 18.74799919128418 18.682144165039062 18.779712677001953 18.752063751220703 18.763776779174805 18.77225685119629 21.83955192565918 19.342559814453125 18.757631301879883 19.255807876586914 19.25209617614746 18.78633689880371 20.27289581298828 19.4135684967041 
32.85910415649414 18.19308853149414 18.246559143066406 18.407136917114258 18.64735984802246 18.328800201416016 83.83097839355469 18.178560256958008 21.79043197631836 19.41651153564453 18.960832595825195 19.131839752197266 18.55193519592285 18.860576629638672 19.77884864807129 19.468191146850586 
20.57583999633789 19.03023910522461 18.912256240844727 19.001792907714844 19.637088775634766 19.121183395385742 19.210784912109375 19.335168838500977 22.75948715209961 19.32489585876465 18.70204734802246 19.192960739135742 19.211551666259766 19.697343826293945 19.229663848876953 19.594175338745117 
31.80086326599121 18.204832077026367 18.291072845458984 18.55241584777832 18.912288665771484 19.0578556060791 18.816320419311523 18.756576538085938 22.93894386291504 19.30633544921875 18.748159408569336 18.587039947509766 18.669919967651367 19.20534324645996 19.711328506469727 19.62281608581543 
19.40563201904297 18.978656768798828 18.989055633544922 19.36966323852539 19.53206443786621 19.480735778808594 19.45747184753418 19.44384002685547 21.216672897338867 21.738143920898438 19.3985595703125 19.70012855529785 19.035999298095703 19.05129623413086 18.826431274414062 19.021888732910156 
29.852256774902344 18.269887924194336 18.29475212097168 18.797216415405273 18.95568084716797 18.854143142700195 140.50277709960938 18.270784378051758 21.032127380371094 19.925600051879883 19.346559524536133 19.232032775878906 19.083744049072266 18.63929557800293 18.894271850585938 18.893247604370117 
23.0545597076416 21.9052791595459 21.78780746459961 22.146047592163086 22.386592864990234 22.753408432006836 22.50716781616211 22.149311065673828 28.79587173461914 22.322175979614258 21.990400314331055 22.150367736816406 22.36150360107422 22.304351806640625 22.0762882232666 22.564992904663086 
62.52191925048828 18.314912796020508 18.32326316833496 18.278047561645508 18.93929672241211 19.10063934326172 19.09174346923828 19.133440017700195 22.56208038330078 19.032896041870117 18.704383850097656 19.26358413696289 19.425535202026367 19.61078453063965 19.565536499023438 19.278656005859375 
23.010271072387695 22.08345603942871 21.82771110534668 21.696704864501953 21.697856903076172 21.687711715698242 21.608896255493164 21.654399871826172 29.34332847595215 22.012256622314453 21.998943328857422 22.00271987915039 22.104768753051758 21.73196792602539 22.354272842407227 22.08121681213379 
62.36640167236328 18.28438377380371 18.316768646240234 18.792800903320312 19.203840255737305 19.131296157836914 19.141887664794922 19.163776397705078 19.386720657348633 19.49283218383789 19.425216674804688 19.388736724853516 18.994464874267578 18.89993667602539 18.71990394592285 18.758495330810547 
22.97395133972168 22.084096908569336 21.757631301879883 21.766559600830078 21.93600082397461 22.57164764404297 22.48214340209961 22.398303985595703 27.212575912475586 21.78691291809082 22.115999221801758 22.024383544921875 22.183231353759766 22.201824188232422 22.162527084350586 22.093568801879883 
94.20588684082031 18.251712799072266 18.389312744140625 18.759872436523438 18.960063934326172 19.13372802734375 18.948928833007812 18.985088348388672 22.338655471801758 19.21308708190918 18.917055130004883 19.082944869995117 19.087871551513672 19.65510368347168 19.285600662231445 18.996639251708984 
22.519712448120117 22.05289649963379 22.334943771362305 22.304000854492188 22.159263610839844 22.086944580078125 22.00547218322754 21.860544204711914 30.39731216430664 22.12873649597168 22.957183837890625 22.2227840423584 22.3288631439209 22.63270378112793 22.329280853271484 22.005664825439453 
71.1088638305664 18.77689552307129 18.33126449584961 18.952159881591797 19.18217658996582 19.23628807067871 19.272415161132812 19.450624465942383 22.43401527404785 19.423776626586914 19.029407501220703 19.02556800842285 18.85491180419922 18.712064743041992 18.997215270996094 19.75775909423828 
22.786815643310547 22.064096450805664 21.847135543823242 21.767391204833984 21.906879425048828 22.456768035888672 22.653663635253906 22.397119522094727 30.7857608795166 23.313472747802734 22.507904052734375 22.22991943359375 22.17420768737793 22.264352798461914 22.08233642578125 22.249792098999023 
62.374942779541016 18.22310447692871 18.234560012817383 18.75644874572754 18.79520034790039 18.804576873779297 18.82204818725586 18.718656539916992 21.741344451904297 19.115936279296875 18.905920028686523 18.827999114990234 18.98646354675293 18.961183547973633 18.910015106201172 19.232959747314453 
22.517696380615234 21.96883201599121 22.115999221801758 22.219167709350586 22.058624267578125 21.831296920776367 21.749216079711914 21.938016891479492 31.619327545166016 22.487232208251953 22.09769630432129 22.665983200073242 21.848064422607422 22.794944763183594 22.048032760620117 22.524799346923828 
65.5663070678711 18.261951446533203 18.332447052001953 18.953855514526367 19.151552200317383 19.14784049987793 19.148895263671875 19.23801612854004 20.844768524169922 19.464223861694336 19.788864135742188 19.344608306884766 18.978975296020508 18.906208038330078 19.339679718017578 18.958175659179688 
22.511104583740234 21.796159744262695 21.77961540222168 22.446720123291016 22.623327255249023 22.368223190307617 22.2969913482666 22.07187271118164 29.235456466674805 22.428192138671875 21.934368133544922 22.285375595092773 22.212543487548828 22.349536895751953 21.999391555786133 22.253183364868164 
58.197662353515625 18.322784423828125 18.319103240966797 18.36649513244629 18.722335815429688 18.68351936340332 19.257343292236328 19.180288314819336 22.74176025390625 19.119712829589844 19.2128963470459 19.509248733520508 20.045408248901367 19.29782485961914 19.241792678833008 19.035167694091797 
22.124767303466797 22.392288208007812 22.49724769592285 22.441728591918945 22.200159072875977 21.95462417602539 21.847103118896484 21.868288040161133 26.926944732666016 22.030719757080078 21.963167190551758 22.563295364379883 22.69375991821289 22.197343826293945 22.32259178161621 22.131328582763672 
64.81180572509766 20.88262367248535 18.278175354003906 18.329023361206055 18.389856338500977 18.689088821411133 18.895360946655273 19.18320083618164 24.02547264099121 19.193023681640625 18.694080352783203 18.806720733642578 19.307296752929688 20.222496032714844 19.374080657958984 19.37887954711914 
22.452255249023438 21.99465560913086 22.105247497558594 22.048992156982422 21.79020881652832 22.024639129638672 22.07161521911621 22.136959075927734 26.500736236572266 22.131711959838867 22.234432220458984 21.694400787353516 22.174911499023438 21.806560516357422 22.333152770996094 22.12076759338379 
69.8917465209961 18.302976608276367 18.311199188232422 18.456384658813477 18.853792190551758 18.692447662353516 18.578144073486328 18.61244773864746 22.764095306396484 19.603071212768555 19.151391983032227 19.068096160888672 18.92131233215332 18.868160247802734 19.047359466552734 19.484960556030273 
22.75472068786621 21.963520050048828 21.72822380065918 22.063840866088867 22.840511322021484 22.814016342163086 22.68396759033203 22.288063049316406 29.214208602905273 22.023391723632812 22.269376754760742 22.947040557861328 21.89423942565918 22.292192459106445 23.28188705444336 21.957151412963867 
81.69808197021484 24.2542724609375 24.593984603881836 25.2423038482666 25.155744552612305 25.14886474609375 25.164960861206055 25.151968002319336 33.739871978759766 26.778335571289062 25.11414337158203 24.659168243408203 25.068832397460938 25.57423973083496 25.103424072265625 25.384544372558594 
58.592735290527344 24.206655502319336 24.791072845458984 24.85468864440918 24.978431701660156 24.781408309936523 24.74028778076172 87.84483337402344 32.01171112060547 25.142112731933594 25.14246368408203 25.559743881225586 25.017759323120117 24.803680419921875 25.17487907409668 25.37628746032715 
61.72886276245117 24.2541446685791 24.921951293945312 24.966144561767578 25.304031372070312 25.520992279052734 25.325088500976562 24.74518394470215 31.879167556762695 24.90991973876953 25.12601661682129 26.681888580322266 25.375808715820312 25.335264205932617 24.975616455078125 25.683359146118164 
58.56108856201172 24.257055282592773 24.463775634765625 24.43596839904785 24.65679931640625 25.368192672729492 25.341087341308594 24.85443115234375 34.685665130615234 25.21164894104004 25.349632263183594 25.183040618896484 25.348960876464844 25.080480575561523 25.306272506713867 25.082080841064453 
61.72630310058594 24.238847732543945 24.199392318725586 24.9019832611084 25.020544052124023 24.79961585998535 24.74947166442871 25.687711715698242 34.837345123291016 24.756704330444336 24.62518310546875 25.404159545898438 25.554752349853516 24.97657585144043 25.232959747314453 25.11315155029297 
56.47625732421875 24.21945571899414 24.32111930847168 24.673568725585938 25.585344314575195 25.496992111206055 25.09699249267578 24.965024948120117 32.95673751831055 24.91948890686035 25.353408813476562 24.940000534057617 24.98784065246582 25.19593620300293 25.28374481201172 25.088064193725586 
62.81651306152344 24.232160568237305 24.554752349853516 24.941055297851562 24.902015686035156 24.844064712524414 25.450624465942383 97.65853118896484 33.044639587402344 25.150815963745117 25.037471771240234 25.65827178955078 25.18377685546875 25.307071685791016 25.166336059570312 25.473247528076172 
59.61859130859375 24.219968795776367 24.426368713378906 25.27712059020996 25.28713607788086 24.74563217163086 25.006271362304688 27.837600708007812 35.298336029052734 24.981664657592773 24.602815628051758 25.204448699951172 25.35628890991211 25.126815795898438 25.18604850769043 25.52057647705078 
57.51987075805664 24.195680618286133 24.194271087646484 24.494367599487305 24.73219108581543 24.85500717163086 25.086528778076172 25.104223251342773 33.82883071899414 24.9268798828125 25.139551162719727 24.899904251098633 25.428159713745117 25.171167373657227 25.60495948791504 24.960416793823242 
60.74275207519531 24.247264862060547 25.138784408569336 25.571584701538086 25.150527954101562 24.660768508911133 24.692672729492188 25.120832443237305 30.9913272857666 25.1362247467041 25.060224533081055 25.045888900756836 25.940128326416016 25.431392669677734 25.243040084838867 25.296127319335938 
53.69910430908203 17.691648483276367 17.743392944335938 17.76304054260254 18.280256271362305 18.49260711669922 18.4979190826416 23.03696060180664 28.059839248657227 18.25449562072754 18.412479400634766 18.025056838989258 18.252288818359375 18.771520614624023 18.546079635620117 18.557344436645508 
18.054975509643555 17.658559799194336 17.665632247924805 17.67616081237793 17.715648651123047 17.851551055908203 17.91868782043457 18.018272399902344 21.30771255493164 18.398624420166016 18.494464874267578 17.73276710510254 18.0666561126709 18.628032684326172 17.9355525970459 17.755359649658203 
57.908416748046875 17.709728240966797 18.022048950195312 18.044288635253906 18.3155517578125 18.70412826538086 18.86966323852539 18.628480911254883 22.854816436767578 17.90345573425293 18.043296813964844 18.596128463745117 18.103456497192383 18.70902442932129 18.047168731689453 18.328479766845703 
18.038496017456055 17.693599700927734 17.72051239013672 17.81920051574707 18.13484764099121 18.582399368286133 18.745567321777344 18.776416778564453 20.284032821655273 17.91974449157715 18.051008224487305 18.53536033630371 18.033472061157227 17.91654396057129 17.85856056213379 19.091968536376953 
48.45772933959961 17.702239990234375 17.652544021606445 17.69036865234375 17.76518440246582 18.484447479248047 18.577280044555664 57.031551361083984 22.66966438293457 18.574880599975586 18.20217514038086 18.545408248901367 18.250656127929688 18.107328414916992 17.95248031616211 18.103744506835938 
18.689376831054688 17.87824058532715 17.81692886352539 18.04230308532715 18.22755241394043 18.354656219482422 18.315935134887695 18.14371109008789 20.293664932250977 18.42176055908203 18.323200225830078 18.447200775146484 18.173343658447266 17.809856414794922 18.008895874023438 18.517183303833008 
55.231903076171875 17.658048629760742 17.938304901123047 18.005247116088867 18.532703399658203 18.44585609436035 18.284128189086914 18.178367614746094 22.433536529541016 18.283584594726562 18.5163516998291 18.492000579833984 18.335552215576172 18.037824630737305 18.445280075073242 18.269664764404297 
17.98636817932129 17.797407150268555 17.984352111816406 18.326143264770508 18.548799514770508 18.27516746520996 18.047744750976562 17.874624252319336 20.005407333374023 18.25257682800293 17.666656494140625 18.04537582397461 18.560640335083008 18.191072463989258 18.089120864868164 18.190303802490234 
48.947425842285156 17.67670440673828 17.851200103759766 17.861536026000977 17.930591583251953 18.260095596313477 18.353984832763672 18.31113624572754 23.219200134277344 18.099008560180664 17.967008590698242 18.300447463989258 19.014272689819336 18.41993522644043 18.436607360839844 18.016576766967773 
17.993568420410156 17.676799774169922 17.710880279541016 17.982528686523438 17.962560653686523 18.061664581298828 18.601055145263672 18.83772850036621 20.85830307006836 18.321983337402344 18.59062385559082 18.1408634185791 18.052608489990234 18.11177635192871 18.837247848510742 18.511199951171875 
37.95894241333008 17.67100715637207 17.699487686157227 17.712736129760742 17.740671157836914 18.55615997314453 18.940031051635742 19.180736541748047 22.72755241394043 18.67363166809082 18.5251522064209 18.37331199645996 18.4866886138916 17.974336624145508 18.406400680541992 18.47769546508789 
17.758047103881836 17.635520935058594 17.7891845703125 17.747295379638672 17.721088409423828 17.63408088684082 17.802080154418945 18.045888900756836 20.223487854003906 17.91878318786621 17.914079666137695 19.027711868286133 18.270431518554688 18.246912002563477 17.800607681274414 18.072511672973633 
52.08892822265625 17.72172737121582 17.765792846679688 18.04640007019043 17.988544464111328 18.020448684692383 18.006431579589844 18.059104919433594 22.712255477905273 19.111743927001953 18.304447174072266 18.37081527709961 18.166271209716797 17.93270492553711 18.16703987121582 18.008319854736328 
18.307327270507812 17.75222396850586 17.901792526245117 17.955135345458984 17.924991607666016 17.871776580810547 17.832735061645508 17.804832458496094 20.656383514404297 18.7106876373291 18.004287719726562 17.99920082092285 17.841184616088867 18.380352020263672 18.231903076171875 17.859743118286133 
51.617374420166016 17.732576370239258 17.724031448364258 17.83795166015625 18.135520935058594 18.11280059814453 18.64566421508789 41.2182731628418 25.51103973388672 18.39379119873047 18.741792678833008 17.99603271484375 18.28144073486328 18.032480239868164 17.92902374267578 18.455232620239258 
17.869375228881836 17.656192779541016 17.979263305664062 18.037824630737305 17.990079879760742 17.92038345336914 17.87174415588379 17.785951614379883 21.210336685180664 18.34003257751465 18.707456588745117 17.89891242980957 18.085248947143555 17.743328094482422 18.23593521118164 18.348960876464844 
46.86329650878906 17.711231231689453 17.662336349487305 17.751007080078125 18.181119918823242 18.443647384643555 18.55129623413086 18.364160537719727 22.964096069335938 18.646495819091797 18.489120483398438 18.33919906616211 17.91747283935547 18.088895797729492 18.737632751464844 18.923776626586914 
18.073823928833008 17.97382354736328 18.09244728088379 18.28870391845703 18.068927764892578 17.8940486907959 17.784032821655273 17.879199981689453 20.69081687927246 18.453855514526367 17.965024948120117 17.732576370239258 18.036575317382812 18.534912109375 18.083391189575195 17.762880325317383 
56.27881622314453 17.692832946777344 17.664127349853516 17.729440689086914 17.928895950317383 18.084287643432617 18.133535385131836 18.19251251220703 18.99839973449707 18.655359268188477 18.200735092163086 18.111679077148438 18.00217628479004 19.625856399536133 18.440319061279297 18.513471603393555 
18.02448081970215 17.73619270324707 18.156288146972656 18.06800079345703 18.000736236572266 17.848352432250977 17.83616065979004 17.88444709777832 19.685216903686523 18.345632553100586 17.759552001953125 18.871456146240234 18.5281925201416 18.374591827392578 17.902175903320312 17.824127197265625 
70.86070251464844 29.983808517456055 30.171327590942383 30.91417694091797 30.53049659729004 31.097248077392578 31.299327850341797 102.94576263427734 37.55503845214844 30.74652862548828 30.62131118774414 30.42835235595703 30.379680633544922 31.466976165771484 30.570144653320312 30.997055053710938 
68.20861053466797 30.13100814819336 29.977088928222656 31.405120849609375 31.24060821533203 30.758432388305664 31.3222713470459 68.23478698730469 38.787105560302734 30.559711456298828 30.513216018676758 30.62112045288086 30.5633602142334 30.297439575195312 31.028352737426758 31.2174072265625 
74.21743774414062 29.967391967773438 30.377471923828125 30.34377670288086 30.90399932861328 31.591615676879883 30.747968673706055 100.85485076904297 36.395809173583984 30.539199829101562 30.880863189697266 30.794015884399414 31.055583953857422 31.040864944458008 31.004608154296875 30.89289665222168 
68.01033782958984 29.94121551513672 31.52524757385254 30.785375595092773 31.408287048339844 30.593791961669922 30.707103729248047 104.83392333984375 38.326560974121094 30.490272521972656 30.60665512084961 30.946176528930664 30.687040328979492 30.34988784790039 30.483776092529297 31.856639862060547 
71.05785369873047 29.945728302001953 30.66713523864746 30.782207489013672 30.358335494995117 30.338720321655273 31.22617530822754 81.03196716308594 37.117183685302734 30.678144454956055 30.4737606048584 30.846176147460938 30.475231170654297 31.198688507080078 30.46620750427246 30.671039581298828 
67.88400268554688 29.913728713989258 30.1177921295166 30.783296585083008 30.41801643371582 30.496671676635742 31.58687973022461 99.43087768554688 37.57516860961914 30.389055252075195 30.63907241821289 30.491775512695312 30.55276870727539 30.71228790283203 30.951007843017578 31.031583786010742 
67.80284881591797 29.920352935791016 30.646272659301758 30.364831924438477 30.39206314086914 30.589696884155273 30.848480224609375 97.92809295654297 37.25641632080078 30.848127365112305 30.414335250854492 30.283615112304688 30.771167755126953 30.658239364624023 30.940351486206055 31.00284767150879 
71.05977630615234 29.92972755432129 30.868896484375 31.561471939086914 31.795583724975586 30.76518440246582 31.363264083862305 90.84547424316406 39.72911834716797 30.495519638061523 30.313695907592773 31.58678436279297 30.603519439697266 30.56928062438965 30.64975929260254 30.71494483947754 
72.02374267578125 29.87843132019043 31.25449562072754 30.79078483581543 30.916128158569336 30.491872787475586 31.053600311279297 87.49881744384766 37.330078125 30.416736602783203 30.9649600982666 30.800928115844727 31.221376419067383 30.416351318359375 31.399456024169922 30.489343643188477 
67.84143829345703 30.600479125976562 30.62873649597168 30.454912185668945 30.085023880004883 30.032672882080078 30.567039489746094 103.17097473144531 39.07516860961914 30.2040958404541 30.653696060180664 30.65760040283203 30.510208129882812 31.36751937866211 30.79520034790039 30.83350372314453 
71.2628173828125 31.331392288208008 31.341215133666992 31.81007957458496 30.95136070251465 31.45568084716797 31.668224334716797 100.05852508544922 40.955169677734375 31.143007278442383 31.27129554748535 31.25052833557129 31.15558433532715 31.31942367553711 31.319232940673828 31.278112411499023 
48.33500671386719 31.180639266967773 31.293888092041016 32.16640090942383 32.60179138183594 31.632192611694336 31.475360870361328 32.1192626953125 36.85318374633789 30.880191802978516 30.92416000366211 30.86739158630371 30.906240463256836 31.759071350097656 31.065471649169922 30.849119186401367 
48.4318733215332 30.59587287902832 31.31564712524414 31.493568420410156 31.894304275512695 31.96601676940918 31.31920051574707 30.891199111938477 35.87081527709961 30.81113624572754 30.700927734375 30.87811279296875 31.00592041015625 31.0001277923584 31.10972785949707 30.756959915161133 
48.48579025268555 31.27555274963379 31.28291130065918 31.78339195251465 31.133216857910156 31.282527923583984 31.837600708007812 103.47872161865234 38.68172836303711 30.799264907836914 30.768447875976562 31.426944732666016 31.032896041870117 31.001567840576172 31.098112106323242 32.10646438598633 
52.70518493652344 31.092159271240234 30.777055740356445 31.190719604492188 31.375808715820312 32.45328140258789 32.43503952026367 31.53571128845215 38.26367950439453 31.1527042388916 31.192800521850586 30.92064094543457 31.473312377929688 31.42639923095703 31.1461124420166 31.177152633666992 
49.55491256713867 31.556640625 31.521408081054688 32.45091247558594 32.54652786254883 31.770431518554688 31.012351989746094 31.06768035888672 35.95532989501953 31.037120819091797 30.95680046081543 30.978111267089844 31.023103713989258 31.14019203186035 31.06438446044922 30.996192932128906 
50.496192932128906 31.484031677246094 31.255712509155273 31.230016708374023 30.866783142089844 32.00143814086914 31.248031616210938 101.59292602539062 37.799041748046875 30.83286476135254 30.81395149230957 30.971263885498047 30.865184783935547 30.895200729370117 30.815359115600586 32.00950241088867 
46.2625617980957 31.41004753112793 30.886783599853516 31.139039993286133 31.721599578857422 31.877151489257812 31.666976928710938 82.4386215209961 37.237056732177734 31.069631576538086 30.82569694519043 31.058719635009766 30.92153549194336 31.165088653564453 31.09619140625 31.16521644592285 
49.27689743041992 30.882688522338867 31.7359676361084 31.718847274780273 31.893407821655273 32.5022087097168 31.74950408935547 112.3252182006836 39.33350372314453 30.74358367919922 30.975744247436523 31.015167236328125 31.288320541381836 30.922143936157227 31.104768753051758 32.38959884643555 
47.432640075683594 30.957311630249023 31.58812713623047 31.699840545654297 32.01718521118164 31.85763168334961 30.99945640563965 31.467775344848633 40.19027328491211 30.864351272583008 30.959903717041016 30.914016723632812 31.165632247924805 31.149919509887695 30.888063430786133 31.11507225036621 
44.40857696533203 26.00422477722168 27.0863037109375 27.52444839477539 26.729440689086914 26.662336349487305 26.87107276916504 35.19033432006836 32.50310516357422 26.658687591552734 26.763200759887695 26.586944580078125 26.390335083007812 26.76905632019043 26.9052791595459 26.680511474609375 
42.23769760131836 25.943359375 26.305471420288086 26.68953514099121 27.204992294311523 26.789215087890625 26.74799919128418 99.86115264892578 34.37334442138672 26.73334312438965 26.65430450439453 26.698495864868164 26.589248657226562 27.015039443969727 26.65782356262207 26.539743423461914 
40.120479583740234 26.029375076293945 26.06617546081543 26.344192504882812 26.62112045288086 26.88876724243164 26.666528701782227 27.238431930541992 34.47520065307617 26.784832000732422 26.86777687072754 26.41753578186035 26.534591674804688 26.54902458190918 26.931903839111328 27.323551177978516 
42.27334213256836 26.39731216430664 26.54332733154297 26.601343154907227 27.467775344848633 27.338111877441406 26.73993682861328 27.515647888183594 32.77926254272461 26.375871658325195 26.569631576538086 26.868511199951172 26.802335739135742 26.678592681884766 26.373279571533203 26.46790313720703 
50.66819381713867 26.162431716918945 26.3635196685791 26.214303970336914 26.739839553833008 27.176864624023438 26.628511428833008 27.15648078918457 35.01724624633789 26.273696899414062 26.50886344909668 26.778751373291016 26.88390350341797 27.57107162475586 26.709632873535156 26.6112003326416 
42.209598541259766 25.99920082092285 26.04364776611328 26.324064254760742 26.746335983276367 26.67407989501953 26.8374080657959 27.003807067871094 32.09711837768555 26.86947250366211 26.703807830810547 26.4454402923584 26.831167221069336 26.79737663269043 26.9869441986084 26.517728805541992 
39.05177688598633 26.002975463867188 26.903743743896484 27.253536224365234 26.970624923706055 27.189727783203125 27.030336380004883 26.7205753326416 31.237728118896484 26.84172821044922 26.655616760253906 26.671424865722656 27.069599151611328 26.483871459960938 26.369632720947266 26.81203269958496 
39.036094665527344 26.029279708862305 26.464927673339844 27.023775100708008 27.67420768737793 26.86777687072754 27.060415267944336 26.756223678588867 35.390174865722656 26.599712371826172 26.180511474609375 26.590944290161133 26.916767120361328 27.254880905151367 26.44700813293457 26.56870460510254 
40.12895965576172 26.021984100341797 26.09107208251953 26.180095672607422 26.82588768005371 26.587648391723633 27.44278335571289 27.27414321899414 34.96201705932617 26.602144241333008 26.458784103393555 26.46678352355957 27.571680068969727 26.808191299438477 26.48271942138672 26.792959213256836 
39.1223030090332 26.05392074584961 26.045312881469727 26.90982437133789 26.975040435791016 26.84662437438965 27.227008819580078 26.978912353515625 33.12905502319336 26.782432556152344 26.809951782226562 26.466976165771484 26.29520034790039 26.98467254638672 26.988544464111328 26.8885440826416 
38.295616149902344 23.1212158203125 23.757888793945312 23.91641616821289 23.847551345825195 23.69856071472168 23.793664932250977 24.219039916992188 31.174560546875 23.581087112426758 23.81270408630371 24.350048065185547 23.97907257080078 23.55411148071289 23.462528228759766 23.16204833984375 
37.279136657714844 22.994112014770508 23.15132713317871 23.086719512939453 23.24198341369629 24.207839965820312 24.32588768005371 23.868576049804688 30.76598358154297 23.435327529907227 23.457664489746094 23.452735900878906 23.903135299682617 23.40764808654785 23.569759368896484 23.58278465270996 
38.320350646972656 23.039167404174805 23.076736450195312 23.292320251464844 23.23040008544922 24.34003257751465 24.265119552612305 24.031808853149414 30.220672607421875 23.3571834564209 23.572032928466797 23.323455810546875 23.668384552001953 23.422176361083984 23.7139835357666 23.5817928314209 
38.3177604675293 23.016576766967773 23.254175186157227 23.640031814575195 23.555360794067383 23.46713638305664 23.559520721435547 24.36172866821289 31.115135192871094 23.368192672729492 23.426559448242188 23.61199951171875 23.647872924804688 23.476064682006836 23.501312255859375 23.91632080078125 
39.34473419189453 22.976160049438477 23.189855575561523 23.410816192626953 23.39993667602539 23.371456146240234 24.099872589111328 24.10358428955078 29.261247634887695 23.497215270996094 23.373760223388672 23.837984085083008 23.44611167907715 23.3338565826416 23.67705535888672 23.668447494506836 
37.25689697265625 22.965856552124023 23.062623977661133 23.85296058654785 24.17043113708496 24.184959411621094 23.570880889892578 23.396703720092773 27.50383949279785 23.504032135009766 24.059871673583984 23.406688690185547 23.650592803955078 23.635007858276367 23.85590362548828 23.98956871032715 
38.26211166381836 23.008800506591797 23.144224166870117 23.843551635742188 23.62156867980957 23.376895904541016 23.39459228515625 24.0413761138916 32.669921875 23.3154239654541 23.74812889099121 23.919200897216797 23.42393684387207 23.73699188232422 23.695871353149414 23.728063583374023 
38.28883361816406 22.989824295043945 23.30988883972168 23.278879165649414 23.6213436126709 24.743295669555664 24.712448120117188 24.037599563598633 29.272735595703125 23.318687438964844 23.4487361907959 23.640960693359375 23.357215881347656 23.68921661376953 23.766559600830078 23.47871971130371 
36.18431854248047 23.001279830932617 23.059616088867188 24.344192504882812 24.76255989074707 24.218656539916992 23.571680068969727 23.5579833984375 28.541088104248047 23.69001579284668 23.312511444091797 23.734495162963867 23.887264251708984 23.452064514160156 23.541664123535156 23.572416305541992 
37.23263931274414 23.104448318481445 23.247072219848633 23.638336181640625 23.625856399536133 23.355104446411133 23.527328491210938 24.888160705566406 31.272512435913086 23.463712692260742 23.47590446472168 23.524288177490234 23.357759475708008 23.715007781982422 23.640127182006836 23.467071533203125 
26.279712677001953 18.77619171142578 18.824447631835938 19.026592254638672 19.251615524291992 19.465696334838867 19.554399490356445 19.490272521972656 25.167552947998047 19.785823822021484 19.166976928710938 19.204288482666016 19.294015884399414 19.33456039428711 19.40892791748047 19.189472198486328 
25.33407974243164 15.087072372436523 15.259167671203613 17.811552047729492 16.871360778808594 15.329376220703125 15.239104270935059 15.431039810180664 19.180959701538086 19.426048278808594 15.50483226776123 15.41808032989502 16.1627197265625 15.889504432678223 15.349408149719238 15.861087799072266 
24.01363182067871 18.629056930541992 18.828096389770508 18.859359741210938 19.0296630859375 19.517375946044922 19.471904754638672 19.46668815612793 24.69366455078125 19.390239715576172 19.397951126098633 19.143903732299805 19.139999389648438 18.876768112182617 19.111488342285156 19.14249610900879 
17.486656188964844 15.149215698242188 15.149120330810547 15.170975685119629 15.951519966125488 15.517919540405273 15.505632400512695 15.411423683166504 18.47612762451172 22.639135360717773 15.805567741394043 15.905983924865723 15.805279731750488 16.109344482421875 16.14240074157715 15.356512069702148 
24.0645751953125 18.60095977783203 18.68390464782715 18.73200035095215 18.950559616088867 18.98124885559082 38.80857467651367 19.094560623168945 24.15827178955078 19.190528869628906 19.010080337524414 19.371360778808594 19.129344940185547 19.097631454467773 19.047359466552734 19.504287719726562 
22.1777286529541 15.115776062011719 15.17529582977295 15.315936088562012 17.922687530517578 15.059231758117676 15.058112144470215 15.458880424499512 17.770816802978516 21.440383911132812 15.77676773071289 15.850815773010254 15.221504211425781 15.809599876403809 15.383423805236816 15.690655708312988 
24.111360549926758 18.631519317626953 18.71321678161621 18.771743774414062 18.975168228149414 19.233951568603516 32.16579055786133 18.954208374023438 24.630367279052734 19.266559600830078 18.90630340576172 18.96905517578125 18.95929527282715 18.946016311645508 19.419551849365234 19.06403160095215 
16.681503295898438 15.274271965026855 15.236288070678711 15.086175918579102 19.802560806274414 15.264415740966797 15.308064460754395 15.513279914855957 18.827775955200195 20.187776565551758 15.546303749084473 15.403648376464844 15.810432434082031 15.70412826538086 15.62435245513916 15.45263957977295 
24.26380729675293 18.656959533691406 18.685056686401367 18.87059211730957 18.85536003112793 18.935680389404297 34.47859191894531 18.8985595703125 26.38630485534668 19.339584350585938 19.326175689697266 18.907136917114258 19.12726402282715 19.14486312866211 19.36355209350586 19.157760620117188 
20.592479705810547 15.332351684570312 15.260064125061035 19.540895462036133 17.972543716430664 15.094079971313477 15.099007606506348 15.413536071777344 15.787808418273926 16.06777572631836 15.783167839050293 15.455231666564941 15.665056228637695 16.184831619262695 15.766783714294434 15.410240173339844 
24.022655487060547 18.625696182250977 18.605375289916992 18.71993637084961 19.116191864013672 19.152223587036133 31.266368865966797 19.0350399017334 24.82953643798828 19.122175216674805 19.07276725769043 19.0250244140625 19.44393539428711 19.192960739135742 19.19830322265625 19.22710418701172 
20.994911193847656 15.13532829284668 15.125215530395508 15.152064323425293 15.071552276611328 15.170687675476074 15.437631607055664 15.650015830993652 19.33647918701172 20.45792007446289 15.415040016174316 15.784735679626465 15.808095932006836 15.524127960205078 15.592351913452148 16.2741756439209 
24.897632598876953 18.596832275390625 18.640127182006836 18.696128845214844 18.8636474609375 18.870336532592773 42.4956169128418 19.072864532470703 24.71491241455078 19.434175491333008 19.38412857055664 19.52035140991211 19.30975914001465 19.26495933532715 19.071104049682617 19.248640060424805 
19.74224090576172 15.134495735168457 15.10700798034668 15.218111991882324 15.589088439941406 15.5600004196167 15.684320449829102 15.659392356872559 19.048128128051758 21.0795841217041 15.416959762573242 15.260831832885742 15.841952323913574 15.339648246765137 15.222432136535645 15.997983932495117 
24.164287567138672 18.62175941467285 18.704160690307617 18.823104858398438 18.83033561706543 19.041791915893555 38.64432144165039 18.96294403076172 24.5164794921875 19.22310447692871 19.388351440429688 18.761728286743164 19.521343231201172 19.20751953125 19.140256881713867 19.43497657775879 
19.159103393554688 15.1178560256958 15.142975807189941 15.313023567199707 19.3853759765625 15.199935913085938 15.46940803527832 15.555935859680176 19.860607147216797 19.760671615600586 15.558624267578125 16.5831356048584 15.742591857910156 15.599231719970703 16.078399658203125 15.614591598510742 
24.06399917602539 18.683712005615234 18.598783493041992 18.721120834350586 18.841951370239258 18.80086326599121 18.943296432495117 19.495296478271484 22.158143997192383 19.564735412597656 20.51206398010254 19.27257537841797 19.091840744018555 19.407136917114258 18.989887237548828 19.399328231811523 
19.332223892211914 15.194879531860352 15.148127555847168 19.866687774658203 15.123200416564941 15.043935775756836 15.3853120803833 15.46288013458252 19.80713653564453 19.306720733642578 15.855520248413086 15.292032241821289 15.273823738098145 15.486592292785645 16.55766487121582 16.054079055786133 
24.18489646911621 18.663679122924805 18.644128799438477 18.671199798583984 18.6876163482666 57.93824005126953 18.71824073791504 19.06332778930664 21.58233642578125 19.273632049560547 18.986303329467773 19.212608337402344 19.3055362701416 19.28054428100586 19.420896530151367 19.37161636352539 
15.780351638793945 15.2673921585083 15.080063819885254 15.15062427520752 15.243103981018066 15.485983848571777 15.537887573242188 15.509568214416504 18.720096588134766 21.241695404052734 15.645855903625488 16.30316734313965 15.76848030090332 15.50380802154541 16.335840225219727 15.769760131835938 
31.278560638427734 20.47964859008789 20.609600067138672 20.82441520690918 21.017824172973633 21.08723258972168 20.943328857421875 21.09644889831543 25.118623733520508 21.0581111907959 20.895296096801758 21.12860870361328 21.07663917541504 20.935232162475586 20.988000869750977 21.19171142578125 
21.768320083618164 21.517183303833008 22.25222396850586 22.545440673828125 22.572895050048828 22.010303497314453 21.8239688873291 21.45097541809082 25.073631286621094 21.33417510986328 22.976160049438477 21.64041519165039 21.71718406677246 21.671295166015625 21.86275291442871 21.710559844970703 
44.87580871582031 20.523008346557617 20.509504318237305 20.529184341430664 20.70140838623047 20.8088321685791 20.835519790649414 145.2993927001953 24.10848045349121 21.375104904174805 20.863807678222656 21.45267105102539 20.975231170654297 21.083232879638672 21.384319305419922 20.983135223388672 
21.684223175048828 21.32383918762207 21.29484748840332 21.610240936279297 21.652320861816406 21.861215591430664 22.765024185180664 22.79350471496582 26.15667152404785 21.39299201965332 21.585376739501953 22.583168029785156 21.791231155395508 22.46246337890625 21.88262367248535 21.77187156677246 
65.8707504272461 20.45132827758789 20.684223175048828 20.691328048706055 21.289888381958008 21.08121681213379 20.992000579833984 167.4667510986328 24.08019256591797 21.359424591064453 20.92585563659668 21.49126434326172 20.989120483398438 20.97577667236328 21.44416046142578 20.868671417236328 
21.764928817749023 21.47065544128418 21.394624710083008 21.686016082763672 21.64259147644043 22.427135467529297 22.59187126159668 22.44767951965332 25.638975143432617 21.4736328125 21.794015884399414 21.779071807861328 21.53945541381836 21.569984436035156 21.783327102661133 21.809791564941406 
61.67353439331055 20.493087768554688 20.48691177368164 20.662975311279297 20.845792770385742 20.861215591430664 20.820863723754883 151.35983276367188 25.163423538208008 21.19798469543457 21.287904739379883 21.08064079284668 20.79897689819336 21.178943634033203 21.12895965576172 21.06172752380371 
21.576927185058594 21.58697509765625 21.60268783569336 21.750431060791016 21.914655685424805 21.840063095092773 21.591392517089844 21.624799728393555 24.592191696166992 21.604352951049805 21.572608947753906 21.794048309326172 21.736896514892578 21.920000076293945 21.594240188598633 21.97875213623047 
72.02902221679688 20.52582359313965 20.823232650756836 20.84668731689453 21.240768432617188 21.22982406616211 21.253568649291992 20.857343673706055 24.439584732055664 21.087583541870117 21.292831420898438 21.169696807861328 20.857759475708008 21.302431106567383 21.119104385375977 21.016639709472656 
21.619199752807617 21.580415725708008 21.841472625732422 21.995744705200195 22.21286392211914 21.849952697753906 21.649824142456055 21.658687591552734 21.69910430908203 21.389856338500977 21.726911544799805 21.52012825012207 22.026016235351562 21.58515167236328 21.94211196899414 21.65376091003418 
66.32054138183594 20.500032424926758 20.51375961303711 20.70262336730957 21.094879150390625 21.072832107543945 21.23699188232422 172.07875061035156 24.08291244506836 20.805343627929688 21.038623809814453 21.069568634033203 20.990400314331055 21.276960372924805 21.13350486755371 20.908863067626953 
21.914976119995117 22.097503662109375 22.19385528564453 22.19264030456543 21.99577522277832 21.624799728393555 21.44428825378418 21.65577507019043 23.576095581054688 21.484960556030273 21.391616821289062 21.631263732910156 21.79871940612793 21.622079849243164 21.55174446105957 22.023391723632812 
88.35446166992188 20.53286361694336 20.513919830322266 20.65990447998047 20.90505599975586 20.85055923461914 20.843456268310547 20.98307228088379 24.326879501342773 21.403968811035156 20.782655715942383 20.947519302368164 21.246976852416992 21.15932846069336 20.924575805664062 21.274431228637695 
21.81702423095703 21.59836769104004 21.80191993713379 21.772607803344727 21.78438377380371 21.641632080078125 21.59814453125 21.446880340576172 25.18022346496582 22.399839401245117 21.97996711730957 21.63033676147461 21.711135864257812 21.776031494140625 21.753087997436523 22.002975463867188 
54.38576126098633 20.40457534790039 20.91152000427246 21.17900848388672 21.46588706970215 21.338783264160156 21.05846405029297 166.5977020263672 20.677568435668945 21.18364715576172 20.869951248168945 22.556991577148438 20.92211151123047 21.091327667236328 21.006336212158203 21.607135772705078 
21.639616012573242 21.764448165893555 21.764223098754883 21.984479904174805 21.774784088134766 21.642847061157227 21.681407928466797 21.659072875976562 23.612159729003906 21.386720657348633 21.573856353759766 21.74847984313965 22.175968170166016 21.87993621826172 21.716415405273438 21.86185646057129 
65.86732482910156 20.498367309570312 20.685216903686523 20.82815933227539 20.85366439819336 21.103168487548828 21.289600372314453 162.5004119873047 23.971040725708008 20.947935104370117 21.850751876831055 21.23891258239746 21.04902458190918 20.940031051635742 21.323007583618164 21.11190414428711 
21.51241683959961 21.4036808013916 21.475296020507812 21.435455322265625 21.669952392578125 21.803455352783203 21.636959075927734 21.694944381713867 24.126911163330078 21.42576026916504 21.491104125976562 21.464191436767578 22.05948829650879 21.503103256225586 21.79814338684082 21.77292823791504 
63.79171371459961 20.521120071411133 20.65350341796875 20.85126495361328 21.081695556640625 21.133663177490234 21.220735549926758 169.1451873779297 22.454912185668945 21.29769515991211 20.82476806640625 20.905344009399414 21.091167449951172 20.91654396057129 21.082111358642578 21.079519271850586 
22.4202880859375 21.39289665222168 21.54003143310547 21.498016357421875 21.703935623168945 22.37161636352539 22.26924705505371 22.068096160888672 22.400991439819336 21.47113609313965 21.561119079589844 21.342880249023438 21.813695907592773 21.853248596191406 21.483455657958984 21.98111915588379 
78.88492584228516 29.626752853393555 29.472671508789062 29.495071411132812 29.611135482788086 29.517696380615234 30.747295379638672 31.03740882873535 33.21209716796875 29.767168045043945 29.940736770629883 30.385791778564453 29.70502471923828 30.151775360107422 30.698368072509766 30.03696060180664 
69.50800323486328 29.218080520629883 29.50102424621582 30.531103134155273 30.79248046875 30.731231689453125 29.778911590576172 30.463520050048828 37.34147262573242 29.746976852416992 30.214496612548828 30.697023391723633 30.1048641204834 30.18796730041504 30.330080032348633 29.95369529724121 
61.25503921508789 29.27452850341797 30.147327423095703 30.764799118041992 30.57596778869629 30.76927947998047 30.326976776123047 30.75379180908203 32.95248031616211 29.7042236328125 30.351072311401367 29.781408309936523 31.74880027770996 29.989696502685547 30.323999404907227 30.18400001525879 
67.41590118408203 29.65228843688965 29.709375381469727 30.839872360229492 31.02777671813965 30.434816360473633 30.004703521728516 30.5883846282959 34.93904113769531 30.250080108642578 30.130048751831055 29.766111373901367 30.335071563720703 29.87273597717285 30.100383758544922 29.748384475708008 
65.54991912841797 29.722015380859375 29.65782356262207 30.5927677154541 30.483552932739258 30.388063430786133 29.840063095092773 29.900991439819336 35.63276672363281 30.0020809173584 29.705408096313477 30.419647216796875 30.21766471862793 30.21366310119629 30.3123836517334 30.22208023071289 
66.41852569580078 30.107391357421875 30.56768035888672 31.208511352539062 31.054431915283203 31.115488052368164 31.414623260498047 33.20105743408203 34.7125129699707 29.73404884338379 30.097280502319336 29.685855865478516 29.832544326782227 30.36966323852539 30.50387191772461 30.067487716674805 
66.33106994628906 29.444671630859375 30.022911071777344 30.81497573852539 31.03548812866211 30.791967391967773 30.405792236328125 31.285184860229492 37.891326904296875 30.097055435180664 30.051359176635742 30.574560165405273 30.498111724853516 29.808191299438477 29.93401527404785 30.42892837524414 
85.23686218261719 29.260480880737305 30.93395233154297 30.768896102905273 31.117536544799805 30.20476722717285 30.449472427368164 29.835519790649414 33.138336181640625 30.04560089111328 29.576799392700195 30.051776885986328 30.042591094970703 30.3907527923584 30.43302345275879 30.23539161682129 
64.34809875488281 29.26527976989746 29.305919647216797 30.618688583374023 30.228416442871094 30.090879440307617 30.308576583862305 30.541248321533203 39.285823822021484 30.3209285736084 32.06963348388672 29.69318389892578 30.308223724365234 30.236032485961914 29.886112213134766 30.13929557800293 
89.41664123535156 29.317951202392578 30.463743209838867 30.828895568847656 30.75004768371582 30.493568420410156 30.458528518676758 30.428287506103516 35.29414367675781 30.054367065429688 29.969696044921875 30.360576629638672 31.044063568115234 30.12950325012207 30.224544525146484 30.292831420898438 
54.36800003051758 20.97145652770996 21.34467124938965 21.439807891845703 21.69945526123047 21.458528518676758 21.39574432373047 57.507423400878906 26.79689598083496 21.791584014892578 21.59721565246582 22.022687911987305 21.779455184936523 21.938720703125 21.615968704223633 21.582048416137695 
20.213600158691406 19.690624237060547 19.742271423339844 19.755647659301758 19.85798454284668 19.884384155273438 19.732288360595703 19.7490234375 23.370847702026367 20.76006317138672 20.151103973388672 20.012895584106445 20.060928344726562 20.106943130493164 20.10700798034668 20.076608657836914 
51.37343978881836 21.05423927307129 21.65488052368164 22.135744094848633 22.229280471801758 21.850879669189453 180.82464599609375 20.956607818603516 25.53990364074707 21.464096069335938 22.086559295654297 21.877567291259766 21.592159271240234 22.352319717407227 21.638368606567383 21.590944290161133 
20.348480224609375 19.57097625732422 19.456832885742188 19.520736694335938 19.572895050048828 19.568735122680664 19.571680068969727 19.812576293945312 23.045759201049805 20.473663330078125 20.891103744506836 20.029600143432617 19.624448776245117 20.15667152404785 19.9770565032959 19.975679397583008 
49.17340850830078 21.392127990722656 20.98963165283203 21.08563232421875 21.268768310546875 21.568992614746094 21.992448806762695 189.46768188476562 25.374719619750977 22.01532745361328 22.174463272094727 21.509855270385742 21.428512573242188 21.613983154296875 21.18854331970215 21.655263900756836 
19.7587833404541 19.4736328125 19.91484832763672 20.102144241333008 20.147167205810547 20.237632751464844 20.217599868774414 20.235551834106445 22.102367401123047 20.36137580871582 20.23200035095215 19.98624038696289 20.222047805786133 20.038848876953125 20.08086395263672 20.15433692932129 
53.476097106933594 21.142559051513672 21.001535415649414 21.279071807861328 22.070720672607422 22.03513526916504 186.78182983398438 21.04591941833496 25.460128784179688 21.872671127319336 21.185312271118164 21.65376091003418 21.53094482421875 21.744831085205078 21.607423782348633 21.705535888671875 
20.50249671936035 19.79427146911621 19.769216537475586 19.769887924194336 19.715967178344727 19.6977596282959 19.686559677124023 19.872224807739258 23.057279586791992 20.157791137695312 19.719167709350586 19.846752166748047 20.193567276000977 19.712736129760742 19.807775497436523 19.93008041381836 
50.327392578125 21.27190399169922 21.011680603027344 21.290143966674805 21.48102378845215 21.524511337280273 198.26966857910156 20.982688903808594 23.791200637817383 21.770816802978516 21.594240188598633 21.970176696777344 22.141759872436523 21.644351959228516 21.94611167907715 21.833696365356445 
20.249536514282227 19.636320114135742 19.44051170349121 19.47488021850586 19.55241584777832 19.799232482910156 19.600671768188477 19.60950469970703 24.5784969329834 20.516672134399414 20.503040313720703 20.396608352661133 20.048704147338867 20.873760223388672 19.865663528442383 20.547840118408203 
46.13932800292969 21.189119338989258 21.029056549072266 21.035648345947266 21.061952590942383 21.193632125854492 21.518367767333984 174.13084411621094 26.858911514282227 21.955360412597656 21.741024017333984 21.70844841003418 21.521663665771484 21.80463981628418 21.64543914794922 21.70649528503418 
20.108383178710938 19.815807342529297 19.87660789489746 20.536319732666016 20.617631912231445 20.569856643676758 20.49907112121582 20.551103591918945 23.075136184692383 20.46691131591797 19.95008087158203 21.01728057861328 20.19398307800293 20.363840103149414 20.1810245513916 20.013120651245117 
51.171871185302734 21.175968170166016 21.274784088134766 21.388320922851562 21.90492820739746 21.886688232421875 21.345632553100586 193.5643768310547 27.37273597717285 21.818944931030273 21.766080856323242 21.738176345825195 21.78544044494629 21.717344284057617 21.82489585876465 22.004287719726562 
20.275711059570312 19.73219108581543 19.89740753173828 19.94620704650879 20.07583999633789 20.02511978149414 20.255903244018555 20.17478370666504 23.592416763305664 20.110719680786133 19.737375259399414 20.023136138916016 19.76032066345215 20.14124870300293 19.93280029296875 20.180864334106445 
52.1929931640625 21.29302406311035 21.69171142578125 21.887296676635742 21.9583683013916 21.93052864074707 174.2150421142578 20.97452735900879 25.66281509399414 21.537887573242188 23.657791137695312 21.566272735595703 21.623008728027344 21.75801658630371 21.659168243408203 21.84761619567871 
19.946687698364258 19.76972770690918 20.08393669128418 20.168575286865234 19.844831466674805 20.321664810180664 20.219327926635742 20.23859214782715 23.62860870361328 20.44268798828125 19.79859161376953 19.84966468811035 20.01571273803711 20.140127182006836 20.11414337158203 19.95849609375 
52.392513275146484 21.08710479736328 21.21251106262207 21.158079147338867 21.208160400390625 21.2607364654541 21.338848114013672 170.87046813964844 24.780160903930664 21.970239639282227 21.583744049072266 21.448959350585938 21.89753532409668 21.76358413696289 21.641023635864258 22.223424911499023 
19.981760025024414 19.684864044189453 19.718847274780273 19.8221435546875 20.298688888549805 20.431135177612305 20.492095947265625 20.404224395751953 23.291391372680664 20.67148780822754 20.273439407348633 20.219295501708984 20.18124771118164 19.722335815429688 20.052255630493164 19.851295471191406 
54.54044723510742 21.169984817504883 21.156160354614258 21.271072387695312 21.26051139831543 21.33078384399414 189.5050506591797 20.96428871154785 25.962751388549805 21.517311096191406 22.41334342956543 21.755775451660156 21.723743438720703 21.853151321411133 22.040992736816406 21.52284812927246 
20.22755241394043 19.65203285217285 19.53727912902832 19.537439346313477 19.55673599243164 19.683008193969727 19.566207885742188 19.5665283203125 23.32169532775879 20.362655639648438 20.218143463134766 20.157344818115234 20.69148826599121 19.962080001831055 19.978912353515625 20.226463317871094 
79.75830078125 27.697311401367188 27.802112579345703 27.738399505615234 29.88252830505371 27.545791625976562 28.384479522705078 110.08694458007812 35.547393798828125 27.891103744506836 28.338048934936523 27.866655349731445 28.142303466796875 28.625856399536133 27.853599548339844 27.93791961669922 
44.21654510498047 34.881343841552734 28.570688247680664 27.861759185791016 28.19055938720703 27.61836814880371 28.195295333862305 92.21036529541016 33.26095962524414 27.949567794799805 27.606016159057617 28.464832305908203 28.009920120239258 28.248544692993164 28.23868751525879 28.491167068481445 
48.52159881591797 30.40880012512207 28.8855037689209 27.664159774780273 28.89014434814453 28.275423049926758 28.432544708251953 94.17542266845703 35.566593170166016 28.178367614746094 28.8089599609375 28.364063262939453 28.216928482055664 27.74652862548828 28.03011131286621 28.611583709716797 
45.353790283203125 33.52540969848633 27.899072647094727 28.789247512817383 28.373727798461914 29.16655921936035 28.832256317138672 87.96176147460938 34.55827331542969 27.807968139648438 27.38819122314453 28.12175941467285 28.6177921295166 28.087711334228516 27.594175338745117 28.516767501831055 
54.709537506103516 33.28790283203125 28.906015396118164 27.63043212890625 27.995071411132812 27.89673614501953 27.90108871459961 119.51948547363281 43.25609588623047 27.610143661499023 27.6561279296875 28.157791137695312 28.290464401245117 27.7741756439209 28.132448196411133 28.341567993164062 
47.201759338378906 29.619935989379883 30.103168487548828 28.145856857299805 28.75699234008789 28.682207107543945 27.95235252380371 85.83369445800781 35.607486724853516 27.7521915435791 28.3690242767334 28.272384643554688 27.85843276977539 28.290943145751953 28.643999099731445 28.36319923400879 
46.36790466308594 35.47340774536133 27.655391693115234 27.857887268066406 28.811935424804688 28.29363250732422 28.497568130493164 78.66073608398438 34.2149772644043 28.077312469482422 28.5479679107666 28.122112274169922 28.302207946777344 28.283584594726562 27.805376052856445 28.203840255737305 
44.22342300415039 32.3205451965332 28.007999420166016 28.72220802307129 27.536640167236328 30.04572868347168 27.920896530151367 88.45661163330078 36.155006408691406 27.739871978759766 27.795488357543945 28.290239334106445 27.699167251586914 28.374528884887695 28.637632369995117 27.80201530456543 
45.34102249145508 33.4574089050293 27.771615982055664 28.578880310058594 28.001760482788086 28.200607299804688 33.28569412231445 90.77974700927734 36.37567901611328 27.93903923034668 28.267711639404297 28.690624237060547 28.917024612426758 27.901792526245117 28.21548843383789 27.86751937866211 
48.4552001953125 32.37196731567383 28.45795249938965 28.04572868347168 28.05411148071289 28.69811248779297 27.78112030029297 87.6275863647461 35.20809555053711 27.902048110961914 29.081472396850586 27.954912185668945 28.350143432617188 28.27782440185547 27.601856231689453 28.18499183654785 
33.549217224121094 18.909727096557617 20.343839645385742 19.806272506713867 45.16166305541992 18.815711975097656 18.895872116088867 19.451648712158203 20.92665672302246 19.700767517089844 19.194015502929688 19.2523193359375 19.291168212890625 19.15827178955078 19.57097625732422 19.269439697265625 
35.75193786621094 18.8242244720459 18.802400588989258 18.882463455200195 18.921184539794922 19.279199600219727 18.969215393066406 18.994911193847656 24.730144500732422 19.40345573425293 19.62403106689453 19.912160873413086 19.564224243164062 19.685535430908203 19.45782470703125 19.61257553100586 
41.9686393737793 18.802528381347656 19.146047592163086 19.43724822998047 19.57200050354004 19.536544799804688 19.640832901000977 20.00022315979004 22.337791442871094 19.609952926635742 20.481952667236328 19.224319458007812 19.37500762939453 19.671104431152344 19.228864669799805 19.38038444519043 
41.01500701904297 18.811519622802734 19.10710334777832 19.49635124206543 19.757951736450195 19.882976531982422 19.902847290039062 19.869855880737305 25.823392868041992 19.920255661010742 19.228736877441406 19.46601676940918 19.117984771728516 19.31715202331543 19.34604835510254 19.458879470825195 
43.06563186645508 18.771072387695312 18.887744903564453 19.525503158569336 19.852447509765625 19.989376068115234 19.958688735961914 19.947999954223633 25.979328155517578 19.22447967529297 19.184064865112305 19.18832015991211 19.6297607421875 19.198368072509766 18.879199981689453 19.4051513671875 
38.84214401245117 18.82486343383789 18.821760177612305 18.86969566345215 18.874975204467773 18.876319885253906 19.117055892944336 19.053279876708984 22.69584083557129 20.1046085357666 19.675935745239258 19.633087158203125 19.517440795898438 19.39139175415039 19.757343292236328 19.173856735229492 
37.84947204589844 18.763839721679688 18.824064254760742 18.80988883972168 18.954687118530273 18.961055755615234 19.03887939453125 19.21820831298828 22.79929542541504 19.525856018066406 19.678016662597656 20.210752487182617 19.479488372802734 19.500991821289062 19.589696884155273 19.413663864135742 
49.415199279785156 18.794944763183594 19.020063400268555 19.215456008911133 19.332416534423828 19.322879791259766 19.673280715942383 20.161056518554688 22.516992568969727 19.495136260986328 19.574623107910156 19.597984313964844 19.575040817260742 20.27225685119629 19.53113555908203 19.482175827026367 
46.220481872558594 18.772192001342773 18.817087173461914 18.930463790893555 19.124095916748047 19.296255111694336 19.2476806640625 19.237247467041016 26.731264114379883 19.73676872253418 19.511743545532227 19.333696365356445 19.300128936767578 19.71625518798828 19.426624298095703 19.412607192993164 
39.081214904785156 18.847328186035156 18.804384231567383 19.185184478759766 19.11084747314453 19.14486312866211 19.206687927246094 19.17804718017578 23.104543685913086 19.526655197143555 19.92188835144043 19.144832611083984 19.539167404174805 19.314495086669922 19.19331169128418 19.346271514892578 
45.372894287109375 18.876800537109375 19.1125431060791 19.09836769104004 19.10086441040039 19.47065544128418 19.4749755859375 19.504032135009766 23.611743927001953 19.17305564880371 19.207136154174805 19.246719360351562 19.96451187133789 19.22172737121582 20.050336837768555 20.08678436279297 
33.76444625854492 18.73980712890625 19.068063735961914 19.339807510375977 19.33955192565918 19.245023727416992 19.12575912475586 19.195327758789062 24.33603286743164 19.703840255737305 20.261823654174805 19.69808006286621 19.605600357055664 19.551328659057617 19.36947250366211 19.05036735534668 
33.771488189697266 18.755136489868164 18.754560470581055 18.843231201171875 18.91801643371582 18.938175201416016 19.567487716674805 19.49295997619629 23.39801597595215 19.180479049682617 19.331199645996094 19.56060791015625 20.41641616821289 19.66806411743164 19.35977554321289 20.233983993530273 
56.9071044921875 18.74665641784668 18.77395248413086 18.768863677978516 19.49622344970703 19.810943603515625 19.820383071899414 19.56211280822754 24.960447311401367 19.89686393737793 19.88256072998047 19.617664337158203 19.736160278320312 19.20467185974121 19.223520278930664 19.097984313964844 
32.72470474243164 18.75935935974121 18.745088577270508 19.165855407714844 19.764768600463867 19.811904907226562 19.33180809020996 19.410400390625 25.494304656982422 19.624448776245117 19.99830436706543 19.812768936157227 19.878944396972656 19.586368560791016 19.36297607421875 19.293567657470703 
33.79814529418945 18.735456466674805 18.738624572753906 18.878047943115234 18.95782470703125 19.012287139892578 18.995264053344727 19.537248611450195 26.853120803833008 19.408607482910156 19.103168487548828 18.91948890686035 19.234176635742188 19.54310417175293 20.14259147644043 19.696191787719727 
33.76416015625 18.73833656311035 18.751968383789062 18.777631759643555 18.966047286987305 18.909055709838867 18.864063262939453 18.925888061523438 22.467744827270508 19.570112228393555 19.313695907592773 20.30352020263672 19.7423038482666 19.664480209350586 20.316320419311523 19.40764808654785 
33.78617477416992 18.75289535522461 19.00377655029297 19.154560089111328 19.108287811279297 19.222047805786133 19.349472045898438 19.480384826660156 23.917728424072266 19.40425682067871 19.007648468017578 19.179359436035156 19.343263626098633 19.844192504882812 19.408416748046875 19.790559768676758 
33.748321533203125 18.72947120666504 18.709152221679688 18.78665542602539 18.77555274963379 18.926559448242188 19.11280059814453 19.45238494873047 20.428415298461914 19.763647079467773 19.74505615234375 19.864160537719727 20.140480041503906 20.66339111328125 19.997600555419922 19.972320556640625 
33.78569412231445 18.753759384155273 18.781536102294922 18.784704208374023 18.79007911682129 18.78937530517578 18.975263595581055 19.213024139404297 23.737760543823242 19.511327743530273 19.27027130126953 19.166080474853516 18.842111587524414 19.813919067382812 19.973407745361328 20.817792892456055 
28.28451156616211 16.239423751831055 16.249792098999023 16.44156837463379 16.772384643554688 16.994783401489258 17.043167114257812 16.95564842224121 23.07232093811035 16.63270378112793 17.893280029296875 16.56928062438965 17.149791717529297 16.875167846679688 16.819616317749023 17.38902473449707 
16.55388832092285 16.386655807495117 16.394208908081055 16.838464736938477 17.253087997436523 17.08073616027832 16.773536682128906 16.6276798248291 18.868864059448242 16.653600692749023 17.22675132751465 16.878368377685547 16.84272003173828 16.717727661132812 16.87424087524414 16.596288681030273 
85.83875274658203 16.193151473999023 16.300159454345703 16.43235206604004 16.383359909057617 16.398143768310547 16.821792602539062 17.04364776611328 22.093887329101562 17.181503295898438 17.04047966003418 16.88128089904785 16.539615631103516 16.45667266845703 16.468416213989258 17.491455078125 
16.630271911621094 16.50601577758789 16.617919921875 16.804128646850586 16.916831970214844 16.879776000976562 16.841983795166016 16.673952102661133 19.0949764251709 17.26678466796875 16.978975296020508 16.50931167602539 16.74358367919922 17.50262451171875 16.857919692993164 17.52662467956543 
88.13334655761719 16.23459243774414 16.216800689697266 16.695104598999023 16.692031860351562 16.82854461669922 16.726112365722656 16.546464920043945 21.569984436035156 16.88172721862793 16.944639205932617 16.5797119140625 16.8404483795166 16.951391220092773 17.209375381469727 16.475263595581055 
17.376575469970703 17.376575469970703 17.029504776000977 16.90902328491211 16.629119873046875 16.672319412231445 16.669279098510742 16.699071884155273 19.6495361328125 16.847200393676758 17.19171142578125 16.888927459716797 16.58131217956543 17.7159366607666 16.5034236907959 17.715072631835938 
91.24240112304688 16.264192581176758 16.244447708129883 16.217792510986328 16.49519920349121 16.74185562133789 16.951263427734375 16.78713607788086 22.49839973449707 16.868736267089844 16.99225616455078 16.483552932739258 16.387039184570312 16.47612762451172 17.238367080688477 16.480480194091797 
17.576480865478516 16.81056022644043 16.919647216796875 16.95510482788086 16.767040252685547 16.493375778198242 16.631423950195312 16.69036865234375 19.006847381591797 17.270015716552734 16.490591049194336 17.281248092651367 16.4715518951416 17.168415069580078 16.608543395996094 17.139392852783203 
80.58201599121094 16.225887298583984 16.21708869934082 16.23859214782715 16.687936782836914 16.879295349121094 16.530879974365234 16.597631454467773 25.587200164794922 16.443775177001953 16.983327865600586 16.430559158325195 16.49523162841797 16.42367935180664 17.152639389038086 16.688095092773438 
17.039520263671875 16.836095809936523 16.848480224609375 16.8853759765625 16.689760208129883 16.555967330932617 16.735776901245117 16.69683265686035 19.02822494506836 17.191455841064453 16.60063934326172 17.002592086791992 16.7542724609375 17.02217674255371 16.920608520507812 17.29020881652832 
88.08009338378906 16.242271423339844 16.222496032714844 16.297151565551758 16.4215030670166 16.726655960083008 16.65273666381836 16.53113555908203 22.40947151184082 16.986143112182617 17.52057647705078 17.088895797729492 17.116287231445312 16.815359115600586 16.542943954467773 16.68953514099121 
16.58572769165039 16.46361541748047 16.4671688079834 16.786367416381836 16.885631561279297 16.742015838623047 16.55583953857422 16.68729591369629 18.889503479003906 16.70252799987793 17.2890567779541 16.48931121826172 16.837791442871094 16.717439651489258 17.180416107177734 16.87936019897461 
80.58258819580078 16.24617576599121 16.2238712310791 16.420576095581055 16.640352249145508 16.6790714263916 16.593503952026367 16.64473533630371 20.0183048248291 17.20569610595703 16.381023406982422 16.368032455444336 16.433183670043945 17.29631996154785 16.591999053955078 17.37504005432129 
16.768096923828125 16.48486328125 16.427295684814453 16.70243263244629 16.886112213134766 16.978464126586914 16.718944549560547 16.581439971923828 19.522335052490234 16.994176864624023 17.11676788330078 16.651199340820312 17.794015884399414 16.625408172607422 17.649568557739258 16.8220157623291 
91.28163146972656 16.238527297973633 16.270111083984375 16.26335906982422 16.319744110107422 16.260255813598633 16.298847198486328 16.62179183959961 26.51203155517578 16.802335739135742 16.698591232299805 16.873376846313477 17.368288040161133 16.855424880981445 16.49247932434082 16.902944564819336 
16.71232032775879 16.37731170654297 16.573183059692383 16.900543212890625 17.03753662109375 17.16102409362793 16.76460838317871 16.6114559173584 16.220672607421875 17.174335479736328 16.627840042114258 16.87651252746582 16.535776138305664 17.013376235961914 16.506271362304688 16.506271362304688 
81.76825714111328 16.19830322265625 16.31769561767578 16.289791107177734 16.62835121154785 16.667808532714844 16.602752685546875 16.725919723510742 18.77689552307129 17.174911499023438 17.08639907836914 17.051071166992188 16.66828727722168 16.849599838256836 16.65385627746582 17.139039993286133 
16.942943572998047 16.52649688720703 16.413312911987305 16.4003849029541 16.678272247314453 16.780031204223633 16.81318473815918 16.74166488647461 19.46281623840332 17.462112426757812 17.107616424560547 16.58153533935547 17.00262451171875 16.450559616088867 16.588607788085938 16.44060707092285 
84.76377868652344 16.22377586364746 16.212383270263672 16.363168716430664 16.517248153686523 16.970239639282227 16.909503936767578 16.74300765991211 24.502559661865234 16.41360092163086 17.042848587036133 16.541183471679688 16.439136505126953 16.57516860961914 17.023935317993164 16.880352020263672 
16.52947235107422 16.543296813964844 16.750080108642578 16.831199645996094 16.861600875854492 16.783231735229492 16.679935455322266 16.86672019958496 19.125152587890625 18.037919998168945 16.956735610961914 17.676895141601562 17.218496322631836 16.727712631225586 16.64192008972168 16.78611183166504 
95.83318328857422 40.42697525024414 39.36207962036133 41.05500793457031 40.94713592529297 40.172767639160156 40.2275505065918 39.233726501464844 48.14739227294922 38.80524826049805 39.073631286621094 38.91865539550781 40.23775863647461 39.072513580322266 39.236480712890625 38.80838394165039 
55.93769454956055 38.4865608215332 38.77715301513672 39.3504638671875 39.746337890625 39.7303352355957 80.96867370605469 43.03120040893555 46.49001693725586 39.2283821105957 38.67497634887695 38.99235153198242 38.80223846435547 39.44416046142578 38.77203369140625 40.113311767578125 
124.09580993652344 38.52592086791992 39.92655944824219 39.23923110961914 39.59811019897461 39.7006721496582 40.08588790893555 39.66844940185547 45.256736755371094 38.78281784057617 38.90681457519531 40.02735900878906 39.0813102722168 39.15100860595703 39.0118408203125 39.05900955200195 
57.9562873840332 38.75049591064453 39.851871490478516 39.743614196777344 40.21334457397461 39.779518127441406 39.80607986450195 41.214942932128906 45.486656188964844 38.801727294921875 38.9986572265625 38.79539108276367 39.28976058959961 38.74943923950195 39.43036651611328 38.918399810791016 
59.4854736328125 39.265472412109375 41.71696090698242 41.2657585144043 40.36876678466797 40.59519958496094 40.2608642578125 42.55702209472656 46.53811264038086 39.12656021118164 38.874847412109375 38.892478942871094 38.63683319091797 39.22284698486328 39.405887603759766 39.609439849853516 
67.4695053100586 38.46636962890625 40.37161636352539 40.520320892333984 40.413856506347656 39.45417785644531 39.10240173339844 39.75654220581055 44.80863952636719 38.8139533996582 39.455039978027344 38.76835250854492 39.39004898071289 38.67350387573242 39.350975036621094 38.86518478393555 
79.25660705566406 38.50252914428711 39.328033447265625 40.61763381958008 40.53676986694336 40.30928039550781 41.24668884277344 39.89952087402344 47.158145904541016 38.7446403503418 39.38719940185547 38.733150482177734 38.989280700683594 38.722496032714844 39.401729583740234 38.874881744384766 
138.8159942626953 39.21104049682617 39.5846061706543 39.248191833496094 39.81520080566406 39.89449691772461 40.449951171875 43.40204620361328 45.427616119384766 39.201473236083984 38.73478317260742 38.74531173706055 39.318241119384766 38.909183502197266 38.8721923828125 39.16038513183594 
60.1616325378418 40.393760681152344 40.619808197021484 40.816864013671875 40.335968017578125 41.22547149658203 40.70489501953125 42.26380920410156 46.44406509399414 38.508094787597656 39.39292907714844 38.74611282348633 39.393760681152344 39.45756912231445 39.11366271972656 38.77542495727539 
59.06300735473633 38.434112548828125 39.40435028076172 39.351200103759766 39.859519958496094 39.959999084472656 39.680511474609375 39.471038818359375 48.17148971557617 39.104896545410156 38.797855377197266 38.688350677490234 39.06934356689453 38.813568115234375 39.034847259521484 38.78870391845703 
40.54579162597656 26.723167419433594 27.212127685546875 27.241056442260742 27.70537567138672 27.985631942749023 27.2007999420166 27.4006404876709 31.73967933654785 27.045087814331055 27.454015731811523 27.10201644897461 26.950336456298828 27.244447708129883 27.373504638671875 27.031808853149414 
24.9715518951416 25.09699249267578 24.988384246826172 24.94428825378418 25.90777587890625 25.668960571289062 25.16326332092285 25.410335540771484 29.914400100708008 24.931039810180664 25.83795166015625 25.409887313842773 25.33465576171875 26.681631088256836 25.961055755615234 25.546144485473633 
39.31795120239258 26.447391510009766 26.574432373046875 27.702783584594727 28.2193603515625 27.227903366088867 27.911712646484375 114.07593536376953 31.711711883544922 26.9171199798584 26.913984298706055 27.234975814819336 27.279647827148438 26.99932861328125 27.358623504638672 27.055776596069336 
25.06038475036621 25.27142333984375 25.48316764831543 25.08527946472168 25.099424362182617 25.659072875976562 25.680927276611328 281.97357177734375 29.880735397338867 24.724319458007812 26.83852767944336 25.608768463134766 25.30361557006836 25.902528762817383 25.47382354736328 25.70364761352539 
39.42732620239258 26.54425621032715 27.586048126220703 28.07811164855957 28.247295379638672 28.054527282714844 27.253311157226562 133.6729278564453 32.160865783691406 27.25904083251953 26.934656143188477 27.478431701660156 27.243104934692383 26.93894386291504 27.063167572021484 29.146591186523438 
25.039167404174805 25.469024658203125 25.62460708618164 25.36729621887207 25.348480224609375 25.96544075012207 25.64841651916504 274.44744873046875 30.64112091064453 25.257503509521484 25.543039321899414 25.748544692993164 25.673887252807617 25.710079193115234 25.84022331237793 25.728288650512695 
41.5263671875 26.40336036682129 26.469600677490234 27.219104766845703 27.820640563964844 27.380992889404297 47.91244888305664 112.54710388183594 32.28726577758789 27.159616470336914 27.0263671875 26.57891273498535 27.1975040435791 27.195871353149414 27.016704559326172 27.243040084838867 
25.477184295654297 24.814048767089844 25.49622344970703 25.8940486907959 25.793119430541992 25.917312622070312 25.771039962768555 276.9744567871094 29.763296127319336 24.8057918548584 25.25209617614746 25.4716796875 25.621919631958008 25.309215545654297 25.52195167541504 25.435359954833984 
41.54512023925781 26.9072322845459 27.11884880065918 27.619232177734375 28.47279930114746 28.134336471557617 27.766143798828125 134.21676635742188 32.31119918823242 27.4881591796875 27.307327270507812 26.874143600463867 27.160768508911133 27.21343994140625 27.38198471069336 27.210784912109375 
26.347776412963867 25.268064498901367 25.511072158813477 25.701087951660156 25.412160873413086 25.28553581237793 25.835039138793945 276.6572265625 30.490976333618164 24.676639556884766 25.41302490234375 26.05036735534668 25.789247512817383 26.740224838256836 25.612031936645508 25.527328491210938 
40.450496673583984 26.67401695251465 26.613792419433594 27.015392303466797 28.38092803955078 27.65020751953125 139.7111053466797 26.429439544677734 30.41449546813965 27.117727279663086 27.186880111694336 27.22547149658203 26.60860824584961 27.06947135925293 27.356672286987305 26.982559204101562 
25.242271423339844 24.929248809814453 24.941343307495117 25.098623275756836 26.040128707885742 25.902687072753906 25.197216033935547 25.167776107788086 31.233760833740234 25.36297607421875 25.872575759887695 25.805343627929688 25.655136108398438 25.93235206604004 25.88150405883789 25.792896270751953 
47.72892761230469 26.514528274536133 26.594432830810547 27.01900863647461 27.777503967285156 27.026912689208984 27.254911422729492 124.3156509399414 31.72083282470703 26.96291160583496 27.45212745666504 26.869279861450195 27.05036735534668 26.991008758544922 27.113248825073242 27.65180778503418 
25.15817642211914 24.895872116088867 24.89580726623535 24.90892791748047 25.94710350036621 25.7258243560791 25.074527740478516 284.81036376953125 30.712671279907227 25.123071670532227 25.225664138793945 25.652992248535156 25.705440521240234 25.95020866394043 25.71049690246582 25.74224090576172 
40.43900680541992 26.50432014465332 26.963455200195312 27.19647979736328 27.761215209960938 27.714496612548828 27.757408142089844 129.7909698486328 32.51852798461914 26.941055297851562 27.70854377746582 27.120159149169922 27.16044807434082 27.241024017333984 26.93120002746582 26.956832885742188 
25.267072677612305 24.771167755126953 24.65247917175293 24.721824645996094 25.997663497924805 25.719200134277344 25.357280731201172 25.576255798339844 31.647296905517578 25.499168395996094 25.384479522705078 25.656095504760742 25.8438720703125 25.643295288085938 25.748159408569336 25.94054412841797 
62.49603271484375 26.577024459838867 26.74812889099121 27.510047912597656 27.30851173400879 27.64031982421875 115.86479949951172 26.42083168029785 33.12031936645508 27.027040481567383 27.14009666442871 26.924095153808594 26.981216430664062 27.565664291381836 26.729984283447266 27.050495147705078 
25.59401512145996 24.885631561279297 25.64944076538086 26.12892723083496 25.508512496948242 25.227968215942383 25.894399642944336 277.0119934082031 29.7109432220459 25.033056259155273 25.3341121673584 25.67840003967285 25.812255859375 25.767839431762695 25.766719818115234 25.503231048583984 
39.36796951293945 26.481792449951172 26.603647232055664 27.095487594604492 27.83776092529297 27.271167755126953 27.93600082397461 129.79391479492188 33.833534240722656 27.22675132751465 26.847871780395508 27.129472732543945 26.9432315826416 26.707168579101562 26.960416793823242 27.897951126098633 
25.864032745361328 25.63577651977539 25.51411247253418 25.121280670166016 25.393600463867188 25.91097640991211 25.69817543029785 274.3287353515625 30.21251106262207 25.3657283782959 25.4116153717041 25.78873634338379 25.771583557128906 25.929471969604492 25.69977569580078 25.583711624145508 
44.01718521118164 32.77705764770508 34.53919982910156 35.08659362792969 33.79894256591797 65.29750061035156 33.172767639160156 33.97401428222656 39.06499099731445 33.22809600830078 33.124542236328125 33.10438537597656 33.2256965637207 33.623905181884766 32.88457489013672 34.207008361816406 
54.610015869140625 32.65321731567383 35.01206588745117 35.374305725097656 33.797183990478516 34.04403305053711 127.45024108886719 32.85443115234375 38.72905731201172 33.24323272705078 32.81670379638672 33.43561553955078 33.013790130615234 34.337249755859375 33.109344482421875 33.17820739746094 
55.5906867980957 33.208351135253906 34.37241744995117 34.28102493286133 34.224159240722656 34.35801696777344 86.45011138916016 32.76710510253906 38.956703186035156 33.13817596435547 33.459617614746094 33.06777572631836 33.655616760253906 33.106624603271484 33.528255462646484 33.2674560546875 
55.81644821166992 32.81577682495117 35.14828872680664 34.061119079589844 33.91011047363281 34.46364974975586 34.05769729614258 104.75154876708984 38.66454315185547 32.94963073730469 33.55660629272461 33.1412467956543 33.34368133544922 33.33766555786133 33.344608306884766 33.24883270263672 
53.06041717529297 32.979713439941406 34.015743255615234 34.158302307128906 34.870399475097656 35.142913818359375 33.78163146972656 84.5257568359375 38.7786865234375 33.063297271728516 33.1396484375 33.156097412109375 33.09638214111328 33.06412887573242 34.1409912109375 33.1407356262207 
72.47430419921875 33.45872116088867 33.30547332763672 33.44240188598633 35.28425598144531 35.09347152709961 96.65523529052734 32.633697509765625 39.430816650390625 33.017696380615234 34.3271369934082 32.95017623901367 33.08127975463867 32.964447021484375 33.3842887878418 33.222206115722656 
55.71596908569336 32.78156661987305 33.9567985534668 33.92281723022461 34.683616638183594 33.90220642089844 34.30131149291992 102.41619110107422 39.539710998535156 33.04198455810547 33.03046417236328 32.87843322753906 33.7677116394043 33.16009521484375 33.576576232910156 33.07804870605469 
61.45721435546875 32.73680114746094 32.821983337402344 34.294559478759766 34.33785629272461 34.72742462158203 34.28851318359375 72.46511840820312 39.80543899536133 33.03577423095703 33.097984313964844 32.91321563720703 33.59107208251953 33.96931076049805 33.10566329956055 33.759071350097656 
69.35798645019531 34.45711898803711 34.278465270996094 34.14252853393555 34.644256591796875 34.3873291015625 118.3661117553711 32.739967346191406 39.396385192871094 33.77312088012695 33.195743560791016 33.08534240722656 33.56524658203125 33.53984069824219 33.665184020996094 33.33171081542969 
64.06409454345703 32.86262512207031 33.55449676513672 34.49907302856445 34.44243240356445 33.64441680908203 103.02082824707031 35.296478271484375 38.9024658203125 33.05430221557617 33.19526290893555 33.18038558959961 33.10220718383789 33.37692642211914 33.168800354003906 33.78908920288086 
43.644126892089844 15.719615936279297 15.541824340820312 15.575743675231934 15.664575576782227 15.63696002960205 15.731807708740234 15.881376266479492 27.558975219726562 15.849408149719238 16.370655059814453 15.633343696594238 16.30963134765625 15.879584312438965 15.746848106384277 16.726879119873047 
15.591232299804688 15.096063613891602 15.297087669372559 15.345855712890625 15.392640113830566 15.36473560333252 15.440032005310059 17.48796844482422 18.645631790161133 15.616000175476074 15.624192237854004 16.06073570251465 15.317760467529297 15.56761646270752 16.113536834716797 15.329631805419922 
34.04867172241211 15.350943565368652 15.377663612365723 16.42019271850586 15.34614372253418 15.48579216003418 15.516927719116211 15.523296356201172 23.808319091796875 16.431392669677734 15.598400115966797 15.58899211883545 16.340351104736328 15.908160209655762 16.985567092895508 15.66812801361084 
15.829919815063477 15.347359657287598 15.342399597167969 15.351391792297363 15.761792182922363 15.694368362426758 15.591551780700684 15.460991859436035 17.972959518432617 16.700735092163086 15.920127868652344 15.420543670654297 16.062623977661133 15.64352035522461 15.659232139587402 16.108543395996094 
33.961280822753906 15.36415958404541 15.338848114013672 15.368032455444336 15.405088424682617 15.453696250915527 15.72652816772461 15.816160202026367 26.58515167236328 15.695520401000977 15.566847801208496 16.1026554107666 15.854111671447754 16.495391845703125 15.805024147033691 15.8024320602417 
15.61513614654541 15.190784454345703 15.222559928894043 15.122112274169922 15.5665283203125 15.615327835083008 15.736160278320312 15.604096412658691 18.83020782470703 17.042015075683594 15.591839790344238 15.7193603515625 15.848447799682617 15.447711944580078 15.52131175994873 16.013696670532227 
32.99555206298828 15.402112007141113 15.362431526184082 15.385919570922852 15.632512092590332 15.626912117004395 15.594079971313477 24.56572723388672 21.887039184570312 16.039392471313477 16.222240447998047 15.699711799621582 15.660703659057617 16.793088912963867 16.080543518066406 16.23708724975586 
16.081344604492188 15.400480270385742 15.357439994812012 15.412384033203125 15.300127983093262 15.243488311767578 15.320320129394531 15.722623825073242 17.65488052368164 16.477088928222656 15.351519584655762 15.395008087158203 16.05846405029297 15.646143913269043 15.865920066833496 16.45667266845703 
37.15846252441406 15.356863975524902 16.048799514770508 15.783488273620605 15.413727760314941 15.401280403137207 15.507455825805664 15.657343864440918 22.546783447265625 15.524031639099121 16.021728515625 16.075551986694336 15.997407913208008 16.53228759765625 16.669151306152344 16.008895874023438 
16.07391929626465 15.413056373596191 15.433247566223145 15.555392265319824 15.363295555114746 15.343104362487793 15.365632057189941 15.353535652160645 15.917856216430664 16.37171173095703 15.547264099121094 16.144256591796875 15.550911903381348 15.469504356384277 15.401535987854004 15.945055961608887 
34.010337829589844 15.354880332946777 15.366047859191895 15.407551765441895 15.34217643737793 15.413920402526855 15.82636833190918 15.69753646850586 25.059520721435547 16.061887741088867 16.458816528320312 15.72655963897705 15.753408432006836 16.33807945251465 15.561375617980957 15.50438404083252 
15.803808212280273 15.548576354980469 15.318816184997559 15.243488311767578 15.104512214660645 15.377311706542969 15.517919540405273 15.589920043945312 17.99785614013672 16.178560256958008 15.373791694641113 15.699359893798828 15.603327751159668 15.322015762329102 15.5099515914917 16.08483123779297 
29.84160041809082 15.378751754760742 15.376768112182617 15.352704048156738 33.63372802734375 15.479776382446289 15.46771240234375 149.59103393554688 20.097759246826172 17.250240325927734 16.501344680786133 16.099231719970703 15.768704414367676 16.850976943969727 15.695327758789062 16.70070457458496 
15.600223541259766 15.268575668334961 15.36905574798584 15.428256034851074 15.356032371520996 15.4717435836792 15.546591758728027 15.509504318237305 18.243616104125977 16.562944412231445 15.67843246459961 16.014047622680664 15.735551834106445 15.551712036132812 16.190336227416992 15.682111740112305 
38.215553283691406 15.402175903320312 15.31606388092041 15.346912384033203 15.37615966796875 15.415488243103027 15.798432350158691 127.76048278808594 23.032800674438477 15.981439590454102 16.284000396728516 15.805695533752441 15.812704086303711 16.54198455810547 15.851008415222168 16.019744873046875 
15.971776008605957 15.442367553710938 15.507648468017578 15.672863960266113 15.42240047454834 15.491776466369629 15.499327659606934 15.706751823425293 17.952800750732422 15.926112174987793 15.667840003967285 16.189119338989258 15.706368446350098 15.743647575378418 16.22537612915039 15.652928352355957 
36.13235092163086 15.313632011413574 15.338751792907715 15.585151672363281 15.713248252868652 15.53990364074707 15.72390365600586 134.51266479492188 23.7891845703125 16.246368408203125 15.903200149536133 15.684767723083496 16.106367111206055 16.40991973876953 15.959775924682617 16.390047073364258 
15.661248207092285 15.098624229431152 15.113696098327637 15.500831604003906 15.495072364807129 15.323807716369629 15.591520309448242 15.7391996383667 18.644927978515625 16.131807327270508 16.53772735595703 15.302047729492188 15.661184310913086 15.40236759185791 15.314432144165039 15.619999885559082 
31.887615203857422 15.328736305236816 18.20863914489746 15.418368339538574 15.394304275512695 15.888992309570312 16.07961654663086 15.932703971862793 23.94211196899414 15.742079734802246 15.47372817993164 16.54761505126953 15.776000022888184 16.896032333374023 15.546624183654785 16.166080474853516 
16.070720672607422 15.312576293945312 15.215392112731934 15.28172779083252 15.236127853393555 15.457535743713379 15.624287605285645 15.928799629211426 17.924352645874023 16.485536575317383 16.25676727294922 15.88377571105957 15.553855895996094 15.246015548706055 15.419455528259277 15.50387191772461 
38.18783950805664 17.976736068725586 17.976608276367188 18.01923179626465 18.117664337158203 18.24857521057129 18.240991592407227 18.332895278930664 22.239423751831055 18.653343200683594 18.133024215698242 18.733407974243164 18.593408584594727 18.76367950439453 18.437183380126953 19.32659149169922 
22.315807342529297 21.83500862121582 21.70047950744629 22.08243179321289 22.460447311401367 22.865055084228516 22.785343170166016 22.172895431518555 26.608896255493164 22.05366325378418 22.19683265686035 21.878400802612305 22.694591522216797 21.939424514770508 22.030656814575195 22.47475242614746 
81.04255676269531 17.980287551879883 17.93052864074707 18.00931167602539 18.06268882751465 18.302175521850586 18.373727798461914 18.480863571166992 22.988544464111328 19.446271896362305 18.722015380859375 18.889184951782227 18.566368103027344 18.489919662475586 18.44691276550293 18.963775634765625 
22.65203285217285 21.731487274169922 21.596031188964844 21.79862403869629 21.64316749572754 21.786720275878906 21.91561508178711 22.181215286254883 25.128639221191406 22.18592071533203 22.029375076293945 22.30291175842285 22.12348747253418 22.13737678527832 22.007936477661133 22.496511459350586 
81.48486328125 17.972383499145508 18.00214385986328 18.126720428466797 18.203840255737305 18.343839645385742 18.450719833374023 18.518144607543945 22.1790714263916 18.630271911621094 18.883007049560547 19.613056182861328 18.799968719482422 18.755615234375 18.564863204956055 18.281343460083008 
22.306528091430664 21.702592849731445 21.69584083557129 22.330400466918945 22.670400619506836 22.64691162109375 22.47542381286621 22.137632369995117 26.25152015686035 22.259872436523438 22.008544921875 21.86832046508789 21.986175537109375 22.04528045654297 22.112224578857422 22.283327102661133 
83.14745330810547 17.96201515197754 18.034048080444336 18.14009666442871 18.204383850097656 18.309919357299805 18.279455184936523 18.35196876525879 24.425600051879883 18.55196762084961 18.24687957763672 18.668319702148438 18.618112564086914 18.54102325439453 18.612031936645508 19.00864028930664 
22.922975540161133 21.981727600097656 21.707263946533203 21.707679748535156 21.661727905273438 21.852767944335938 21.92608070373535 22.241727828979492 25.53049659729004 21.9466552734375 22.027231216430664 22.09974479675293 22.268768310546875 21.823104858398438 22.297056198120117 22.177440643310547 
83.29293060302734 17.975008010864258 18.00499153137207 18.09110450744629 18.34435272216797 18.378976821899414 18.445951461791992 18.557920455932617 24.552095413208008 18.7458553314209 18.84828758239746 18.77827262878418 18.34236717224121 19.54911994934082 19.85759925842285 18.487552642822266 
22.46873664855957 22.44476890563965 21.942752838134766 21.61846351623535 21.67532730102539 21.528287887573242 22.542879104614258 22.620288848876953 22.19798469543457 22.620479583740234 22.04207992553711 21.988000869750977 22.250431060791016 22.81679916381836 22.02249526977539 22.714431762695312 
78.3338851928711 18.015871047973633 18.040224075317383 18.458560943603516 18.504383087158203 18.479679107666016 18.516864776611328 18.719295501708984 22.66985511779785 18.779008865356445 18.592607498168945 18.922208786010742 19.060672760009766 18.732351303100586 18.824256896972656 18.392831802368164 
22.34774398803711 21.770751953125 22.0230712890625 22.671648025512695 22.9946231842041 22.631935119628906 22.123647689819336 21.81500816345215 25.095199584960938 21.816255569458008 23.098079681396484 21.75974464416504 22.41254425048828 22.205535888671875 22.055007934570312 22.119487762451172 
84.18370819091797 17.989887237548828 17.967967987060547 18.233728408813477 18.238975524902344 18.552703857421875 18.736223220825195 18.832096099853516 25.002880096435547 18.935136795043945 19.251615524291992 18.757600784301758 18.616863250732422 18.55081558227539 18.422975540161133 18.611520767211914 
21.980960845947266 21.640928268432617 21.642335891723633 21.9333438873291 21.81692886352539 22.006431579589844 22.54217529296875 22.751840591430664 25.340192794799805 22.06447982788086 22.045087814331055 23.050016403198242 21.90399932861328 22.70467185974121 22.045696258544922 22.686975479125977 
82.09200286865234 17.952959060668945 17.95952033996582 18.078880310058594 18.23311996459961 18.189632415771484 18.220191955566406 18.490720748901367 23.36992073059082 18.93596839904785 18.296703338623047 18.434335708618164 18.574655532836914 18.71366310119629 18.4583683013916 18.766368865966797 
23.006847381591797 22.149824142456055 21.859487533569336 21.80191993713379 21.828224182128906 21.932640075683594 22.0479679107666 22.327455520629883 25.444351196289062 22.49395179748535 21.901504516601562 22.303775787353516 22.7194881439209 22.24870491027832 22.0743350982666 22.1909122467041 
80.10294342041016 17.980480194091797 17.99190330505371 18.071136474609375 18.07254409790039 18.262496948242188 18.390880584716797 18.43731117248535 22.290912628173828 18.951679229736328 18.447904586791992 18.81932830810547 18.62063980102539 19.06153678894043 18.85807991027832 18.38003158569336 
22.430912017822266 21.999584197998047 22.119455337524414 22.272703170776367 22.08780860900879 22.08131217956543 21.909503936767578 21.840608596801758 25.833280563354492 22.315231323242188 21.760639190673828 22.1810245513916 21.897024154663086 22.314624786376953 21.88902473449707 22.30611228942871 
78.03020477294922 17.95382308959961 17.97222328186035 18.047359466552734 18.41484832763672 18.920223236083984 19.119775772094727 19.163999557495117 24.918880462646484 18.59769630432129 18.481088638305664 18.777408599853516 19.875776290893555 19.168352127075195 18.54070472717285 18.634368896484375 
21.906015396118164 22.177471160888672 22.52448081970215 22.583072662353516 22.559680938720703 21.99068832397461 21.95587158203125 21.843488693237305 24.893760681152344 22.051359176635742 22.047840118408203 23.09823989868164 21.879039764404297 22.30726432800293 22.135103225708008 22.129056930541992 
85.23772430419922 18.354015350341797 18.379199981689453 18.41654396057129 18.502111434936523 18.707679748535156 18.73619270324707 18.713504791259766 23.928991317749023 18.981536865234375 19.09507179260254 19.260608673095703 18.99216079711914 19.576032638549805 18.938079833984375 19.004480361938477 
21.43132781982422 21.023679733276367 21.210208892822266 21.28339195251465 21.20694351196289 21.185184478759766 20.94758415222168 20.967039108276367 25.109760284423828 20.661151885986328 21.07891273498535 21.02751922607422 20.93929672241211 20.904863357543945 21.159072875976562 21.01968002319336 
41.775169372558594 18.382591247558594 18.389503479003906 18.490720748901367 18.76076889038086 18.949792861938477 18.98896026611328 68.0857925415039 26.05414390563965 19.025440216064453 19.27846336364746 19.560192108154297 19.04819107055664 19.094816207885742 19.169919967651367 19.264543533325195 
21.575103759765625 20.93484878540039 21.06048011779785 21.047168731689453 20.937759399414062 20.885408401489258 20.715328216552734 20.73401641845703 24.37183952331543 20.60425567626953 21.063167572021484 21.03481674194336 21.61846351623535 21.27065658569336 20.992992401123047 21.079296112060547 
97.25651550292969 18.38640022277832 18.40947151184082 18.5347843170166 18.59756851196289 18.647615432739258 18.71161651611328 18.930208206176758 27.1246395111084 18.905120849609375 18.80352020263672 18.73561668395996 18.93292808532715 18.95680046081543 18.703327178955078 18.589439392089844 
21.55459213256836 20.93471908569336 20.763423919677734 20.78544044494629 20.88444709777832 21.104671478271484 21.83087921142578 22.165695190429688 22.30713653564453 20.813087463378906 20.945119857788086 22.45635223388672 20.934431076049805 21.114112854003906 21.027551651000977 21.875520706176758 
38.65510559082031 18.346399307250977 18.540159225463867 18.663776397705078 18.93270492553711 19.38115119934082 19.42915153503418 52.00300979614258 28.920448303222656 18.80415916442871 19.31999969482422 18.954240798950195 18.93177604675293 18.91244888305664 18.649856567382812 19.708192825317383 
21.33145523071289 20.73196792602539 20.691936492919922 20.783296585083008 20.9803524017334 20.81564712524414 20.851839065551758 20.9833927154541 24.67033576965332 20.666912078857422 22.59040069580078 20.86409568786621 21.633344650268555 20.96918487548828 20.921184539794922 20.901824951171875 
35.46166229248047 18.39686393737793 18.773696899414062 18.84556770324707 19.38585662841797 19.128192901611328 19.357664108276367 41.11376190185547 26.526752471923828 18.87811279296875 18.816543579101562 18.78803253173828 19.516000747680664 18.82271957397461 18.98271942138672 18.66089630126953 
21.482080459594727 20.927135467529297 20.850080490112305 20.87753677368164 20.909503936767578 20.92950439453125 20.929536819458008 20.999040603637695 24.143840789794922 20.60736083984375 22.527488708496094 21.071903228759766 21.000160217285156 22.220895767211914 20.95199966430664 21.41548728942871 
38.663902282714844 18.372608184814453 18.66089630126953 18.61155128479004 18.661151885986328 19.15235137939453 19.273408889770508 137.55340576171875 18.843168258666992 18.871936798095703 19.079904556274414 19.12723159790039 18.9783992767334 18.87753677368164 18.93596839904785 18.81996726989746 
21.72323226928711 21.295072555541992 21.594879150390625 21.7425594329834 21.58582305908203 21.438079833984375 21.283775329589844 21.13382339477539 23.31808090209961 20.72822380065918 20.698047637939453 20.98249626159668 21.286752700805664 20.95270347595215 21.13849639892578 21.21824073791504 
34.44371032714844 18.356992721557617 18.43187141418457 18.53215980529785 18.647296905517578 18.748191833496094 18.939008712768555 35.76505661010742 28.066560745239258 18.909568786621094 18.879135131835938 18.852928161621094 18.687423706054688 18.93791961669922 18.732479095458984 18.885791778564453 
21.305984497070312 20.733728408813477 20.685056686401367 20.891584396362305 20.975744247436523 21.477920532226562 21.308799743652344 21.473247528076172 25.377376556396484 21.094816207885742 21.15001678466797 21.01955223083496 21.067264556884766 20.896095275878906 21.198848724365234 21.118623733520508 
38.636478424072266 18.361248016357422 18.459327697753906 18.6342716217041 18.668672561645508 18.706655502319336 18.697664260864258 50.61430358886719 30.510784149169922 18.795936584472656 18.968448638916016 19.625600814819336 18.959360122680664 18.662752151489258 19.755584716796875 19.075519561767578 
21.788576126098633 20.885791778564453 20.634592056274414 20.669952392578125 20.84022331237793 20.907424926757812 20.922367095947266 20.87500762939453 24.44576072692871 20.745887756347656 20.659168243408203 21.094751358032227 20.951839447021484 21.108352661132812 20.976896286010742 21.245344161987305 
37.586177825927734 18.413856506347656 18.394880294799805 18.3887996673584 18.9486083984375 19.19580841064453 19.376096725463867 52.6030387878418 28.26108741760254 19.033279418945312 18.667776107788086 18.77039909362793 18.903488159179688 18.7840633392334 18.807424545288086 18.968576431274414 
21.406431198120117 20.893152236938477 20.84783935546875 20.87161636352539 20.829376220703125 20.98793601989746 21.140960693359375 21.31216049194336 23.90118408203125 20.629919052124023 20.840736389160156 21.260799407958984 21.020832061767578 21.278112411499023 21.1727352142334 21.066112518310547 
41.792991638183594 18.39788818359375 18.39036750793457 18.404544830322266 18.758176803588867 18.951711654663086 18.890432357788086 43.045631408691406 29.170976638793945 19.00499153137207 19.13520050048828 19.033824920654297 19.158464431762695 18.938655853271484 19.022464752197266 18.914623260498047 
21.060447692871094 20.97372817993164 21.085792541503906 21.168224334716797 21.10598373413086 21.45292854309082 21.223520278930664 21.113056182861328 23.564640045166016 20.664703369140625 20.751680374145508 21.019168853759766 21.096960067749023 20.892576217651367 21.88547134399414 21.144447326660156 
41.895870208740234 23.033536911010742 23.064895629882812 23.18511962890625 24.226240158081055 24.32988739013672 24.09516716003418 45.252864837646484 28.29248046875 24.19264030456543 23.923551559448242 23.854591369628906 23.69968032836914 23.492000579833984 23.743967056274414 23.755903244018555 
46.15407943725586 23.013471603393555 23.018848419189453 23.1628475189209 23.315839767456055 24.450687408447266 24.2476806640625 23.931808471679688 30.404096603393555 23.927072525024414 23.967039108276367 23.981056213378906 23.784320831298828 23.803936004638672 23.93987274169922 23.64905548095703 
45.10236740112305 23.059999465942383 23.353248596191406 23.337055206298828 23.62995147705078 23.81216049194336 24.649791717529297 24.42425537109375 28.801599502563477 23.595712661743164 25.08515167236328 23.87923240661621 23.73302459716797 23.98806381225586 23.86934471130371 23.87696075439453 
45.053951263427734 23.017248153686523 23.26051139831543 23.91119956970215 24.115360260009766 23.664159774780273 23.41423988342285 25.155136108398438 28.198816299438477 23.74185562133789 23.934431076049805 23.687776565551758 23.95427131652832 23.8305606842041 23.72435188293457 23.98633575439453 
44.04127883911133 23.038848876953125 23.1560001373291 24.244159698486328 24.74403190612793 24.24563217163086 23.483200073242188 23.32659149169922 28.632160186767578 24.098079681396484 23.844383239746094 23.765247344970703 24.840896606445312 23.74527931213379 24.445119857788086 23.824832916259766 
43.99385452270508 23.01625633239746 23.368576049804688 23.68627166748047 23.70591926574707 23.578399658203125 24.123872756958008 24.39081573486328 29.935680389404297 23.89651107788086 24.84867286682129 23.768672943115234 24.875551223754883 24.01807975769043 23.78656005859375 24.081663131713867 
46.1148796081543 23.02707290649414 23.037952423095703 23.133695602416992 23.441503524780273 24.219327926635742 24.197824478149414 23.813087463378906 28.60483169555664 23.485151290893555 23.88595199584961 23.9322566986084 23.55196762084961 23.79631996154785 24.147968292236328 23.704479217529297 
47.185150146484375 23.03830337524414 23.188575744628906 23.978559494018555 24.327903747558594 23.929216384887695 23.53766441345215 24.183616638183594 27.873504638671875 24.06048011779785 23.497407913208008 23.551071166992188 23.6463680267334 24.003328323364258 23.74287986755371 23.53107261657715 
46.12944030761719 23.020832061767578 23.06800079345703 23.192800521850586 23.299455642700195 24.04528045654297 24.20502471923828 23.772863388061523 28.148576736450195 24.1494083404541 23.72208023071289 23.759904861450195 23.854272842407227 23.854623794555664 23.73744010925293 23.968671798706055 
44.03615951538086 23.0828800201416 23.35500717163086 23.702848434448242 23.967008590698242 23.486879348754883 24.293920516967773 24.70185661315918 28.928607940673828 23.612672805786133 23.853343963623047 23.7445125579834 25.45097541809082 23.55686378479004 23.77177619934082 23.652416229248047 
48.56809616088867 31.650720596313477 33.14860916137695 33.160606384277344 33.07388687133789 33.703712463378906 102.61046600341797 31.80339241027832 38.645118713378906 32.0654411315918 32.07779312133789 32.23139190673828 32.10249710083008 32.48294448852539 32.346527099609375 32.47868728637695 
65.51628875732422 32.93836975097656 32.37811279296875 32.29206466674805 34.19257736206055 33.51910400390625 32.93718338012695 75.18348693847656 39.40147018432617 31.903520584106445 32.14966583251953 32.32831954956055 32.56227111816406 32.11529541015625 32.72079849243164 32.075199127197266 
70.73350524902344 31.754016876220703 32.22652816772461 33.549537658691406 32.87980651855469 33.0120964050293 33.70051193237305 108.15245056152344 39.76134490966797 32.31059265136719 32.79542541503906 32.022430419921875 32.55683135986328 32.2369270324707 32.22025680541992 32.88249588012695 
79.08879852294922 32.316768646240234 32.809696197509766 33.379425048828125 32.895294189453125 32.785343170166016 98.60118103027344 31.713632583618164 38.5643196105957 31.8985595703125 32.605438232421875 32.98969650268555 32.10054397583008 32.52073669433594 32.82380676269531 32.709598541259766 
83.39539337158203 31.96771240234375 32.990047454833984 33.073760986328125 33.928897857666016 33.34128189086914 115.49935913085938 31.719968795776367 39.7789421081543 32.06953430175781 32.412254333496094 32.16486358642578 32.29151916503906 32.170623779296875 32.07299041748047 32.723392486572266 
87.54377746582031 31.890399932861328 31.854944229125977 31.95916748046875 33.31244659423828 33.96073532104492 123.33535766601562 31.58064079284668 39.6596794128418 32.093505859375 32.258880615234375 32.654239654541016 32.042335510253906 32.073760986328125 32.16851043701172 33.01523208618164 
68.7254409790039 32.27542495727539 33.1984977722168 32.97840118408203 33.45452880859375 33.04828643798828 33.07302474975586 103.16015625 39.279518127441406 31.98031997680664 32.34902572631836 32.59532928466797 32.21200180053711 32.26172637939453 33.32831954956055 32.141632080078125 
74.8554916381836 31.81046485900879 31.74448013305664 32.71654510498047 33.13932800292969 32.99305725097656 32.95616149902344 105.55779266357422 39.944095611572266 32.34009552001953 32.66115188598633 32.26105499267578 33.682369232177734 31.9638729095459 33.408287048339844 32.24127960205078 
69.6714859008789 32.1577262878418 33.18880081176758 33.658206939697266 32.91155242919922 32.665313720703125 33.87254333496094 99.58204650878906 37.95996856689453 32.07503890991211 32.15827178955078 32.665409088134766 31.9913272857666 32.92860794067383 32.28153610229492 32.167903900146484 
70.73907470703125 32.377281188964844 32.40652847290039 33.156959533691406 33.54380798339844 32.99958419799805 32.908447265625 108.1181411743164 38.87958526611328 31.96294403076172 32.13603210449219 32.4640007019043 32.413055419921875 32.21286392211914 32.3034553527832 32.61827087402344 
